dataset,fold,model,seed,score_stage,n,frauds,q,alerts,tp,recall,precision,cost,boundary_score,above_tp,tie_n,tie_frauds,remaining,tp_min,tp_max,tp_expectation,split_tie,range_type
paysim,1,P0,42,raw,642661,498,0.01,6427,105,0.21084337349397592,0.016337326902131633,45622,0.0027393956893403816,105,210,0,20,105,105,105.0,True,offline_attainable_single_model_not_CI
paysim,1,P0,42,raw,642661,498,0.03,19280,156,0.3132530120481928,0.008091286307053943,53324,0.0019436027732299918,151,2001,6,1469,151,157,155.4047976011994,True,offline_attainable_single_model_not_CI
paysim,1,P0,42,raw,642661,498,0.05,32134,207,0.41566265060240964,0.0064417750669073254,61027,0.0014852661861889124,206,345,4,198,206,210,208.29565217391306,True,offline_attainable_single_model_not_CI
paysim,1,P0,42,raw,642661,498,0.1,64267,366,0.7349397590361446,0.0056949912085518225,77101,0.0006580470017238907,366,926,1,34,366,367,366.036717062635,True,offline_attainable_single_model_not_CI
paysim,1,P0,42,clipped,642661,498,0.01,6427,105,0.21084337349397592,0.016337326902131633,45622,0.0027393956893403816,105,210,0,20,105,105,105.0,True,offline_attainable_single_model_not_CI
paysim,1,P0,42,clipped,642661,498,0.03,19280,156,0.3132530120481928,0.008091286307053943,53324,0.0019436027732299918,151,2001,6,1469,151,157,155.4047976011994,True,offline_attainable_single_model_not_CI
paysim,1,P0,42,clipped,642661,498,0.05,32134,207,0.41566265060240964,0.0064417750669073254,61027,0.0014852661861889124,206,345,4,198,206,210,208.29565217391306,True,offline_attainable_single_model_not_CI
paysim,1,P0,42,clipped,642661,498,0.1,64267,366,0.7349397590361446,0.0056949912085518225,77101,0.0006580470017238907,366,926,1,34,366,367,366.036717062635,True,offline_attainable_single_model_not_CI
paysim,1,P0,42,platt,642661,498,0.01,6427,105,0.21084337349397592,0.016337326902131633,45622,0.003330094505007456,105,210,0,20,105,105,105.0,True,offline_attainable_single_model_not_CI
paysim,1,P0,42,platt,642661,498,0.03,19280,156,0.3132530120481928,0.008091286307053943,53324,0.002817829384889688,151,2001,6,1469,151,157,155.4047976011994,True,offline_attainable_single_model_not_CI
paysim,1,P0,42,platt,642661,498,0.05,32134,207,0.41566265060240964,0.0064417750669073254,61027,0.0024721616903533444,206,345,4,198,206,210,208.29565217391306,True,offline_attainable_single_model_not_CI
paysim,1,P0,42,platt,642661,498,0.1,64267,366,0.7349397590361446,0.0056949912085518225,77101,0.0016636103767564878,366,926,1,34,366,367,366.036717062635,True,offline_attainable_single_model_not_CI
paysim,1,P0,52,raw,642661,498,0.01,6427,43,0.08634538152610442,0.0066905243503967635,51884,0.005579534152737977,24,2039,67,581,24,91,43.0912211868563,True,offline_attainable_single_model_not_CI
paysim,1,P0,52,raw,642661,498,0.03,19280,140,0.28112449799196787,0.007261410788381743,54940,0.0018893792994826848,140,376,1,207,140,141,140.5505319148936,True,offline_attainable_single_model_not_CI
paysim,1,P0,52,raw,642661,498,0.05,32134,195,0.39156626506024095,0.006068338831144582,62239,0.001352183098426012,188,3880,17,2647,188,205,199.59768041237112,True,offline_attainable_single_model_not_CI
paysim,1,P0,52,raw,642661,498,0.1,64267,296,0.5943775100401606,0.0046057852397031135,84171,0.0004350197396268932,296,462,0,451,296,296,296.0,True,offline_attainable_single_model_not_CI
paysim,1,P0,52,clipped,642661,498,0.01,6427,43,0.08634538152610442,0.0066905243503967635,51884,0.005579534152737977,24,2039,67,581,24,91,43.0912211868563,True,offline_attainable_single_model_not_CI
paysim,1,P0,52,clipped,642661,498,0.03,19280,140,0.28112449799196787,0.007261410788381743,54940,0.0018893792994826848,140,376,1,207,140,141,140.5505319148936,True,offline_attainable_single_model_not_CI
paysim,1,P0,52,clipped,642661,498,0.05,32134,195,0.39156626506024095,0.006068338831144582,62239,0.001352183098426012,188,3880,17,2647,188,205,199.59768041237112,True,offline_attainable_single_model_not_CI
paysim,1,P0,52,clipped,642661,498,0.1,64267,296,0.5943775100401606,0.0046057852397031135,84171,0.0004350197396268932,296,462,0,451,296,296,296.0,True,offline_attainable_single_model_not_CI
paysim,1,P0,52,platt,642661,498,0.01,6427,43,0.08634538152610442,0.0066905243503967635,51884,0.005185313712292,24,2039,67,581,24,91,43.0912211868563,True,offline_attainable_single_model_not_CI
paysim,1,P0,52,platt,642661,498,0.03,19280,140,0.28112449799196787,0.007261410788381743,54940,0.0032325271544693087,140,376,1,207,140,141,140.5505319148936,True,offline_attainable_single_model_not_CI
paysim,1,P0,52,platt,642661,498,0.05,32134,195,0.39156626506024095,0.006068338831144582,62239,0.0027937171290551136,188,3880,17,2647,188,205,199.59768041237112,True,offline_attainable_single_model_not_CI
paysim,1,P0,52,platt,642661,498,0.1,64267,296,0.5943775100401606,0.0046057852397031135,84171,0.0017036668154741437,296,462,0,451,296,296,296.0,True,offline_attainable_single_model_not_CI
paysim,1,P0,62,raw,642661,498,0.01,6427,150,0.30120481927710846,0.023339038431616617,41077,0.005680851510705794,93,2183,67,1357,93,160,134.64864864864865,True,offline_attainable_single_model_not_CI
paysim,1,P0,62,raw,642661,498,0.03,19280,189,0.3795180722891566,0.009802904564315353,49991,0.0016332026968020428,189,317,0,289,189,189,189.0,True,offline_attainable_single_model_not_CI
paysim,1,P0,62,raw,642661,498,0.05,32134,233,0.4678714859437751,0.0072508869110599365,58401,0.0012825529562886739,227,1303,7,1141,227,234,233.12970069071375,True,offline_attainable_single_model_not_CI
paysim,1,P0,62,raw,642661,498,0.1,64267,340,0.6827309236947792,0.005290428991550873,79727,0.0005913324067430793,338,663,3,341,338,341,339.5429864253394,True,offline_attainable_single_model_not_CI
paysim,1,P0,62,clipped,642661,498,0.01,6427,150,0.30120481927710846,0.023339038431616617,41077,0.005680851510705794,93,2183,67,1357,93,160,134.64864864864865,True,offline_attainable_single_model_not_CI
paysim,1,P0,62,clipped,642661,498,0.03,19280,189,0.3795180722891566,0.009802904564315353,49991,0.0016332026968020428,189,317,0,289,189,189,189.0,True,offline_attainable_single_model_not_CI
paysim,1,P0,62,clipped,642661,498,0.05,32134,233,0.4678714859437751,0.0072508869110599365,58401,0.0012825529562886739,227,1303,7,1141,227,234,233.12970069071375,True,offline_attainable_single_model_not_CI
paysim,1,P0,62,clipped,642661,498,0.1,64267,340,0.6827309236947792,0.005290428991550873,79727,0.0005913324067430793,338,663,3,341,338,341,339.5429864253394,True,offline_attainable_single_model_not_CI
paysim,1,P0,62,platt,642661,498,0.01,6427,150,0.30120481927710846,0.023339038431616617,41077,0.007997334564064925,93,2183,67,1357,93,160,134.64864864864865,True,offline_attainable_single_model_not_CI
paysim,1,P0,62,platt,642661,498,0.03,19280,189,0.3795180722891566,0.009802904564315353,49991,0.003631809595359688,189,317,0,289,189,189,189.0,True,offline_attainable_single_model_not_CI
paysim,1,P0,62,platt,642661,498,0.05,32134,233,0.4678714859437751,0.0072508869110599365,58401,0.003116232490349815,227,1303,7,1141,227,234,233.12970069071375,True,offline_attainable_single_model_not_CI
paysim,1,P0,62,platt,642661,498,0.1,64267,340,0.6827309236947792,0.005290428991550873,79727,0.0019078823141832008,338,663,3,341,338,341,339.5429864253394,True,offline_attainable_single_model_not_CI
paysim,1,P0,72,raw,642661,498,0.01,6427,90,0.18072289156626506,0.01400342305896997,47137,0.00445176896235659,89,1890,4,167,89,93,89.35343915343915,True,offline_attainable_single_model_not_CI
paysim,1,P0,72,raw,642661,498,0.03,19280,128,0.2570281124497992,0.006639004149377593,56152,0.0018973540273306228,127,279,1,261,127,128,127.93548387096774,True,offline_attainable_single_model_not_CI
paysim,1,P0,72,raw,642661,498,0.05,32134,165,0.3313253012048193,0.005134748241737723,65269,0.0013980074198501995,163,663,3,319,163,166,164.44343891402715,True,offline_attainable_single_model_not_CI
paysim,1,P0,72,raw,642661,498,0.1,64267,277,0.5562248995983936,0.004310143619587035,86090,0.0004669201619314241,277,638,2,443,277,279,278.3887147335423,True,offline_attainable_single_model_not_CI
paysim,1,P0,72,clipped,642661,498,0.01,6427,90,0.18072289156626506,0.01400342305896997,47137,0.00445176896235659,89,1890,4,167,89,93,89.35343915343915,True,offline_attainable_single_model_not_CI
paysim,1,P0,72,clipped,642661,498,0.03,19280,128,0.2570281124497992,0.006639004149377593,56152,0.0018973540273306228,127,279,1,261,127,128,127.93548387096774,True,offline_attainable_single_model_not_CI
paysim,1,P0,72,clipped,642661,498,0.05,32134,165,0.3313253012048193,0.005134748241737723,65269,0.0013980074198501995,163,663,3,319,163,166,164.44343891402715,True,offline_attainable_single_model_not_CI
paysim,1,P0,72,clipped,642661,498,0.1,64267,277,0.5562248995983936,0.004310143619587035,86090,0.0004669201619314241,277,638,2,443,277,279,278.3887147335423,True,offline_attainable_single_model_not_CI
paysim,1,P0,72,platt,642661,498,0.01,6427,90,0.18072289156626506,0.01400342305896997,47137,0.003043495179626663,89,1890,4,167,89,93,89.35343915343915,True,offline_attainable_single_model_not_CI
paysim,1,P0,72,platt,642661,498,0.03,19280,128,0.2570281124497992,0.006639004149377593,56152,0.0022604443305842556,127,279,1,261,127,128,127.93548387096774,True,offline_attainable_single_model_not_CI
paysim,1,P0,72,platt,642661,498,0.05,32134,165,0.3313253012048193,0.005134748241737723,65269,0.0020322344944689904,163,663,3,319,163,166,164.44343891402715,True,offline_attainable_single_model_not_CI
paysim,1,P0,72,platt,642661,498,0.1,64267,277,0.5562248995983936,0.004310143619587035,86090,0.0013869680154712921,277,638,2,443,277,279,278.3887147335423,True,offline_attainable_single_model_not_CI
paysim,1,P0,82,raw,642661,498,0.01,6427,85,0.1706827309236948,0.013225455111249416,47642,0.004883716032195557,85,1359,0,783,85,85,85.0,True,offline_attainable_single_model_not_CI
paysim,1,P0,82,raw,642661,498,0.03,19280,185,0.3714859437751004,0.009595435684647304,50395,0.0020134642843194165,124,2168,67,1518,124,191,170.91236162361622,True,offline_attainable_single_model_not_CI
paysim,1,P0,82,raw,642661,498,0.05,32134,247,0.4959839357429719,0.0076865625194498036,56987,0.0015401968163811749,247,585,1,43,247,248,247.07350427350428,True,offline_attainable_single_model_not_CI
paysim,1,P0,82,raw,642661,498,0.1,64267,335,0.6726907630522089,0.005212628565204537,80232,0.00031904311260685134,334,434,1,397,334,335,334.9147465437788,True,offline_attainable_single_model_not_CI
paysim,1,P0,82,clipped,642661,498,0.01,6427,85,0.1706827309236948,0.013225455111249416,47642,0.004883716032195557,85,1359,0,783,85,85,85.0,True,offline_attainable_single_model_not_CI
paysim,1,P0,82,clipped,642661,498,0.03,19280,185,0.3714859437751004,0.009595435684647304,50395,0.0020134642843194165,124,2168,67,1518,124,191,170.91236162361622,True,offline_attainable_single_model_not_CI
paysim,1,P0,82,clipped,642661,498,0.05,32134,247,0.4959839357429719,0.0076865625194498036,56987,0.0015401968163811749,247,585,1,43,247,248,247.07350427350428,True,offline_attainable_single_model_not_CI
paysim,1,P0,82,clipped,642661,498,0.1,64267,335,0.6726907630522089,0.005212628565204537,80232,0.00031904311260685134,334,434,1,397,334,335,334.9147465437788,True,offline_attainable_single_model_not_CI
paysim,1,P0,82,platt,642661,498,0.01,6427,85,0.1706827309236948,0.013225455111249416,47642,0.006304782244182417,85,1359,0,783,85,85,85.0,True,offline_attainable_single_model_not_CI
paysim,1,P0,82,platt,642661,498,0.03,19280,185,0.3714859437751004,0.009595435684647304,50395,0.0038383212871803923,124,2168,67,1518,124,191,170.91236162361622,True,offline_attainable_single_model_not_CI
paysim,1,P0,82,platt,642661,498,0.05,32134,247,0.4959839357429719,0.0076865625194498036,56987,0.0033034552233374742,247,585,1,43,247,248,247.07350427350428,True,offline_attainable_single_model_not_CI
paysim,1,P0,82,platt,642661,498,0.1,64267,335,0.6726907630522089,0.005212628565204537,80232,0.0013673962116748477,334,434,1,397,334,335,334.9147465437788,True,offline_attainable_single_model_not_CI
paysim,1,PT,42,raw,642661,498,0.01,6427,170,0.3413654618473896,0.026450910222498833,39057,0.006650215497032347,170,139,0,114,170,170,170.0,True,offline_attainable_single_model_not_CI
paysim,1,PT,42,raw,642661,498,0.03,19280,229,0.4598393574297189,0.01187759336099585,45951,0.002468380345034735,229,62,0,23,229,229,229.0,True,offline_attainable_single_model_not_CI
paysim,1,PT,42,raw,642661,498,0.05,32134,259,0.5200803212851406,0.008059998755212548,55775,0.0016596801325843217,259,36,0,30,259,259,259.0,True,offline_attainable_single_model_not_CI
paysim,1,PT,42,raw,642661,498,0.1,64267,323,0.6485943775100401,0.00502590754197333,81444,0.0011355461513576426,323,201,0,192,323,323,323.0,True,offline_attainable_single_model_not_CI
paysim,1,PT,42,clipped,642661,498,0.01,6427,170,0.3413654618473896,0.026450910222498833,39057,0.006650215497032347,170,139,0,114,170,170,170.0,True,offline_attainable_single_model_not_CI
paysim,1,PT,42,clipped,642661,498,0.03,19280,229,0.4598393574297189,0.01187759336099585,45951,0.002468380345034735,229,62,0,23,229,229,229.0,True,offline_attainable_single_model_not_CI
paysim,1,PT,42,clipped,642661,498,0.05,32134,259,0.5200803212851406,0.008059998755212548,55775,0.0016596801325843217,259,36,0,30,259,259,259.0,True,offline_attainable_single_model_not_CI
paysim,1,PT,42,clipped,642661,498,0.1,64267,323,0.6485943775100401,0.00502590754197333,81444,0.0011355461513576426,323,201,0,192,323,323,323.0,True,offline_attainable_single_model_not_CI
paysim,1,PT,42,platt,642661,498,0.01,6427,170,0.3413654618473896,0.026450910222498833,39057,0.0035526617245586756,170,139,0,114,170,170,170.0,True,offline_attainable_single_model_not_CI
paysim,1,PT,42,platt,642661,498,0.03,19280,229,0.4598393574297189,0.01187759336099585,45951,0.002390322403440854,229,62,0,23,229,229,229.0,True,offline_attainable_single_model_not_CI
paysim,1,PT,42,platt,642661,498,0.05,32134,259,0.5200803212851406,0.008059998755212548,55775,0.0020400049816352217,259,36,0,30,259,259,259.0,True,offline_attainable_single_model_not_CI
paysim,1,PT,42,platt,642661,498,0.1,64267,323,0.6485943775100401,0.00502590754197333,81444,0.0017532741378462492,323,201,0,192,323,323,323.0,True,offline_attainable_single_model_not_CI
paysim,1,PT,52,raw,642661,498,0.01,6427,239,0.4799196787148594,0.037186867901042475,32088,0.007822784426107957,239,287,0,87,239,239,239.0,True,offline_attainable_single_model_not_CI
paysim,1,PT,52,raw,642661,498,0.03,19280,299,0.6004016064257028,0.015508298755186722,38881,0.0025960221480536127,299,24,0,10,299,299,299.0,True,offline_attainable_single_model_not_CI
paysim,1,PT,52,raw,642661,498,0.05,32134,337,0.6767068273092369,0.01048733428767038,47897,0.0018468524535173204,337,73,0,54,337,337,337.0,True,offline_attainable_single_model_not_CI
paysim,1,PT,52,raw,642661,498,0.1,64267,399,0.8012048192771084,0.006208474022437643,73768,0.0007189180658766385,399,225,0,169,399,399,399.0,True,offline_attainable_single_model_not_CI
paysim,1,PT,52,clipped,642661,498,0.01,6427,239,0.4799196787148594,0.037186867901042475,32088,0.007822784426107957,239,287,0,87,239,239,239.0,True,offline_attainable_single_model_not_CI
paysim,1,PT,52,clipped,642661,498,0.03,19280,299,0.6004016064257028,0.015508298755186722,38881,0.0025960221480536127,299,24,0,10,299,299,299.0,True,offline_attainable_single_model_not_CI
paysim,1,PT,52,clipped,642661,498,0.05,32134,337,0.6767068273092369,0.01048733428767038,47897,0.0018468524535173204,337,73,0,54,337,337,337.0,True,offline_attainable_single_model_not_CI
paysim,1,PT,52,clipped,642661,498,0.1,64267,399,0.8012048192771084,0.006208474022437643,73768,0.0007189180658766385,399,225,0,169,399,399,399.0,True,offline_attainable_single_model_not_CI
paysim,1,PT,52,platt,642661,498,0.01,6427,239,0.4799196787148594,0.037186867901042475,32088,0.005798973093022952,239,287,0,87,239,239,239.0,True,offline_attainable_single_model_not_CI
paysim,1,PT,52,platt,642661,498,0.03,19280,299,0.6004016064257028,0.015508298755186722,38881,0.0030093320570767955,299,24,0,10,299,299,299.0,True,offline_attainable_single_model_not_CI
paysim,1,PT,52,platt,642661,498,0.05,32134,337,0.6767068273092369,0.01048733428767038,47897,0.002458221437859605,337,73,0,54,337,337,337.0,True,offline_attainable_single_model_not_CI
paysim,1,PT,52,platt,642661,498,0.1,64267,399,0.8012048192771084,0.006208474022437643,73768,0.001403581816293662,399,225,0,169,399,399,399.0,True,offline_attainable_single_model_not_CI
paysim,1,PT,62,raw,642661,498,0.01,6427,204,0.40963855421686746,0.0317410922669986,35623,0.006967116203395113,204,154,0,73,204,204,204.0,True,offline_attainable_single_model_not_CI
paysim,1,PT,62,raw,642661,498,0.03,19280,266,0.5341365461847389,0.01379668049792531,42214,0.002322663999872354,266,230,0,17,266,266,266.0,True,offline_attainable_single_model_not_CI
paysim,1,PT,62,raw,642661,498,0.05,32134,298,0.5983935742971888,0.009273666521441465,51836,0.0015341772975336666,298,76,0,47,298,298,298.0,True,offline_attainable_single_model_not_CI
paysim,1,PT,62,raw,642661,498,0.1,64267,360,0.7228915662650602,0.0056016306969362195,77707,0.0005804481645501977,360,28,0,25,360,360,360.0,True,offline_attainable_single_model_not_CI
paysim,1,PT,62,clipped,642661,498,0.01,6427,204,0.40963855421686746,0.0317410922669986,35623,0.006967116203395113,204,154,0,73,204,204,204.0,True,offline_attainable_single_model_not_CI
paysim,1,PT,62,clipped,642661,498,0.03,19280,266,0.5341365461847389,0.01379668049792531,42214,0.002322663999872354,266,230,0,17,266,266,266.0,True,offline_attainable_single_model_not_CI
paysim,1,PT,62,clipped,642661,498,0.05,32134,298,0.5983935742971888,0.009273666521441465,51836,0.0015341772975336666,298,76,0,47,298,298,298.0,True,offline_attainable_single_model_not_CI
paysim,1,PT,62,clipped,642661,498,0.1,64267,360,0.7228915662650602,0.0056016306969362195,77707,0.0005804481645501977,360,28,0,25,360,360,360.0,True,offline_attainable_single_model_not_CI
paysim,1,PT,62,platt,642661,498,0.01,6427,204,0.40963855421686746,0.0317410922669986,35623,0.004125418875787928,204,154,0,73,204,204,204.0,True,offline_attainable_single_model_not_CI
paysim,1,PT,62,platt,642661,498,0.03,19280,266,0.5341365461847389,0.01379668049792531,42214,0.0024567627567687513,266,230,0,17,266,266,266.0,True,offline_attainable_single_model_not_CI
paysim,1,PT,62,platt,642661,498,0.05,32134,298,0.5983935742971888,0.009273666521441465,51836,0.002020653297997793,298,76,0,47,298,298,298.0,True,offline_attainable_single_model_not_CI
paysim,1,PT,62,platt,642661,498,0.1,64267,360,0.7228915662650602,0.0056016306969362195,77707,0.0012783409977736278,360,28,0,25,360,360,360.0,True,offline_attainable_single_model_not_CI
paysim,1,PT,72,raw,642661,498,0.01,6427,226,0.4538152610441767,0.03516415123696904,33401,0.006396770667807865,226,186,0,132,226,226,226.0,True,offline_attainable_single_model_not_CI
paysim,1,PT,72,raw,642661,498,0.03,19280,294,0.5903614457831325,0.01524896265560166,39386,0.0016045668631857113,294,73,1,27,294,295,294.36986301369865,True,offline_attainable_single_model_not_CI
paysim,1,PT,72,raw,642661,498,0.05,32134,329,0.6606425702811245,0.010238376797161884,48705,0.0010136843389302237,329,50,0,24,329,329,329.0,True,offline_attainable_single_model_not_CI
paysim,1,PT,72,raw,642661,498,0.1,64267,395,0.7931726907630522,0.006146233681360574,74172,0.00045620918758688364,395,50,0,20,395,395,395.0,True,offline_attainable_single_model_not_CI
paysim,1,PT,72,clipped,642661,498,0.01,6427,226,0.4538152610441767,0.03516415123696904,33401,0.006396770667807865,226,186,0,132,226,226,226.0,True,offline_attainable_single_model_not_CI
paysim,1,PT,72,clipped,642661,498,0.03,19280,294,0.5903614457831325,0.01524896265560166,39386,0.0016045668631857113,294,73,1,27,294,295,294.36986301369865,True,offline_attainable_single_model_not_CI
paysim,1,PT,72,clipped,642661,498,0.05,32134,329,0.6606425702811245,0.010238376797161884,48705,0.0010136843389302237,329,50,0,24,329,329,329.0,True,offline_attainable_single_model_not_CI
paysim,1,PT,72,clipped,642661,498,0.1,64267,395,0.7931726907630522,0.006146233681360574,74172,0.00045620918758688364,395,50,0,20,395,395,395.0,True,offline_attainable_single_model_not_CI
paysim,1,PT,72,platt,642661,498,0.01,6427,226,0.4538152610441767,0.03516415123696904,33401,0.004395303007369519,226,186,0,132,226,226,226.0,True,offline_attainable_single_model_not_CI
paysim,1,PT,72,platt,642661,498,0.03,19280,294,0.5903614457831325,0.01524896265560166,39386,0.0022499206427063338,294,73,1,27,294,295,294.36986301369865,True,offline_attainable_single_model_not_CI
paysim,1,PT,72,platt,642661,498,0.05,32134,329,0.6606425702811245,0.010238376797161884,48705,0.0018017062257706111,329,50,0,24,329,329,329.0,True,offline_attainable_single_model_not_CI
paysim,1,PT,72,platt,642661,498,0.1,64267,395,0.7931726907630522,0.006146233681360574,74172,0.0012245191024151565,395,50,0,20,395,395,395.0,True,offline_attainable_single_model_not_CI
paysim,1,PT,82,raw,642661,498,0.01,6427,247,0.4959839357429719,0.038431616617395366,31280,0.00545153649121499,247,123,0,64,247,247,247.0,True,offline_attainable_single_model_not_CI
paysim,1,PT,82,raw,642661,498,0.03,19280,312,0.6265060240963856,0.016182572614107885,37568,0.002380556158396314,312,36,1,23,312,313,312.6388888888889,True,offline_attainable_single_model_not_CI
paysim,1,PT,82,raw,642661,498,0.05,32134,345,0.6927710843373494,0.010736291778178876,47089,0.0017718507672929667,345,231,0,18,345,345,345.0,True,offline_attainable_single_model_not_CI
paysim,1,PT,82,raw,642661,498,0.1,64267,402,0.8072289156626506,0.006255154278245445,73465,0.0008945320179460094,402,110,0,29,402,402,402.0,True,offline_attainable_single_model_not_CI
paysim,1,PT,82,clipped,642661,498,0.01,6427,247,0.4959839357429719,0.038431616617395366,31280,0.00545153649121499,247,123,0,64,247,247,247.0,True,offline_attainable_single_model_not_CI
paysim,1,PT,82,clipped,642661,498,0.03,19280,312,0.6265060240963856,0.016182572614107885,37568,0.002380556158396314,312,36,1,23,312,313,312.6388888888889,True,offline_attainable_single_model_not_CI
paysim,1,PT,82,clipped,642661,498,0.05,32134,345,0.6927710843373494,0.010736291778178876,47089,0.0017718507672929667,345,231,0,18,345,345,345.0,True,offline_attainable_single_model_not_CI
paysim,1,PT,82,clipped,642661,498,0.1,64267,402,0.8072289156626506,0.006255154278245445,73465,0.0008945320179460094,402,110,0,29,402,402,402.0,True,offline_attainable_single_model_not_CI
paysim,1,PT,82,platt,642661,498,0.01,6427,247,0.4959839357429719,0.038431616617395366,31280,0.003330757013490439,247,123,0,64,247,247,247.0,True,offline_attainable_single_model_not_CI
paysim,1,PT,82,platt,642661,498,0.03,19280,312,0.6265060240963856,0.016182572614107885,37568,0.0022668457236676132,312,36,1,23,312,313,312.6388888888889,True,offline_attainable_single_model_not_CI
paysim,1,PT,82,platt,642661,498,0.05,32134,345,0.6927710843373494,0.010736291778178876,47089,0.0019765955464621605,345,231,0,18,345,345,345.0,True,offline_attainable_single_model_not_CI
paysim,1,PT,82,platt,642661,498,0.1,64267,402,0.8072289156626506,0.006255154278245445,73465,0.0014396174449897946,402,110,0,29,402,402,402.0,True,offline_attainable_single_model_not_CI
paysim,1,PH,42,raw,642661,498,0.01,6427,298,0.5983935742971888,0.04636688968414501,26129,0.011508063647933664,265,2259,57,1356,265,322,299.2151394422311,True,offline_attainable_single_model_not_CI
paysim,1,PH,42,raw,642661,498,0.03,19280,352,0.7068273092369478,0.018257261410788383,33528,0.0005022246610957479,351,1100,2,528,351,353,351.96,True,offline_attainable_single_model_not_CI
paysim,1,PH,42,raw,642661,498,0.05,32134,362,0.7269076305220884,0.011265326445509429,45372,0.0004952736818970852,354,20931,19,11799,354,373,364.71047728249965,True,offline_attainable_single_model_not_CI
paysim,1,PH,42,raw,642661,498,0.1,64267,401,0.8052208835341366,0.006239594192976178,73566,0.00018221095330859133,396,7690,5,7630,396,401,400.96098829648895,True,offline_attainable_single_model_not_CI
paysim,1,PH,42,clipped,642661,498,0.01,6427,298,0.5983935742971888,0.04636688968414501,26129,0.011508063647933664,265,2259,57,1356,265,322,299.2151394422311,True,offline_attainable_single_model_not_CI
paysim,1,PH,42,clipped,642661,498,0.03,19280,352,0.7068273092369478,0.018257261410788383,33528,0.0005022246610957479,351,1100,2,528,351,353,351.96,True,offline_attainable_single_model_not_CI
paysim,1,PH,42,clipped,642661,498,0.05,32134,362,0.7269076305220884,0.011265326445509429,45372,0.0004952736818970852,354,20931,19,11799,354,373,364.71047728249965,True,offline_attainable_single_model_not_CI
paysim,1,PH,42,clipped,642661,498,0.1,64267,401,0.8052208835341366,0.006239594192976178,73566,0.00018221095330859133,396,7690,5,7630,396,401,400.96098829648895,True,offline_attainable_single_model_not_CI
paysim,1,PH,42,platt,642661,498,0.01,6427,298,0.5983935742971888,0.04636688968414501,26129,0.0037555447474579623,265,2259,57,1356,265,322,299.2151394422311,True,offline_attainable_single_model_not_CI
paysim,1,PH,42,platt,642661,498,0.03,19280,352,0.7068273092369478,0.018257261410788383,33528,0.0014214625973196335,351,1100,2,528,351,353,351.96,True,offline_attainable_single_model_not_CI
paysim,1,PH,42,platt,642661,498,0.05,32134,362,0.7269076305220884,0.011265326445509429,45372,0.001415342506370928,354,20931,19,11799,354,373,364.71047728249965,True,offline_attainable_single_model_not_CI
paysim,1,PH,42,platt,642661,498,0.1,64267,401,0.8052208835341366,0.006239594192976178,73566,0.0010385159031147742,396,7690,5,7630,396,401,400.96098829648895,True,offline_attainable_single_model_not_CI
paysim,1,PH,52,raw,642661,498,0.01,6427,314,0.6305220883534136,0.04885638711685079,24513,0.004611450131240387,309,445,9,87,309,318,310.75955056179777,True,offline_attainable_single_model_not_CI
paysim,1,PH,52,raw,642661,498,0.03,19280,344,0.6907630522088354,0.01784232365145228,34336,0.00029434084326297917,344,636,1,393,344,345,344.6179245283019,True,offline_attainable_single_model_not_CI
paysim,1,PH,52,raw,642661,498,0.05,32134,368,0.7389558232931727,0.0114520445633908,44766,0.00023096422887653663,364,20373,18,713,364,382,364.629951406273,True,offline_attainable_single_model_not_CI
paysim,1,PH,52,raw,642661,498,0.1,64267,388,0.7791164658634538,0.006037313084475703,74879,0.00018701085674412873,388,884,0,642,388,388,388.0,True,offline_attainable_single_model_not_CI
paysim,1,PH,52,clipped,642661,498,0.01,6427,314,0.6305220883534136,0.04885638711685079,24513,0.004611450131240387,309,445,9,87,309,318,310.75955056179777,True,offline_attainable_single_model_not_CI
paysim,1,PH,52,clipped,642661,498,0.03,19280,344,0.6907630522088354,0.01784232365145228,34336,0.00029434084326297917,344,636,1,393,344,345,344.6179245283019,True,offline_attainable_single_model_not_CI
paysim,1,PH,52,clipped,642661,498,0.05,32134,368,0.7389558232931727,0.0114520445633908,44766,0.00023096422887653663,364,20373,18,713,364,382,364.629951406273,True,offline_attainable_single_model_not_CI
paysim,1,PH,52,clipped,642661,498,0.1,64267,388,0.7791164658634538,0.006037313084475703,74879,0.00018701085674412873,388,884,0,642,388,388,388.0,True,offline_attainable_single_model_not_CI
paysim,1,PH,52,platt,642661,498,0.01,6427,314,0.6305220883534136,0.04885638711685079,24513,0.0027941395525723028,309,445,9,87,309,318,310.75955056179777,True,offline_attainable_single_model_not_CI
paysim,1,PH,52,platt,642661,498,0.03,19280,344,0.6907630522088354,0.01784232365145228,34336,0.0010744406744311633,344,636,1,393,344,345,344.6179245283019,True,offline_attainable_single_model_not_CI
paysim,1,PH,52,platt,642661,498,0.05,32134,368,0.7389558232931727,0.0114520445633908,44766,0.0009877007086913313,364,20373,18,713,364,382,364.629951406273,True,offline_attainable_single_model_not_CI
paysim,1,PH,52,platt,642661,498,0.1,64267,388,0.7791164658634538,0.006037313084475703,74879,0.0009179064947924738,388,884,0,642,388,388,388.0,True,offline_attainable_single_model_not_CI
paysim,1,PH,62,raw,642661,498,0.01,6427,257,0.5160642570281124,0.03998755251283647,30270,0.0070068593335528674,250,681,13,345,250,263,256.58590308370043,True,offline_attainable_single_model_not_CI
paysim,1,PH,62,raw,642661,498,0.03,19280,304,0.6104417670682731,0.015767634854771784,38376,0.00043417720218463503,299,23699,22,193,299,321,299.1791636777923,True,offline_attainable_single_model_not_CI
paysim,1,PH,62,raw,642661,498,0.05,32134,308,0.6184738955823293,0.009584863384577083,50826,0.00043417720218463503,299,23699,22,13047,299,321,311.11165028060253,True,offline_attainable_single_model_not_CI
paysim,1,PH,62,raw,642661,498,0.1,64267,341,0.6847389558232931,0.005305989076820141,79626,0.00026228673364727485,341,999,1,257,341,342,341.25725725725727,True,offline_attainable_single_model_not_CI
paysim,1,PH,62,clipped,642661,498,0.01,6427,257,0.5160642570281124,0.03998755251283647,30270,0.0070068593335528674,250,681,13,345,250,263,256.58590308370043,True,offline_attainable_single_model_not_CI
paysim,1,PH,62,clipped,642661,498,0.03,19280,304,0.6104417670682731,0.015767634854771784,38376,0.00043417720218463503,299,23699,22,193,299,321,299.1791636777923,True,offline_attainable_single_model_not_CI
paysim,1,PH,62,clipped,642661,498,0.05,32134,308,0.6184738955823293,0.009584863384577083,50826,0.00043417720218463503,299,23699,22,13047,299,321,311.11165028060253,True,offline_attainable_single_model_not_CI
paysim,1,PH,62,clipped,642661,498,0.1,64267,341,0.6847389558232931,0.005305989076820141,79626,0.00026228673364727485,341,999,1,257,341,342,341.25725725725727,True,offline_attainable_single_model_not_CI
paysim,1,PH,62,platt,642661,498,0.01,6427,257,0.5160642570281124,0.03998755251283647,30270,0.003046632998418562,250,681,13,345,250,263,256.58590308370043,True,offline_attainable_single_model_not_CI
paysim,1,PH,62,platt,642661,498,0.03,19280,304,0.6104417670682731,0.015767634854771784,38376,0.001283456401805705,299,23699,22,193,299,321,299.1791636777923,True,offline_attainable_single_model_not_CI
paysim,1,PH,62,platt,642661,498,0.05,32134,308,0.6184738955823293,0.009584863384577083,50826,0.001283456401805705,299,23699,22,13047,299,321,311.11165028060253,True,offline_attainable_single_model_not_CI
paysim,1,PH,62,platt,642661,498,0.1,64267,341,0.6847389558232931,0.005305989076820141,79626,0.0010975467877779844,341,999,1,257,341,342,341.25725725725727,True,offline_attainable_single_model_not_CI
paysim,1,PH,72,raw,642661,498,0.01,6427,227,0.45582329317269077,0.03531974482651315,33300,0.010841650722802099,227,100,1,26,227,228,227.26,True,offline_attainable_single_model_not_CI
paysim,1,PH,72,raw,642661,498,0.03,19280,299,0.6004016064257028,0.015508298755186722,38881,0.0005928457752411585,299,1225,1,153,299,300,299.12489795918367,True,offline_attainable_single_model_not_CI
paysim,1,PH,72,raw,642661,498,0.05,32134,380,0.7630522088353414,0.011825480799153545,43554,0.0003713701144755851,379,362,1,134,379,380,379.37016574585635,True,offline_attainable_single_model_not_CI
paysim,1,PH,72,raw,642661,498,0.1,64267,411,0.8253012048192772,0.00639519504566885,72556,0.0002792923774266963,395,19241,19,14229,395,414,409.0507769866431,True,offline_attainable_single_model_not_CI
paysim,1,PH,72,clipped,642661,498,0.01,6427,227,0.45582329317269077,0.03531974482651315,33300,0.010841650722802099,227,100,1,26,227,228,227.26,True,offline_attainable_single_model_not_CI
paysim,1,PH,72,clipped,642661,498,0.03,19280,299,0.6004016064257028,0.015508298755186722,38881,0.0005928457752411585,299,1225,1,153,299,300,299.12489795918367,True,offline_attainable_single_model_not_CI
paysim,1,PH,72,clipped,642661,498,0.05,32134,380,0.7630522088353414,0.011825480799153545,43554,0.0003713701144755851,379,362,1,134,379,380,379.37016574585635,True,offline_attainable_single_model_not_CI
paysim,1,PH,72,clipped,642661,498,0.1,64267,411,0.8253012048192772,0.00639519504566885,72556,0.0002792923774266963,395,19241,19,14229,395,414,409.0507769866431,True,offline_attainable_single_model_not_CI
paysim,1,PH,72,platt,642661,498,0.01,6427,227,0.45582329317269077,0.03531974482651315,33300,0.003743446242646166,227,100,1,26,227,228,227.26,True,offline_attainable_single_model_not_CI
paysim,1,PH,72,platt,642661,498,0.03,19280,299,0.6004016064257028,0.015508298755186722,38881,0.0014511226097663713,299,1225,1,153,299,300,299.12489795918367,True,offline_attainable_single_model_not_CI
paysim,1,PH,72,platt,642661,498,0.05,32134,380,0.7630522088353414,0.011825480799153545,43554,0.0012462265573594988,379,362,1,134,379,380,379.37016574585635,True,offline_attainable_single_model_not_CI
paysim,1,PH,72,platt,642661,498,0.1,64267,411,0.8253012048192772,0.00639519504566885,72556,0.0011358603048637304,395,19241,19,14229,395,414,409.0507769866431,True,offline_attainable_single_model_not_CI
paysim,1,PH,82,raw,642661,498,0.01,6427,219,0.4397590361445783,0.03407499611016026,34108,0.00982515309908294,205,2200,54,34,205,239,205.83454545454546,True,offline_attainable_single_model_not_CI
paysim,1,PH,82,raw,642661,498,0.03,19280,352,0.7068273092369478,0.018257261410788383,33528,0.0005717315096714389,347,3508,5,3344,347,352,351.7662485746864,True,offline_attainable_single_model_not_CI
paysim,1,PH,82,raw,642661,498,0.05,32134,364,0.7309236947791165,0.011327565818136553,45170,0.0005578169818687687,353,13872,11,12555,353,364,362.9556660899654,True,offline_attainable_single_model_not_CI
paysim,1,PH,82,raw,642661,498,0.1,64267,387,0.7771084337349398,0.0060217529992064355,74980,0.00011537666476317848,387,2123,0,1718,387,387,387.0,True,offline_attainable_single_model_not_CI
paysim,1,PH,82,clipped,642661,498,0.01,6427,219,0.4397590361445783,0.03407499611016026,34108,0.00982515309908294,205,2200,54,34,205,239,205.83454545454546,True,offline_attainable_single_model_not_CI
paysim,1,PH,82,clipped,642661,498,0.03,19280,352,0.7068273092369478,0.018257261410788383,33528,0.0005717315096714389,347,3508,5,3344,347,352,351.7662485746864,True,offline_attainable_single_model_not_CI
paysim,1,PH,82,clipped,642661,498,0.05,32134,364,0.7309236947791165,0.011327565818136553,45170,0.0005578169818687687,353,13872,11,12555,353,364,362.9556660899654,True,offline_attainable_single_model_not_CI
paysim,1,PH,82,clipped,642661,498,0.1,64267,387,0.7771084337349398,0.0060217529992064355,74980,0.00011537666476317848,387,2123,0,1718,387,387,387.0,True,offline_attainable_single_model_not_CI
paysim,1,PH,82,platt,642661,498,0.01,6427,219,0.4397590361445783,0.03407499611016026,34108,0.002905193171321134,205,2200,54,34,205,239,205.83454545454546,True,offline_attainable_single_model_not_CI
paysim,1,PH,82,platt,642661,498,0.03,19280,352,0.7068273092369478,0.018257261410788383,33528,0.0013242289760543474,347,3508,5,3344,347,352,351.7662485746864,True,offline_attainable_single_model_not_CI
paysim,1,PH,82,platt,642661,498,0.05,32134,364,0.7309236947791165,0.011327565818136553,45170,0.0013152642195669105,353,13872,11,12555,353,364,362.9556660899654,True,offline_attainable_single_model_not_CI
paysim,1,PH,82,platt,642661,498,0.1,64267,387,0.7771084337349398,0.0060217529992064355,74980,0.0008518010330571237,387,2123,0,1718,387,387,387.0,True,offline_attainable_single_model_not_CI
paysim,1,PTH,42,raw,642661,498,0.01,6427,324,0.6506024096385542,0.05041232301229189,23503,0.01192877638322014,320,404,5,282,320,325,323.490099009901,True,offline_attainable_single_model_not_CI
paysim,1,PTH,42,raw,642661,498,0.03,19280,392,0.7871485943775101,0.02033195020746888,29488,0.0005484647382228751,391,18341,8,540,391,399,391.2355378659833,True,offline_attainable_single_model_not_CI
paysim,1,PTH,42,raw,642661,498,0.05,32134,396,0.7951807228915663,0.012323395780170537,41938,0.0005484647382228751,391,18341,8,13394,391,399,396.84221143885287,True,offline_attainable_single_model_not_CI
paysim,1,PTH,42,raw,642661,498,0.1,64267,430,0.8634538152610441,0.006690836665784928,70637,0.00021570388273537588,430,18705,4,837,430,434,430.17898957497994,True,offline_attainable_single_model_not_CI
paysim,1,PTH,42,clipped,642661,498,0.01,6427,324,0.6506024096385542,0.05041232301229189,23503,0.01192877638322014,320,404,5,282,320,325,323.490099009901,True,offline_attainable_single_model_not_CI
paysim,1,PTH,42,clipped,642661,498,0.03,19280,392,0.7871485943775101,0.02033195020746888,29488,0.0005484647382228751,391,18341,8,540,391,399,391.2355378659833,True,offline_attainable_single_model_not_CI
paysim,1,PTH,42,clipped,642661,498,0.05,32134,396,0.7951807228915663,0.012323395780170537,41938,0.0005484647382228751,391,18341,8,13394,391,399,396.84221143885287,True,offline_attainable_single_model_not_CI
paysim,1,PTH,42,clipped,642661,498,0.1,64267,430,0.8634538152610441,0.006690836665784928,70637,0.00021570388273537588,430,18705,4,837,430,434,430.17898957497994,True,offline_attainable_single_model_not_CI
paysim,1,PTH,42,platt,642661,498,0.01,6427,324,0.6506024096385542,0.05041232301229189,23503,0.0024095663444100883,320,404,5,282,320,325,323.490099009901,True,offline_attainable_single_model_not_CI
paysim,1,PTH,42,platt,642661,498,0.03,19280,392,0.7871485943775101,0.02033195020746888,29488,0.0009296500881625697,391,18341,8,540,391,399,391.2355378659833,True,offline_attainable_single_model_not_CI
paysim,1,PTH,42,platt,642661,498,0.05,32134,396,0.7951807228915663,0.012323395780170537,41938,0.0009296500881625697,391,18341,8,13394,391,399,396.84221143885287,True,offline_attainable_single_model_not_CI
paysim,1,PTH,42,platt,642661,498,0.1,64267,430,0.8634538152610441,0.006690836665784928,70637,0.0006971169083608636,430,18705,4,837,430,434,430.17898957497994,True,offline_attainable_single_model_not_CI
paysim,1,PTH,52,raw,642661,498,0.01,6427,322,0.6465863453815262,0.05010113583320367,23705,0.006893593377174116,322,18,0,11,322,322,322.0,True,offline_attainable_single_model_not_CI
paysim,1,PTH,52,raw,642661,498,0.03,19280,373,0.748995983935743,0.019346473029045644,31407,0.0005595138414597604,373,290,0,268,373,373,373.0,True,offline_attainable_single_model_not_CI
paysim,1,PTH,52,raw,642661,498,0.05,32134,381,0.7650602409638554,0.011856600485467106,43453,0.00047800381901338365,380,8032,3,1692,380,383,380.6319721115538,True,offline_attainable_single_model_not_CI
paysim,1,PTH,52,raw,642661,498,0.1,64267,399,0.8012048192771084,0.006208474022437643,73768,0.0003833071164410008,399,27,0,17,399,399,399.0,True,offline_attainable_single_model_not_CI
paysim,1,PTH,52,clipped,642661,498,0.01,6427,322,0.6465863453815262,0.05010113583320367,23705,0.006893593377174116,322,18,0,11,322,322,322.0,True,offline_attainable_single_model_not_CI
paysim,1,PTH,52,clipped,642661,498,0.03,19280,373,0.748995983935743,0.019346473029045644,31407,0.0005595138414597604,373,290,0,268,373,373,373.0,True,offline_attainable_single_model_not_CI
paysim,1,PTH,52,clipped,642661,498,0.05,32134,381,0.7650602409638554,0.011856600485467106,43453,0.00047800381901338365,380,8032,3,1692,380,383,380.6319721115538,True,offline_attainable_single_model_not_CI
paysim,1,PTH,52,clipped,642661,498,0.1,64267,399,0.8012048192771084,0.006208474022437643,73768,0.0003833071164410008,399,27,0,17,399,399,399.0,True,offline_attainable_single_model_not_CI
paysim,1,PTH,52,platt,642661,498,0.01,6427,322,0.6465863453815262,0.05010113583320367,23705,0.00261844334471922,322,18,0,11,322,322,322.0,True,offline_attainable_single_model_not_CI
paysim,1,PTH,52,platt,642661,498,0.03,19280,373,0.748995983935743,0.019346473029045644,31407,0.0010793046527956033,373,290,0,268,373,373,373.0,True,offline_attainable_single_model_not_CI
paysim,1,PTH,52,platt,642661,498,0.05,32134,381,0.7650602409638554,0.011856600485467106,43453,0.0010210428078776246,380,8032,3,1692,380,383,380.6319721115538,True,offline_attainable_single_model_not_CI
paysim,1,PTH,52,platt,642661,498,0.1,64267,399,0.8012048192771084,0.006208474022437643,73768,0.0009446056154773405,399,27,0,17,399,399,399.0,True,offline_attainable_single_model_not_CI
paysim,1,PTH,62,raw,642661,498,0.01,6427,322,0.6465863453815262,0.05010113583320367,23705,0.004878817197568307,299,1782,26,1765,308,325,324.7519640852974,True,offline_attainable_single_model_not_CI
paysim,1,PTH,62,raw,642661,498,0.03,19280,358,0.7188755020080321,0.018568464730290456,32922,0.0006727784236074195,355,25366,13,6402,355,368,358.28100607111884,True,offline_attainable_single_model_not_CI
paysim,1,PTH,62,raw,642661,498,0.05,32134,365,0.7329317269076305,0.011358685504450116,45069,0.0006727784236074195,355,25366,13,19256,355,368,364.86864306552076,True,offline_attainable_single_model_not_CI
paysim,1,PTH,62,raw,642661,498,0.1,64267,393,0.7891566265060241,0.006115113510822039,74374,0.0004106518295700329,384,60928,26,15054,384,410,390.42404149159665,True,offline_attainable_single_model_not_CI
paysim,1,PTH,62,clipped,642661,498,0.01,6427,322,0.6465863453815262,0.05010113583320367,23705,0.004878817197568307,299,1782,26,1765,308,325,324.7519640852974,True,offline_attainable_single_model_not_CI
paysim,1,PTH,62,clipped,642661,498,0.03,19280,358,0.7188755020080321,0.018568464730290456,32922,0.0006727784236074195,355,25366,13,6402,355,368,358.28100607111884,True,offline_attainable_single_model_not_CI
paysim,1,PTH,62,clipped,642661,498,0.05,32134,365,0.7329317269076305,0.011358685504450116,45069,0.0006727784236074195,355,25366,13,19256,355,368,364.86864306552076,True,offline_attainable_single_model_not_CI
paysim,1,PTH,62,clipped,642661,498,0.1,64267,393,0.7891566265060241,0.006115113510822039,74374,0.0004106518295700329,384,60928,26,15054,384,410,390.42404149159665,True,offline_attainable_single_model_not_CI
paysim,1,PTH,62,platt,642661,498,0.01,6427,322,0.6465863453815262,0.05010113583320367,23705,0.0019575737008446486,299,1782,26,1765,308,325,324.7519640852974,True,offline_attainable_single_model_not_CI
paysim,1,PTH,62,platt,642661,498,0.03,19280,358,0.7188755020080321,0.018568464730290456,32922,0.001147696483978201,355,25366,13,6402,355,368,358.28100607111884,True,offline_attainable_single_model_not_CI
paysim,1,PTH,62,platt,642661,498,0.05,32134,365,0.7329317269076305,0.011358685504450116,45069,0.001147696483978201,355,25366,13,19256,355,368,364.86864306552076,True,offline_attainable_single_model_not_CI
paysim,1,PTH,62,platt,642661,498,0.1,64267,393,0.7891566265060241,0.006115113510822039,74374,0.0010048768180144277,384,60928,26,15054,384,410,390.42404149159665,True,offline_attainable_single_model_not_CI
paysim,1,PTH,72,raw,642661,498,0.01,6427,310,0.6224899598393574,0.048234012758674345,24917,0.010360471726775533,307,601,5,214,307,312,308.7803660565724,True,offline_attainable_single_model_not_CI
paysim,1,PTH,72,raw,642661,498,0.03,19280,370,0.7429718875502008,0.019190871369294607,31710,0.00036777365823643514,370,789,0,469,370,370,370.0,True,offline_attainable_single_model_not_CI
paysim,1,PTH,72,raw,642661,498,0.05,32134,376,0.7550200803212851,0.011701002053899297,43958,0.0003498853005106589,372,13126,4,10387,372,376,375.1653207374676,True,offline_attainable_single_model_not_CI
paysim,1,PTH,72,raw,642661,498,0.1,64267,416,0.8353413654618473,0.006472995472015187,72051,0.00017771326880297448,416,90,0,68,416,416,416.0,True,offline_attainable_single_model_not_CI
paysim,1,PTH,72,clipped,642661,498,0.01,6427,310,0.6224899598393574,0.048234012758674345,24917,0.010360471726775533,307,601,5,214,307,312,308.7803660565724,True,offline_attainable_single_model_not_CI
paysim,1,PTH,72,clipped,642661,498,0.03,19280,370,0.7429718875502008,0.019190871369294607,31710,0.00036777365823643514,370,789,0,469,370,370,370.0,True,offline_attainable_single_model_not_CI
paysim,1,PTH,72,clipped,642661,498,0.05,32134,376,0.7550200803212851,0.011701002053899297,43958,0.0003498853005106589,372,13126,4,10387,372,376,375.1653207374676,True,offline_attainable_single_model_not_CI
paysim,1,PTH,72,clipped,642661,498,0.1,64267,416,0.8353413654618473,0.006472995472015187,72051,0.00017771326880297448,416,90,0,68,416,416,416.0,True,offline_attainable_single_model_not_CI
paysim,1,PTH,72,platt,642661,498,0.01,6427,310,0.6224899598393574,0.048234012758674345,24917,0.00305106980117106,307,601,5,214,307,312,308.7803660565724,True,offline_attainable_single_model_not_CI
paysim,1,PTH,72,platt,642661,498,0.03,19280,370,0.7429718875502008,0.019190871369294607,31710,0.0010195829402114857,370,789,0,469,370,370,370.0,True,offline_attainable_single_model_not_CI
paysim,1,PTH,72,platt,642661,498,0.05,32134,376,0.7550200803212851,0.011701002053899297,43958,0.0010030559282283224,372,13126,4,10387,372,376,375.1653207374676,True,offline_attainable_single_model_not_CI
paysim,1,PTH,72,platt,642661,498,0.1,64267,416,0.8353413654618473,0.006472995472015187,72051,0.000803338061254016,416,90,0,68,416,416,416.0,True,offline_attainable_single_model_not_CI
paysim,1,PTH,82,raw,642661,498,0.01,6427,364,0.7309236947791165,0.056636066594056324,19463,0.006962490807873822,364,1,0,1,364,364,364.0,False,offline_attainable_single_model_not_CI
paysim,1,PTH,82,raw,642661,498,0.03,19280,402,0.8072289156626506,0.020850622406639003,28478,0.0007072068870447635,402,3522,0,183,402,402,402.0,True,offline_attainable_single_model_not_CI
paysim,1,PTH,82,raw,642661,498,0.05,32134,409,0.821285140562249,0.012727951702246842,40625,0.0006392929657728078,408,3599,1,1383,408,409,408.38427340928035,True,offline_attainable_single_model_not_CI
paysim,1,PTH,82,raw,642661,498,0.1,64267,438,0.8795180722891566,0.006815317347939067,69829,0.000374843747780636,437,11977,2,6098,437,439,438.0182850463388,True,offline_attainable_single_model_not_CI
paysim,1,PTH,82,clipped,642661,498,0.01,6427,364,0.7309236947791165,0.056636066594056324,19463,0.006962490807873822,364,1,0,1,364,364,364.0,False,offline_attainable_single_model_not_CI
paysim,1,PTH,82,clipped,642661,498,0.03,19280,402,0.8072289156626506,0.020850622406639003,28478,0.0007072068870447635,402,3522,0,183,402,402,402.0,True,offline_attainable_single_model_not_CI
paysim,1,PTH,82,clipped,642661,498,0.05,32134,409,0.821285140562249,0.012727951702246842,40625,0.0006392929657728078,408,3599,1,1383,408,409,408.38427340928035,True,offline_attainable_single_model_not_CI
paysim,1,PTH,82,clipped,642661,498,0.1,64267,438,0.8795180722891566,0.006815317347939067,69829,0.000374843747780636,437,11977,2,6098,437,439,438.0182850463388,True,offline_attainable_single_model_not_CI
paysim,1,PTH,82,platt,642661,498,0.01,6427,364,0.7309236947791165,0.056636066594056324,19463,0.0026300624943009017,364,1,0,1,364,364,364.0,False,offline_attainable_single_model_not_CI
paysim,1,PTH,82,platt,642661,498,0.03,19280,402,0.8072289156626506,0.020850622406639003,28478,0.0011591988498813597,402,3522,0,183,402,402,402.0,True,offline_attainable_single_model_not_CI
paysim,1,PTH,82,platt,642661,498,0.05,32134,409,0.821285140562249,0.012727951702246842,40625,0.0011180792931888923,408,3599,1,1383,408,409,408.38427340928035,True,offline_attainable_single_model_not_CI
paysim,1,PTH,82,platt,642661,498,0.1,64267,438,0.8795180722891566,0.006815317347939067,69829,0.0009237131888795647,437,11977,2,6098,437,439,438.0182850463388,True,offline_attainable_single_model_not_CI
paysim,1,PTHW,42,raw,642661,498,0.01,6427,339,0.6807228915662651,0.052746226855453555,21988,0.015222260688218131,339,98,0,77,339,339,339.0,True,offline_attainable_single_model_not_CI
paysim,1,PTHW,42,raw,642661,498,0.03,19280,380,0.7630522088353414,0.01970954356846473,30700,0.0007192243071799139,378,18495,7,5288,378,385,380.0014057853474,True,offline_attainable_single_model_not_CI
paysim,1,PTHW,42,raw,642661,498,0.05,32134,385,0.7730923694779116,0.011981079230721354,43049,0.0007192243071799139,378,18495,7,18142,378,385,384.8663963233306,True,offline_attainable_single_model_not_CI
paysim,1,PTHW,42,raw,642661,498,0.1,64267,416,0.8353413654618473,0.006472995472015187,72051,0.0002730606895168881,416,12485,4,816,416,420,416.26143372046454,True,offline_attainable_single_model_not_CI
paysim,1,PTHW,42,clipped,642661,498,0.01,6427,339,0.6807228915662651,0.052746226855453555,21988,0.015222260688218131,339,98,0,77,339,339,339.0,True,offline_attainable_single_model_not_CI
paysim,1,PTHW,42,clipped,642661,498,0.03,19280,380,0.7630522088353414,0.01970954356846473,30700,0.0007192243071799139,378,18495,7,5288,378,385,380.0014057853474,True,offline_attainable_single_model_not_CI
paysim,1,PTHW,42,clipped,642661,498,0.05,32134,385,0.7730923694779116,0.011981079230721354,43049,0.0007192243071799139,378,18495,7,18142,378,385,384.8663963233306,True,offline_attainable_single_model_not_CI
paysim,1,PTHW,42,clipped,642661,498,0.1,64267,416,0.8353413654618473,0.006472995472015187,72051,0.0002730606895168881,416,12485,4,816,416,420,416.26143372046454,True,offline_attainable_single_model_not_CI
paysim,1,PTHW,42,platt,642661,498,0.01,6427,339,0.6807228915662651,0.052746226855453555,21988,0.0024428457002857226,339,98,0,77,339,339,339.0,True,offline_attainable_single_model_not_CI
paysim,1,PTHW,42,platt,642661,498,0.03,19280,380,0.7630522088353414,0.01970954356846473,30700,0.001029386426556696,378,18495,7,5288,378,385,380.0014057853474,True,offline_attainable_single_model_not_CI
paysim,1,PTHW,42,platt,642661,498,0.05,32134,385,0.7730923694779116,0.011981079230721354,43049,0.001029386426556696,378,18495,7,18142,378,385,384.8663963233306,True,offline_attainable_single_model_not_CI
paysim,1,PTHW,42,platt,642661,498,0.1,64267,416,0.8353413654618473,0.006472995472015187,72051,0.0007832842953598672,416,12485,4,816,416,420,416.26143372046454,True,offline_attainable_single_model_not_CI
paysim,1,PTHW,52,raw,642661,498,0.01,6427,334,0.6706827309236948,0.051968258907733,22493,0.01176831728076014,333,122,1,86,333,334,333.7049180327869,True,offline_attainable_single_model_not_CI
paysim,1,PTHW,52,raw,642661,498,0.03,19280,390,0.7831325301204819,0.020228215767634856,29690,0.0008980750327227893,390,7,0,3,390,390,390.0,True,offline_attainable_single_model_not_CI
paysim,1,PTHW,52,raw,642661,498,0.05,32134,401,0.8052208835341366,0.012478994211738346,41433,0.0007395752941748547,401,2973,1,121,401,402,401.04069963000336,True,offline_attainable_single_model_not_CI
paysim,1,PTHW,52,raw,642661,498,0.1,64267,424,0.8514056224899599,0.0065974761541693246,71243,0.0006126232495373239,419,7802,5,4238,419,424,421.71597026403487,True,offline_attainable_single_model_not_CI
paysim,1,PTHW,52,clipped,642661,498,0.01,6427,334,0.6706827309236948,0.051968258907733,22493,0.01176831728076014,333,122,1,86,333,334,333.7049180327869,True,offline_attainable_single_model_not_CI
paysim,1,PTHW,52,clipped,642661,498,0.03,19280,390,0.7831325301204819,0.020228215767634856,29690,0.0008980750327227893,390,7,0,3,390,390,390.0,True,offline_attainable_single_model_not_CI
paysim,1,PTHW,52,clipped,642661,498,0.05,32134,401,0.8052208835341366,0.012478994211738346,41433,0.0007395752941748547,401,2973,1,121,401,402,401.04069963000336,True,offline_attainable_single_model_not_CI
paysim,1,PTHW,52,clipped,642661,498,0.1,64267,424,0.8514056224899599,0.0065974761541693246,71243,0.0006126232495373239,419,7802,5,4238,419,424,421.71597026403487,True,offline_attainable_single_model_not_CI
paysim,1,PTHW,52,platt,642661,498,0.01,6427,334,0.6706827309236948,0.051968258907733,22493,0.0018294218537216538,333,122,1,86,333,334,333.7049180327869,True,offline_attainable_single_model_not_CI
paysim,1,PTHW,52,platt,642661,498,0.03,19280,390,0.7831325301204819,0.020228215767634856,29690,0.000843203880512747,390,7,0,3,390,390,390.0,True,offline_attainable_single_model_not_CI
paysim,1,PTHW,52,platt,642661,498,0.05,32134,401,0.8052208835341366,0.012478994211738346,41433,0.0007954653220949312,401,2973,1,121,401,402,401.04069963000336,True,offline_attainable_single_model_not_CI
paysim,1,PTHW,52,platt,642661,498,0.1,64267,424,0.8514056224899599,0.0065974761541693246,71243,0.0007517527720213413,419,7802,5,4238,419,424,421.71597026403487,True,offline_attainable_single_model_not_CI
paysim,1,PTHW,62,raw,642661,498,0.01,6427,341,0.6847389558232931,0.053057414034541776,21786,0.019534617499772644,324,1914,22,1298,324,346,338.91954022988506,True,offline_attainable_single_model_not_CI
paysim,1,PTHW,62,raw,642661,498,0.03,19280,383,0.7690763052208835,0.019865145228215766,30397,0.001072496540805206,383,29,0,13,383,383,383.0,True,offline_attainable_single_model_not_CI
paysim,1,PTHW,62,raw,642661,498,0.05,32134,392,0.7871485943775101,0.012198917034916289,42342,0.000987338359205562,388,12443,4,9915,388,392,391.18733424415336,True,offline_attainable_single_model_not_CI
paysim,1,PTHW,62,raw,642661,498,0.1,64267,412,0.8273092369477911,0.006410755130938118,72455,0.0007037661807380536,412,891,0,653,412,412,412.0,True,offline_attainable_single_model_not_CI
paysim,1,PTHW,62,clipped,642661,498,0.01,6427,341,0.6847389558232931,0.053057414034541776,21786,0.019534617499772644,324,1914,22,1298,324,346,338.91954022988506,True,offline_attainable_single_model_not_CI
paysim,1,PTHW,62,clipped,642661,498,0.03,19280,383,0.7690763052208835,0.019865145228215766,30397,0.001072496540805206,383,29,0,13,383,383,383.0,True,offline_attainable_single_model_not_CI
paysim,1,PTHW,62,clipped,642661,498,0.05,32134,392,0.7871485943775101,0.012198917034916289,42342,0.000987338359205562,388,12443,4,9915,388,392,391.18733424415336,True,offline_attainable_single_model_not_CI
paysim,1,PTHW,62,clipped,642661,498,0.1,64267,412,0.8273092369477911,0.006410755130938118,72455,0.0007037661807380536,412,891,0,653,412,412,412.0,True,offline_attainable_single_model_not_CI
paysim,1,PTHW,62,platt,642661,498,0.01,6427,341,0.6847389558232931,0.053057414034541776,21786,0.002646785378563816,324,1914,22,1298,324,346,338.91954022988506,True,offline_attainable_single_model_not_CI
paysim,1,PTHW,62,platt,642661,498,0.03,19280,383,0.7690763052208835,0.019865145228215766,30397,0.0009208365428933005,383,29,0,13,383,383,383.0,True,offline_attainable_single_model_not_CI
paysim,1,PTHW,62,platt,642661,498,0.05,32134,392,0.7871485943775101,0.012198917034916289,42342,0.0008936591223895331,388,12443,4,9915,388,392,391.18733424415336,True,offline_attainable_single_model_not_CI
paysim,1,PTHW,62,platt,642661,498,0.1,64267,412,0.8273092369477911,0.006410755130938118,72455,0.000790559329458871,412,891,0,653,412,412,412.0,True,offline_attainable_single_model_not_CI
paysim,1,PTHW,72,raw,642661,498,0.01,6427,315,0.6325301204819277,0.0490119807063949,24412,0.013197370025922106,315,1,0,1,315,315,315.0,False,offline_attainable_single_model_not_CI
paysim,1,PTHW,72,raw,642661,498,0.03,19280,349,0.7008032128514057,0.018101659751037346,33831,0.0009221527988457983,348,20692,10,3122,348,358,349.5087956698241,True,offline_attainable_single_model_not_CI
paysim,1,PTHW,72,raw,642661,498,0.05,32134,356,0.714859437751004,0.011078608327628057,45978,0.0009221527988457983,348,20692,10,15976,348,358,355.7208583027257,True,offline_attainable_single_model_not_CI
paysim,1,PTHW,72,raw,642661,498,0.1,64267,373,0.748995983935743,0.005803911805436694,76394,0.00048749507030747496,372,396,1,328,372,373,372.82828282828285,True,offline_attainable_single_model_not_CI
paysim,1,PTHW,72,clipped,642661,498,0.01,6427,315,0.6325301204819277,0.0490119807063949,24412,0.013197370025922106,315,1,0,1,315,315,315.0,False,offline_attainable_single_model_not_CI
paysim,1,PTHW,72,clipped,642661,498,0.03,19280,349,0.7008032128514057,0.018101659751037346,33831,0.0009221527988457983,348,20692,10,3122,348,358,349.5087956698241,True,offline_attainable_single_model_not_CI
paysim,1,PTHW,72,clipped,642661,498,0.05,32134,356,0.714859437751004,0.011078608327628057,45978,0.0009221527988457983,348,20692,10,15976,348,358,355.7208583027257,True,offline_attainable_single_model_not_CI
paysim,1,PTHW,72,clipped,642661,498,0.1,64267,373,0.748995983935743,0.005803911805436694,76394,0.00048749507030747496,372,396,1,328,372,373,372.82828282828285,True,offline_attainable_single_model_not_CI
paysim,1,PTHW,72,platt,642661,498,0.01,6427,315,0.6325301204819277,0.0490119807063949,24412,0.0037434913336643815,315,1,0,1,315,315,315.0,False,offline_attainable_single_model_not_CI
paysim,1,PTHW,72,platt,642661,498,0.03,19280,349,0.7008032128514057,0.018101659751037346,33831,0.0013427028268958089,348,20692,10,3122,348,358,349.5087956698241,True,offline_attainable_single_model_not_CI
paysim,1,PTHW,72,platt,642661,498,0.05,32134,356,0.714859437751004,0.011078608327628057,45978,0.0013427028268958089,348,20692,10,15976,348,358,355.7208583027257,True,offline_attainable_single_model_not_CI
paysim,1,PTHW,72,platt,642661,498,0.1,64267,373,0.748995983935743,0.005803911805436694,76394,0.0010510217576488851,372,396,1,328,372,373,372.82828282828285,True,offline_attainable_single_model_not_CI
paysim,1,PTHW,82,raw,642661,498,0.01,6427,327,0.6566265060240963,0.05087910378092422,23200,0.012388635607677516,316,257,11,250,320,327,326.7003891050584,True,offline_attainable_single_model_not_CI
paysim,1,PTHW,82,raw,642661,498,0.03,19280,387,0.7771084337349398,0.02007261410788382,29993,0.0013215475793185386,383,11952,4,9029,383,387,386.0217536813922,True,offline_attainable_single_model_not_CI
paysim,1,PTHW,82,raw,642661,498,0.05,32134,394,0.7911646586345381,0.012261156407543413,42140,0.0010528285567028806,394,3039,1,828,394,395,394.2724580454097,True,offline_attainable_single_model_not_CI
paysim,1,PTHW,82,raw,642661,498,0.1,64267,426,0.8554216867469879,0.006628596324707859,71041,0.0006115935099163007,420,30356,9,13180,420,429,423.90762946369745,True,offline_attainable_single_model_not_CI
paysim,1,PTHW,82,clipped,642661,498,0.01,6427,327,0.6566265060240963,0.05087910378092422,23200,0.012388635607677516,316,257,11,250,320,327,326.7003891050584,True,offline_attainable_single_model_not_CI
paysim,1,PTHW,82,clipped,642661,498,0.03,19280,387,0.7771084337349398,0.02007261410788382,29993,0.0013215475793185386,383,11952,4,9029,383,387,386.0217536813922,True,offline_attainable_single_model_not_CI
paysim,1,PTHW,82,clipped,642661,498,0.05,32134,394,0.7911646586345381,0.012261156407543413,42140,0.0010528285567028806,394,3039,1,828,394,395,394.2724580454097,True,offline_attainable_single_model_not_CI
paysim,1,PTHW,82,clipped,642661,498,0.1,64267,426,0.8554216867469879,0.006628596324707859,71041,0.0006115935099163007,420,30356,9,13180,420,429,423.90762946369745,True,offline_attainable_single_model_not_CI
paysim,1,PTHW,82,platt,642661,498,0.01,6427,327,0.6566265060240963,0.05087910378092422,23200,0.002767197598437055,316,257,11,250,320,327,326.7003891050584,True,offline_attainable_single_model_not_CI
paysim,1,PTHW,82,platt,642661,498,0.03,19280,387,0.7771084337349398,0.02007261410788382,29993,0.001238964771244232,383,11952,4,9029,383,387,386.0217536813922,True,offline_attainable_single_model_not_CI
paysim,1,PTHW,82,platt,642661,498,0.05,32134,394,0.7911646586345381,0.012261156407543413,42140,0.001142141162328049,394,3039,1,828,394,395,394.2724580454097,True,offline_attainable_single_model_not_CI
paysim,1,PTHW,82,platt,642661,498,0.1,64267,426,0.8554216867469879,0.006628596324707859,71041,0.0009403692976033182,420,30356,9,13180,420,429,423.90762946369745,True,offline_attainable_single_model_not_CI
paysim,2,P0,42,raw,605510,312,0.01,6056,58,0.1858974358974359,0.009577278731836196,31398,0.010238955935943858,55,10472,26,4170,55,81,65.35332314744079,True,offline_attainable_single_model_not_CI
paysim,2,P0,42,raw,605510,312,0.03,18166,101,0.32371794871794873,0.005559837058240669,39165,0.0037872973238661342,98,2725,3,2206,98,101,100.42862385321101,True,offline_attainable_single_model_not_CI
paysim,2,P0,42,raw,605510,312,0.05,30276,138,0.4423076923076923,0.0045580657946888625,47538,0.0030400473790045505,137,176,1,132,137,138,137.75,True,offline_attainable_single_model_not_CI
paysim,2,P0,42,raw,605510,312,0.1,60551,219,0.7019230769230769,0.003616785849944675,69632,0.0013291170950686046,218,1182,1,1110,218,219,218.93908629441626,True,offline_attainable_single_model_not_CI
paysim,2,P0,42,clipped,605510,312,0.01,6056,58,0.1858974358974359,0.009577278731836196,31398,0.010238955935943858,55,10472,26,4170,55,81,65.35332314744079,True,offline_attainable_single_model_not_CI
paysim,2,P0,42,clipped,605510,312,0.03,18166,101,0.32371794871794873,0.005559837058240669,39165,0.0037872973238661342,98,2725,3,2206,98,101,100.42862385321101,True,offline_attainable_single_model_not_CI
paysim,2,P0,42,clipped,605510,312,0.05,30276,138,0.4423076923076923,0.0045580657946888625,47538,0.0030400473790045505,137,176,1,132,137,138,137.75,True,offline_attainable_single_model_not_CI
paysim,2,P0,42,clipped,605510,312,0.1,60551,219,0.7019230769230769,0.003616785849944675,69632,0.0013291170950686046,218,1182,1,1110,218,219,218.93908629441626,True,offline_attainable_single_model_not_CI
paysim,2,P0,42,platt,605510,312,0.01,6056,58,0.1858974358974359,0.009577278731836196,31398,0.0070377722244402184,55,10472,26,4170,55,81,65.35332314744079,True,offline_attainable_single_model_not_CI
paysim,2,P0,42,platt,605510,312,0.03,18166,101,0.32371794871794873,0.005559837058240669,39165,0.0034778019271923914,98,2725,3,2206,98,101,100.42862385321101,True,offline_attainable_single_model_not_CI
paysim,2,P0,42,platt,605510,312,0.05,30276,138,0.4423076923076923,0.0045580657946888625,47538,0.0029767368739493424,137,176,1,132,137,138,137.75,True,offline_attainable_single_model_not_CI
paysim,2,P0,42,platt,605510,312,0.1,60551,219,0.7019230769230769,0.003616785849944675,69632,0.001657630726466533,218,1182,1,1110,218,219,218.93908629441626,True,offline_attainable_single_model_not_CI
paysim,2,P0,52,raw,605510,312,0.01,6056,56,0.1794871794871795,0.009247027741083224,31600,0.010861851885932663,53,2719,3,2407,53,56,55.6557557925708,True,offline_attainable_single_model_not_CI
paysim,2,P0,52,raw,605510,312,0.03,18166,94,0.30128205128205127,0.0051745018165804246,39872,0.0034960837279260195,93,26,1,15,93,94,93.57692307692308,True,offline_attainable_single_model_not_CI
paysim,2,P0,52,raw,605510,312,0.05,30276,152,0.48717948717948717,0.00502047826661382,46124,0.0020205300269694726,151,380,1,231,151,152,151.6078947368421,True,offline_attainable_single_model_not_CI
paysim,2,P0,52,raw,605510,312,0.1,60551,216,0.6923076923076923,0.003567240838301597,69935,0.0011427570505140234,215,1319,1,830,215,216,215.6292645943897,True,offline_attainable_single_model_not_CI
paysim,2,P0,52,clipped,605510,312,0.01,6056,56,0.1794871794871795,0.009247027741083224,31600,0.010861851885932663,53,2719,3,2407,53,56,55.6557557925708,True,offline_attainable_single_model_not_CI
paysim,2,P0,52,clipped,605510,312,0.03,18166,94,0.30128205128205127,0.0051745018165804246,39872,0.0034960837279260195,93,26,1,15,93,94,93.57692307692308,True,offline_attainable_single_model_not_CI
paysim,2,P0,52,clipped,605510,312,0.05,30276,152,0.48717948717948717,0.00502047826661382,46124,0.0020205300269694726,151,380,1,231,151,152,151.6078947368421,True,offline_attainable_single_model_not_CI
paysim,2,P0,52,clipped,605510,312,0.1,60551,216,0.6923076923076923,0.003567240838301597,69935,0.0011427570505140234,215,1319,1,830,215,216,215.6292645943897,True,offline_attainable_single_model_not_CI
paysim,2,P0,52,platt,605510,312,0.01,6056,56,0.1794871794871795,0.009247027741083224,31600,0.003633692564176202,53,2719,3,2407,53,56,55.6557557925708,True,offline_attainable_single_model_not_CI
paysim,2,P0,52,platt,605510,312,0.03,18166,94,0.30128205128205127,0.0051745018165804246,39872,0.0023416578970154368,93,26,1,15,93,94,93.57692307692308,True,offline_attainable_single_model_not_CI
paysim,2,P0,52,platt,605510,312,0.05,30276,152,0.48717948717948717,0.00502047826661382,46124,0.0018945462833097467,151,380,1,231,151,152,151.6078947368421,True,offline_attainable_single_model_not_CI
paysim,2,P0,52,platt,605510,312,0.1,60551,216,0.6923076923076923,0.003567240838301597,69935,0.0015202936101267384,215,1319,1,830,215,216,215.6292645943897,True,offline_attainable_single_model_not_CI
paysim,2,P0,62,raw,605510,312,0.01,6056,59,0.1891025641025641,0.009742404227212682,31297,0.015117798474812956,58,10644,27,1407,58,85,61.569052987598646,True,offline_attainable_single_model_not_CI
paysim,2,P0,62,raw,605510,312,0.03,18166,95,0.30448717948717946,0.005229549708246174,39771,0.006589560152638531,95,945,1,96,95,96,95.1015873015873,True,offline_attainable_single_model_not_CI
paysim,2,P0,62,raw,605510,312,0.05,30276,118,0.3782051282051282,0.003897476549081781,49558,0.002538039330670156,116,2464,2,737,116,118,116.59821428571429,True,offline_attainable_single_model_not_CI
paysim,2,P0,62,raw,605510,312,0.1,60551,193,0.6185897435897436,0.003187395749038001,72258,0.0017350858411174605,193,98,0,6,193,193,193.0,True,offline_attainable_single_model_not_CI
paysim,2,P0,62,clipped,605510,312,0.01,6056,59,0.1891025641025641,0.009742404227212682,31297,0.015117798474812956,58,10644,27,1407,58,85,61.569052987598646,True,offline_attainable_single_model_not_CI
paysim,2,P0,62,clipped,605510,312,0.03,18166,95,0.30448717948717946,0.005229549708246174,39771,0.006589560152638531,95,945,1,96,95,96,95.1015873015873,True,offline_attainable_single_model_not_CI
paysim,2,P0,62,clipped,605510,312,0.05,30276,118,0.3782051282051282,0.003897476549081781,49558,0.002538039330670156,116,2464,2,737,116,118,116.59821428571429,True,offline_attainable_single_model_not_CI
paysim,2,P0,62,clipped,605510,312,0.1,60551,193,0.6185897435897436,0.003187395749038001,72258,0.0017350858411174605,193,98,0,6,193,193,193.0,True,offline_attainable_single_model_not_CI
paysim,2,P0,62,platt,605510,312,0.01,6056,59,0.1891025641025641,0.009742404227212682,31297,0.0074242745301634095,58,10644,27,1407,58,85,61.569052987598646,True,offline_attainable_single_model_not_CI
paysim,2,P0,62,platt,605510,312,0.03,18166,95,0.30448717948717946,0.005229549708246174,39771,0.0044332171374621325,95,945,1,96,95,96,95.1015873015873,True,offline_attainable_single_model_not_CI
paysim,2,P0,62,platt,605510,312,0.05,30276,118,0.3782051282051282,0.003897476549081781,49558,0.0024566852897036392,116,2464,2,737,116,118,116.59821428571429,True,offline_attainable_single_model_not_CI
paysim,2,P0,62,platt,605510,312,0.1,60551,193,0.6185897435897436,0.003187395749038001,72258,0.0019420125275603835,193,98,0,6,193,193,193.0,True,offline_attainable_single_model_not_CI
paysim,2,P0,72,raw,605510,312,0.01,6056,56,0.1794871794871795,0.009247027741083224,31600,0.014213659574151398,53,10307,26,4528,53,79,64.42214029300476,True,offline_attainable_single_model_not_CI
paysim,2,P0,72,raw,605510,312,0.03,18166,102,0.3269230769230769,0.005614884949906419,39064,0.0037500662198718536,93,3655,9,3376,93,102,101.31299589603283,True,offline_attainable_single_model_not_CI
paysim,2,P0,72,raw,605510,312,0.05,30276,153,0.49038461538461536,0.005053507728894174,46023,0.0021653773351988353,153,2759,3,334,153,156,153.36317506342877,True,offline_attainable_single_model_not_CI
paysim,2,P0,72,raw,605510,312,0.1,60551,223,0.7147435897435898,0.0036828458654687784,69228,0.0010527125526264872,220,1173,3,1061,220,223,222.71355498721226,True,offline_attainable_single_model_not_CI
paysim,2,P0,72,clipped,605510,312,0.01,6056,56,0.1794871794871795,0.009247027741083224,31600,0.014213659574151398,53,10307,26,4528,53,79,64.42214029300476,True,offline_attainable_single_model_not_CI
paysim,2,P0,72,clipped,605510,312,0.03,18166,102,0.3269230769230769,0.005614884949906419,39064,0.0037500662198718536,93,3655,9,3376,93,102,101.31299589603283,True,offline_attainable_single_model_not_CI
paysim,2,P0,72,clipped,605510,312,0.05,30276,153,0.49038461538461536,0.005053507728894174,46023,0.0021653773351988353,153,2759,3,334,153,156,153.36317506342877,True,offline_attainable_single_model_not_CI
paysim,2,P0,72,clipped,605510,312,0.1,60551,223,0.7147435897435898,0.0036828458654687784,69228,0.0010527125526264872,220,1173,3,1061,220,223,222.71355498721226,True,offline_attainable_single_model_not_CI
paysim,2,P0,72,platt,605510,312,0.01,6056,56,0.1794871794871795,0.009247027741083224,31600,0.00949517380972725,53,10307,26,4528,53,79,64.42214029300476,True,offline_attainable_single_model_not_CI
paysim,2,P0,72,platt,605510,312,0.03,18166,102,0.3269230769230769,0.005614884949906419,39064,0.0035719039551807127,93,3655,9,3376,93,102,101.31299589603283,True,offline_attainable_single_model_not_CI
paysim,2,P0,72,platt,605510,312,0.05,30276,153,0.49038461538461536,0.005053507728894174,46023,0.002389024559958516,153,2759,3,334,153,156,153.36317506342877,True,offline_attainable_single_model_not_CI
paysim,2,P0,72,platt,605510,312,0.1,60551,223,0.7147435897435898,0.0036828458654687784,69228,0.001408891703033952,220,1173,3,1061,220,223,222.71355498721226,True,offline_attainable_single_model_not_CI
paysim,2,P0,82,raw,605510,312,0.01,6056,49,0.15705128205128205,0.00809114927344782,32307,0.008252248119138708,46,10440,26,4209,46,72,56.482183908045975,True,offline_attainable_single_model_not_CI
paysim,2,P0,82,raw,605510,312,0.03,18166,90,0.28846153846153844,0.004954310249917428,40276,0.0032553352624775244,86,797,6,594,86,92,90.47176913425345,True,offline_attainable_single_model_not_CI
paysim,2,P0,82,raw,605510,312,0.05,30276,131,0.4198717948717949,0.004326859558726384,48245,0.002106347412760699,130,281,2,259,130,132,131.84341637010675,True,offline_attainable_single_model_not_CI
paysim,2,P0,82,raw,605510,312,0.1,60551,208,0.6666666666666666,0.00343512080725339,70743,0.001408050323287449,205,3558,4,2212,205,209,207.486790331647,True,offline_attainable_single_model_not_CI
paysim,2,P0,82,clipped,605510,312,0.01,6056,49,0.15705128205128205,0.00809114927344782,32307,0.008252248119138708,46,10440,26,4209,46,72,56.482183908045975,True,offline_attainable_single_model_not_CI
paysim,2,P0,82,clipped,605510,312,0.03,18166,90,0.28846153846153844,0.004954310249917428,40276,0.0032553352624775244,86,797,6,594,86,92,90.47176913425345,True,offline_attainable_single_model_not_CI
paysim,2,P0,82,clipped,605510,312,0.05,30276,131,0.4198717948717949,0.004326859558726384,48245,0.002106347412760699,130,281,2,259,130,132,131.84341637010675,True,offline_attainable_single_model_not_CI
paysim,2,P0,82,clipped,605510,312,0.1,60551,208,0.6666666666666666,0.00343512080725339,70743,0.001408050323287449,205,3558,4,2212,205,209,207.486790331647,True,offline_attainable_single_model_not_CI
paysim,2,P0,82,platt,605510,312,0.01,6056,49,0.15705128205128205,0.00809114927344782,32307,0.005862542298543181,46,10440,26,4209,46,72,56.482183908045975,True,offline_attainable_single_model_not_CI
paysim,2,P0,82,platt,605510,312,0.03,18166,90,0.28846153846153844,0.004954310249917428,40276,0.003360062051397014,86,797,6,594,86,92,90.47176913425345,True,offline_attainable_single_model_not_CI
paysim,2,P0,82,platt,605510,312,0.05,30276,131,0.4198717948717949,0.004326859558726384,48245,0.00259027990501284,130,281,2,259,130,132,131.84341637010675,True,offline_attainable_single_model_not_CI
paysim,2,P0,82,platt,605510,312,0.1,60551,208,0.6666666666666666,0.00343512080725339,70743,0.0020362525953361616,205,3558,4,2212,205,209,207.486790331647,True,offline_attainable_single_model_not_CI
paysim,2,PT,42,raw,605510,312,0.01,6056,95,0.30448717948717946,0.015686922060766183,27661,0.02147973166441044,92,4212,12,3139,92,104,100.94301994301995,True,offline_attainable_single_model_not_CI
paysim,2,PT,42,raw,605510,312,0.03,18166,128,0.41025641025641024,0.007046130133215898,36438,0.006690165899878098,128,478,0,370,128,128,128.0,True,offline_attainable_single_model_not_CI
paysim,2,PT,42,raw,605510,312,0.05,30276,162,0.5192307692307693,0.00535077288941736,45114,0.0028871805654990808,162,439,0,392,162,162,162.0,True,offline_attainable_single_model_not_CI
paysim,2,PT,42,raw,605510,312,0.1,60551,213,0.6826923076923077,0.0035176958266585194,70238,0.0017378504960202476,212,422,1,395,212,213,212.93601895734596,True,offline_attainable_single_model_not_CI
paysim,2,PT,42,clipped,605510,312,0.01,6056,95,0.30448717948717946,0.015686922060766183,27661,0.02147973166441044,92,4212,12,3139,92,104,100.94301994301995,True,offline_attainable_single_model_not_CI
paysim,2,PT,42,clipped,605510,312,0.03,18166,128,0.41025641025641024,0.007046130133215898,36438,0.006690165899878098,128,478,0,370,128,128,128.0,True,offline_attainable_single_model_not_CI
paysim,2,PT,42,clipped,605510,312,0.05,30276,162,0.5192307692307693,0.00535077288941736,45114,0.0028871805654990808,162,439,0,392,162,162,162.0,True,offline_attainable_single_model_not_CI
paysim,2,PT,42,clipped,605510,312,0.1,60551,213,0.6826923076923077,0.0035176958266585194,70238,0.0017378504960202476,212,422,1,395,212,213,212.93601895734596,True,offline_attainable_single_model_not_CI
paysim,2,PT,42,platt,605510,312,0.01,6056,95,0.30448717948717946,0.015686922060766183,27661,0.0011668727337635144,92,4212,12,3139,92,104,100.94301994301995,True,offline_attainable_single_model_not_CI
paysim,2,PT,42,platt,605510,312,0.03,18166,128,0.41025641025641024,0.007046130133215898,36438,0.0008948621359769434,128,478,0,370,128,128,128.0,True,offline_attainable_single_model_not_CI
paysim,2,PT,42,platt,605510,312,0.05,30276,162,0.5192307692307693,0.00535077288941736,45114,0.0007402503029815276,162,439,0,392,162,162,162.0,True,offline_attainable_single_model_not_CI
paysim,2,PT,42,platt,605510,312,0.1,60551,213,0.6826923076923077,0.0035176958266585194,70238,0.000660274088003907,212,422,1,395,212,213,212.93601895734596,True,offline_attainable_single_model_not_CI
paysim,2,PT,52,raw,605510,312,0.01,6056,120,0.38461538461538464,0.019815059445178335,25136,0.01288227232059862,120,3143,9,1564,120,129,124.47852370346803,True,offline_attainable_single_model_not_CI
paysim,2,PT,52,raw,605510,312,0.03,18166,153,0.49038461538461536,0.008422327424859629,33913,0.0051760284034079685,153,35,0,26,153,153,153.0,True,offline_attainable_single_model_not_CI
paysim,2,PT,52,raw,605510,312,0.05,30276,171,0.5480769230769231,0.005648038049940547,44205,0.0027854165004766902,171,273,0,86,171,171,171.0,True,offline_attainable_single_model_not_CI
paysim,2,PT,52,raw,605510,312,0.1,60551,227,0.7275641025641025,0.0037489058809928822,68824,0.001741510128011673,227,592,0,578,227,227,227.0,True,offline_attainable_single_model_not_CI
paysim,2,PT,52,clipped,605510,312,0.01,6056,120,0.38461538461538464,0.019815059445178335,25136,0.01288227232059862,120,3143,9,1564,120,129,124.47852370346803,True,offline_attainable_single_model_not_CI
paysim,2,PT,52,clipped,605510,312,0.03,18166,153,0.49038461538461536,0.008422327424859629,33913,0.0051760284034079685,153,35,0,26,153,153,153.0,True,offline_attainable_single_model_not_CI
paysim,2,PT,52,clipped,605510,312,0.05,30276,171,0.5480769230769231,0.005648038049940547,44205,0.0027854165004766902,171,273,0,86,171,171,171.0,True,offline_attainable_single_model_not_CI
paysim,2,PT,52,clipped,605510,312,0.1,60551,227,0.7275641025641025,0.0037489058809928822,68824,0.001741510128011673,227,592,0,578,227,227,227.0,True,offline_attainable_single_model_not_CI
paysim,2,PT,52,platt,605510,312,0.01,6056,120,0.38461538461538464,0.019815059445178335,25136,0.0029814743500764223,120,3143,9,1564,120,129,124.47852370346803,True,offline_attainable_single_model_not_CI
paysim,2,PT,52,platt,605510,312,0.03,18166,153,0.49038461538461536,0.008422327424859629,33913,0.0019148556123919414,153,35,0,26,153,153,153.0,True,offline_attainable_single_model_not_CI
paysim,2,PT,52,platt,605510,312,0.05,30276,171,0.5480769230769231,0.005648038049940547,44205,0.0014189368594916413,171,273,0,86,171,171,171.0,True,offline_attainable_single_model_not_CI
paysim,2,PT,52,platt,605510,312,0.1,60551,227,0.7275641025641025,0.0037489058809928822,68824,0.0011309013111616487,227,592,0,578,227,227,227.0,True,offline_attainable_single_model_not_CI
paysim,2,PT,62,raw,605510,312,0.01,6056,117,0.375,0.019319682959048876,25439,0.014078639216237204,117,72,0,66,117,117,117.0,True,offline_attainable_single_model_not_CI
paysim,2,PT,62,raw,605510,312,0.03,18166,143,0.4583333333333333,0.007871848508202136,34923,0.005224200794497136,143,141,0,104,143,143,143.0,True,offline_attainable_single_model_not_CI
paysim,2,PT,62,raw,605510,312,0.05,30276,182,0.5833333333333334,0.006011362135024441,43094,0.0025614175053226603,182,66,0,58,182,182,182.0,True,offline_attainable_single_model_not_CI
paysim,2,PT,62,raw,605510,312,0.1,60551,232,0.7435897435897436,0.0038314809003980117,68319,0.0012904915187994493,231,1062,2,867,231,233,232.63276836158192,True,offline_attainable_single_model_not_CI
paysim,2,PT,62,clipped,605510,312,0.01,6056,117,0.375,0.019319682959048876,25439,0.014078639216237204,117,72,0,66,117,117,117.0,True,offline_attainable_single_model_not_CI
paysim,2,PT,62,clipped,605510,312,0.03,18166,143,0.4583333333333333,0.007871848508202136,34923,0.005224200794497136,143,141,0,104,143,143,143.0,True,offline_attainable_single_model_not_CI
paysim,2,PT,62,clipped,605510,312,0.05,30276,182,0.5833333333333334,0.006011362135024441,43094,0.0025614175053226603,182,66,0,58,182,182,182.0,True,offline_attainable_single_model_not_CI
paysim,2,PT,62,clipped,605510,312,0.1,60551,232,0.7435897435897436,0.0038314809003980117,68319,0.0012904915187994493,231,1062,2,867,231,233,232.63276836158192,True,offline_attainable_single_model_not_CI
paysim,2,PT,62,platt,605510,312,0.01,6056,117,0.375,0.019319682959048876,25439,0.0013858997213440018,117,72,0,66,117,117,117.0,True,offline_attainable_single_model_not_CI
paysim,2,PT,62,platt,605510,312,0.03,18166,143,0.4583333333333333,0.007871848508202136,34923,0.0010660804242348782,143,141,0,104,143,143,143.0,True,offline_attainable_single_model_not_CI
paysim,2,PT,62,platt,605510,312,0.05,30276,182,0.5833333333333334,0.006011362135024441,43094,0.000883646299463504,182,66,0,58,182,182,182.0,True,offline_attainable_single_model_not_CI
paysim,2,PT,62,platt,605510,312,0.1,60551,232,0.7435897435897436,0.0038314809003980117,68319,0.0007379264738271712,231,1062,2,867,231,233,232.63276836158192,True,offline_attainable_single_model_not_CI
paysim,2,PT,72,raw,605510,312,0.01,6056,110,0.3525641025641026,0.018163804491413475,26146,0.014269686024186825,110,3120,9,1329,110,119,113.83365384615385,True,offline_attainable_single_model_not_CI
paysim,2,PT,72,raw,605510,312,0.03,18166,143,0.4583333333333333,0.007871848508202136,34923,0.006487096236507295,142,175,2,93,142,144,143.06285714285715,True,offline_attainable_single_model_not_CI
paysim,2,PT,72,raw,605510,312,0.05,30276,164,0.5256410256410257,0.0054168318139780685,44912,0.002657435106400583,164,344,0,132,164,164,164.0,True,offline_attainable_single_model_not_CI
paysim,2,PT,72,raw,605510,312,0.1,60551,217,0.6955128205128205,0.003583755842182623,69834,0.0016073092416558545,217,69,0,58,217,217,217.0,True,offline_attainable_single_model_not_CI
paysim,2,PT,72,clipped,605510,312,0.01,6056,110,0.3525641025641026,0.018163804491413475,26146,0.014269686024186825,110,3120,9,1329,110,119,113.83365384615385,True,offline_attainable_single_model_not_CI
paysim,2,PT,72,clipped,605510,312,0.03,18166,143,0.4583333333333333,0.007871848508202136,34923,0.006487096236507295,142,175,2,93,142,144,143.06285714285715,True,offline_attainable_single_model_not_CI
paysim,2,PT,72,clipped,605510,312,0.05,30276,164,0.5256410256410257,0.0054168318139780685,44912,0.002657435106400583,164,344,0,132,164,164,164.0,True,offline_attainable_single_model_not_CI
paysim,2,PT,72,clipped,605510,312,0.1,60551,217,0.6955128205128205,0.003583755842182623,69834,0.0016073092416558545,217,69,0,58,217,217,217.0,True,offline_attainable_single_model_not_CI
paysim,2,PT,72,platt,605510,312,0.01,6056,110,0.3525641025641026,0.018163804491413475,26146,0.001526934269429111,110,3120,9,1329,110,119,113.83365384615385,True,offline_attainable_single_model_not_CI
paysim,2,PT,72,platt,605510,312,0.03,18166,143,0.4583333333333333,0.007871848508202136,34923,0.0012505295667086039,142,175,2,93,142,144,143.06285714285715,True,offline_attainable_single_model_not_CI
paysim,2,PT,72,platt,605510,312,0.05,30276,164,0.5256410256410257,0.0054168318139780685,44912,0.0009987035552857237,164,344,0,132,164,164,164.0,True,offline_attainable_single_model_not_CI
paysim,2,PT,72,platt,605510,312,0.1,60551,217,0.6955128205128205,0.003583755842182623,69834,0.0008800936158883592,217,69,0,58,217,217,217.0,True,offline_attainable_single_model_not_CI
paysim,2,PT,82,raw,605510,312,0.01,6056,115,0.3685897435897436,0.018989431968295906,25641,0.015637513975325864,113,4134,10,2652,113,123,119.41509433962264,True,offline_attainable_single_model_not_CI
paysim,2,PT,82,raw,605510,312,0.03,18166,154,0.4935897435897436,0.008477375316525378,33812,0.0038290089635675006,154,941,1,476,154,155,154.5058448459086,True,offline_attainable_single_model_not_CI
paysim,2,PT,82,raw,605510,312,0.05,30276,179,0.5737179487179487,0.00591227374818338,43397,0.0025089362624814,179,54,0,21,179,179,179.0,True,offline_attainable_single_model_not_CI
paysim,2,PT,82,raw,605510,312,0.1,60551,234,0.75,0.0038645109081600635,68117,0.0014135270932836847,234,159,0,113,234,234,234.0,True,offline_attainable_single_model_not_CI
paysim,2,PT,82,clipped,605510,312,0.01,6056,115,0.3685897435897436,0.018989431968295906,25641,0.015637513975325864,113,4134,10,2652,113,123,119.41509433962264,True,offline_attainable_single_model_not_CI
paysim,2,PT,82,clipped,605510,312,0.03,18166,154,0.4935897435897436,0.008477375316525378,33812,0.0038290089635675006,154,941,1,476,154,155,154.5058448459086,True,offline_attainable_single_model_not_CI
paysim,2,PT,82,clipped,605510,312,0.05,30276,179,0.5737179487179487,0.00591227374818338,43397,0.0025089362624814,179,54,0,21,179,179,179.0,True,offline_attainable_single_model_not_CI
paysim,2,PT,82,clipped,605510,312,0.1,60551,234,0.75,0.0038645109081600635,68117,0.0014135270932836847,234,159,0,113,234,234,234.0,True,offline_attainable_single_model_not_CI
paysim,2,PT,82,platt,605510,312,0.01,6056,115,0.3685897435897436,0.018989431968295906,25641,0.0018544420106072468,113,4134,10,2652,113,123,119.41509433962264,True,offline_attainable_single_model_not_CI
paysim,2,PT,82,platt,605510,312,0.03,18166,154,0.4935897435897436,0.008477375316525378,33812,0.0012219906555177846,154,941,1,476,154,155,154.5058448459086,True,offline_attainable_single_model_not_CI
paysim,2,PT,82,platt,605510,312,0.05,30276,179,0.5737179487179487,0.00591227374818338,43397,0.0010787279327826743,179,54,0,21,179,179,179.0,True,offline_attainable_single_model_not_CI
paysim,2,PT,82,platt,605510,312,0.1,60551,234,0.75,0.0038645109081600635,68117,0.0009109341304166053,234,159,0,113,234,234,234.0,True,offline_attainable_single_model_not_CI
paysim,2,PH,42,raw,605510,312,0.01,6056,110,0.3525641025641026,0.018163804491413475,26146,0.011768092987406845,106,370,14,106,106,120,110.01081081081081,True,offline_attainable_single_model_not_CI
paysim,2,PH,42,raw,605510,312,0.03,18166,198,0.6346153846153846,0.010899482549818342,29368,0.0005628822239148003,196,1533,2,1451,196,198,197.89302022178734,True,offline_attainable_single_model_not_CI
paysim,2,PH,42,raw,605510,312,0.05,30276,204,0.6538461538461539,0.006738010305192232,40872,0.0005007377265692133,202,22489,14,9130,202,216,207.6836675708124,True,offline_attainable_single_model_not_CI
paysim,2,PH,42,raw,605510,312,0.1,60551,223,0.7147435897435898,0.0036828458654687784,69228,0.00014886392692653144,223,918,0,237,223,223,223.0,True,offline_attainable_single_model_not_CI
paysim,2,PH,42,clipped,605510,312,0.01,6056,110,0.3525641025641026,0.018163804491413475,26146,0.011768092987406845,106,370,14,106,106,120,110.01081081081081,True,offline_attainable_single_model_not_CI
paysim,2,PH,42,clipped,605510,312,0.03,18166,198,0.6346153846153846,0.010899482549818342,29368,0.0005628822239148003,196,1533,2,1451,196,198,197.89302022178734,True,offline_attainable_single_model_not_CI
paysim,2,PH,42,clipped,605510,312,0.05,30276,204,0.6538461538461539,0.006738010305192232,40872,0.0005007377265692133,202,22489,14,9130,202,216,207.6836675708124,True,offline_attainable_single_model_not_CI
paysim,2,PH,42,clipped,605510,312,0.1,60551,223,0.7147435897435898,0.0036828458654687784,69228,0.00014886392692653144,223,918,0,237,223,223,223.0,True,offline_attainable_single_model_not_CI
paysim,2,PH,42,platt,605510,312,0.01,6056,110,0.3525641025641026,0.018163804491413475,26146,0.005189983832944638,106,370,14,106,106,120,110.01081081081081,True,offline_attainable_single_model_not_CI
paysim,2,PH,42,platt,605510,312,0.03,18166,198,0.6346153846153846,0.010899482549818342,29368,0.001525535871533808,196,1533,2,1451,196,198,197.89302022178734,True,offline_attainable_single_model_not_CI
paysim,2,PH,42,platt,605510,312,0.05,30276,204,0.6538461538461539,0.006738010305192232,40872,0.0014554387253033776,202,22489,14,9130,202,216,207.6836675708124,True,offline_attainable_single_model_not_CI
paysim,2,PH,42,platt,605510,312,0.1,60551,223,0.7147435897435898,0.0036828458654687784,69228,0.0008936137384806326,223,918,0,237,223,223,223.0,True,offline_attainable_single_model_not_CI
paysim,2,PH,52,raw,605510,312,0.01,6056,176,0.5641025641025641,0.02906208718626156,19480,0.010011600107197233,142,1325,37,1093,142,179,172.52150943396225,True,offline_attainable_single_model_not_CI
paysim,2,PH,52,raw,605510,312,0.03,18166,201,0.6442307692307693,0.011064626224815589,29065,0.0007214309851583955,201,19704,12,562,201,213,201.34226552984165,True,offline_attainable_single_model_not_CI
paysim,2,PH,52,raw,605510,312,0.05,30276,208,0.6666666666666666,0.0068701281543136474,40468,0.0007214309851583955,201,19704,12,12672,201,213,208.71741778319122,True,offline_attainable_single_model_not_CI
paysim,2,PH,52,raw,605510,312,0.1,60551,235,0.7532051282051282,0.0038810259120410895,68016,0.0002555115499431978,235,3706,0,2486,235,235,235.0,True,offline_attainable_single_model_not_CI
paysim,2,PH,52,clipped,605510,312,0.01,6056,176,0.5641025641025641,0.02906208718626156,19480,0.010011600107197233,142,1325,37,1093,142,179,172.52150943396225,True,offline_attainable_single_model_not_CI
paysim,2,PH,52,clipped,605510,312,0.03,18166,201,0.6442307692307693,0.011064626224815589,29065,0.0007214309851583955,201,19704,12,562,201,213,201.34226552984165,True,offline_attainable_single_model_not_CI
paysim,2,PH,52,clipped,605510,312,0.05,30276,208,0.6666666666666666,0.0068701281543136474,40468,0.0007214309851583955,201,19704,12,12672,201,213,208.71741778319122,True,offline_attainable_single_model_not_CI
paysim,2,PH,52,clipped,605510,312,0.1,60551,235,0.7532051282051282,0.0038810259120410895,68016,0.0002555115499431978,235,3706,0,2486,235,235,235.0,True,offline_attainable_single_model_not_CI
paysim,2,PH,52,platt,605510,312,0.01,6056,176,0.5641025641025641,0.02906208718626156,19480,0.004759135299743854,142,1325,37,1093,142,179,172.52150943396225,True,offline_attainable_single_model_not_CI
paysim,2,PH,52,platt,605510,312,0.03,18166,201,0.6442307692307693,0.011064626224815589,29065,0.001477601470614977,201,19704,12,562,201,213,201.34226552984165,True,offline_attainable_single_model_not_CI
paysim,2,PH,52,platt,605510,312,0.05,30276,208,0.6666666666666666,0.0068701281543136474,40468,0.001477601470614977,201,19704,12,12672,201,213,208.71741778319122,True,offline_attainable_single_model_not_CI
paysim,2,PH,52,platt,605510,312,0.1,60551,235,0.7532051282051282,0.0038810259120410895,68016,0.0009319519571429341,235,3706,0,2486,235,235,235.0,True,offline_attainable_single_model_not_CI
paysim,2,PH,62,raw,605510,312,0.01,6056,138,0.4423076923076923,0.022787318361955085,23318,0.014386706599581432,134,1092,22,428,134,156,142.62271062271063,True,offline_attainable_single_model_not_CI
paysim,2,PH,62,raw,605510,312,0.03,18166,214,0.6858974358974359,0.011780248816470329,27752,0.0006740771313454806,213,2608,1,2075,213,214,213.79562883435582,True,offline_attainable_single_model_not_CI
paysim,2,PH,62,raw,605510,312,0.05,30276,218,0.6987179487179487,0.007200422777117189,39458,0.0006555270545919295,217,19261,11,6943,217,228,220.9651627641348,True,offline_attainable_single_model_not_CI
paysim,2,PH,62,raw,605510,312,0.1,60551,240,0.7692307692307693,0.003963600931446219,67511,0.0004547973677226248,240,181,0,35,240,240,240.0,True,offline_attainable_single_model_not_CI
paysim,2,PH,62,clipped,605510,312,0.01,6056,138,0.4423076923076923,0.022787318361955085,23318,0.014386706599581432,134,1092,22,428,134,156,142.62271062271063,True,offline_attainable_single_model_not_CI
paysim,2,PH,62,clipped,605510,312,0.03,18166,214,0.6858974358974359,0.011780248816470329,27752,0.0006740771313454806,213,2608,1,2075,213,214,213.79562883435582,True,offline_attainable_single_model_not_CI
paysim,2,PH,62,clipped,605510,312,0.05,30276,218,0.6987179487179487,0.007200422777117189,39458,0.0006555270545919295,217,19261,11,6943,217,228,220.9651627641348,True,offline_attainable_single_model_not_CI
paysim,2,PH,62,clipped,605510,312,0.1,60551,240,0.7692307692307693,0.003963600931446219,67511,0.0004547973677226248,240,181,0,35,240,240,240.0,True,offline_attainable_single_model_not_CI
paysim,2,PH,62,platt,605510,312,0.01,6056,138,0.4423076923076923,0.022787318361955085,23318,0.0038403131351182496,134,1092,22,428,134,156,142.62271062271063,True,offline_attainable_single_model_not_CI
paysim,2,PH,62,platt,605510,312,0.03,18166,214,0.6858974358974359,0.011780248816470329,27752,0.0011850808785753848,213,2608,1,2075,213,214,213.79562883435582,True,offline_attainable_single_model_not_CI
paysim,2,PH,62,platt,605510,312,0.05,30276,218,0.6987179487179487,0.007200422777117189,39458,0.0011724799571394768,217,19261,11,6943,217,228,220.9651627641348,True,offline_attainable_single_model_not_CI
paysim,2,PH,62,platt,605510,312,0.1,60551,240,0.7692307692307693,0.003963600931446219,67511,0.0010192584472727172,240,181,0,35,240,240,240.0,True,offline_attainable_single_model_not_CI
paysim,2,PH,72,raw,605510,312,0.01,6056,142,0.4551282051282051,0.02344782034346103,22914,0.012138631496822084,123,2250,51,930,123,174,144.07999999999998,True,offline_attainable_single_model_not_CI
paysim,2,PH,72,raw,605510,312,0.03,18166,199,0.6378205128205128,0.010954530441484091,29267,0.0007561142785803487,199,1451,0,613,199,199,199.0,True,offline_attainable_single_model_not_CI
paysim,2,PH,72,raw,605510,312,0.05,30276,204,0.6538461538461539,0.006738010305192232,40872,0.0006762248371789619,204,17383,11,1642,204,215,205.03906115169994,True,offline_attainable_single_model_not_CI
paysim,2,PH,72,raw,605510,312,0.1,60551,228,0.7307692307692307,0.003765420884873908,68723,0.0005173130898025889,226,3707,3,1978,226,229,227.6007553277583,True,offline_attainable_single_model_not_CI
paysim,2,PH,72,clipped,605510,312,0.01,6056,142,0.4551282051282051,0.02344782034346103,22914,0.012138631496822084,123,2250,51,930,123,174,144.07999999999998,True,offline_attainable_single_model_not_CI
paysim,2,PH,72,clipped,605510,312,0.03,18166,199,0.6378205128205128,0.010954530441484091,29267,0.0007561142785803487,199,1451,0,613,199,199,199.0,True,offline_attainable_single_model_not_CI
paysim,2,PH,72,clipped,605510,312,0.05,30276,204,0.6538461538461539,0.006738010305192232,40872,0.0006762248371789619,204,17383,11,1642,204,215,205.03906115169994,True,offline_attainable_single_model_not_CI
paysim,2,PH,72,clipped,605510,312,0.1,60551,228,0.7307692307692307,0.003765420884873908,68723,0.0005173130898025889,226,3707,3,1978,226,229,227.6007553277583,True,offline_attainable_single_model_not_CI
paysim,2,PH,72,platt,605510,312,0.01,6056,142,0.4551282051282051,0.02344782034346103,22914,0.003281396810558516,123,2250,51,930,123,174,144.07999999999998,True,offline_attainable_single_model_not_CI
paysim,2,PH,72,platt,605510,312,0.03,18166,199,0.6378205128205128,0.010954530441484091,29267,0.0011207211319907882,199,1451,0,613,199,199,199.0,True,offline_attainable_single_model_not_CI
paysim,2,PH,72,platt,605510,312,0.05,30276,204,0.6538461538461539,0.006738010305192232,40872,0.0010734357715484707,204,17383,11,1642,204,215,205.03906115169994,True,offline_attainable_single_model_not_CI
paysim,2,PH,72,platt,605510,312,0.1,60551,228,0.7307692307692307,0.003765420884873908,68723,0.0009679817220529098,226,3707,3,1978,226,229,227.6007553277583,True,offline_attainable_single_model_not_CI
paysim,2,PH,82,raw,605510,312,0.01,6056,157,0.5032051282051282,0.025924702774108323,21399,0.016067221988812698,151,471,6,464,151,157,156.9108280254777,True,offline_attainable_single_model_not_CI
paysim,2,PH,82,raw,605510,312,0.03,18166,219,0.7019230769230769,0.012055488274799075,27247,0.0006170968891238052,219,23946,14,418,219,233,219.24438319552326,True,offline_attainable_single_model_not_CI
paysim,2,PH,82,raw,605510,312,0.05,30276,225,0.7211538461538461,0.007431629013079667,38751,0.0006170968891238052,219,23946,14,12528,219,233,226.3244800801804,True,offline_attainable_single_model_not_CI
paysim,2,PH,82,raw,605510,312,0.1,60551,242,0.7756410256410257,0.00399663093920827,67309,0.00040479068045548154,239,5286,5,1139,239,244,240.0773741959894,True,offline_attainable_single_model_not_CI
paysim,2,PH,82,clipped,605510,312,0.01,6056,157,0.5032051282051282,0.025924702774108323,21399,0.016067221988812698,151,471,6,464,151,157,156.9108280254777,True,offline_attainable_single_model_not_CI
paysim,2,PH,82,clipped,605510,312,0.03,18166,219,0.7019230769230769,0.012055488274799075,27247,0.0006170968891238052,219,23946,14,418,219,233,219.24438319552326,True,offline_attainable_single_model_not_CI
paysim,2,PH,82,clipped,605510,312,0.05,30276,225,0.7211538461538461,0.007431629013079667,38751,0.0006170968891238052,219,23946,14,12528,219,233,226.3244800801804,True,offline_attainable_single_model_not_CI
paysim,2,PH,82,clipped,605510,312,0.1,60551,242,0.7756410256410257,0.00399663093920827,67309,0.00040479068045548154,239,5286,5,1139,239,244,240.0773741959894,True,offline_attainable_single_model_not_CI
paysim,2,PH,82,platt,605510,312,0.01,6056,157,0.5032051282051282,0.025924702774108323,21399,0.003548601817140715,151,471,6,464,151,157,156.9108280254777,True,offline_attainable_single_model_not_CI
paysim,2,PH,82,platt,605510,312,0.03,18166,219,0.7019230769230769,0.012055488274799075,27247,0.0010315270752841,219,23946,14,418,219,233,219.24438319552326,True,offline_attainable_single_model_not_CI
paysim,2,PH,82,platt,605510,312,0.05,30276,225,0.7211538461538461,0.007431629013079667,38751,0.0010315270752841,219,23946,14,12528,219,233,226.3244800801804,True,offline_attainable_single_model_not_CI
paysim,2,PH,82,platt,605510,312,0.1,60551,242,0.7756410256410257,0.00399663093920827,67309,0.0008796065686252231,239,5286,5,1139,239,244,240.0773741959894,True,offline_attainable_single_model_not_CI
paysim,2,PTH,42,raw,605510,312,0.01,6056,168,0.5384615384615384,0.02774108322324967,20288,0.025584506972951684,166,665,5,310,166,171,168.33082706766916,True,offline_attainable_single_model_not_CI
paysim,2,PTH,42,raw,605510,312,0.03,18166,243,0.7788461538461539,0.013376637674777056,24823,0.0006614343618363154,243,157,0,131,243,243,243.0,True,offline_attainable_single_model_not_CI
paysim,2,PTH,42,raw,605510,312,0.05,30276,247,0.7916666666666666,0.008158277183247457,36529,0.0006585480875600416,243,20092,10,12065,243,253,249.00487756320925,True,offline_attainable_single_model_not_CI
paysim,2,PTH,42,raw,605510,312,0.1,60551,266,0.8525641025641025,0.004392991032352893,64885,0.0003297416227228941,266,693,1,330,266,267,266.4761904761905,True,offline_attainable_single_model_not_CI
paysim,2,PTH,42,clipped,605510,312,0.01,6056,168,0.5384615384615384,0.02774108322324967,20288,0.025584506972951684,166,665,5,310,166,171,168.33082706766916,True,offline_attainable_single_model_not_CI
paysim,2,PTH,42,clipped,605510,312,0.03,18166,243,0.7788461538461539,0.013376637674777056,24823,0.0006614343618363154,243,157,0,131,243,243,243.0,True,offline_attainable_single_model_not_CI
paysim,2,PTH,42,clipped,605510,312,0.05,30276,247,0.7916666666666666,0.008158277183247457,36529,0.0006585480875600416,243,20092,10,12065,243,253,249.00487756320925,True,offline_attainable_single_model_not_CI
paysim,2,PTH,42,clipped,605510,312,0.1,60551,266,0.8525641025641025,0.004392991032352893,64885,0.0003297416227228941,266,693,1,330,266,267,266.4761904761905,True,offline_attainable_single_model_not_CI
paysim,2,PTH,42,platt,605510,312,0.01,6056,168,0.5384615384615384,0.02774108322324967,20288,0.002930858288738446,166,665,5,310,166,171,168.33082706766916,True,offline_attainable_single_model_not_CI
paysim,2,PTH,42,platt,605510,312,0.03,18166,243,0.7788461538461539,0.013376637674777056,24823,0.0007945188036149759,243,157,0,131,243,243,243.0,True,offline_attainable_single_model_not_CI
paysim,2,PTH,42,platt,605510,312,0.05,30276,247,0.7916666666666666,0.008158277183247457,36529,0.0007932856469865062,243,20092,10,12065,243,253,249.00487756320925,True,offline_attainable_single_model_not_CI
paysim,2,PTH,42,platt,605510,312,0.1,60551,266,0.8525641025641025,0.004392991032352893,64885,0.0006204946437352167,266,693,1,330,266,267,266.4761904761905,True,offline_attainable_single_model_not_CI
paysim,2,PTH,52,raw,605510,312,0.01,6056,183,0.5865384615384616,0.03021796565389696,18773,0.017012652287629725,173,2283,21,793,173,194,180.29434954007885,True,offline_attainable_single_model_not_CI
paysim,2,PTH,52,raw,605510,312,0.03,18166,234,0.75,0.012881206649785313,25732,0.0008553291366041677,234,574,1,238,234,235,234.41463414634146,True,offline_attainable_single_model_not_CI
paysim,2,PTH,52,raw,605510,312,0.05,30276,242,0.7756410256410257,0.007993129871845686,37034,0.0007013762506064796,239,2845,3,2780,239,242,241.93145869947276,True,offline_attainable_single_model_not_CI
paysim,2,PTH,52,raw,605510,312,0.1,60551,262,0.8397435897435898,0.004326931016828789,65289,0.00040546915891943007,262,629,0,526,262,262,262.0,True,offline_attainable_single_model_not_CI
paysim,2,PTH,52,clipped,605510,312,0.01,6056,183,0.5865384615384616,0.03021796565389696,18773,0.017012652287629725,173,2283,21,793,173,194,180.29434954007885,True,offline_attainable_single_model_not_CI
paysim,2,PTH,52,clipped,605510,312,0.03,18166,234,0.75,0.012881206649785313,25732,0.0008553291366041677,234,574,1,238,234,235,234.41463414634146,True,offline_attainable_single_model_not_CI
paysim,2,PTH,52,clipped,605510,312,0.05,30276,242,0.7756410256410257,0.007993129871845686,37034,0.0007013762506064796,239,2845,3,2780,239,242,241.93145869947276,True,offline_attainable_single_model_not_CI
paysim,2,PTH,52,clipped,605510,312,0.1,60551,262,0.8397435897435898,0.004326931016828789,65289,0.00040546915891943007,262,629,0,526,262,262,262.0,True,offline_attainable_single_model_not_CI
paysim,2,PTH,52,platt,605510,312,0.01,6056,183,0.5865384615384616,0.03021796565389696,18773,0.002262070978655336,173,2283,21,793,173,194,180.29434954007885,True,offline_attainable_single_model_not_CI
paysim,2,PTH,52,platt,605510,312,0.03,18166,234,0.75,0.012881206649785313,25732,0.0008301135569737881,234,574,1,238,234,235,234.41463414634146,True,offline_attainable_single_model_not_CI
paysim,2,PTH,52,platt,605510,312,0.05,30276,242,0.7756410256410257,0.007993129871845686,37034,0.0007768931067962199,239,2845,3,2780,239,242,241.93145869947276,True,offline_attainable_single_model_not_CI
paysim,2,PTH,52,platt,605510,312,0.1,60551,262,0.8397435897435898,0.004326931016828789,65289,0.0006470035588553053,262,629,0,526,262,262,262.0,True,offline_attainable_single_model_not_CI
paysim,2,PTH,62,raw,605510,312,0.01,6056,195,0.625,0.0321994715984148,17561,0.00643800143778886,193,525,6,116,193,199,194.3257142857143,True,offline_attainable_single_model_not_CI
paysim,2,PTH,62,raw,605510,312,0.03,18166,226,0.7243589743589743,0.01244082351645932,26540,0.0004461922152727657,224,3051,2,3031,224,226,225.98688954441167,True,offline_attainable_single_model_not_CI
paysim,2,PTH,62,raw,605510,312,0.05,30276,231,0.7403846153846154,0.007629805786761792,38145,0.00043301854802580195,226,25124,14,9418,226,240,231.24804967361885,True,offline_attainable_single_model_not_CI
paysim,2,PTH,62,raw,605510,312,0.1,60551,242,0.7756410256410257,0.00399663093920827,67309,0.0003575010751086485,242,3893,0,2888,242,242,242.0,True,offline_attainable_single_model_not_CI
paysim,2,PTH,62,clipped,605510,312,0.01,6056,195,0.625,0.0321994715984148,17561,0.00643800143778886,193,525,6,116,193,199,194.3257142857143,True,offline_attainable_single_model_not_CI
paysim,2,PTH,62,clipped,605510,312,0.03,18166,226,0.7243589743589743,0.01244082351645932,26540,0.0004461922152727657,224,3051,2,3031,224,226,225.98688954441167,True,offline_attainable_single_model_not_CI
paysim,2,PTH,62,clipped,605510,312,0.05,30276,231,0.7403846153846154,0.007629805786761792,38145,0.00043301854802580195,226,25124,14,9418,226,240,231.24804967361885,True,offline_attainable_single_model_not_CI
paysim,2,PTH,62,clipped,605510,312,0.1,60551,242,0.7756410256410257,0.00399663093920827,67309,0.0003575010751086485,242,3893,0,2888,242,242,242.0,True,offline_attainable_single_model_not_CI
paysim,2,PTH,62,platt,605510,312,0.01,6056,195,0.625,0.0321994715984148,17561,0.0017491920239634208,193,525,6,116,193,199,194.3257142857143,True,offline_attainable_single_model_not_CI
paysim,2,PTH,62,platt,605510,312,0.03,18166,226,0.7243589743589743,0.01244082351645932,26540,0.0006680159404691828,224,3051,2,3031,224,226,225.98688954441167,True,offline_attainable_single_model_not_CI
paysim,2,PTH,62,platt,605510,312,0.05,30276,231,0.7403846153846154,0.007629805786761792,38145,0.0006608446996353513,226,25124,14,9418,226,240,231.24804967361885,True,offline_attainable_single_model_not_CI
paysim,2,PTH,62,platt,605510,312,0.1,60551,242,0.7756410256410257,0.00399663093920827,67309,0.0006167735621480812,242,3893,0,2888,242,242,242.0,True,offline_attainable_single_model_not_CI
paysim,2,PTH,72,raw,605510,312,0.01,6056,164,0.5256410256410257,0.027080581241743725,20692,0.008518007166616924,164,22,0,22,164,164,164.0,False,offline_attainable_single_model_not_CI
paysim,2,PTH,72,raw,605510,312,0.03,18166,220,0.7051282051282052,0.012110536166464824,27146,0.0005197711284304561,219,3747,2,1505,219,221,219.80330931411797,True,offline_attainable_single_model_not_CI
paysim,2,PTH,72,raw,605510,312,0.05,30276,226,0.7243589743589743,0.007464658475360021,38650,0.0004947332483545206,226,2944,2,949,226,228,226.64470108695653,True,offline_attainable_single_model_not_CI
paysim,2,PTH,72,raw,605510,312,0.1,60551,241,0.7724358974358975,0.003980115935327245,67410,0.0003156802394326937,238,9641,3,7212,238,241,240.24416554299347,True,offline_attainable_single_model_not_CI
paysim,2,PTH,72,clipped,605510,312,0.01,6056,164,0.5256410256410257,0.027080581241743725,20692,0.008518007166616924,164,22,0,22,164,164,164.0,False,offline_attainable_single_model_not_CI
paysim,2,PTH,72,clipped,605510,312,0.03,18166,220,0.7051282051282052,0.012110536166464824,27146,0.0005197711284304561,219,3747,2,1505,219,221,219.80330931411797,True,offline_attainable_single_model_not_CI
paysim,2,PTH,72,clipped,605510,312,0.05,30276,226,0.7243589743589743,0.007464658475360021,38650,0.0004947332483545206,226,2944,2,949,226,228,226.64470108695653,True,offline_attainable_single_model_not_CI
paysim,2,PTH,72,clipped,605510,312,0.1,60551,241,0.7724358974358975,0.003980115935327245,67410,0.0003156802394326937,238,9641,3,7212,238,241,240.24416554299347,True,offline_attainable_single_model_not_CI
paysim,2,PTH,72,platt,605510,312,0.01,6056,164,0.5256410256410257,0.027080581241743725,20692,0.0012516100592246712,164,22,0,22,164,164,164.0,False,offline_attainable_single_model_not_CI
paysim,2,PTH,72,platt,605510,312,0.03,18166,220,0.7051282051282052,0.012110536166464824,27146,0.0005335472543496841,219,3747,2,1505,219,221,219.80330931411797,True,offline_attainable_single_model_not_CI
paysim,2,PTH,72,platt,605510,312,0.05,30276,226,0.7243589743589743,0.007464658475360021,38650,0.0005255924485829721,226,2944,2,949,226,228,226.64470108695653,True,offline_attainable_single_model_not_CI
paysim,2,PTH,72,platt,605510,312,0.1,60551,241,0.7724358974358975,0.003980115935327245,67410,0.00045844146165013253,238,9641,3,7212,238,241,240.24416554299347,True,offline_attainable_single_model_not_CI
paysim,2,PTH,82,raw,605510,312,0.01,6056,146,0.46794871794871795,0.024108322324966975,22510,0.014776751900377305,146,212,1,70,146,147,146.33018867924528,True,offline_attainable_single_model_not_CI
paysim,2,PTH,82,raw,605510,312,0.03,18166,219,0.7019230769230769,0.012055488274799075,27247,0.0008139796433491571,219,112,0,4,219,219,219.0,True,offline_attainable_single_model_not_CI
paysim,2,PTH,82,raw,605510,312,0.05,30276,225,0.7211538461538461,0.007431629013079667,38751,0.0006633689435808982,223,24461,12,5804,223,235,225.84730795960917,True,offline_attainable_single_model_not_CI
paysim,2,PTH,82,raw,605510,312,0.1,60551,242,0.7756410256410257,0.00399663093920827,67309,0.00040201847090048015,242,393,0,168,242,242,242.0,True,offline_attainable_single_model_not_CI
paysim,2,PTH,82,clipped,605510,312,0.01,6056,146,0.46794871794871795,0.024108322324966975,22510,0.014776751900377305,146,212,1,70,146,147,146.33018867924528,True,offline_attainable_single_model_not_CI
paysim,2,PTH,82,clipped,605510,312,0.03,18166,219,0.7019230769230769,0.012055488274799075,27247,0.0008139796433491571,219,112,0,4,219,219,219.0,True,offline_attainable_single_model_not_CI
paysim,2,PTH,82,clipped,605510,312,0.05,30276,225,0.7211538461538461,0.007431629013079667,38751,0.0006633689435808982,223,24461,12,5804,223,235,225.84730795960917,True,offline_attainable_single_model_not_CI
paysim,2,PTH,82,clipped,605510,312,0.1,60551,242,0.7756410256410257,0.00399663093920827,67309,0.00040201847090048015,242,393,0,168,242,242,242.0,True,offline_attainable_single_model_not_CI
paysim,2,PTH,82,platt,605510,312,0.01,6056,146,0.46794871794871795,0.024108322324966975,22510,0.0021910941587606784,146,212,1,70,146,147,146.33018867924528,True,offline_attainable_single_model_not_CI
paysim,2,PTH,82,platt,605510,312,0.03,18166,219,0.7019230769230769,0.012055488274799075,27247,0.0008129685911305021,219,112,0,4,219,219,219.0,True,offline_attainable_single_model_not_CI
paysim,2,PTH,82,platt,605510,312,0.05,30276,225,0.7211538461538461,0.007431629013079667,38751,0.00075820895945659,223,24461,12,5804,223,235,225.84730795960917,True,offline_attainable_single_model_not_CI
paysim,2,PTH,82,platt,605510,312,0.1,60551,242,0.7756410256410257,0.00399663093920827,67309,0.0006392437270634029,242,393,0,168,242,242,242.0,True,offline_attainable_single_model_not_CI
paysim,2,PTHW,42,raw,605510,312,0.01,6056,205,0.657051282051282,0.033850726552179654,16551,0.022170797387313607,205,112,1,41,205,206,205.36607142857142,True,offline_attainable_single_model_not_CI
paysim,2,PTHW,42,raw,605510,312,0.03,18166,228,0.7307692307692307,0.012550919299790818,26338,0.0013943664896992353,228,174,1,148,228,229,228.8505747126437,True,offline_attainable_single_model_not_CI
paysim,2,PTHW,42,raw,605510,312,0.05,30276,236,0.7564102564102564,0.007794953098163562,37640,0.001272459155917585,232,22284,13,9265,232,245,237.40499910249505,True,offline_attainable_single_model_not_CI
paysim,2,PTHW,42,raw,605510,312,0.1,60551,252,0.8076923076923077,0.00416178097801853,66299,0.0007363140937626393,250,66206,20,5494,250,270,251.65966830800835,True,offline_attainable_single_model_not_CI
paysim,2,PTHW,42,clipped,605510,312,0.01,6056,205,0.657051282051282,0.033850726552179654,16551,0.022170797387313607,205,112,1,41,205,206,205.36607142857142,True,offline_attainable_single_model_not_CI
paysim,2,PTHW,42,clipped,605510,312,0.03,18166,228,0.7307692307692307,0.012550919299790818,26338,0.0013943664896992353,228,174,1,148,228,229,228.8505747126437,True,offline_attainable_single_model_not_CI
paysim,2,PTHW,42,clipped,605510,312,0.05,30276,236,0.7564102564102564,0.007794953098163562,37640,0.001272459155917585,232,22284,13,9265,232,245,237.40499910249505,True,offline_attainable_single_model_not_CI
paysim,2,PTHW,42,clipped,605510,312,0.1,60551,252,0.8076923076923077,0.00416178097801853,66299,0.0007363140937626393,250,66206,20,5494,250,270,251.65966830800835,True,offline_attainable_single_model_not_CI
paysim,2,PTHW,42,platt,605510,312,0.01,6056,205,0.657051282051282,0.033850726552179654,16551,0.0029753220540691427,205,112,1,41,205,206,205.36607142857142,True,offline_attainable_single_model_not_CI
paysim,2,PTHW,42,platt,605510,312,0.03,18166,228,0.7307692307692307,0.012550919299790818,26338,0.0008633763733711661,228,174,1,148,228,229,228.8505747126437,True,offline_attainable_single_model_not_CI
paysim,2,PTHW,42,platt,605510,312,0.05,30276,236,0.7564102564102564,0.007794953098163562,37640,0.0008289429150230312,232,22284,13,9265,232,245,237.40499910249505,True,offline_attainable_single_model_not_CI
paysim,2,PTHW,42,platt,605510,312,0.1,60551,252,0.8076923076923077,0.00416178097801853,66299,0.0006499213856272902,250,66206,20,5494,250,270,251.65966830800835,True,offline_attainable_single_model_not_CI
paysim,2,PTHW,52,raw,605510,312,0.01,6056,171,0.5480769230769231,0.028236459709379127,19985,0.01087602311578982,171,39,0,35,171,171,171.0,True,offline_attainable_single_model_not_CI
paysim,2,PTHW,52,raw,605510,312,0.03,18166,227,0.7275641025641025,0.012495871408125069,26439,0.0010595743270490887,227,3236,1,980,227,228,227.30284301606923,True,offline_attainable_single_model_not_CI
paysim,2,PTHW,52,raw,605510,312,0.05,30276,233,0.7467948717948718,0.007695864711322499,37943,0.0009196629029434156,233,2295,1,1323,233,234,233.57647058823528,True,offline_attainable_single_model_not_CI
paysim,2,PTHW,52,raw,605510,312,0.1,60551,246,0.7884615384615384,0.004062690954732375,66905,0.000612958599100681,246,3546,1,1901,246,247,246.5360970107163,True,offline_attainable_single_model_not_CI
paysim,2,PTHW,52,clipped,605510,312,0.01,6056,171,0.5480769230769231,0.028236459709379127,19985,0.01087602311578982,171,39,0,35,171,171,171.0,True,offline_attainable_single_model_not_CI
paysim,2,PTHW,52,clipped,605510,312,0.03,18166,227,0.7275641025641025,0.012495871408125069,26439,0.0010595743270490887,227,3236,1,980,227,228,227.30284301606923,True,offline_attainable_single_model_not_CI
paysim,2,PTHW,52,clipped,605510,312,0.05,30276,233,0.7467948717948718,0.007695864711322499,37943,0.0009196629029434156,233,2295,1,1323,233,234,233.57647058823528,True,offline_attainable_single_model_not_CI
paysim,2,PTHW,52,clipped,605510,312,0.1,60551,246,0.7884615384615384,0.004062690954732375,66905,0.000612958599100681,246,3546,1,1901,246,247,246.5360970107163,True,offline_attainable_single_model_not_CI
paysim,2,PTHW,52,platt,605510,312,0.01,6056,171,0.5480769230769231,0.028236459709379127,19985,0.0009237175838350796,171,39,0,35,171,171,171.0,True,offline_attainable_single_model_not_CI
paysim,2,PTHW,52,platt,605510,312,0.03,18166,227,0.7275641025641025,0.012495871408125069,26439,0.0005125007153046631,227,3236,1,980,227,228,227.30284301606923,True,offline_attainable_single_model_not_CI
paysim,2,PTHW,52,platt,605510,312,0.05,30276,233,0.7467948717948718,0.007695864711322499,37943,0.0004945191287796788,233,2295,1,1323,233,234,233.57647058823528,True,offline_attainable_single_model_not_CI
paysim,2,PTHW,52,platt,605510,312,0.1,60551,246,0.7884615384615384,0.004062690954732375,66905,0.00044643045087265534,246,3546,1,1901,246,247,246.5360970107163,True,offline_attainable_single_model_not_CI
paysim,2,PTHW,62,raw,605510,312,0.01,6056,204,0.6538461538461539,0.03368560105680317,16652,0.01370387559892497,198,1142,11,791,198,209,205.61908931698775,True,offline_attainable_single_model_not_CI
paysim,2,PTHW,62,raw,605510,312,0.03,18166,224,0.717948717948718,0.012330727733127822,26742,0.0008387795011326385,220,12806,9,4831,220,229,223.39520537248166,True,offline_attainable_single_model_not_CI
paysim,2,PTHW,62,raw,605510,312,0.05,30276,230,0.7371794871794872,0.007596776324481438,38246,0.0008177641304705939,229,5480,1,3908,229,230,229.71313868613137,True,offline_attainable_single_model_not_CI
paysim,2,PTHW,62,raw,605510,312,0.1,60551,249,0.7980769230769231,0.004112235966375452,66602,0.0006275350919223288,246,14542,3,4929,246,249,247.01684775134095,True,offline_attainable_single_model_not_CI
paysim,2,PTHW,62,clipped,605510,312,0.01,6056,204,0.6538461538461539,0.03368560105680317,16652,0.01370387559892497,198,1142,11,791,198,209,205.61908931698775,True,offline_attainable_single_model_not_CI
paysim,2,PTHW,62,clipped,605510,312,0.03,18166,224,0.717948717948718,0.012330727733127822,26742,0.0008387795011326385,220,12806,9,4831,220,229,223.39520537248166,True,offline_attainable_single_model_not_CI
paysim,2,PTHW,62,clipped,605510,312,0.05,30276,230,0.7371794871794872,0.007596776324481438,38246,0.0008177641304705939,229,5480,1,3908,229,230,229.71313868613137,True,offline_attainable_single_model_not_CI
paysim,2,PTHW,62,clipped,605510,312,0.1,60551,249,0.7980769230769231,0.004112235966375452,66602,0.0006275350919223288,246,14542,3,4929,246,249,247.01684775134095,True,offline_attainable_single_model_not_CI
paysim,2,PTHW,62,platt,605510,312,0.01,6056,204,0.6538461538461539,0.03368560105680317,16652,0.0012278532060427325,198,1142,11,791,198,209,205.61908931698775,True,offline_attainable_single_model_not_CI
paysim,2,PTHW,62,platt,605510,312,0.03,18166,224,0.717948717948718,0.012330727733127822,26742,0.0005715504293535364,220,12806,9,4831,220,229,223.39520537248166,True,offline_attainable_single_model_not_CI
paysim,2,PTHW,62,platt,605510,312,0.05,30276,230,0.7371794871794872,0.007596776324481438,38246,0.0005676081934560866,229,5480,1,3908,229,230,229.71313868613137,True,offline_attainable_single_model_not_CI
paysim,2,PTHW,62,platt,605510,312,0.1,60551,249,0.7980769230769231,0.004112235966375452,66602,0.0005280622727147174,246,14542,3,4929,246,249,247.01684775134095,True,offline_attainable_single_model_not_CI
paysim,2,PTHW,72,raw,605510,312,0.01,6056,134,0.42948717948717946,0.02212681638044914,23722,0.1090062439987324,134,2,0,1,134,134,134.0,True,offline_attainable_single_model_not_CI
paysim,2,PTHW,72,raw,605510,312,0.03,18166,234,0.75,0.012881206649785313,25732,0.0017903305602516683,234,55,0,1,234,234,234.0,True,offline_attainable_single_model_not_CI
paysim,2,PTHW,72,raw,605510,312,0.05,30276,243,0.7788461538461539,0.00802615933412604,36933,0.0011878494391009992,243,104,0,16,243,243,243.0,True,offline_attainable_single_model_not_CI
paysim,2,PTHW,72,raw,605510,312,0.1,60551,260,0.8333333333333334,0.004293901009066737,65491,0.000874654953551817,260,649,0,215,260,260,260.0,True,offline_attainable_single_model_not_CI
paysim,2,PTHW,72,clipped,605510,312,0.01,6056,134,0.42948717948717946,0.02212681638044914,23722,0.1090062439987324,134,2,0,1,134,134,134.0,True,offline_attainable_single_model_not_CI
paysim,2,PTHW,72,clipped,605510,312,0.03,18166,234,0.75,0.012881206649785313,25732,0.0017903305602516683,234,55,0,1,234,234,234.0,True,offline_attainable_single_model_not_CI
paysim,2,PTHW,72,clipped,605510,312,0.05,30276,243,0.7788461538461539,0.00802615933412604,36933,0.0011878494391009992,243,104,0,16,243,243,243.0,True,offline_attainable_single_model_not_CI
paysim,2,PTHW,72,clipped,605510,312,0.1,60551,260,0.8333333333333334,0.004293901009066737,65491,0.000874654953551817,260,649,0,215,260,260,260.0,True,offline_attainable_single_model_not_CI
paysim,2,PTHW,72,platt,605510,312,0.01,6056,134,0.42948717948717946,0.02212681638044914,23722,0.0017844819541887869,134,2,0,1,134,134,134.0,True,offline_attainable_single_model_not_CI
paysim,2,PTHW,72,platt,605510,312,0.03,18166,234,0.75,0.012881206649785313,25732,0.0007124263738577176,234,55,0,1,234,234,234.0,True,offline_attainable_single_model_not_CI
paysim,2,PTHW,72,platt,605510,312,0.05,30276,243,0.7788461538461539,0.00802615933412604,36933,0.0006515096261332777,243,104,0,16,243,243,243.0,True,offline_attainable_single_model_not_CI
paysim,2,PTHW,72,platt,605510,312,0.1,60551,260,0.8333333333333334,0.004293901009066737,65491,0.0006094966639567721,260,649,0,215,260,260,260.0,True,offline_attainable_single_model_not_CI
paysim,2,PTHW,82,raw,605510,312,0.01,6056,186,0.5961538461538461,0.03071334214002642,18470,0.021438342041743833,185,288,5,29,185,190,185.50347222222223,True,offline_attainable_single_model_not_CI
paysim,2,PTHW,82,raw,605510,312,0.03,18166,247,0.7916666666666666,0.013596829241440053,24419,0.0019220276359220927,247,3363,0,75,247,247,247.0,True,offline_attainable_single_model_not_CI
paysim,2,PTHW,82,raw,605510,312,0.05,30276,248,0.7948717948717948,0.00819130664552781,36428,0.0019091767128722023,247,15724,5,8670,247,252,249.75693207835155,True,offline_attainable_single_model_not_CI
paysim,2,PTHW,82,raw,605510,312,0.1,60551,272,0.8717948717948718,0.004492081055639048,64279,0.0008609058205747109,272,4859,1,744,272,273,272.1531179254991,True,offline_attainable_single_model_not_CI
paysim,2,PTHW,82,clipped,605510,312,0.01,6056,186,0.5961538461538461,0.03071334214002642,18470,0.021438342041743833,185,288,5,29,185,190,185.50347222222223,True,offline_attainable_single_model_not_CI
paysim,2,PTHW,82,clipped,605510,312,0.03,18166,247,0.7916666666666666,0.013596829241440053,24419,0.0019220276359220927,247,3363,0,75,247,247,247.0,True,offline_attainable_single_model_not_CI
paysim,2,PTHW,82,clipped,605510,312,0.05,30276,248,0.7948717948717948,0.00819130664552781,36428,0.0019091767128722023,247,15724,5,8670,247,252,249.75693207835155,True,offline_attainable_single_model_not_CI
paysim,2,PTHW,82,clipped,605510,312,0.1,60551,272,0.8717948717948718,0.004492081055639048,64279,0.0008609058205747109,272,4859,1,744,272,273,272.1531179254991,True,offline_attainable_single_model_not_CI
paysim,2,PTHW,82,platt,605510,312,0.01,6056,186,0.5961538461538461,0.03071334214002642,18470,0.001513020599453866,185,288,5,29,185,190,185.50347222222223,True,offline_attainable_single_model_not_CI
paysim,2,PTHW,82,platt,605510,312,0.03,18166,247,0.7916666666666666,0.013596829241440053,24419,0.0007565563651935958,247,3363,0,75,247,247,247.0,True,offline_attainable_single_model_not_CI
paysim,2,PTHW,82,platt,605510,312,0.05,30276,248,0.7948717948717948,0.00819130664552781,36428,0.0007551077970354166,247,15724,5,8670,247,252,249.75693207835155,True,offline_attainable_single_model_not_CI
paysim,2,PTHW,82,platt,605510,312,0.1,60551,272,0.8717948717948718,0.004492081055639048,64279,0.0006015137586112411,272,4859,1,744,272,273,272.1531179254991,True,offline_attainable_single_model_not_CI
paysim,3,P0,42,raw,636723,3764,0.01,6368,1170,0.3108395324123273,0.18373115577889448,264598,0.002996960706185088,1170,145,10,36,1170,1180,1172.4827586206898,True,offline_attainable_single_model_not_CI
paysim,3,P0,42,raw,636723,3764,0.03,19102,1610,0.4277364505844846,0.08428436812899173,232892,0.0021501644791367814,1564,2265,113,1770,1564,1677,1652.3046357615895,True,offline_attainable_single_model_not_CI
paysim,3,P0,42,raw,636723,3764,0.05,31837,2015,0.5353347502656748,0.06329113924050633,204722,0.0015478683385839946,2015,1507,7,579,2015,2022,2017.6894492368945,True,offline_attainable_single_model_not_CI
paysim,3,P0,42,raw,636723,3764,0.1,63673,2727,0.7244952178533475,0.04282820033609222,164646,0.0008761340229107965,2727,1445,31,107,2727,2758,2729.2955017301038,True,offline_attainable_single_model_not_CI
paysim,3,P0,42,clipped,636723,3764,0.01,6368,1170,0.3108395324123273,0.18373115577889448,264598,0.002996960706185088,1170,145,10,36,1170,1180,1172.4827586206898,True,offline_attainable_single_model_not_CI
paysim,3,P0,42,clipped,636723,3764,0.03,19102,1610,0.4277364505844846,0.08428436812899173,232892,0.0021501644791367814,1564,2265,113,1770,1564,1677,1652.3046357615895,True,offline_attainable_single_model_not_CI
paysim,3,P0,42,clipped,636723,3764,0.05,31837,2015,0.5353347502656748,0.06329113924050633,204722,0.0015478683385839946,2015,1507,7,579,2015,2022,2017.6894492368945,True,offline_attainable_single_model_not_CI
paysim,3,P0,42,clipped,636723,3764,0.1,63673,2727,0.7244952178533475,0.04282820033609222,164646,0.0008761340229107965,2727,1445,31,107,2727,2758,2729.2955017301038,True,offline_attainable_single_model_not_CI
paysim,3,P0,42,platt,636723,3764,0.01,6368,1170,0.3108395324123273,0.18373115577889448,264598,0.00322260769410015,1170,145,10,36,1170,1180,1172.4827586206898,True,offline_attainable_single_model_not_CI
paysim,3,P0,42,platt,636723,3764,0.03,19102,1610,0.4277364505844846,0.08428436812899173,232892,0.002704295588687166,1564,2265,113,1770,1564,1677,1652.3046357615895,True,offline_attainable_single_model_not_CI
paysim,3,P0,42,platt,636723,3764,0.05,31837,2015,0.5353347502656748,0.06329113924050633,204722,0.0022735080227211384,2015,1507,7,579,2015,2022,2017.6894492368945,True,offline_attainable_single_model_not_CI
paysim,3,P0,42,platt,636723,3764,0.1,63673,2727,0.7244952178533475,0.04282820033609222,164646,0.0016835464145900322,2727,1445,31,107,2727,2758,2729.2955017301038,True,offline_attainable_single_model_not_CI
paysim,3,P0,52,raw,636723,3764,0.01,6368,1241,0.32970244420828904,0.19488065326633167,257427,0.0037952693374163804,1241,282,29,87,1241,1270,1249.9468085106382,True,offline_attainable_single_model_not_CI
paysim,3,P0,52,raw,636723,3764,0.03,19102,1723,0.4577577045696068,0.09019997905978432,221479,0.0022712451045267044,1722,413,11,176,1722,1733,1726.687651331719,True,offline_attainable_single_model_not_CI
paysim,3,P0,52,raw,636723,3764,0.05,31837,2036,0.5409139213602551,0.06395074912837265,202601,0.0018019021873876108,2036,2304,103,184,2036,2139,2044.2256944444443,True,offline_attainable_single_model_not_CI
paysim,3,P0,52,raw,636723,3764,0.1,63673,2817,0.7484059511158342,0.04424167229437909,155556,0.0007660211122187318,2795,1775,34,1455,2795,2829,2822.870422535211,True,offline_attainable_single_model_not_CI
paysim,3,P0,52,clipped,636723,3764,0.01,6368,1241,0.32970244420828904,0.19488065326633167,257427,0.0037952693374163804,1241,282,29,87,1241,1270,1249.9468085106382,True,offline_attainable_single_model_not_CI
paysim,3,P0,52,clipped,636723,3764,0.03,19102,1723,0.4577577045696068,0.09019997905978432,221479,0.0022712451045267044,1722,413,11,176,1722,1733,1726.687651331719,True,offline_attainable_single_model_not_CI
paysim,3,P0,52,clipped,636723,3764,0.05,31837,2036,0.5409139213602551,0.06395074912837265,202601,0.0018019021873876108,2036,2304,103,184,2036,2139,2044.2256944444443,True,offline_attainable_single_model_not_CI
paysim,3,P0,52,clipped,636723,3764,0.1,63673,2817,0.7484059511158342,0.04424167229437909,155556,0.0007660211122187318,2795,1775,34,1455,2795,2829,2822.870422535211,True,offline_attainable_single_model_not_CI
paysim,3,P0,52,platt,636723,3764,0.01,6368,1241,0.32970244420828904,0.19488065326633167,257427,0.003640437962649595,1241,282,29,87,1241,1270,1249.9468085106382,True,offline_attainable_single_model_not_CI
paysim,3,P0,52,platt,636723,3764,0.03,19102,1723,0.4577577045696068,0.09019997905978432,221479,0.0027015207283309457,1722,413,11,176,1722,1733,1726.687651331719,True,offline_attainable_single_model_not_CI
paysim,3,P0,52,platt,636723,3764,0.05,31837,2036,0.5409139213602551,0.06395074912837265,202601,0.0023616737074622788,2036,2304,103,184,2036,2139,2044.2256944444443,True,offline_attainable_single_model_not_CI
paysim,3,P0,52,platt,636723,3764,0.1,63673,2817,0.7484059511158342,0.04424167229437909,155556,0.0014371244820761335,2795,1775,34,1455,2795,2829,2822.870422535211,True,offline_attainable_single_model_not_CI
paysim,3,P0,62,raw,636723,3764,0.01,6368,1191,0.31641870350690754,0.18702889447236182,262477,0.003286088395432344,940,2355,313,2189,1087,1253,1230.9371549893842,True,offline_attainable_single_model_not_CI
paysim,3,P0,62,raw,636723,3764,0.03,19102,1716,0.45589798087141337,0.08983352528531044,222186,0.0020779183276885683,1713,2336,79,889,1713,1792,1743.0646404109589,True,offline_attainable_single_model_not_CI
paysim,3,P0,62,raw,636723,3764,0.05,31837,2133,0.5666843783209352,0.06699751861042183,192804,0.0017341507356846632,2132,54,5,25,2132,2137,2134.314814814815,True,offline_attainable_single_model_not_CI
paysim,3,P0,62,raw,636723,3764,0.1,63673,2818,0.7486716259298618,0.04425737753836006,155455,0.0007996817288400715,2795,3667,54,2465,2795,2849,2831.2994273247887,True,offline_attainable_single_model_not_CI
paysim,3,P0,62,clipped,636723,3764,0.01,6368,1191,0.31641870350690754,0.18702889447236182,262477,0.003286088395432344,940,2355,313,2189,1087,1253,1230.9371549893842,True,offline_attainable_single_model_not_CI
paysim,3,P0,62,clipped,636723,3764,0.03,19102,1716,0.45589798087141337,0.08983352528531044,222186,0.0020779183276885683,1713,2336,79,889,1713,1792,1743.0646404109589,True,offline_attainable_single_model_not_CI
paysim,3,P0,62,clipped,636723,3764,0.05,31837,2133,0.5666843783209352,0.06699751861042183,192804,0.0017341507356846632,2132,54,5,25,2132,2137,2134.314814814815,True,offline_attainable_single_model_not_CI
paysim,3,P0,62,clipped,636723,3764,0.1,63673,2818,0.7486716259298618,0.04425737753836006,155455,0.0007996817288400715,2795,3667,54,2465,2795,2849,2831.2994273247887,True,offline_attainable_single_model_not_CI
paysim,3,P0,62,platt,636723,3764,0.01,6368,1191,0.31641870350690754,0.18702889447236182,262477,0.003280074339473245,940,2355,313,2189,1087,1253,1230.9371549893842,True,offline_attainable_single_model_not_CI
paysim,3,P0,62,platt,636723,3764,0.03,19102,1716,0.45589798087141337,0.08983352528531044,222186,0.0025852781927692818,1713,2336,79,889,1713,1792,1743.0646404109589,True,offline_attainable_single_model_not_CI
paysim,3,P0,62,platt,636723,3764,0.05,31837,2133,0.5666843783209352,0.06699751861042183,192804,0.0023535776353200612,2132,54,5,25,2132,2137,2134.314814814815,True,offline_attainable_single_model_not_CI
paysim,3,P0,62,platt,636723,3764,0.1,63673,2818,0.7486716259298618,0.04425737753836006,155455,0.0015747735969742934,2795,3667,54,2465,2795,2849,2831.2994273247887,True,offline_attainable_single_model_not_CI
paysim,3,P0,72,raw,636723,3764,0.01,6368,1256,0.3336875664187035,0.1972361809045226,255912,0.0031674776648514943,1230,398,31,334,1230,1261,1256.0150753768844,True,offline_attainable_single_model_not_CI
paysim,3,P0,72,raw,636723,3764,0.03,19102,1681,0.44659936238044634,0.08800125641294106,225721,0.0021626189723355322,1658,1011,39,728,1658,1697,1686.0830860534124,True,offline_attainable_single_model_not_CI
paysim,3,P0,72,raw,636723,3764,0.05,31837,2007,0.5332093517534537,0.06303985928322392,205530,0.0015947328812471963,1969,2342,79,1909,1969,2048,2033.3941076003416,True,offline_attainable_single_model_not_CI
paysim,3,P0,72,raw,636723,3764,0.1,63673,2751,0.7308714133900106,0.043205126191635385,162222,0.0011806565851197313,2728,2224,63,1078,2728,2791,2758.536870503597,True,offline_attainable_single_model_not_CI
paysim,3,P0,72,clipped,636723,3764,0.01,6368,1256,0.3336875664187035,0.1972361809045226,255912,0.0031674776648514943,1230,398,31,334,1230,1261,1256.0150753768844,True,offline_attainable_single_model_not_CI
paysim,3,P0,72,clipped,636723,3764,0.03,19102,1681,0.44659936238044634,0.08800125641294106,225721,0.0021626189723355322,1658,1011,39,728,1658,1697,1686.0830860534124,True,offline_attainable_single_model_not_CI
paysim,3,P0,72,clipped,636723,3764,0.05,31837,2007,0.5332093517534537,0.06303985928322392,205530,0.0015947328812471963,1969,2342,79,1909,1969,2048,2033.3941076003416,True,offline_attainable_single_model_not_CI
paysim,3,P0,72,clipped,636723,3764,0.1,63673,2751,0.7308714133900106,0.043205126191635385,162222,0.0011806565851197313,2728,2224,63,1078,2728,2791,2758.536870503597,True,offline_attainable_single_model_not_CI
paysim,3,P0,72,platt,636723,3764,0.01,6368,1256,0.3336875664187035,0.1972361809045226,255912,0.0033191229232958316,1230,398,31,334,1230,1261,1256.0150753768844,True,offline_attainable_single_model_not_CI
paysim,3,P0,72,platt,636723,3764,0.03,19102,1681,0.44659936238044634,0.08800125641294106,225721,0.002717629240786271,1658,1011,39,728,1658,1697,1686.0830860534124,True,offline_attainable_single_model_not_CI
paysim,3,P0,72,platt,636723,3764,0.05,31837,2007,0.5332093517534537,0.06303985928322392,205530,0.0023168454108798728,1969,2342,79,1909,1969,2048,2033.3941076003416,True,offline_attainable_single_model_not_CI
paysim,3,P0,72,platt,636723,3764,0.1,63673,2751,0.7308714133900106,0.043205126191635385,162222,0.0019793243739513224,2728,2224,63,1078,2728,2791,2758.536870503597,True,offline_attainable_single_model_not_CI
paysim,3,P0,82,raw,636723,3764,0.01,6368,1266,0.3363443145589798,0.19880653266331658,254902,0.0035094829947837683,1266,198,10,9,1266,1275,1266.4545454545455,True,offline_attainable_single_model_not_CI
paysim,3,P0,82,raw,636723,3764,0.03,19102,1778,0.4723698193411265,0.09307925871636478,215924,0.002254377558379901,1777,1966,49,343,1777,1826,1785.5488301119024,True,offline_attainable_single_model_not_CI
paysim,3,P0,82,raw,636723,3764,0.05,31837,2123,0.5640276301806588,0.06668341866381883,193814,0.0017226152521075267,2112,1714,38,772,2112,2150,2129.1155192532087,True,offline_attainable_single_model_not_CI
paysim,3,P0,82,raw,636723,3764,0.1,63673,2827,0.7510626992561105,0.044398724734188745,154546,0.0008315175880637939,2826,894,19,260,2826,2845,2831.5257270693514,True,offline_attainable_single_model_not_CI
paysim,3,P0,82,clipped,636723,3764,0.01,6368,1266,0.3363443145589798,0.19880653266331658,254902,0.0035094829947837683,1266,198,10,9,1266,1275,1266.4545454545455,True,offline_attainable_single_model_not_CI
paysim,3,P0,82,clipped,636723,3764,0.03,19102,1778,0.4723698193411265,0.09307925871636478,215924,0.002254377558379901,1777,1966,49,343,1777,1826,1785.5488301119024,True,offline_attainable_single_model_not_CI
paysim,3,P0,82,clipped,636723,3764,0.05,31837,2123,0.5640276301806588,0.06668341866381883,193814,0.0017226152521075267,2112,1714,38,772,2112,2150,2129.1155192532087,True,offline_attainable_single_model_not_CI
paysim,3,P0,82,clipped,636723,3764,0.1,63673,2827,0.7510626992561105,0.044398724734188745,154546,0.0008315175880637939,2826,894,19,260,2826,2845,2831.5257270693514,True,offline_attainable_single_model_not_CI
paysim,3,P0,82,platt,636723,3764,0.01,6368,1266,0.3363443145589798,0.19880653266331658,254902,0.0033560771983138994,1266,198,10,9,1266,1275,1266.4545454545455,True,offline_attainable_single_model_not_CI
paysim,3,P0,82,platt,636723,3764,0.03,19102,1778,0.4723698193411265,0.09307925871636478,215924,0.0026556317749289945,1777,1966,49,343,1777,1826,1785.5488301119024,True,offline_attainable_single_model_not_CI
paysim,3,P0,82,platt,636723,3764,0.05,31837,2123,0.5640276301806588,0.06668341866381883,193814,0.0023035241493580627,2112,1714,38,772,2112,2150,2129.1155192532087,True,offline_attainable_single_model_not_CI
paysim,3,P0,82,platt,636723,3764,0.1,63673,2827,0.7510626992561105,0.044398724734188745,154546,0.0015674027358499815,2826,894,19,260,2826,2845,2831.5257270693514,True,offline_attainable_single_model_not_CI
paysim,3,PT,42,raw,636723,3764,0.01,6368,347,0.09218916046758767,0.05449120603015075,347721,1.0,0,15992,1151,6368,0,1151,458.3271635817909,True,offline_attainable_single_model_not_CI
paysim,3,PT,42,raw,636723,3764,0.03,19102,1886,0.5010626992561105,0.0987331169511046,205016,0.008491052194858557,1885,74,3,42,1885,1888,1886.7027027027027,True,offline_attainable_single_model_not_CI
paysim,3,PT,42,raw,636723,3764,0.05,31837,2294,0.6094580233793836,0.07205452775073028,176543,0.0030997313830106663,2288,101,9,55,2288,2297,2292.90099009901,True,offline_attainable_single_model_not_CI
paysim,3,PT,42,raw,636723,3764,0.1,63673,2887,0.7670031880977684,0.04534103937304666,148486,0.0016211677719909052,2887,98,1,29,2887,2888,2887.295918367347,True,offline_attainable_single_model_not_CI
paysim,3,PT,42,clipped,636723,3764,0.01,6368,420,0.11158342189160468,0.06595477386934673,340348,0.999999,0,16218,1375,6368,0,1375,539.8939449993834,True,offline_attainable_single_model_not_CI
paysim,3,PT,42,clipped,636723,3764,0.03,19102,1886,0.5010626992561105,0.0987331169511046,205016,0.008491052194858557,1885,74,3,42,1885,1888,1886.7027027027027,True,offline_attainable_single_model_not_CI
paysim,3,PT,42,clipped,636723,3764,0.05,31837,2294,0.6094580233793836,0.07205452775073028,176543,0.0030997313830106663,2288,101,9,55,2288,2297,2292.90099009901,True,offline_attainable_single_model_not_CI
paysim,3,PT,42,clipped,636723,3764,0.1,63673,2887,0.7670031880977684,0.04534103937304666,148486,0.0016211677719909052,2887,98,1,29,2887,2888,2887.295918367347,True,offline_attainable_single_model_not_CI
paysim,3,PT,42,platt,636723,3764,0.01,6368,420,0.11158342189160468,0.06595477386934673,340348,0.05908426884147794,0,16218,1375,6368,0,1375,539.8939449993834,True,offline_attainable_single_model_not_CI
paysim,3,PT,42,platt,636723,3764,0.03,19102,1886,0.5010626992561105,0.0987331169511046,205016,0.0011854592496851528,1885,74,3,42,1885,1888,1886.7027027027027,True,offline_attainable_single_model_not_CI
paysim,3,PT,42,platt,636723,3764,0.05,31837,2294,0.6094580233793836,0.07205452775073028,176543,0.0009549619662381112,2288,101,9,55,2288,2297,2292.90099009901,True,offline_attainable_single_model_not_CI
paysim,3,PT,42,platt,636723,3764,0.1,63673,2887,0.7670031880977684,0.04534103937304666,148486,0.0008313099896262578,2887,98,1,29,2887,2888,2887.295918367347,True,offline_attainable_single_model_not_CI
paysim,3,PT,52,raw,636723,3764,0.01,6368,542,0.14399574920297556,0.08511306532663317,328026,1.0,0,12291,1430,6368,0,1430,740.8868277601497,True,offline_attainable_single_model_not_CI
paysim,3,PT,52,raw,636723,3764,0.03,19102,1937,0.5146121147715197,0.10140299445084285,199865,0.016818757160295357,1937,263,4,73,1937,1941,1938.1102661596958,True,offline_attainable_single_model_not_CI
paysim,3,PT,52,raw,636723,3764,0.05,31837,2313,0.6145058448459086,0.072651317649276,174624,0.0030348020082513797,2311,1761,13,676,2311,2324,2315.990346394094,True,offline_attainable_single_model_not_CI
paysim,3,PT,52,raw,636723,3764,0.1,63673,2871,0.7627523910733263,0.04508975546935122,150102,0.0014790282364220016,2868,213,9,40,2868,2877,2869.6901408450703,True,offline_attainable_single_model_not_CI
paysim,3,PT,52,clipped,636723,3764,0.01,6368,501,0.13310308182784272,0.0786746231155779,332167,0.999999,0,13666,1499,6368,0,1499,698.4949509732182,True,offline_attainable_single_model_not_CI
paysim,3,PT,52,clipped,636723,3764,0.03,19102,1937,0.5146121147715197,0.10140299445084285,199865,0.016818757160295357,1937,263,4,73,1937,1941,1938.1102661596958,True,offline_attainable_single_model_not_CI
paysim,3,PT,52,clipped,636723,3764,0.05,31837,2313,0.6145058448459086,0.072651317649276,174624,0.0030348020082513797,2311,1761,13,676,2311,2324,2315.990346394094,True,offline_attainable_single_model_not_CI
paysim,3,PT,52,clipped,636723,3764,0.1,63673,2871,0.7627523910733263,0.04508975546935122,150102,0.0014790282364220016,2868,213,9,40,2868,2877,2869.6901408450703,True,offline_attainable_single_model_not_CI
paysim,3,PT,52,platt,636723,3764,0.01,6368,501,0.13310308182784272,0.0786746231155779,332167,0.058059716207833144,0,13666,1499,6368,0,1499,698.4949509732182,True,offline_attainable_single_model_not_CI
paysim,3,PT,52,platt,636723,3764,0.03,19102,1937,0.5146121147715197,0.10140299445084285,199865,0.0013496419214286905,1937,263,4,73,1937,1941,1938.1102661596958,True,offline_attainable_single_model_not_CI
paysim,3,PT,52,platt,636723,3764,0.05,31837,2313,0.6145058448459086,0.072651317649276,174624,0.0009338057208194555,2311,1761,13,676,2311,2324,2315.990346394094,True,offline_attainable_single_model_not_CI
paysim,3,PT,52,platt,636723,3764,0.1,63673,2871,0.7627523910733263,0.04508975546935122,150102,0.0008007402371921506,2868,213,9,40,2868,2877,2869.6901408450703,True,offline_attainable_single_model_not_CI
paysim,3,PT,62,raw,636723,3764,0.01,6368,413,0.10972369819341127,0.06485552763819095,341055,1.0,0,11885,1111,6368,0,1111,595.2753891459823,True,offline_attainable_single_model_not_CI
paysim,3,PT,62,raw,636723,3764,0.03,19102,2007,0.5332093517534537,0.10506753219558161,192795,0.007020582348914207,2007,13,0,12,2007,2007,2007.0,True,offline_attainable_single_model_not_CI
paysim,3,PT,62,raw,636723,3764,0.05,31837,2472,0.6567481402763018,0.07764550680026384,158565,0.002605303809231338,2458,761,18,675,2458,2476,2473.965834428384,True,offline_attainable_single_model_not_CI
paysim,3,PT,62,raw,636723,3764,0.1,63673,2956,0.7853347502656748,0.04642470120773326,141517,0.0014863175598542574,2956,282,1,199,2956,2957,2956.705673758865,True,offline_attainable_single_model_not_CI
paysim,3,PT,62,clipped,636723,3764,0.01,6368,491,0.13044633368756642,0.07710427135678392,333177,0.999999,0,12122,1313,6368,0,1313,689.7528460650058,True,offline_attainable_single_model_not_CI
paysim,3,PT,62,clipped,636723,3764,0.03,19102,2007,0.5332093517534537,0.10506753219558161,192795,0.007020582348914207,2007,13,0,12,2007,2007,2007.0,True,offline_attainable_single_model_not_CI
paysim,3,PT,62,clipped,636723,3764,0.05,31837,2472,0.6567481402763018,0.07764550680026384,158565,0.002605303809231338,2458,761,18,675,2458,2476,2473.965834428384,True,offline_attainable_single_model_not_CI
paysim,3,PT,62,clipped,636723,3764,0.1,63673,2956,0.7853347502656748,0.04642470120773326,141517,0.0014863175598542574,2956,282,1,199,2956,2957,2956.705673758865,True,offline_attainable_single_model_not_CI
paysim,3,PT,62,platt,636723,3764,0.01,6368,491,0.13044633368756642,0.07710427135678392,333177,0.061400251288135414,0,12122,1313,6368,0,1313,689.7528460650058,True,offline_attainable_single_model_not_CI
paysim,3,PT,62,platt,636723,3764,0.03,19102,2007,0.5332093517534537,0.10506753219558161,192795,0.0010871848249798086,2007,13,0,12,2007,2007,2007.0,True,offline_attainable_single_model_not_CI
paysim,3,PT,62,platt,636723,3764,0.05,31837,2472,0.6567481402763018,0.07764550680026384,158565,0.0008750088548819958,2458,761,18,675,2458,2476,2473.965834428384,True,offline_attainable_single_model_not_CI
paysim,3,PT,62,platt,636723,3764,0.1,63673,2956,0.7853347502656748,0.04642470120773326,141517,0.0007740174500845379,2956,282,1,199,2956,2957,2956.705673758865,True,offline_attainable_single_model_not_CI
paysim,3,PT,72,raw,636723,3764,0.01,6368,592,0.15727948990435706,0.09296482412060302,322976,1.0,0,10978,1433,6368,0,1433,831.2392056840955,True,offline_attainable_single_model_not_CI
paysim,3,PT,72,raw,636723,3764,0.03,19102,2056,0.5462274176408076,0.10763270861689875,187846,0.0034298844772856856,2056,30,0,22,2056,2056,2056.0,True,offline_attainable_single_model_not_CI
paysim,3,PT,72,raw,636723,3764,0.05,31837,2417,0.6421360255047821,0.07591795709394729,164120,0.0023812415833177236,2417,161,2,8,2417,2419,2417.0993788819874,True,offline_attainable_single_model_not_CI
paysim,3,PT,72,raw,636723,3764,0.1,63673,2914,0.7741764080765143,0.04576508096053272,145759,0.0015430579758642141,2911,497,8,172,2911,2919,2913.76861167002,True,offline_attainable_single_model_not_CI
paysim,3,PT,72,clipped,636723,3764,0.01,6368,612,0.16259298618490967,0.09610552763819095,320956,0.999999,0,11056,1496,6368,0,1496,861.6613603473227,True,offline_attainable_single_model_not_CI
paysim,3,PT,72,clipped,636723,3764,0.03,19102,2056,0.5462274176408076,0.10763270861689875,187846,0.0034298844772856856,2056,30,0,22,2056,2056,2056.0,True,offline_attainable_single_model_not_CI
paysim,3,PT,72,clipped,636723,3764,0.05,31837,2417,0.6421360255047821,0.07591795709394729,164120,0.0023812415833177236,2417,161,2,8,2417,2419,2417.0993788819874,True,offline_attainable_single_model_not_CI
paysim,3,PT,72,clipped,636723,3764,0.1,63673,2914,0.7741764080765143,0.04576508096053272,145759,0.0015430579758642141,2911,497,8,172,2911,2919,2913.76861167002,True,offline_attainable_single_model_not_CI
paysim,3,PT,72,platt,636723,3764,0.01,6368,612,0.16259298618490967,0.09610552763819095,320956,0.05958188243996974,0,11056,1496,6368,0,1496,861.6613603473227,True,offline_attainable_single_model_not_CI
paysim,3,PT,72,platt,636723,3764,0.03,19102,2056,0.5462274176408076,0.10763270861689875,187846,0.0009633535878143439,2056,30,0,22,2056,2056,2056.0,True,offline_attainable_single_model_not_CI
paysim,3,PT,72,platt,636723,3764,0.05,31837,2417,0.6421360255047821,0.07591795709394729,164120,0.0008906036055570635,2417,161,2,8,2417,2419,2417.0993788819874,True,offline_attainable_single_model_not_CI
paysim,3,PT,72,platt,636723,3764,0.1,63673,2914,0.7741764080765143,0.04576508096053272,145759,0.000811287290511854,2911,497,8,172,2911,2919,2913.76861167002,True,offline_attainable_single_model_not_CI
paysim,3,PT,82,raw,636723,3764,0.01,6368,588,0.15621679064824653,0.09233668341708542,323380,1.0,0,12821,1556,6368,0,1556,772.8420560018719,True,offline_attainable_single_model_not_CI
paysim,3,PT,82,raw,636723,3764,0.03,19102,1950,0.5180658873538788,0.10208355146058004,198552,0.008874995983395268,1950,82,2,55,1950,1952,1951.341463414634,True,offline_attainable_single_model_not_CI
paysim,3,PT,82,raw,636723,3764,0.05,31837,2456,0.6524973432518597,0.07714294688569903,160181,0.0023950259525671144,2453,112,3,104,2453,2456,2455.785714285714,True,offline_attainable_single_model_not_CI
paysim,3,PT,82,raw,636723,3764,0.1,63673,2941,0.7813496280552603,0.04618912254801878,143032,0.0014541706464895156,2941,142,0,119,2941,2941,2941.0,True,offline_attainable_single_model_not_CI
paysim,3,PT,82,clipped,636723,3764,0.01,6368,598,0.15887353878852284,0.0939070351758794,322370,0.999999,0,12910,1580,6368,0,1580,779.3524399690162,True,offline_attainable_single_model_not_CI
paysim,3,PT,82,clipped,636723,3764,0.03,19102,1950,0.5180658873538788,0.10208355146058004,198552,0.008874995983395268,1950,82,2,55,1950,1952,1951.341463414634,True,offline_attainable_single_model_not_CI
paysim,3,PT,82,clipped,636723,3764,0.05,31837,2456,0.6524973432518597,0.07714294688569903,160181,0.0023950259525671144,2453,112,3,104,2453,2456,2455.785714285714,True,offline_attainable_single_model_not_CI
paysim,3,PT,82,clipped,636723,3764,0.1,63673,2941,0.7813496280552603,0.04618912254801878,143032,0.0014541706464895156,2941,142,0,119,2941,2941,2941.0,True,offline_attainable_single_model_not_CI
paysim,3,PT,82,platt,636723,3764,0.01,6368,598,0.15887353878852284,0.0939070351758794,322370,0.07044965509317344,0,12910,1580,6368,0,1580,779.3524399690162,True,offline_attainable_single_model_not_CI
paysim,3,PT,82,platt,636723,3764,0.03,19102,1950,0.5180658873538788,0.10208355146058004,198552,0.0011923644897649302,1950,82,2,55,1950,1952,1951.341463414634,True,offline_attainable_single_model_not_CI
paysim,3,PT,82,platt,636723,3764,0.05,31837,2456,0.6524973432518597,0.07714294688569903,160181,0.0008881528493670986,2453,112,3,104,2453,2456,2455.785714285714,True,offline_attainable_single_model_not_CI
paysim,3,PT,82,platt,636723,3764,0.1,63673,2941,0.7813496280552603,0.04618912254801878,143032,0.0007941434478359521,2941,142,0,119,2941,2941,2941.0,True,offline_attainable_single_model_not_CI
paysim,3,PH,42,raw,636723,3764,0.01,6368,701,0.18623804463336877,0.11008165829145729,311967,0.16941259836909206,701,296,0,254,701,701,701.0,True,offline_attainable_single_model_not_CI
paysim,3,PH,42,raw,636723,3764,0.03,19102,2779,0.7383103081827843,0.1454821484661292,114823,0.0009352188826470162,2779,542,1,189,2779,2780,2779.348708487085,True,offline_attainable_single_model_not_CI
paysim,3,PH,42,raw,636723,3764,0.05,31837,2854,0.7582359192348566,0.0896441247604988,119983,0.0007633728133728793,2851,19162,114,3900,2851,2965,2874.202170963365,True,offline_attainable_single_model_not_CI
paysim,3,PH,42,raw,636723,3764,0.1,63673,3072,0.8161530286928799,0.04824650950952523,129801,0.0003255074018214088,3072,1,0,1,3072,3072,3072.0,False,offline_attainable_single_model_not_CI
paysim,3,PH,42,clipped,636723,3764,0.01,6368,701,0.18623804463336877,0.11008165829145729,311967,0.16941259836909206,701,296,0,254,701,701,701.0,True,offline_attainable_single_model_not_CI
paysim,3,PH,42,clipped,636723,3764,0.03,19102,2779,0.7383103081827843,0.1454821484661292,114823,0.0009352188826470162,2779,542,1,189,2779,2780,2779.348708487085,True,offline_attainable_single_model_not_CI
paysim,3,PH,42,clipped,636723,3764,0.05,31837,2854,0.7582359192348566,0.0896441247604988,119983,0.0007633728133728793,2851,19162,114,3900,2851,2965,2874.202170963365,True,offline_attainable_single_model_not_CI
paysim,3,PH,42,clipped,636723,3764,0.1,63673,3072,0.8161530286928799,0.04824650950952523,129801,0.0003255074018214088,3072,1,0,1,3072,3072,3072.0,False,offline_attainable_single_model_not_CI
paysim,3,PH,42,platt,636723,3764,0.01,6368,701,0.18623804463336877,0.11008165829145729,311967,0.026254001711713867,701,296,0,254,701,701,701.0,True,offline_attainable_single_model_not_CI
paysim,3,PH,42,platt,636723,3764,0.03,19102,2779,0.7383103081827843,0.1454821484661292,114823,0.0018316892585689964,2779,542,1,189,2779,2780,2779.348708487085,True,offline_attainable_single_model_not_CI
paysim,3,PH,42,platt,636723,3764,0.05,31837,2854,0.7582359192348566,0.0896441247604988,119983,0.0016553090249661019,2851,19162,114,3900,2851,2965,2874.202170963365,True,offline_attainable_single_model_not_CI
paysim,3,PH,42,platt,636723,3764,0.1,63673,3072,0.8161530286928799,0.04824650950952523,129801,0.001082094168897876,3072,1,0,1,3072,3072,3072.0,False,offline_attainable_single_model_not_CI
paysim,3,PH,52,raw,636723,3764,0.01,6368,1768,0.46971307120085015,0.2776381909547739,204200,0.013786081513997527,1702,1652,294,684,1702,1996,1823.7288135593221,True,offline_attainable_single_model_not_CI
paysim,3,PH,52,raw,636723,3764,0.03,19102,2805,0.7452178533475027,0.14684326248560362,112197,0.0007497570833536731,2795,5891,38,3534,2795,2833,2817.796129689357,True,offline_attainable_single_model_not_CI
paysim,3,PH,52,raw,636723,3764,0.05,31837,2884,0.7662061636556854,0.09058642460030782,116953,0.0007179559542368586,2865,12158,68,5893,2865,2933,2897.959697318638,True,offline_attainable_single_model_not_CI
paysim,3,PH,52,raw,636723,3764,0.1,63673,3099,0.823326248671626,0.048670551097011294,127074,0.0003518206261896387,3099,5674,16,712,3099,3115,3101.0077546704265,True,offline_attainable_single_model_not_CI
paysim,3,PH,52,clipped,636723,3764,0.01,6368,1768,0.46971307120085015,0.2776381909547739,204200,0.013786081513997527,1702,1652,294,684,1702,1996,1823.7288135593221,True,offline_attainable_single_model_not_CI
paysim,3,PH,52,clipped,636723,3764,0.03,19102,2805,0.7452178533475027,0.14684326248560362,112197,0.0007497570833536731,2795,5891,38,3534,2795,2833,2817.796129689357,True,offline_attainable_single_model_not_CI
paysim,3,PH,52,clipped,636723,3764,0.05,31837,2884,0.7662061636556854,0.09058642460030782,116953,0.0007179559542368586,2865,12158,68,5893,2865,2933,2897.959697318638,True,offline_attainable_single_model_not_CI
paysim,3,PH,52,clipped,636723,3764,0.1,63673,3099,0.823326248671626,0.048670551097011294,127074,0.0003518206261896387,3099,5674,16,712,3099,3115,3101.0077546704265,True,offline_attainable_single_model_not_CI
paysim,3,PH,52,platt,636723,3764,0.01,6368,1768,0.46971307120085015,0.2776381909547739,204200,0.006084380166736568,1702,1652,294,684,1702,1996,1823.7288135593221,True,offline_attainable_single_model_not_CI
paysim,3,PH,52,platt,636723,3764,0.03,19102,2805,0.7452178533475027,0.14684326248560362,112197,0.0014887703682003347,2795,5891,38,3534,2795,2833,2817.796129689357,True,offline_attainable_single_model_not_CI
paysim,3,PH,52,platt,636723,3764,0.05,31837,2884,0.7662061636556854,0.09058642460030782,116953,0.0014579576448743431,2865,12158,68,5893,2865,2933,2897.959697318638,True,offline_attainable_single_model_not_CI
paysim,3,PH,52,platt,636723,3764,0.1,63673,3099,0.823326248671626,0.048670551097011294,127074,0.0010333830594997397,3099,5674,16,712,3099,3115,3101.0077546704265,True,offline_attainable_single_model_not_CI
paysim,3,PH,62,raw,636723,3764,0.01,6368,2038,0.5414452709883103,0.32003768844221103,176930,0.01603596441222603,2036,2503,403,436,2036,2439,2106.198961246504,True,offline_attainable_single_model_not_CI
paysim,3,PH,62,raw,636723,3764,0.03,19102,2805,0.7452178533475027,0.14684326248560362,112197,0.000745673128672896,2799,4203,30,2265,2799,2829,2815.167023554604,True,offline_attainable_single_model_not_CI
paysim,3,PH,62,raw,636723,3764,0.05,31837,2854,0.7582359192348566,0.0896441247604988,119983,0.0006901205366770432,2847,18372,112,7540,2847,2959,2892.9655998258218,True,offline_attainable_single_model_not_CI
paysim,3,PH,62,raw,636723,3764,0.1,63673,3159,0.8392667375132837,0.049612865735869205,121014,0.0003210629361237653,3125,4424,50,4031,3125,3175,3170.5583182640144,True,offline_attainable_single_model_not_CI
paysim,3,PH,62,clipped,636723,3764,0.01,6368,2038,0.5414452709883103,0.32003768844221103,176930,0.01603596441222603,2036,2503,403,436,2036,2439,2106.198961246504,True,offline_attainable_single_model_not_CI
paysim,3,PH,62,clipped,636723,3764,0.03,19102,2805,0.7452178533475027,0.14684326248560362,112197,0.000745673128672896,2799,4203,30,2265,2799,2829,2815.167023554604,True,offline_attainable_single_model_not_CI
paysim,3,PH,62,clipped,636723,3764,0.05,31837,2854,0.7582359192348566,0.0896441247604988,119983,0.0006901205366770432,2847,18372,112,7540,2847,2959,2892.9655998258218,True,offline_attainable_single_model_not_CI
paysim,3,PH,62,clipped,636723,3764,0.1,63673,3159,0.8392667375132837,0.049612865735869205,121014,0.0003210629361237653,3125,4424,50,4031,3125,3175,3170.5583182640144,True,offline_attainable_single_model_not_CI
paysim,3,PH,62,platt,636723,3764,0.01,6368,2038,0.5414452709883103,0.32003768844221103,176930,0.012850368671797802,2036,2503,403,436,2036,2439,2106.198961246504,True,offline_attainable_single_model_not_CI
paysim,3,PH,62,platt,636723,3764,0.03,19102,2805,0.7452178533475027,0.14684326248560362,112197,0.001818336835538678,2799,4203,30,2265,2799,2829,2815.167023554604,True,offline_attainable_single_model_not_CI
paysim,3,PH,62,platt,636723,3764,0.05,31837,2854,0.7582359192348566,0.0896441247604988,119983,0.0017308302097992156,2847,18372,112,7540,2847,2959,2892.9655998258218,True,offline_attainable_single_model_not_CI
paysim,3,PH,62,platt,636723,3764,0.1,63673,3159,0.8392667375132837,0.049612865735869205,121014,0.0010629302340677974,3125,4424,50,4031,3125,3175,3170.5583182640144,True,offline_attainable_single_model_not_CI
paysim,3,PH,72,raw,636723,3764,0.01,6368,1836,0.487778958554729,0.28831658291457285,197332,0.013721341278756688,1830,2153,370,718,1830,2200,1953.3906177426845,True,offline_attainable_single_model_not_CI
paysim,3,PH,72,raw,636723,3764,0.03,19102,2752,0.7311370882040382,0.14406868390744423,117550,0.000825851814431448,2741,6643,61,3038,2741,2802,2768.896733403583,True,offline_attainable_single_model_not_CI
paysim,3,PH,72,raw,636723,3764,0.05,31837,2862,0.7603613177470776,0.0898954047177812,119175,0.0007460270093246865,2862,17609,110,799,2862,2972,2866.991197683003,True,offline_attainable_single_model_not_CI
paysim,3,PH,72,raw,636723,3764,0.1,63673,3079,0.8180127523910733,0.048356446217391984,129094,0.0005885551570640489,3056,7686,41,5988,3056,3097,3087.942232630757,True,offline_attainable_single_model_not_CI
paysim,3,PH,72,clipped,636723,3764,0.01,6368,1836,0.487778958554729,0.28831658291457285,197332,0.013721341278756688,1830,2153,370,718,1830,2200,1953.3906177426845,True,offline_attainable_single_model_not_CI
paysim,3,PH,72,clipped,636723,3764,0.03,19102,2752,0.7311370882040382,0.14406868390744423,117550,0.000825851814431448,2741,6643,61,3038,2741,2802,2768.896733403583,True,offline_attainable_single_model_not_CI
paysim,3,PH,72,clipped,636723,3764,0.05,31837,2862,0.7603613177470776,0.0898954047177812,119175,0.0007460270093246865,2862,17609,110,799,2862,2972,2866.991197683003,True,offline_attainable_single_model_not_CI
paysim,3,PH,72,clipped,636723,3764,0.1,63673,3079,0.8180127523910733,0.048356446217391984,129094,0.0005885551570640489,3056,7686,41,5988,3056,3097,3087.942232630757,True,offline_attainable_single_model_not_CI
paysim,3,PH,72,platt,636723,3764,0.01,6368,1836,0.487778958554729,0.28831658291457285,197332,0.0037980832804841245,1830,2153,370,718,1830,2200,1953.3906177426845,True,offline_attainable_single_model_not_CI
paysim,3,PH,72,platt,636723,3764,0.03,19102,2752,0.7311370882040382,0.14406868390744423,117550,0.0011920501221919706,2741,6643,61,3038,2741,2802,2768.896733403583,True,offline_attainable_single_model_not_CI
paysim,3,PH,72,platt,636723,3764,0.05,31837,2862,0.7603613177470776,0.0898954047177812,119175,0.0011432472103543399,2862,17609,110,799,2862,2972,2866.991197683003,True,offline_attainable_single_model_not_CI
paysim,3,PH,72,platt,636723,3764,0.1,63673,3079,0.8180127523910733,0.048356446217391984,129094,0.0010370500568408106,3056,7686,41,5988,3056,3097,3087.942232630757,True,offline_attainable_single_model_not_CI
paysim,3,PH,82,raw,636723,3764,0.01,6368,1770,0.47024442082890544,0.27795226130653267,203998,0.018653380099982766,1757,3529,616,1204,1757,2373,1967.162652309436,True,offline_attainable_single_model_not_CI
paysim,3,PH,82,raw,636723,3764,0.03,19102,2760,0.7332624867162593,0.14448748822112867,116742,0.000722939135785855,2760,23921,143,1944,2760,2903,2771.6212532920863,True,offline_attainable_single_model_not_CI
paysim,3,PH,82,raw,636723,3764,0.05,31837,2818,0.7486716259298618,0.08851336495272796,123619,0.000722939135785855,2760,23921,143,14679,2760,2903,2847.7512227749676,True,offline_attainable_single_model_not_CI
paysim,3,PH,82,raw,636723,3764,0.1,63673,3084,0.8193411264612115,0.04843497243729682,128589,0.0005172767094303724,3054,5417,34,5151,3054,3088,3086.330441203618,True,offline_attainable_single_model_not_CI
paysim,3,PH,82,clipped,636723,3764,0.01,6368,1770,0.47024442082890544,0.27795226130653267,203998,0.018653380099982766,1757,3529,616,1204,1757,2373,1967.162652309436,True,offline_attainable_single_model_not_CI
paysim,3,PH,82,clipped,636723,3764,0.03,19102,2760,0.7332624867162593,0.14448748822112867,116742,0.000722939135785855,2760,23921,143,1944,2760,2903,2771.6212532920863,True,offline_attainable_single_model_not_CI
paysim,3,PH,82,clipped,636723,3764,0.05,31837,2818,0.7486716259298618,0.08851336495272796,123619,0.000722939135785855,2760,23921,143,14679,2760,2903,2847.7512227749676,True,offline_attainable_single_model_not_CI
paysim,3,PH,82,clipped,636723,3764,0.1,63673,3084,0.8193411264612115,0.04843497243729682,128589,0.0005172767094303724,3054,5417,34,5151,3054,3088,3086.330441203618,True,offline_attainable_single_model_not_CI
paysim,3,PH,82,platt,636723,3764,0.01,6368,1770,0.47024442082890544,0.27795226130653267,203998,0.008765933575392034,1757,3529,616,1204,1757,2373,1967.162652309436,True,offline_attainable_single_model_not_CI
paysim,3,PH,82,platt,636723,3764,0.03,19102,2760,0.7332624867162593,0.14448748822112867,116742,0.0014571080588720356,2760,23921,143,1944,2760,2903,2771.6212532920863,True,offline_attainable_single_model_not_CI
paysim,3,PH,82,platt,636723,3764,0.05,31837,2818,0.7486716259298618,0.08851336495272796,123619,0.0014571080588720356,2760,23921,143,14679,2760,2903,2847.7512227749676,True,offline_attainable_single_model_not_CI
paysim,3,PH,82,platt,636723,3764,0.1,63673,3084,0.8193411264612115,0.04843497243729682,128589,0.0012117428558841455,3054,5417,34,5151,3054,3088,3086.330441203618,True,offline_attainable_single_model_not_CI
paysim,3,PTH,42,raw,636723,3764,0.01,6368,1627,0.4322529224229543,0.2554962311557789,218441,0.7616578719905379,1627,17,0,9,1627,1627,1627.0,True,offline_attainable_single_model_not_CI
paysim,3,PTH,42,raw,636723,3764,0.03,19102,3049,0.8100425079702445,0.15961679405297874,87553,0.002719051463996179,3046,1015,7,662,3046,3053,3050.5655172413794,True,offline_attainable_single_model_not_CI
paysim,3,PTH,42,raw,636723,3764,0.05,31837,3182,0.8453772582359192,0.09994660300907748,86855,0.0007313000321401018,3181,1263,3,551,3181,3184,3182.3087885985747,True,offline_attainable_single_model_not_CI
paysim,3,PTH,42,raw,636723,3764,0.1,63673,3307,0.878586609989373,0.051937241845052065,106066,0.0005727371758273778,3301,3067,12,2044,3301,3313,3308.997391587871,True,offline_attainable_single_model_not_CI
paysim,3,PTH,42,clipped,636723,3764,0.01,6368,1627,0.4322529224229543,0.2554962311557789,218441,0.7616578719905379,1627,17,0,9,1627,1627,1627.0,True,offline_attainable_single_model_not_CI
paysim,3,PTH,42,clipped,636723,3764,0.03,19102,3049,0.8100425079702445,0.15961679405297874,87553,0.002719051463996179,3046,1015,7,662,3046,3053,3050.5655172413794,True,offline_attainable_single_model_not_CI
paysim,3,PTH,42,clipped,636723,3764,0.05,31837,3182,0.8453772582359192,0.09994660300907748,86855,0.0007313000321401018,3181,1263,3,551,3181,3184,3182.3087885985747,True,offline_attainable_single_model_not_CI
paysim,3,PTH,42,clipped,636723,3764,0.1,63673,3307,0.878586609989373,0.051937241845052065,106066,0.0005727371758273778,3301,3067,12,2044,3301,3313,3308.997391587871,True,offline_attainable_single_model_not_CI
paysim,3,PTH,42,platt,636723,3764,0.01,6368,1627,0.4322529224229543,0.2554962311557789,218441,0.0104403928166739,1627,17,0,9,1627,1627,1627.0,True,offline_attainable_single_model_not_CI
paysim,3,PTH,42,platt,636723,3764,0.03,19102,3049,0.8100425079702445,0.15961679405297874,87553,0.0010146466017615166,3046,1015,7,662,3046,3053,3050.5655172413794,True,offline_attainable_single_model_not_CI
paysim,3,PTH,42,platt,636723,3764,0.05,31837,3182,0.8453772582359192,0.09994660300907748,86855,0.0006565662815427125,3181,1263,3,551,3181,3184,3182.3087885985747,True,offline_attainable_single_model_not_CI
paysim,3,PTH,42,platt,636723,3764,0.1,63673,3307,0.878586609989373,0.051937241845052065,106066,0.0006055102995612563,3301,3067,12,2044,3301,3313,3308.997391587871,True,offline_attainable_single_model_not_CI
paysim,3,PTH,52,raw,636723,3764,0.01,6368,560,0.1487778958554729,0.08793969849246232,326208,1.0,0,10558,1365,6368,0,1365,823.2922902064785,True,offline_attainable_single_model_not_CI
paysim,3,PTH,52,raw,636723,3764,0.03,19102,2625,0.6973963868225292,0.1374201654277039,130377,0.012656853866476171,2616,233,15,188,2616,2631,2628.1030042918455,True,offline_attainable_single_model_not_CI
paysim,3,PTH,52,raw,636723,3764,0.05,31837,2988,0.793836344314559,0.09385306404497912,106449,0.0009646494357178128,2988,24,0,15,2988,2988,2988.0,True,offline_attainable_single_model_not_CI
paysim,3,PTH,52,raw,636723,3764,0.1,63673,3093,0.8217321997874601,0.0485763196331255,127680,0.0006254399809193319,3050,15837,47,15455,3050,3097,3095.8663256929976,True,offline_attainable_single_model_not_CI
paysim,3,PTH,52,clipped,636723,3764,0.01,6368,582,0.15462274176408078,0.09139447236180905,323986,0.999999,0,10684,1419,6368,0,1419,845.768625982778,True,offline_attainable_single_model_not_CI
paysim,3,PTH,52,clipped,636723,3764,0.03,19102,2625,0.6973963868225292,0.1374201654277039,130377,0.012656853866476171,2616,233,15,188,2616,2631,2628.1030042918455,True,offline_attainable_single_model_not_CI
paysim,3,PTH,52,clipped,636723,3764,0.05,31837,2988,0.793836344314559,0.09385306404497912,106449,0.0009646494357178128,2988,24,0,15,2988,2988,2988.0,True,offline_attainable_single_model_not_CI
paysim,3,PTH,52,clipped,636723,3764,0.1,63673,3093,0.8217321997874601,0.0485763196331255,127680,0.0006254399809193319,3050,15837,47,15455,3050,3097,3095.8663256929976,True,offline_attainable_single_model_not_CI
paysim,3,PTH,52,platt,636723,3764,0.01,6368,582,0.15462274176408078,0.09139447236180905,323986,0.06268201003528101,0,10684,1419,6368,0,1419,845.768625982778,True,offline_attainable_single_model_not_CI
paysim,3,PTH,52,platt,636723,3764,0.03,19102,2625,0.6973963868225292,0.1374201654277039,130377,0.0012480240015489738,2616,233,15,188,2616,2631,2628.1030042918455,True,offline_attainable_single_model_not_CI
paysim,3,PTH,52,platt,636723,3764,0.05,31837,2988,0.793836344314559,0.09385306404497912,106449,0.0007087439811952359,2988,24,0,15,2988,2988,2988.0,True,offline_attainable_single_model_not_CI
paysim,3,PTH,52,platt,636723,3764,0.1,63673,3093,0.8217321997874601,0.0485763196331255,127680,0.0006445699480599455,3050,15837,47,15455,3050,3097,3095.8663256929976,True,offline_attainable_single_model_not_CI
paysim,3,PTH,62,raw,636723,3764,0.01,6368,564,0.14984059511158343,0.0885678391959799,325804,1.0,0,11742,1463,6368,0,1463,793.4239482200647,True,offline_attainable_single_model_not_CI
paysim,3,PTH,62,raw,636723,3764,0.03,19102,2439,0.64798087141339,0.1276829651345409,149163,0.009599806016118925,2439,157,16,76,2439,2455,2446.7452229299365,True,offline_attainable_single_model_not_CI
paysim,3,PTH,62,raw,636723,3764,0.05,31837,3025,0.8036663124335813,0.09501523384741024,102712,0.0005944993055051605,3016,2247,12,1852,3016,3028,3025.890520694259,True,offline_attainable_single_model_not_CI
paysim,3,PTH,62,raw,636723,3764,0.1,63673,3179,0.8445802337938364,0.04992697061548851,118994,0.00039137230278532336,3179,1,0,1,3179,3179,3179.0,False,offline_attainable_single_model_not_CI
paysim,3,PTH,62,clipped,636723,3764,0.01,6368,570,0.1514346439957492,0.08951005025125629,325198,0.999999,0,11870,1494,6368,0,1494,801.4989048020219,True,offline_attainable_single_model_not_CI
paysim,3,PTH,62,clipped,636723,3764,0.03,19102,2439,0.64798087141339,0.1276829651345409,149163,0.009599806016118925,2439,157,16,76,2439,2455,2446.7452229299365,True,offline_attainable_single_model_not_CI
paysim,3,PTH,62,clipped,636723,3764,0.05,31837,3025,0.8036663124335813,0.09501523384741024,102712,0.0005944993055051605,3016,2247,12,1852,3016,3028,3025.890520694259,True,offline_attainable_single_model_not_CI
paysim,3,PTH,62,clipped,636723,3764,0.1,63673,3179,0.8445802337938364,0.04992697061548851,118994,0.00039137230278532336,3179,1,0,1,3179,3179,3179.0,False,offline_attainable_single_model_not_CI
paysim,3,PTH,62,platt,636723,3764,0.01,6368,570,0.1514346439957492,0.08951005025125629,325198,0.06253259661661127,0,11870,1494,6368,0,1494,801.4989048020219,True,offline_attainable_single_model_not_CI
paysim,3,PTH,62,platt,636723,3764,0.03,19102,2439,0.64798087141339,0.1276829651345409,149163,0.0011696031587724277,2439,157,16,76,2439,2455,2446.7452229299365,True,offline_attainable_single_model_not_CI
paysim,3,PTH,62,platt,636723,3764,0.05,31837,3025,0.8036663124335813,0.09501523384741024,102712,0.0006349469486027889,3016,2247,12,1852,3016,3028,3025.890520694259,True,offline_attainable_single_model_not_CI
paysim,3,PTH,62,platt,636723,3764,0.1,63673,3179,0.8445802337938364,0.04992697061548851,118994,0.0005793832178685563,3179,1,0,1,3179,3179,3179.0,False,offline_attainable_single_model_not_CI
paysim,3,PTH,72,raw,636723,3764,0.01,6368,751,0.19952178533475026,0.11793341708542714,306917,0.9996285295869792,751,12,0,8,751,751,751.0,True,offline_attainable_single_model_not_CI
paysim,3,PTH,72,raw,636723,3764,0.03,19102,2631,0.6989904357066951,0.13773426866296723,129771,0.0016102356964525543,2630,45,2,39,2630,2632,2631.733333333333,True,offline_attainable_single_model_not_CI
paysim,3,PTH,72,raw,636723,3764,0.05,31837,2737,0.7271519659936238,0.08596915538524358,131800,0.000637347938153518,2734,592,5,212,2734,2739,2735.7905405405404,True,offline_attainable_single_model_not_CI
paysim,3,PTH,72,raw,636723,3764,0.1,63673,2852,0.7577045696068013,0.044791355833712874,152021,0.0004453029867343614,2823,9576,35,8504,2823,2858,2854.0818713450294,True,offline_attainable_single_model_not_CI
paysim,3,PTH,72,clipped,636723,3764,0.01,6368,751,0.19952178533475026,0.11793341708542714,306917,0.9996285295869792,751,12,0,8,751,751,751.0,True,offline_attainable_single_model_not_CI
paysim,3,PTH,72,clipped,636723,3764,0.03,19102,2631,0.6989904357066951,0.13773426866296723,129771,0.0016102356964525543,2630,45,2,39,2630,2632,2631.733333333333,True,offline_attainable_single_model_not_CI
paysim,3,PTH,72,clipped,636723,3764,0.05,31837,2737,0.7271519659936238,0.08596915538524358,131800,0.000637347938153518,2734,592,5,212,2734,2739,2735.7905405405404,True,offline_attainable_single_model_not_CI
paysim,3,PTH,72,clipped,636723,3764,0.1,63673,2852,0.7577045696068013,0.044791355833712874,152021,0.0004453029867343614,2823,9576,35,8504,2823,2858,2854.0818713450294,True,offline_attainable_single_model_not_CI
paysim,3,PTH,72,platt,636723,3764,0.01,6368,751,0.19952178533475026,0.11793341708542714,306917,0.16882702187329093,751,12,0,8,751,751,751.0,True,offline_attainable_single_model_not_CI
paysim,3,PTH,72,platt,636723,3764,0.03,19102,2631,0.6989904357066951,0.13773426866296723,129771,0.0013842176144452207,2630,45,2,39,2630,2632,2631.733333333333,True,offline_attainable_single_model_not_CI
paysim,3,PTH,72,platt,636723,3764,0.05,31837,2737,0.7271519659936238,0.08596915538524358,131800,0.0010025623140813384,2734,592,5,212,2734,2739,2735.7905405405404,True,offline_attainable_single_model_not_CI
paysim,3,PTH,72,platt,636723,3764,0.1,63673,2852,0.7577045696068013,0.044791355833712874,152021,0.0008849691756182732,2823,9576,35,8504,2823,2858,2854.0818713450294,True,offline_attainable_single_model_not_CI
paysim,3,PTH,82,raw,636723,3764,0.01,6368,1250,0.33209351753453775,0.19629396984924624,256518,0.9999999079398167,1250,39,0,10,1250,1250,1250.0,True,offline_attainable_single_model_not_CI
paysim,3,PTH,82,raw,636723,3764,0.03,19102,2632,0.6992561105207227,0.13778661920217777,129670,0.013476760795026835,2630,432,33,182,2630,2663,2643.902777777778,True,offline_attainable_single_model_not_CI
paysim,3,PTH,82,raw,636723,3764,0.05,31837,2988,0.793836344314559,0.09385306404497912,106449,0.0005967294034258217,2988,20554,66,545,2988,3054,2989.750024326165,True,offline_attainable_single_model_not_CI
paysim,3,PTH,82,raw,636723,3764,0.1,63673,3149,0.8366099893730075,0.04945581329605955,122024,0.0004030557847205531,3149,2388,4,51,3149,3153,3149.0854271356784,True,offline_attainable_single_model_not_CI
paysim,3,PTH,82,clipped,636723,3764,0.01,6368,1178,0.31296493092454836,0.18498743718592964,263790,0.999999,0,6484,1294,6368,1178,1294,1270.850092535472,True,offline_attainable_single_model_not_CI
paysim,3,PTH,82,clipped,636723,3764,0.03,19102,2632,0.6992561105207227,0.13778661920217777,129670,0.013476760795026835,2630,432,33,182,2630,2663,2643.902777777778,True,offline_attainable_single_model_not_CI
paysim,3,PTH,82,clipped,636723,3764,0.05,31837,2988,0.793836344314559,0.09385306404497912,106449,0.0005967294034258217,2988,20554,66,545,2988,3054,2989.750024326165,True,offline_attainable_single_model_not_CI
paysim,3,PTH,82,clipped,636723,3764,0.1,63673,3149,0.8366099893730075,0.04945581329605955,122024,0.0004030557847205531,3149,2388,4,51,3149,3153,3149.0854271356784,True,offline_attainable_single_model_not_CI
paysim,3,PTH,82,platt,636723,3764,0.01,6368,1178,0.31296493092454836,0.18498743718592964,263790,0.9001192872421371,0,6484,1294,6368,1178,1294,1270.850092535472,True,offline_attainable_single_model_not_CI
paysim,3,PTH,82,platt,636723,3764,0.03,19102,2632,0.6992561105207227,0.13778661920217777,129670,0.0034525397366798804,2630,432,33,182,2630,2663,2643.902777777778,True,offline_attainable_single_model_not_CI
paysim,3,PTH,82,platt,636723,3764,0.05,31837,2988,0.793836344314559,0.09385306404497912,106449,0.0008890277776617983,2988,20554,66,545,2988,3054,2989.750024326165,True,offline_attainable_single_model_not_CI
paysim,3,PTH,82,platt,636723,3764,0.1,63673,3149,0.8366099893730075,0.04945581329605955,122024,0.0007497864260446463,3149,2388,4,51,3149,3153,3149.0854271356784,True,offline_attainable_single_model_not_CI
paysim,3,PTHW,42,raw,636723,3764,0.01,6368,1520,0.4038257173219979,0.23869346733668342,229248,0.550148718287941,1520,36,0,23,1520,1520,1520.0,True,offline_attainable_single_model_not_CI
paysim,3,PTHW,42,raw,636723,3764,0.03,19102,3070,0.8156216790648246,0.16071615537640038,85432,0.0016254788373887864,3062,622,12,513,3062,3074,3071.897106109325,True,offline_attainable_single_model_not_CI
paysim,3,PTHW,42,raw,636723,3764,0.05,31837,3119,0.8286397449521785,0.09796777334547853,93218,0.0013244394390974717,3114,16421,41,8141,3114,3155,3134.3264722002314,True,offline_attainable_single_model_not_CI
paysim,3,PTHW,42,raw,636723,3764,0.1,63673,3290,0.8740701381509033,0.05167025269737566,107783,0.000510934325308192,3289,8529,8,2030,3289,3297,3290.904091921679,True,offline_attainable_single_model_not_CI
paysim,3,PTHW,42,clipped,636723,3764,0.01,6368,1520,0.4038257173219979,0.23869346733668342,229248,0.550148718287941,1520,36,0,23,1520,1520,1520.0,True,offline_attainable_single_model_not_CI
paysim,3,PTHW,42,clipped,636723,3764,0.03,19102,3070,0.8156216790648246,0.16071615537640038,85432,0.0016254788373887864,3062,622,12,513,3062,3074,3071.897106109325,True,offline_attainable_single_model_not_CI
paysim,3,PTHW,42,clipped,636723,3764,0.05,31837,3119,0.8286397449521785,0.09796777334547853,93218,0.0013244394390974717,3114,16421,41,8141,3114,3155,3134.3264722002314,True,offline_attainable_single_model_not_CI
paysim,3,PTHW,42,clipped,636723,3764,0.1,63673,3290,0.8740701381509033,0.05167025269737566,107783,0.000510934325308192,3289,8529,8,2030,3289,3297,3290.904091921679,True,offline_attainable_single_model_not_CI
paysim,3,PTHW,42,platt,636723,3764,0.01,6368,1520,0.4038257173219979,0.23869346733668342,229248,0.04950469697726905,1520,36,0,23,1520,1520,1520.0,True,offline_attainable_single_model_not_CI
paysim,3,PTHW,42,platt,636723,3764,0.03,19102,3070,0.8156216790648246,0.16071615537640038,85432,0.0014271030692950626,3062,622,12,513,3062,3074,3071.897106109325,True,offline_attainable_single_model_not_CI
paysim,3,PTHW,42,platt,636723,3764,0.05,31837,3119,0.8286397449521785,0.09796777334547853,93218,0.0012768708115187884,3114,16421,41,8141,3114,3155,3134.3264722002314,True,offline_attainable_single_model_not_CI
paysim,3,PTHW,42,platt,636723,3764,0.1,63673,3290,0.8740701381509033,0.05167025269737566,107783,0.0007612775976725419,3289,8529,8,2030,3289,3297,3290.904091921679,True,offline_attainable_single_model_not_CI
paysim,3,PTHW,52,raw,636723,3764,0.01,6368,993,0.2638150903294368,0.1559359296482412,282475,1.0,0,7212,1294,6368,450,1294,1142.5668330560177,True,offline_attainable_single_model_not_CI
paysim,3,PTHW,52,raw,636723,3764,0.03,19102,2164,0.5749202975557917,0.11328656685163857,176938,0.03149441757361875,2163,7399,35,406,2163,2198,2164.9205298013244,True,offline_attainable_single_model_not_CI
paysim,3,PTHW,52,raw,636723,3764,0.05,31837,2230,0.5924548352816154,0.07004428809247103,183007,0.02989432343484602,2211,4140,22,3158,2211,2233,2227.7816425120773,True,offline_attainable_single_model_not_CI
paysim,3,PTHW,52,raw,636723,3764,0.1,63673,3014,0.8007438894792773,0.04733560535862925,135659,0.000876821141926074,3009,2787,9,1651,3009,3018,3014.331539289559,True,offline_attainable_single_model_not_CI
paysim,3,PTHW,52,clipped,636723,3764,0.01,6368,1078,0.2863974495217853,0.16928391959798994,273890,0.999999,0,7559,1404,6368,213,1404,1182.785024474137,True,offline_attainable_single_model_not_CI
paysim,3,PTHW,52,clipped,636723,3764,0.03,19102,2164,0.5749202975557917,0.11328656685163857,176938,0.03149441757361875,2163,7399,35,406,2163,2198,2164.9205298013244,True,offline_attainable_single_model_not_CI
paysim,3,PTHW,52,clipped,636723,3764,0.05,31837,2230,0.5924548352816154,0.07004428809247103,183007,0.02989432343484602,2211,4140,22,3158,2211,2233,2227.7816425120773,True,offline_attainable_single_model_not_CI
paysim,3,PTHW,52,clipped,636723,3764,0.1,63673,3014,0.8007438894792773,0.04733560535862925,135659,0.000876821141926074,3009,2787,9,1651,3009,3018,3014.331539289559,True,offline_attainable_single_model_not_CI
paysim,3,PTHW,52,platt,636723,3764,0.01,6368,1078,0.2863974495217853,0.16928391959798994,273890,0.8041900097271338,0,7559,1404,6368,213,1404,1182.785024474137,True,offline_attainable_single_model_not_CI
paysim,3,PTHW,52,platt,636723,3764,0.03,19102,2164,0.5749202975557917,0.11328656685163857,176938,0.0034636494862006566,2163,7399,35,406,2163,2198,2164.9205298013244,True,offline_attainable_single_model_not_CI
paysim,3,PTHW,52,platt,636723,3764,0.05,31837,2230,0.5924548352816154,0.07004428809247103,183007,0.00338829163953703,2211,4140,22,3158,2211,2233,2227.7816425120773,True,offline_attainable_single_model_not_CI
paysim,3,PTHW,52,platt,636723,3764,0.1,63673,3014,0.8007438894792773,0.04733560535862925,135659,0.0007887858262713942,3009,2787,9,1651,3009,3018,3014.331539289559,True,offline_attainable_single_model_not_CI
paysim,3,PTHW,62,raw,636723,3764,0.01,6368,1466,0.3894792773645058,0.23021356783919597,234702,0.07656444347607144,1466,10,0,1,1466,1466,1466.0,True,offline_attainable_single_model_not_CI
paysim,3,PTHW,62,raw,636723,3764,0.03,19102,2407,0.6394792773645058,0.12600774787980315,152395,0.0015809750432693851,2407,1,0,1,2407,2407,2407.0,False,offline_attainable_single_model_not_CI
paysim,3,PTHW,62,raw,636723,3764,0.05,31837,2488,0.6609989373007439,0.07814806671482866,156949,0.0012235972054763572,2488,1355,3,521,2488,2491,2489.1535055350555,True,offline_attainable_single_model_not_CI
paysim,3,PTHW,62,raw,636723,3764,0.1,63673,2686,0.7136025504782146,0.04218428533287265,168787,0.0005997318617981883,2686,23,0,19,2686,2686,2686.0,True,offline_attainable_single_model_not_CI
paysim,3,PTHW,62,clipped,636723,3764,0.01,6368,1466,0.3894792773645058,0.23021356783919597,234702,0.07656444347607144,1466,10,0,1,1466,1466,1466.0,True,offline_attainable_single_model_not_CI
paysim,3,PTHW,62,clipped,636723,3764,0.03,19102,2407,0.6394792773645058,0.12600774787980315,152395,0.0015809750432693851,2407,1,0,1,2407,2407,2407.0,False,offline_attainable_single_model_not_CI
paysim,3,PTHW,62,clipped,636723,3764,0.05,31837,2488,0.6609989373007439,0.07814806671482866,156949,0.0012235972054763572,2488,1355,3,521,2488,2491,2489.1535055350555,True,offline_attainable_single_model_not_CI
paysim,3,PTHW,62,clipped,636723,3764,0.1,63673,2686,0.7136025504782146,0.04218428533287265,168787,0.0005997318617981883,2686,23,0,19,2686,2686,2686.0,True,offline_attainable_single_model_not_CI
paysim,3,PTHW,62,platt,636723,3764,0.01,6368,1466,0.3894792773645058,0.23021356783919597,234702,0.002626451427149402,1466,10,0,1,1466,1466,1466.0,True,offline_attainable_single_model_not_CI
paysim,3,PTHW,62,platt,636723,3764,0.03,19102,2407,0.6394792773645058,0.12600774787980315,152395,0.0008525881937604804,2407,1,0,1,2407,2407,2407.0,False,offline_attainable_single_model_not_CI
paysim,3,PTHW,62,platt,636723,3764,0.05,31837,2488,0.6609989373007439,0.07814806671482866,156949,0.0007925704352193746,2488,1355,3,521,2488,2491,2489.1535055350555,True,offline_attainable_single_model_not_CI
paysim,3,PTHW,62,platt,636723,3764,0.1,63673,2686,0.7136025504782146,0.04218428533287265,168787,0.0006469305460999787,2686,23,0,19,2686,2686,2686.0,True,offline_attainable_single_model_not_CI
paysim,3,PTHW,72,raw,636723,3764,0.01,6368,1734,0.46068012752391074,0.27229899497487436,207634,0.19895152551429765,1732,784,5,367,1732,1737,1734.3405612244899,True,offline_attainable_single_model_not_CI
paysim,3,PTHW,72,raw,636723,3764,0.03,19102,3060,0.8129649309245484,0.16019264998429483,86442,0.004188577223074934,3060,74,0,23,3060,3060,3060.0,True,offline_attainable_single_model_not_CI
paysim,3,PTHW,72,raw,636723,3764,0.05,31837,3160,0.8395324123273114,0.09925558312655088,89077,0.0015545750901044442,3158,261,10,81,3158,3168,3161.103448275862,True,offline_attainable_single_model_not_CI
paysim,3,PTHW,72,raw,636723,3764,0.1,63673,3324,0.8831030818278427,0.05220423099272847,104349,0.0007190924975725298,3324,9124,24,169,3324,3348,3324.444541867602,True,offline_attainable_single_model_not_CI
paysim,3,PTHW,72,clipped,636723,3764,0.01,6368,1734,0.46068012752391074,0.27229899497487436,207634,0.19895152551429765,1732,784,5,367,1732,1737,1734.3405612244899,True,offline_attainable_single_model_not_CI
paysim,3,PTHW,72,clipped,636723,3764,0.03,19102,3060,0.8129649309245484,0.16019264998429483,86442,0.004188577223074934,3060,74,0,23,3060,3060,3060.0,True,offline_attainable_single_model_not_CI
paysim,3,PTHW,72,clipped,636723,3764,0.05,31837,3160,0.8395324123273114,0.09925558312655088,89077,0.0015545750901044442,3158,261,10,81,3158,3168,3161.103448275862,True,offline_attainable_single_model_not_CI
paysim,3,PTHW,72,clipped,636723,3764,0.1,63673,3324,0.8831030818278427,0.05220423099272847,104349,0.0007190924975725298,3324,9124,24,169,3324,3348,3324.444541867602,True,offline_attainable_single_model_not_CI
paysim,3,PTHW,72,platt,636723,3764,0.01,6368,1734,0.46068012752391074,0.27229899497487436,207634,0.0357667008275398,1732,784,5,367,1732,1737,1734.3405612244899,True,offline_attainable_single_model_not_CI
paysim,3,PTHW,72,platt,636723,3764,0.03,19102,3060,0.8129649309245484,0.16019264998429483,86442,0.0025849280996865483,3060,74,0,23,3060,3060,3060.0,True,offline_attainable_single_model_not_CI
paysim,3,PTHW,72,platt,636723,3764,0.05,31837,3160,0.8395324123273114,0.09925558312655088,89077,0.0013531938611959777,3158,261,10,81,3158,3168,3161.103448275862,True,offline_attainable_single_model_not_CI
paysim,3,PTHW,72,platt,636723,3764,0.1,63673,3324,0.8831030818278427,0.05220423099272847,104349,0.0008182345370151716,3324,9124,24,169,3324,3348,3324.444541867602,True,offline_attainable_single_model_not_CI
paysim,3,PTHW,82,raw,636723,3764,0.01,6368,1136,0.3018065887353879,0.17839195979899497,268032,0.9999999985761112,1128,524,19,184,1128,1147,1134.671755725191,True,offline_attainable_single_model_not_CI
paysim,3,PTHW,82,raw,636723,3764,0.03,19102,2872,0.7630180658873539,0.15035074861271072,105430,0.009503821342113578,2866,292,21,95,2866,2887,2872.832191780822,True,offline_attainable_single_model_not_CI
paysim,3,PTHW,82,raw,636723,3764,0.05,31837,3064,0.8140276301806588,0.09624022363916199,98773,0.0013484811384402002,3064,32,0,26,3064,3064,3064.0,True,offline_attainable_single_model_not_CI
paysim,3,PTHW,82,raw,636723,3764,0.1,63673,3200,0.8501594048884166,0.050256780739088784,116873,0.0010086421616191058,3198,2830,4,1530,3198,3202,3200.1625441696115,True,offline_attainable_single_model_not_CI
paysim,3,PTHW,82,clipped,636723,3764,0.01,6368,909,0.24149840595111582,0.14274497487437185,290959,0.999999,0,6844,1177,6368,701,1177,1095.1396843950906,True,offline_attainable_single_model_not_CI
paysim,3,PTHW,82,clipped,636723,3764,0.03,19102,2872,0.7630180658873539,0.15035074861271072,105430,0.009503821342113578,2866,292,21,95,2866,2887,2872.832191780822,True,offline_attainable_single_model_not_CI
paysim,3,PTHW,82,clipped,636723,3764,0.05,31837,3064,0.8140276301806588,0.09624022363916199,98773,0.0013484811384402002,3064,32,0,26,3064,3064,3064.0,True,offline_attainable_single_model_not_CI
paysim,3,PTHW,82,clipped,636723,3764,0.1,63673,3200,0.8501594048884166,0.050256780739088784,116873,0.0010086421616191058,3198,2830,4,1530,3198,3202,3200.1625441696115,True,offline_attainable_single_model_not_CI
paysim,3,PTHW,82,platt,636723,3764,0.01,6368,909,0.24149840595111582,0.14274497487437185,290959,0.9474199597246731,0,6844,1177,6368,701,1177,1095.1396843950906,True,offline_attainable_single_model_not_CI
paysim,3,PTHW,82,platt,636723,3764,0.03,19102,2872,0.7630180658873539,0.15035074861271072,105430,0.0025522763154320967,2866,292,21,95,2866,2887,2872.832191780822,True,offline_attainable_single_model_not_CI
paysim,3,PTHW,82,platt,636723,3764,0.05,31837,3064,0.8140276301806588,0.09624022363916199,98773,0.0009975353973711066,3064,32,0,26,3064,3064,3064.0,True,offline_attainable_single_model_not_CI
paysim,3,PTHW,82,platt,636723,3764,0.1,63673,3200,0.8501594048884166,0.050256780739088784,116873,0.0008677543235516578,3198,2830,4,1530,3198,3202,3200.1625441696115,True,offline_attainable_single_model_not_CI
