dataset,fold,contrast,role,score_stage,decision_rule,family,metric,replicate_id,value
paysim,3,P_WEIGHT,core,platt,fixed_budget,LightGBM,delta_tp,1,-110.8
paysim,3,P_WEIGHT,core,platt,fixed_budget,LightGBM,delta_tp,2,264.0
paysim,3,P_WEIGHT,core,platt,fixed_budget,LightGBM,delta_tp,3,170.2
paysim,3,P_WEIGHT,core,platt,fixed_budget,LightGBM,delta_tp,4,10.0
paysim,3,P_WEIGHT,core,platt,fixed_budget,LightGBM,delta_tp,5,82.4
paysim,3,P_WEIGHT,core,platt,fixed_budget,LightGBM,delta_tp,6,507.0
paysim,3,P_WEIGHT,core,platt,fixed_budget,LightGBM,delta_tp,7,241.2
paysim,3,P_WEIGHT,core,platt,fixed_budget,LightGBM,delta_tp,8,270.6
paysim,3,P_WEIGHT,core,platt,fixed_budget,LightGBM,delta_tp,9,209.0
paysim,3,P_WEIGHT,core,platt,fixed_budget,LightGBM,delta_tp,10,243.8
paysim,3,P_WEIGHT,core,platt,fixed_budget,LightGBM,delta_tp,11,203.6
paysim,3,P_WEIGHT,core,platt,fixed_budget,LightGBM,delta_tp,12,-102.6
paysim,3,P_WEIGHT,core,platt,fixed_budget,LightGBM,delta_tp,13,-16.0
paysim,3,P_WEIGHT,core,platt,fixed_budget,LightGBM,delta_tp,14,605.6
paysim,3,P_WEIGHT,core,platt,fixed_budget,LightGBM,delta_tp,15,-122.0
paysim,3,P_WEIGHT,core,platt,fixed_budget,LightGBM,delta_tp,16,26.0
paysim,3,P_WEIGHT,core,platt,fixed_budget,LightGBM,delta_tp,17,254.0
paysim,3,P_WEIGHT,core,platt,fixed_budget,LightGBM,delta_tp,18,286.6
paysim,3,P_WEIGHT,core,platt,fixed_budget,LightGBM,delta_tp,19,16.8
paysim,3,P_WEIGHT,core,platt,fixed_budget,LightGBM,delta_tp,20,-113.0
paysim,3,P_WEIGHT,core,platt,fixed_budget,LightGBM,delta_tp,21,261.6
paysim,3,P_WEIGHT,core,platt,fixed_budget,LightGBM,delta_tp,22,35.4
paysim,3,P_WEIGHT,core,platt,fixed_budget,LightGBM,delta_tp,23,14.2
paysim,3,P_WEIGHT,core,platt,fixed_budget,LightGBM,delta_tp,24,271.8
paysim,3,P_WEIGHT,core,platt,fixed_budget,LightGBM,delta_tp,25,405.0
paysim,3,P_WEIGHT,core,platt,fixed_budget,LightGBM,delta_tp,26,363.0
paysim,3,P_WEIGHT,core,platt,fixed_budget,LightGBM,delta_tp,27,180.2
paysim,3,P_WEIGHT,core,platt,fixed_budget,LightGBM,delta_tp,28,2.0
paysim,3,P_WEIGHT,core,platt,fixed_budget,LightGBM,delta_tp,29,448.6
paysim,3,P_WEIGHT,core,platt,fixed_budget,LightGBM,delta_tp,30,159.6
paysim,3,P_WEIGHT,core,platt,fixed_budget,LightGBM,delta_tp,31,-81.6
paysim,3,P_WEIGHT,core,platt,fixed_budget,LightGBM,delta_tp,32,-155.6
paysim,3,P_WEIGHT,core,platt,fixed_budget,LightGBM,delta_tp,33,688.4
paysim,3,P_WEIGHT,core,platt,fixed_budget,LightGBM,delta_tp,34,-143.4
paysim,3,P_WEIGHT,core,platt,fixed_budget,LightGBM,delta_tp,35,-27.0
paysim,3,P_WEIGHT,core,platt,fixed_budget,LightGBM,delta_tp,36,-54.6
paysim,3,P_WEIGHT,core,platt,fixed_budget,LightGBM,delta_tp,37,92.2
paysim,3,P_WEIGHT,core,platt,fixed_budget,LightGBM,delta_tp,38,152.2
paysim,3,P_WEIGHT,core,platt,fixed_budget,LightGBM,delta_tp,39,237.2
paysim,3,P_WEIGHT,core,platt,fixed_budget,LightGBM,delta_tp,40,39.8
paysim,3,P_WEIGHT,core,platt,fixed_budget,LightGBM,delta_tp,41,-82.6
paysim,3,P_WEIGHT,core,platt,fixed_budget,LightGBM,delta_tp,42,64.8
paysim,3,P_WEIGHT,core,platt,fixed_budget,LightGBM,delta_tp,43,166.4
paysim,3,P_WEIGHT,core,platt,fixed_budget,LightGBM,delta_tp,44,403.0
paysim,3,P_WEIGHT,core,platt,fixed_budget,LightGBM,delta_tp,45,355.2
paysim,3,P_WEIGHT,core,platt,fixed_budget,LightGBM,delta_tp,46,-146.0
paysim,3,P_WEIGHT,core,platt,fixed_budget,LightGBM,delta_tp,47,139.4
paysim,3,P_WEIGHT,core,platt,fixed_budget,LightGBM,delta_tp,48,-9.8
paysim,3,P_WEIGHT,core,platt,fixed_budget,LightGBM,delta_tp,49,-81.2
paysim,3,P_WEIGHT,core,platt,fixed_budget,LightGBM,delta_tp,50,594.6
paysim,3,P_WEIGHT,core,platt,fixed_budget,LightGBM,delta_tp,51,230.6
paysim,3,P_WEIGHT,core,platt,fixed_budget,LightGBM,delta_tp,52,657.2
paysim,3,P_WEIGHT,core,platt,fixed_budget,LightGBM,delta_tp,53,184.2
paysim,3,P_WEIGHT,core,platt,fixed_budget,LightGBM,delta_tp,54,21.6
paysim,3,P_WEIGHT,core,platt,fixed_budget,LightGBM,delta_tp,55,156.4
paysim,3,P_WEIGHT,core,platt,fixed_budget,LightGBM,delta_tp,56,203.8
paysim,3,P_WEIGHT,core,platt,fixed_budget,LightGBM,delta_tp,57,663.2
paysim,3,P_WEIGHT,core,platt,fixed_budget,LightGBM,delta_tp,58,617.2
paysim,3,P_WEIGHT,core,platt,fixed_budget,LightGBM,delta_tp,59,399.0
paysim,3,P_WEIGHT,core,platt,fixed_budget,LightGBM,delta_tp,60,459.2
paysim,3,P_WEIGHT,core,platt,fixed_budget,LightGBM,delta_tp,61,0.4
paysim,3,P_WEIGHT,core,platt,fixed_budget,LightGBM,delta_tp,62,671.8
paysim,3,P_WEIGHT,core,platt,fixed_budget,LightGBM,delta_tp,63,198.0
paysim,3,P_WEIGHT,core,platt,fixed_budget,LightGBM,delta_tp,64,331.6
paysim,3,P_WEIGHT,core,platt,fixed_budget,LightGBM,delta_tp,65,614.4
paysim,3,P_WEIGHT,core,platt,fixed_budget,LightGBM,delta_tp,66,839.0
paysim,3,P_WEIGHT,core,platt,fixed_budget,LightGBM,delta_tp,67,-147.6
paysim,3,P_WEIGHT,core,platt,fixed_budget,LightGBM,delta_tp,68,697.2
paysim,3,P_WEIGHT,core,platt,fixed_budget,LightGBM,delta_tp,69,180.0
paysim,3,P_WEIGHT,core,platt,fixed_budget,LightGBM,delta_tp,70,328.2
paysim,3,P_WEIGHT,core,platt,fixed_budget,LightGBM,delta_tp,71,-95.8
paysim,3,P_WEIGHT,core,platt,fixed_budget,LightGBM,delta_tp,72,303.6
paysim,3,P_WEIGHT,core,platt,fixed_budget,LightGBM,delta_tp,73,-16.8
paysim,3,P_WEIGHT,core,platt,fixed_budget,LightGBM,delta_tp,74,14.0
paysim,3,P_WEIGHT,core,platt,fixed_budget,LightGBM,delta_tp,75,601.6
paysim,3,P_WEIGHT,core,platt,fixed_budget,LightGBM,delta_tp,76,489.8
paysim,3,P_WEIGHT,core,platt,fixed_budget,LightGBM,delta_tp,77,450.6
paysim,3,P_WEIGHT,core,platt,fixed_budget,LightGBM,delta_tp,78,-130.0
paysim,3,P_WEIGHT,core,platt,fixed_budget,LightGBM,delta_tp,79,0.4
paysim,3,P_WEIGHT,core,platt,fixed_budget,LightGBM,delta_tp,80,153.2
paysim,3,P_WEIGHT,core,platt,fixed_budget,LightGBM,delta_tp,81,122.0
paysim,3,P_WEIGHT,core,platt,fixed_budget,LightGBM,delta_tp,82,-36.0
paysim,3,P_WEIGHT,core,platt,fixed_budget,LightGBM,delta_tp,83,419.4
paysim,3,P_WEIGHT,core,platt,fixed_budget,LightGBM,delta_tp,84,580.6
paysim,3,P_WEIGHT,core,platt,fixed_budget,LightGBM,delta_tp,85,-33.0
paysim,3,P_WEIGHT,core,platt,fixed_budget,LightGBM,delta_tp,86,402.4
paysim,3,P_WEIGHT,core,platt,fixed_budget,LightGBM,delta_tp,87,659.4
paysim,3,P_WEIGHT,core,platt,fixed_budget,LightGBM,delta_tp,88,493.2
paysim,3,P_WEIGHT,core,platt,fixed_budget,LightGBM,delta_tp,89,535.8
paysim,3,P_WEIGHT,core,platt,fixed_budget,LightGBM,delta_tp,90,102.2
paysim,3,P_WEIGHT,core,platt,fixed_budget,LightGBM,delta_tp,91,44.2
paysim,3,P_WEIGHT,core,platt,fixed_budget,LightGBM,delta_tp,92,165.2
paysim,3,P_WEIGHT,core,platt,fixed_budget,LightGBM,delta_tp,93,-35.6
paysim,3,P_WEIGHT,core,platt,fixed_budget,LightGBM,delta_tp,94,116.4
paysim,3,P_WEIGHT,core,platt,fixed_budget,LightGBM,delta_tp,95,-45.8
paysim,3,P_WEIGHT,core,platt,fixed_budget,LightGBM,delta_tp,96,-159.4
paysim,3,P_WEIGHT,core,platt,fixed_budget,LightGBM,delta_tp,97,-174.8
paysim,3,P_WEIGHT,core,platt,fixed_budget,LightGBM,delta_tp,98,621.0
paysim,3,P_WEIGHT,core,platt,fixed_budget,LightGBM,delta_tp,99,436.8
paysim,3,P_WEIGHT,core,platt,fixed_budget,LightGBM,delta_tp,100,12.2
paysim,3,P_WEIGHT,core,platt,fixed_budget,LightGBM,delta_tp,101,358.2
paysim,3,P_WEIGHT,core,platt,fixed_budget,LightGBM,delta_tp,102,400.0
paysim,3,P_WEIGHT,core,platt,fixed_budget,LightGBM,delta_tp,103,-147.8
paysim,3,P_WEIGHT,core,platt,fixed_budget,LightGBM,delta_tp,104,314.8
paysim,3,P_WEIGHT,core,platt,fixed_budget,LightGBM,delta_tp,105,-134.4
paysim,3,P_WEIGHT,core,platt,fixed_budget,LightGBM,delta_tp,106,-171.2
paysim,3,P_WEIGHT,core,platt,fixed_budget,LightGBM,delta_tp,107,-75.0
paysim,3,P_WEIGHT,core,platt,fixed_budget,LightGBM,delta_tp,108,472.4
paysim,3,P_WEIGHT,core,platt,fixed_budget,LightGBM,delta_tp,109,479.2
paysim,3,P_WEIGHT,core,platt,fixed_budget,LightGBM,delta_tp,110,-201.6
paysim,3,P_WEIGHT,core,platt,fixed_budget,LightGBM,delta_tp,111,191.2
paysim,3,P_WEIGHT,core,platt,fixed_budget,LightGBM,delta_tp,112,118.8
paysim,3,P_WEIGHT,core,platt,fixed_budget,LightGBM,delta_tp,113,-113.6
paysim,3,P_WEIGHT,core,platt,fixed_budget,LightGBM,delta_tp,114,237.8
paysim,3,P_WEIGHT,core,platt,fixed_budget,LightGBM,delta_tp,115,233.0
paysim,3,P_WEIGHT,core,platt,fixed_budget,LightGBM,delta_tp,116,175.8
paysim,3,P_WEIGHT,core,platt,fixed_budget,LightGBM,delta_tp,117,48.8
paysim,3,P_WEIGHT,core,platt,fixed_budget,LightGBM,delta_tp,118,103.2
paysim,3,P_WEIGHT,core,platt,fixed_budget,LightGBM,delta_tp,119,46.2
paysim,3,P_WEIGHT,core,platt,fixed_budget,LightGBM,delta_tp,120,340.8
paysim,3,P_WEIGHT,core,platt,fixed_budget,LightGBM,delta_tp,121,206.4
paysim,3,P_WEIGHT,core,platt,fixed_budget,LightGBM,delta_tp,122,541.4
paysim,3,P_WEIGHT,core,platt,fixed_budget,LightGBM,delta_tp,123,327.2
paysim,3,P_WEIGHT,core,platt,fixed_budget,LightGBM,delta_tp,124,-103.6
paysim,3,P_WEIGHT,core,platt,fixed_budget,LightGBM,delta_tp,125,450.4
paysim,3,P_WEIGHT,core,platt,fixed_budget,LightGBM,delta_tp,126,545.4
paysim,3,P_WEIGHT,core,platt,fixed_budget,LightGBM,delta_tp,127,134.6
paysim,3,P_WEIGHT,core,platt,fixed_budget,LightGBM,delta_tp,128,588.6
paysim,3,P_WEIGHT,core,platt,fixed_budget,LightGBM,delta_tp,129,209.2
paysim,3,P_WEIGHT,core,platt,fixed_budget,LightGBM,delta_tp,130,250.2
paysim,3,P_WEIGHT,core,platt,fixed_budget,LightGBM,delta_tp,131,-94.4
paysim,3,P_WEIGHT,core,platt,fixed_budget,LightGBM,delta_tp,132,-74.0
paysim,3,P_WEIGHT,core,platt,fixed_budget,LightGBM,delta_tp,133,187.0
paysim,3,P_WEIGHT,core,platt,fixed_budget,LightGBM,delta_tp,134,729.8
paysim,3,P_WEIGHT,core,platt,fixed_budget,LightGBM,delta_tp,135,-87.6
paysim,3,P_WEIGHT,core,platt,fixed_budget,LightGBM,delta_tp,136,141.0
paysim,3,P_WEIGHT,core,platt,fixed_budget,LightGBM,delta_tp,137,182.4
paysim,3,P_WEIGHT,core,platt,fixed_budget,LightGBM,delta_tp,138,122.8
paysim,3,P_WEIGHT,core,platt,fixed_budget,LightGBM,delta_tp,139,546.6
paysim,3,P_WEIGHT,core,platt,fixed_budget,LightGBM,delta_tp,140,129.2
paysim,3,P_WEIGHT,core,platt,fixed_budget,LightGBM,delta_tp,141,293.8
paysim,3,P_WEIGHT,core,platt,fixed_budget,LightGBM,delta_tp,142,237.8
paysim,3,P_WEIGHT,core,platt,fixed_budget,LightGBM,delta_tp,143,121.6
paysim,3,P_WEIGHT,core,platt,fixed_budget,LightGBM,delta_tp,144,55.4
paysim,3,P_WEIGHT,core,platt,fixed_budget,LightGBM,delta_tp,145,-69.2
paysim,3,P_WEIGHT,core,platt,fixed_budget,LightGBM,delta_tp,146,205.0
paysim,3,P_WEIGHT,core,platt,fixed_budget,LightGBM,delta_tp,147,88.0
paysim,3,P_WEIGHT,core,platt,fixed_budget,LightGBM,delta_tp,148,291.2
paysim,3,P_WEIGHT,core,platt,fixed_budget,LightGBM,delta_tp,149,751.8
paysim,3,P_WEIGHT,core,platt,fixed_budget,LightGBM,delta_tp,150,646.2
paysim,3,P_WEIGHT,core,platt,fixed_budget,LightGBM,delta_tp,151,-182.8
paysim,3,P_WEIGHT,core,platt,fixed_budget,LightGBM,delta_tp,152,8.8
paysim,3,P_WEIGHT,core,platt,fixed_budget,LightGBM,delta_tp,153,55.2
paysim,3,P_WEIGHT,core,platt,fixed_budget,LightGBM,delta_tp,154,167.8
paysim,3,P_WEIGHT,core,platt,fixed_budget,LightGBM,delta_tp,155,328.6
paysim,3,P_WEIGHT,core,platt,fixed_budget,LightGBM,delta_tp,156,203.2
paysim,3,P_WEIGHT,core,platt,fixed_budget,LightGBM,delta_tp,157,887.8
paysim,3,P_WEIGHT,core,platt,fixed_budget,LightGBM,delta_tp,158,664.0
paysim,3,P_WEIGHT,core,platt,fixed_budget,LightGBM,delta_tp,159,30.2
paysim,3,P_WEIGHT,core,platt,fixed_budget,LightGBM,delta_tp,160,162.4
paysim,3,P_WEIGHT,core,platt,fixed_budget,LightGBM,delta_tp,161,-148.8
paysim,3,P_WEIGHT,core,platt,fixed_budget,LightGBM,delta_tp,162,-66.2
paysim,3,P_WEIGHT,core,platt,fixed_budget,LightGBM,delta_tp,163,263.4
paysim,3,P_WEIGHT,core,platt,fixed_budget,LightGBM,delta_tp,164,368.6
paysim,3,P_WEIGHT,core,platt,fixed_budget,LightGBM,delta_tp,165,383.4
paysim,3,P_WEIGHT,core,platt,fixed_budget,LightGBM,delta_tp,166,196.6
paysim,3,P_WEIGHT,core,platt,fixed_budget,LightGBM,delta_tp,167,445.4
paysim,3,P_WEIGHT,core,platt,fixed_budget,LightGBM,delta_tp,168,-108.0
paysim,3,P_WEIGHT,core,platt,fixed_budget,LightGBM,delta_tp,169,401.2
paysim,3,P_WEIGHT,core,platt,fixed_budget,LightGBM,delta_tp,170,769.4
paysim,3,P_WEIGHT,core,platt,fixed_budget,LightGBM,delta_tp,171,551.8
paysim,3,P_WEIGHT,core,platt,fixed_budget,LightGBM,delta_tp,172,379.2
paysim,3,P_WEIGHT,core,platt,fixed_budget,LightGBM,delta_tp,173,61.2
paysim,3,P_WEIGHT,core,platt,fixed_budget,LightGBM,delta_tp,174,375.6
paysim,3,P_WEIGHT,core,platt,fixed_budget,LightGBM,delta_tp,175,466.2
paysim,3,P_WEIGHT,core,platt,fixed_budget,LightGBM,delta_tp,176,31.0
paysim,3,P_WEIGHT,core,platt,fixed_budget,LightGBM,delta_tp,177,-26.0
paysim,3,P_WEIGHT,core,platt,fixed_budget,LightGBM,delta_tp,178,290.0
paysim,3,P_WEIGHT,core,platt,fixed_budget,LightGBM,delta_tp,179,242.2
paysim,3,P_WEIGHT,core,platt,fixed_budget,LightGBM,delta_tp,180,-11.8
paysim,3,P_WEIGHT,core,platt,fixed_budget,LightGBM,delta_tp,181,504.6
paysim,3,P_WEIGHT,core,platt,fixed_budget,LightGBM,delta_tp,182,811.2
paysim,3,P_WEIGHT,core,platt,fixed_budget,LightGBM,delta_tp,183,185.0
paysim,3,P_WEIGHT,core,platt,fixed_budget,LightGBM,delta_tp,184,-122.6
paysim,3,P_WEIGHT,core,platt,fixed_budget,LightGBM,delta_tp,185,474.8
paysim,3,P_WEIGHT,core,platt,fixed_budget,LightGBM,delta_tp,186,729.2
paysim,3,P_WEIGHT,core,platt,fixed_budget,LightGBM,delta_tp,187,238.8
paysim,3,P_WEIGHT,core,platt,fixed_budget,LightGBM,delta_tp,188,-167.6
paysim,3,P_WEIGHT,core,platt,fixed_budget,LightGBM,delta_tp,189,18.0
paysim,3,P_WEIGHT,core,platt,fixed_budget,LightGBM,delta_tp,190,673.4
paysim,3,P_WEIGHT,core,platt,fixed_budget,LightGBM,delta_tp,191,638.4
paysim,3,P_WEIGHT,core,platt,fixed_budget,LightGBM,delta_tp,192,497.0
paysim,3,P_WEIGHT,core,platt,fixed_budget,LightGBM,delta_tp,193,-118.0
paysim,3,P_WEIGHT,core,platt,fixed_budget,LightGBM,delta_tp,194,367.2
paysim,3,P_WEIGHT,core,platt,fixed_budget,LightGBM,delta_tp,195,207.2
paysim,3,P_WEIGHT,core,platt,fixed_budget,LightGBM,delta_tp,196,-108.0
paysim,3,P_WEIGHT,core,platt,fixed_budget,LightGBM,delta_tp,197,-127.4
paysim,3,P_WEIGHT,core,platt,fixed_budget,LightGBM,delta_tp,198,-178.6
paysim,3,P_WEIGHT,core,platt,fixed_budget,LightGBM,delta_tp,199,494.8
paysim,3,P_WEIGHT,core,platt,fixed_budget,LightGBM,delta_tp,200,761.0
paysim,3,P_WEIGHT,core,platt,fixed_budget,LightGBM,delta_tp,201,118.8
paysim,3,P_WEIGHT,core,platt,fixed_budget,LightGBM,delta_tp,202,135.4
paysim,3,P_WEIGHT,core,platt,fixed_budget,LightGBM,delta_tp,203,359.8
paysim,3,P_WEIGHT,core,platt,fixed_budget,LightGBM,delta_tp,204,48.4
paysim,3,P_WEIGHT,core,platt,fixed_budget,LightGBM,delta_tp,205,173.8
paysim,3,P_WEIGHT,core,platt,fixed_budget,LightGBM,delta_tp,206,477.0
paysim,3,P_WEIGHT,core,platt,fixed_budget,LightGBM,delta_tp,207,175.6
paysim,3,P_WEIGHT,core,platt,fixed_budget,LightGBM,delta_tp,208,8.2
paysim,3,P_WEIGHT,core,platt,fixed_budget,LightGBM,delta_tp,209,480.6
paysim,3,P_WEIGHT,core,platt,fixed_budget,LightGBM,delta_tp,210,-3.6
paysim,3,P_WEIGHT,core,platt,fixed_budget,LightGBM,delta_tp,211,27.8
paysim,3,P_WEIGHT,core,platt,fixed_budget,LightGBM,delta_tp,212,328.4
paysim,3,P_WEIGHT,core,platt,fixed_budget,LightGBM,delta_tp,213,-118.0
paysim,3,P_WEIGHT,core,platt,fixed_budget,LightGBM,delta_tp,214,409.4
paysim,3,P_WEIGHT,core,platt,fixed_budget,LightGBM,delta_tp,215,-97.4
paysim,3,P_WEIGHT,core,platt,fixed_budget,LightGBM,delta_tp,216,644.6
paysim,3,P_WEIGHT,core,platt,fixed_budget,LightGBM,delta_tp,217,204.6
paysim,3,P_WEIGHT,core,platt,fixed_budget,LightGBM,delta_tp,218,191.8
paysim,3,P_WEIGHT,core,platt,fixed_budget,LightGBM,delta_tp,219,237.4
paysim,3,P_WEIGHT,core,platt,fixed_budget,LightGBM,delta_tp,220,-71.0
paysim,3,P_WEIGHT,core,platt,fixed_budget,LightGBM,delta_tp,221,-104.0
paysim,3,P_WEIGHT,core,platt,fixed_budget,LightGBM,delta_tp,222,158.6
paysim,3,P_WEIGHT,core,platt,fixed_budget,LightGBM,delta_tp,223,548.4
paysim,3,P_WEIGHT,core,platt,fixed_budget,LightGBM,delta_tp,224,40.4
paysim,3,P_WEIGHT,core,platt,fixed_budget,LightGBM,delta_tp,225,710.4
paysim,3,P_WEIGHT,core,platt,fixed_budget,LightGBM,delta_tp,226,945.8
paysim,3,P_WEIGHT,core,platt,fixed_budget,LightGBM,delta_tp,227,485.0
paysim,3,P_WEIGHT,core,platt,fixed_budget,LightGBM,delta_tp,228,473.6
paysim,3,P_WEIGHT,core,platt,fixed_budget,LightGBM,delta_tp,229,521.8
paysim,3,P_WEIGHT,core,platt,fixed_budget,LightGBM,delta_tp,230,261.6
paysim,3,P_WEIGHT,core,platt,fixed_budget,LightGBM,delta_tp,231,281.4
paysim,3,P_WEIGHT,core,platt,fixed_budget,LightGBM,delta_tp,232,717.8
paysim,3,P_WEIGHT,core,platt,fixed_budget,LightGBM,delta_tp,233,366.2
paysim,3,P_WEIGHT,core,platt,fixed_budget,LightGBM,delta_tp,234,951.8
paysim,3,P_WEIGHT,core,platt,fixed_budget,LightGBM,delta_tp,235,190.4
paysim,3,P_WEIGHT,core,platt,fixed_budget,LightGBM,delta_tp,236,-156.2
paysim,3,P_WEIGHT,core,platt,fixed_budget,LightGBM,delta_tp,237,241.8
paysim,3,P_WEIGHT,core,platt,fixed_budget,LightGBM,delta_tp,238,17.4
paysim,3,P_WEIGHT,core,platt,fixed_budget,LightGBM,delta_tp,239,3.6
paysim,3,P_WEIGHT,core,platt,fixed_budget,LightGBM,delta_tp,240,71.6
paysim,3,P_WEIGHT,core,platt,fixed_budget,LightGBM,delta_tp,241,110.6
paysim,3,P_WEIGHT,core,platt,fixed_budget,LightGBM,delta_tp,242,219.8
paysim,3,P_WEIGHT,core,platt,fixed_budget,LightGBM,delta_tp,243,762.4
paysim,3,P_WEIGHT,core,platt,fixed_budget,LightGBM,delta_tp,244,195.6
paysim,3,P_WEIGHT,core,platt,fixed_budget,LightGBM,delta_tp,245,-23.2
paysim,3,P_WEIGHT,core,platt,fixed_budget,LightGBM,delta_tp,246,39.2
paysim,3,P_WEIGHT,core,platt,fixed_budget,LightGBM,delta_tp,247,293.4
paysim,3,P_WEIGHT,core,platt,fixed_budget,LightGBM,delta_tp,248,-131.4
paysim,3,P_WEIGHT,core,platt,fixed_budget,LightGBM,delta_tp,249,427.0
paysim,3,P_WEIGHT,core,platt,fixed_budget,LightGBM,delta_tp,250,360.0
paysim,3,P_WEIGHT,core,platt,fixed_budget,LightGBM,delta_tp,251,869.2
paysim,3,P_WEIGHT,core,platt,fixed_budget,LightGBM,delta_tp,252,6.4
paysim,3,P_WEIGHT,core,platt,fixed_budget,LightGBM,delta_tp,253,228.4
paysim,3,P_WEIGHT,core,platt,fixed_budget,LightGBM,delta_tp,254,-138.0
paysim,3,P_WEIGHT,core,platt,fixed_budget,LightGBM,delta_tp,255,68.0
paysim,3,P_WEIGHT,core,platt,fixed_budget,LightGBM,delta_tp,256,-56.2
paysim,3,P_WEIGHT,core,platt,fixed_budget,LightGBM,delta_tp,257,260.6
paysim,3,P_WEIGHT,core,platt,fixed_budget,LightGBM,delta_tp,258,65.6
paysim,3,P_WEIGHT,core,platt,fixed_budget,LightGBM,delta_tp,259,45.6
paysim,3,P_WEIGHT,core,platt,fixed_budget,LightGBM,delta_tp,260,-33.0
paysim,3,P_WEIGHT,core,platt,fixed_budget,LightGBM,delta_tp,261,121.4
paysim,3,P_WEIGHT,core,platt,fixed_budget,LightGBM,delta_tp,262,151.8
paysim,3,P_WEIGHT,core,platt,fixed_budget,LightGBM,delta_tp,263,102.0
paysim,3,P_WEIGHT,core,platt,fixed_budget,LightGBM,delta_tp,264,253.8
paysim,3,P_WEIGHT,core,platt,fixed_budget,LightGBM,delta_tp,265,66.4
paysim,3,P_WEIGHT,core,platt,fixed_budget,LightGBM,delta_tp,266,-117.6
paysim,3,P_WEIGHT,core,platt,fixed_budget,LightGBM,delta_tp,267,194.6
paysim,3,P_WEIGHT,core,platt,fixed_budget,LightGBM,delta_tp,268,92.6
paysim,3,P_WEIGHT,core,platt,fixed_budget,LightGBM,delta_tp,269,243.0
paysim,3,P_WEIGHT,core,platt,fixed_budget,LightGBM,delta_tp,270,-2.2
paysim,3,P_WEIGHT,core,platt,fixed_budget,LightGBM,delta_tp,271,20.4
paysim,3,P_WEIGHT,core,platt,fixed_budget,LightGBM,delta_tp,272,319.2
paysim,3,P_WEIGHT,core,platt,fixed_budget,LightGBM,delta_tp,273,755.4
paysim,3,P_WEIGHT,core,platt,fixed_budget,LightGBM,delta_tp,274,-62.0
paysim,3,P_WEIGHT,core,platt,fixed_budget,LightGBM,delta_tp,275,522.4
paysim,3,P_WEIGHT,core,platt,fixed_budget,LightGBM,delta_tp,276,-43.2
paysim,3,P_WEIGHT,core,platt,fixed_budget,LightGBM,delta_tp,277,-22.6
paysim,3,P_WEIGHT,core,platt,fixed_budget,LightGBM,delta_tp,278,-111.8
paysim,3,P_WEIGHT,core,platt,fixed_budget,LightGBM,delta_tp,279,305.6
paysim,3,P_WEIGHT,core,platt,fixed_budget,LightGBM,delta_tp,280,30.6
paysim,3,P_WEIGHT,core,platt,fixed_budget,LightGBM,delta_tp,281,368.4
paysim,3,P_WEIGHT,core,platt,fixed_budget,LightGBM,delta_tp,282,-73.4
paysim,3,P_WEIGHT,core,platt,fixed_budget,LightGBM,delta_tp,283,8.2
paysim,3,P_WEIGHT,core,platt,fixed_budget,LightGBM,delta_tp,284,95.0
paysim,3,P_WEIGHT,core,platt,fixed_budget,LightGBM,delta_tp,285,-177.2
paysim,3,P_WEIGHT,core,platt,fixed_budget,LightGBM,delta_tp,286,-144.8
paysim,3,P_WEIGHT,core,platt,fixed_budget,LightGBM,delta_tp,287,165.0
paysim,3,P_WEIGHT,core,platt,fixed_budget,LightGBM,delta_tp,288,51.6
paysim,3,P_WEIGHT,core,platt,fixed_budget,LightGBM,delta_tp,289,22.4
paysim,3,P_WEIGHT,core,platt,fixed_budget,LightGBM,delta_tp,290,614.2
paysim,3,P_WEIGHT,core,platt,fixed_budget,LightGBM,delta_tp,291,170.0
paysim,3,P_WEIGHT,core,platt,fixed_budget,LightGBM,delta_tp,292,505.2
paysim,3,P_WEIGHT,core,platt,fixed_budget,LightGBM,delta_tp,293,-160.4
paysim,3,P_WEIGHT,core,platt,fixed_budget,LightGBM,delta_tp,294,706.0
paysim,3,P_WEIGHT,core,platt,fixed_budget,LightGBM,delta_tp,295,60.2
paysim,3,P_WEIGHT,core,platt,fixed_budget,LightGBM,delta_tp,296,711.2
paysim,3,P_WEIGHT,core,platt,fixed_budget,LightGBM,delta_tp,297,462.6
paysim,3,P_WEIGHT,core,platt,fixed_budget,LightGBM,delta_tp,298,628.0
paysim,3,P_WEIGHT,core,platt,fixed_budget,LightGBM,delta_tp,299,-93.2
paysim,3,P_WEIGHT,core,platt,fixed_budget,LightGBM,delta_tp,300,11.0
paysim,3,P_WEIGHT,core,platt,fixed_budget,LightGBM,delta_tp,301,783.2
paysim,3,P_WEIGHT,core,platt,fixed_budget,LightGBM,delta_tp,302,71.8
paysim,3,P_WEIGHT,core,platt,fixed_budget,LightGBM,delta_tp,303,220.8
paysim,3,P_WEIGHT,core,platt,fixed_budget,LightGBM,delta_tp,304,353.4
paysim,3,P_WEIGHT,core,platt,fixed_budget,LightGBM,delta_tp,305,774.2
paysim,3,P_WEIGHT,core,platt,fixed_budget,LightGBM,delta_tp,306,251.0
paysim,3,P_WEIGHT,core,platt,fixed_budget,LightGBM,delta_tp,307,671.6
paysim,3,P_WEIGHT,core,platt,fixed_budget,LightGBM,delta_tp,308,475.6
paysim,3,P_WEIGHT,core,platt,fixed_budget,LightGBM,delta_tp,309,-163.0
paysim,3,P_WEIGHT,core,platt,fixed_budget,LightGBM,delta_tp,310,213.0
paysim,3,P_WEIGHT,core,platt,fixed_budget,LightGBM,delta_tp,311,244.2
paysim,3,P_WEIGHT,core,platt,fixed_budget,LightGBM,delta_tp,312,15.0
paysim,3,P_WEIGHT,core,platt,fixed_budget,LightGBM,delta_tp,313,-85.2
paysim,3,P_WEIGHT,core,platt,fixed_budget,LightGBM,delta_tp,314,0.6
paysim,3,P_WEIGHT,core,platt,fixed_budget,LightGBM,delta_tp,315,136.8
paysim,3,P_WEIGHT,core,platt,fixed_budget,LightGBM,delta_tp,316,269.4
paysim,3,P_WEIGHT,core,platt,fixed_budget,LightGBM,delta_tp,317,-147.4
paysim,3,P_WEIGHT,core,platt,fixed_budget,LightGBM,delta_tp,318,357.4
paysim,3,P_WEIGHT,core,platt,fixed_budget,LightGBM,delta_tp,319,136.8
paysim,3,P_WEIGHT,core,platt,fixed_budget,LightGBM,delta_tp,320,24.4
paysim,3,P_WEIGHT,core,platt,fixed_budget,LightGBM,delta_tp,321,225.0
paysim,3,P_WEIGHT,core,platt,fixed_budget,LightGBM,delta_tp,322,819.6
paysim,3,P_WEIGHT,core,platt,fixed_budget,LightGBM,delta_tp,323,317.4
paysim,3,P_WEIGHT,core,platt,fixed_budget,LightGBM,delta_tp,324,70.8
paysim,3,P_WEIGHT,core,platt,fixed_budget,LightGBM,delta_tp,325,82.2
paysim,3,P_WEIGHT,core,platt,fixed_budget,LightGBM,delta_tp,326,-136.4
paysim,3,P_WEIGHT,core,platt,fixed_budget,LightGBM,delta_tp,327,-164.6
paysim,3,P_WEIGHT,core,platt,fixed_budget,LightGBM,delta_tp,328,273.4
paysim,3,P_WEIGHT,core,platt,fixed_budget,LightGBM,delta_tp,329,614.8
paysim,3,P_WEIGHT,core,platt,fixed_budget,LightGBM,delta_tp,330,190.0
paysim,3,P_WEIGHT,core,platt,fixed_budget,LightGBM,delta_tp,331,304.8
paysim,3,P_WEIGHT,core,platt,fixed_budget,LightGBM,delta_tp,332,430.0
paysim,3,P_WEIGHT,core,platt,fixed_budget,LightGBM,delta_tp,333,52.6
paysim,3,P_WEIGHT,core,platt,fixed_budget,LightGBM,delta_tp,334,299.2
paysim,3,P_WEIGHT,core,platt,fixed_budget,LightGBM,delta_tp,335,271.2
paysim,3,P_WEIGHT,core,platt,fixed_budget,LightGBM,delta_tp,336,187.2
paysim,3,P_WEIGHT,core,platt,fixed_budget,LightGBM,delta_tp,337,-52.0
paysim,3,P_WEIGHT,core,platt,fixed_budget,LightGBM,delta_tp,338,-114.8
paysim,3,P_WEIGHT,core,platt,fixed_budget,LightGBM,delta_tp,339,61.6
paysim,3,P_WEIGHT,core,platt,fixed_budget,LightGBM,delta_tp,340,-159.4
paysim,3,P_WEIGHT,core,platt,fixed_budget,LightGBM,delta_tp,341,-118.0
paysim,3,P_WEIGHT,core,platt,fixed_budget,LightGBM,delta_tp,342,80.0
paysim,3,P_WEIGHT,core,platt,fixed_budget,LightGBM,delta_tp,343,401.4
paysim,3,P_WEIGHT,core,platt,fixed_budget,LightGBM,delta_tp,344,242.8
paysim,3,P_WEIGHT,core,platt,fixed_budget,LightGBM,delta_tp,345,589.6
paysim,3,P_WEIGHT,core,platt,fixed_budget,LightGBM,delta_tp,346,-31.4
paysim,3,P_WEIGHT,core,platt,fixed_budget,LightGBM,delta_tp,347,-174.6
paysim,3,P_WEIGHT,core,platt,fixed_budget,LightGBM,delta_tp,348,-94.2
paysim,3,P_WEIGHT,core,platt,fixed_budget,LightGBM,delta_tp,349,-16.0
paysim,3,P_WEIGHT,core,platt,fixed_budget,LightGBM,delta_tp,350,189.6
paysim,3,P_WEIGHT,core,platt,fixed_budget,LightGBM,delta_tp,351,508.8
paysim,3,P_WEIGHT,core,platt,fixed_budget,LightGBM,delta_tp,352,-88.2
paysim,3,P_WEIGHT,core,platt,fixed_budget,LightGBM,delta_tp,353,-68.2
paysim,3,P_WEIGHT,core,platt,fixed_budget,LightGBM,delta_tp,354,-147.2
paysim,3,P_WEIGHT,core,platt,fixed_budget,LightGBM,delta_tp,355,-106.2
paysim,3,P_WEIGHT,core,platt,fixed_budget,LightGBM,delta_tp,356,105.4
paysim,3,P_WEIGHT,core,platt,fixed_budget,LightGBM,delta_tp,357,20.8
paysim,3,P_WEIGHT,core,platt,fixed_budget,LightGBM,delta_tp,358,858.0
paysim,3,P_WEIGHT,core,platt,fixed_budget,LightGBM,delta_tp,359,620.2
paysim,3,P_WEIGHT,core,platt,fixed_budget,LightGBM,delta_tp,360,221.4
paysim,3,P_WEIGHT,core,platt,fixed_budget,LightGBM,delta_tp,361,-133.2
paysim,3,P_WEIGHT,core,platt,fixed_budget,LightGBM,delta_tp,362,537.8
paysim,3,P_WEIGHT,core,platt,fixed_budget,LightGBM,delta_tp,363,655.8
paysim,3,P_WEIGHT,core,platt,fixed_budget,LightGBM,delta_tp,364,-64.4
paysim,3,P_WEIGHT,core,platt,fixed_budget,LightGBM,delta_tp,365,119.4
paysim,3,P_WEIGHT,core,platt,fixed_budget,LightGBM,delta_tp,366,492.0
paysim,3,P_WEIGHT,core,platt,fixed_budget,LightGBM,delta_tp,367,-38.0
paysim,3,P_WEIGHT,core,platt,fixed_budget,LightGBM,delta_tp,368,33.8
paysim,3,P_WEIGHT,core,platt,fixed_budget,LightGBM,delta_tp,369,620.6
paysim,3,P_WEIGHT,core,platt,fixed_budget,LightGBM,delta_tp,370,-189.2
paysim,3,P_WEIGHT,core,platt,fixed_budget,LightGBM,delta_tp,371,-2.0
paysim,3,P_WEIGHT,core,platt,fixed_budget,LightGBM,delta_tp,372,611.4
paysim,3,P_WEIGHT,core,platt,fixed_budget,LightGBM,delta_tp,373,-104.4
paysim,3,P_WEIGHT,core,platt,fixed_budget,LightGBM,delta_tp,374,118.8
paysim,3,P_WEIGHT,core,platt,fixed_budget,LightGBM,delta_tp,375,592.8
paysim,3,P_WEIGHT,core,platt,fixed_budget,LightGBM,delta_tp,376,468.8
paysim,3,P_WEIGHT,core,platt,fixed_budget,LightGBM,delta_tp,377,729.2
paysim,3,P_WEIGHT,core,platt,fixed_budget,LightGBM,delta_tp,378,-82.4
paysim,3,P_WEIGHT,core,platt,fixed_budget,LightGBM,delta_tp,379,26.4
paysim,3,P_WEIGHT,core,platt,fixed_budget,LightGBM,delta_tp,380,401.4
paysim,3,P_WEIGHT,core,platt,fixed_budget,LightGBM,delta_tp,381,49.6
paysim,3,P_WEIGHT,core,platt,fixed_budget,LightGBM,delta_tp,382,170.4
paysim,3,P_WEIGHT,core,platt,fixed_budget,LightGBM,delta_tp,383,395.6
paysim,3,P_WEIGHT,core,platt,fixed_budget,LightGBM,delta_tp,384,456.8
paysim,3,P_WEIGHT,core,platt,fixed_budget,LightGBM,delta_tp,385,300.0
paysim,3,P_WEIGHT,core,platt,fixed_budget,LightGBM,delta_tp,386,53.6
paysim,3,P_WEIGHT,core,platt,fixed_budget,LightGBM,delta_tp,387,309.4
paysim,3,P_WEIGHT,core,platt,fixed_budget,LightGBM,delta_tp,388,308.4
paysim,3,P_WEIGHT,core,platt,fixed_budget,LightGBM,delta_tp,389,212.0
paysim,3,P_WEIGHT,core,platt,fixed_budget,LightGBM,delta_tp,390,77.8
paysim,3,P_WEIGHT,core,platt,fixed_budget,LightGBM,delta_tp,391,539.6
paysim,3,P_WEIGHT,core,platt,fixed_budget,LightGBM,delta_tp,392,-118.4
paysim,3,P_WEIGHT,core,platt,fixed_budget,LightGBM,delta_tp,393,100.4
paysim,3,P_WEIGHT,core,platt,fixed_budget,LightGBM,delta_tp,394,170.2
paysim,3,P_WEIGHT,core,platt,fixed_budget,LightGBM,delta_tp,395,147.2
paysim,3,P_WEIGHT,core,platt,fixed_budget,LightGBM,delta_tp,396,218.2
paysim,3,P_WEIGHT,core,platt,fixed_budget,LightGBM,delta_tp,397,97.0
paysim,3,P_WEIGHT,core,platt,fixed_budget,LightGBM,delta_tp,398,256.2
paysim,3,P_WEIGHT,core,platt,fixed_budget,LightGBM,delta_tp,399,540.4
paysim,3,P_WEIGHT,core,platt,fixed_budget,LightGBM,delta_tp,400,256.4
paysim,3,P_WEIGHT,core,platt,fixed_budget,LightGBM,delta_tp,401,21.6
paysim,3,P_WEIGHT,core,platt,fixed_budget,LightGBM,delta_tp,402,483.8
paysim,3,P_WEIGHT,core,platt,fixed_budget,LightGBM,delta_tp,403,667.8
paysim,3,P_WEIGHT,core,platt,fixed_budget,LightGBM,delta_tp,404,362.4
paysim,3,P_WEIGHT,core,platt,fixed_budget,LightGBM,delta_tp,405,107.0
paysim,3,P_WEIGHT,core,platt,fixed_budget,LightGBM,delta_tp,406,351.2
paysim,3,P_WEIGHT,core,platt,fixed_budget,LightGBM,delta_tp,407,-15.6
paysim,3,P_WEIGHT,core,platt,fixed_budget,LightGBM,delta_tp,408,290.2
paysim,3,P_WEIGHT,core,platt,fixed_budget,LightGBM,delta_tp,409,64.8
paysim,3,P_WEIGHT,core,platt,fixed_budget,LightGBM,delta_tp,410,-111.8
paysim,3,P_WEIGHT,core,platt,fixed_budget,LightGBM,delta_tp,411,320.0
paysim,3,P_WEIGHT,core,platt,fixed_budget,LightGBM,delta_tp,412,729.2
paysim,3,P_WEIGHT,core,platt,fixed_budget,LightGBM,delta_tp,413,-100.8
paysim,3,P_WEIGHT,core,platt,fixed_budget,LightGBM,delta_tp,414,107.0
paysim,3,P_WEIGHT,core,platt,fixed_budget,LightGBM,delta_tp,415,151.6
paysim,3,P_WEIGHT,core,platt,fixed_budget,LightGBM,delta_tp,416,129.0
paysim,3,P_WEIGHT,core,platt,fixed_budget,LightGBM,delta_tp,417,227.0
paysim,3,P_WEIGHT,core,platt,fixed_budget,LightGBM,delta_tp,418,152.0
paysim,3,P_WEIGHT,core,platt,fixed_budget,LightGBM,delta_tp,419,80.6
paysim,3,P_WEIGHT,core,platt,fixed_budget,LightGBM,delta_tp,420,531.6
paysim,3,P_WEIGHT,core,platt,fixed_budget,LightGBM,delta_tp,421,179.2
paysim,3,P_WEIGHT,core,platt,fixed_budget,LightGBM,delta_tp,422,249.0
paysim,3,P_WEIGHT,core,platt,fixed_budget,LightGBM,delta_tp,423,22.4
paysim,3,P_WEIGHT,core,platt,fixed_budget,LightGBM,delta_tp,424,-46.8
paysim,3,P_WEIGHT,core,platt,fixed_budget,LightGBM,delta_tp,425,-174.2
paysim,3,P_WEIGHT,core,platt,fixed_budget,LightGBM,delta_tp,426,351.0
paysim,3,P_WEIGHT,core,platt,fixed_budget,LightGBM,delta_tp,427,50.6
paysim,3,P_WEIGHT,core,platt,fixed_budget,LightGBM,delta_tp,428,109.8
paysim,3,P_WEIGHT,core,platt,fixed_budget,LightGBM,delta_tp,429,741.4
paysim,3,P_WEIGHT,core,platt,fixed_budget,LightGBM,delta_tp,430,143.2
paysim,3,P_WEIGHT,core,platt,fixed_budget,LightGBM,delta_tp,431,646.2
paysim,3,P_WEIGHT,core,platt,fixed_budget,LightGBM,delta_tp,432,186.2
paysim,3,P_WEIGHT,core,platt,fixed_budget,LightGBM,delta_tp,433,-168.0
paysim,3,P_WEIGHT,core,platt,fixed_budget,LightGBM,delta_tp,434,327.4
paysim,3,P_WEIGHT,core,platt,fixed_budget,LightGBM,delta_tp,435,8.6
paysim,3,P_WEIGHT,core,platt,fixed_budget,LightGBM,delta_tp,436,100.4
paysim,3,P_WEIGHT,core,platt,fixed_budget,LightGBM,delta_tp,437,-41.4
paysim,3,P_WEIGHT,core,platt,fixed_budget,LightGBM,delta_tp,438,242.4
paysim,3,P_WEIGHT,core,platt,fixed_budget,LightGBM,delta_tp,439,-155.4
paysim,3,P_WEIGHT,core,platt,fixed_budget,LightGBM,delta_tp,440,-121.4
paysim,3,P_WEIGHT,core,platt,fixed_budget,LightGBM,delta_tp,441,-15.0
paysim,3,P_WEIGHT,core,platt,fixed_budget,LightGBM,delta_tp,442,146.4
paysim,3,P_WEIGHT,core,platt,fixed_budget,LightGBM,delta_tp,443,-92.0
paysim,3,P_WEIGHT,core,platt,fixed_budget,LightGBM,delta_tp,444,375.0
paysim,3,P_WEIGHT,core,platt,fixed_budget,LightGBM,delta_tp,445,636.6
paysim,3,P_WEIGHT,core,platt,fixed_budget,LightGBM,delta_tp,446,-101.2
paysim,3,P_WEIGHT,core,platt,fixed_budget,LightGBM,delta_tp,447,235.4
paysim,3,P_WEIGHT,core,platt,fixed_budget,LightGBM,delta_tp,448,30.6
paysim,3,P_WEIGHT,core,platt,fixed_budget,LightGBM,delta_tp,449,31.0
paysim,3,P_WEIGHT,core,platt,fixed_budget,LightGBM,delta_tp,450,85.2
paysim,3,P_WEIGHT,core,platt,fixed_budget,LightGBM,delta_tp,451,417.4
paysim,3,P_WEIGHT,core,platt,fixed_budget,LightGBM,delta_tp,452,259.4
paysim,3,P_WEIGHT,core,platt,fixed_budget,LightGBM,delta_tp,453,168.4
paysim,3,P_WEIGHT,core,platt,fixed_budget,LightGBM,delta_tp,454,661.2
paysim,3,P_WEIGHT,core,platt,fixed_budget,LightGBM,delta_tp,455,202.0
paysim,3,P_WEIGHT,core,platt,fixed_budget,LightGBM,delta_tp,456,-167.8
paysim,3,P_WEIGHT,core,platt,fixed_budget,LightGBM,delta_tp,457,20.0
paysim,3,P_WEIGHT,core,platt,fixed_budget,LightGBM,delta_tp,458,428.0
paysim,3,P_WEIGHT,core,platt,fixed_budget,LightGBM,delta_tp,459,62.2
paysim,3,P_WEIGHT,core,platt,fixed_budget,LightGBM,delta_tp,460,297.6
paysim,3,P_WEIGHT,core,platt,fixed_budget,LightGBM,delta_tp,461,13.6
paysim,3,P_WEIGHT,core,platt,fixed_budget,LightGBM,delta_tp,462,739.2
paysim,3,P_WEIGHT,core,platt,fixed_budget,LightGBM,delta_tp,463,283.0
paysim,3,P_WEIGHT,core,platt,fixed_budget,LightGBM,delta_tp,464,268.4
paysim,3,P_WEIGHT,core,platt,fixed_budget,LightGBM,delta_tp,465,-104.0
paysim,3,P_WEIGHT,core,platt,fixed_budget,LightGBM,delta_tp,466,284.6
paysim,3,P_WEIGHT,core,platt,fixed_budget,LightGBM,delta_tp,467,125.2
paysim,3,P_WEIGHT,core,platt,fixed_budget,LightGBM,delta_tp,468,637.8
paysim,3,P_WEIGHT,core,platt,fixed_budget,LightGBM,delta_tp,469,310.4
paysim,3,P_WEIGHT,core,platt,fixed_budget,LightGBM,delta_tp,470,251.6
paysim,3,P_WEIGHT,core,platt,fixed_budget,LightGBM,delta_tp,471,-152.4
paysim,3,P_WEIGHT,core,platt,fixed_budget,LightGBM,delta_tp,472,-21.6
paysim,3,P_WEIGHT,core,platt,fixed_budget,LightGBM,delta_tp,473,180.0
paysim,3,P_WEIGHT,core,platt,fixed_budget,LightGBM,delta_tp,474,-15.2
paysim,3,P_WEIGHT,core,platt,fixed_budget,LightGBM,delta_tp,475,432.8
paysim,3,P_WEIGHT,core,platt,fixed_budget,LightGBM,delta_tp,476,270.2
paysim,3,P_WEIGHT,core,platt,fixed_budget,LightGBM,delta_tp,477,555.6
paysim,3,P_WEIGHT,core,platt,fixed_budget,LightGBM,delta_tp,478,395.2
paysim,3,P_WEIGHT,core,platt,fixed_budget,LightGBM,delta_tp,479,-104.4
paysim,3,P_WEIGHT,core,platt,fixed_budget,LightGBM,delta_tp,480,200.4
paysim,3,P_WEIGHT,core,platt,fixed_budget,LightGBM,delta_tp,481,247.2
paysim,3,P_WEIGHT,core,platt,fixed_budget,LightGBM,delta_tp,482,98.2
paysim,3,P_WEIGHT,core,platt,fixed_budget,LightGBM,delta_tp,483,-67.8
paysim,3,P_WEIGHT,core,platt,fixed_budget,LightGBM,delta_tp,484,16.6
paysim,3,P_WEIGHT,core,platt,fixed_budget,LightGBM,delta_tp,485,429.6
paysim,3,P_WEIGHT,core,platt,fixed_budget,LightGBM,delta_tp,486,-12.6
paysim,3,P_WEIGHT,core,platt,fixed_budget,LightGBM,delta_tp,487,446.2
paysim,3,P_WEIGHT,core,platt,fixed_budget,LightGBM,delta_tp,488,226.0
paysim,3,P_WEIGHT,core,platt,fixed_budget,LightGBM,delta_tp,489,-156.6
paysim,3,P_WEIGHT,core,platt,fixed_budget,LightGBM,delta_tp,490,403.4
paysim,3,P_WEIGHT,core,platt,fixed_budget,LightGBM,delta_tp,491,154.2
paysim,3,P_WEIGHT,core,platt,fixed_budget,LightGBM,delta_tp,492,222.8
paysim,3,P_WEIGHT,core,platt,fixed_budget,LightGBM,delta_tp,493,-86.4
paysim,3,P_WEIGHT,core,platt,fixed_budget,LightGBM,delta_tp,494,152.2
paysim,3,P_WEIGHT,core,platt,fixed_budget,LightGBM,delta_tp,495,638.6
paysim,3,P_WEIGHT,core,platt,fixed_budget,LightGBM,delta_tp,496,854.2
paysim,3,P_WEIGHT,core,platt,fixed_budget,LightGBM,delta_tp,497,195.6
paysim,3,P_WEIGHT,core,platt,fixed_budget,LightGBM,delta_tp,498,-78.8
paysim,3,P_WEIGHT,core,platt,fixed_budget,LightGBM,delta_tp,499,175.2
paysim,3,P_WEIGHT,core,platt,fixed_budget,LightGBM,delta_tp,500,-4.0
paysim,3,P_WEIGHT,core,platt,fixed_budget,LightGBM,delta_tp,501,-55.4
paysim,3,P_WEIGHT,core,platt,fixed_budget,LightGBM,delta_tp,502,50.6
paysim,3,P_WEIGHT,core,platt,fixed_budget,LightGBM,delta_tp,503,292.2
paysim,3,P_WEIGHT,core,platt,fixed_budget,LightGBM,delta_tp,504,-18.0
paysim,3,P_WEIGHT,core,platt,fixed_budget,LightGBM,delta_tp,505,-20.8
paysim,3,P_WEIGHT,core,platt,fixed_budget,LightGBM,delta_tp,506,25.6
paysim,3,P_WEIGHT,core,platt,fixed_budget,LightGBM,delta_tp,507,141.2
paysim,3,P_WEIGHT,core,platt,fixed_budget,LightGBM,delta_tp,508,686.4
paysim,3,P_WEIGHT,core,platt,fixed_budget,LightGBM,delta_tp,509,-13.4
paysim,3,P_WEIGHT,core,platt,fixed_budget,LightGBM,delta_tp,510,292.4
paysim,3,P_WEIGHT,core,platt,fixed_budget,LightGBM,delta_tp,511,109.6
paysim,3,P_WEIGHT,core,platt,fixed_budget,LightGBM,delta_tp,512,76.8
paysim,3,P_WEIGHT,core,platt,fixed_budget,LightGBM,delta_tp,513,39.8
paysim,3,P_WEIGHT,core,platt,fixed_budget,LightGBM,delta_tp,514,277.8
paysim,3,P_WEIGHT,core,platt,fixed_budget,LightGBM,delta_tp,515,93.6
paysim,3,P_WEIGHT,core,platt,fixed_budget,LightGBM,delta_tp,516,345.0
paysim,3,P_WEIGHT,core,platt,fixed_budget,LightGBM,delta_tp,517,-3.6
paysim,3,P_WEIGHT,core,platt,fixed_budget,LightGBM,delta_tp,518,-171.8
paysim,3,P_WEIGHT,core,platt,fixed_budget,LightGBM,delta_tp,519,141.0
paysim,3,P_WEIGHT,core,platt,fixed_budget,LightGBM,delta_tp,520,-52.0
paysim,3,P_WEIGHT,core,platt,fixed_budget,LightGBM,delta_tp,521,270.2
paysim,3,P_WEIGHT,core,platt,fixed_budget,LightGBM,delta_tp,522,613.2
paysim,3,P_WEIGHT,core,platt,fixed_budget,LightGBM,delta_tp,523,143.2
paysim,3,P_WEIGHT,core,platt,fixed_budget,LightGBM,delta_tp,524,69.4
paysim,3,P_WEIGHT,core,platt,fixed_budget,LightGBM,delta_tp,525,270.6
paysim,3,P_WEIGHT,core,platt,fixed_budget,LightGBM,delta_tp,526,-149.6
paysim,3,P_WEIGHT,core,platt,fixed_budget,LightGBM,delta_tp,527,171.2
paysim,3,P_WEIGHT,core,platt,fixed_budget,LightGBM,delta_tp,528,-83.8
paysim,3,P_WEIGHT,core,platt,fixed_budget,LightGBM,delta_tp,529,47.8
paysim,3,P_WEIGHT,core,platt,fixed_budget,LightGBM,delta_tp,530,401.2
paysim,3,P_WEIGHT,core,platt,fixed_budget,LightGBM,delta_tp,531,202.6
paysim,3,P_WEIGHT,core,platt,fixed_budget,LightGBM,delta_tp,532,299.6
paysim,3,P_WEIGHT,core,platt,fixed_budget,LightGBM,delta_tp,533,187.6
paysim,3,P_WEIGHT,core,platt,fixed_budget,LightGBM,delta_tp,534,19.8
paysim,3,P_WEIGHT,core,platt,fixed_budget,LightGBM,delta_tp,535,518.2
paysim,3,P_WEIGHT,core,platt,fixed_budget,LightGBM,delta_tp,536,16.8
paysim,3,P_WEIGHT,core,platt,fixed_budget,LightGBM,delta_tp,537,-166.4
paysim,3,P_WEIGHT,core,platt,fixed_budget,LightGBM,delta_tp,538,169.6
paysim,3,P_WEIGHT,core,platt,fixed_budget,LightGBM,delta_tp,539,347.8
paysim,3,P_WEIGHT,core,platt,fixed_budget,LightGBM,delta_tp,540,457.4
paysim,3,P_WEIGHT,core,platt,fixed_budget,LightGBM,delta_tp,541,392.2
paysim,3,P_WEIGHT,core,platt,fixed_budget,LightGBM,delta_tp,542,646.2
paysim,3,P_WEIGHT,core,platt,fixed_budget,LightGBM,delta_tp,543,119.0
paysim,3,P_WEIGHT,core,platt,fixed_budget,LightGBM,delta_tp,544,110.2
paysim,3,P_WEIGHT,core,platt,fixed_budget,LightGBM,delta_tp,545,-150.2
paysim,3,P_WEIGHT,core,platt,fixed_budget,LightGBM,delta_tp,546,-80.8
paysim,3,P_WEIGHT,core,platt,fixed_budget,LightGBM,delta_tp,547,-5.2
paysim,3,P_WEIGHT,core,platt,fixed_budget,LightGBM,delta_tp,548,627.8
paysim,3,P_WEIGHT,core,platt,fixed_budget,LightGBM,delta_tp,549,286.0
paysim,3,P_WEIGHT,core,platt,fixed_budget,LightGBM,delta_tp,550,568.2
paysim,3,P_WEIGHT,core,platt,fixed_budget,LightGBM,delta_tp,551,247.8
paysim,3,P_WEIGHT,core,platt,fixed_budget,LightGBM,delta_tp,552,8.2
paysim,3,P_WEIGHT,core,platt,fixed_budget,LightGBM,delta_tp,553,2.8
paysim,3,P_WEIGHT,core,platt,fixed_budget,LightGBM,delta_tp,554,-127.4
paysim,3,P_WEIGHT,core,platt,fixed_budget,LightGBM,delta_tp,555,260.0
paysim,3,P_WEIGHT,core,platt,fixed_budget,LightGBM,delta_tp,556,103.8
paysim,3,P_WEIGHT,core,platt,fixed_budget,LightGBM,delta_tp,557,742.2
paysim,3,P_WEIGHT,core,platt,fixed_budget,LightGBM,delta_tp,558,-103.8
paysim,3,P_WEIGHT,core,platt,fixed_budget,LightGBM,delta_tp,559,314.4
paysim,3,P_WEIGHT,core,platt,fixed_budget,LightGBM,delta_tp,560,42.0
paysim,3,P_WEIGHT,core,platt,fixed_budget,LightGBM,delta_tp,561,132.8
paysim,3,P_WEIGHT,core,platt,fixed_budget,LightGBM,delta_tp,562,-5.6
paysim,3,P_WEIGHT,core,platt,fixed_budget,LightGBM,delta_tp,563,289.2
paysim,3,P_WEIGHT,core,platt,fixed_budget,LightGBM,delta_tp,564,211.4
paysim,3,P_WEIGHT,core,platt,fixed_budget,LightGBM,delta_tp,565,154.0
paysim,3,P_WEIGHT,core,platt,fixed_budget,LightGBM,delta_tp,566,403.4
paysim,3,P_WEIGHT,core,platt,fixed_budget,LightGBM,delta_tp,567,485.2
paysim,3,P_WEIGHT,core,platt,fixed_budget,LightGBM,delta_tp,568,256.8
paysim,3,P_WEIGHT,core,platt,fixed_budget,LightGBM,delta_tp,569,-44.4
paysim,3,P_WEIGHT,core,platt,fixed_budget,LightGBM,delta_tp,570,285.0
paysim,3,P_WEIGHT,core,platt,fixed_budget,LightGBM,delta_tp,571,515.2
paysim,3,P_WEIGHT,core,platt,fixed_budget,LightGBM,delta_tp,572,-133.8
paysim,3,P_WEIGHT,core,platt,fixed_budget,LightGBM,delta_tp,573,334.0
paysim,3,P_WEIGHT,core,platt,fixed_budget,LightGBM,delta_tp,574,467.8
paysim,3,P_WEIGHT,core,platt,fixed_budget,LightGBM,delta_tp,575,-159.6
paysim,3,P_WEIGHT,core,platt,fixed_budget,LightGBM,delta_tp,576,-91.2
paysim,3,P_WEIGHT,core,platt,fixed_budget,LightGBM,delta_tp,577,428.0
paysim,3,P_WEIGHT,core,platt,fixed_budget,LightGBM,delta_tp,578,186.6
paysim,3,P_WEIGHT,core,platt,fixed_budget,LightGBM,delta_tp,579,85.6
paysim,3,P_WEIGHT,core,platt,fixed_budget,LightGBM,delta_tp,580,-128.0
paysim,3,P_WEIGHT,core,platt,fixed_budget,LightGBM,delta_tp,581,581.6
paysim,3,P_WEIGHT,core,platt,fixed_budget,LightGBM,delta_tp,582,306.0
paysim,3,P_WEIGHT,core,platt,fixed_budget,LightGBM,delta_tp,583,-97.0
paysim,3,P_WEIGHT,core,platt,fixed_budget,LightGBM,delta_tp,584,328.6
paysim,3,P_WEIGHT,core,platt,fixed_budget,LightGBM,delta_tp,585,654.0
paysim,3,P_WEIGHT,core,platt,fixed_budget,LightGBM,delta_tp,586,210.2
paysim,3,P_WEIGHT,core,platt,fixed_budget,LightGBM,delta_tp,587,450.2
paysim,3,P_WEIGHT,core,platt,fixed_budget,LightGBM,delta_tp,588,165.0
paysim,3,P_WEIGHT,core,platt,fixed_budget,LightGBM,delta_tp,589,297.8
paysim,3,P_WEIGHT,core,platt,fixed_budget,LightGBM,delta_tp,590,34.8
paysim,3,P_WEIGHT,core,platt,fixed_budget,LightGBM,delta_tp,591,330.6
paysim,3,P_WEIGHT,core,platt,fixed_budget,LightGBM,delta_tp,592,33.2
paysim,3,P_WEIGHT,core,platt,fixed_budget,LightGBM,delta_tp,593,-160.8
paysim,3,P_WEIGHT,core,platt,fixed_budget,LightGBM,delta_tp,594,571.0
paysim,3,P_WEIGHT,core,platt,fixed_budget,LightGBM,delta_tp,595,308.0
paysim,3,P_WEIGHT,core,platt,fixed_budget,LightGBM,delta_tp,596,586.4
paysim,3,P_WEIGHT,core,platt,fixed_budget,LightGBM,delta_tp,597,173.8
paysim,3,P_WEIGHT,core,platt,fixed_budget,LightGBM,delta_tp,598,388.6
paysim,3,P_WEIGHT,core,platt,fixed_budget,LightGBM,delta_tp,599,-104.0
paysim,3,P_WEIGHT,core,platt,fixed_budget,LightGBM,delta_tp,600,161.4
paysim,3,P_WEIGHT,core,platt,fixed_budget,LightGBM,delta_tp,601,200.0
paysim,3,P_WEIGHT,core,platt,fixed_budget,LightGBM,delta_tp,602,443.0
paysim,3,P_WEIGHT,core,platt,fixed_budget,LightGBM,delta_tp,603,71.8
paysim,3,P_WEIGHT,core,platt,fixed_budget,LightGBM,delta_tp,604,-75.2
paysim,3,P_WEIGHT,core,platt,fixed_budget,LightGBM,delta_tp,605,-48.0
paysim,3,P_WEIGHT,core,platt,fixed_budget,LightGBM,delta_tp,606,431.4
paysim,3,P_WEIGHT,core,platt,fixed_budget,LightGBM,delta_tp,607,32.8
paysim,3,P_WEIGHT,core,platt,fixed_budget,LightGBM,delta_tp,608,457.0
paysim,3,P_WEIGHT,core,platt,fixed_budget,LightGBM,delta_tp,609,-83.6
paysim,3,P_WEIGHT,core,platt,fixed_budget,LightGBM,delta_tp,610,612.2
paysim,3,P_WEIGHT,core,platt,fixed_budget,LightGBM,delta_tp,611,-17.2
paysim,3,P_WEIGHT,core,platt,fixed_budget,LightGBM,delta_tp,612,410.8
paysim,3,P_WEIGHT,core,platt,fixed_budget,LightGBM,delta_tp,613,375.4
paysim,3,P_WEIGHT,core,platt,fixed_budget,LightGBM,delta_tp,614,188.8
paysim,3,P_WEIGHT,core,platt,fixed_budget,LightGBM,delta_tp,615,-49.4
paysim,3,P_WEIGHT,core,platt,fixed_budget,LightGBM,delta_tp,616,352.8
paysim,3,P_WEIGHT,core,platt,fixed_budget,LightGBM,delta_tp,617,-78.6
paysim,3,P_WEIGHT,core,platt,fixed_budget,LightGBM,delta_tp,618,301.4
paysim,3,P_WEIGHT,core,platt,fixed_budget,LightGBM,delta_tp,619,283.2
paysim,3,P_WEIGHT,core,platt,fixed_budget,LightGBM,delta_tp,620,225.4
paysim,3,P_WEIGHT,core,platt,fixed_budget,LightGBM,delta_tp,621,326.4
paysim,3,P_WEIGHT,core,platt,fixed_budget,LightGBM,delta_tp,622,234.6
paysim,3,P_WEIGHT,core,platt,fixed_budget,LightGBM,delta_tp,623,244.0
paysim,3,P_WEIGHT,core,platt,fixed_budget,LightGBM,delta_tp,624,176.6
paysim,3,P_WEIGHT,core,platt,fixed_budget,LightGBM,delta_tp,625,-6.6
paysim,3,P_WEIGHT,core,platt,fixed_budget,LightGBM,delta_tp,626,-121.2
paysim,3,P_WEIGHT,core,platt,fixed_budget,LightGBM,delta_tp,627,278.2
paysim,3,P_WEIGHT,core,platt,fixed_budget,LightGBM,delta_tp,628,241.8
paysim,3,P_WEIGHT,core,platt,fixed_budget,LightGBM,delta_tp,629,336.4
paysim,3,P_WEIGHT,core,platt,fixed_budget,LightGBM,delta_tp,630,27.4
paysim,3,P_WEIGHT,core,platt,fixed_budget,LightGBM,delta_tp,631,-16.2
paysim,3,P_WEIGHT,core,platt,fixed_budget,LightGBM,delta_tp,632,657.4
paysim,3,P_WEIGHT,core,platt,fixed_budget,LightGBM,delta_tp,633,153.8
paysim,3,P_WEIGHT,core,platt,fixed_budget,LightGBM,delta_tp,634,277.6
paysim,3,P_WEIGHT,core,platt,fixed_budget,LightGBM,delta_tp,635,25.2
paysim,3,P_WEIGHT,core,platt,fixed_budget,LightGBM,delta_tp,636,-128.2
paysim,3,P_WEIGHT,core,platt,fixed_budget,LightGBM,delta_tp,637,-213.4
paysim,3,P_WEIGHT,core,platt,fixed_budget,LightGBM,delta_tp,638,684.2
paysim,3,P_WEIGHT,core,platt,fixed_budget,LightGBM,delta_tp,639,725.6
paysim,3,P_WEIGHT,core,platt,fixed_budget,LightGBM,delta_tp,640,275.0
paysim,3,P_WEIGHT,core,platt,fixed_budget,LightGBM,delta_tp,641,194.0
paysim,3,P_WEIGHT,core,platt,fixed_budget,LightGBM,delta_tp,642,354.2
paysim,3,P_WEIGHT,core,platt,fixed_budget,LightGBM,delta_tp,643,-61.4
paysim,3,P_WEIGHT,core,platt,fixed_budget,LightGBM,delta_tp,644,-55.8
paysim,3,P_WEIGHT,core,platt,fixed_budget,LightGBM,delta_tp,645,23.6
paysim,3,P_WEIGHT,core,platt,fixed_budget,LightGBM,delta_tp,646,-88.2
paysim,3,P_WEIGHT,core,platt,fixed_budget,LightGBM,delta_tp,647,271.8
paysim,3,P_WEIGHT,core,platt,fixed_budget,LightGBM,delta_tp,648,194.4
paysim,3,P_WEIGHT,core,platt,fixed_budget,LightGBM,delta_tp,649,-1.6
paysim,3,P_WEIGHT,core,platt,fixed_budget,LightGBM,delta_tp,650,172.6
paysim,3,P_WEIGHT,core,platt,fixed_budget,LightGBM,delta_tp,651,-76.8
paysim,3,P_WEIGHT,core,platt,fixed_budget,LightGBM,delta_tp,652,-190.0
paysim,3,P_WEIGHT,core,platt,fixed_budget,LightGBM,delta_tp,653,-89.4
paysim,3,P_WEIGHT,core,platt,fixed_budget,LightGBM,delta_tp,654,546.0
paysim,3,P_WEIGHT,core,platt,fixed_budget,LightGBM,delta_tp,655,163.0
paysim,3,P_WEIGHT,core,platt,fixed_budget,LightGBM,delta_tp,656,187.8
paysim,3,P_WEIGHT,core,platt,fixed_budget,LightGBM,delta_tp,657,-52.4
paysim,3,P_WEIGHT,core,platt,fixed_budget,LightGBM,delta_tp,658,338.6
paysim,3,P_WEIGHT,core,platt,fixed_budget,LightGBM,delta_tp,659,230.6
paysim,3,P_WEIGHT,core,platt,fixed_budget,LightGBM,delta_tp,660,-139.4
paysim,3,P_WEIGHT,core,platt,fixed_budget,LightGBM,delta_tp,661,599.0
paysim,3,P_WEIGHT,core,platt,fixed_budget,LightGBM,delta_tp,662,41.6
paysim,3,P_WEIGHT,core,platt,fixed_budget,LightGBM,delta_tp,663,530.8
paysim,3,P_WEIGHT,core,platt,fixed_budget,LightGBM,delta_tp,664,62.2
paysim,3,P_WEIGHT,core,platt,fixed_budget,LightGBM,delta_tp,665,231.2
paysim,3,P_WEIGHT,core,platt,fixed_budget,LightGBM,delta_tp,666,93.4
paysim,3,P_WEIGHT,core,platt,fixed_budget,LightGBM,delta_tp,667,712.6
paysim,3,P_WEIGHT,core,platt,fixed_budget,LightGBM,delta_tp,668,355.8
paysim,3,P_WEIGHT,core,platt,fixed_budget,LightGBM,delta_tp,669,-32.8
paysim,3,P_WEIGHT,core,platt,fixed_budget,LightGBM,delta_tp,670,446.0
paysim,3,P_WEIGHT,core,platt,fixed_budget,LightGBM,delta_tp,671,132.8
paysim,3,P_WEIGHT,core,platt,fixed_budget,LightGBM,delta_tp,672,-12.8
paysim,3,P_WEIGHT,core,platt,fixed_budget,LightGBM,delta_tp,673,149.2
paysim,3,P_WEIGHT,core,platt,fixed_budget,LightGBM,delta_tp,674,133.2
paysim,3,P_WEIGHT,core,platt,fixed_budget,LightGBM,delta_tp,675,252.0
paysim,3,P_WEIGHT,core,platt,fixed_budget,LightGBM,delta_tp,676,160.8
paysim,3,P_WEIGHT,core,platt,fixed_budget,LightGBM,delta_tp,677,-173.2
paysim,3,P_WEIGHT,core,platt,fixed_budget,LightGBM,delta_tp,678,289.4
paysim,3,P_WEIGHT,core,platt,fixed_budget,LightGBM,delta_tp,679,144.0
paysim,3,P_WEIGHT,core,platt,fixed_budget,LightGBM,delta_tp,680,-62.2
paysim,3,P_WEIGHT,core,platt,fixed_budget,LightGBM,delta_tp,681,-143.0
paysim,3,P_WEIGHT,core,platt,fixed_budget,LightGBM,delta_tp,682,462.4
paysim,3,P_WEIGHT,core,platt,fixed_budget,LightGBM,delta_tp,683,38.6
paysim,3,P_WEIGHT,core,platt,fixed_budget,LightGBM,delta_tp,684,215.2
paysim,3,P_WEIGHT,core,platt,fixed_budget,LightGBM,delta_tp,685,590.2
paysim,3,P_WEIGHT,core,platt,fixed_budget,LightGBM,delta_tp,686,378.2
paysim,3,P_WEIGHT,core,platt,fixed_budget,LightGBM,delta_tp,687,182.6
paysim,3,P_WEIGHT,core,platt,fixed_budget,LightGBM,delta_tp,688,366.4
paysim,3,P_WEIGHT,core,platt,fixed_budget,LightGBM,delta_tp,689,382.4
paysim,3,P_WEIGHT,core,platt,fixed_budget,LightGBM,delta_tp,690,486.0
paysim,3,P_WEIGHT,core,platt,fixed_budget,LightGBM,delta_tp,691,-111.4
paysim,3,P_WEIGHT,core,platt,fixed_budget,LightGBM,delta_tp,692,352.4
paysim,3,P_WEIGHT,core,platt,fixed_budget,LightGBM,delta_tp,693,-115.0
paysim,3,P_WEIGHT,core,platt,fixed_budget,LightGBM,delta_tp,694,116.2
paysim,3,P_WEIGHT,core,platt,fixed_budget,LightGBM,delta_tp,695,-81.6
paysim,3,P_WEIGHT,core,platt,fixed_budget,LightGBM,delta_tp,696,382.0
paysim,3,P_WEIGHT,core,platt,fixed_budget,LightGBM,delta_tp,697,322.2
paysim,3,P_WEIGHT,core,platt,fixed_budget,LightGBM,delta_tp,698,529.4
paysim,3,P_WEIGHT,core,platt,fixed_budget,LightGBM,delta_tp,699,-54.6
paysim,3,P_WEIGHT,core,platt,fixed_budget,LightGBM,delta_tp,700,-97.4
paysim,3,P_WEIGHT,core,platt,fixed_budget,LightGBM,delta_tp,701,229.8
paysim,3,P_WEIGHT,core,platt,fixed_budget,LightGBM,delta_tp,702,12.4
paysim,3,P_WEIGHT,core,platt,fixed_budget,LightGBM,delta_tp,703,578.0
paysim,3,P_WEIGHT,core,platt,fixed_budget,LightGBM,delta_tp,704,9.4
paysim,3,P_WEIGHT,core,platt,fixed_budget,LightGBM,delta_tp,705,-113.4
paysim,3,P_WEIGHT,core,platt,fixed_budget,LightGBM,delta_tp,706,-143.8
paysim,3,P_WEIGHT,core,platt,fixed_budget,LightGBM,delta_tp,707,440.0
paysim,3,P_WEIGHT,core,platt,fixed_budget,LightGBM,delta_tp,708,644.8
paysim,3,P_WEIGHT,core,platt,fixed_budget,LightGBM,delta_tp,709,244.8
paysim,3,P_WEIGHT,core,platt,fixed_budget,LightGBM,delta_tp,710,664.6
paysim,3,P_WEIGHT,core,platt,fixed_budget,LightGBM,delta_tp,711,-124.4
paysim,3,P_WEIGHT,core,platt,fixed_budget,LightGBM,delta_tp,712,39.6
paysim,3,P_WEIGHT,core,platt,fixed_budget,LightGBM,delta_tp,713,-81.2
paysim,3,P_WEIGHT,core,platt,fixed_budget,LightGBM,delta_tp,714,-73.8
paysim,3,P_WEIGHT,core,platt,fixed_budget,LightGBM,delta_tp,715,247.0
paysim,3,P_WEIGHT,core,platt,fixed_budget,LightGBM,delta_tp,716,-84.6
paysim,3,P_WEIGHT,core,platt,fixed_budget,LightGBM,delta_tp,717,548.8
paysim,3,P_WEIGHT,core,platt,fixed_budget,LightGBM,delta_tp,718,211.2
paysim,3,P_WEIGHT,core,platt,fixed_budget,LightGBM,delta_tp,719,362.0
paysim,3,P_WEIGHT,core,platt,fixed_budget,LightGBM,delta_tp,720,234.6
paysim,3,P_WEIGHT,core,platt,fixed_budget,LightGBM,delta_tp,721,367.8
paysim,3,P_WEIGHT,core,platt,fixed_budget,LightGBM,delta_tp,722,584.4
paysim,3,P_WEIGHT,core,platt,fixed_budget,LightGBM,delta_tp,723,43.6
paysim,3,P_WEIGHT,core,platt,fixed_budget,LightGBM,delta_tp,724,21.2
paysim,3,P_WEIGHT,core,platt,fixed_budget,LightGBM,delta_tp,725,42.4
paysim,3,P_WEIGHT,core,platt,fixed_budget,LightGBM,delta_tp,726,314.8
paysim,3,P_WEIGHT,core,platt,fixed_budget,LightGBM,delta_tp,727,641.0
paysim,3,P_WEIGHT,core,platt,fixed_budget,LightGBM,delta_tp,728,402.0
paysim,3,P_WEIGHT,core,platt,fixed_budget,LightGBM,delta_tp,729,433.6
paysim,3,P_WEIGHT,core,platt,fixed_budget,LightGBM,delta_tp,730,42.4
paysim,3,P_WEIGHT,core,platt,fixed_budget,LightGBM,delta_tp,731,201.4
paysim,3,P_WEIGHT,core,platt,fixed_budget,LightGBM,delta_tp,732,512.6
paysim,3,P_WEIGHT,core,platt,fixed_budget,LightGBM,delta_tp,733,137.0
paysim,3,P_WEIGHT,core,platt,fixed_budget,LightGBM,delta_tp,734,37.2
paysim,3,P_WEIGHT,core,platt,fixed_budget,LightGBM,delta_tp,735,249.4
paysim,3,P_WEIGHT,core,platt,fixed_budget,LightGBM,delta_tp,736,-148.8
paysim,3,P_WEIGHT,core,platt,fixed_budget,LightGBM,delta_tp,737,467.8
paysim,3,P_WEIGHT,core,platt,fixed_budget,LightGBM,delta_tp,738,-18.2
paysim,3,P_WEIGHT,core,platt,fixed_budget,LightGBM,delta_tp,739,-8.4
paysim,3,P_WEIGHT,core,platt,fixed_budget,LightGBM,delta_tp,740,643.0
paysim,3,P_WEIGHT,core,platt,fixed_budget,LightGBM,delta_tp,741,67.4
paysim,3,P_WEIGHT,core,platt,fixed_budget,LightGBM,delta_tp,742,240.8
paysim,3,P_WEIGHT,core,platt,fixed_budget,LightGBM,delta_tp,743,301.8
paysim,3,P_WEIGHT,core,platt,fixed_budget,LightGBM,delta_tp,744,245.2
paysim,3,P_WEIGHT,core,platt,fixed_budget,LightGBM,delta_tp,745,9.0
paysim,3,P_WEIGHT,core,platt,fixed_budget,LightGBM,delta_tp,746,653.6
paysim,3,P_WEIGHT,core,platt,fixed_budget,LightGBM,delta_tp,747,-167.6
paysim,3,P_WEIGHT,core,platt,fixed_budget,LightGBM,delta_tp,748,25.6
paysim,3,P_WEIGHT,core,platt,fixed_budget,LightGBM,delta_tp,749,-16.4
paysim,3,P_WEIGHT,core,platt,fixed_budget,LightGBM,delta_tp,750,-82.6
paysim,3,P_WEIGHT,core,platt,fixed_budget,LightGBM,delta_tp,751,-58.8
paysim,3,P_WEIGHT,core,platt,fixed_budget,LightGBM,delta_tp,752,-187.8
paysim,3,P_WEIGHT,core,platt,fixed_budget,LightGBM,delta_tp,753,255.6
paysim,3,P_WEIGHT,core,platt,fixed_budget,LightGBM,delta_tp,754,-66.8
paysim,3,P_WEIGHT,core,platt,fixed_budget,LightGBM,delta_tp,755,-171.8
paysim,3,P_WEIGHT,core,platt,fixed_budget,LightGBM,delta_tp,756,365.0
paysim,3,P_WEIGHT,core,platt,fixed_budget,LightGBM,delta_tp,757,388.6
paysim,3,P_WEIGHT,core,platt,fixed_budget,LightGBM,delta_tp,758,619.4
paysim,3,P_WEIGHT,core,platt,fixed_budget,LightGBM,delta_tp,759,337.2
paysim,3,P_WEIGHT,core,platt,fixed_budget,LightGBM,delta_tp,760,165.6
paysim,3,P_WEIGHT,core,platt,fixed_budget,LightGBM,delta_tp,761,249.6
paysim,3,P_WEIGHT,core,platt,fixed_budget,LightGBM,delta_tp,762,716.4
paysim,3,P_WEIGHT,core,platt,fixed_budget,LightGBM,delta_tp,763,32.4
paysim,3,P_WEIGHT,core,platt,fixed_budget,LightGBM,delta_tp,764,-175.0
paysim,3,P_WEIGHT,core,platt,fixed_budget,LightGBM,delta_tp,765,390.8
paysim,3,P_WEIGHT,core,platt,fixed_budget,LightGBM,delta_tp,766,300.4
paysim,3,P_WEIGHT,core,platt,fixed_budget,LightGBM,delta_tp,767,-31.2
paysim,3,P_WEIGHT,core,platt,fixed_budget,LightGBM,delta_tp,768,885.8
paysim,3,P_WEIGHT,core,platt,fixed_budget,LightGBM,delta_tp,769,691.0
paysim,3,P_WEIGHT,core,platt,fixed_budget,LightGBM,delta_tp,770,642.0
paysim,3,P_WEIGHT,core,platt,fixed_budget,LightGBM,delta_tp,771,335.4
paysim,3,P_WEIGHT,core,platt,fixed_budget,LightGBM,delta_tp,772,156.6
paysim,3,P_WEIGHT,core,platt,fixed_budget,LightGBM,delta_tp,773,242.0
paysim,3,P_WEIGHT,core,platt,fixed_budget,LightGBM,delta_tp,774,-3.6
paysim,3,P_WEIGHT,core,platt,fixed_budget,LightGBM,delta_tp,775,-58.4
paysim,3,P_WEIGHT,core,platt,fixed_budget,LightGBM,delta_tp,776,-157.8
paysim,3,P_WEIGHT,core,platt,fixed_budget,LightGBM,delta_tp,777,191.6
paysim,3,P_WEIGHT,core,platt,fixed_budget,LightGBM,delta_tp,778,-101.0
paysim,3,P_WEIGHT,core,platt,fixed_budget,LightGBM,delta_tp,779,27.2
paysim,3,P_WEIGHT,core,platt,fixed_budget,LightGBM,delta_tp,780,207.2
paysim,3,P_WEIGHT,core,platt,fixed_budget,LightGBM,delta_tp,781,308.2
paysim,3,P_WEIGHT,core,platt,fixed_budget,LightGBM,delta_tp,782,-150.6
paysim,3,P_WEIGHT,core,platt,fixed_budget,LightGBM,delta_tp,783,467.2
paysim,3,P_WEIGHT,core,platt,fixed_budget,LightGBM,delta_tp,784,518.8
paysim,3,P_WEIGHT,core,platt,fixed_budget,LightGBM,delta_tp,785,489.2
paysim,3,P_WEIGHT,core,platt,fixed_budget,LightGBM,delta_tp,786,35.8
paysim,3,P_WEIGHT,core,platt,fixed_budget,LightGBM,delta_tp,787,-24.4
paysim,3,P_WEIGHT,core,platt,fixed_budget,LightGBM,delta_tp,788,-91.8
paysim,3,P_WEIGHT,core,platt,fixed_budget,LightGBM,delta_tp,789,278.8
paysim,3,P_WEIGHT,core,platt,fixed_budget,LightGBM,delta_tp,790,858.4
paysim,3,P_WEIGHT,core,platt,fixed_budget,LightGBM,delta_tp,791,444.8
paysim,3,P_WEIGHT,core,platt,fixed_budget,LightGBM,delta_tp,792,511.2
paysim,3,P_WEIGHT,core,platt,fixed_budget,LightGBM,delta_tp,793,-100.0
paysim,3,P_WEIGHT,core,platt,fixed_budget,LightGBM,delta_tp,794,734.4
paysim,3,P_WEIGHT,core,platt,fixed_budget,LightGBM,delta_tp,795,684.8
paysim,3,P_WEIGHT,core,platt,fixed_budget,LightGBM,delta_tp,796,-29.6
paysim,3,P_WEIGHT,core,platt,fixed_budget,LightGBM,delta_tp,797,631.0
paysim,3,P_WEIGHT,core,platt,fixed_budget,LightGBM,delta_tp,798,36.6
paysim,3,P_WEIGHT,core,platt,fixed_budget,LightGBM,delta_tp,799,245.8
paysim,3,P_WEIGHT,core,platt,fixed_budget,LightGBM,delta_tp,800,668.0
paysim,3,P_WEIGHT,core,platt,fixed_budget,LightGBM,delta_tp,801,583.0
paysim,3,P_WEIGHT,core,platt,fixed_budget,LightGBM,delta_tp,802,-128.0
paysim,3,P_WEIGHT,core,platt,fixed_budget,LightGBM,delta_tp,803,-141.4
paysim,3,P_WEIGHT,core,platt,fixed_budget,LightGBM,delta_tp,804,313.4
paysim,3,P_WEIGHT,core,platt,fixed_budget,LightGBM,delta_tp,805,-102.8
paysim,3,P_WEIGHT,core,platt,fixed_budget,LightGBM,delta_tp,806,648.6
paysim,3,P_WEIGHT,core,platt,fixed_budget,LightGBM,delta_tp,807,245.8
paysim,3,P_WEIGHT,core,platt,fixed_budget,LightGBM,delta_tp,808,692.4
paysim,3,P_WEIGHT,core,platt,fixed_budget,LightGBM,delta_tp,809,351.2
paysim,3,P_WEIGHT,core,platt,fixed_budget,LightGBM,delta_tp,810,-151.0
paysim,3,P_WEIGHT,core,platt,fixed_budget,LightGBM,delta_tp,811,-82.2
paysim,3,P_WEIGHT,core,platt,fixed_budget,LightGBM,delta_tp,812,268.2
paysim,3,P_WEIGHT,core,platt,fixed_budget,LightGBM,delta_tp,813,-171.6
paysim,3,P_WEIGHT,core,platt,fixed_budget,LightGBM,delta_tp,814,-79.8
paysim,3,P_WEIGHT,core,platt,fixed_budget,LightGBM,delta_tp,815,212.0
paysim,3,P_WEIGHT,core,platt,fixed_budget,LightGBM,delta_tp,816,70.4
paysim,3,P_WEIGHT,core,platt,fixed_budget,LightGBM,delta_tp,817,171.4
paysim,3,P_WEIGHT,core,platt,fixed_budget,LightGBM,delta_tp,818,471.8
paysim,3,P_WEIGHT,core,platt,fixed_budget,LightGBM,delta_tp,819,-44.4
paysim,3,P_WEIGHT,core,platt,fixed_budget,LightGBM,delta_tp,820,90.4
paysim,3,P_WEIGHT,core,platt,fixed_budget,LightGBM,delta_tp,821,74.6
paysim,3,P_WEIGHT,core,platt,fixed_budget,LightGBM,delta_tp,822,401.4
paysim,3,P_WEIGHT,core,platt,fixed_budget,LightGBM,delta_tp,823,19.0
paysim,3,P_WEIGHT,core,platt,fixed_budget,LightGBM,delta_tp,824,265.2
paysim,3,P_WEIGHT,core,platt,fixed_budget,LightGBM,delta_tp,825,190.4
paysim,3,P_WEIGHT,core,platt,fixed_budget,LightGBM,delta_tp,826,-158.8
paysim,3,P_WEIGHT,core,platt,fixed_budget,LightGBM,delta_tp,827,746.8
paysim,3,P_WEIGHT,core,platt,fixed_budget,LightGBM,delta_tp,828,840.0
paysim,3,P_WEIGHT,core,platt,fixed_budget,LightGBM,delta_tp,829,680.0
paysim,3,P_WEIGHT,core,platt,fixed_budget,LightGBM,delta_tp,830,229.6
paysim,3,P_WEIGHT,core,platt,fixed_budget,LightGBM,delta_tp,831,1.2
paysim,3,P_WEIGHT,core,platt,fixed_budget,LightGBM,delta_tp,832,-89.0
paysim,3,P_WEIGHT,core,platt,fixed_budget,LightGBM,delta_tp,833,407.6
paysim,3,P_WEIGHT,core,platt,fixed_budget,LightGBM,delta_tp,834,507.8
paysim,3,P_WEIGHT,core,platt,fixed_budget,LightGBM,delta_tp,835,481.4
paysim,3,P_WEIGHT,core,platt,fixed_budget,LightGBM,delta_tp,836,-34.2
paysim,3,P_WEIGHT,core,platt,fixed_budget,LightGBM,delta_tp,837,-106.8
paysim,3,P_WEIGHT,core,platt,fixed_budget,LightGBM,delta_tp,838,-41.8
paysim,3,P_WEIGHT,core,platt,fixed_budget,LightGBM,delta_tp,839,10.8
paysim,3,P_WEIGHT,core,platt,fixed_budget,LightGBM,delta_tp,840,-89.2
paysim,3,P_WEIGHT,core,platt,fixed_budget,LightGBM,delta_tp,841,-89.6
paysim,3,P_WEIGHT,core,platt,fixed_budget,LightGBM,delta_tp,842,457.2
paysim,3,P_WEIGHT,core,platt,fixed_budget,LightGBM,delta_tp,843,268.0
paysim,3,P_WEIGHT,core,platt,fixed_budget,LightGBM,delta_tp,844,627.6
paysim,3,P_WEIGHT,core,platt,fixed_budget,LightGBM,delta_tp,845,-7.0
paysim,3,P_WEIGHT,core,platt,fixed_budget,LightGBM,delta_tp,846,728.4
paysim,3,P_WEIGHT,core,platt,fixed_budget,LightGBM,delta_tp,847,75.0
paysim,3,P_WEIGHT,core,platt,fixed_budget,LightGBM,delta_tp,848,89.4
paysim,3,P_WEIGHT,core,platt,fixed_budget,LightGBM,delta_tp,849,187.4
paysim,3,P_WEIGHT,core,platt,fixed_budget,LightGBM,delta_tp,850,254.6
paysim,3,P_WEIGHT,core,platt,fixed_budget,LightGBM,delta_tp,851,290.8
paysim,3,P_WEIGHT,core,platt,fixed_budget,LightGBM,delta_tp,852,-163.6
paysim,3,P_WEIGHT,core,platt,fixed_budget,LightGBM,delta_tp,853,257.2
paysim,3,P_WEIGHT,core,platt,fixed_budget,LightGBM,delta_tp,854,728.0
paysim,3,P_WEIGHT,core,platt,fixed_budget,LightGBM,delta_tp,855,396.8
paysim,3,P_WEIGHT,core,platt,fixed_budget,LightGBM,delta_tp,856,112.0
paysim,3,P_WEIGHT,core,platt,fixed_budget,LightGBM,delta_tp,857,-148.2
paysim,3,P_WEIGHT,core,platt,fixed_budget,LightGBM,delta_tp,858,335.2
paysim,3,P_WEIGHT,core,platt,fixed_budget,LightGBM,delta_tp,859,376.4
paysim,3,P_WEIGHT,core,platt,fixed_budget,LightGBM,delta_tp,860,368.2
paysim,3,P_WEIGHT,core,platt,fixed_budget,LightGBM,delta_tp,861,314.4
paysim,3,P_WEIGHT,core,platt,fixed_budget,LightGBM,delta_tp,862,68.2
paysim,3,P_WEIGHT,core,platt,fixed_budget,LightGBM,delta_tp,863,2.2
paysim,3,P_WEIGHT,core,platt,fixed_budget,LightGBM,delta_tp,864,410.8
paysim,3,P_WEIGHT,core,platt,fixed_budget,LightGBM,delta_tp,865,675.6
paysim,3,P_WEIGHT,core,platt,fixed_budget,LightGBM,delta_tp,866,491.2
paysim,3,P_WEIGHT,core,platt,fixed_budget,LightGBM,delta_tp,867,-172.8
paysim,3,P_WEIGHT,core,platt,fixed_budget,LightGBM,delta_tp,868,-21.0
paysim,3,P_WEIGHT,core,platt,fixed_budget,LightGBM,delta_tp,869,-57.0
paysim,3,P_WEIGHT,core,platt,fixed_budget,LightGBM,delta_tp,870,-17.6
paysim,3,P_WEIGHT,core,platt,fixed_budget,LightGBM,delta_tp,871,259.0
paysim,3,P_WEIGHT,core,platt,fixed_budget,LightGBM,delta_tp,872,85.6
paysim,3,P_WEIGHT,core,platt,fixed_budget,LightGBM,delta_tp,873,660.2
paysim,3,P_WEIGHT,core,platt,fixed_budget,LightGBM,delta_tp,874,-79.0
paysim,3,P_WEIGHT,core,platt,fixed_budget,LightGBM,delta_tp,875,355.6
paysim,3,P_WEIGHT,core,platt,fixed_budget,LightGBM,delta_tp,876,1.8
paysim,3,P_WEIGHT,core,platt,fixed_budget,LightGBM,delta_tp,877,406.6
paysim,3,P_WEIGHT,core,platt,fixed_budget,LightGBM,delta_tp,878,-13.0
paysim,3,P_WEIGHT,core,platt,fixed_budget,LightGBM,delta_tp,879,514.6
paysim,3,P_WEIGHT,core,platt,fixed_budget,LightGBM,delta_tp,880,174.6
paysim,3,P_WEIGHT,core,platt,fixed_budget,LightGBM,delta_tp,881,-82.6
paysim,3,P_WEIGHT,core,platt,fixed_budget,LightGBM,delta_tp,882,597.4
paysim,3,P_WEIGHT,core,platt,fixed_budget,LightGBM,delta_tp,883,-48.4
paysim,3,P_WEIGHT,core,platt,fixed_budget,LightGBM,delta_tp,884,-134.6
paysim,3,P_WEIGHT,core,platt,fixed_budget,LightGBM,delta_tp,885,67.8
paysim,3,P_WEIGHT,core,platt,fixed_budget,LightGBM,delta_tp,886,23.6
paysim,3,P_WEIGHT,core,platt,fixed_budget,LightGBM,delta_tp,887,223.0
paysim,3,P_WEIGHT,core,platt,fixed_budget,LightGBM,delta_tp,888,596.2
paysim,3,P_WEIGHT,core,platt,fixed_budget,LightGBM,delta_tp,889,216.4
paysim,3,P_WEIGHT,core,platt,fixed_budget,LightGBM,delta_tp,890,-173.0
paysim,3,P_WEIGHT,core,platt,fixed_budget,LightGBM,delta_tp,891,-172.4
paysim,3,P_WEIGHT,core,platt,fixed_budget,LightGBM,delta_tp,892,58.0
paysim,3,P_WEIGHT,core,platt,fixed_budget,LightGBM,delta_tp,893,-191.2
paysim,3,P_WEIGHT,core,platt,fixed_budget,LightGBM,delta_tp,894,26.8
paysim,3,P_WEIGHT,core,platt,fixed_budget,LightGBM,delta_tp,895,453.8
paysim,3,P_WEIGHT,core,platt,fixed_budget,LightGBM,delta_tp,896,314.8
paysim,3,P_WEIGHT,core,platt,fixed_budget,LightGBM,delta_tp,897,570.6
paysim,3,P_WEIGHT,core,platt,fixed_budget,LightGBM,delta_tp,898,-50.2
paysim,3,P_WEIGHT,core,platt,fixed_budget,LightGBM,delta_tp,899,-88.8
paysim,3,P_WEIGHT,core,platt,fixed_budget,LightGBM,delta_tp,900,56.0
paysim,3,P_WEIGHT,core,platt,fixed_budget,LightGBM,delta_tp,901,662.4
paysim,3,P_WEIGHT,core,platt,fixed_budget,LightGBM,delta_tp,902,443.0
paysim,3,P_WEIGHT,core,platt,fixed_budget,LightGBM,delta_tp,903,68.2
paysim,3,P_WEIGHT,core,platt,fixed_budget,LightGBM,delta_tp,904,148.8
paysim,3,P_WEIGHT,core,platt,fixed_budget,LightGBM,delta_tp,905,326.8
paysim,3,P_WEIGHT,core,platt,fixed_budget,LightGBM,delta_tp,906,438.4
paysim,3,P_WEIGHT,core,platt,fixed_budget,LightGBM,delta_tp,907,189.8
paysim,3,P_WEIGHT,core,platt,fixed_budget,LightGBM,delta_tp,908,330.4
paysim,3,P_WEIGHT,core,platt,fixed_budget,LightGBM,delta_tp,909,-109.2
paysim,3,P_WEIGHT,core,platt,fixed_budget,LightGBM,delta_tp,910,667.6
paysim,3,P_WEIGHT,core,platt,fixed_budget,LightGBM,delta_tp,911,438.2
paysim,3,P_WEIGHT,core,platt,fixed_budget,LightGBM,delta_tp,912,-161.0
paysim,3,P_WEIGHT,core,platt,fixed_budget,LightGBM,delta_tp,913,613.6
paysim,3,P_WEIGHT,core,platt,fixed_budget,LightGBM,delta_tp,914,187.6
paysim,3,P_WEIGHT,core,platt,fixed_budget,LightGBM,delta_tp,915,131.6
paysim,3,P_WEIGHT,core,platt,fixed_budget,LightGBM,delta_tp,916,202.4
paysim,3,P_WEIGHT,core,platt,fixed_budget,LightGBM,delta_tp,917,623.8
paysim,3,P_WEIGHT,core,platt,fixed_budget,LightGBM,delta_tp,918,507.2
paysim,3,P_WEIGHT,core,platt,fixed_budget,LightGBM,delta_tp,919,-149.8
paysim,3,P_WEIGHT,core,platt,fixed_budget,LightGBM,delta_tp,920,69.0
paysim,3,P_WEIGHT,core,platt,fixed_budget,LightGBM,delta_tp,921,569.4
paysim,3,P_WEIGHT,core,platt,fixed_budget,LightGBM,delta_tp,922,-35.2
paysim,3,P_WEIGHT,core,platt,fixed_budget,LightGBM,delta_tp,923,258.8
paysim,3,P_WEIGHT,core,platt,fixed_budget,LightGBM,delta_tp,924,94.2
paysim,3,P_WEIGHT,core,platt,fixed_budget,LightGBM,delta_tp,925,313.8
paysim,3,P_WEIGHT,core,platt,fixed_budget,LightGBM,delta_tp,926,32.0
paysim,3,P_WEIGHT,core,platt,fixed_budget,LightGBM,delta_tp,927,39.6
paysim,3,P_WEIGHT,core,platt,fixed_budget,LightGBM,delta_tp,928,538.0
paysim,3,P_WEIGHT,core,platt,fixed_budget,LightGBM,delta_tp,929,45.2
paysim,3,P_WEIGHT,core,platt,fixed_budget,LightGBM,delta_tp,930,-111.2
paysim,3,P_WEIGHT,core,platt,fixed_budget,LightGBM,delta_tp,931,-43.4
paysim,3,P_WEIGHT,core,platt,fixed_budget,LightGBM,delta_tp,932,780.2
paysim,3,P_WEIGHT,core,platt,fixed_budget,LightGBM,delta_tp,933,549.8
paysim,3,P_WEIGHT,core,platt,fixed_budget,LightGBM,delta_tp,934,103.8
paysim,3,P_WEIGHT,core,platt,fixed_budget,LightGBM,delta_tp,935,211.0
paysim,3,P_WEIGHT,core,platt,fixed_budget,LightGBM,delta_tp,936,206.8
paysim,3,P_WEIGHT,core,platt,fixed_budget,LightGBM,delta_tp,937,545.4
paysim,3,P_WEIGHT,core,platt,fixed_budget,LightGBM,delta_tp,938,195.8
paysim,3,P_WEIGHT,core,platt,fixed_budget,LightGBM,delta_tp,939,985.4
paysim,3,P_WEIGHT,core,platt,fixed_budget,LightGBM,delta_tp,940,-24.0
paysim,3,P_WEIGHT,core,platt,fixed_budget,LightGBM,delta_tp,941,-105.6
paysim,3,P_WEIGHT,core,platt,fixed_budget,LightGBM,delta_tp,942,15.6
paysim,3,P_WEIGHT,core,platt,fixed_budget,LightGBM,delta_tp,943,31.8
paysim,3,P_WEIGHT,core,platt,fixed_budget,LightGBM,delta_tp,944,-12.8
paysim,3,P_WEIGHT,core,platt,fixed_budget,LightGBM,delta_tp,945,474.2
paysim,3,P_WEIGHT,core,platt,fixed_budget,LightGBM,delta_tp,946,-66.2
paysim,3,P_WEIGHT,core,platt,fixed_budget,LightGBM,delta_tp,947,-80.2
paysim,3,P_WEIGHT,core,platt,fixed_budget,LightGBM,delta_tp,948,-34.0
paysim,3,P_WEIGHT,core,platt,fixed_budget,LightGBM,delta_tp,949,583.8
paysim,3,P_WEIGHT,core,platt,fixed_budget,LightGBM,delta_tp,950,6.0
paysim,3,P_WEIGHT,core,platt,fixed_budget,LightGBM,delta_tp,951,59.8
paysim,3,P_WEIGHT,core,platt,fixed_budget,LightGBM,delta_tp,952,461.2
paysim,3,P_WEIGHT,core,platt,fixed_budget,LightGBM,delta_tp,953,136.8
paysim,3,P_WEIGHT,core,platt,fixed_budget,LightGBM,delta_tp,954,317.6
paysim,3,P_WEIGHT,core,platt,fixed_budget,LightGBM,delta_tp,955,381.6
paysim,3,P_WEIGHT,core,platt,fixed_budget,LightGBM,delta_tp,956,92.6
paysim,3,P_WEIGHT,core,platt,fixed_budget,LightGBM,delta_tp,957,355.6
paysim,3,P_WEIGHT,core,platt,fixed_budget,LightGBM,delta_tp,958,188.6
paysim,3,P_WEIGHT,core,platt,fixed_budget,LightGBM,delta_tp,959,-171.2
paysim,3,P_WEIGHT,core,platt,fixed_budget,LightGBM,delta_tp,960,701.6
paysim,3,P_WEIGHT,core,platt,fixed_budget,LightGBM,delta_tp,961,136.4
paysim,3,P_WEIGHT,core,platt,fixed_budget,LightGBM,delta_tp,962,661.6
paysim,3,P_WEIGHT,core,platt,fixed_budget,LightGBM,delta_tp,963,416.6
paysim,3,P_WEIGHT,core,platt,fixed_budget,LightGBM,delta_tp,964,219.6
paysim,3,P_WEIGHT,core,platt,fixed_budget,LightGBM,delta_tp,965,274.8
paysim,3,P_WEIGHT,core,platt,fixed_budget,LightGBM,delta_tp,966,324.2
paysim,3,P_WEIGHT,core,platt,fixed_budget,LightGBM,delta_tp,967,681.0
paysim,3,P_WEIGHT,core,platt,fixed_budget,LightGBM,delta_tp,968,730.8
paysim,3,P_WEIGHT,core,platt,fixed_budget,LightGBM,delta_tp,969,611.8
paysim,3,P_WEIGHT,core,platt,fixed_budget,LightGBM,delta_tp,970,323.6
paysim,3,P_WEIGHT,core,platt,fixed_budget,LightGBM,delta_tp,971,-155.4
paysim,3,P_WEIGHT,core,platt,fixed_budget,LightGBM,delta_tp,972,18.4
paysim,3,P_WEIGHT,core,platt,fixed_budget,LightGBM,delta_tp,973,289.4
paysim,3,P_WEIGHT,core,platt,fixed_budget,LightGBM,delta_tp,974,-163.0
paysim,3,P_WEIGHT,core,platt,fixed_budget,LightGBM,delta_tp,975,-117.2
paysim,3,P_WEIGHT,core,platt,fixed_budget,LightGBM,delta_tp,976,412.0
paysim,3,P_WEIGHT,core,platt,fixed_budget,LightGBM,delta_tp,977,-139.6
paysim,3,P_WEIGHT,core,platt,fixed_budget,LightGBM,delta_tp,978,496.2
paysim,3,P_WEIGHT,core,platt,fixed_budget,LightGBM,delta_tp,979,716.6
paysim,3,P_WEIGHT,core,platt,fixed_budget,LightGBM,delta_tp,980,-58.2
paysim,3,P_WEIGHT,core,platt,fixed_budget,LightGBM,delta_tp,981,-74.8
paysim,3,P_WEIGHT,core,platt,fixed_budget,LightGBM,delta_tp,982,267.8
paysim,3,P_WEIGHT,core,platt,fixed_budget,LightGBM,delta_tp,983,364.4
paysim,3,P_WEIGHT,core,platt,fixed_budget,LightGBM,delta_tp,984,281.6
paysim,3,P_WEIGHT,core,platt,fixed_budget,LightGBM,delta_tp,985,436.6
paysim,3,P_WEIGHT,core,platt,fixed_budget,LightGBM,delta_tp,986,334.4
paysim,3,P_WEIGHT,core,platt,fixed_budget,LightGBM,delta_tp,987,579.2
paysim,3,P_WEIGHT,core,platt,fixed_budget,LightGBM,delta_tp,988,79.4
paysim,3,P_WEIGHT,core,platt,fixed_budget,LightGBM,delta_tp,989,117.8
paysim,3,P_WEIGHT,core,platt,fixed_budget,LightGBM,delta_tp,990,255.8
paysim,3,P_WEIGHT,core,platt,fixed_budget,LightGBM,delta_tp,991,-77.8
paysim,3,P_WEIGHT,core,platt,fixed_budget,LightGBM,delta_tp,992,507.6
paysim,3,P_WEIGHT,core,platt,fixed_budget,LightGBM,delta_tp,993,-1.6
paysim,3,P_WEIGHT,core,platt,fixed_budget,LightGBM,delta_tp,994,73.0
paysim,3,P_WEIGHT,core,platt,fixed_budget,LightGBM,delta_tp,995,-96.8
paysim,3,P_WEIGHT,core,platt,fixed_budget,LightGBM,delta_tp,996,-130.8
paysim,3,P_WEIGHT,core,platt,fixed_budget,LightGBM,delta_tp,997,216.2
paysim,3,P_WEIGHT,core,platt,fixed_budget,LightGBM,delta_tp,998,205.2
paysim,3,P_WEIGHT,core,platt,fixed_budget,LightGBM,delta_tp,999,-124.6
paysim,3,P_WEIGHT,core,platt,fixed_budget,LightGBM,delta_tp,1000,235.2
paysim,3,P_WEIGHT,core,platt,fixed_budget,LightGBM,delta_tp,1001,320.0
paysim,3,P_WEIGHT,core,platt,fixed_budget,LightGBM,delta_tp,1002,-109.0
paysim,3,P_WEIGHT,core,platt,fixed_budget,LightGBM,delta_tp,1003,291.2
paysim,3,P_WEIGHT,core,platt,fixed_budget,LightGBM,delta_tp,1004,-148.0
paysim,3,P_WEIGHT,core,platt,fixed_budget,LightGBM,delta_tp,1005,-44.0
paysim,3,P_WEIGHT,core,platt,fixed_budget,LightGBM,delta_tp,1006,-154.0
paysim,3,P_WEIGHT,core,platt,fixed_budget,LightGBM,delta_tp,1007,-137.0
paysim,3,P_WEIGHT,core,platt,fixed_budget,LightGBM,delta_tp,1008,216.6
paysim,3,P_WEIGHT,core,platt,fixed_budget,LightGBM,delta_tp,1009,436.4
paysim,3,P_WEIGHT,core,platt,fixed_budget,LightGBM,delta_tp,1010,129.0
paysim,3,P_WEIGHT,core,platt,fixed_budget,LightGBM,delta_tp,1011,130.8
paysim,3,P_WEIGHT,core,platt,fixed_budget,LightGBM,delta_tp,1012,-11.6
paysim,3,P_WEIGHT,core,platt,fixed_budget,LightGBM,delta_tp,1013,598.0
paysim,3,P_WEIGHT,core,platt,fixed_budget,LightGBM,delta_tp,1014,397.0
paysim,3,P_WEIGHT,core,platt,fixed_budget,LightGBM,delta_tp,1015,620.8
paysim,3,P_WEIGHT,core,platt,fixed_budget,LightGBM,delta_tp,1016,201.0
paysim,3,P_WEIGHT,core,platt,fixed_budget,LightGBM,delta_tp,1017,-103.2
paysim,3,P_WEIGHT,core,platt,fixed_budget,LightGBM,delta_tp,1018,151.4
paysim,3,P_WEIGHT,core,platt,fixed_budget,LightGBM,delta_tp,1019,319.4
paysim,3,P_WEIGHT,core,platt,fixed_budget,LightGBM,delta_tp,1020,46.6
paysim,3,P_WEIGHT,core,platt,fixed_budget,LightGBM,delta_tp,1021,542.6
paysim,3,P_WEIGHT,core,platt,fixed_budget,LightGBM,delta_tp,1022,131.6
paysim,3,P_WEIGHT,core,platt,fixed_budget,LightGBM,delta_tp,1023,505.2
paysim,3,P_WEIGHT,core,platt,fixed_budget,LightGBM,delta_tp,1024,279.6
paysim,3,P_WEIGHT,core,platt,fixed_budget,LightGBM,delta_tp,1025,681.4
paysim,3,P_WEIGHT,core,platt,fixed_budget,LightGBM,delta_tp,1026,250.6
paysim,3,P_WEIGHT,core,platt,fixed_budget,LightGBM,delta_tp,1027,720.0
paysim,3,P_WEIGHT,core,platt,fixed_budget,LightGBM,delta_tp,1028,194.2
paysim,3,P_WEIGHT,core,platt,fixed_budget,LightGBM,delta_tp,1029,260.0
paysim,3,P_WEIGHT,core,platt,fixed_budget,LightGBM,delta_tp,1030,288.2
paysim,3,P_WEIGHT,core,platt,fixed_budget,LightGBM,delta_tp,1031,444.8
paysim,3,P_WEIGHT,core,platt,fixed_budget,LightGBM,delta_tp,1032,-141.2
paysim,3,P_WEIGHT,core,platt,fixed_budget,LightGBM,delta_tp,1033,273.8
paysim,3,P_WEIGHT,core,platt,fixed_budget,LightGBM,delta_tp,1034,186.2
paysim,3,P_WEIGHT,core,platt,fixed_budget,LightGBM,delta_tp,1035,-160.2
paysim,3,P_WEIGHT,core,platt,fixed_budget,LightGBM,delta_tp,1036,49.4
paysim,3,P_WEIGHT,core,platt,fixed_budget,LightGBM,delta_tp,1037,-5.6
paysim,3,P_WEIGHT,core,platt,fixed_budget,LightGBM,delta_tp,1038,406.2
paysim,3,P_WEIGHT,core,platt,fixed_budget,LightGBM,delta_tp,1039,408.6
paysim,3,P_WEIGHT,core,platt,fixed_budget,LightGBM,delta_tp,1040,-136.8
paysim,3,P_WEIGHT,core,platt,fixed_budget,LightGBM,delta_tp,1041,614.4
paysim,3,P_WEIGHT,core,platt,fixed_budget,LightGBM,delta_tp,1042,172.6
paysim,3,P_WEIGHT,core,platt,fixed_budget,LightGBM,delta_tp,1043,155.0
paysim,3,P_WEIGHT,core,platt,fixed_budget,LightGBM,delta_tp,1044,64.8
paysim,3,P_WEIGHT,core,platt,fixed_budget,LightGBM,delta_tp,1045,413.6
paysim,3,P_WEIGHT,core,platt,fixed_budget,LightGBM,delta_tp,1046,-8.6
paysim,3,P_WEIGHT,core,platt,fixed_budget,LightGBM,delta_tp,1047,96.4
paysim,3,P_WEIGHT,core,platt,fixed_budget,LightGBM,delta_tp,1048,-132.2
paysim,3,P_WEIGHT,core,platt,fixed_budget,LightGBM,delta_tp,1049,879.4
paysim,3,P_WEIGHT,core,platt,fixed_budget,LightGBM,delta_tp,1050,224.8
paysim,3,P_WEIGHT,core,platt,fixed_budget,LightGBM,delta_tp,1051,84.6
paysim,3,P_WEIGHT,core,platt,fixed_budget,LightGBM,delta_tp,1052,165.6
paysim,3,P_WEIGHT,core,platt,fixed_budget,LightGBM,delta_tp,1053,-25.2
paysim,3,P_WEIGHT,core,platt,fixed_budget,LightGBM,delta_tp,1054,101.4
paysim,3,P_WEIGHT,core,platt,fixed_budget,LightGBM,delta_tp,1055,-9.4
paysim,3,P_WEIGHT,core,platt,fixed_budget,LightGBM,delta_tp,1056,380.8
paysim,3,P_WEIGHT,core,platt,fixed_budget,LightGBM,delta_tp,1057,-161.6
paysim,3,P_WEIGHT,core,platt,fixed_budget,LightGBM,delta_tp,1058,-139.8
paysim,3,P_WEIGHT,core,platt,fixed_budget,LightGBM,delta_tp,1059,346.0
paysim,3,P_WEIGHT,core,platt,fixed_budget,LightGBM,delta_tp,1060,21.6
paysim,3,P_WEIGHT,core,platt,fixed_budget,LightGBM,delta_tp,1061,46.0
paysim,3,P_WEIGHT,core,platt,fixed_budget,LightGBM,delta_tp,1062,160.0
paysim,3,P_WEIGHT,core,platt,fixed_budget,LightGBM,delta_tp,1063,-52.4
paysim,3,P_WEIGHT,core,platt,fixed_budget,LightGBM,delta_tp,1064,-13.8
paysim,3,P_WEIGHT,core,platt,fixed_budget,LightGBM,delta_tp,1065,357.8
paysim,3,P_WEIGHT,core,platt,fixed_budget,LightGBM,delta_tp,1066,-145.4
paysim,3,P_WEIGHT,core,platt,fixed_budget,LightGBM,delta_tp,1067,-61.8
paysim,3,P_WEIGHT,core,platt,fixed_budget,LightGBM,delta_tp,1068,-139.4
paysim,3,P_WEIGHT,core,platt,fixed_budget,LightGBM,delta_tp,1069,-167.0
paysim,3,P_WEIGHT,core,platt,fixed_budget,LightGBM,delta_tp,1070,-63.2
paysim,3,P_WEIGHT,core,platt,fixed_budget,LightGBM,delta_tp,1071,-37.4
paysim,3,P_WEIGHT,core,platt,fixed_budget,LightGBM,delta_tp,1072,99.2
paysim,3,P_WEIGHT,core,platt,fixed_budget,LightGBM,delta_tp,1073,115.6
paysim,3,P_WEIGHT,core,platt,fixed_budget,LightGBM,delta_tp,1074,270.4
paysim,3,P_WEIGHT,core,platt,fixed_budget,LightGBM,delta_tp,1075,-124.2
paysim,3,P_WEIGHT,core,platt,fixed_budget,LightGBM,delta_tp,1076,-4.8
paysim,3,P_WEIGHT,core,platt,fixed_budget,LightGBM,delta_tp,1077,2.0
paysim,3,P_WEIGHT,core,platt,fixed_budget,LightGBM,delta_tp,1078,712.6
paysim,3,P_WEIGHT,core,platt,fixed_budget,LightGBM,delta_tp,1079,49.4
paysim,3,P_WEIGHT,core,platt,fixed_budget,LightGBM,delta_tp,1080,447.0
paysim,3,P_WEIGHT,core,platt,fixed_budget,LightGBM,delta_tp,1081,203.6
paysim,3,P_WEIGHT,core,platt,fixed_budget,LightGBM,delta_tp,1082,109.0
paysim,3,P_WEIGHT,core,platt,fixed_budget,LightGBM,delta_tp,1083,174.2
paysim,3,P_WEIGHT,core,platt,fixed_budget,LightGBM,delta_tp,1084,-186.6
paysim,3,P_WEIGHT,core,platt,fixed_budget,LightGBM,delta_tp,1085,231.0
paysim,3,P_WEIGHT,core,platt,fixed_budget,LightGBM,delta_tp,1086,89.6
paysim,3,P_WEIGHT,core,platt,fixed_budget,LightGBM,delta_tp,1087,414.0
paysim,3,P_WEIGHT,core,platt,fixed_budget,LightGBM,delta_tp,1088,776.0
paysim,3,P_WEIGHT,core,platt,fixed_budget,LightGBM,delta_tp,1089,238.2
paysim,3,P_WEIGHT,core,platt,fixed_budget,LightGBM,delta_tp,1090,238.2
paysim,3,P_WEIGHT,core,platt,fixed_budget,LightGBM,delta_tp,1091,549.8
paysim,3,P_WEIGHT,core,platt,fixed_budget,LightGBM,delta_tp,1092,520.8
paysim,3,P_WEIGHT,core,platt,fixed_budget,LightGBM,delta_tp,1093,523.6
paysim,3,P_WEIGHT,core,platt,fixed_budget,LightGBM,delta_tp,1094,848.8
paysim,3,P_WEIGHT,core,platt,fixed_budget,LightGBM,delta_tp,1095,-2.0
paysim,3,P_WEIGHT,core,platt,fixed_budget,LightGBM,delta_tp,1096,420.2
paysim,3,P_WEIGHT,core,platt,fixed_budget,LightGBM,delta_tp,1097,467.0
paysim,3,P_WEIGHT,core,platt,fixed_budget,LightGBM,delta_tp,1098,231.6
paysim,3,P_WEIGHT,core,platt,fixed_budget,LightGBM,delta_tp,1099,32.2
paysim,3,P_WEIGHT,core,platt,fixed_budget,LightGBM,delta_tp,1100,-12.4
paysim,3,P_WEIGHT,core,platt,fixed_budget,LightGBM,delta_tp,1101,129.6
paysim,3,P_WEIGHT,core,platt,fixed_budget,LightGBM,delta_tp,1102,129.8
paysim,3,P_WEIGHT,core,platt,fixed_budget,LightGBM,delta_tp,1103,594.6
paysim,3,P_WEIGHT,core,platt,fixed_budget,LightGBM,delta_tp,1104,279.0
paysim,3,P_WEIGHT,core,platt,fixed_budget,LightGBM,delta_tp,1105,20.6
paysim,3,P_WEIGHT,core,platt,fixed_budget,LightGBM,delta_tp,1106,-40.8
paysim,3,P_WEIGHT,core,platt,fixed_budget,LightGBM,delta_tp,1107,503.6
paysim,3,P_WEIGHT,core,platt,fixed_budget,LightGBM,delta_tp,1108,662.4
paysim,3,P_WEIGHT,core,platt,fixed_budget,LightGBM,delta_tp,1109,310.2
paysim,3,P_WEIGHT,core,platt,fixed_budget,LightGBM,delta_tp,1110,11.4
paysim,3,P_WEIGHT,core,platt,fixed_budget,LightGBM,delta_tp,1111,-13.2
paysim,3,P_WEIGHT,core,platt,fixed_budget,LightGBM,delta_tp,1112,56.6
paysim,3,P_WEIGHT,core,platt,fixed_budget,LightGBM,delta_tp,1113,180.0
paysim,3,P_WEIGHT,core,platt,fixed_budget,LightGBM,delta_tp,1114,-121.6
paysim,3,P_WEIGHT,core,platt,fixed_budget,LightGBM,delta_tp,1115,587.4
paysim,3,P_WEIGHT,core,platt,fixed_budget,LightGBM,delta_tp,1116,181.6
paysim,3,P_WEIGHT,core,platt,fixed_budget,LightGBM,delta_tp,1117,264.2
paysim,3,P_WEIGHT,core,platt,fixed_budget,LightGBM,delta_tp,1118,643.6
paysim,3,P_WEIGHT,core,platt,fixed_budget,LightGBM,delta_tp,1119,406.8
paysim,3,P_WEIGHT,core,platt,fixed_budget,LightGBM,delta_tp,1120,-27.6
paysim,3,P_WEIGHT,core,platt,fixed_budget,LightGBM,delta_tp,1121,265.6
paysim,3,P_WEIGHT,core,platt,fixed_budget,LightGBM,delta_tp,1122,407.4
paysim,3,P_WEIGHT,core,platt,fixed_budget,LightGBM,delta_tp,1123,-146.8
paysim,3,P_WEIGHT,core,platt,fixed_budget,LightGBM,delta_tp,1124,-89.2
paysim,3,P_WEIGHT,core,platt,fixed_budget,LightGBM,delta_tp,1125,-71.2
paysim,3,P_WEIGHT,core,platt,fixed_budget,LightGBM,delta_tp,1126,129.0
paysim,3,P_WEIGHT,core,platt,fixed_budget,LightGBM,delta_tp,1127,316.0
paysim,3,P_WEIGHT,core,platt,fixed_budget,LightGBM,delta_tp,1128,160.2
paysim,3,P_WEIGHT,core,platt,fixed_budget,LightGBM,delta_tp,1129,35.2
paysim,3,P_WEIGHT,core,platt,fixed_budget,LightGBM,delta_tp,1130,-132.2
paysim,3,P_WEIGHT,core,platt,fixed_budget,LightGBM,delta_tp,1131,594.4
paysim,3,P_WEIGHT,core,platt,fixed_budget,LightGBM,delta_tp,1132,33.2
paysim,3,P_WEIGHT,core,platt,fixed_budget,LightGBM,delta_tp,1133,482.4
paysim,3,P_WEIGHT,core,platt,fixed_budget,LightGBM,delta_tp,1134,657.6
paysim,3,P_WEIGHT,core,platt,fixed_budget,LightGBM,delta_tp,1135,-27.4
paysim,3,P_WEIGHT,core,platt,fixed_budget,LightGBM,delta_tp,1136,-151.8
paysim,3,P_WEIGHT,core,platt,fixed_budget,LightGBM,delta_tp,1137,193.0
paysim,3,P_WEIGHT,core,platt,fixed_budget,LightGBM,delta_tp,1138,664.4
paysim,3,P_WEIGHT,core,platt,fixed_budget,LightGBM,delta_tp,1139,364.8
paysim,3,P_WEIGHT,core,platt,fixed_budget,LightGBM,delta_tp,1140,438.0
paysim,3,P_WEIGHT,core,platt,fixed_budget,LightGBM,delta_tp,1141,-105.6
paysim,3,P_WEIGHT,core,platt,fixed_budget,LightGBM,delta_tp,1142,-7.8
paysim,3,P_WEIGHT,core,platt,fixed_budget,LightGBM,delta_tp,1143,34.8
paysim,3,P_WEIGHT,core,platt,fixed_budget,LightGBM,delta_tp,1144,449.2
paysim,3,P_WEIGHT,core,platt,fixed_budget,LightGBM,delta_tp,1145,251.6
paysim,3,P_WEIGHT,core,platt,fixed_budget,LightGBM,delta_tp,1146,-9.8
paysim,3,P_WEIGHT,core,platt,fixed_budget,LightGBM,delta_tp,1147,5.0
paysim,3,P_WEIGHT,core,platt,fixed_budget,LightGBM,delta_tp,1148,496.6
paysim,3,P_WEIGHT,core,platt,fixed_budget,LightGBM,delta_tp,1149,35.2
paysim,3,P_WEIGHT,core,platt,fixed_budget,LightGBM,delta_tp,1150,40.6
paysim,3,P_WEIGHT,core,platt,fixed_budget,LightGBM,delta_tp,1151,-2.2
paysim,3,P_WEIGHT,core,platt,fixed_budget,LightGBM,delta_tp,1152,34.6
paysim,3,P_WEIGHT,core,platt,fixed_budget,LightGBM,delta_tp,1153,121.0
paysim,3,P_WEIGHT,core,platt,fixed_budget,LightGBM,delta_tp,1154,-82.0
paysim,3,P_WEIGHT,core,platt,fixed_budget,LightGBM,delta_tp,1155,187.6
paysim,3,P_WEIGHT,core,platt,fixed_budget,LightGBM,delta_tp,1156,47.0
paysim,3,P_WEIGHT,core,platt,fixed_budget,LightGBM,delta_tp,1157,390.4
paysim,3,P_WEIGHT,core,platt,fixed_budget,LightGBM,delta_tp,1158,450.6
paysim,3,P_WEIGHT,core,platt,fixed_budget,LightGBM,delta_tp,1159,102.6
paysim,3,P_WEIGHT,core,platt,fixed_budget,LightGBM,delta_tp,1160,269.0
paysim,3,P_WEIGHT,core,platt,fixed_budget,LightGBM,delta_tp,1161,97.8
paysim,3,P_WEIGHT,core,platt,fixed_budget,LightGBM,delta_tp,1162,-157.0
paysim,3,P_WEIGHT,core,platt,fixed_budget,LightGBM,delta_tp,1163,359.4
paysim,3,P_WEIGHT,core,platt,fixed_budget,LightGBM,delta_tp,1164,748.8
paysim,3,P_WEIGHT,core,platt,fixed_budget,LightGBM,delta_tp,1165,174.6
paysim,3,P_WEIGHT,core,platt,fixed_budget,LightGBM,delta_tp,1166,191.0
paysim,3,P_WEIGHT,core,platt,fixed_budget,LightGBM,delta_tp,1167,516.4
paysim,3,P_WEIGHT,core,platt,fixed_budget,LightGBM,delta_tp,1168,-65.4
paysim,3,P_WEIGHT,core,platt,fixed_budget,LightGBM,delta_tp,1169,432.6
paysim,3,P_WEIGHT,core,platt,fixed_budget,LightGBM,delta_tp,1170,238.8
paysim,3,P_WEIGHT,core,platt,fixed_budget,LightGBM,delta_tp,1171,271.0
paysim,3,P_WEIGHT,core,platt,fixed_budget,LightGBM,delta_tp,1172,208.6
paysim,3,P_WEIGHT,core,platt,fixed_budget,LightGBM,delta_tp,1173,335.8
paysim,3,P_WEIGHT,core,platt,fixed_budget,LightGBM,delta_tp,1174,330.2
paysim,3,P_WEIGHT,core,platt,fixed_budget,LightGBM,delta_tp,1175,118.0
paysim,3,P_WEIGHT,core,platt,fixed_budget,LightGBM,delta_tp,1176,607.6
paysim,3,P_WEIGHT,core,platt,fixed_budget,LightGBM,delta_tp,1177,935.8
paysim,3,P_WEIGHT,core,platt,fixed_budget,LightGBM,delta_tp,1178,42.2
paysim,3,P_WEIGHT,core,platt,fixed_budget,LightGBM,delta_tp,1179,136.2
paysim,3,P_WEIGHT,core,platt,fixed_budget,LightGBM,delta_tp,1180,303.2
paysim,3,P_WEIGHT,core,platt,fixed_budget,LightGBM,delta_tp,1181,47.4
paysim,3,P_WEIGHT,core,platt,fixed_budget,LightGBM,delta_tp,1182,244.6
paysim,3,P_WEIGHT,core,platt,fixed_budget,LightGBM,delta_tp,1183,-17.4
paysim,3,P_WEIGHT,core,platt,fixed_budget,LightGBM,delta_tp,1184,-115.8
paysim,3,P_WEIGHT,core,platt,fixed_budget,LightGBM,delta_tp,1185,-48.2
paysim,3,P_WEIGHT,core,platt,fixed_budget,LightGBM,delta_tp,1186,344.6
paysim,3,P_WEIGHT,core,platt,fixed_budget,LightGBM,delta_tp,1187,130.4
paysim,3,P_WEIGHT,core,platt,fixed_budget,LightGBM,delta_tp,1188,-92.0
paysim,3,P_WEIGHT,core,platt,fixed_budget,LightGBM,delta_tp,1189,-13.0
paysim,3,P_WEIGHT,core,platt,fixed_budget,LightGBM,delta_tp,1190,243.4
paysim,3,P_WEIGHT,core,platt,fixed_budget,LightGBM,delta_tp,1191,47.0
paysim,3,P_WEIGHT,core,platt,fixed_budget,LightGBM,delta_tp,1192,-67.8
paysim,3,P_WEIGHT,core,platt,fixed_budget,LightGBM,delta_tp,1193,185.8
paysim,3,P_WEIGHT,core,platt,fixed_budget,LightGBM,delta_tp,1194,-79.4
paysim,3,P_WEIGHT,core,platt,fixed_budget,LightGBM,delta_tp,1195,269.6
paysim,3,P_WEIGHT,core,platt,fixed_budget,LightGBM,delta_tp,1196,358.8
paysim,3,P_WEIGHT,core,platt,fixed_budget,LightGBM,delta_tp,1197,247.8
paysim,3,P_WEIGHT,core,platt,fixed_budget,LightGBM,delta_tp,1198,702.4
paysim,3,P_WEIGHT,core,platt,fixed_budget,LightGBM,delta_tp,1199,189.2
paysim,3,P_WEIGHT,core,platt,fixed_budget,LightGBM,delta_tp,1200,130.4
paysim,3,P_WEIGHT,core,platt,fixed_budget,LightGBM,delta_tp,1201,-18.8
paysim,3,P_WEIGHT,core,platt,fixed_budget,LightGBM,delta_tp,1202,303.2
paysim,3,P_WEIGHT,core,platt,fixed_budget,LightGBM,delta_tp,1203,420.2
paysim,3,P_WEIGHT,core,platt,fixed_budget,LightGBM,delta_tp,1204,385.0
paysim,3,P_WEIGHT,core,platt,fixed_budget,LightGBM,delta_tp,1205,244.8
paysim,3,P_WEIGHT,core,platt,fixed_budget,LightGBM,delta_tp,1206,-87.0
paysim,3,P_WEIGHT,core,platt,fixed_budget,LightGBM,delta_tp,1207,-158.8
paysim,3,P_WEIGHT,core,platt,fixed_budget,LightGBM,delta_tp,1208,-20.6
paysim,3,P_WEIGHT,core,platt,fixed_budget,LightGBM,delta_tp,1209,215.6
paysim,3,P_WEIGHT,core,platt,fixed_budget,LightGBM,delta_tp,1210,-114.4
paysim,3,P_WEIGHT,core,platt,fixed_budget,LightGBM,delta_tp,1211,69.0
paysim,3,P_WEIGHT,core,platt,fixed_budget,LightGBM,delta_tp,1212,-127.4
paysim,3,P_WEIGHT,core,platt,fixed_budget,LightGBM,delta_tp,1213,143.4
paysim,3,P_WEIGHT,core,platt,fixed_budget,LightGBM,delta_tp,1214,-127.4
paysim,3,P_WEIGHT,core,platt,fixed_budget,LightGBM,delta_tp,1215,-78.6
paysim,3,P_WEIGHT,core,platt,fixed_budget,LightGBM,delta_tp,1216,90.4
paysim,3,P_WEIGHT,core,platt,fixed_budget,LightGBM,delta_tp,1217,395.0
paysim,3,P_WEIGHT,core,platt,fixed_budget,LightGBM,delta_tp,1218,9.0
paysim,3,P_WEIGHT,core,platt,fixed_budget,LightGBM,delta_tp,1219,256.6
paysim,3,P_WEIGHT,core,platt,fixed_budget,LightGBM,delta_tp,1220,69.4
paysim,3,P_WEIGHT,core,platt,fixed_budget,LightGBM,delta_tp,1221,200.8
paysim,3,P_WEIGHT,core,platt,fixed_budget,LightGBM,delta_tp,1222,859.0
paysim,3,P_WEIGHT,core,platt,fixed_budget,LightGBM,delta_tp,1223,-115.6
paysim,3,P_WEIGHT,core,platt,fixed_budget,LightGBM,delta_tp,1224,59.8
paysim,3,P_WEIGHT,core,platt,fixed_budget,LightGBM,delta_tp,1225,-163.0
paysim,3,P_WEIGHT,core,platt,fixed_budget,LightGBM,delta_tp,1226,393.0
paysim,3,P_WEIGHT,core,platt,fixed_budget,LightGBM,delta_tp,1227,217.8
paysim,3,P_WEIGHT,core,platt,fixed_budget,LightGBM,delta_tp,1228,657.6
paysim,3,P_WEIGHT,core,platt,fixed_budget,LightGBM,delta_tp,1229,263.6
paysim,3,P_WEIGHT,core,platt,fixed_budget,LightGBM,delta_tp,1230,243.2
paysim,3,P_WEIGHT,core,platt,fixed_budget,LightGBM,delta_tp,1231,169.4
paysim,3,P_WEIGHT,core,platt,fixed_budget,LightGBM,delta_tp,1232,387.0
paysim,3,P_WEIGHT,core,platt,fixed_budget,LightGBM,delta_tp,1233,33.0
paysim,3,P_WEIGHT,core,platt,fixed_budget,LightGBM,delta_tp,1234,517.4
paysim,3,P_WEIGHT,core,platt,fixed_budget,LightGBM,delta_tp,1235,562.0
paysim,3,P_WEIGHT,core,platt,fixed_budget,LightGBM,delta_tp,1236,840.6
paysim,3,P_WEIGHT,core,platt,fixed_budget,LightGBM,delta_tp,1237,665.0
paysim,3,P_WEIGHT,core,platt,fixed_budget,LightGBM,delta_tp,1238,-67.4
paysim,3,P_WEIGHT,core,platt,fixed_budget,LightGBM,delta_tp,1239,57.8
paysim,3,P_WEIGHT,core,platt,fixed_budget,LightGBM,delta_tp,1240,72.2
paysim,3,P_WEIGHT,core,platt,fixed_budget,LightGBM,delta_tp,1241,-142.8
paysim,3,P_WEIGHT,core,platt,fixed_budget,LightGBM,delta_tp,1242,216.8
paysim,3,P_WEIGHT,core,platt,fixed_budget,LightGBM,delta_tp,1243,-70.4
paysim,3,P_WEIGHT,core,platt,fixed_budget,LightGBM,delta_tp,1244,167.2
paysim,3,P_WEIGHT,core,platt,fixed_budget,LightGBM,delta_tp,1245,18.2
paysim,3,P_WEIGHT,core,platt,fixed_budget,LightGBM,delta_tp,1246,18.8
paysim,3,P_WEIGHT,core,platt,fixed_budget,LightGBM,delta_tp,1247,93.6
paysim,3,P_WEIGHT,core,platt,fixed_budget,LightGBM,delta_tp,1248,174.4
paysim,3,P_WEIGHT,core,platt,fixed_budget,LightGBM,delta_tp,1249,-124.4
paysim,3,P_WEIGHT,core,platt,fixed_budget,LightGBM,delta_tp,1250,473.4
paysim,3,P_WEIGHT,core,platt,fixed_budget,LightGBM,delta_tp,1251,655.0
paysim,3,P_WEIGHT,core,platt,fixed_budget,LightGBM,delta_tp,1252,-153.6
paysim,3,P_WEIGHT,core,platt,fixed_budget,LightGBM,delta_tp,1253,876.2
paysim,3,P_WEIGHT,core,platt,fixed_budget,LightGBM,delta_tp,1254,599.0
paysim,3,P_WEIGHT,core,platt,fixed_budget,LightGBM,delta_tp,1255,101.2
paysim,3,P_WEIGHT,core,platt,fixed_budget,LightGBM,delta_tp,1256,334.2
paysim,3,P_WEIGHT,core,platt,fixed_budget,LightGBM,delta_tp,1257,-186.2
paysim,3,P_WEIGHT,core,platt,fixed_budget,LightGBM,delta_tp,1258,-141.8
paysim,3,P_WEIGHT,core,platt,fixed_budget,LightGBM,delta_tp,1259,204.0
paysim,3,P_WEIGHT,core,platt,fixed_budget,LightGBM,delta_tp,1260,71.0
paysim,3,P_WEIGHT,core,platt,fixed_budget,LightGBM,delta_tp,1261,56.0
paysim,3,P_WEIGHT,core,platt,fixed_budget,LightGBM,delta_tp,1262,25.4
paysim,3,P_WEIGHT,core,platt,fixed_budget,LightGBM,delta_tp,1263,238.0
paysim,3,P_WEIGHT,core,platt,fixed_budget,LightGBM,delta_tp,1264,252.0
paysim,3,P_WEIGHT,core,platt,fixed_budget,LightGBM,delta_tp,1265,814.8
paysim,3,P_WEIGHT,core,platt,fixed_budget,LightGBM,delta_tp,1266,330.0
paysim,3,P_WEIGHT,core,platt,fixed_budget,LightGBM,delta_tp,1267,490.8
paysim,3,P_WEIGHT,core,platt,fixed_budget,LightGBM,delta_tp,1268,53.2
paysim,3,P_WEIGHT,core,platt,fixed_budget,LightGBM,delta_tp,1269,718.2
paysim,3,P_WEIGHT,core,platt,fixed_budget,LightGBM,delta_tp,1270,-117.8
paysim,3,P_WEIGHT,core,platt,fixed_budget,LightGBM,delta_tp,1271,450.8
paysim,3,P_WEIGHT,core,platt,fixed_budget,LightGBM,delta_tp,1272,-56.2
paysim,3,P_WEIGHT,core,platt,fixed_budget,LightGBM,delta_tp,1273,643.2
paysim,3,P_WEIGHT,core,platt,fixed_budget,LightGBM,delta_tp,1274,256.4
paysim,3,P_WEIGHT,core,platt,fixed_budget,LightGBM,delta_tp,1275,28.4
paysim,3,P_WEIGHT,core,platt,fixed_budget,LightGBM,delta_tp,1276,131.0
paysim,3,P_WEIGHT,core,platt,fixed_budget,LightGBM,delta_tp,1277,288.8
paysim,3,P_WEIGHT,core,platt,fixed_budget,LightGBM,delta_tp,1278,228.0
paysim,3,P_WEIGHT,core,platt,fixed_budget,LightGBM,delta_tp,1279,439.2
paysim,3,P_WEIGHT,core,platt,fixed_budget,LightGBM,delta_tp,1280,40.2
paysim,3,P_WEIGHT,core,platt,fixed_budget,LightGBM,delta_tp,1281,367.6
paysim,3,P_WEIGHT,core,platt,fixed_budget,LightGBM,delta_tp,1282,-21.2
paysim,3,P_WEIGHT,core,platt,fixed_budget,LightGBM,delta_tp,1283,-67.0
paysim,3,P_WEIGHT,core,platt,fixed_budget,LightGBM,delta_tp,1284,28.2
paysim,3,P_WEIGHT,core,platt,fixed_budget,LightGBM,delta_tp,1285,830.4
paysim,3,P_WEIGHT,core,platt,fixed_budget,LightGBM,delta_tp,1286,314.0
paysim,3,P_WEIGHT,core,platt,fixed_budget,LightGBM,delta_tp,1287,5.8
paysim,3,P_WEIGHT,core,platt,fixed_budget,LightGBM,delta_tp,1288,205.2
paysim,3,P_WEIGHT,core,platt,fixed_budget,LightGBM,delta_tp,1289,24.6
paysim,3,P_WEIGHT,core,platt,fixed_budget,LightGBM,delta_tp,1290,-191.4
paysim,3,P_WEIGHT,core,platt,fixed_budget,LightGBM,delta_tp,1291,601.8
paysim,3,P_WEIGHT,core,platt,fixed_budget,LightGBM,delta_tp,1292,142.4
paysim,3,P_WEIGHT,core,platt,fixed_budget,LightGBM,delta_tp,1293,228.2
paysim,3,P_WEIGHT,core,platt,fixed_budget,LightGBM,delta_tp,1294,247.0
paysim,3,P_WEIGHT,core,platt,fixed_budget,LightGBM,delta_tp,1295,934.6
paysim,3,P_WEIGHT,core,platt,fixed_budget,LightGBM,delta_tp,1296,-145.2
paysim,3,P_WEIGHT,core,platt,fixed_budget,LightGBM,delta_tp,1297,59.2
paysim,3,P_WEIGHT,core,platt,fixed_budget,LightGBM,delta_tp,1298,746.0
paysim,3,P_WEIGHT,core,platt,fixed_budget,LightGBM,delta_tp,1299,-113.4
paysim,3,P_WEIGHT,core,platt,fixed_budget,LightGBM,delta_tp,1300,142.0
paysim,3,P_WEIGHT,core,platt,fixed_budget,LightGBM,delta_tp,1301,-108.2
paysim,3,P_WEIGHT,core,platt,fixed_budget,LightGBM,delta_tp,1302,-130.2
paysim,3,P_WEIGHT,core,platt,fixed_budget,LightGBM,delta_tp,1303,-121.8
paysim,3,P_WEIGHT,core,platt,fixed_budget,LightGBM,delta_tp,1304,128.6
paysim,3,P_WEIGHT,core,platt,fixed_budget,LightGBM,delta_tp,1305,203.2
paysim,3,P_WEIGHT,core,platt,fixed_budget,LightGBM,delta_tp,1306,298.0
paysim,3,P_WEIGHT,core,platt,fixed_budget,LightGBM,delta_tp,1307,-120.2
paysim,3,P_WEIGHT,core,platt,fixed_budget,LightGBM,delta_tp,1308,27.8
paysim,3,P_WEIGHT,core,platt,fixed_budget,LightGBM,delta_tp,1309,-118.4
paysim,3,P_WEIGHT,core,platt,fixed_budget,LightGBM,delta_tp,1310,299.2
paysim,3,P_WEIGHT,core,platt,fixed_budget,LightGBM,delta_tp,1311,107.4
paysim,3,P_WEIGHT,core,platt,fixed_budget,LightGBM,delta_tp,1312,341.8
paysim,3,P_WEIGHT,core,platt,fixed_budget,LightGBM,delta_tp,1313,273.8
paysim,3,P_WEIGHT,core,platt,fixed_budget,LightGBM,delta_tp,1314,103.8
paysim,3,P_WEIGHT,core,platt,fixed_budget,LightGBM,delta_tp,1315,-143.0
paysim,3,P_WEIGHT,core,platt,fixed_budget,LightGBM,delta_tp,1316,53.8
paysim,3,P_WEIGHT,core,platt,fixed_budget,LightGBM,delta_tp,1317,210.2
paysim,3,P_WEIGHT,core,platt,fixed_budget,LightGBM,delta_tp,1318,96.2
paysim,3,P_WEIGHT,core,platt,fixed_budget,LightGBM,delta_tp,1319,-5.6
paysim,3,P_WEIGHT,core,platt,fixed_budget,LightGBM,delta_tp,1320,448.4
paysim,3,P_WEIGHT,core,platt,fixed_budget,LightGBM,delta_tp,1321,-17.6
paysim,3,P_WEIGHT,core,platt,fixed_budget,LightGBM,delta_tp,1322,140.8
paysim,3,P_WEIGHT,core,platt,fixed_budget,LightGBM,delta_tp,1323,-162.6
paysim,3,P_WEIGHT,core,platt,fixed_budget,LightGBM,delta_tp,1324,252.8
paysim,3,P_WEIGHT,core,platt,fixed_budget,LightGBM,delta_tp,1325,32.8
paysim,3,P_WEIGHT,core,platt,fixed_budget,LightGBM,delta_tp,1326,517.2
paysim,3,P_WEIGHT,core,platt,fixed_budget,LightGBM,delta_tp,1327,698.0
paysim,3,P_WEIGHT,core,platt,fixed_budget,LightGBM,delta_tp,1328,631.6
paysim,3,P_WEIGHT,core,platt,fixed_budget,LightGBM,delta_tp,1329,410.4
paysim,3,P_WEIGHT,core,platt,fixed_budget,LightGBM,delta_tp,1330,104.4
paysim,3,P_WEIGHT,core,platt,fixed_budget,LightGBM,delta_tp,1331,432.8
paysim,3,P_WEIGHT,core,platt,fixed_budget,LightGBM,delta_tp,1332,-174.2
paysim,3,P_WEIGHT,core,platt,fixed_budget,LightGBM,delta_tp,1333,7.0
paysim,3,P_WEIGHT,core,platt,fixed_budget,LightGBM,delta_tp,1334,275.6
paysim,3,P_WEIGHT,core,platt,fixed_budget,LightGBM,delta_tp,1335,398.2
paysim,3,P_WEIGHT,core,platt,fixed_budget,LightGBM,delta_tp,1336,2.6
paysim,3,P_WEIGHT,core,platt,fixed_budget,LightGBM,delta_tp,1337,447.8
paysim,3,P_WEIGHT,core,platt,fixed_budget,LightGBM,delta_tp,1338,155.4
paysim,3,P_WEIGHT,core,platt,fixed_budget,LightGBM,delta_tp,1339,-140.2
paysim,3,P_WEIGHT,core,platt,fixed_budget,LightGBM,delta_tp,1340,831.4
paysim,3,P_WEIGHT,core,platt,fixed_budget,LightGBM,delta_tp,1341,220.0
paysim,3,P_WEIGHT,core,platt,fixed_budget,LightGBM,delta_tp,1342,594.2
paysim,3,P_WEIGHT,core,platt,fixed_budget,LightGBM,delta_tp,1343,414.0
paysim,3,P_WEIGHT,core,platt,fixed_budget,LightGBM,delta_tp,1344,-109.6
paysim,3,P_WEIGHT,core,platt,fixed_budget,LightGBM,delta_tp,1345,241.6
paysim,3,P_WEIGHT,core,platt,fixed_budget,LightGBM,delta_tp,1346,-35.0
paysim,3,P_WEIGHT,core,platt,fixed_budget,LightGBM,delta_tp,1347,216.4
paysim,3,P_WEIGHT,core,platt,fixed_budget,LightGBM,delta_tp,1348,446.6
paysim,3,P_WEIGHT,core,platt,fixed_budget,LightGBM,delta_tp,1349,231.8
paysim,3,P_WEIGHT,core,platt,fixed_budget,LightGBM,delta_tp,1350,636.6
paysim,3,P_WEIGHT,core,platt,fixed_budget,LightGBM,delta_tp,1351,203.8
paysim,3,P_WEIGHT,core,platt,fixed_budget,LightGBM,delta_tp,1352,-141.6
paysim,3,P_WEIGHT,core,platt,fixed_budget,LightGBM,delta_tp,1353,-88.0
paysim,3,P_WEIGHT,core,platt,fixed_budget,LightGBM,delta_tp,1354,172.8
paysim,3,P_WEIGHT,core,platt,fixed_budget,LightGBM,delta_tp,1355,115.2
paysim,3,P_WEIGHT,core,platt,fixed_budget,LightGBM,delta_tp,1356,108.2
paysim,3,P_WEIGHT,core,platt,fixed_budget,LightGBM,delta_tp,1357,-64.2
paysim,3,P_WEIGHT,core,platt,fixed_budget,LightGBM,delta_tp,1358,238.0
paysim,3,P_WEIGHT,core,platt,fixed_budget,LightGBM,delta_tp,1359,-143.4
paysim,3,P_WEIGHT,core,platt,fixed_budget,LightGBM,delta_tp,1360,451.2
paysim,3,P_WEIGHT,core,platt,fixed_budget,LightGBM,delta_tp,1361,193.8
paysim,3,P_WEIGHT,core,platt,fixed_budget,LightGBM,delta_tp,1362,326.2
paysim,3,P_WEIGHT,core,platt,fixed_budget,LightGBM,delta_tp,1363,122.0
paysim,3,P_WEIGHT,core,platt,fixed_budget,LightGBM,delta_tp,1364,42.0
paysim,3,P_WEIGHT,core,platt,fixed_budget,LightGBM,delta_tp,1365,-3.0
paysim,3,P_WEIGHT,core,platt,fixed_budget,LightGBM,delta_tp,1366,289.6
paysim,3,P_WEIGHT,core,platt,fixed_budget,LightGBM,delta_tp,1367,369.6
paysim,3,P_WEIGHT,core,platt,fixed_budget,LightGBM,delta_tp,1368,-148.0
paysim,3,P_WEIGHT,core,platt,fixed_budget,LightGBM,delta_tp,1369,519.8
paysim,3,P_WEIGHT,core,platt,fixed_budget,LightGBM,delta_tp,1370,-23.6
paysim,3,P_WEIGHT,core,platt,fixed_budget,LightGBM,delta_tp,1371,818.8
paysim,3,P_WEIGHT,core,platt,fixed_budget,LightGBM,delta_tp,1372,256.2
paysim,3,P_WEIGHT,core,platt,fixed_budget,LightGBM,delta_tp,1373,-116.0
paysim,3,P_WEIGHT,core,platt,fixed_budget,LightGBM,delta_tp,1374,27.6
paysim,3,P_WEIGHT,core,platt,fixed_budget,LightGBM,delta_tp,1375,333.6
paysim,3,P_WEIGHT,core,platt,fixed_budget,LightGBM,delta_tp,1376,542.0
paysim,3,P_WEIGHT,core,platt,fixed_budget,LightGBM,delta_tp,1377,84.2
paysim,3,P_WEIGHT,core,platt,fixed_budget,LightGBM,delta_tp,1378,382.2
paysim,3,P_WEIGHT,core,platt,fixed_budget,LightGBM,delta_tp,1379,-19.2
paysim,3,P_WEIGHT,core,platt,fixed_budget,LightGBM,delta_tp,1380,102.6
paysim,3,P_WEIGHT,core,platt,fixed_budget,LightGBM,delta_tp,1381,72.0
paysim,3,P_WEIGHT,core,platt,fixed_budget,LightGBM,delta_tp,1382,148.6
paysim,3,P_WEIGHT,core,platt,fixed_budget,LightGBM,delta_tp,1383,558.8
paysim,3,P_WEIGHT,core,platt,fixed_budget,LightGBM,delta_tp,1384,832.4
paysim,3,P_WEIGHT,core,platt,fixed_budget,LightGBM,delta_tp,1385,-51.0
paysim,3,P_WEIGHT,core,platt,fixed_budget,LightGBM,delta_tp,1386,269.8
paysim,3,P_WEIGHT,core,platt,fixed_budget,LightGBM,delta_tp,1387,-129.2
paysim,3,P_WEIGHT,core,platt,fixed_budget,LightGBM,delta_tp,1388,-112.6
paysim,3,P_WEIGHT,core,platt,fixed_budget,LightGBM,delta_tp,1389,-81.0
paysim,3,P_WEIGHT,core,platt,fixed_budget,LightGBM,delta_tp,1390,583.0
paysim,3,P_WEIGHT,core,platt,fixed_budget,LightGBM,delta_tp,1391,404.2
paysim,3,P_WEIGHT,core,platt,fixed_budget,LightGBM,delta_tp,1392,467.4
paysim,3,P_WEIGHT,core,platt,fixed_budget,LightGBM,delta_tp,1393,247.0
paysim,3,P_WEIGHT,core,platt,fixed_budget,LightGBM,delta_tp,1394,-125.0
paysim,3,P_WEIGHT,core,platt,fixed_budget,LightGBM,delta_tp,1395,-127.4
paysim,3,P_WEIGHT,core,platt,fixed_budget,LightGBM,delta_tp,1396,27.2
paysim,3,P_WEIGHT,core,platt,fixed_budget,LightGBM,delta_tp,1397,388.6
paysim,3,P_WEIGHT,core,platt,fixed_budget,LightGBM,delta_tp,1398,510.0
paysim,3,P_WEIGHT,core,platt,fixed_budget,LightGBM,delta_tp,1399,221.8
paysim,3,P_WEIGHT,core,platt,fixed_budget,LightGBM,delta_tp,1400,-138.8
paysim,3,P_WEIGHT,core,platt,fixed_budget,LightGBM,delta_tp,1401,16.6
paysim,3,P_WEIGHT,core,platt,fixed_budget,LightGBM,delta_tp,1402,464.6
paysim,3,P_WEIGHT,core,platt,fixed_budget,LightGBM,delta_tp,1403,186.8
paysim,3,P_WEIGHT,core,platt,fixed_budget,LightGBM,delta_tp,1404,69.0
paysim,3,P_WEIGHT,core,platt,fixed_budget,LightGBM,delta_tp,1405,22.6
paysim,3,P_WEIGHT,core,platt,fixed_budget,LightGBM,delta_tp,1406,338.4
paysim,3,P_WEIGHT,core,platt,fixed_budget,LightGBM,delta_tp,1407,-143.6
paysim,3,P_WEIGHT,core,platt,fixed_budget,LightGBM,delta_tp,1408,-187.2
paysim,3,P_WEIGHT,core,platt,fixed_budget,LightGBM,delta_tp,1409,716.6
paysim,3,P_WEIGHT,core,platt,fixed_budget,LightGBM,delta_tp,1410,-87.2
paysim,3,P_WEIGHT,core,platt,fixed_budget,LightGBM,delta_tp,1411,673.2
paysim,3,P_WEIGHT,core,platt,fixed_budget,LightGBM,delta_tp,1412,-12.6
paysim,3,P_WEIGHT,core,platt,fixed_budget,LightGBM,delta_tp,1413,330.2
paysim,3,P_WEIGHT,core,platt,fixed_budget,LightGBM,delta_tp,1414,621.0
paysim,3,P_WEIGHT,core,platt,fixed_budget,LightGBM,delta_tp,1415,771.4
paysim,3,P_WEIGHT,core,platt,fixed_budget,LightGBM,delta_tp,1416,-94.2
paysim,3,P_WEIGHT,core,platt,fixed_budget,LightGBM,delta_tp,1417,25.4
paysim,3,P_WEIGHT,core,platt,fixed_budget,LightGBM,delta_tp,1418,425.2
paysim,3,P_WEIGHT,core,platt,fixed_budget,LightGBM,delta_tp,1419,48.2
paysim,3,P_WEIGHT,core,platt,fixed_budget,LightGBM,delta_tp,1420,389.0
paysim,3,P_WEIGHT,core,platt,fixed_budget,LightGBM,delta_tp,1421,28.6
paysim,3,P_WEIGHT,core,platt,fixed_budget,LightGBM,delta_tp,1422,864.2
paysim,3,P_WEIGHT,core,platt,fixed_budget,LightGBM,delta_tp,1423,33.2
paysim,3,P_WEIGHT,core,platt,fixed_budget,LightGBM,delta_tp,1424,832.4
paysim,3,P_WEIGHT,core,platt,fixed_budget,LightGBM,delta_tp,1425,-9.2
paysim,3,P_WEIGHT,core,platt,fixed_budget,LightGBM,delta_tp,1426,417.2
paysim,3,P_WEIGHT,core,platt,fixed_budget,LightGBM,delta_tp,1427,287.0
paysim,3,P_WEIGHT,core,platt,fixed_budget,LightGBM,delta_tp,1428,75.8
paysim,3,P_WEIGHT,core,platt,fixed_budget,LightGBM,delta_tp,1429,17.4
paysim,3,P_WEIGHT,core,platt,fixed_budget,LightGBM,delta_tp,1430,276.0
paysim,3,P_WEIGHT,core,platt,fixed_budget,LightGBM,delta_tp,1431,92.4
paysim,3,P_WEIGHT,core,platt,fixed_budget,LightGBM,delta_tp,1432,610.4
paysim,3,P_WEIGHT,core,platt,fixed_budget,LightGBM,delta_tp,1433,530.0
paysim,3,P_WEIGHT,core,platt,fixed_budget,LightGBM,delta_tp,1434,377.6
paysim,3,P_WEIGHT,core,platt,fixed_budget,LightGBM,delta_tp,1435,-12.2
paysim,3,P_WEIGHT,core,platt,fixed_budget,LightGBM,delta_tp,1436,753.6
paysim,3,P_WEIGHT,core,platt,fixed_budget,LightGBM,delta_tp,1437,654.4
paysim,3,P_WEIGHT,core,platt,fixed_budget,LightGBM,delta_tp,1438,177.2
paysim,3,P_WEIGHT,core,platt,fixed_budget,LightGBM,delta_tp,1439,321.8
paysim,3,P_WEIGHT,core,platt,fixed_budget,LightGBM,delta_tp,1440,718.6
paysim,3,P_WEIGHT,core,platt,fixed_budget,LightGBM,delta_tp,1441,-128.2
paysim,3,P_WEIGHT,core,platt,fixed_budget,LightGBM,delta_tp,1442,-152.2
paysim,3,P_WEIGHT,core,platt,fixed_budget,LightGBM,delta_tp,1443,86.6
paysim,3,P_WEIGHT,core,platt,fixed_budget,LightGBM,delta_tp,1444,155.8
paysim,3,P_WEIGHT,core,platt,fixed_budget,LightGBM,delta_tp,1445,746.8
paysim,3,P_WEIGHT,core,platt,fixed_budget,LightGBM,delta_tp,1446,144.2
paysim,3,P_WEIGHT,core,platt,fixed_budget,LightGBM,delta_tp,1447,331.8
paysim,3,P_WEIGHT,core,platt,fixed_budget,LightGBM,delta_tp,1448,62.4
paysim,3,P_WEIGHT,core,platt,fixed_budget,LightGBM,delta_tp,1449,48.2
paysim,3,P_WEIGHT,core,platt,fixed_budget,LightGBM,delta_tp,1450,137.2
paysim,3,P_WEIGHT,core,platt,fixed_budget,LightGBM,delta_tp,1451,343.8
paysim,3,P_WEIGHT,core,platt,fixed_budget,LightGBM,delta_tp,1452,105.8
paysim,3,P_WEIGHT,core,platt,fixed_budget,LightGBM,delta_tp,1453,228.8
paysim,3,P_WEIGHT,core,platt,fixed_budget,LightGBM,delta_tp,1454,-29.4
paysim,3,P_WEIGHT,core,platt,fixed_budget,LightGBM,delta_tp,1455,-81.6
paysim,3,P_WEIGHT,core,platt,fixed_budget,LightGBM,delta_tp,1456,116.4
paysim,3,P_WEIGHT,core,platt,fixed_budget,LightGBM,delta_tp,1457,651.2
paysim,3,P_WEIGHT,core,platt,fixed_budget,LightGBM,delta_tp,1458,336.4
paysim,3,P_WEIGHT,core,platt,fixed_budget,LightGBM,delta_tp,1459,-164.6
paysim,3,P_WEIGHT,core,platt,fixed_budget,LightGBM,delta_tp,1460,257.0
paysim,3,P_WEIGHT,core,platt,fixed_budget,LightGBM,delta_tp,1461,451.6
paysim,3,P_WEIGHT,core,platt,fixed_budget,LightGBM,delta_tp,1462,184.2
paysim,3,P_WEIGHT,core,platt,fixed_budget,LightGBM,delta_tp,1463,547.6
paysim,3,P_WEIGHT,core,platt,fixed_budget,LightGBM,delta_tp,1464,33.0
paysim,3,P_WEIGHT,core,platt,fixed_budget,LightGBM,delta_tp,1465,373.8
paysim,3,P_WEIGHT,core,platt,fixed_budget,LightGBM,delta_tp,1466,-37.4
paysim,3,P_WEIGHT,core,platt,fixed_budget,LightGBM,delta_tp,1467,-110.2
paysim,3,P_WEIGHT,core,platt,fixed_budget,LightGBM,delta_tp,1468,419.4
paysim,3,P_WEIGHT,core,platt,fixed_budget,LightGBM,delta_tp,1469,-38.2
paysim,3,P_WEIGHT,core,platt,fixed_budget,LightGBM,delta_tp,1470,59.6
paysim,3,P_WEIGHT,core,platt,fixed_budget,LightGBM,delta_tp,1471,-118.6
paysim,3,P_WEIGHT,core,platt,fixed_budget,LightGBM,delta_tp,1472,716.0
paysim,3,P_WEIGHT,core,platt,fixed_budget,LightGBM,delta_tp,1473,0.6
paysim,3,P_WEIGHT,core,platt,fixed_budget,LightGBM,delta_tp,1474,-138.4
paysim,3,P_WEIGHT,core,platt,fixed_budget,LightGBM,delta_tp,1475,-132.8
paysim,3,P_WEIGHT,core,platt,fixed_budget,LightGBM,delta_tp,1476,342.8
paysim,3,P_WEIGHT,core,platt,fixed_budget,LightGBM,delta_tp,1477,624.4
paysim,3,P_WEIGHT,core,platt,fixed_budget,LightGBM,delta_tp,1478,-38.2
paysim,3,P_WEIGHT,core,platt,fixed_budget,LightGBM,delta_tp,1479,403.0
paysim,3,P_WEIGHT,core,platt,fixed_budget,LightGBM,delta_tp,1480,582.2
paysim,3,P_WEIGHT,core,platt,fixed_budget,LightGBM,delta_tp,1481,431.0
paysim,3,P_WEIGHT,core,platt,fixed_budget,LightGBM,delta_tp,1482,547.6
paysim,3,P_WEIGHT,core,platt,fixed_budget,LightGBM,delta_tp,1483,-95.6
paysim,3,P_WEIGHT,core,platt,fixed_budget,LightGBM,delta_tp,1484,32.0
paysim,3,P_WEIGHT,core,platt,fixed_budget,LightGBM,delta_tp,1485,614.2
paysim,3,P_WEIGHT,core,platt,fixed_budget,LightGBM,delta_tp,1486,10.2
paysim,3,P_WEIGHT,core,platt,fixed_budget,LightGBM,delta_tp,1487,248.8
paysim,3,P_WEIGHT,core,platt,fixed_budget,LightGBM,delta_tp,1488,190.8
paysim,3,P_WEIGHT,core,platt,fixed_budget,LightGBM,delta_tp,1489,825.8
paysim,3,P_WEIGHT,core,platt,fixed_budget,LightGBM,delta_tp,1490,-134.2
paysim,3,P_WEIGHT,core,platt,fixed_budget,LightGBM,delta_tp,1491,-90.4
paysim,3,P_WEIGHT,core,platt,fixed_budget,LightGBM,delta_tp,1492,58.4
paysim,3,P_WEIGHT,core,platt,fixed_budget,LightGBM,delta_tp,1493,-147.4
paysim,3,P_WEIGHT,core,platt,fixed_budget,LightGBM,delta_tp,1494,290.6
paysim,3,P_WEIGHT,core,platt,fixed_budget,LightGBM,delta_tp,1495,-101.6
paysim,3,P_WEIGHT,core,platt,fixed_budget,LightGBM,delta_tp,1496,444.2
paysim,3,P_WEIGHT,core,platt,fixed_budget,LightGBM,delta_tp,1497,145.4
paysim,3,P_WEIGHT,core,platt,fixed_budget,LightGBM,delta_tp,1498,307.0
paysim,3,P_WEIGHT,core,platt,fixed_budget,LightGBM,delta_tp,1499,-152.2
paysim,3,P_WEIGHT,core,platt,fixed_budget,LightGBM,delta_tp,1500,361.4
paysim,3,P_WEIGHT,core,platt,fixed_budget,LightGBM,delta_tp,1501,-18.4
paysim,3,P_WEIGHT,core,platt,fixed_budget,LightGBM,delta_tp,1502,728.2
paysim,3,P_WEIGHT,core,platt,fixed_budget,LightGBM,delta_tp,1503,-74.8
paysim,3,P_WEIGHT,core,platt,fixed_budget,LightGBM,delta_tp,1504,788.4
paysim,3,P_WEIGHT,core,platt,fixed_budget,LightGBM,delta_tp,1505,-62.0
paysim,3,P_WEIGHT,core,platt,fixed_budget,LightGBM,delta_tp,1506,24.0
paysim,3,P_WEIGHT,core,platt,fixed_budget,LightGBM,delta_tp,1507,13.2
paysim,3,P_WEIGHT,core,platt,fixed_budget,LightGBM,delta_tp,1508,655.6
paysim,3,P_WEIGHT,core,platt,fixed_budget,LightGBM,delta_tp,1509,24.6
paysim,3,P_WEIGHT,core,platt,fixed_budget,LightGBM,delta_tp,1510,695.6
paysim,3,P_WEIGHT,core,platt,fixed_budget,LightGBM,delta_tp,1511,422.6
paysim,3,P_WEIGHT,core,platt,fixed_budget,LightGBM,delta_tp,1512,795.6
paysim,3,P_WEIGHT,core,platt,fixed_budget,LightGBM,delta_tp,1513,313.8
paysim,3,P_WEIGHT,core,platt,fixed_budget,LightGBM,delta_tp,1514,561.0
paysim,3,P_WEIGHT,core,platt,fixed_budget,LightGBM,delta_tp,1515,-145.2
paysim,3,P_WEIGHT,core,platt,fixed_budget,LightGBM,delta_tp,1516,476.2
paysim,3,P_WEIGHT,core,platt,fixed_budget,LightGBM,delta_tp,1517,-125.8
paysim,3,P_WEIGHT,core,platt,fixed_budget,LightGBM,delta_tp,1518,5.2
paysim,3,P_WEIGHT,core,platt,fixed_budget,LightGBM,delta_tp,1519,-98.6
paysim,3,P_WEIGHT,core,platt,fixed_budget,LightGBM,delta_tp,1520,81.4
paysim,3,P_WEIGHT,core,platt,fixed_budget,LightGBM,delta_tp,1521,403.4
paysim,3,P_WEIGHT,core,platt,fixed_budget,LightGBM,delta_tp,1522,92.6
paysim,3,P_WEIGHT,core,platt,fixed_budget,LightGBM,delta_tp,1523,208.0
paysim,3,P_WEIGHT,core,platt,fixed_budget,LightGBM,delta_tp,1524,131.2
paysim,3,P_WEIGHT,core,platt,fixed_budget,LightGBM,delta_tp,1525,599.0
paysim,3,P_WEIGHT,core,platt,fixed_budget,LightGBM,delta_tp,1526,16.2
paysim,3,P_WEIGHT,core,platt,fixed_budget,LightGBM,delta_tp,1527,493.0
paysim,3,P_WEIGHT,core,platt,fixed_budget,LightGBM,delta_tp,1528,286.8
paysim,3,P_WEIGHT,core,platt,fixed_budget,LightGBM,delta_tp,1529,797.2
paysim,3,P_WEIGHT,core,platt,fixed_budget,LightGBM,delta_tp,1530,403.6
paysim,3,P_WEIGHT,core,platt,fixed_budget,LightGBM,delta_tp,1531,818.4
paysim,3,P_WEIGHT,core,platt,fixed_budget,LightGBM,delta_tp,1532,-26.4
paysim,3,P_WEIGHT,core,platt,fixed_budget,LightGBM,delta_tp,1533,-65.6
paysim,3,P_WEIGHT,core,platt,fixed_budget,LightGBM,delta_tp,1534,488.6
paysim,3,P_WEIGHT,core,platt,fixed_budget,LightGBM,delta_tp,1535,270.4
paysim,3,P_WEIGHT,core,platt,fixed_budget,LightGBM,delta_tp,1536,411.6
paysim,3,P_WEIGHT,core,platt,fixed_budget,LightGBM,delta_tp,1537,475.6
paysim,3,P_WEIGHT,core,platt,fixed_budget,LightGBM,delta_tp,1538,700.2
paysim,3,P_WEIGHT,core,platt,fixed_budget,LightGBM,delta_tp,1539,625.2
paysim,3,P_WEIGHT,core,platt,fixed_budget,LightGBM,delta_tp,1540,-145.4
paysim,3,P_WEIGHT,core,platt,fixed_budget,LightGBM,delta_tp,1541,-126.6
paysim,3,P_WEIGHT,core,platt,fixed_budget,LightGBM,delta_tp,1542,20.4
paysim,3,P_WEIGHT,core,platt,fixed_budget,LightGBM,delta_tp,1543,163.4
paysim,3,P_WEIGHT,core,platt,fixed_budget,LightGBM,delta_tp,1544,31.0
paysim,3,P_WEIGHT,core,platt,fixed_budget,LightGBM,delta_tp,1545,150.6
paysim,3,P_WEIGHT,core,platt,fixed_budget,LightGBM,delta_tp,1546,811.2
paysim,3,P_WEIGHT,core,platt,fixed_budget,LightGBM,delta_tp,1547,131.6
paysim,3,P_WEIGHT,core,platt,fixed_budget,LightGBM,delta_tp,1548,-34.8
paysim,3,P_WEIGHT,core,platt,fixed_budget,LightGBM,delta_tp,1549,622.6
paysim,3,P_WEIGHT,core,platt,fixed_budget,LightGBM,delta_tp,1550,77.8
paysim,3,P_WEIGHT,core,platt,fixed_budget,LightGBM,delta_tp,1551,99.2
paysim,3,P_WEIGHT,core,platt,fixed_budget,LightGBM,delta_tp,1552,11.0
paysim,3,P_WEIGHT,core,platt,fixed_budget,LightGBM,delta_tp,1553,373.2
paysim,3,P_WEIGHT,core,platt,fixed_budget,LightGBM,delta_tp,1554,763.0
paysim,3,P_WEIGHT,core,platt,fixed_budget,LightGBM,delta_tp,1555,-31.6
paysim,3,P_WEIGHT,core,platt,fixed_budget,LightGBM,delta_tp,1556,539.4
paysim,3,P_WEIGHT,core,platt,fixed_budget,LightGBM,delta_tp,1557,480.2
paysim,3,P_WEIGHT,core,platt,fixed_budget,LightGBM,delta_tp,1558,-120.2
paysim,3,P_WEIGHT,core,platt,fixed_budget,LightGBM,delta_tp,1559,514.0
paysim,3,P_WEIGHT,core,platt,fixed_budget,LightGBM,delta_tp,1560,13.2
paysim,3,P_WEIGHT,core,platt,fixed_budget,LightGBM,delta_tp,1561,485.4
paysim,3,P_WEIGHT,core,platt,fixed_budget,LightGBM,delta_tp,1562,292.0
paysim,3,P_WEIGHT,core,platt,fixed_budget,LightGBM,delta_tp,1563,253.8
paysim,3,P_WEIGHT,core,platt,fixed_budget,LightGBM,delta_tp,1564,28.2
paysim,3,P_WEIGHT,core,platt,fixed_budget,LightGBM,delta_tp,1565,72.2
paysim,3,P_WEIGHT,core,platt,fixed_budget,LightGBM,delta_tp,1566,868.0
paysim,3,P_WEIGHT,core,platt,fixed_budget,LightGBM,delta_tp,1567,-92.6
paysim,3,P_WEIGHT,core,platt,fixed_budget,LightGBM,delta_tp,1568,13.4
paysim,3,P_WEIGHT,core,platt,fixed_budget,LightGBM,delta_tp,1569,795.8
paysim,3,P_WEIGHT,core,platt,fixed_budget,LightGBM,delta_tp,1570,185.0
paysim,3,P_WEIGHT,core,platt,fixed_budget,LightGBM,delta_tp,1571,-121.4
paysim,3,P_WEIGHT,core,platt,fixed_budget,LightGBM,delta_tp,1572,480.0
paysim,3,P_WEIGHT,core,platt,fixed_budget,LightGBM,delta_tp,1573,438.8
paysim,3,P_WEIGHT,core,platt,fixed_budget,LightGBM,delta_tp,1574,383.2
paysim,3,P_WEIGHT,core,platt,fixed_budget,LightGBM,delta_tp,1575,12.8
paysim,3,P_WEIGHT,core,platt,fixed_budget,LightGBM,delta_tp,1576,190.2
paysim,3,P_WEIGHT,core,platt,fixed_budget,LightGBM,delta_tp,1577,110.2
paysim,3,P_WEIGHT,core,platt,fixed_budget,LightGBM,delta_tp,1578,71.6
paysim,3,P_WEIGHT,core,platt,fixed_budget,LightGBM,delta_tp,1579,57.4
paysim,3,P_WEIGHT,core,platt,fixed_budget,LightGBM,delta_tp,1580,113.4
paysim,3,P_WEIGHT,core,platt,fixed_budget,LightGBM,delta_tp,1581,17.0
paysim,3,P_WEIGHT,core,platt,fixed_budget,LightGBM,delta_tp,1582,-69.6
paysim,3,P_WEIGHT,core,platt,fixed_budget,LightGBM,delta_tp,1583,-129.8
paysim,3,P_WEIGHT,core,platt,fixed_budget,LightGBM,delta_tp,1584,-148.8
paysim,3,P_WEIGHT,core,platt,fixed_budget,LightGBM,delta_tp,1585,-105.6
paysim,3,P_WEIGHT,core,platt,fixed_budget,LightGBM,delta_tp,1586,4.2
paysim,3,P_WEIGHT,core,platt,fixed_budget,LightGBM,delta_tp,1587,39.6
paysim,3,P_WEIGHT,core,platt,fixed_budget,LightGBM,delta_tp,1588,-53.8
paysim,3,P_WEIGHT,core,platt,fixed_budget,LightGBM,delta_tp,1589,70.0
paysim,3,P_WEIGHT,core,platt,fixed_budget,LightGBM,delta_tp,1590,374.4
paysim,3,P_WEIGHT,core,platt,fixed_budget,LightGBM,delta_tp,1591,10.2
paysim,3,P_WEIGHT,core,platt,fixed_budget,LightGBM,delta_tp,1592,230.8
paysim,3,P_WEIGHT,core,platt,fixed_budget,LightGBM,delta_tp,1593,215.6
paysim,3,P_WEIGHT,core,platt,fixed_budget,LightGBM,delta_tp,1594,265.0
paysim,3,P_WEIGHT,core,platt,fixed_budget,LightGBM,delta_tp,1595,65.0
paysim,3,P_WEIGHT,core,platt,fixed_budget,LightGBM,delta_tp,1596,88.2
paysim,3,P_WEIGHT,core,platt,fixed_budget,LightGBM,delta_tp,1597,686.4
paysim,3,P_WEIGHT,core,platt,fixed_budget,LightGBM,delta_tp,1598,19.6
paysim,3,P_WEIGHT,core,platt,fixed_budget,LightGBM,delta_tp,1599,17.8
paysim,3,P_WEIGHT,core,platt,fixed_budget,LightGBM,delta_tp,1600,-152.6
paysim,3,P_WEIGHT,core,platt,fixed_budget,LightGBM,delta_tp,1601,198.6
paysim,3,P_WEIGHT,core,platt,fixed_budget,LightGBM,delta_tp,1602,520.0
paysim,3,P_WEIGHT,core,platt,fixed_budget,LightGBM,delta_tp,1603,98.8
paysim,3,P_WEIGHT,core,platt,fixed_budget,LightGBM,delta_tp,1604,640.8
paysim,3,P_WEIGHT,core,platt,fixed_budget,LightGBM,delta_tp,1605,144.8
paysim,3,P_WEIGHT,core,platt,fixed_budget,LightGBM,delta_tp,1606,-105.4
paysim,3,P_WEIGHT,core,platt,fixed_budget,LightGBM,delta_tp,1607,-65.4
paysim,3,P_WEIGHT,core,platt,fixed_budget,LightGBM,delta_tp,1608,-125.0
paysim,3,P_WEIGHT,core,platt,fixed_budget,LightGBM,delta_tp,1609,125.0
paysim,3,P_WEIGHT,core,platt,fixed_budget,LightGBM,delta_tp,1610,143.4
paysim,3,P_WEIGHT,core,platt,fixed_budget,LightGBM,delta_tp,1611,366.6
paysim,3,P_WEIGHT,core,platt,fixed_budget,LightGBM,delta_tp,1612,491.4
paysim,3,P_WEIGHT,core,platt,fixed_budget,LightGBM,delta_tp,1613,199.0
paysim,3,P_WEIGHT,core,platt,fixed_budget,LightGBM,delta_tp,1614,-24.8
paysim,3,P_WEIGHT,core,platt,fixed_budget,LightGBM,delta_tp,1615,-149.2
paysim,3,P_WEIGHT,core,platt,fixed_budget,LightGBM,delta_tp,1616,137.0
paysim,3,P_WEIGHT,core,platt,fixed_budget,LightGBM,delta_tp,1617,525.8
paysim,3,P_WEIGHT,core,platt,fixed_budget,LightGBM,delta_tp,1618,754.6
paysim,3,P_WEIGHT,core,platt,fixed_budget,LightGBM,delta_tp,1619,181.8
paysim,3,P_WEIGHT,core,platt,fixed_budget,LightGBM,delta_tp,1620,-141.6
paysim,3,P_WEIGHT,core,platt,fixed_budget,LightGBM,delta_tp,1621,29.4
paysim,3,P_WEIGHT,core,platt,fixed_budget,LightGBM,delta_tp,1622,-92.2
paysim,3,P_WEIGHT,core,platt,fixed_budget,LightGBM,delta_tp,1623,187.4
paysim,3,P_WEIGHT,core,platt,fixed_budget,LightGBM,delta_tp,1624,321.6
paysim,3,P_WEIGHT,core,platt,fixed_budget,LightGBM,delta_tp,1625,7.4
paysim,3,P_WEIGHT,core,platt,fixed_budget,LightGBM,delta_tp,1626,454.2
paysim,3,P_WEIGHT,core,platt,fixed_budget,LightGBM,delta_tp,1627,-83.0
paysim,3,P_WEIGHT,core,platt,fixed_budget,LightGBM,delta_tp,1628,134.8
paysim,3,P_WEIGHT,core,platt,fixed_budget,LightGBM,delta_tp,1629,78.0
paysim,3,P_WEIGHT,core,platt,fixed_budget,LightGBM,delta_tp,1630,373.8
paysim,3,P_WEIGHT,core,platt,fixed_budget,LightGBM,delta_tp,1631,78.8
paysim,3,P_WEIGHT,core,platt,fixed_budget,LightGBM,delta_tp,1632,20.8
paysim,3,P_WEIGHT,core,platt,fixed_budget,LightGBM,delta_tp,1633,197.6
paysim,3,P_WEIGHT,core,platt,fixed_budget,LightGBM,delta_tp,1634,326.4
paysim,3,P_WEIGHT,core,platt,fixed_budget,LightGBM,delta_tp,1635,360.0
paysim,3,P_WEIGHT,core,platt,fixed_budget,LightGBM,delta_tp,1636,586.6
paysim,3,P_WEIGHT,core,platt,fixed_budget,LightGBM,delta_tp,1637,-7.8
paysim,3,P_WEIGHT,core,platt,fixed_budget,LightGBM,delta_tp,1638,347.2
paysim,3,P_WEIGHT,core,platt,fixed_budget,LightGBM,delta_tp,1639,346.2
paysim,3,P_WEIGHT,core,platt,fixed_budget,LightGBM,delta_tp,1640,687.2
paysim,3,P_WEIGHT,core,platt,fixed_budget,LightGBM,delta_tp,1641,-106.6
paysim,3,P_WEIGHT,core,platt,fixed_budget,LightGBM,delta_tp,1642,179.6
paysim,3,P_WEIGHT,core,platt,fixed_budget,LightGBM,delta_tp,1643,-60.8
paysim,3,P_WEIGHT,core,platt,fixed_budget,LightGBM,delta_tp,1644,482.6
paysim,3,P_WEIGHT,core,platt,fixed_budget,LightGBM,delta_tp,1645,54.2
paysim,3,P_WEIGHT,core,platt,fixed_budget,LightGBM,delta_tp,1646,39.6
paysim,3,P_WEIGHT,core,platt,fixed_budget,LightGBM,delta_tp,1647,-18.0
paysim,3,P_WEIGHT,core,platt,fixed_budget,LightGBM,delta_tp,1648,87.4
paysim,3,P_WEIGHT,core,platt,fixed_budget,LightGBM,delta_tp,1649,496.2
paysim,3,P_WEIGHT,core,platt,fixed_budget,LightGBM,delta_tp,1650,305.2
paysim,3,P_WEIGHT,core,platt,fixed_budget,LightGBM,delta_tp,1651,114.0
paysim,3,P_WEIGHT,core,platt,fixed_budget,LightGBM,delta_tp,1652,-52.6
paysim,3,P_WEIGHT,core,platt,fixed_budget,LightGBM,delta_tp,1653,76.2
paysim,3,P_WEIGHT,core,platt,fixed_budget,LightGBM,delta_tp,1654,-72.4
paysim,3,P_WEIGHT,core,platt,fixed_budget,LightGBM,delta_tp,1655,-61.2
paysim,3,P_WEIGHT,core,platt,fixed_budget,LightGBM,delta_tp,1656,-136.2
paysim,3,P_WEIGHT,core,platt,fixed_budget,LightGBM,delta_tp,1657,99.2
paysim,3,P_WEIGHT,core,platt,fixed_budget,LightGBM,delta_tp,1658,-132.2
paysim,3,P_WEIGHT,core,platt,fixed_budget,LightGBM,delta_tp,1659,-1.4
paysim,3,P_WEIGHT,core,platt,fixed_budget,LightGBM,delta_tp,1660,657.6
paysim,3,P_WEIGHT,core,platt,fixed_budget,LightGBM,delta_tp,1661,356.2
paysim,3,P_WEIGHT,core,platt,fixed_budget,LightGBM,delta_tp,1662,-105.0
paysim,3,P_WEIGHT,core,platt,fixed_budget,LightGBM,delta_tp,1663,-13.6
paysim,3,P_WEIGHT,core,platt,fixed_budget,LightGBM,delta_tp,1664,596.0
paysim,3,P_WEIGHT,core,platt,fixed_budget,LightGBM,delta_tp,1665,-7.8
paysim,3,P_WEIGHT,core,platt,fixed_budget,LightGBM,delta_tp,1666,294.6
paysim,3,P_WEIGHT,core,platt,fixed_budget,LightGBM,delta_tp,1667,99.4
paysim,3,P_WEIGHT,core,platt,fixed_budget,LightGBM,delta_tp,1668,-141.2
paysim,3,P_WEIGHT,core,platt,fixed_budget,LightGBM,delta_tp,1669,-24.4
paysim,3,P_WEIGHT,core,platt,fixed_budget,LightGBM,delta_tp,1670,246.6
paysim,3,P_WEIGHT,core,platt,fixed_budget,LightGBM,delta_tp,1671,14.8
paysim,3,P_WEIGHT,core,platt,fixed_budget,LightGBM,delta_tp,1672,624.4
paysim,3,P_WEIGHT,core,platt,fixed_budget,LightGBM,delta_tp,1673,-2.6
paysim,3,P_WEIGHT,core,platt,fixed_budget,LightGBM,delta_tp,1674,25.0
paysim,3,P_WEIGHT,core,platt,fixed_budget,LightGBM,delta_tp,1675,-73.2
paysim,3,P_WEIGHT,core,platt,fixed_budget,LightGBM,delta_tp,1676,199.8
paysim,3,P_WEIGHT,core,platt,fixed_budget,LightGBM,delta_tp,1677,351.6
paysim,3,P_WEIGHT,core,platt,fixed_budget,LightGBM,delta_tp,1678,86.6
paysim,3,P_WEIGHT,core,platt,fixed_budget,LightGBM,delta_tp,1679,601.2
paysim,3,P_WEIGHT,core,platt,fixed_budget,LightGBM,delta_tp,1680,-142.8
paysim,3,P_WEIGHT,core,platt,fixed_budget,LightGBM,delta_tp,1681,579.0
paysim,3,P_WEIGHT,core,platt,fixed_budget,LightGBM,delta_tp,1682,40.0
paysim,3,P_WEIGHT,core,platt,fixed_budget,LightGBM,delta_tp,1683,472.8
paysim,3,P_WEIGHT,core,platt,fixed_budget,LightGBM,delta_tp,1684,13.6
paysim,3,P_WEIGHT,core,platt,fixed_budget,LightGBM,delta_tp,1685,181.2
paysim,3,P_WEIGHT,core,platt,fixed_budget,LightGBM,delta_tp,1686,147.6
paysim,3,P_WEIGHT,core,platt,fixed_budget,LightGBM,delta_tp,1687,822.8
paysim,3,P_WEIGHT,core,platt,fixed_budget,LightGBM,delta_tp,1688,-18.0
paysim,3,P_WEIGHT,core,platt,fixed_budget,LightGBM,delta_tp,1689,210.6
paysim,3,P_WEIGHT,core,platt,fixed_budget,LightGBM,delta_tp,1690,-154.2
paysim,3,P_WEIGHT,core,platt,fixed_budget,LightGBM,delta_tp,1691,223.2
paysim,3,P_WEIGHT,core,platt,fixed_budget,LightGBM,delta_tp,1692,442.0
paysim,3,P_WEIGHT,core,platt,fixed_budget,LightGBM,delta_tp,1693,338.4
paysim,3,P_WEIGHT,core,platt,fixed_budget,LightGBM,delta_tp,1694,74.6
paysim,3,P_WEIGHT,core,platt,fixed_budget,LightGBM,delta_tp,1695,67.6
paysim,3,P_WEIGHT,core,platt,fixed_budget,LightGBM,delta_tp,1696,309.0
paysim,3,P_WEIGHT,core,platt,fixed_budget,LightGBM,delta_tp,1697,569.6
paysim,3,P_WEIGHT,core,platt,fixed_budget,LightGBM,delta_tp,1698,412.4
paysim,3,P_WEIGHT,core,platt,fixed_budget,LightGBM,delta_tp,1699,98.4
paysim,3,P_WEIGHT,core,platt,fixed_budget,LightGBM,delta_tp,1700,273.8
paysim,3,P_WEIGHT,core,platt,fixed_budget,LightGBM,delta_tp,1701,708.8
paysim,3,P_WEIGHT,core,platt,fixed_budget,LightGBM,delta_tp,1702,370.6
paysim,3,P_WEIGHT,core,platt,fixed_budget,LightGBM,delta_tp,1703,38.8
paysim,3,P_WEIGHT,core,platt,fixed_budget,LightGBM,delta_tp,1704,139.4
paysim,3,P_WEIGHT,core,platt,fixed_budget,LightGBM,delta_tp,1705,-132.2
paysim,3,P_WEIGHT,core,platt,fixed_budget,LightGBM,delta_tp,1706,132.6
paysim,3,P_WEIGHT,core,platt,fixed_budget,LightGBM,delta_tp,1707,-127.4
paysim,3,P_WEIGHT,core,platt,fixed_budget,LightGBM,delta_tp,1708,228.6
paysim,3,P_WEIGHT,core,platt,fixed_budget,LightGBM,delta_tp,1709,-152.4
paysim,3,P_WEIGHT,core,platt,fixed_budget,LightGBM,delta_tp,1710,177.6
paysim,3,P_WEIGHT,core,platt,fixed_budget,LightGBM,delta_tp,1711,-96.6
paysim,3,P_WEIGHT,core,platt,fixed_budget,LightGBM,delta_tp,1712,7.6
paysim,3,P_WEIGHT,core,platt,fixed_budget,LightGBM,delta_tp,1713,34.4
paysim,3,P_WEIGHT,core,platt,fixed_budget,LightGBM,delta_tp,1714,145.0
paysim,3,P_WEIGHT,core,platt,fixed_budget,LightGBM,delta_tp,1715,-99.4
paysim,3,P_WEIGHT,core,platt,fixed_budget,LightGBM,delta_tp,1716,-131.8
paysim,3,P_WEIGHT,core,platt,fixed_budget,LightGBM,delta_tp,1717,65.2
paysim,3,P_WEIGHT,core,platt,fixed_budget,LightGBM,delta_tp,1718,29.6
paysim,3,P_WEIGHT,core,platt,fixed_budget,LightGBM,delta_tp,1719,-57.0
paysim,3,P_WEIGHT,core,platt,fixed_budget,LightGBM,delta_tp,1720,253.6
paysim,3,P_WEIGHT,core,platt,fixed_budget,LightGBM,delta_tp,1721,12.2
paysim,3,P_WEIGHT,core,platt,fixed_budget,LightGBM,delta_tp,1722,378.0
paysim,3,P_WEIGHT,core,platt,fixed_budget,LightGBM,delta_tp,1723,-137.2
paysim,3,P_WEIGHT,core,platt,fixed_budget,LightGBM,delta_tp,1724,42.8
paysim,3,P_WEIGHT,core,platt,fixed_budget,LightGBM,delta_tp,1725,31.6
paysim,3,P_WEIGHT,core,platt,fixed_budget,LightGBM,delta_tp,1726,249.4
paysim,3,P_WEIGHT,core,platt,fixed_budget,LightGBM,delta_tp,1727,230.6
paysim,3,P_WEIGHT,core,platt,fixed_budget,LightGBM,delta_tp,1728,251.8
paysim,3,P_WEIGHT,core,platt,fixed_budget,LightGBM,delta_tp,1729,126.8
paysim,3,P_WEIGHT,core,platt,fixed_budget,LightGBM,delta_tp,1730,628.4
paysim,3,P_WEIGHT,core,platt,fixed_budget,LightGBM,delta_tp,1731,139.8
paysim,3,P_WEIGHT,core,platt,fixed_budget,LightGBM,delta_tp,1732,593.8
paysim,3,P_WEIGHT,core,platt,fixed_budget,LightGBM,delta_tp,1733,340.8
paysim,3,P_WEIGHT,core,platt,fixed_budget,LightGBM,delta_tp,1734,-171.0
paysim,3,P_WEIGHT,core,platt,fixed_budget,LightGBM,delta_tp,1735,397.8
paysim,3,P_WEIGHT,core,platt,fixed_budget,LightGBM,delta_tp,1736,-108.8
paysim,3,P_WEIGHT,core,platt,fixed_budget,LightGBM,delta_tp,1737,-154.0
paysim,3,P_WEIGHT,core,platt,fixed_budget,LightGBM,delta_tp,1738,270.4
paysim,3,P_WEIGHT,core,platt,fixed_budget,LightGBM,delta_tp,1739,510.4
paysim,3,P_WEIGHT,core,platt,fixed_budget,LightGBM,delta_tp,1740,-27.8
paysim,3,P_WEIGHT,core,platt,fixed_budget,LightGBM,delta_tp,1741,16.2
paysim,3,P_WEIGHT,core,platt,fixed_budget,LightGBM,delta_tp,1742,23.8
paysim,3,P_WEIGHT,core,platt,fixed_budget,LightGBM,delta_tp,1743,273.0
paysim,3,P_WEIGHT,core,platt,fixed_budget,LightGBM,delta_tp,1744,644.4
paysim,3,P_WEIGHT,core,platt,fixed_budget,LightGBM,delta_tp,1745,618.2
paysim,3,P_WEIGHT,core,platt,fixed_budget,LightGBM,delta_tp,1746,225.4
paysim,3,P_WEIGHT,core,platt,fixed_budget,LightGBM,delta_tp,1747,47.4
paysim,3,P_WEIGHT,core,platt,fixed_budget,LightGBM,delta_tp,1748,33.4
paysim,3,P_WEIGHT,core,platt,fixed_budget,LightGBM,delta_tp,1749,194.2
paysim,3,P_WEIGHT,core,platt,fixed_budget,LightGBM,delta_tp,1750,722.8
paysim,3,P_WEIGHT,core,platt,fixed_budget,LightGBM,delta_tp,1751,201.2
paysim,3,P_WEIGHT,core,platt,fixed_budget,LightGBM,delta_tp,1752,48.8
paysim,3,P_WEIGHT,core,platt,fixed_budget,LightGBM,delta_tp,1753,521.8
paysim,3,P_WEIGHT,core,platt,fixed_budget,LightGBM,delta_tp,1754,-47.0
paysim,3,P_WEIGHT,core,platt,fixed_budget,LightGBM,delta_tp,1755,-151.2
paysim,3,P_WEIGHT,core,platt,fixed_budget,LightGBM,delta_tp,1756,356.2
paysim,3,P_WEIGHT,core,platt,fixed_budget,LightGBM,delta_tp,1757,95.2
paysim,3,P_WEIGHT,core,platt,fixed_budget,LightGBM,delta_tp,1758,837.2
paysim,3,P_WEIGHT,core,platt,fixed_budget,LightGBM,delta_tp,1759,-26.8
paysim,3,P_WEIGHT,core,platt,fixed_budget,LightGBM,delta_tp,1760,327.6
paysim,3,P_WEIGHT,core,platt,fixed_budget,LightGBM,delta_tp,1761,298.8
paysim,3,P_WEIGHT,core,platt,fixed_budget,LightGBM,delta_tp,1762,843.4
paysim,3,P_WEIGHT,core,platt,fixed_budget,LightGBM,delta_tp,1763,-26.6
paysim,3,P_WEIGHT,core,platt,fixed_budget,LightGBM,delta_tp,1764,309.2
paysim,3,P_WEIGHT,core,platt,fixed_budget,LightGBM,delta_tp,1765,313.2
paysim,3,P_WEIGHT,core,platt,fixed_budget,LightGBM,delta_tp,1766,117.2
paysim,3,P_WEIGHT,core,platt,fixed_budget,LightGBM,delta_tp,1767,-147.8
paysim,3,P_WEIGHT,core,platt,fixed_budget,LightGBM,delta_tp,1768,358.6
paysim,3,P_WEIGHT,core,platt,fixed_budget,LightGBM,delta_tp,1769,294.8
paysim,3,P_WEIGHT,core,platt,fixed_budget,LightGBM,delta_tp,1770,-87.8
paysim,3,P_WEIGHT,core,platt,fixed_budget,LightGBM,delta_tp,1771,18.0
paysim,3,P_WEIGHT,core,platt,fixed_budget,LightGBM,delta_tp,1772,140.2
paysim,3,P_WEIGHT,core,platt,fixed_budget,LightGBM,delta_tp,1773,11.0
paysim,3,P_WEIGHT,core,platt,fixed_budget,LightGBM,delta_tp,1774,250.4
paysim,3,P_WEIGHT,core,platt,fixed_budget,LightGBM,delta_tp,1775,50.4
paysim,3,P_WEIGHT,core,platt,fixed_budget,LightGBM,delta_tp,1776,281.0
paysim,3,P_WEIGHT,core,platt,fixed_budget,LightGBM,delta_tp,1777,82.4
paysim,3,P_WEIGHT,core,platt,fixed_budget,LightGBM,delta_tp,1778,-15.8
paysim,3,P_WEIGHT,core,platt,fixed_budget,LightGBM,delta_tp,1779,397.2
paysim,3,P_WEIGHT,core,platt,fixed_budget,LightGBM,delta_tp,1780,26.6
paysim,3,P_WEIGHT,core,platt,fixed_budget,LightGBM,delta_tp,1781,420.2
paysim,3,P_WEIGHT,core,platt,fixed_budget,LightGBM,delta_tp,1782,230.8
paysim,3,P_WEIGHT,core,platt,fixed_budget,LightGBM,delta_tp,1783,41.2
paysim,3,P_WEIGHT,core,platt,fixed_budget,LightGBM,delta_tp,1784,-97.2
paysim,3,P_WEIGHT,core,platt,fixed_budget,LightGBM,delta_tp,1785,-26.2
paysim,3,P_WEIGHT,core,platt,fixed_budget,LightGBM,delta_tp,1786,-17.2
paysim,3,P_WEIGHT,core,platt,fixed_budget,LightGBM,delta_tp,1787,-7.4
paysim,3,P_WEIGHT,core,platt,fixed_budget,LightGBM,delta_tp,1788,51.4
paysim,3,P_WEIGHT,core,platt,fixed_budget,LightGBM,delta_tp,1789,75.0
paysim,3,P_WEIGHT,core,platt,fixed_budget,LightGBM,delta_tp,1790,439.6
paysim,3,P_WEIGHT,core,platt,fixed_budget,LightGBM,delta_tp,1791,-1.2
paysim,3,P_WEIGHT,core,platt,fixed_budget,LightGBM,delta_tp,1792,100.4
paysim,3,P_WEIGHT,core,platt,fixed_budget,LightGBM,delta_tp,1793,-176.6
paysim,3,P_WEIGHT,core,platt,fixed_budget,LightGBM,delta_tp,1794,322.4
paysim,3,P_WEIGHT,core,platt,fixed_budget,LightGBM,delta_tp,1795,454.0
paysim,3,P_WEIGHT,core,platt,fixed_budget,LightGBM,delta_tp,1796,297.0
paysim,3,P_WEIGHT,core,platt,fixed_budget,LightGBM,delta_tp,1797,-111.8
paysim,3,P_WEIGHT,core,platt,fixed_budget,LightGBM,delta_tp,1798,-162.2
paysim,3,P_WEIGHT,core,platt,fixed_budget,LightGBM,delta_tp,1799,752.6
paysim,3,P_WEIGHT,core,platt,fixed_budget,LightGBM,delta_tp,1800,390.6
paysim,3,P_WEIGHT,core,platt,fixed_budget,LightGBM,delta_tp,1801,131.2
paysim,3,P_WEIGHT,core,platt,fixed_budget,LightGBM,delta_tp,1802,736.8
paysim,3,P_WEIGHT,core,platt,fixed_budget,LightGBM,delta_tp,1803,249.0
paysim,3,P_WEIGHT,core,platt,fixed_budget,LightGBM,delta_tp,1804,252.6
paysim,3,P_WEIGHT,core,platt,fixed_budget,LightGBM,delta_tp,1805,85.0
paysim,3,P_WEIGHT,core,platt,fixed_budget,LightGBM,delta_tp,1806,403.0
paysim,3,P_WEIGHT,core,platt,fixed_budget,LightGBM,delta_tp,1807,269.6
paysim,3,P_WEIGHT,core,platt,fixed_budget,LightGBM,delta_tp,1808,1.6
paysim,3,P_WEIGHT,core,platt,fixed_budget,LightGBM,delta_tp,1809,59.4
paysim,3,P_WEIGHT,core,platt,fixed_budget,LightGBM,delta_tp,1810,685.2
paysim,3,P_WEIGHT,core,platt,fixed_budget,LightGBM,delta_tp,1811,390.0
paysim,3,P_WEIGHT,core,platt,fixed_budget,LightGBM,delta_tp,1812,13.0
paysim,3,P_WEIGHT,core,platt,fixed_budget,LightGBM,delta_tp,1813,-123.2
paysim,3,P_WEIGHT,core,platt,fixed_budget,LightGBM,delta_tp,1814,685.0
paysim,3,P_WEIGHT,core,platt,fixed_budget,LightGBM,delta_tp,1815,129.2
paysim,3,P_WEIGHT,core,platt,fixed_budget,LightGBM,delta_tp,1816,108.4
paysim,3,P_WEIGHT,core,platt,fixed_budget,LightGBM,delta_tp,1817,-0.4
paysim,3,P_WEIGHT,core,platt,fixed_budget,LightGBM,delta_tp,1818,39.4
paysim,3,P_WEIGHT,core,platt,fixed_budget,LightGBM,delta_tp,1819,85.0
paysim,3,P_WEIGHT,core,platt,fixed_budget,LightGBM,delta_tp,1820,619.2
paysim,3,P_WEIGHT,core,platt,fixed_budget,LightGBM,delta_tp,1821,-57.6
paysim,3,P_WEIGHT,core,platt,fixed_budget,LightGBM,delta_tp,1822,360.6
paysim,3,P_WEIGHT,core,platt,fixed_budget,LightGBM,delta_tp,1823,346.6
paysim,3,P_WEIGHT,core,platt,fixed_budget,LightGBM,delta_tp,1824,433.8
paysim,3,P_WEIGHT,core,platt,fixed_budget,LightGBM,delta_tp,1825,-162.8
paysim,3,P_WEIGHT,core,platt,fixed_budget,LightGBM,delta_tp,1826,-133.4
paysim,3,P_WEIGHT,core,platt,fixed_budget,LightGBM,delta_tp,1827,212.8
paysim,3,P_WEIGHT,core,platt,fixed_budget,LightGBM,delta_tp,1828,40.4
paysim,3,P_WEIGHT,core,platt,fixed_budget,LightGBM,delta_tp,1829,23.0
paysim,3,P_WEIGHT,core,platt,fixed_budget,LightGBM,delta_tp,1830,-152.8
paysim,3,P_WEIGHT,core,platt,fixed_budget,LightGBM,delta_tp,1831,171.2
paysim,3,P_WEIGHT,core,platt,fixed_budget,LightGBM,delta_tp,1832,50.6
paysim,3,P_WEIGHT,core,platt,fixed_budget,LightGBM,delta_tp,1833,489.8
paysim,3,P_WEIGHT,core,platt,fixed_budget,LightGBM,delta_tp,1834,163.2
paysim,3,P_WEIGHT,core,platt,fixed_budget,LightGBM,delta_tp,1835,509.8
paysim,3,P_WEIGHT,core,platt,fixed_budget,LightGBM,delta_tp,1836,641.0
paysim,3,P_WEIGHT,core,platt,fixed_budget,LightGBM,delta_tp,1837,-146.4
paysim,3,P_WEIGHT,core,platt,fixed_budget,LightGBM,delta_tp,1838,640.0
paysim,3,P_WEIGHT,core,platt,fixed_budget,LightGBM,delta_tp,1839,432.6
paysim,3,P_WEIGHT,core,platt,fixed_budget,LightGBM,delta_tp,1840,-176.8
paysim,3,P_WEIGHT,core,platt,fixed_budget,LightGBM,delta_tp,1841,13.4
paysim,3,P_WEIGHT,core,platt,fixed_budget,LightGBM,delta_tp,1842,265.4
paysim,3,P_WEIGHT,core,platt,fixed_budget,LightGBM,delta_tp,1843,207.6
paysim,3,P_WEIGHT,core,platt,fixed_budget,LightGBM,delta_tp,1844,-183.8
paysim,3,P_WEIGHT,core,platt,fixed_budget,LightGBM,delta_tp,1845,362.4
paysim,3,P_WEIGHT,core,platt,fixed_budget,LightGBM,delta_tp,1846,406.0
paysim,3,P_WEIGHT,core,platt,fixed_budget,LightGBM,delta_tp,1847,327.0
paysim,3,P_WEIGHT,core,platt,fixed_budget,LightGBM,delta_tp,1848,371.8
paysim,3,P_WEIGHT,core,platt,fixed_budget,LightGBM,delta_tp,1849,59.8
paysim,3,P_WEIGHT,core,platt,fixed_budget,LightGBM,delta_tp,1850,-171.6
paysim,3,P_WEIGHT,core,platt,fixed_budget,LightGBM,delta_tp,1851,333.8
paysim,3,P_WEIGHT,core,platt,fixed_budget,LightGBM,delta_tp,1852,-128.0
paysim,3,P_WEIGHT,core,platt,fixed_budget,LightGBM,delta_tp,1853,2.8
paysim,3,P_WEIGHT,core,platt,fixed_budget,LightGBM,delta_tp,1854,6.8
paysim,3,P_WEIGHT,core,platt,fixed_budget,LightGBM,delta_tp,1855,-124.0
paysim,3,P_WEIGHT,core,platt,fixed_budget,LightGBM,delta_tp,1856,-122.6
paysim,3,P_WEIGHT,core,platt,fixed_budget,LightGBM,delta_tp,1857,-71.0
paysim,3,P_WEIGHT,core,platt,fixed_budget,LightGBM,delta_tp,1858,-25.6
paysim,3,P_WEIGHT,core,platt,fixed_budget,LightGBM,delta_tp,1859,146.8
paysim,3,P_WEIGHT,core,platt,fixed_budget,LightGBM,delta_tp,1860,215.0
paysim,3,P_WEIGHT,core,platt,fixed_budget,LightGBM,delta_tp,1861,151.4
paysim,3,P_WEIGHT,core,platt,fixed_budget,LightGBM,delta_tp,1862,105.4
paysim,3,P_WEIGHT,core,platt,fixed_budget,LightGBM,delta_tp,1863,185.8
paysim,3,P_WEIGHT,core,platt,fixed_budget,LightGBM,delta_tp,1864,74.8
paysim,3,P_WEIGHT,core,platt,fixed_budget,LightGBM,delta_tp,1865,56.0
paysim,3,P_WEIGHT,core,platt,fixed_budget,LightGBM,delta_tp,1866,154.4
paysim,3,P_WEIGHT,core,platt,fixed_budget,LightGBM,delta_tp,1867,745.8
paysim,3,P_WEIGHT,core,platt,fixed_budget,LightGBM,delta_tp,1868,126.4
paysim,3,P_WEIGHT,core,platt,fixed_budget,LightGBM,delta_tp,1869,533.6
paysim,3,P_WEIGHT,core,platt,fixed_budget,LightGBM,delta_tp,1870,512.8
paysim,3,P_WEIGHT,core,platt,fixed_budget,LightGBM,delta_tp,1871,-50.0
paysim,3,P_WEIGHT,core,platt,fixed_budget,LightGBM,delta_tp,1872,-37.0
paysim,3,P_WEIGHT,core,platt,fixed_budget,LightGBM,delta_tp,1873,227.4
paysim,3,P_WEIGHT,core,platt,fixed_budget,LightGBM,delta_tp,1874,451.6
paysim,3,P_WEIGHT,core,platt,fixed_budget,LightGBM,delta_tp,1875,-182.0
paysim,3,P_WEIGHT,core,platt,fixed_budget,LightGBM,delta_tp,1876,546.0
paysim,3,P_WEIGHT,core,platt,fixed_budget,LightGBM,delta_tp,1877,-188.0
paysim,3,P_WEIGHT,core,platt,fixed_budget,LightGBM,delta_tp,1878,230.8
paysim,3,P_WEIGHT,core,platt,fixed_budget,LightGBM,delta_tp,1879,439.8
paysim,3,P_WEIGHT,core,platt,fixed_budget,LightGBM,delta_tp,1880,40.2
paysim,3,P_WEIGHT,core,platt,fixed_budget,LightGBM,delta_tp,1881,-61.6
paysim,3,P_WEIGHT,core,platt,fixed_budget,LightGBM,delta_tp,1882,125.0
paysim,3,P_WEIGHT,core,platt,fixed_budget,LightGBM,delta_tp,1883,87.4
paysim,3,P_WEIGHT,core,platt,fixed_budget,LightGBM,delta_tp,1884,229.6
paysim,3,P_WEIGHT,core,platt,fixed_budget,LightGBM,delta_tp,1885,-127.2
paysim,3,P_WEIGHT,core,platt,fixed_budget,LightGBM,delta_tp,1886,311.0
paysim,3,P_WEIGHT,core,platt,fixed_budget,LightGBM,delta_tp,1887,232.6
paysim,3,P_WEIGHT,core,platt,fixed_budget,LightGBM,delta_tp,1888,-14.8
paysim,3,P_WEIGHT,core,platt,fixed_budget,LightGBM,delta_tp,1889,97.0
paysim,3,P_WEIGHT,core,platt,fixed_budget,LightGBM,delta_tp,1890,-93.8
paysim,3,P_WEIGHT,core,platt,fixed_budget,LightGBM,delta_tp,1891,39.0
paysim,3,P_WEIGHT,core,platt,fixed_budget,LightGBM,delta_tp,1892,492.8
paysim,3,P_WEIGHT,core,platt,fixed_budget,LightGBM,delta_tp,1893,16.2
paysim,3,P_WEIGHT,core,platt,fixed_budget,LightGBM,delta_tp,1894,339.8
paysim,3,P_WEIGHT,core,platt,fixed_budget,LightGBM,delta_tp,1895,609.8
paysim,3,P_WEIGHT,core,platt,fixed_budget,LightGBM,delta_tp,1896,256.8
paysim,3,P_WEIGHT,core,platt,fixed_budget,LightGBM,delta_tp,1897,38.6
paysim,3,P_WEIGHT,core,platt,fixed_budget,LightGBM,delta_tp,1898,796.8
paysim,3,P_WEIGHT,core,platt,fixed_budget,LightGBM,delta_tp,1899,281.6
paysim,3,P_WEIGHT,core,platt,fixed_budget,LightGBM,delta_tp,1900,204.4
paysim,3,P_WEIGHT,core,platt,fixed_budget,LightGBM,delta_tp,1901,182.6
paysim,3,P_WEIGHT,core,platt,fixed_budget,LightGBM,delta_tp,1902,-142.2
paysim,3,P_WEIGHT,core,platt,fixed_budget,LightGBM,delta_tp,1903,170.4
paysim,3,P_WEIGHT,core,platt,fixed_budget,LightGBM,delta_tp,1904,142.0
paysim,3,P_WEIGHT,core,platt,fixed_budget,LightGBM,delta_tp,1905,127.8
paysim,3,P_WEIGHT,core,platt,fixed_budget,LightGBM,delta_tp,1906,-126.8
paysim,3,P_WEIGHT,core,platt,fixed_budget,LightGBM,delta_tp,1907,-95.2
paysim,3,P_WEIGHT,core,platt,fixed_budget,LightGBM,delta_tp,1908,568.0
paysim,3,P_WEIGHT,core,platt,fixed_budget,LightGBM,delta_tp,1909,20.8
paysim,3,P_WEIGHT,core,platt,fixed_budget,LightGBM,delta_tp,1910,225.6
paysim,3,P_WEIGHT,core,platt,fixed_budget,LightGBM,delta_tp,1911,-186.2
paysim,3,P_WEIGHT,core,platt,fixed_budget,LightGBM,delta_tp,1912,558.4
paysim,3,P_WEIGHT,core,platt,fixed_budget,LightGBM,delta_tp,1913,62.8
paysim,3,P_WEIGHT,core,platt,fixed_budget,LightGBM,delta_tp,1914,84.4
paysim,3,P_WEIGHT,core,platt,fixed_budget,LightGBM,delta_tp,1915,-152.0
paysim,3,P_WEIGHT,core,platt,fixed_budget,LightGBM,delta_tp,1916,265.6
paysim,3,P_WEIGHT,core,platt,fixed_budget,LightGBM,delta_tp,1917,285.6
paysim,3,P_WEIGHT,core,platt,fixed_budget,LightGBM,delta_tp,1918,356.6
paysim,3,P_WEIGHT,core,platt,fixed_budget,LightGBM,delta_tp,1919,89.0
paysim,3,P_WEIGHT,core,platt,fixed_budget,LightGBM,delta_tp,1920,528.6
paysim,3,P_WEIGHT,core,platt,fixed_budget,LightGBM,delta_tp,1921,209.6
paysim,3,P_WEIGHT,core,platt,fixed_budget,LightGBM,delta_tp,1922,87.6
paysim,3,P_WEIGHT,core,platt,fixed_budget,LightGBM,delta_tp,1923,135.6
paysim,3,P_WEIGHT,core,platt,fixed_budget,LightGBM,delta_tp,1924,277.8
paysim,3,P_WEIGHT,core,platt,fixed_budget,LightGBM,delta_tp,1925,165.0
paysim,3,P_WEIGHT,core,platt,fixed_budget,LightGBM,delta_tp,1926,8.8
paysim,3,P_WEIGHT,core,platt,fixed_budget,LightGBM,delta_tp,1927,7.0
paysim,3,P_WEIGHT,core,platt,fixed_budget,LightGBM,delta_tp,1928,-128.0
paysim,3,P_WEIGHT,core,platt,fixed_budget,LightGBM,delta_tp,1929,147.4
paysim,3,P_WEIGHT,core,platt,fixed_budget,LightGBM,delta_tp,1930,106.0
paysim,3,P_WEIGHT,core,platt,fixed_budget,LightGBM,delta_tp,1931,-31.4
paysim,3,P_WEIGHT,core,platt,fixed_budget,LightGBM,delta_tp,1932,626.2
paysim,3,P_WEIGHT,core,platt,fixed_budget,LightGBM,delta_tp,1933,-18.6
paysim,3,P_WEIGHT,core,platt,fixed_budget,LightGBM,delta_tp,1934,-96.4
paysim,3,P_WEIGHT,core,platt,fixed_budget,LightGBM,delta_tp,1935,40.8
paysim,3,P_WEIGHT,core,platt,fixed_budget,LightGBM,delta_tp,1936,286.2
paysim,3,P_WEIGHT,core,platt,fixed_budget,LightGBM,delta_tp,1937,284.8
paysim,3,P_WEIGHT,core,platt,fixed_budget,LightGBM,delta_tp,1938,22.6
paysim,3,P_WEIGHT,core,platt,fixed_budget,LightGBM,delta_tp,1939,-93.0
paysim,3,P_WEIGHT,core,platt,fixed_budget,LightGBM,delta_tp,1940,-112.4
paysim,3,P_WEIGHT,core,platt,fixed_budget,LightGBM,delta_tp,1941,525.2
paysim,3,P_WEIGHT,core,platt,fixed_budget,LightGBM,delta_tp,1942,-155.6
paysim,3,P_WEIGHT,core,platt,fixed_budget,LightGBM,delta_tp,1943,166.2
paysim,3,P_WEIGHT,core,platt,fixed_budget,LightGBM,delta_tp,1944,82.6
paysim,3,P_WEIGHT,core,platt,fixed_budget,LightGBM,delta_tp,1945,-70.6
paysim,3,P_WEIGHT,core,platt,fixed_budget,LightGBM,delta_tp,1946,-116.0
paysim,3,P_WEIGHT,core,platt,fixed_budget,LightGBM,delta_tp,1947,37.6
paysim,3,P_WEIGHT,core,platt,fixed_budget,LightGBM,delta_tp,1948,244.6
paysim,3,P_WEIGHT,core,platt,fixed_budget,LightGBM,delta_tp,1949,665.2
paysim,3,P_WEIGHT,core,platt,fixed_budget,LightGBM,delta_tp,1950,665.2
paysim,3,P_WEIGHT,core,platt,fixed_budget,LightGBM,delta_tp,1951,7.8
paysim,3,P_WEIGHT,core,platt,fixed_budget,LightGBM,delta_tp,1952,327.0
paysim,3,P_WEIGHT,core,platt,fixed_budget,LightGBM,delta_tp,1953,101.2
paysim,3,P_WEIGHT,core,platt,fixed_budget,LightGBM,delta_tp,1954,-66.8
paysim,3,P_WEIGHT,core,platt,fixed_budget,LightGBM,delta_tp,1955,374.6
paysim,3,P_WEIGHT,core,platt,fixed_budget,LightGBM,delta_tp,1956,42.4
paysim,3,P_WEIGHT,core,platt,fixed_budget,LightGBM,delta_tp,1957,243.6
paysim,3,P_WEIGHT,core,platt,fixed_budget,LightGBM,delta_tp,1958,-151.8
paysim,3,P_WEIGHT,core,platt,fixed_budget,LightGBM,delta_tp,1959,-0.6
paysim,3,P_WEIGHT,core,platt,fixed_budget,LightGBM,delta_tp,1960,317.6
paysim,3,P_WEIGHT,core,platt,fixed_budget,LightGBM,delta_tp,1961,136.0
paysim,3,P_WEIGHT,core,platt,fixed_budget,LightGBM,delta_tp,1962,269.0
paysim,3,P_WEIGHT,core,platt,fixed_budget,LightGBM,delta_tp,1963,153.2
paysim,3,P_WEIGHT,core,platt,fixed_budget,LightGBM,delta_tp,1964,252.0
paysim,3,P_WEIGHT,core,platt,fixed_budget,LightGBM,delta_tp,1965,-75.6
paysim,3,P_WEIGHT,core,platt,fixed_budget,LightGBM,delta_tp,1966,457.0
paysim,3,P_WEIGHT,core,platt,fixed_budget,LightGBM,delta_tp,1967,129.8
paysim,3,P_WEIGHT,core,platt,fixed_budget,LightGBM,delta_tp,1968,245.0
paysim,3,P_WEIGHT,core,platt,fixed_budget,LightGBM,delta_tp,1969,15.8
paysim,3,P_WEIGHT,core,platt,fixed_budget,LightGBM,delta_tp,1970,-55.4
paysim,3,P_WEIGHT,core,platt,fixed_budget,LightGBM,delta_tp,1971,-136.8
paysim,3,P_WEIGHT,core,platt,fixed_budget,LightGBM,delta_tp,1972,-139.8
paysim,3,P_WEIGHT,core,platt,fixed_budget,LightGBM,delta_tp,1973,-88.6
paysim,3,P_WEIGHT,core,platt,fixed_budget,LightGBM,delta_tp,1974,-121.2
paysim,3,P_WEIGHT,core,platt,fixed_budget,LightGBM,delta_tp,1975,-0.2
paysim,3,P_WEIGHT,core,platt,fixed_budget,LightGBM,delta_tp,1976,273.2
paysim,3,P_WEIGHT,core,platt,fixed_budget,LightGBM,delta_tp,1977,548.2
paysim,3,P_WEIGHT,core,platt,fixed_budget,LightGBM,delta_tp,1978,276.2
paysim,3,P_WEIGHT,core,platt,fixed_budget,LightGBM,delta_tp,1979,-46.6
paysim,3,P_WEIGHT,core,platt,fixed_budget,LightGBM,delta_tp,1980,-166.0
paysim,3,P_WEIGHT,core,platt,fixed_budget,LightGBM,delta_tp,1981,31.6
paysim,3,P_WEIGHT,core,platt,fixed_budget,LightGBM,delta_tp,1982,310.2
paysim,3,P_WEIGHT,core,platt,fixed_budget,LightGBM,delta_tp,1983,712.8
paysim,3,P_WEIGHT,core,platt,fixed_budget,LightGBM,delta_tp,1984,-108.4
paysim,3,P_WEIGHT,core,platt,fixed_budget,LightGBM,delta_tp,1985,119.6
paysim,3,P_WEIGHT,core,platt,fixed_budget,LightGBM,delta_tp,1986,-92.2
paysim,3,P_WEIGHT,core,platt,fixed_budget,LightGBM,delta_tp,1987,538.2
paysim,3,P_WEIGHT,core,platt,fixed_budget,LightGBM,delta_tp,1988,650.8
paysim,3,P_WEIGHT,core,platt,fixed_budget,LightGBM,delta_tp,1989,361.4
paysim,3,P_WEIGHT,core,platt,fixed_budget,LightGBM,delta_tp,1990,1088.4
paysim,3,P_WEIGHT,core,platt,fixed_budget,LightGBM,delta_tp,1991,102.2
paysim,3,P_WEIGHT,core,platt,fixed_budget,LightGBM,delta_tp,1992,-124.2
paysim,3,P_WEIGHT,core,platt,fixed_budget,LightGBM,delta_tp,1993,111.6
paysim,3,P_WEIGHT,core,platt,fixed_budget,LightGBM,delta_tp,1994,-133.0
paysim,3,P_WEIGHT,core,platt,fixed_budget,LightGBM,delta_tp,1995,-136.4
paysim,3,P_WEIGHT,core,platt,fixed_budget,LightGBM,delta_tp,1996,200.6
paysim,3,P_WEIGHT,core,platt,fixed_budget,LightGBM,delta_tp,1997,194.2
paysim,3,P_WEIGHT,core,platt,fixed_budget,LightGBM,delta_tp,1998,91.0
paysim,3,P_WEIGHT,core,platt,fixed_budget,LightGBM,delta_tp,1999,338.6
paysim,3,P_WEIGHT,core,platt,fixed_budget,LightGBM,delta_tp,2000,556.0
paysim,3,P_WEIGHT,core,platt,fixed_budget,LightGBM,delta_tp,2001,853.8
paysim,3,P_WEIGHT,core,platt,fixed_budget,LightGBM,delta_tp,2002,528.0
paysim,3,P_WEIGHT,core,platt,fixed_budget,LightGBM,delta_tp,2003,108.6
paysim,3,P_WEIGHT,core,platt,fixed_budget,LightGBM,delta_tp,2004,164.2
paysim,3,P_WEIGHT,core,platt,fixed_budget,LightGBM,delta_tp,2005,-4.2
paysim,3,P_WEIGHT,core,platt,fixed_budget,LightGBM,delta_tp,2006,174.2
paysim,3,P_WEIGHT,core,platt,fixed_budget,LightGBM,delta_tp,2007,743.0
paysim,3,P_WEIGHT,core,platt,fixed_budget,LightGBM,delta_tp,2008,574.0
paysim,3,P_WEIGHT,core,platt,fixed_budget,LightGBM,delta_tp,2009,-11.2
paysim,3,P_WEIGHT,core,platt,fixed_budget,LightGBM,delta_tp,2010,215.0
paysim,3,P_WEIGHT,core,platt,fixed_budget,LightGBM,delta_tp,2011,72.0
paysim,3,P_WEIGHT,core,platt,fixed_budget,LightGBM,delta_tp,2012,71.8
paysim,3,P_WEIGHT,core,platt,fixed_budget,LightGBM,delta_tp,2013,264.6
paysim,3,P_WEIGHT,core,platt,fixed_budget,LightGBM,delta_tp,2014,36.0
paysim,3,P_WEIGHT,core,platt,fixed_budget,LightGBM,delta_tp,2015,307.4
paysim,3,P_WEIGHT,core,platt,fixed_budget,LightGBM,delta_tp,2016,449.6
paysim,3,P_WEIGHT,core,platt,fixed_budget,LightGBM,delta_tp,2017,213.8
paysim,3,P_WEIGHT,core,platt,fixed_budget,LightGBM,delta_tp,2018,102.0
paysim,3,P_WEIGHT,core,platt,fixed_budget,LightGBM,delta_tp,2019,-117.8
paysim,3,P_WEIGHT,core,platt,fixed_budget,LightGBM,delta_tp,2020,-191.4
paysim,3,P_WEIGHT,core,platt,fixed_budget,LightGBM,delta_tp,2021,510.0
paysim,3,P_WEIGHT,core,platt,fixed_budget,LightGBM,delta_tp,2022,185.4
paysim,3,P_WEIGHT,core,platt,fixed_budget,LightGBM,delta_tp,2023,23.6
paysim,3,P_WEIGHT,core,platt,fixed_budget,LightGBM,delta_tp,2024,93.0
paysim,3,P_WEIGHT,core,platt,fixed_budget,LightGBM,delta_tp,2025,516.4
paysim,3,P_WEIGHT,core,platt,fixed_budget,LightGBM,delta_tp,2026,154.8
paysim,3,P_WEIGHT,core,platt,fixed_budget,LightGBM,delta_tp,2027,-138.6
paysim,3,P_WEIGHT,core,platt,fixed_budget,LightGBM,delta_tp,2028,503.4
paysim,3,P_WEIGHT,core,platt,fixed_budget,LightGBM,delta_tp,2029,51.4
paysim,3,P_WEIGHT,core,platt,fixed_budget,LightGBM,delta_tp,2030,-155.2
paysim,3,P_WEIGHT,core,platt,fixed_budget,LightGBM,delta_tp,2031,253.0
paysim,3,P_WEIGHT,core,platt,fixed_budget,LightGBM,delta_tp,2032,-9.6
paysim,3,P_WEIGHT,core,platt,fixed_budget,LightGBM,delta_tp,2033,99.6
paysim,3,P_WEIGHT,core,platt,fixed_budget,LightGBM,delta_tp,2034,43.0
paysim,3,P_WEIGHT,core,platt,fixed_budget,LightGBM,delta_tp,2035,146.4
paysim,3,P_WEIGHT,core,platt,fixed_budget,LightGBM,delta_tp,2036,-124.2
paysim,3,P_WEIGHT,core,platt,fixed_budget,LightGBM,delta_tp,2037,388.2
paysim,3,P_WEIGHT,core,platt,fixed_budget,LightGBM,delta_tp,2038,230.6
paysim,3,P_WEIGHT,core,platt,fixed_budget,LightGBM,delta_tp,2039,675.4
paysim,3,P_WEIGHT,core,platt,fixed_budget,LightGBM,delta_tp,2040,371.8
paysim,3,P_WEIGHT,core,platt,fixed_budget,LightGBM,delta_tp,2041,288.4
paysim,3,P_WEIGHT,core,platt,fixed_budget,LightGBM,delta_tp,2042,-65.0
paysim,3,P_WEIGHT,core,platt,fixed_budget,LightGBM,delta_tp,2043,739.6
paysim,3,P_WEIGHT,core,platt,fixed_budget,LightGBM,delta_tp,2044,-150.6
paysim,3,P_WEIGHT,core,platt,fixed_budget,LightGBM,delta_tp,2045,129.8
paysim,3,P_WEIGHT,core,platt,fixed_budget,LightGBM,delta_tp,2046,737.0
paysim,3,P_WEIGHT,core,platt,fixed_budget,LightGBM,delta_tp,2047,256.4
paysim,3,P_WEIGHT,core,platt,fixed_budget,LightGBM,delta_tp,2048,248.2
paysim,3,P_WEIGHT,core,platt,fixed_budget,LightGBM,delta_tp,2049,308.4
paysim,3,P_WEIGHT,core,platt,fixed_budget,LightGBM,delta_tp,2050,-25.8
paysim,3,P_WEIGHT,core,platt,fixed_budget,LightGBM,delta_tp,2051,318.0
paysim,3,P_WEIGHT,core,platt,fixed_budget,LightGBM,delta_tp,2052,252.2
paysim,3,P_WEIGHT,core,platt,fixed_budget,LightGBM,delta_tp,2053,199.8
paysim,3,P_WEIGHT,core,platt,fixed_budget,LightGBM,delta_tp,2054,-155.6
paysim,3,P_WEIGHT,core,platt,fixed_budget,LightGBM,delta_tp,2055,-178.8
paysim,3,P_WEIGHT,core,platt,fixed_budget,LightGBM,delta_tp,2056,15.0
paysim,3,P_WEIGHT,core,platt,fixed_budget,LightGBM,delta_tp,2057,-113.4
paysim,3,P_WEIGHT,core,platt,fixed_budget,LightGBM,delta_tp,2058,-92.0
paysim,3,P_WEIGHT,core,platt,fixed_budget,LightGBM,delta_tp,2059,121.4
paysim,3,P_WEIGHT,core,platt,fixed_budget,LightGBM,delta_tp,2060,266.2
paysim,3,P_WEIGHT,core,platt,fixed_budget,LightGBM,delta_tp,2061,98.0
paysim,3,P_WEIGHT,core,platt,fixed_budget,LightGBM,delta_tp,2062,392.2
paysim,3,P_WEIGHT,core,platt,fixed_budget,LightGBM,delta_tp,2063,28.2
paysim,3,P_WEIGHT,core,platt,fixed_budget,LightGBM,delta_tp,2064,488.4
paysim,3,P_WEIGHT,core,platt,fixed_budget,LightGBM,delta_tp,2065,234.4
paysim,3,P_WEIGHT,core,platt,fixed_budget,LightGBM,delta_tp,2066,96.8
paysim,3,P_WEIGHT,core,platt,fixed_budget,LightGBM,delta_tp,2067,265.6
paysim,3,P_WEIGHT,core,platt,fixed_budget,LightGBM,delta_tp,2068,-114.8
paysim,3,P_WEIGHT,core,platt,fixed_budget,LightGBM,delta_tp,2069,177.4
paysim,3,P_WEIGHT,core,platt,fixed_budget,LightGBM,delta_tp,2070,65.2
paysim,3,P_WEIGHT,core,platt,fixed_budget,LightGBM,delta_tp,2071,203.6
paysim,3,P_WEIGHT,core,platt,fixed_budget,LightGBM,delta_tp,2072,-5.6
paysim,3,P_WEIGHT,core,platt,fixed_budget,LightGBM,delta_tp,2073,484.0
paysim,3,P_WEIGHT,core,platt,fixed_budget,LightGBM,delta_tp,2074,5.4
paysim,3,P_WEIGHT,core,platt,fixed_budget,LightGBM,delta_tp,2075,-119.6
paysim,3,P_WEIGHT,core,platt,fixed_budget,LightGBM,delta_tp,2076,336.0
paysim,3,P_WEIGHT,core,platt,fixed_budget,LightGBM,delta_tp,2077,19.2
paysim,3,P_WEIGHT,core,platt,fixed_budget,LightGBM,delta_tp,2078,366.4
paysim,3,P_WEIGHT,core,platt,fixed_budget,LightGBM,delta_tp,2079,215.8
paysim,3,P_WEIGHT,core,platt,fixed_budget,LightGBM,delta_tp,2080,-177.4
paysim,3,P_WEIGHT,core,platt,fixed_budget,LightGBM,delta_tp,2081,450.8
paysim,3,P_WEIGHT,core,platt,fixed_budget,LightGBM,delta_tp,2082,347.8
paysim,3,P_WEIGHT,core,platt,fixed_budget,LightGBM,delta_tp,2083,53.6
paysim,3,P_WEIGHT,core,platt,fixed_budget,LightGBM,delta_tp,2084,234.8
paysim,3,P_WEIGHT,core,platt,fixed_budget,LightGBM,delta_tp,2085,161.6
paysim,3,P_WEIGHT,core,platt,fixed_budget,LightGBM,delta_tp,2086,64.2
paysim,3,P_WEIGHT,core,platt,fixed_budget,LightGBM,delta_tp,2087,362.4
paysim,3,P_WEIGHT,core,platt,fixed_budget,LightGBM,delta_tp,2088,856.2
paysim,3,P_WEIGHT,core,platt,fixed_budget,LightGBM,delta_tp,2089,-103.6
paysim,3,P_WEIGHT,core,platt,fixed_budget,LightGBM,delta_tp,2090,-61.0
paysim,3,P_WEIGHT,core,platt,fixed_budget,LightGBM,delta_tp,2091,17.6
paysim,3,P_WEIGHT,core,platt,fixed_budget,LightGBM,delta_tp,2092,-11.4
paysim,3,P_WEIGHT,core,platt,fixed_budget,LightGBM,delta_tp,2093,627.0
paysim,3,P_WEIGHT,core,platt,fixed_budget,LightGBM,delta_tp,2094,280.6
paysim,3,P_WEIGHT,core,platt,fixed_budget,LightGBM,delta_tp,2095,159.6
paysim,3,P_WEIGHT,core,platt,fixed_budget,LightGBM,delta_tp,2096,-144.6
paysim,3,P_WEIGHT,core,platt,fixed_budget,LightGBM,delta_tp,2097,416.8
paysim,3,P_WEIGHT,core,platt,fixed_budget,LightGBM,delta_tp,2098,261.8
paysim,3,P_WEIGHT,core,platt,fixed_budget,LightGBM,delta_tp,2099,569.4
paysim,3,P_WEIGHT,core,platt,fixed_budget,LightGBM,delta_tp,2100,211.6
paysim,3,P_WEIGHT,core,platt,fixed_budget,LightGBM,delta_tp,2101,36.6
paysim,3,P_WEIGHT,core,platt,fixed_budget,LightGBM,delta_tp,2102,434.6
paysim,3,P_WEIGHT,core,platt,fixed_budget,LightGBM,delta_tp,2103,429.8
paysim,3,P_WEIGHT,core,platt,fixed_budget,LightGBM,delta_tp,2104,248.8
paysim,3,P_WEIGHT,core,platt,fixed_budget,LightGBM,delta_tp,2105,-10.6
paysim,3,P_WEIGHT,core,platt,fixed_budget,LightGBM,delta_tp,2106,-85.2
paysim,3,P_WEIGHT,core,platt,fixed_budget,LightGBM,delta_tp,2107,-28.8
paysim,3,P_WEIGHT,core,platt,fixed_budget,LightGBM,delta_tp,2108,-4.0
paysim,3,P_WEIGHT,core,platt,fixed_budget,LightGBM,delta_tp,2109,331.2
paysim,3,P_WEIGHT,core,platt,fixed_budget,LightGBM,delta_tp,2110,71.6
paysim,3,P_WEIGHT,core,platt,fixed_budget,LightGBM,delta_tp,2111,308.2
paysim,3,P_WEIGHT,core,platt,fixed_budget,LightGBM,delta_tp,2112,186.8
paysim,3,P_WEIGHT,core,platt,fixed_budget,LightGBM,delta_tp,2113,-1.8
paysim,3,P_WEIGHT,core,platt,fixed_budget,LightGBM,delta_tp,2114,208.8
paysim,3,P_WEIGHT,core,platt,fixed_budget,LightGBM,delta_tp,2115,-140.6
paysim,3,P_WEIGHT,core,platt,fixed_budget,LightGBM,delta_tp,2116,373.6
paysim,3,P_WEIGHT,core,platt,fixed_budget,LightGBM,delta_tp,2117,-41.4
paysim,3,P_WEIGHT,core,platt,fixed_budget,LightGBM,delta_tp,2118,-133.6
paysim,3,P_WEIGHT,core,platt,fixed_budget,LightGBM,delta_tp,2119,-133.2
paysim,3,P_WEIGHT,core,platt,fixed_budget,LightGBM,delta_tp,2120,66.6
paysim,3,P_WEIGHT,core,platt,fixed_budget,LightGBM,delta_tp,2121,-57.4
paysim,3,P_WEIGHT,core,platt,fixed_budget,LightGBM,delta_tp,2122,101.2
paysim,3,P_WEIGHT,core,platt,fixed_budget,LightGBM,delta_tp,2123,-179.4
paysim,3,P_WEIGHT,core,platt,fixed_budget,LightGBM,delta_tp,2124,291.6
paysim,3,P_WEIGHT,core,platt,fixed_budget,LightGBM,delta_tp,2125,595.8
paysim,3,P_WEIGHT,core,platt,fixed_budget,LightGBM,delta_tp,2126,-151.8
paysim,3,P_WEIGHT,core,platt,fixed_budget,LightGBM,delta_tp,2127,125.2
paysim,3,P_WEIGHT,core,platt,fixed_budget,LightGBM,delta_tp,2128,-3.6
paysim,3,P_WEIGHT,core,platt,fixed_budget,LightGBM,delta_tp,2129,276.4
paysim,3,P_WEIGHT,core,platt,fixed_budget,LightGBM,delta_tp,2130,188.6
paysim,3,P_WEIGHT,core,platt,fixed_budget,LightGBM,delta_tp,2131,-105.6
paysim,3,P_WEIGHT,core,platt,fixed_budget,LightGBM,delta_tp,2132,-27.0
paysim,3,P_WEIGHT,core,platt,fixed_budget,LightGBM,delta_tp,2133,-32.6
paysim,3,P_WEIGHT,core,platt,fixed_budget,LightGBM,delta_tp,2134,414.8
paysim,3,P_WEIGHT,core,platt,fixed_budget,LightGBM,delta_tp,2135,70.6
paysim,3,P_WEIGHT,core,platt,fixed_budget,LightGBM,delta_tp,2136,162.2
paysim,3,P_WEIGHT,core,platt,fixed_budget,LightGBM,delta_tp,2137,354.8
paysim,3,P_WEIGHT,core,platt,fixed_budget,LightGBM,delta_tp,2138,0.6
paysim,3,P_WEIGHT,core,platt,fixed_budget,LightGBM,delta_tp,2139,-169.6
paysim,3,P_WEIGHT,core,platt,fixed_budget,LightGBM,delta_tp,2140,16.0
paysim,3,P_WEIGHT,core,platt,fixed_budget,LightGBM,delta_tp,2141,320.8
paysim,3,P_WEIGHT,core,platt,fixed_budget,LightGBM,delta_tp,2142,272.8
paysim,3,P_WEIGHT,core,platt,fixed_budget,LightGBM,delta_tp,2143,-118.6
paysim,3,P_WEIGHT,core,platt,fixed_budget,LightGBM,delta_tp,2144,-119.4
paysim,3,P_WEIGHT,core,platt,fixed_budget,LightGBM,delta_tp,2145,754.8
paysim,3,P_WEIGHT,core,platt,fixed_budget,LightGBM,delta_tp,2146,-114.8
paysim,3,P_WEIGHT,core,platt,fixed_budget,LightGBM,delta_tp,2147,286.4
paysim,3,P_WEIGHT,core,platt,fixed_budget,LightGBM,delta_tp,2148,477.8
paysim,3,P_WEIGHT,core,platt,fixed_budget,LightGBM,delta_tp,2149,74.4
paysim,3,P_WEIGHT,core,platt,fixed_budget,LightGBM,delta_tp,2150,20.2
paysim,3,P_WEIGHT,core,platt,fixed_budget,LightGBM,delta_tp,2151,31.4
paysim,3,P_WEIGHT,core,platt,fixed_budget,LightGBM,delta_tp,2152,1.4
paysim,3,P_WEIGHT,core,platt,fixed_budget,LightGBM,delta_tp,2153,607.6
paysim,3,P_WEIGHT,core,platt,fixed_budget,LightGBM,delta_tp,2154,57.0
paysim,3,P_WEIGHT,core,platt,fixed_budget,LightGBM,delta_tp,2155,217.0
paysim,3,P_WEIGHT,core,platt,fixed_budget,LightGBM,delta_tp,2156,109.4
paysim,3,P_WEIGHT,core,platt,fixed_budget,LightGBM,delta_tp,2157,445.8
paysim,3,P_WEIGHT,core,platt,fixed_budget,LightGBM,delta_tp,2158,-41.8
paysim,3,P_WEIGHT,core,platt,fixed_budget,LightGBM,delta_tp,2159,352.4
paysim,3,P_WEIGHT,core,platt,fixed_budget,LightGBM,delta_tp,2160,32.4
paysim,3,P_WEIGHT,core,platt,fixed_budget,LightGBM,delta_tp,2161,624.0
paysim,3,P_WEIGHT,core,platt,fixed_budget,LightGBM,delta_tp,2162,281.2
paysim,3,P_WEIGHT,core,platt,fixed_budget,LightGBM,delta_tp,2163,718.4
paysim,3,P_WEIGHT,core,platt,fixed_budget,LightGBM,delta_tp,2164,177.6
paysim,3,P_WEIGHT,core,platt,fixed_budget,LightGBM,delta_tp,2165,241.8
paysim,3,P_WEIGHT,core,platt,fixed_budget,LightGBM,delta_tp,2166,203.6
paysim,3,P_WEIGHT,core,platt,fixed_budget,LightGBM,delta_tp,2167,779.6
paysim,3,P_WEIGHT,core,platt,fixed_budget,LightGBM,delta_tp,2168,306.0
paysim,3,P_WEIGHT,core,platt,fixed_budget,LightGBM,delta_tp,2169,174.8
paysim,3,P_WEIGHT,core,platt,fixed_budget,LightGBM,delta_tp,2170,42.6
paysim,3,P_WEIGHT,core,platt,fixed_budget,LightGBM,delta_tp,2171,-30.4
paysim,3,P_WEIGHT,core,platt,fixed_budget,LightGBM,delta_tp,2172,552.2
paysim,3,P_WEIGHT,core,platt,fixed_budget,LightGBM,delta_tp,2173,-101.2
paysim,3,P_WEIGHT,core,platt,fixed_budget,LightGBM,delta_tp,2174,419.8
paysim,3,P_WEIGHT,core,platt,fixed_budget,LightGBM,delta_tp,2175,645.6
paysim,3,P_WEIGHT,core,platt,fixed_budget,LightGBM,delta_tp,2176,286.0
paysim,3,P_WEIGHT,core,platt,fixed_budget,LightGBM,delta_tp,2177,331.6
paysim,3,P_WEIGHT,core,platt,fixed_budget,LightGBM,delta_tp,2178,-151.4
paysim,3,P_WEIGHT,core,platt,fixed_budget,LightGBM,delta_tp,2179,263.0
paysim,3,P_WEIGHT,core,platt,fixed_budget,LightGBM,delta_tp,2180,666.6
paysim,3,P_WEIGHT,core,platt,fixed_budget,LightGBM,delta_tp,2181,392.8
paysim,3,P_WEIGHT,core,platt,fixed_budget,LightGBM,delta_tp,2182,684.0
paysim,3,P_WEIGHT,core,platt,fixed_budget,LightGBM,delta_tp,2183,29.2
paysim,3,P_WEIGHT,core,platt,fixed_budget,LightGBM,delta_tp,2184,-70.0
paysim,3,P_WEIGHT,core,platt,fixed_budget,LightGBM,delta_tp,2185,338.8
paysim,3,P_WEIGHT,core,platt,fixed_budget,LightGBM,delta_tp,2186,-145.8
paysim,3,P_WEIGHT,core,platt,fixed_budget,LightGBM,delta_tp,2187,151.2
paysim,3,P_WEIGHT,core,platt,fixed_budget,LightGBM,delta_tp,2188,-213.4
paysim,3,P_WEIGHT,core,platt,fixed_budget,LightGBM,delta_tp,2189,292.4
paysim,3,P_WEIGHT,core,platt,fixed_budget,LightGBM,delta_tp,2190,623.0
paysim,3,P_WEIGHT,core,platt,fixed_budget,LightGBM,delta_tp,2191,645.8
paysim,3,P_WEIGHT,core,platt,fixed_budget,LightGBM,delta_tp,2192,288.2
paysim,3,P_WEIGHT,core,platt,fixed_budget,LightGBM,delta_tp,2193,579.6
paysim,3,P_WEIGHT,core,platt,fixed_budget,LightGBM,delta_tp,2194,325.4
paysim,3,P_WEIGHT,core,platt,fixed_budget,LightGBM,delta_tp,2195,534.6
paysim,3,P_WEIGHT,core,platt,fixed_budget,LightGBM,delta_tp,2196,-20.0
paysim,3,P_WEIGHT,core,platt,fixed_budget,LightGBM,delta_tp,2197,-147.6
paysim,3,P_WEIGHT,core,platt,fixed_budget,LightGBM,delta_tp,2198,74.6
paysim,3,P_WEIGHT,core,platt,fixed_budget,LightGBM,delta_tp,2199,30.2
paysim,3,P_WEIGHT,core,platt,fixed_budget,LightGBM,delta_tp,2200,-19.2
paysim,3,P_WEIGHT,core,platt,fixed_budget,LightGBM,delta_tp,2201,293.2
paysim,3,P_WEIGHT,core,platt,fixed_budget,LightGBM,delta_tp,2202,34.8
paysim,3,P_WEIGHT,core,platt,fixed_budget,LightGBM,delta_tp,2203,167.8
paysim,3,P_WEIGHT,core,platt,fixed_budget,LightGBM,delta_tp,2204,285.8
paysim,3,P_WEIGHT,core,platt,fixed_budget,LightGBM,delta_tp,2205,237.0
paysim,3,P_WEIGHT,core,platt,fixed_budget,LightGBM,delta_tp,2206,501.0
paysim,3,P_WEIGHT,core,platt,fixed_budget,LightGBM,delta_tp,2207,668.4
paysim,3,P_WEIGHT,core,platt,fixed_budget,LightGBM,delta_tp,2208,478.0
paysim,3,P_WEIGHT,core,platt,fixed_budget,LightGBM,delta_tp,2209,-37.4
paysim,3,P_WEIGHT,core,platt,fixed_budget,LightGBM,delta_tp,2210,-76.4
paysim,3,P_WEIGHT,core,platt,fixed_budget,LightGBM,delta_tp,2211,250.2
paysim,3,P_WEIGHT,core,platt,fixed_budget,LightGBM,delta_tp,2212,549.0
paysim,3,P_WEIGHT,core,platt,fixed_budget,LightGBM,delta_tp,2213,731.0
paysim,3,P_WEIGHT,core,platt,fixed_budget,LightGBM,delta_tp,2214,-68.4
paysim,3,P_WEIGHT,core,platt,fixed_budget,LightGBM,delta_tp,2215,71.2
paysim,3,P_WEIGHT,core,platt,fixed_budget,LightGBM,delta_tp,2216,321.4
paysim,3,P_WEIGHT,core,platt,fixed_budget,LightGBM,delta_tp,2217,84.6
paysim,3,P_WEIGHT,core,platt,fixed_budget,LightGBM,delta_tp,2218,285.6
paysim,3,P_WEIGHT,core,platt,fixed_budget,LightGBM,delta_tp,2219,-109.8
paysim,3,P_WEIGHT,core,platt,fixed_budget,LightGBM,delta_tp,2220,493.0
paysim,3,P_WEIGHT,core,platt,fixed_budget,LightGBM,delta_tp,2221,321.6
paysim,3,P_WEIGHT,core,platt,fixed_budget,LightGBM,delta_tp,2222,312.0
paysim,3,P_WEIGHT,core,platt,fixed_budget,LightGBM,delta_tp,2223,703.4
paysim,3,P_WEIGHT,core,platt,fixed_budget,LightGBM,delta_tp,2224,242.8
paysim,3,P_WEIGHT,core,platt,fixed_budget,LightGBM,delta_tp,2225,-170.2
paysim,3,P_WEIGHT,core,platt,fixed_budget,LightGBM,delta_tp,2226,-135.2
paysim,3,P_WEIGHT,core,platt,fixed_budget,LightGBM,delta_tp,2227,205.0
paysim,3,P_WEIGHT,core,platt,fixed_budget,LightGBM,delta_tp,2228,-11.6
paysim,3,P_WEIGHT,core,platt,fixed_budget,LightGBM,delta_tp,2229,184.2
paysim,3,P_WEIGHT,core,platt,fixed_budget,LightGBM,delta_tp,2230,-8.8
paysim,3,P_WEIGHT,core,platt,fixed_budget,LightGBM,delta_tp,2231,295.4
paysim,3,P_WEIGHT,core,platt,fixed_budget,LightGBM,delta_tp,2232,120.2
paysim,3,P_WEIGHT,core,platt,fixed_budget,LightGBM,delta_tp,2233,105.4
paysim,3,P_WEIGHT,core,platt,fixed_budget,LightGBM,delta_tp,2234,-166.6
paysim,3,P_WEIGHT,core,platt,fixed_budget,LightGBM,delta_tp,2235,-141.4
paysim,3,P_WEIGHT,core,platt,fixed_budget,LightGBM,delta_tp,2236,133.8
paysim,3,P_WEIGHT,core,platt,fixed_budget,LightGBM,delta_tp,2237,677.4
paysim,3,P_WEIGHT,core,platt,fixed_budget,LightGBM,delta_tp,2238,313.4
paysim,3,P_WEIGHT,core,platt,fixed_budget,LightGBM,delta_tp,2239,-67.2
paysim,3,P_WEIGHT,core,platt,fixed_budget,LightGBM,delta_tp,2240,60.2
paysim,3,P_WEIGHT,core,platt,fixed_budget,LightGBM,delta_tp,2241,-96.4
paysim,3,P_WEIGHT,core,platt,fixed_budget,LightGBM,delta_tp,2242,359.2
paysim,3,P_WEIGHT,core,platt,fixed_budget,LightGBM,delta_tp,2243,212.8
paysim,3,P_WEIGHT,core,platt,fixed_budget,LightGBM,delta_tp,2244,292.0
paysim,3,P_WEIGHT,core,platt,fixed_budget,LightGBM,delta_tp,2245,202.0
paysim,3,P_WEIGHT,core,platt,fixed_budget,LightGBM,delta_tp,2246,199.8
paysim,3,P_WEIGHT,core,platt,fixed_budget,LightGBM,delta_tp,2247,509.4
paysim,3,P_WEIGHT,core,platt,fixed_budget,LightGBM,delta_tp,2248,-116.4
paysim,3,P_WEIGHT,core,platt,fixed_budget,LightGBM,delta_tp,2249,274.4
paysim,3,P_WEIGHT,core,platt,fixed_budget,LightGBM,delta_tp,2250,-128.4
paysim,3,P_WEIGHT,core,platt,fixed_budget,LightGBM,delta_tp,2251,150.8
paysim,3,P_WEIGHT,core,platt,fixed_budget,LightGBM,delta_tp,2252,-131.0
paysim,3,P_WEIGHT,core,platt,fixed_budget,LightGBM,delta_tp,2253,11.0
paysim,3,P_WEIGHT,core,platt,fixed_budget,LightGBM,delta_tp,2254,-65.0
paysim,3,P_WEIGHT,core,platt,fixed_budget,LightGBM,delta_tp,2255,7.6
paysim,3,P_WEIGHT,core,platt,fixed_budget,LightGBM,delta_tp,2256,10.8
paysim,3,P_WEIGHT,core,platt,fixed_budget,LightGBM,delta_tp,2257,713.4
paysim,3,P_WEIGHT,core,platt,fixed_budget,LightGBM,delta_tp,2258,388.4
paysim,3,P_WEIGHT,core,platt,fixed_budget,LightGBM,delta_tp,2259,403.6
paysim,3,P_WEIGHT,core,platt,fixed_budget,LightGBM,delta_tp,2260,-12.4
paysim,3,P_WEIGHT,core,platt,fixed_budget,LightGBM,delta_tp,2261,-140.6
paysim,3,P_WEIGHT,core,platt,fixed_budget,LightGBM,delta_tp,2262,235.6
paysim,3,P_WEIGHT,core,platt,fixed_budget,LightGBM,delta_tp,2263,755.4
paysim,3,P_WEIGHT,core,platt,fixed_budget,LightGBM,delta_tp,2264,78.8
paysim,3,P_WEIGHT,core,platt,fixed_budget,LightGBM,delta_tp,2265,294.4
paysim,3,P_WEIGHT,core,platt,fixed_budget,LightGBM,delta_tp,2266,186.6
paysim,3,P_WEIGHT,core,platt,fixed_budget,LightGBM,delta_tp,2267,355.4
paysim,3,P_WEIGHT,core,platt,fixed_budget,LightGBM,delta_tp,2268,239.2
paysim,3,P_WEIGHT,core,platt,fixed_budget,LightGBM,delta_tp,2269,241.0
paysim,3,P_WEIGHT,core,platt,fixed_budget,LightGBM,delta_tp,2270,652.8
paysim,3,P_WEIGHT,core,platt,fixed_budget,LightGBM,delta_tp,2271,0.6
paysim,3,P_WEIGHT,core,platt,fixed_budget,LightGBM,delta_tp,2272,583.2
paysim,3,P_WEIGHT,core,platt,fixed_budget,LightGBM,delta_tp,2273,182.6
paysim,3,P_WEIGHT,core,platt,fixed_budget,LightGBM,delta_tp,2274,718.2
paysim,3,P_WEIGHT,core,platt,fixed_budget,LightGBM,delta_tp,2275,-95.2
paysim,3,P_WEIGHT,core,platt,fixed_budget,LightGBM,delta_tp,2276,178.4
paysim,3,P_WEIGHT,core,platt,fixed_budget,LightGBM,delta_tp,2277,622.4
paysim,3,P_WEIGHT,core,platt,fixed_budget,LightGBM,delta_tp,2278,104.8
paysim,3,P_WEIGHT,core,platt,fixed_budget,LightGBM,delta_tp,2279,275.6
paysim,3,P_WEIGHT,core,platt,fixed_budget,LightGBM,delta_tp,2280,35.0
paysim,3,P_WEIGHT,core,platt,fixed_budget,LightGBM,delta_tp,2281,181.0
paysim,3,P_WEIGHT,core,platt,fixed_budget,LightGBM,delta_tp,2282,-176.4
paysim,3,P_WEIGHT,core,platt,fixed_budget,LightGBM,delta_tp,2283,-147.4
paysim,3,P_WEIGHT,core,platt,fixed_budget,LightGBM,delta_tp,2284,695.8
paysim,3,P_WEIGHT,core,platt,fixed_budget,LightGBM,delta_tp,2285,396.6
paysim,3,P_WEIGHT,core,platt,fixed_budget,LightGBM,delta_tp,2286,93.0
paysim,3,P_WEIGHT,core,platt,fixed_budget,LightGBM,delta_tp,2287,-41.0
paysim,3,P_WEIGHT,core,platt,fixed_budget,LightGBM,delta_tp,2288,299.4
paysim,3,P_WEIGHT,core,platt,fixed_budget,LightGBM,delta_tp,2289,-158.8
paysim,3,P_WEIGHT,core,platt,fixed_budget,LightGBM,delta_tp,2290,173.4
paysim,3,P_WEIGHT,core,platt,fixed_budget,LightGBM,delta_tp,2291,187.2
paysim,3,P_WEIGHT,core,platt,fixed_budget,LightGBM,delta_tp,2292,257.6
paysim,3,P_WEIGHT,core,platt,fixed_budget,LightGBM,delta_tp,2293,736.0
paysim,3,P_WEIGHT,core,platt,fixed_budget,LightGBM,delta_tp,2294,-82.4
paysim,3,P_WEIGHT,core,platt,fixed_budget,LightGBM,delta_tp,2295,275.4
paysim,3,P_WEIGHT,core,platt,fixed_budget,LightGBM,delta_tp,2296,-154.0
paysim,3,P_WEIGHT,core,platt,fixed_budget,LightGBM,delta_tp,2297,-78.4
paysim,3,P_WEIGHT,core,platt,fixed_budget,LightGBM,delta_tp,2298,157.8
paysim,3,P_WEIGHT,core,platt,fixed_budget,LightGBM,delta_tp,2299,-137.8
paysim,3,P_WEIGHT,core,platt,fixed_budget,LightGBM,delta_tp,2300,-168.8
paysim,3,P_WEIGHT,core,platt,fixed_budget,LightGBM,delta_tp,2301,645.4
paysim,3,P_WEIGHT,core,platt,fixed_budget,LightGBM,delta_tp,2302,225.2
paysim,3,P_WEIGHT,core,platt,fixed_budget,LightGBM,delta_tp,2303,-134.8
paysim,3,P_WEIGHT,core,platt,fixed_budget,LightGBM,delta_tp,2304,562.0
paysim,3,P_WEIGHT,core,platt,fixed_budget,LightGBM,delta_tp,2305,144.4
paysim,3,P_WEIGHT,core,platt,fixed_budget,LightGBM,delta_tp,2306,99.0
paysim,3,P_WEIGHT,core,platt,fixed_budget,LightGBM,delta_tp,2307,-137.2
paysim,3,P_WEIGHT,core,platt,fixed_budget,LightGBM,delta_tp,2308,92.6
paysim,3,P_WEIGHT,core,platt,fixed_budget,LightGBM,delta_tp,2309,1.6
paysim,3,P_WEIGHT,core,platt,fixed_budget,LightGBM,delta_tp,2310,-76.2
paysim,3,P_WEIGHT,core,platt,fixed_budget,LightGBM,delta_tp,2311,864.6
paysim,3,P_WEIGHT,core,platt,fixed_budget,LightGBM,delta_tp,2312,291.2
paysim,3,P_WEIGHT,core,platt,fixed_budget,LightGBM,delta_tp,2313,199.6
paysim,3,P_WEIGHT,core,platt,fixed_budget,LightGBM,delta_tp,2314,-40.6
paysim,3,P_WEIGHT,core,platt,fixed_budget,LightGBM,delta_tp,2315,384.2
paysim,3,P_WEIGHT,core,platt,fixed_budget,LightGBM,delta_tp,2316,285.4
paysim,3,P_WEIGHT,core,platt,fixed_budget,LightGBM,delta_tp,2317,130.2
paysim,3,P_WEIGHT,core,platt,fixed_budget,LightGBM,delta_tp,2318,250.6
paysim,3,P_WEIGHT,core,platt,fixed_budget,LightGBM,delta_tp,2319,367.6
paysim,3,P_WEIGHT,core,platt,fixed_budget,LightGBM,delta_tp,2320,86.4
paysim,3,P_WEIGHT,core,platt,fixed_budget,LightGBM,delta_tp,2321,332.8
paysim,3,P_WEIGHT,core,platt,fixed_budget,LightGBM,delta_tp,2322,109.4
paysim,3,P_WEIGHT,core,platt,fixed_budget,LightGBM,delta_tp,2323,86.8
paysim,3,P_WEIGHT,core,platt,fixed_budget,LightGBM,delta_tp,2324,198.2
paysim,3,P_WEIGHT,core,platt,fixed_budget,LightGBM,delta_tp,2325,-95.4
paysim,3,P_WEIGHT,core,platt,fixed_budget,LightGBM,delta_tp,2326,122.6
paysim,3,P_WEIGHT,core,platt,fixed_budget,LightGBM,delta_tp,2327,39.8
paysim,3,P_WEIGHT,core,platt,fixed_budget,LightGBM,delta_tp,2328,315.4
paysim,3,P_WEIGHT,core,platt,fixed_budget,LightGBM,delta_tp,2329,258.2
paysim,3,P_WEIGHT,core,platt,fixed_budget,LightGBM,delta_tp,2330,349.0
paysim,3,P_WEIGHT,core,platt,fixed_budget,LightGBM,delta_tp,2331,579.4
paysim,3,P_WEIGHT,core,platt,fixed_budget,LightGBM,delta_tp,2332,62.4
paysim,3,P_WEIGHT,core,platt,fixed_budget,LightGBM,delta_tp,2333,146.4
paysim,3,P_WEIGHT,core,platt,fixed_budget,LightGBM,delta_tp,2334,126.2
paysim,3,P_WEIGHT,core,platt,fixed_budget,LightGBM,delta_tp,2335,1100.8
paysim,3,P_WEIGHT,core,platt,fixed_budget,LightGBM,delta_tp,2336,630.8
paysim,3,P_WEIGHT,core,platt,fixed_budget,LightGBM,delta_tp,2337,-90.2
paysim,3,P_WEIGHT,core,platt,fixed_budget,LightGBM,delta_tp,2338,238.2
paysim,3,P_WEIGHT,core,platt,fixed_budget,LightGBM,delta_tp,2339,28.4
paysim,3,P_WEIGHT,core,platt,fixed_budget,LightGBM,delta_tp,2340,780.0
paysim,3,P_WEIGHT,core,platt,fixed_budget,LightGBM,delta_tp,2341,56.2
paysim,3,P_WEIGHT,core,platt,fixed_budget,LightGBM,delta_tp,2342,-21.8
paysim,3,P_WEIGHT,core,platt,fixed_budget,LightGBM,delta_tp,2343,-87.8
paysim,3,P_WEIGHT,core,platt,fixed_budget,LightGBM,delta_tp,2344,-66.0
paysim,3,P_WEIGHT,core,platt,fixed_budget,LightGBM,delta_tp,2345,261.0
paysim,3,P_WEIGHT,core,platt,fixed_budget,LightGBM,delta_tp,2346,-51.2
paysim,3,P_WEIGHT,core,platt,fixed_budget,LightGBM,delta_tp,2347,95.6
paysim,3,P_WEIGHT,core,platt,fixed_budget,LightGBM,delta_tp,2348,314.6
paysim,3,P_WEIGHT,core,platt,fixed_budget,LightGBM,delta_tp,2349,616.2
paysim,3,P_WEIGHT,core,platt,fixed_budget,LightGBM,delta_tp,2350,558.0
paysim,3,P_WEIGHT,core,platt,fixed_budget,LightGBM,delta_tp,2351,522.6
paysim,3,P_WEIGHT,core,platt,fixed_budget,LightGBM,delta_tp,2352,59.4
paysim,3,P_WEIGHT,core,platt,fixed_budget,LightGBM,delta_tp,2353,26.0
paysim,3,P_WEIGHT,core,platt,fixed_budget,LightGBM,delta_tp,2354,145.2
paysim,3,P_WEIGHT,core,platt,fixed_budget,LightGBM,delta_tp,2355,770.2
paysim,3,P_WEIGHT,core,platt,fixed_budget,LightGBM,delta_tp,2356,350.8
paysim,3,P_WEIGHT,core,platt,fixed_budget,LightGBM,delta_tp,2357,429.0
paysim,3,P_WEIGHT,core,platt,fixed_budget,LightGBM,delta_tp,2358,438.4
paysim,3,P_WEIGHT,core,platt,fixed_budget,LightGBM,delta_tp,2359,-10.2
paysim,3,P_WEIGHT,core,platt,fixed_budget,LightGBM,delta_tp,2360,-25.2
paysim,3,P_WEIGHT,core,platt,fixed_budget,LightGBM,delta_tp,2361,40.6
paysim,3,P_WEIGHT,core,platt,fixed_budget,LightGBM,delta_tp,2362,838.2
paysim,3,P_WEIGHT,core,platt,fixed_budget,LightGBM,delta_tp,2363,-212.4
paysim,3,P_WEIGHT,core,platt,fixed_budget,LightGBM,delta_tp,2364,422.8
paysim,3,P_WEIGHT,core,platt,fixed_budget,LightGBM,delta_tp,2365,627.2
paysim,3,P_WEIGHT,core,platt,fixed_budget,LightGBM,delta_tp,2366,72.8
paysim,3,P_WEIGHT,core,platt,fixed_budget,LightGBM,delta_tp,2367,764.8
paysim,3,P_WEIGHT,core,platt,fixed_budget,LightGBM,delta_tp,2368,234.8
paysim,3,P_WEIGHT,core,platt,fixed_budget,LightGBM,delta_tp,2369,597.4
paysim,3,P_WEIGHT,core,platt,fixed_budget,LightGBM,delta_tp,2370,383.4
paysim,3,P_WEIGHT,core,platt,fixed_budget,LightGBM,delta_tp,2371,463.0
paysim,3,P_WEIGHT,core,platt,fixed_budget,LightGBM,delta_tp,2372,366.8
paysim,3,P_WEIGHT,core,platt,fixed_budget,LightGBM,delta_tp,2373,185.2
paysim,3,P_WEIGHT,core,platt,fixed_budget,LightGBM,delta_tp,2374,308.6
paysim,3,P_WEIGHT,core,platt,fixed_budget,LightGBM,delta_tp,2375,32.4
paysim,3,P_WEIGHT,core,platt,fixed_budget,LightGBM,delta_tp,2376,42.0
paysim,3,P_WEIGHT,core,platt,fixed_budget,LightGBM,delta_tp,2377,359.8
paysim,3,P_WEIGHT,core,platt,fixed_budget,LightGBM,delta_tp,2378,810.2
paysim,3,P_WEIGHT,core,platt,fixed_budget,LightGBM,delta_tp,2379,-103.0
paysim,3,P_WEIGHT,core,platt,fixed_budget,LightGBM,delta_tp,2380,179.8
paysim,3,P_WEIGHT,core,platt,fixed_budget,LightGBM,delta_tp,2381,-19.4
paysim,3,P_WEIGHT,core,platt,fixed_budget,LightGBM,delta_tp,2382,26.2
paysim,3,P_WEIGHT,core,platt,fixed_budget,LightGBM,delta_tp,2383,261.2
paysim,3,P_WEIGHT,core,platt,fixed_budget,LightGBM,delta_tp,2384,425.6
paysim,3,P_WEIGHT,core,platt,fixed_budget,LightGBM,delta_tp,2385,143.4
paysim,3,P_WEIGHT,core,platt,fixed_budget,LightGBM,delta_tp,2386,-91.8
paysim,3,P_WEIGHT,core,platt,fixed_budget,LightGBM,delta_tp,2387,108.0
paysim,3,P_WEIGHT,core,platt,fixed_budget,LightGBM,delta_tp,2388,210.2
paysim,3,P_WEIGHT,core,platt,fixed_budget,LightGBM,delta_tp,2389,-168.8
paysim,3,P_WEIGHT,core,platt,fixed_budget,LightGBM,delta_tp,2390,-170.4
paysim,3,P_WEIGHT,core,platt,fixed_budget,LightGBM,delta_tp,2391,594.6
paysim,3,P_WEIGHT,core,platt,fixed_budget,LightGBM,delta_tp,2392,273.8
paysim,3,P_WEIGHT,core,platt,fixed_budget,LightGBM,delta_tp,2393,-109.0
paysim,3,P_WEIGHT,core,platt,fixed_budget,LightGBM,delta_tp,2394,464.0
paysim,3,P_WEIGHT,core,platt,fixed_budget,LightGBM,delta_tp,2395,165.8
paysim,3,P_WEIGHT,core,platt,fixed_budget,LightGBM,delta_tp,2396,-68.2
paysim,3,P_WEIGHT,core,platt,fixed_budget,LightGBM,delta_tp,2397,299.8
paysim,3,P_WEIGHT,core,platt,fixed_budget,LightGBM,delta_tp,2398,428.8
paysim,3,P_WEIGHT,core,platt,fixed_budget,LightGBM,delta_tp,2399,-85.0
paysim,3,P_WEIGHT,core,platt,fixed_budget,LightGBM,delta_tp,2400,130.0
paysim,3,P_WEIGHT,core,platt,fixed_budget,LightGBM,delta_tp,2401,-79.2
paysim,3,P_WEIGHT,core,platt,fixed_budget,LightGBM,delta_tp,2402,319.0
paysim,3,P_WEIGHT,core,platt,fixed_budget,LightGBM,delta_tp,2403,103.4
paysim,3,P_WEIGHT,core,platt,fixed_budget,LightGBM,delta_tp,2404,-159.2
paysim,3,P_WEIGHT,core,platt,fixed_budget,LightGBM,delta_tp,2405,569.0
paysim,3,P_WEIGHT,core,platt,fixed_budget,LightGBM,delta_tp,2406,-166.0
paysim,3,P_WEIGHT,core,platt,fixed_budget,LightGBM,delta_tp,2407,293.4
paysim,3,P_WEIGHT,core,platt,fixed_budget,LightGBM,delta_tp,2408,834.2
paysim,3,P_WEIGHT,core,platt,fixed_budget,LightGBM,delta_tp,2409,685.4
paysim,3,P_WEIGHT,core,platt,fixed_budget,LightGBM,delta_tp,2410,264.2
paysim,3,P_WEIGHT,core,platt,fixed_budget,LightGBM,delta_tp,2411,678.4
paysim,3,P_WEIGHT,core,platt,fixed_budget,LightGBM,delta_tp,2412,906.8
paysim,3,P_WEIGHT,core,platt,fixed_budget,LightGBM,delta_tp,2413,-168.0
paysim,3,P_WEIGHT,core,platt,fixed_budget,LightGBM,delta_tp,2414,292.0
paysim,3,P_WEIGHT,core,platt,fixed_budget,LightGBM,delta_tp,2415,-97.2
paysim,3,P_WEIGHT,core,platt,fixed_budget,LightGBM,delta_tp,2416,267.6
paysim,3,P_WEIGHT,core,platt,fixed_budget,LightGBM,delta_tp,2417,313.2
paysim,3,P_WEIGHT,core,platt,fixed_budget,LightGBM,delta_tp,2418,-161.6
paysim,3,P_WEIGHT,core,platt,fixed_budget,LightGBM,delta_tp,2419,-51.8
paysim,3,P_WEIGHT,core,platt,fixed_budget,LightGBM,delta_tp,2420,74.6
paysim,3,P_WEIGHT,core,platt,fixed_budget,LightGBM,delta_tp,2421,266.2
paysim,3,P_WEIGHT,core,platt,fixed_budget,LightGBM,delta_tp,2422,661.0
paysim,3,P_WEIGHT,core,platt,fixed_budget,LightGBM,delta_tp,2423,-7.2
paysim,3,P_WEIGHT,core,platt,fixed_budget,LightGBM,delta_tp,2424,56.8
paysim,3,P_WEIGHT,core,platt,fixed_budget,LightGBM,delta_tp,2425,27.4
paysim,3,P_WEIGHT,core,platt,fixed_budget,LightGBM,delta_tp,2426,269.4
paysim,3,P_WEIGHT,core,platt,fixed_budget,LightGBM,delta_tp,2427,220.0
paysim,3,P_WEIGHT,core,platt,fixed_budget,LightGBM,delta_tp,2428,13.0
paysim,3,P_WEIGHT,core,platt,fixed_budget,LightGBM,delta_tp,2429,122.4
paysim,3,P_WEIGHT,core,platt,fixed_budget,LightGBM,delta_tp,2430,-62.2
paysim,3,P_WEIGHT,core,platt,fixed_budget,LightGBM,delta_tp,2431,-84.8
paysim,3,P_WEIGHT,core,platt,fixed_budget,LightGBM,delta_tp,2432,124.4
paysim,3,P_WEIGHT,core,platt,fixed_budget,LightGBM,delta_tp,2433,18.8
paysim,3,P_WEIGHT,core,platt,fixed_budget,LightGBM,delta_tp,2434,130.4
paysim,3,P_WEIGHT,core,platt,fixed_budget,LightGBM,delta_tp,2435,-46.2
paysim,3,P_WEIGHT,core,platt,fixed_budget,LightGBM,delta_tp,2436,-155.8
paysim,3,P_WEIGHT,core,platt,fixed_budget,LightGBM,delta_tp,2437,9.2
paysim,3,P_WEIGHT,core,platt,fixed_budget,LightGBM,delta_tp,2438,-41.2
paysim,3,P_WEIGHT,core,platt,fixed_budget,LightGBM,delta_tp,2439,225.2
paysim,3,P_WEIGHT,core,platt,fixed_budget,LightGBM,delta_tp,2440,406.2
paysim,3,P_WEIGHT,core,platt,fixed_budget,LightGBM,delta_tp,2441,124.8
paysim,3,P_WEIGHT,core,platt,fixed_budget,LightGBM,delta_tp,2442,-83.0
paysim,3,P_WEIGHT,core,platt,fixed_budget,LightGBM,delta_tp,2443,123.6
paysim,3,P_WEIGHT,core,platt,fixed_budget,LightGBM,delta_tp,2444,207.8
paysim,3,P_WEIGHT,core,platt,fixed_budget,LightGBM,delta_tp,2445,496.8
paysim,3,P_WEIGHT,core,platt,fixed_budget,LightGBM,delta_tp,2446,216.0
paysim,3,P_WEIGHT,core,platt,fixed_budget,LightGBM,delta_tp,2447,293.6
paysim,3,P_WEIGHT,core,platt,fixed_budget,LightGBM,delta_tp,2448,-167.4
paysim,3,P_WEIGHT,core,platt,fixed_budget,LightGBM,delta_tp,2449,69.2
paysim,3,P_WEIGHT,core,platt,fixed_budget,LightGBM,delta_tp,2450,325.6
paysim,3,P_WEIGHT,core,platt,fixed_budget,LightGBM,delta_tp,2451,355.6
paysim,3,P_WEIGHT,core,platt,fixed_budget,LightGBM,delta_tp,2452,569.8
paysim,3,P_WEIGHT,core,platt,fixed_budget,LightGBM,delta_tp,2453,471.2
paysim,3,P_WEIGHT,core,platt,fixed_budget,LightGBM,delta_tp,2454,-25.6
paysim,3,P_WEIGHT,core,platt,fixed_budget,LightGBM,delta_tp,2455,426.8
paysim,3,P_WEIGHT,core,platt,fixed_budget,LightGBM,delta_tp,2456,-112.4
paysim,3,P_WEIGHT,core,platt,fixed_budget,LightGBM,delta_tp,2457,197.8
paysim,3,P_WEIGHT,core,platt,fixed_budget,LightGBM,delta_tp,2458,151.4
paysim,3,P_WEIGHT,core,platt,fixed_budget,LightGBM,delta_tp,2459,493.6
paysim,3,P_WEIGHT,core,platt,fixed_budget,LightGBM,delta_tp,2460,49.4
paysim,3,P_WEIGHT,core,platt,fixed_budget,LightGBM,delta_tp,2461,300.4
paysim,3,P_WEIGHT,core,platt,fixed_budget,LightGBM,delta_tp,2462,-58.2
paysim,3,P_WEIGHT,core,platt,fixed_budget,LightGBM,delta_tp,2463,613.6
paysim,3,P_WEIGHT,core,platt,fixed_budget,LightGBM,delta_tp,2464,547.8
paysim,3,P_WEIGHT,core,platt,fixed_budget,LightGBM,delta_tp,2465,178.8
paysim,3,P_WEIGHT,core,platt,fixed_budget,LightGBM,delta_tp,2466,38.6
paysim,3,P_WEIGHT,core,platt,fixed_budget,LightGBM,delta_tp,2467,92.2
paysim,3,P_WEIGHT,core,platt,fixed_budget,LightGBM,delta_tp,2468,142.2
paysim,3,P_WEIGHT,core,platt,fixed_budget,LightGBM,delta_tp,2469,28.6
paysim,3,P_WEIGHT,core,platt,fixed_budget,LightGBM,delta_tp,2470,748.2
paysim,3,P_WEIGHT,core,platt,fixed_budget,LightGBM,delta_tp,2471,345.2
paysim,3,P_WEIGHT,core,platt,fixed_budget,LightGBM,delta_tp,2472,731.0
paysim,3,P_WEIGHT,core,platt,fixed_budget,LightGBM,delta_tp,2473,4.2
paysim,3,P_WEIGHT,core,platt,fixed_budget,LightGBM,delta_tp,2474,811.2
paysim,3,P_WEIGHT,core,platt,fixed_budget,LightGBM,delta_tp,2475,137.6
paysim,3,P_WEIGHT,core,platt,fixed_budget,LightGBM,delta_tp,2476,153.0
paysim,3,P_WEIGHT,core,platt,fixed_budget,LightGBM,delta_tp,2477,705.6
paysim,3,P_WEIGHT,core,platt,fixed_budget,LightGBM,delta_tp,2478,806.4
paysim,3,P_WEIGHT,core,platt,fixed_budget,LightGBM,delta_tp,2479,178.4
paysim,3,P_WEIGHT,core,platt,fixed_budget,LightGBM,delta_tp,2480,298.8
paysim,3,P_WEIGHT,core,platt,fixed_budget,LightGBM,delta_tp,2481,-182.2
paysim,3,P_WEIGHT,core,platt,fixed_budget,LightGBM,delta_tp,2482,102.6
paysim,3,P_WEIGHT,core,platt,fixed_budget,LightGBM,delta_tp,2483,-111.2
paysim,3,P_WEIGHT,core,platt,fixed_budget,LightGBM,delta_tp,2484,494.4
paysim,3,P_WEIGHT,core,platt,fixed_budget,LightGBM,delta_tp,2485,-164.4
paysim,3,P_WEIGHT,core,platt,fixed_budget,LightGBM,delta_tp,2486,729.2
paysim,3,P_WEIGHT,core,platt,fixed_budget,LightGBM,delta_tp,2487,226.2
paysim,3,P_WEIGHT,core,platt,fixed_budget,LightGBM,delta_tp,2488,33.6
paysim,3,P_WEIGHT,core,platt,fixed_budget,LightGBM,delta_tp,2489,14.2
paysim,3,P_WEIGHT,core,platt,fixed_budget,LightGBM,delta_tp,2490,492.8
paysim,3,P_WEIGHT,core,platt,fixed_budget,LightGBM,delta_tp,2491,285.2
paysim,3,P_WEIGHT,core,platt,fixed_budget,LightGBM,delta_tp,2492,682.6
paysim,3,P_WEIGHT,core,platt,fixed_budget,LightGBM,delta_tp,2493,40.8
paysim,3,P_WEIGHT,core,platt,fixed_budget,LightGBM,delta_tp,2494,127.8
paysim,3,P_WEIGHT,core,platt,fixed_budget,LightGBM,delta_tp,2495,33.8
paysim,3,P_WEIGHT,core,platt,fixed_budget,LightGBM,delta_tp,2496,178.8
paysim,3,P_WEIGHT,core,platt,fixed_budget,LightGBM,delta_tp,2497,329.8
paysim,3,P_WEIGHT,core,platt,fixed_budget,LightGBM,delta_tp,2498,-48.0
paysim,3,P_WEIGHT,core,platt,fixed_budget,LightGBM,delta_tp,2499,280.2
paysim,3,P_WEIGHT,core,platt,fixed_budget,LightGBM,delta_tp,2500,633.8
paysim,3,P_WEIGHT,core,platt,fixed_budget,LightGBM,delta_tp,2501,-15.8
paysim,3,P_WEIGHT,core,platt,fixed_budget,LightGBM,delta_tp,2502,327.2
paysim,3,P_WEIGHT,core,platt,fixed_budget,LightGBM,delta_tp,2503,320.4
paysim,3,P_WEIGHT,core,platt,fixed_budget,LightGBM,delta_tp,2504,35.6
paysim,3,P_WEIGHT,core,platt,fixed_budget,LightGBM,delta_tp,2505,391.8
paysim,3,P_WEIGHT,core,platt,fixed_budget,LightGBM,delta_tp,2506,114.6
paysim,3,P_WEIGHT,core,platt,fixed_budget,LightGBM,delta_tp,2507,358.6
paysim,3,P_WEIGHT,core,platt,fixed_budget,LightGBM,delta_tp,2508,231.8
paysim,3,P_WEIGHT,core,platt,fixed_budget,LightGBM,delta_tp,2509,456.4
paysim,3,P_WEIGHT,core,platt,fixed_budget,LightGBM,delta_tp,2510,-17.8
paysim,3,P_WEIGHT,core,platt,fixed_budget,LightGBM,delta_tp,2511,-23.6
paysim,3,P_WEIGHT,core,platt,fixed_budget,LightGBM,delta_tp,2512,116.8
paysim,3,P_WEIGHT,core,platt,fixed_budget,LightGBM,delta_tp,2513,635.4
paysim,3,P_WEIGHT,core,platt,fixed_budget,LightGBM,delta_tp,2514,-94.0
paysim,3,P_WEIGHT,core,platt,fixed_budget,LightGBM,delta_tp,2515,580.2
paysim,3,P_WEIGHT,core,platt,fixed_budget,LightGBM,delta_tp,2516,373.4
paysim,3,P_WEIGHT,core,platt,fixed_budget,LightGBM,delta_tp,2517,-152.8
paysim,3,P_WEIGHT,core,platt,fixed_budget,LightGBM,delta_tp,2518,207.4
paysim,3,P_WEIGHT,core,platt,fixed_budget,LightGBM,delta_tp,2519,670.6
paysim,3,P_WEIGHT,core,platt,fixed_budget,LightGBM,delta_tp,2520,125.2
paysim,3,P_WEIGHT,core,platt,fixed_budget,LightGBM,delta_tp,2521,-7.6
paysim,3,P_WEIGHT,core,platt,fixed_budget,LightGBM,delta_tp,2522,58.2
paysim,3,P_WEIGHT,core,platt,fixed_budget,LightGBM,delta_tp,2523,103.2
paysim,3,P_WEIGHT,core,platt,fixed_budget,LightGBM,delta_tp,2524,536.0
paysim,3,P_WEIGHT,core,platt,fixed_budget,LightGBM,delta_tp,2525,-119.2
paysim,3,P_WEIGHT,core,platt,fixed_budget,LightGBM,delta_tp,2526,-46.0
paysim,3,P_WEIGHT,core,platt,fixed_budget,LightGBM,delta_tp,2527,-13.4
paysim,3,P_WEIGHT,core,platt,fixed_budget,LightGBM,delta_tp,2528,290.0
paysim,3,P_WEIGHT,core,platt,fixed_budget,LightGBM,delta_tp,2529,105.2
paysim,3,P_WEIGHT,core,platt,fixed_budget,LightGBM,delta_tp,2530,114.4
paysim,3,P_WEIGHT,core,platt,fixed_budget,LightGBM,delta_tp,2531,300.8
paysim,3,P_WEIGHT,core,platt,fixed_budget,LightGBM,delta_tp,2532,-165.6
paysim,3,P_WEIGHT,core,platt,fixed_budget,LightGBM,delta_tp,2533,70.8
paysim,3,P_WEIGHT,core,platt,fixed_budget,LightGBM,delta_tp,2534,143.8
paysim,3,P_WEIGHT,core,platt,fixed_budget,LightGBM,delta_tp,2535,701.0
paysim,3,P_WEIGHT,core,platt,fixed_budget,LightGBM,delta_tp,2536,346.4
paysim,3,P_WEIGHT,core,platt,fixed_budget,LightGBM,delta_tp,2537,696.6
paysim,3,P_WEIGHT,core,platt,fixed_budget,LightGBM,delta_tp,2538,213.2
paysim,3,P_WEIGHT,core,platt,fixed_budget,LightGBM,delta_tp,2539,-116.8
paysim,3,P_WEIGHT,core,platt,fixed_budget,LightGBM,delta_tp,2540,346.2
paysim,3,P_WEIGHT,core,platt,fixed_budget,LightGBM,delta_tp,2541,320.2
paysim,3,P_WEIGHT,core,platt,fixed_budget,LightGBM,delta_tp,2542,239.4
paysim,3,P_WEIGHT,core,platt,fixed_budget,LightGBM,delta_tp,2543,588.8
paysim,3,P_WEIGHT,core,platt,fixed_budget,LightGBM,delta_tp,2544,-120.2
paysim,3,P_WEIGHT,core,platt,fixed_budget,LightGBM,delta_tp,2545,84.6
paysim,3,P_WEIGHT,core,platt,fixed_budget,LightGBM,delta_tp,2546,551.0
paysim,3,P_WEIGHT,core,platt,fixed_budget,LightGBM,delta_tp,2547,-52.6
paysim,3,P_WEIGHT,core,platt,fixed_budget,LightGBM,delta_tp,2548,416.6
paysim,3,P_WEIGHT,core,platt,fixed_budget,LightGBM,delta_tp,2549,16.4
paysim,3,P_WEIGHT,core,platt,fixed_budget,LightGBM,delta_tp,2550,676.8
paysim,3,P_WEIGHT,core,platt,fixed_budget,LightGBM,delta_tp,2551,252.4
paysim,3,P_WEIGHT,core,platt,fixed_budget,LightGBM,delta_tp,2552,442.2
paysim,3,P_WEIGHT,core,platt,fixed_budget,LightGBM,delta_tp,2553,-57.0
paysim,3,P_WEIGHT,core,platt,fixed_budget,LightGBM,delta_tp,2554,-115.0
paysim,3,P_WEIGHT,core,platt,fixed_budget,LightGBM,delta_tp,2555,149.0
paysim,3,P_WEIGHT,core,platt,fixed_budget,LightGBM,delta_tp,2556,176.0
paysim,3,P_WEIGHT,core,platt,fixed_budget,LightGBM,delta_tp,2557,51.0
paysim,3,P_WEIGHT,core,platt,fixed_budget,LightGBM,delta_tp,2558,449.2
paysim,3,P_WEIGHT,core,platt,fixed_budget,LightGBM,delta_tp,2559,649.6
paysim,3,P_WEIGHT,core,platt,fixed_budget,LightGBM,delta_tp,2560,-66.2
paysim,3,P_WEIGHT,core,platt,fixed_budget,LightGBM,delta_tp,2561,-170.2
paysim,3,P_WEIGHT,core,platt,fixed_budget,LightGBM,delta_tp,2562,24.0
paysim,3,P_WEIGHT,core,platt,fixed_budget,LightGBM,delta_tp,2563,33.0
paysim,3,P_WEIGHT,core,platt,fixed_budget,LightGBM,delta_tp,2564,346.6
paysim,3,P_WEIGHT,core,platt,fixed_budget,LightGBM,delta_tp,2565,-93.8
paysim,3,P_WEIGHT,core,platt,fixed_budget,LightGBM,delta_tp,2566,700.0
paysim,3,P_WEIGHT,core,platt,fixed_budget,LightGBM,delta_tp,2567,122.4
paysim,3,P_WEIGHT,core,platt,fixed_budget,LightGBM,delta_tp,2568,582.8
paysim,3,P_WEIGHT,core,platt,fixed_budget,LightGBM,delta_tp,2569,438.4
paysim,3,P_WEIGHT,core,platt,fixed_budget,LightGBM,delta_tp,2570,625.2
paysim,3,P_WEIGHT,core,platt,fixed_budget,LightGBM,delta_tp,2571,100.0
paysim,3,P_WEIGHT,core,platt,fixed_budget,LightGBM,delta_tp,2572,64.6
paysim,3,P_WEIGHT,core,platt,fixed_budget,LightGBM,delta_tp,2573,16.2
paysim,3,P_WEIGHT,core,platt,fixed_budget,LightGBM,delta_tp,2574,-105.6
paysim,3,P_WEIGHT,core,platt,fixed_budget,LightGBM,delta_tp,2575,431.8
paysim,3,P_WEIGHT,core,platt,fixed_budget,LightGBM,delta_tp,2576,-176.2
paysim,3,P_WEIGHT,core,platt,fixed_budget,LightGBM,delta_tp,2577,312.6
paysim,3,P_WEIGHT,core,platt,fixed_budget,LightGBM,delta_tp,2578,165.2
paysim,3,P_WEIGHT,core,platt,fixed_budget,LightGBM,delta_tp,2579,232.4
paysim,3,P_WEIGHT,core,platt,fixed_budget,LightGBM,delta_tp,2580,-134.4
paysim,3,P_WEIGHT,core,platt,fixed_budget,LightGBM,delta_tp,2581,-172.4
paysim,3,P_WEIGHT,core,platt,fixed_budget,LightGBM,delta_tp,2582,-118.2
paysim,3,P_WEIGHT,core,platt,fixed_budget,LightGBM,delta_tp,2583,819.8
paysim,3,P_WEIGHT,core,platt,fixed_budget,LightGBM,delta_tp,2584,229.4
paysim,3,P_WEIGHT,core,platt,fixed_budget,LightGBM,delta_tp,2585,-133.4
paysim,3,P_WEIGHT,core,platt,fixed_budget,LightGBM,delta_tp,2586,647.2
paysim,3,P_WEIGHT,core,platt,fixed_budget,LightGBM,delta_tp,2587,59.8
paysim,3,P_WEIGHT,core,platt,fixed_budget,LightGBM,delta_tp,2588,-103.6
paysim,3,P_WEIGHT,core,platt,fixed_budget,LightGBM,delta_tp,2589,16.0
paysim,3,P_WEIGHT,core,platt,fixed_budget,LightGBM,delta_tp,2590,16.4
paysim,3,P_WEIGHT,core,platt,fixed_budget,LightGBM,delta_tp,2591,260.6
paysim,3,P_WEIGHT,core,platt,fixed_budget,LightGBM,delta_tp,2592,205.6
paysim,3,P_WEIGHT,core,platt,fixed_budget,LightGBM,delta_tp,2593,-18.8
paysim,3,P_WEIGHT,core,platt,fixed_budget,LightGBM,delta_tp,2594,565.2
paysim,3,P_WEIGHT,core,platt,fixed_budget,LightGBM,delta_tp,2595,126.4
paysim,3,P_WEIGHT,core,platt,fixed_budget,LightGBM,delta_tp,2596,-138.0
paysim,3,P_WEIGHT,core,platt,fixed_budget,LightGBM,delta_tp,2597,108.4
paysim,3,P_WEIGHT,core,platt,fixed_budget,LightGBM,delta_tp,2598,312.8
paysim,3,P_WEIGHT,core,platt,fixed_budget,LightGBM,delta_tp,2599,408.0
paysim,3,P_WEIGHT,core,platt,fixed_budget,LightGBM,delta_tp,2600,335.4
paysim,3,P_WEIGHT,core,platt,fixed_budget,LightGBM,delta_tp,2601,113.6
paysim,3,P_WEIGHT,core,platt,fixed_budget,LightGBM,delta_tp,2602,294.2
paysim,3,P_WEIGHT,core,platt,fixed_budget,LightGBM,delta_tp,2603,223.8
paysim,3,P_WEIGHT,core,platt,fixed_budget,LightGBM,delta_tp,2604,163.8
paysim,3,P_WEIGHT,core,platt,fixed_budget,LightGBM,delta_tp,2605,236.4
paysim,3,P_WEIGHT,core,platt,fixed_budget,LightGBM,delta_tp,2606,370.6
paysim,3,P_WEIGHT,core,platt,fixed_budget,LightGBM,delta_tp,2607,238.4
paysim,3,P_WEIGHT,core,platt,fixed_budget,LightGBM,delta_tp,2608,75.0
paysim,3,P_WEIGHT,core,platt,fixed_budget,LightGBM,delta_tp,2609,163.2
paysim,3,P_WEIGHT,core,platt,fixed_budget,LightGBM,delta_tp,2610,346.8
paysim,3,P_WEIGHT,core,platt,fixed_budget,LightGBM,delta_tp,2611,236.0
paysim,3,P_WEIGHT,core,platt,fixed_budget,LightGBM,delta_tp,2612,574.2
paysim,3,P_WEIGHT,core,platt,fixed_budget,LightGBM,delta_tp,2613,291.4
paysim,3,P_WEIGHT,core,platt,fixed_budget,LightGBM,delta_tp,2614,611.0
paysim,3,P_WEIGHT,core,platt,fixed_budget,LightGBM,delta_tp,2615,-59.0
paysim,3,P_WEIGHT,core,platt,fixed_budget,LightGBM,delta_tp,2616,466.4
paysim,3,P_WEIGHT,core,platt,fixed_budget,LightGBM,delta_tp,2617,420.4
paysim,3,P_WEIGHT,core,platt,fixed_budget,LightGBM,delta_tp,2618,798.6
paysim,3,P_WEIGHT,core,platt,fixed_budget,LightGBM,delta_tp,2619,744.0
paysim,3,P_WEIGHT,core,platt,fixed_budget,LightGBM,delta_tp,2620,79.0
paysim,3,P_WEIGHT,core,platt,fixed_budget,LightGBM,delta_tp,2621,10.0
paysim,3,P_WEIGHT,core,platt,fixed_budget,LightGBM,delta_tp,2622,218.6
paysim,3,P_WEIGHT,core,platt,fixed_budget,LightGBM,delta_tp,2623,632.0
paysim,3,P_WEIGHT,core,platt,fixed_budget,LightGBM,delta_tp,2624,-185.4
paysim,3,P_WEIGHT,core,platt,fixed_budget,LightGBM,delta_tp,2625,328.6
paysim,3,P_WEIGHT,core,platt,fixed_budget,LightGBM,delta_tp,2626,425.8
paysim,3,P_WEIGHT,core,platt,fixed_budget,LightGBM,delta_tp,2627,303.8
paysim,3,P_WEIGHT,core,platt,fixed_budget,LightGBM,delta_tp,2628,64.0
paysim,3,P_WEIGHT,core,platt,fixed_budget,LightGBM,delta_tp,2629,267.4
paysim,3,P_WEIGHT,core,platt,fixed_budget,LightGBM,delta_tp,2630,-31.4
paysim,3,P_WEIGHT,core,platt,fixed_budget,LightGBM,delta_tp,2631,-4.6
paysim,3,P_WEIGHT,core,platt,fixed_budget,LightGBM,delta_tp,2632,143.0
paysim,3,P_WEIGHT,core,platt,fixed_budget,LightGBM,delta_tp,2633,336.6
paysim,3,P_WEIGHT,core,platt,fixed_budget,LightGBM,delta_tp,2634,185.6
paysim,3,P_WEIGHT,core,platt,fixed_budget,LightGBM,delta_tp,2635,211.4
paysim,3,P_WEIGHT,core,platt,fixed_budget,LightGBM,delta_tp,2636,255.2
paysim,3,P_WEIGHT,core,platt,fixed_budget,LightGBM,delta_tp,2637,347.0
paysim,3,P_WEIGHT,core,platt,fixed_budget,LightGBM,delta_tp,2638,287.4
paysim,3,P_WEIGHT,core,platt,fixed_budget,LightGBM,delta_tp,2639,149.6
paysim,3,P_WEIGHT,core,platt,fixed_budget,LightGBM,delta_tp,2640,-121.6
paysim,3,P_WEIGHT,core,platt,fixed_budget,LightGBM,delta_tp,2641,237.2
paysim,3,P_WEIGHT,core,platt,fixed_budget,LightGBM,delta_tp,2642,-45.0
paysim,3,P_WEIGHT,core,platt,fixed_budget,LightGBM,delta_tp,2643,175.0
paysim,3,P_WEIGHT,core,platt,fixed_budget,LightGBM,delta_tp,2644,-88.2
paysim,3,P_WEIGHT,core,platt,fixed_budget,LightGBM,delta_tp,2645,237.8
paysim,3,P_WEIGHT,core,platt,fixed_budget,LightGBM,delta_tp,2646,484.0
paysim,3,P_WEIGHT,core,platt,fixed_budget,LightGBM,delta_tp,2647,-120.8
paysim,3,P_WEIGHT,core,platt,fixed_budget,LightGBM,delta_tp,2648,208.0
paysim,3,P_WEIGHT,core,platt,fixed_budget,LightGBM,delta_tp,2649,-128.4
paysim,3,P_WEIGHT,core,platt,fixed_budget,LightGBM,delta_tp,2650,-136.8
paysim,3,P_WEIGHT,core,platt,fixed_budget,LightGBM,delta_tp,2651,-54.8
paysim,3,P_WEIGHT,core,platt,fixed_budget,LightGBM,delta_tp,2652,47.6
paysim,3,P_WEIGHT,core,platt,fixed_budget,LightGBM,delta_tp,2653,364.0
paysim,3,P_WEIGHT,core,platt,fixed_budget,LightGBM,delta_tp,2654,575.6
paysim,3,P_WEIGHT,core,platt,fixed_budget,LightGBM,delta_tp,2655,887.2
paysim,3,P_WEIGHT,core,platt,fixed_budget,LightGBM,delta_tp,2656,44.0
paysim,3,P_WEIGHT,core,platt,fixed_budget,LightGBM,delta_tp,2657,-0.2
paysim,3,P_WEIGHT,core,platt,fixed_budget,LightGBM,delta_tp,2658,-142.0
paysim,3,P_WEIGHT,core,platt,fixed_budget,LightGBM,delta_tp,2659,95.2
paysim,3,P_WEIGHT,core,platt,fixed_budget,LightGBM,delta_tp,2660,49.8
paysim,3,P_WEIGHT,core,platt,fixed_budget,LightGBM,delta_tp,2661,548.0
paysim,3,P_WEIGHT,core,platt,fixed_budget,LightGBM,delta_tp,2662,423.4
paysim,3,P_WEIGHT,core,platt,fixed_budget,LightGBM,delta_tp,2663,331.4
paysim,3,P_WEIGHT,core,platt,fixed_budget,LightGBM,delta_tp,2664,530.8
paysim,3,P_WEIGHT,core,platt,fixed_budget,LightGBM,delta_tp,2665,231.4
paysim,3,P_WEIGHT,core,platt,fixed_budget,LightGBM,delta_tp,2666,345.2
paysim,3,P_WEIGHT,core,platt,fixed_budget,LightGBM,delta_tp,2667,182.2
paysim,3,P_WEIGHT,core,platt,fixed_budget,LightGBM,delta_tp,2668,364.0
paysim,3,P_WEIGHT,core,platt,fixed_budget,LightGBM,delta_tp,2669,304.2
paysim,3,P_WEIGHT,core,platt,fixed_budget,LightGBM,delta_tp,2670,170.8
paysim,3,P_WEIGHT,core,platt,fixed_budget,LightGBM,delta_tp,2671,-119.4
paysim,3,P_WEIGHT,core,platt,fixed_budget,LightGBM,delta_tp,2672,467.0
paysim,3,P_WEIGHT,core,platt,fixed_budget,LightGBM,delta_tp,2673,-102.4
paysim,3,P_WEIGHT,core,platt,fixed_budget,LightGBM,delta_tp,2674,-114.0
paysim,3,P_WEIGHT,core,platt,fixed_budget,LightGBM,delta_tp,2675,712.2
paysim,3,P_WEIGHT,core,platt,fixed_budget,LightGBM,delta_tp,2676,-174.8
paysim,3,P_WEIGHT,core,platt,fixed_budget,LightGBM,delta_tp,2677,165.8
paysim,3,P_WEIGHT,core,platt,fixed_budget,LightGBM,delta_tp,2678,477.6
paysim,3,P_WEIGHT,core,platt,fixed_budget,LightGBM,delta_tp,2679,121.8
paysim,3,P_WEIGHT,core,platt,fixed_budget,LightGBM,delta_tp,2680,260.2
paysim,3,P_WEIGHT,core,platt,fixed_budget,LightGBM,delta_tp,2681,70.2
paysim,3,P_WEIGHT,core,platt,fixed_budget,LightGBM,delta_tp,2682,-28.8
paysim,3,P_WEIGHT,core,platt,fixed_budget,LightGBM,delta_tp,2683,-171.4
paysim,3,P_WEIGHT,core,platt,fixed_budget,LightGBM,delta_tp,2684,135.4
paysim,3,P_WEIGHT,core,platt,fixed_budget,LightGBM,delta_tp,2685,-164.4
paysim,3,P_WEIGHT,core,platt,fixed_budget,LightGBM,delta_tp,2686,621.6
paysim,3,P_WEIGHT,core,platt,fixed_budget,LightGBM,delta_tp,2687,-33.6
paysim,3,P_WEIGHT,core,platt,fixed_budget,LightGBM,delta_tp,2688,75.2
paysim,3,P_WEIGHT,core,platt,fixed_budget,LightGBM,delta_tp,2689,213.4
paysim,3,P_WEIGHT,core,platt,fixed_budget,LightGBM,delta_tp,2690,575.4
paysim,3,P_WEIGHT,core,platt,fixed_budget,LightGBM,delta_tp,2691,-109.0
paysim,3,P_WEIGHT,core,platt,fixed_budget,LightGBM,delta_tp,2692,60.0
paysim,3,P_WEIGHT,core,platt,fixed_budget,LightGBM,delta_tp,2693,58.4
paysim,3,P_WEIGHT,core,platt,fixed_budget,LightGBM,delta_tp,2694,-98.0
paysim,3,P_WEIGHT,core,platt,fixed_budget,LightGBM,delta_tp,2695,114.2
paysim,3,P_WEIGHT,core,platt,fixed_budget,LightGBM,delta_tp,2696,526.0
paysim,3,P_WEIGHT,core,platt,fixed_budget,LightGBM,delta_tp,2697,119.0
paysim,3,P_WEIGHT,core,platt,fixed_budget,LightGBM,delta_tp,2698,268.4
paysim,3,P_WEIGHT,core,platt,fixed_budget,LightGBM,delta_tp,2699,-35.2
paysim,3,P_WEIGHT,core,platt,fixed_budget,LightGBM,delta_tp,2700,218.0
paysim,3,P_WEIGHT,core,platt,fixed_budget,LightGBM,delta_tp,2701,42.8
paysim,3,P_WEIGHT,core,platt,fixed_budget,LightGBM,delta_tp,2702,29.8
paysim,3,P_WEIGHT,core,platt,fixed_budget,LightGBM,delta_tp,2703,-132.0
paysim,3,P_WEIGHT,core,platt,fixed_budget,LightGBM,delta_tp,2704,119.0
paysim,3,P_WEIGHT,core,platt,fixed_budget,LightGBM,delta_tp,2705,9.2
paysim,3,P_WEIGHT,core,platt,fixed_budget,LightGBM,delta_tp,2706,147.2
paysim,3,P_WEIGHT,core,platt,fixed_budget,LightGBM,delta_tp,2707,-178.8
paysim,3,P_WEIGHT,core,platt,fixed_budget,LightGBM,delta_tp,2708,-135.0
paysim,3,P_WEIGHT,core,platt,fixed_budget,LightGBM,delta_tp,2709,-166.6
paysim,3,P_WEIGHT,core,platt,fixed_budget,LightGBM,delta_tp,2710,-2.0
paysim,3,P_WEIGHT,core,platt,fixed_budget,LightGBM,delta_tp,2711,189.4
paysim,3,P_WEIGHT,core,platt,fixed_budget,LightGBM,delta_tp,2712,685.4
paysim,3,P_WEIGHT,core,platt,fixed_budget,LightGBM,delta_tp,2713,31.2
paysim,3,P_WEIGHT,core,platt,fixed_budget,LightGBM,delta_tp,2714,454.4
paysim,3,P_WEIGHT,core,platt,fixed_budget,LightGBM,delta_tp,2715,192.4
paysim,3,P_WEIGHT,core,platt,fixed_budget,LightGBM,delta_tp,2716,117.6
paysim,3,P_WEIGHT,core,platt,fixed_budget,LightGBM,delta_tp,2717,299.4
paysim,3,P_WEIGHT,core,platt,fixed_budget,LightGBM,delta_tp,2718,-10.4
paysim,3,P_WEIGHT,core,platt,fixed_budget,LightGBM,delta_tp,2719,-95.0
paysim,3,P_WEIGHT,core,platt,fixed_budget,LightGBM,delta_tp,2720,376.2
paysim,3,P_WEIGHT,core,platt,fixed_budget,LightGBM,delta_tp,2721,-65.6
paysim,3,P_WEIGHT,core,platt,fixed_budget,LightGBM,delta_tp,2722,-13.4
paysim,3,P_WEIGHT,core,platt,fixed_budget,LightGBM,delta_tp,2723,-6.4
paysim,3,P_WEIGHT,core,platt,fixed_budget,LightGBM,delta_tp,2724,9.6
paysim,3,P_WEIGHT,core,platt,fixed_budget,LightGBM,delta_tp,2725,204.6
paysim,3,P_WEIGHT,core,platt,fixed_budget,LightGBM,delta_tp,2726,-160.8
paysim,3,P_WEIGHT,core,platt,fixed_budget,LightGBM,delta_tp,2727,-89.8
paysim,3,P_WEIGHT,core,platt,fixed_budget,LightGBM,delta_tp,2728,312.6
paysim,3,P_WEIGHT,core,platt,fixed_budget,LightGBM,delta_tp,2729,278.0
paysim,3,P_WEIGHT,core,platt,fixed_budget,LightGBM,delta_tp,2730,167.4
paysim,3,P_WEIGHT,core,platt,fixed_budget,LightGBM,delta_tp,2731,91.6
paysim,3,P_WEIGHT,core,platt,fixed_budget,LightGBM,delta_tp,2732,257.6
paysim,3,P_WEIGHT,core,platt,fixed_budget,LightGBM,delta_tp,2733,331.4
paysim,3,P_WEIGHT,core,platt,fixed_budget,LightGBM,delta_tp,2734,-96.6
paysim,3,P_WEIGHT,core,platt,fixed_budget,LightGBM,delta_tp,2735,375.0
paysim,3,P_WEIGHT,core,platt,fixed_budget,LightGBM,delta_tp,2736,-75.2
paysim,3,P_WEIGHT,core,platt,fixed_budget,LightGBM,delta_tp,2737,-59.6
paysim,3,P_WEIGHT,core,platt,fixed_budget,LightGBM,delta_tp,2738,-174.4
paysim,3,P_WEIGHT,core,platt,fixed_budget,LightGBM,delta_tp,2739,269.2
paysim,3,P_WEIGHT,core,platt,fixed_budget,LightGBM,delta_tp,2740,75.6
paysim,3,P_WEIGHT,core,platt,fixed_budget,LightGBM,delta_tp,2741,127.4
paysim,3,P_WEIGHT,core,platt,fixed_budget,LightGBM,delta_tp,2742,675.0
paysim,3,P_WEIGHT,core,platt,fixed_budget,LightGBM,delta_tp,2743,29.0
paysim,3,P_WEIGHT,core,platt,fixed_budget,LightGBM,delta_tp,2744,349.0
paysim,3,P_WEIGHT,core,platt,fixed_budget,LightGBM,delta_tp,2745,216.8
paysim,3,P_WEIGHT,core,platt,fixed_budget,LightGBM,delta_tp,2746,15.4
paysim,3,P_WEIGHT,core,platt,fixed_budget,LightGBM,delta_tp,2747,-167.0
paysim,3,P_WEIGHT,core,platt,fixed_budget,LightGBM,delta_tp,2748,199.2
paysim,3,P_WEIGHT,core,platt,fixed_budget,LightGBM,delta_tp,2749,378.6
paysim,3,P_WEIGHT,core,platt,fixed_budget,LightGBM,delta_tp,2750,80.8
paysim,3,P_WEIGHT,core,platt,fixed_budget,LightGBM,delta_tp,2751,513.6
paysim,3,P_WEIGHT,core,platt,fixed_budget,LightGBM,delta_tp,2752,-105.8
paysim,3,P_WEIGHT,core,platt,fixed_budget,LightGBM,delta_tp,2753,-153.0
paysim,3,P_WEIGHT,core,platt,fixed_budget,LightGBM,delta_tp,2754,30.6
paysim,3,P_WEIGHT,core,platt,fixed_budget,LightGBM,delta_tp,2755,589.4
paysim,3,P_WEIGHT,core,platt,fixed_budget,LightGBM,delta_tp,2756,102.2
paysim,3,P_WEIGHT,core,platt,fixed_budget,LightGBM,delta_tp,2757,-81.2
paysim,3,P_WEIGHT,core,platt,fixed_budget,LightGBM,delta_tp,2758,308.8
paysim,3,P_WEIGHT,core,platt,fixed_budget,LightGBM,delta_tp,2759,324.6
paysim,3,P_WEIGHT,core,platt,fixed_budget,LightGBM,delta_tp,2760,641.4
paysim,3,P_WEIGHT,core,platt,fixed_budget,LightGBM,delta_tp,2761,129.0
paysim,3,P_WEIGHT,core,platt,fixed_budget,LightGBM,delta_tp,2762,3.4
paysim,3,P_WEIGHT,core,platt,fixed_budget,LightGBM,delta_tp,2763,366.6
paysim,3,P_WEIGHT,core,platt,fixed_budget,LightGBM,delta_tp,2764,332.0
paysim,3,P_WEIGHT,core,platt,fixed_budget,LightGBM,delta_tp,2765,-15.4
paysim,3,P_WEIGHT,core,platt,fixed_budget,LightGBM,delta_tp,2766,83.8
paysim,3,P_WEIGHT,core,platt,fixed_budget,LightGBM,delta_tp,2767,278.0
paysim,3,P_WEIGHT,core,platt,fixed_budget,LightGBM,delta_tp,2768,-158.8
paysim,3,P_WEIGHT,core,platt,fixed_budget,LightGBM,delta_tp,2769,26.2
paysim,3,P_WEIGHT,core,platt,fixed_budget,LightGBM,delta_tp,2770,241.2
paysim,3,P_WEIGHT,core,platt,fixed_budget,LightGBM,delta_tp,2771,723.2
paysim,3,P_WEIGHT,core,platt,fixed_budget,LightGBM,delta_tp,2772,-112.2
paysim,3,P_WEIGHT,core,platt,fixed_budget,LightGBM,delta_tp,2773,295.6
paysim,3,P_WEIGHT,core,platt,fixed_budget,LightGBM,delta_tp,2774,356.2
paysim,3,P_WEIGHT,core,platt,fixed_budget,LightGBM,delta_tp,2775,356.6
paysim,3,P_WEIGHT,core,platt,fixed_budget,LightGBM,delta_tp,2776,131.0
paysim,3,P_WEIGHT,core,platt,fixed_budget,LightGBM,delta_tp,2777,283.2
paysim,3,P_WEIGHT,core,platt,fixed_budget,LightGBM,delta_tp,2778,410.4
paysim,3,P_WEIGHT,core,platt,fixed_budget,LightGBM,delta_tp,2779,215.0
paysim,3,P_WEIGHT,core,platt,fixed_budget,LightGBM,delta_tp,2780,144.4
paysim,3,P_WEIGHT,core,platt,fixed_budget,LightGBM,delta_tp,2781,442.2
paysim,3,P_WEIGHT,core,platt,fixed_budget,LightGBM,delta_tp,2782,428.6
paysim,3,P_WEIGHT,core,platt,fixed_budget,LightGBM,delta_tp,2783,180.4
paysim,3,P_WEIGHT,core,platt,fixed_budget,LightGBM,delta_tp,2784,-26.4
paysim,3,P_WEIGHT,core,platt,fixed_budget,LightGBM,delta_tp,2785,323.8
paysim,3,P_WEIGHT,core,platt,fixed_budget,LightGBM,delta_tp,2786,308.4
paysim,3,P_WEIGHT,core,platt,fixed_budget,LightGBM,delta_tp,2787,64.4
paysim,3,P_WEIGHT,core,platt,fixed_budget,LightGBM,delta_tp,2788,701.2
paysim,3,P_WEIGHT,core,platt,fixed_budget,LightGBM,delta_tp,2789,-147.0
paysim,3,P_WEIGHT,core,platt,fixed_budget,LightGBM,delta_tp,2790,-171.0
paysim,3,P_WEIGHT,core,platt,fixed_budget,LightGBM,delta_tp,2791,534.2
paysim,3,P_WEIGHT,core,platt,fixed_budget,LightGBM,delta_tp,2792,56.6
paysim,3,P_WEIGHT,core,platt,fixed_budget,LightGBM,delta_tp,2793,-153.2
paysim,3,P_WEIGHT,core,platt,fixed_budget,LightGBM,delta_tp,2794,-104.0
paysim,3,P_WEIGHT,core,platt,fixed_budget,LightGBM,delta_tp,2795,562.6
paysim,3,P_WEIGHT,core,platt,fixed_budget,LightGBM,delta_tp,2796,15.8
paysim,3,P_WEIGHT,core,platt,fixed_budget,LightGBM,delta_tp,2797,-184.4
paysim,3,P_WEIGHT,core,platt,fixed_budget,LightGBM,delta_tp,2798,-176.2
paysim,3,P_WEIGHT,core,platt,fixed_budget,LightGBM,delta_tp,2799,-98.6
paysim,3,P_WEIGHT,core,platt,fixed_budget,LightGBM,delta_tp,2800,241.2
paysim,3,P_WEIGHT,core,platt,fixed_budget,LightGBM,delta_tp,2801,319.0
paysim,3,P_WEIGHT,core,platt,fixed_budget,LightGBM,delta_tp,2802,-72.2
paysim,3,P_WEIGHT,core,platt,fixed_budget,LightGBM,delta_tp,2803,398.2
paysim,3,P_WEIGHT,core,platt,fixed_budget,LightGBM,delta_tp,2804,387.4
paysim,3,P_WEIGHT,core,platt,fixed_budget,LightGBM,delta_tp,2805,-68.6
paysim,3,P_WEIGHT,core,platt,fixed_budget,LightGBM,delta_tp,2806,444.8
paysim,3,P_WEIGHT,core,platt,fixed_budget,LightGBM,delta_tp,2807,40.4
paysim,3,P_WEIGHT,core,platt,fixed_budget,LightGBM,delta_tp,2808,55.8
paysim,3,P_WEIGHT,core,platt,fixed_budget,LightGBM,delta_tp,2809,-70.4
paysim,3,P_WEIGHT,core,platt,fixed_budget,LightGBM,delta_tp,2810,602.6
paysim,3,P_WEIGHT,core,platt,fixed_budget,LightGBM,delta_tp,2811,339.2
paysim,3,P_WEIGHT,core,platt,fixed_budget,LightGBM,delta_tp,2812,-58.2
paysim,3,P_WEIGHT,core,platt,fixed_budget,LightGBM,delta_tp,2813,532.6
paysim,3,P_WEIGHT,core,platt,fixed_budget,LightGBM,delta_tp,2814,-144.0
paysim,3,P_WEIGHT,core,platt,fixed_budget,LightGBM,delta_tp,2815,99.0
paysim,3,P_WEIGHT,core,platt,fixed_budget,LightGBM,delta_tp,2816,407.4
paysim,3,P_WEIGHT,core,platt,fixed_budget,LightGBM,delta_tp,2817,21.8
paysim,3,P_WEIGHT,core,platt,fixed_budget,LightGBM,delta_tp,2818,-105.8
paysim,3,P_WEIGHT,core,platt,fixed_budget,LightGBM,delta_tp,2819,44.2
paysim,3,P_WEIGHT,core,platt,fixed_budget,LightGBM,delta_tp,2820,35.0
paysim,3,P_WEIGHT,core,platt,fixed_budget,LightGBM,delta_tp,2821,83.6
paysim,3,P_WEIGHT,core,platt,fixed_budget,LightGBM,delta_tp,2822,-40.8
paysim,3,P_WEIGHT,core,platt,fixed_budget,LightGBM,delta_tp,2823,102.0
paysim,3,P_WEIGHT,core,platt,fixed_budget,LightGBM,delta_tp,2824,715.2
paysim,3,P_WEIGHT,core,platt,fixed_budget,LightGBM,delta_tp,2825,102.8
paysim,3,P_WEIGHT,core,platt,fixed_budget,LightGBM,delta_tp,2826,-122.8
paysim,3,P_WEIGHT,core,platt,fixed_budget,LightGBM,delta_tp,2827,-156.6
paysim,3,P_WEIGHT,core,platt,fixed_budget,LightGBM,delta_tp,2828,-33.4
paysim,3,P_WEIGHT,core,platt,fixed_budget,LightGBM,delta_tp,2829,-118.8
paysim,3,P_WEIGHT,core,platt,fixed_budget,LightGBM,delta_tp,2830,-130.2
paysim,3,P_WEIGHT,core,platt,fixed_budget,LightGBM,delta_tp,2831,295.0
paysim,3,P_WEIGHT,core,platt,fixed_budget,LightGBM,delta_tp,2832,625.8
paysim,3,P_WEIGHT,core,platt,fixed_budget,LightGBM,delta_tp,2833,354.0
paysim,3,P_WEIGHT,core,platt,fixed_budget,LightGBM,delta_tp,2834,527.6
paysim,3,P_WEIGHT,core,platt,fixed_budget,LightGBM,delta_tp,2835,510.4
paysim,3,P_WEIGHT,core,platt,fixed_budget,LightGBM,delta_tp,2836,250.6
paysim,3,P_WEIGHT,core,platt,fixed_budget,LightGBM,delta_tp,2837,216.8
paysim,3,P_WEIGHT,core,platt,fixed_budget,LightGBM,delta_tp,2838,387.2
paysim,3,P_WEIGHT,core,platt,fixed_budget,LightGBM,delta_tp,2839,51.0
paysim,3,P_WEIGHT,core,platt,fixed_budget,LightGBM,delta_tp,2840,4.2
paysim,3,P_WEIGHT,core,platt,fixed_budget,LightGBM,delta_tp,2841,-40.6
paysim,3,P_WEIGHT,core,platt,fixed_budget,LightGBM,delta_tp,2842,216.8
paysim,3,P_WEIGHT,core,platt,fixed_budget,LightGBM,delta_tp,2843,94.0
paysim,3,P_WEIGHT,core,platt,fixed_budget,LightGBM,delta_tp,2844,-30.8
paysim,3,P_WEIGHT,core,platt,fixed_budget,LightGBM,delta_tp,2845,879.0
paysim,3,P_WEIGHT,core,platt,fixed_budget,LightGBM,delta_tp,2846,754.8
paysim,3,P_WEIGHT,core,platt,fixed_budget,LightGBM,delta_tp,2847,127.8
paysim,3,P_WEIGHT,core,platt,fixed_budget,LightGBM,delta_tp,2848,-132.6
paysim,3,P_WEIGHT,core,platt,fixed_budget,LightGBM,delta_tp,2849,58.2
paysim,3,P_WEIGHT,core,platt,fixed_budget,LightGBM,delta_tp,2850,791.2
paysim,3,P_WEIGHT,core,platt,fixed_budget,LightGBM,delta_tp,2851,44.4
paysim,3,P_WEIGHT,core,platt,fixed_budget,LightGBM,delta_tp,2852,425.8
paysim,3,P_WEIGHT,core,platt,fixed_budget,LightGBM,delta_tp,2853,-68.6
paysim,3,P_WEIGHT,core,platt,fixed_budget,LightGBM,delta_tp,2854,183.8
paysim,3,P_WEIGHT,core,platt,fixed_budget,LightGBM,delta_tp,2855,-17.8
paysim,3,P_WEIGHT,core,platt,fixed_budget,LightGBM,delta_tp,2856,-151.2
paysim,3,P_WEIGHT,core,platt,fixed_budget,LightGBM,delta_tp,2857,581.8
paysim,3,P_WEIGHT,core,platt,fixed_budget,LightGBM,delta_tp,2858,428.8
paysim,3,P_WEIGHT,core,platt,fixed_budget,LightGBM,delta_tp,2859,38.2
paysim,3,P_WEIGHT,core,platt,fixed_budget,LightGBM,delta_tp,2860,-26.4
paysim,3,P_WEIGHT,core,platt,fixed_budget,LightGBM,delta_tp,2861,168.4
paysim,3,P_WEIGHT,core,platt,fixed_budget,LightGBM,delta_tp,2862,656.0
paysim,3,P_WEIGHT,core,platt,fixed_budget,LightGBM,delta_tp,2863,-139.6
paysim,3,P_WEIGHT,core,platt,fixed_budget,LightGBM,delta_tp,2864,601.6
paysim,3,P_WEIGHT,core,platt,fixed_budget,LightGBM,delta_tp,2865,12.8
paysim,3,P_WEIGHT,core,platt,fixed_budget,LightGBM,delta_tp,2866,-17.6
paysim,3,P_WEIGHT,core,platt,fixed_budget,LightGBM,delta_tp,2867,609.2
paysim,3,P_WEIGHT,core,platt,fixed_budget,LightGBM,delta_tp,2868,368.4
paysim,3,P_WEIGHT,core,platt,fixed_budget,LightGBM,delta_tp,2869,-58.6
paysim,3,P_WEIGHT,core,platt,fixed_budget,LightGBM,delta_tp,2870,262.6
paysim,3,P_WEIGHT,core,platt,fixed_budget,LightGBM,delta_tp,2871,83.6
paysim,3,P_WEIGHT,core,platt,fixed_budget,LightGBM,delta_tp,2872,68.2
paysim,3,P_WEIGHT,core,platt,fixed_budget,LightGBM,delta_tp,2873,-127.0
paysim,3,P_WEIGHT,core,platt,fixed_budget,LightGBM,delta_tp,2874,265.2
paysim,3,P_WEIGHT,core,platt,fixed_budget,LightGBM,delta_tp,2875,32.4
paysim,3,P_WEIGHT,core,platt,fixed_budget,LightGBM,delta_tp,2876,111.6
paysim,3,P_WEIGHT,core,platt,fixed_budget,LightGBM,delta_tp,2877,-66.8
paysim,3,P_WEIGHT,core,platt,fixed_budget,LightGBM,delta_tp,2878,551.2
paysim,3,P_WEIGHT,core,platt,fixed_budget,LightGBM,delta_tp,2879,128.2
paysim,3,P_WEIGHT,core,platt,fixed_budget,LightGBM,delta_tp,2880,497.8
paysim,3,P_WEIGHT,core,platt,fixed_budget,LightGBM,delta_tp,2881,278.8
paysim,3,P_WEIGHT,core,platt,fixed_budget,LightGBM,delta_tp,2882,217.8
paysim,3,P_WEIGHT,core,platt,fixed_budget,LightGBM,delta_tp,2883,10.4
paysim,3,P_WEIGHT,core,platt,fixed_budget,LightGBM,delta_tp,2884,139.4
paysim,3,P_WEIGHT,core,platt,fixed_budget,LightGBM,delta_tp,2885,-102.2
paysim,3,P_WEIGHT,core,platt,fixed_budget,LightGBM,delta_tp,2886,49.8
paysim,3,P_WEIGHT,core,platt,fixed_budget,LightGBM,delta_tp,2887,228.4
paysim,3,P_WEIGHT,core,platt,fixed_budget,LightGBM,delta_tp,2888,283.4
paysim,3,P_WEIGHT,core,platt,fixed_budget,LightGBM,delta_tp,2889,-149.0
paysim,3,P_WEIGHT,core,platt,fixed_budget,LightGBM,delta_tp,2890,-143.2
paysim,3,P_WEIGHT,core,platt,fixed_budget,LightGBM,delta_tp,2891,224.4
paysim,3,P_WEIGHT,core,platt,fixed_budget,LightGBM,delta_tp,2892,347.4
paysim,3,P_WEIGHT,core,platt,fixed_budget,LightGBM,delta_tp,2893,54.8
paysim,3,P_WEIGHT,core,platt,fixed_budget,LightGBM,delta_tp,2894,-155.4
paysim,3,P_WEIGHT,core,platt,fixed_budget,LightGBM,delta_tp,2895,162.4
paysim,3,P_WEIGHT,core,platt,fixed_budget,LightGBM,delta_tp,2896,-57.6
paysim,3,P_WEIGHT,core,platt,fixed_budget,LightGBM,delta_tp,2897,642.6
paysim,3,P_WEIGHT,core,platt,fixed_budget,LightGBM,delta_tp,2898,642.0
paysim,3,P_WEIGHT,core,platt,fixed_budget,LightGBM,delta_tp,2899,-149.4
paysim,3,P_WEIGHT,core,platt,fixed_budget,LightGBM,delta_tp,2900,513.2
paysim,3,P_WEIGHT,core,platt,fixed_budget,LightGBM,delta_tp,2901,96.2
paysim,3,P_WEIGHT,core,platt,fixed_budget,LightGBM,delta_tp,2902,381.0
paysim,3,P_WEIGHT,core,platt,fixed_budget,LightGBM,delta_tp,2903,-161.6
paysim,3,P_WEIGHT,core,platt,fixed_budget,LightGBM,delta_tp,2904,307.0
paysim,3,P_WEIGHT,core,platt,fixed_budget,LightGBM,delta_tp,2905,-13.4
paysim,3,P_WEIGHT,core,platt,fixed_budget,LightGBM,delta_tp,2906,297.4
paysim,3,P_WEIGHT,core,platt,fixed_budget,LightGBM,delta_tp,2907,104.2
paysim,3,P_WEIGHT,core,platt,fixed_budget,LightGBM,delta_tp,2908,296.4
paysim,3,P_WEIGHT,core,platt,fixed_budget,LightGBM,delta_tp,2909,-12.8
paysim,3,P_WEIGHT,core,platt,fixed_budget,LightGBM,delta_tp,2910,283.4
paysim,3,P_WEIGHT,core,platt,fixed_budget,LightGBM,delta_tp,2911,368.2
paysim,3,P_WEIGHT,core,platt,fixed_budget,LightGBM,delta_tp,2912,287.6
paysim,3,P_WEIGHT,core,platt,fixed_budget,LightGBM,delta_tp,2913,130.4
paysim,3,P_WEIGHT,core,platt,fixed_budget,LightGBM,delta_tp,2914,-156.8
paysim,3,P_WEIGHT,core,platt,fixed_budget,LightGBM,delta_tp,2915,339.4
paysim,3,P_WEIGHT,core,platt,fixed_budget,LightGBM,delta_tp,2916,-54.2
paysim,3,P_WEIGHT,core,platt,fixed_budget,LightGBM,delta_tp,2917,-99.4
paysim,3,P_WEIGHT,core,platt,fixed_budget,LightGBM,delta_tp,2918,240.8
paysim,3,P_WEIGHT,core,platt,fixed_budget,LightGBM,delta_tp,2919,487.4
paysim,3,P_WEIGHT,core,platt,fixed_budget,LightGBM,delta_tp,2920,-119.0
paysim,3,P_WEIGHT,core,platt,fixed_budget,LightGBM,delta_tp,2921,171.0
paysim,3,P_WEIGHT,core,platt,fixed_budget,LightGBM,delta_tp,2922,18.2
paysim,3,P_WEIGHT,core,platt,fixed_budget,LightGBM,delta_tp,2923,95.0
paysim,3,P_WEIGHT,core,platt,fixed_budget,LightGBM,delta_tp,2924,-112.4
paysim,3,P_WEIGHT,core,platt,fixed_budget,LightGBM,delta_tp,2925,443.0
paysim,3,P_WEIGHT,core,platt,fixed_budget,LightGBM,delta_tp,2926,789.2
paysim,3,P_WEIGHT,core,platt,fixed_budget,LightGBM,delta_tp,2927,71.8
paysim,3,P_WEIGHT,core,platt,fixed_budget,LightGBM,delta_tp,2928,602.2
paysim,3,P_WEIGHT,core,platt,fixed_budget,LightGBM,delta_tp,2929,33.8
paysim,3,P_WEIGHT,core,platt,fixed_budget,LightGBM,delta_tp,2930,-73.6
paysim,3,P_WEIGHT,core,platt,fixed_budget,LightGBM,delta_tp,2931,490.4
paysim,3,P_WEIGHT,core,platt,fixed_budget,LightGBM,delta_tp,2932,-2.6
paysim,3,P_WEIGHT,core,platt,fixed_budget,LightGBM,delta_tp,2933,153.4
paysim,3,P_WEIGHT,core,platt,fixed_budget,LightGBM,delta_tp,2934,285.4
paysim,3,P_WEIGHT,core,platt,fixed_budget,LightGBM,delta_tp,2935,18.8
paysim,3,P_WEIGHT,core,platt,fixed_budget,LightGBM,delta_tp,2936,301.4
paysim,3,P_WEIGHT,core,platt,fixed_budget,LightGBM,delta_tp,2937,-72.6
paysim,3,P_WEIGHT,core,platt,fixed_budget,LightGBM,delta_tp,2938,-145.4
paysim,3,P_WEIGHT,core,platt,fixed_budget,LightGBM,delta_tp,2939,327.6
paysim,3,P_WEIGHT,core,platt,fixed_budget,LightGBM,delta_tp,2940,-42.6
paysim,3,P_WEIGHT,core,platt,fixed_budget,LightGBM,delta_tp,2941,-177.8
paysim,3,P_WEIGHT,core,platt,fixed_budget,LightGBM,delta_tp,2942,312.0
paysim,3,P_WEIGHT,core,platt,fixed_budget,LightGBM,delta_tp,2943,-146.4
paysim,3,P_WEIGHT,core,platt,fixed_budget,LightGBM,delta_tp,2944,229.2
paysim,3,P_WEIGHT,core,platt,fixed_budget,LightGBM,delta_tp,2945,-99.4
paysim,3,P_WEIGHT,core,platt,fixed_budget,LightGBM,delta_tp,2946,201.0
paysim,3,P_WEIGHT,core,platt,fixed_budget,LightGBM,delta_tp,2947,3.2
paysim,3,P_WEIGHT,core,platt,fixed_budget,LightGBM,delta_tp,2948,110.8
paysim,3,P_WEIGHT,core,platt,fixed_budget,LightGBM,delta_tp,2949,77.8
paysim,3,P_WEIGHT,core,platt,fixed_budget,LightGBM,delta_tp,2950,57.2
paysim,3,P_WEIGHT,core,platt,fixed_budget,LightGBM,delta_tp,2951,486.6
paysim,3,P_WEIGHT,core,platt,fixed_budget,LightGBM,delta_tp,2952,383.6
paysim,3,P_WEIGHT,core,platt,fixed_budget,LightGBM,delta_tp,2953,206.6
paysim,3,P_WEIGHT,core,platt,fixed_budget,LightGBM,delta_tp,2954,89.6
paysim,3,P_WEIGHT,core,platt,fixed_budget,LightGBM,delta_tp,2955,260.6
paysim,3,P_WEIGHT,core,platt,fixed_budget,LightGBM,delta_tp,2956,-166.2
paysim,3,P_WEIGHT,core,platt,fixed_budget,LightGBM,delta_tp,2957,132.6
paysim,3,P_WEIGHT,core,platt,fixed_budget,LightGBM,delta_tp,2958,-182.4
paysim,3,P_WEIGHT,core,platt,fixed_budget,LightGBM,delta_tp,2959,75.6
paysim,3,P_WEIGHT,core,platt,fixed_budget,LightGBM,delta_tp,2960,161.8
paysim,3,P_WEIGHT,core,platt,fixed_budget,LightGBM,delta_tp,2961,192.0
paysim,3,P_WEIGHT,core,platt,fixed_budget,LightGBM,delta_tp,2962,548.0
paysim,3,P_WEIGHT,core,platt,fixed_budget,LightGBM,delta_tp,2963,620.2
paysim,3,P_WEIGHT,core,platt,fixed_budget,LightGBM,delta_tp,2964,278.8
paysim,3,P_WEIGHT,core,platt,fixed_budget,LightGBM,delta_tp,2965,529.4
paysim,3,P_WEIGHT,core,platt,fixed_budget,LightGBM,delta_tp,2966,-132.8
paysim,3,P_WEIGHT,core,platt,fixed_budget,LightGBM,delta_tp,2967,20.0
paysim,3,P_WEIGHT,core,platt,fixed_budget,LightGBM,delta_tp,2968,200.6
paysim,3,P_WEIGHT,core,platt,fixed_budget,LightGBM,delta_tp,2969,217.0
paysim,3,P_WEIGHT,core,platt,fixed_budget,LightGBM,delta_tp,2970,-34.6
paysim,3,P_WEIGHT,core,platt,fixed_budget,LightGBM,delta_tp,2971,606.6
paysim,3,P_WEIGHT,core,platt,fixed_budget,LightGBM,delta_tp,2972,207.4
paysim,3,P_WEIGHT,core,platt,fixed_budget,LightGBM,delta_tp,2973,226.0
paysim,3,P_WEIGHT,core,platt,fixed_budget,LightGBM,delta_tp,2974,701.4
paysim,3,P_WEIGHT,core,platt,fixed_budget,LightGBM,delta_tp,2975,-177.6
paysim,3,P_WEIGHT,core,platt,fixed_budget,LightGBM,delta_tp,2976,-173.6
paysim,3,P_WEIGHT,core,platt,fixed_budget,LightGBM,delta_tp,2977,-82.0
paysim,3,P_WEIGHT,core,platt,fixed_budget,LightGBM,delta_tp,2978,45.0
paysim,3,P_WEIGHT,core,platt,fixed_budget,LightGBM,delta_tp,2979,-146.0
paysim,3,P_WEIGHT,core,platt,fixed_budget,LightGBM,delta_tp,2980,-1.6
paysim,3,P_WEIGHT,core,platt,fixed_budget,LightGBM,delta_tp,2981,565.8
paysim,3,P_WEIGHT,core,platt,fixed_budget,LightGBM,delta_tp,2982,425.4
paysim,3,P_WEIGHT,core,platt,fixed_budget,LightGBM,delta_tp,2983,352.4
paysim,3,P_WEIGHT,core,platt,fixed_budget,LightGBM,delta_tp,2984,-131.2
paysim,3,P_WEIGHT,core,platt,fixed_budget,LightGBM,delta_tp,2985,59.4
paysim,3,P_WEIGHT,core,platt,fixed_budget,LightGBM,delta_tp,2986,99.2
paysim,3,P_WEIGHT,core,platt,fixed_budget,LightGBM,delta_tp,2987,377.6
paysim,3,P_WEIGHT,core,platt,fixed_budget,LightGBM,delta_tp,2988,-36.4
paysim,3,P_WEIGHT,core,platt,fixed_budget,LightGBM,delta_tp,2989,-33.0
paysim,3,P_WEIGHT,core,platt,fixed_budget,LightGBM,delta_tp,2990,320.4
paysim,3,P_WEIGHT,core,platt,fixed_budget,LightGBM,delta_tp,2991,269.4
paysim,3,P_WEIGHT,core,platt,fixed_budget,LightGBM,delta_tp,2992,-22.4
paysim,3,P_WEIGHT,core,platt,fixed_budget,LightGBM,delta_tp,2993,74.0
paysim,3,P_WEIGHT,core,platt,fixed_budget,LightGBM,delta_tp,2994,51.0
paysim,3,P_WEIGHT,core,platt,fixed_budget,LightGBM,delta_tp,2995,72.6
paysim,3,P_WEIGHT,core,platt,fixed_budget,LightGBM,delta_tp,2996,-96.4
paysim,3,P_WEIGHT,core,platt,fixed_budget,LightGBM,delta_tp,2997,20.4
paysim,3,P_WEIGHT,core,platt,fixed_budget,LightGBM,delta_tp,2998,314.6
paysim,3,P_WEIGHT,core,platt,fixed_budget,LightGBM,delta_tp,2999,646.0
paysim,3,P_WEIGHT,core,platt,fixed_budget,LightGBM,delta_tp,3000,-29.4
paysim,3,P_WEIGHT,core,platt,fixed_budget,LightGBM,delta_tp,3001,189.4
paysim,3,P_WEIGHT,core,platt,fixed_budget,LightGBM,delta_tp,3002,-152.2
paysim,3,P_WEIGHT,core,platt,fixed_budget,LightGBM,delta_tp,3003,68.6
paysim,3,P_WEIGHT,core,platt,fixed_budget,LightGBM,delta_tp,3004,192.0
paysim,3,P_WEIGHT,core,platt,fixed_budget,LightGBM,delta_tp,3005,-160.2
paysim,3,P_WEIGHT,core,platt,fixed_budget,LightGBM,delta_tp,3006,-181.4
paysim,3,P_WEIGHT,core,platt,fixed_budget,LightGBM,delta_tp,3007,716.0
paysim,3,P_WEIGHT,core,platt,fixed_budget,LightGBM,delta_tp,3008,252.8
paysim,3,P_WEIGHT,core,platt,fixed_budget,LightGBM,delta_tp,3009,38.0
paysim,3,P_WEIGHT,core,platt,fixed_budget,LightGBM,delta_tp,3010,-94.4
paysim,3,P_WEIGHT,core,platt,fixed_budget,LightGBM,delta_tp,3011,-115.2
paysim,3,P_WEIGHT,core,platt,fixed_budget,LightGBM,delta_tp,3012,-152.0
paysim,3,P_WEIGHT,core,platt,fixed_budget,LightGBM,delta_tp,3013,506.4
paysim,3,P_WEIGHT,core,platt,fixed_budget,LightGBM,delta_tp,3014,-143.2
paysim,3,P_WEIGHT,core,platt,fixed_budget,LightGBM,delta_tp,3015,-114.8
paysim,3,P_WEIGHT,core,platt,fixed_budget,LightGBM,delta_tp,3016,-145.0
paysim,3,P_WEIGHT,core,platt,fixed_budget,LightGBM,delta_tp,3017,258.8
paysim,3,P_WEIGHT,core,platt,fixed_budget,LightGBM,delta_tp,3018,343.8
paysim,3,P_WEIGHT,core,platt,fixed_budget,LightGBM,delta_tp,3019,436.6
paysim,3,P_WEIGHT,core,platt,fixed_budget,LightGBM,delta_tp,3020,320.8
paysim,3,P_WEIGHT,core,platt,fixed_budget,LightGBM,delta_tp,3021,561.6
paysim,3,P_WEIGHT,core,platt,fixed_budget,LightGBM,delta_tp,3022,27.2
paysim,3,P_WEIGHT,core,platt,fixed_budget,LightGBM,delta_tp,3023,-14.2
paysim,3,P_WEIGHT,core,platt,fixed_budget,LightGBM,delta_tp,3024,-48.6
paysim,3,P_WEIGHT,core,platt,fixed_budget,LightGBM,delta_tp,3025,-104.0
paysim,3,P_WEIGHT,core,platt,fixed_budget,LightGBM,delta_tp,3026,249.6
paysim,3,P_WEIGHT,core,platt,fixed_budget,LightGBM,delta_tp,3027,122.4
paysim,3,P_WEIGHT,core,platt,fixed_budget,LightGBM,delta_tp,3028,726.0
paysim,3,P_WEIGHT,core,platt,fixed_budget,LightGBM,delta_tp,3029,917.6
paysim,3,P_WEIGHT,core,platt,fixed_budget,LightGBM,delta_tp,3030,-78.4
paysim,3,P_WEIGHT,core,platt,fixed_budget,LightGBM,delta_tp,3031,223.6
paysim,3,P_WEIGHT,core,platt,fixed_budget,LightGBM,delta_tp,3032,300.8
paysim,3,P_WEIGHT,core,platt,fixed_budget,LightGBM,delta_tp,3033,-25.8
paysim,3,P_WEIGHT,core,platt,fixed_budget,LightGBM,delta_tp,3034,69.8
paysim,3,P_WEIGHT,core,platt,fixed_budget,LightGBM,delta_tp,3035,428.6
paysim,3,P_WEIGHT,core,platt,fixed_budget,LightGBM,delta_tp,3036,9.2
paysim,3,P_WEIGHT,core,platt,fixed_budget,LightGBM,delta_tp,3037,306.2
paysim,3,P_WEIGHT,core,platt,fixed_budget,LightGBM,delta_tp,3038,231.6
paysim,3,P_WEIGHT,core,platt,fixed_budget,LightGBM,delta_tp,3039,-153.2
paysim,3,P_WEIGHT,core,platt,fixed_budget,LightGBM,delta_tp,3040,293.0
paysim,3,P_WEIGHT,core,platt,fixed_budget,LightGBM,delta_tp,3041,88.6
paysim,3,P_WEIGHT,core,platt,fixed_budget,LightGBM,delta_tp,3042,348.2
paysim,3,P_WEIGHT,core,platt,fixed_budget,LightGBM,delta_tp,3043,-69.4
paysim,3,P_WEIGHT,core,platt,fixed_budget,LightGBM,delta_tp,3044,138.8
paysim,3,P_WEIGHT,core,platt,fixed_budget,LightGBM,delta_tp,3045,161.6
paysim,3,P_WEIGHT,core,platt,fixed_budget,LightGBM,delta_tp,3046,-61.4
paysim,3,P_WEIGHT,core,platt,fixed_budget,LightGBM,delta_tp,3047,316.0
paysim,3,P_WEIGHT,core,platt,fixed_budget,LightGBM,delta_tp,3048,-160.6
paysim,3,P_WEIGHT,core,platt,fixed_budget,LightGBM,delta_tp,3049,188.8
paysim,3,P_WEIGHT,core,platt,fixed_budget,LightGBM,delta_tp,3050,347.6
paysim,3,P_WEIGHT,core,platt,fixed_budget,LightGBM,delta_tp,3051,553.6
paysim,3,P_WEIGHT,core,platt,fixed_budget,LightGBM,delta_tp,3052,-127.2
paysim,3,P_WEIGHT,core,platt,fixed_budget,LightGBM,delta_tp,3053,-95.0
paysim,3,P_WEIGHT,core,platt,fixed_budget,LightGBM,delta_tp,3054,648.0
paysim,3,P_WEIGHT,core,platt,fixed_budget,LightGBM,delta_tp,3055,-51.4
paysim,3,P_WEIGHT,core,platt,fixed_budget,LightGBM,delta_tp,3056,551.0
paysim,3,P_WEIGHT,core,platt,fixed_budget,LightGBM,delta_tp,3057,16.8
paysim,3,P_WEIGHT,core,platt,fixed_budget,LightGBM,delta_tp,3058,375.6
paysim,3,P_WEIGHT,core,platt,fixed_budget,LightGBM,delta_tp,3059,-69.0
paysim,3,P_WEIGHT,core,platt,fixed_budget,LightGBM,delta_tp,3060,70.6
paysim,3,P_WEIGHT,core,platt,fixed_budget,LightGBM,delta_tp,3061,-129.2
paysim,3,P_WEIGHT,core,platt,fixed_budget,LightGBM,delta_tp,3062,-79.0
paysim,3,P_WEIGHT,core,platt,fixed_budget,LightGBM,delta_tp,3063,105.2
paysim,3,P_WEIGHT,core,platt,fixed_budget,LightGBM,delta_tp,3064,236.2
paysim,3,P_WEIGHT,core,platt,fixed_budget,LightGBM,delta_tp,3065,-3.0
paysim,3,P_WEIGHT,core,platt,fixed_budget,LightGBM,delta_tp,3066,672.8
paysim,3,P_WEIGHT,core,platt,fixed_budget,LightGBM,delta_tp,3067,433.6
paysim,3,P_WEIGHT,core,platt,fixed_budget,LightGBM,delta_tp,3068,552.8
paysim,3,P_WEIGHT,core,platt,fixed_budget,LightGBM,delta_tp,3069,690.8
paysim,3,P_WEIGHT,core,platt,fixed_budget,LightGBM,delta_tp,3070,13.8
paysim,3,P_WEIGHT,core,platt,fixed_budget,LightGBM,delta_tp,3071,146.4
paysim,3,P_WEIGHT,core,platt,fixed_budget,LightGBM,delta_tp,3072,117.2
paysim,3,P_WEIGHT,core,platt,fixed_budget,LightGBM,delta_tp,3073,296.0
paysim,3,P_WEIGHT,core,platt,fixed_budget,LightGBM,delta_tp,3074,471.0
paysim,3,P_WEIGHT,core,platt,fixed_budget,LightGBM,delta_tp,3075,607.8
paysim,3,P_WEIGHT,core,platt,fixed_budget,LightGBM,delta_tp,3076,429.4
paysim,3,P_WEIGHT,core,platt,fixed_budget,LightGBM,delta_tp,3077,334.2
paysim,3,P_WEIGHT,core,platt,fixed_budget,LightGBM,delta_tp,3078,661.6
paysim,3,P_WEIGHT,core,platt,fixed_budget,LightGBM,delta_tp,3079,94.8
paysim,3,P_WEIGHT,core,platt,fixed_budget,LightGBM,delta_tp,3080,75.2
paysim,3,P_WEIGHT,core,platt,fixed_budget,LightGBM,delta_tp,3081,39.0
paysim,3,P_WEIGHT,core,platt,fixed_budget,LightGBM,delta_tp,3082,63.2
paysim,3,P_WEIGHT,core,platt,fixed_budget,LightGBM,delta_tp,3083,315.6
paysim,3,P_WEIGHT,core,platt,fixed_budget,LightGBM,delta_tp,3084,-88.0
paysim,3,P_WEIGHT,core,platt,fixed_budget,LightGBM,delta_tp,3085,478.2
paysim,3,P_WEIGHT,core,platt,fixed_budget,LightGBM,delta_tp,3086,185.2
paysim,3,P_WEIGHT,core,platt,fixed_budget,LightGBM,delta_tp,3087,760.0
paysim,3,P_WEIGHT,core,platt,fixed_budget,LightGBM,delta_tp,3088,-68.8
paysim,3,P_WEIGHT,core,platt,fixed_budget,LightGBM,delta_tp,3089,-51.6
paysim,3,P_WEIGHT,core,platt,fixed_budget,LightGBM,delta_tp,3090,-26.8
paysim,3,P_WEIGHT,core,platt,fixed_budget,LightGBM,delta_tp,3091,512.2
paysim,3,P_WEIGHT,core,platt,fixed_budget,LightGBM,delta_tp,3092,369.2
paysim,3,P_WEIGHT,core,platt,fixed_budget,LightGBM,delta_tp,3093,292.4
paysim,3,P_WEIGHT,core,platt,fixed_budget,LightGBM,delta_tp,3094,324.8
paysim,3,P_WEIGHT,core,platt,fixed_budget,LightGBM,delta_tp,3095,229.6
paysim,3,P_WEIGHT,core,platt,fixed_budget,LightGBM,delta_tp,3096,462.8
paysim,3,P_WEIGHT,core,platt,fixed_budget,LightGBM,delta_tp,3097,-18.2
paysim,3,P_WEIGHT,core,platt,fixed_budget,LightGBM,delta_tp,3098,404.0
paysim,3,P_WEIGHT,core,platt,fixed_budget,LightGBM,delta_tp,3099,44.6
paysim,3,P_WEIGHT,core,platt,fixed_budget,LightGBM,delta_tp,3100,36.6
paysim,3,P_WEIGHT,core,platt,fixed_budget,LightGBM,delta_tp,3101,27.8
paysim,3,P_WEIGHT,core,platt,fixed_budget,LightGBM,delta_tp,3102,124.4
paysim,3,P_WEIGHT,core,platt,fixed_budget,LightGBM,delta_tp,3103,296.0
paysim,3,P_WEIGHT,core,platt,fixed_budget,LightGBM,delta_tp,3104,-9.8
paysim,3,P_WEIGHT,core,platt,fixed_budget,LightGBM,delta_tp,3105,291.6
paysim,3,P_WEIGHT,core,platt,fixed_budget,LightGBM,delta_tp,3106,-34.8
paysim,3,P_WEIGHT,core,platt,fixed_budget,LightGBM,delta_tp,3107,325.2
paysim,3,P_WEIGHT,core,platt,fixed_budget,LightGBM,delta_tp,3108,706.6
paysim,3,P_WEIGHT,core,platt,fixed_budget,LightGBM,delta_tp,3109,-28.0
paysim,3,P_WEIGHT,core,platt,fixed_budget,LightGBM,delta_tp,3110,281.2
paysim,3,P_WEIGHT,core,platt,fixed_budget,LightGBM,delta_tp,3111,168.0
paysim,3,P_WEIGHT,core,platt,fixed_budget,LightGBM,delta_tp,3112,8.0
paysim,3,P_WEIGHT,core,platt,fixed_budget,LightGBM,delta_tp,3113,57.2
paysim,3,P_WEIGHT,core,platt,fixed_budget,LightGBM,delta_tp,3114,232.8
paysim,3,P_WEIGHT,core,platt,fixed_budget,LightGBM,delta_tp,3115,566.0
paysim,3,P_WEIGHT,core,platt,fixed_budget,LightGBM,delta_tp,3116,271.6
paysim,3,P_WEIGHT,core,platt,fixed_budget,LightGBM,delta_tp,3117,1.0
paysim,3,P_WEIGHT,core,platt,fixed_budget,LightGBM,delta_tp,3118,282.0
paysim,3,P_WEIGHT,core,platt,fixed_budget,LightGBM,delta_tp,3119,310.8
paysim,3,P_WEIGHT,core,platt,fixed_budget,LightGBM,delta_tp,3120,-13.2
paysim,3,P_WEIGHT,core,platt,fixed_budget,LightGBM,delta_tp,3121,-30.4
paysim,3,P_WEIGHT,core,platt,fixed_budget,LightGBM,delta_tp,3122,-66.8
paysim,3,P_WEIGHT,core,platt,fixed_budget,LightGBM,delta_tp,3123,252.4
paysim,3,P_WEIGHT,core,platt,fixed_budget,LightGBM,delta_tp,3124,115.6
paysim,3,P_WEIGHT,core,platt,fixed_budget,LightGBM,delta_tp,3125,711.0
paysim,3,P_WEIGHT,core,platt,fixed_budget,LightGBM,delta_tp,3126,265.6
paysim,3,P_WEIGHT,core,platt,fixed_budget,LightGBM,delta_tp,3127,253.6
paysim,3,P_WEIGHT,core,platt,fixed_budget,LightGBM,delta_tp,3128,-11.4
paysim,3,P_WEIGHT,core,platt,fixed_budget,LightGBM,delta_tp,3129,333.8
paysim,3,P_WEIGHT,core,platt,fixed_budget,LightGBM,delta_tp,3130,105.0
paysim,3,P_WEIGHT,core,platt,fixed_budget,LightGBM,delta_tp,3131,10.2
paysim,3,P_WEIGHT,core,platt,fixed_budget,LightGBM,delta_tp,3132,62.2
paysim,3,P_WEIGHT,core,platt,fixed_budget,LightGBM,delta_tp,3133,403.0
paysim,3,P_WEIGHT,core,platt,fixed_budget,LightGBM,delta_tp,3134,18.4
paysim,3,P_WEIGHT,core,platt,fixed_budget,LightGBM,delta_tp,3135,452.0
paysim,3,P_WEIGHT,core,platt,fixed_budget,LightGBM,delta_tp,3136,604.6
paysim,3,P_WEIGHT,core,platt,fixed_budget,LightGBM,delta_tp,3137,293.2
paysim,3,P_WEIGHT,core,platt,fixed_budget,LightGBM,delta_tp,3138,-114.0
paysim,3,P_WEIGHT,core,platt,fixed_budget,LightGBM,delta_tp,3139,635.4
paysim,3,P_WEIGHT,core,platt,fixed_budget,LightGBM,delta_tp,3140,150.4
paysim,3,P_WEIGHT,core,platt,fixed_budget,LightGBM,delta_tp,3141,-2.2
paysim,3,P_WEIGHT,core,platt,fixed_budget,LightGBM,delta_tp,3142,14.6
paysim,3,P_WEIGHT,core,platt,fixed_budget,LightGBM,delta_tp,3143,286.4
paysim,3,P_WEIGHT,core,platt,fixed_budget,LightGBM,delta_tp,3144,13.2
paysim,3,P_WEIGHT,core,platt,fixed_budget,LightGBM,delta_tp,3145,148.8
paysim,3,P_WEIGHT,core,platt,fixed_budget,LightGBM,delta_tp,3146,-5.6
paysim,3,P_WEIGHT,core,platt,fixed_budget,LightGBM,delta_tp,3147,253.4
paysim,3,P_WEIGHT,core,platt,fixed_budget,LightGBM,delta_tp,3148,51.4
paysim,3,P_WEIGHT,core,platt,fixed_budget,LightGBM,delta_tp,3149,-129.2
paysim,3,P_WEIGHT,core,platt,fixed_budget,LightGBM,delta_tp,3150,-133.6
paysim,3,P_WEIGHT,core,platt,fixed_budget,LightGBM,delta_tp,3151,220.2
paysim,3,P_WEIGHT,core,platt,fixed_budget,LightGBM,delta_tp,3152,134.8
paysim,3,P_WEIGHT,core,platt,fixed_budget,LightGBM,delta_tp,3153,55.4
paysim,3,P_WEIGHT,core,platt,fixed_budget,LightGBM,delta_tp,3154,545.8
paysim,3,P_WEIGHT,core,platt,fixed_budget,LightGBM,delta_tp,3155,422.4
paysim,3,P_WEIGHT,core,platt,fixed_budget,LightGBM,delta_tp,3156,166.2
paysim,3,P_WEIGHT,core,platt,fixed_budget,LightGBM,delta_tp,3157,559.6
paysim,3,P_WEIGHT,core,platt,fixed_budget,LightGBM,delta_tp,3158,152.0
paysim,3,P_WEIGHT,core,platt,fixed_budget,LightGBM,delta_tp,3159,479.0
paysim,3,P_WEIGHT,core,platt,fixed_budget,LightGBM,delta_tp,3160,222.8
paysim,3,P_WEIGHT,core,platt,fixed_budget,LightGBM,delta_tp,3161,260.4
paysim,3,P_WEIGHT,core,platt,fixed_budget,LightGBM,delta_tp,3162,-120.4
paysim,3,P_WEIGHT,core,platt,fixed_budget,LightGBM,delta_tp,3163,196.0
paysim,3,P_WEIGHT,core,platt,fixed_budget,LightGBM,delta_tp,3164,7.2
paysim,3,P_WEIGHT,core,platt,fixed_budget,LightGBM,delta_tp,3165,104.0
paysim,3,P_WEIGHT,core,platt,fixed_budget,LightGBM,delta_tp,3166,375.6
paysim,3,P_WEIGHT,core,platt,fixed_budget,LightGBM,delta_tp,3167,136.2
paysim,3,P_WEIGHT,core,platt,fixed_budget,LightGBM,delta_tp,3168,443.6
paysim,3,P_WEIGHT,core,platt,fixed_budget,LightGBM,delta_tp,3169,-114.8
paysim,3,P_WEIGHT,core,platt,fixed_budget,LightGBM,delta_tp,3170,299.0
paysim,3,P_WEIGHT,core,platt,fixed_budget,LightGBM,delta_tp,3171,-159.6
paysim,3,P_WEIGHT,core,platt,fixed_budget,LightGBM,delta_tp,3172,-139.0
paysim,3,P_WEIGHT,core,platt,fixed_budget,LightGBM,delta_tp,3173,331.2
paysim,3,P_WEIGHT,core,platt,fixed_budget,LightGBM,delta_tp,3174,428.8
paysim,3,P_WEIGHT,core,platt,fixed_budget,LightGBM,delta_tp,3175,-13.2
paysim,3,P_WEIGHT,core,platt,fixed_budget,LightGBM,delta_tp,3176,421.8
paysim,3,P_WEIGHT,core,platt,fixed_budget,LightGBM,delta_tp,3177,-174.8
paysim,3,P_WEIGHT,core,platt,fixed_budget,LightGBM,delta_tp,3178,429.0
paysim,3,P_WEIGHT,core,platt,fixed_budget,LightGBM,delta_tp,3179,28.2
paysim,3,P_WEIGHT,core,platt,fixed_budget,LightGBM,delta_tp,3180,64.2
paysim,3,P_WEIGHT,core,platt,fixed_budget,LightGBM,delta_tp,3181,133.8
paysim,3,P_WEIGHT,core,platt,fixed_budget,LightGBM,delta_tp,3182,-4.2
paysim,3,P_WEIGHT,core,platt,fixed_budget,LightGBM,delta_tp,3183,-48.8
paysim,3,P_WEIGHT,core,platt,fixed_budget,LightGBM,delta_tp,3184,116.8
paysim,3,P_WEIGHT,core,platt,fixed_budget,LightGBM,delta_tp,3185,320.8
paysim,3,P_WEIGHT,core,platt,fixed_budget,LightGBM,delta_tp,3186,613.0
paysim,3,P_WEIGHT,core,platt,fixed_budget,LightGBM,delta_tp,3187,-89.0
paysim,3,P_WEIGHT,core,platt,fixed_budget,LightGBM,delta_tp,3188,91.8
paysim,3,P_WEIGHT,core,platt,fixed_budget,LightGBM,delta_tp,3189,566.2
paysim,3,P_WEIGHT,core,platt,fixed_budget,LightGBM,delta_tp,3190,19.0
paysim,3,P_WEIGHT,core,platt,fixed_budget,LightGBM,delta_tp,3191,114.6
paysim,3,P_WEIGHT,core,platt,fixed_budget,LightGBM,delta_tp,3192,299.2
paysim,3,P_WEIGHT,core,platt,fixed_budget,LightGBM,delta_tp,3193,496.6
paysim,3,P_WEIGHT,core,platt,fixed_budget,LightGBM,delta_tp,3194,320.2
paysim,3,P_WEIGHT,core,platt,fixed_budget,LightGBM,delta_tp,3195,-5.2
paysim,3,P_WEIGHT,core,platt,fixed_budget,LightGBM,delta_tp,3196,207.0
paysim,3,P_WEIGHT,core,platt,fixed_budget,LightGBM,delta_tp,3197,71.8
paysim,3,P_WEIGHT,core,platt,fixed_budget,LightGBM,delta_tp,3198,272.0
paysim,3,P_WEIGHT,core,platt,fixed_budget,LightGBM,delta_tp,3199,876.6
paysim,3,P_WEIGHT,core,platt,fixed_budget,LightGBM,delta_tp,3200,-175.4
paysim,3,P_WEIGHT,core,platt,fixed_budget,LightGBM,delta_tp,3201,654.0
paysim,3,P_WEIGHT,core,platt,fixed_budget,LightGBM,delta_tp,3202,-162.2
paysim,3,P_WEIGHT,core,platt,fixed_budget,LightGBM,delta_tp,3203,201.6
paysim,3,P_WEIGHT,core,platt,fixed_budget,LightGBM,delta_tp,3204,57.8
paysim,3,P_WEIGHT,core,platt,fixed_budget,LightGBM,delta_tp,3205,63.0
paysim,3,P_WEIGHT,core,platt,fixed_budget,LightGBM,delta_tp,3206,358.8
paysim,3,P_WEIGHT,core,platt,fixed_budget,LightGBM,delta_tp,3207,187.0
paysim,3,P_WEIGHT,core,platt,fixed_budget,LightGBM,delta_tp,3208,329.2
paysim,3,P_WEIGHT,core,platt,fixed_budget,LightGBM,delta_tp,3209,182.4
paysim,3,P_WEIGHT,core,platt,fixed_budget,LightGBM,delta_tp,3210,15.4
paysim,3,P_WEIGHT,core,platt,fixed_budget,LightGBM,delta_tp,3211,237.0
paysim,3,P_WEIGHT,core,platt,fixed_budget,LightGBM,delta_tp,3212,691.4
paysim,3,P_WEIGHT,core,platt,fixed_budget,LightGBM,delta_tp,3213,286.6
paysim,3,P_WEIGHT,core,platt,fixed_budget,LightGBM,delta_tp,3214,-125.4
paysim,3,P_WEIGHT,core,platt,fixed_budget,LightGBM,delta_tp,3215,153.6
paysim,3,P_WEIGHT,core,platt,fixed_budget,LightGBM,delta_tp,3216,156.2
paysim,3,P_WEIGHT,core,platt,fixed_budget,LightGBM,delta_tp,3217,349.2
paysim,3,P_WEIGHT,core,platt,fixed_budget,LightGBM,delta_tp,3218,-206.2
paysim,3,P_WEIGHT,core,platt,fixed_budget,LightGBM,delta_tp,3219,326.2
paysim,3,P_WEIGHT,core,platt,fixed_budget,LightGBM,delta_tp,3220,-111.6
paysim,3,P_WEIGHT,core,platt,fixed_budget,LightGBM,delta_tp,3221,-58.4
paysim,3,P_WEIGHT,core,platt,fixed_budget,LightGBM,delta_tp,3222,403.0
paysim,3,P_WEIGHT,core,platt,fixed_budget,LightGBM,delta_tp,3223,382.2
paysim,3,P_WEIGHT,core,platt,fixed_budget,LightGBM,delta_tp,3224,477.6
paysim,3,P_WEIGHT,core,platt,fixed_budget,LightGBM,delta_tp,3225,51.8
paysim,3,P_WEIGHT,core,platt,fixed_budget,LightGBM,delta_tp,3226,93.2
paysim,3,P_WEIGHT,core,platt,fixed_budget,LightGBM,delta_tp,3227,28.6
paysim,3,P_WEIGHT,core,platt,fixed_budget,LightGBM,delta_tp,3228,582.0
paysim,3,P_WEIGHT,core,platt,fixed_budget,LightGBM,delta_tp,3229,-71.4
paysim,3,P_WEIGHT,core,platt,fixed_budget,LightGBM,delta_tp,3230,-109.6
paysim,3,P_WEIGHT,core,platt,fixed_budget,LightGBM,delta_tp,3231,-66.6
paysim,3,P_WEIGHT,core,platt,fixed_budget,LightGBM,delta_tp,3232,22.2
paysim,3,P_WEIGHT,core,platt,fixed_budget,LightGBM,delta_tp,3233,125.6
paysim,3,P_WEIGHT,core,platt,fixed_budget,LightGBM,delta_tp,3234,-134.6
paysim,3,P_WEIGHT,core,platt,fixed_budget,LightGBM,delta_tp,3235,370.2
paysim,3,P_WEIGHT,core,platt,fixed_budget,LightGBM,delta_tp,3236,412.4
paysim,3,P_WEIGHT,core,platt,fixed_budget,LightGBM,delta_tp,3237,205.4
paysim,3,P_WEIGHT,core,platt,fixed_budget,LightGBM,delta_tp,3238,-131.0
paysim,3,P_WEIGHT,core,platt,fixed_budget,LightGBM,delta_tp,3239,640.2
paysim,3,P_WEIGHT,core,platt,fixed_budget,LightGBM,delta_tp,3240,573.4
paysim,3,P_WEIGHT,core,platt,fixed_budget,LightGBM,delta_tp,3241,616.8
paysim,3,P_WEIGHT,core,platt,fixed_budget,LightGBM,delta_tp,3242,-136.2
paysim,3,P_WEIGHT,core,platt,fixed_budget,LightGBM,delta_tp,3243,220.8
paysim,3,P_WEIGHT,core,platt,fixed_budget,LightGBM,delta_tp,3244,338.4
paysim,3,P_WEIGHT,core,platt,fixed_budget,LightGBM,delta_tp,3245,254.6
paysim,3,P_WEIGHT,core,platt,fixed_budget,LightGBM,delta_tp,3246,-43.8
paysim,3,P_WEIGHT,core,platt,fixed_budget,LightGBM,delta_tp,3247,274.8
paysim,3,P_WEIGHT,core,platt,fixed_budget,LightGBM,delta_tp,3248,84.0
paysim,3,P_WEIGHT,core,platt,fixed_budget,LightGBM,delta_tp,3249,297.4
paysim,3,P_WEIGHT,core,platt,fixed_budget,LightGBM,delta_tp,3250,-68.4
paysim,3,P_WEIGHT,core,platt,fixed_budget,LightGBM,delta_tp,3251,175.4
paysim,3,P_WEIGHT,core,platt,fixed_budget,LightGBM,delta_tp,3252,191.6
paysim,3,P_WEIGHT,core,platt,fixed_budget,LightGBM,delta_tp,3253,357.0
paysim,3,P_WEIGHT,core,platt,fixed_budget,LightGBM,delta_tp,3254,172.6
paysim,3,P_WEIGHT,core,platt,fixed_budget,LightGBM,delta_tp,3255,380.0
paysim,3,P_WEIGHT,core,platt,fixed_budget,LightGBM,delta_tp,3256,-60.4
paysim,3,P_WEIGHT,core,platt,fixed_budget,LightGBM,delta_tp,3257,98.2
paysim,3,P_WEIGHT,core,platt,fixed_budget,LightGBM,delta_tp,3258,560.6
paysim,3,P_WEIGHT,core,platt,fixed_budget,LightGBM,delta_tp,3259,311.2
paysim,3,P_WEIGHT,core,platt,fixed_budget,LightGBM,delta_tp,3260,80.4
paysim,3,P_WEIGHT,core,platt,fixed_budget,LightGBM,delta_tp,3261,-131.0
paysim,3,P_WEIGHT,core,platt,fixed_budget,LightGBM,delta_tp,3262,-79.6
paysim,3,P_WEIGHT,core,platt,fixed_budget,LightGBM,delta_tp,3263,409.8
paysim,3,P_WEIGHT,core,platt,fixed_budget,LightGBM,delta_tp,3264,-133.2
paysim,3,P_WEIGHT,core,platt,fixed_budget,LightGBM,delta_tp,3265,242.8
paysim,3,P_WEIGHT,core,platt,fixed_budget,LightGBM,delta_tp,3266,54.2
paysim,3,P_WEIGHT,core,platt,fixed_budget,LightGBM,delta_tp,3267,128.2
paysim,3,P_WEIGHT,core,platt,fixed_budget,LightGBM,delta_tp,3268,-35.0
paysim,3,P_WEIGHT,core,platt,fixed_budget,LightGBM,delta_tp,3269,-45.4
paysim,3,P_WEIGHT,core,platt,fixed_budget,LightGBM,delta_tp,3270,117.0
paysim,3,P_WEIGHT,core,platt,fixed_budget,LightGBM,delta_tp,3271,153.6
paysim,3,P_WEIGHT,core,platt,fixed_budget,LightGBM,delta_tp,3272,117.2
paysim,3,P_WEIGHT,core,platt,fixed_budget,LightGBM,delta_tp,3273,290.8
paysim,3,P_WEIGHT,core,platt,fixed_budget,LightGBM,delta_tp,3274,255.4
paysim,3,P_WEIGHT,core,platt,fixed_budget,LightGBM,delta_tp,3275,423.4
paysim,3,P_WEIGHT,core,platt,fixed_budget,LightGBM,delta_tp,3276,86.8
paysim,3,P_WEIGHT,core,platt,fixed_budget,LightGBM,delta_tp,3277,36.8
paysim,3,P_WEIGHT,core,platt,fixed_budget,LightGBM,delta_tp,3278,-62.4
paysim,3,P_WEIGHT,core,platt,fixed_budget,LightGBM,delta_tp,3279,108.0
paysim,3,P_WEIGHT,core,platt,fixed_budget,LightGBM,delta_tp,3280,177.4
paysim,3,P_WEIGHT,core,platt,fixed_budget,LightGBM,delta_tp,3281,112.2
paysim,3,P_WEIGHT,core,platt,fixed_budget,LightGBM,delta_tp,3282,533.8
paysim,3,P_WEIGHT,core,platt,fixed_budget,LightGBM,delta_tp,3283,190.2
paysim,3,P_WEIGHT,core,platt,fixed_budget,LightGBM,delta_tp,3284,396.8
paysim,3,P_WEIGHT,core,platt,fixed_budget,LightGBM,delta_tp,3285,694.8
paysim,3,P_WEIGHT,core,platt,fixed_budget,LightGBM,delta_tp,3286,-159.8
paysim,3,P_WEIGHT,core,platt,fixed_budget,LightGBM,delta_tp,3287,-89.8
paysim,3,P_WEIGHT,core,platt,fixed_budget,LightGBM,delta_tp,3288,35.8
paysim,3,P_WEIGHT,core,platt,fixed_budget,LightGBM,delta_tp,3289,337.6
paysim,3,P_WEIGHT,core,platt,fixed_budget,LightGBM,delta_tp,3290,13.2
paysim,3,P_WEIGHT,core,platt,fixed_budget,LightGBM,delta_tp,3291,2.2
paysim,3,P_WEIGHT,core,platt,fixed_budget,LightGBM,delta_tp,3292,219.2
paysim,3,P_WEIGHT,core,platt,fixed_budget,LightGBM,delta_tp,3293,-147.6
paysim,3,P_WEIGHT,core,platt,fixed_budget,LightGBM,delta_tp,3294,190.4
paysim,3,P_WEIGHT,core,platt,fixed_budget,LightGBM,delta_tp,3295,1.8
paysim,3,P_WEIGHT,core,platt,fixed_budget,LightGBM,delta_tp,3296,423.4
paysim,3,P_WEIGHT,core,platt,fixed_budget,LightGBM,delta_tp,3297,267.4
paysim,3,P_WEIGHT,core,platt,fixed_budget,LightGBM,delta_tp,3298,386.6
paysim,3,P_WEIGHT,core,platt,fixed_budget,LightGBM,delta_tp,3299,47.8
paysim,3,P_WEIGHT,core,platt,fixed_budget,LightGBM,delta_tp,3300,61.6
paysim,3,P_WEIGHT,core,platt,fixed_budget,LightGBM,delta_tp,3301,-163.6
paysim,3,P_WEIGHT,core,platt,fixed_budget,LightGBM,delta_tp,3302,416.0
paysim,3,P_WEIGHT,core,platt,fixed_budget,LightGBM,delta_tp,3303,324.2
paysim,3,P_WEIGHT,core,platt,fixed_budget,LightGBM,delta_tp,3304,102.4
paysim,3,P_WEIGHT,core,platt,fixed_budget,LightGBM,delta_tp,3305,-171.2
paysim,3,P_WEIGHT,core,platt,fixed_budget,LightGBM,delta_tp,3306,3.6
paysim,3,P_WEIGHT,core,platt,fixed_budget,LightGBM,delta_tp,3307,87.6
paysim,3,P_WEIGHT,core,platt,fixed_budget,LightGBM,delta_tp,3308,88.8
paysim,3,P_WEIGHT,core,platt,fixed_budget,LightGBM,delta_tp,3309,-84.2
paysim,3,P_WEIGHT,core,platt,fixed_budget,LightGBM,delta_tp,3310,334.8
paysim,3,P_WEIGHT,core,platt,fixed_budget,LightGBM,delta_tp,3311,269.4
paysim,3,P_WEIGHT,core,platt,fixed_budget,LightGBM,delta_tp,3312,738.6
paysim,3,P_WEIGHT,core,platt,fixed_budget,LightGBM,delta_tp,3313,58.0
paysim,3,P_WEIGHT,core,platt,fixed_budget,LightGBM,delta_tp,3314,379.8
paysim,3,P_WEIGHT,core,platt,fixed_budget,LightGBM,delta_tp,3315,48.2
paysim,3,P_WEIGHT,core,platt,fixed_budget,LightGBM,delta_tp,3316,498.6
paysim,3,P_WEIGHT,core,platt,fixed_budget,LightGBM,delta_tp,3317,-20.4
paysim,3,P_WEIGHT,core,platt,fixed_budget,LightGBM,delta_tp,3318,50.8
paysim,3,P_WEIGHT,core,platt,fixed_budget,LightGBM,delta_tp,3319,620.4
paysim,3,P_WEIGHT,core,platt,fixed_budget,LightGBM,delta_tp,3320,169.0
paysim,3,P_WEIGHT,core,platt,fixed_budget,LightGBM,delta_tp,3321,-1.2
paysim,3,P_WEIGHT,core,platt,fixed_budget,LightGBM,delta_tp,3322,228.4
paysim,3,P_WEIGHT,core,platt,fixed_budget,LightGBM,delta_tp,3323,-71.2
paysim,3,P_WEIGHT,core,platt,fixed_budget,LightGBM,delta_tp,3324,136.8
paysim,3,P_WEIGHT,core,platt,fixed_budget,LightGBM,delta_tp,3325,257.2
paysim,3,P_WEIGHT,core,platt,fixed_budget,LightGBM,delta_tp,3326,392.8
paysim,3,P_WEIGHT,core,platt,fixed_budget,LightGBM,delta_tp,3327,524.8
paysim,3,P_WEIGHT,core,platt,fixed_budget,LightGBM,delta_tp,3328,-57.2
paysim,3,P_WEIGHT,core,platt,fixed_budget,LightGBM,delta_tp,3329,64.8
paysim,3,P_WEIGHT,core,platt,fixed_budget,LightGBM,delta_tp,3330,609.8
paysim,3,P_WEIGHT,core,platt,fixed_budget,LightGBM,delta_tp,3331,3.2
paysim,3,P_WEIGHT,core,platt,fixed_budget,LightGBM,delta_tp,3332,387.6
paysim,3,P_WEIGHT,core,platt,fixed_budget,LightGBM,delta_tp,3333,556.0
paysim,3,P_WEIGHT,core,platt,fixed_budget,LightGBM,delta_tp,3334,61.2
paysim,3,P_WEIGHT,core,platt,fixed_budget,LightGBM,delta_tp,3335,43.4
paysim,3,P_WEIGHT,core,platt,fixed_budget,LightGBM,delta_tp,3336,209.8
paysim,3,P_WEIGHT,core,platt,fixed_budget,LightGBM,delta_tp,3337,407.4
paysim,3,P_WEIGHT,core,platt,fixed_budget,LightGBM,delta_tp,3338,39.4
paysim,3,P_WEIGHT,core,platt,fixed_budget,LightGBM,delta_tp,3339,229.6
paysim,3,P_WEIGHT,core,platt,fixed_budget,LightGBM,delta_tp,3340,43.2
paysim,3,P_WEIGHT,core,platt,fixed_budget,LightGBM,delta_tp,3341,165.6
paysim,3,P_WEIGHT,core,platt,fixed_budget,LightGBM,delta_tp,3342,282.0
paysim,3,P_WEIGHT,core,platt,fixed_budget,LightGBM,delta_tp,3343,424.0
paysim,3,P_WEIGHT,core,platt,fixed_budget,LightGBM,delta_tp,3344,-205.6
paysim,3,P_WEIGHT,core,platt,fixed_budget,LightGBM,delta_tp,3345,313.2
paysim,3,P_WEIGHT,core,platt,fixed_budget,LightGBM,delta_tp,3346,145.6
paysim,3,P_WEIGHT,core,platt,fixed_budget,LightGBM,delta_tp,3347,-30.2
paysim,3,P_WEIGHT,core,platt,fixed_budget,LightGBM,delta_tp,3348,399.8
paysim,3,P_WEIGHT,core,platt,fixed_budget,LightGBM,delta_tp,3349,-9.2
paysim,3,P_WEIGHT,core,platt,fixed_budget,LightGBM,delta_tp,3350,279.8
paysim,3,P_WEIGHT,core,platt,fixed_budget,LightGBM,delta_tp,3351,95.6
paysim,3,P_WEIGHT,core,platt,fixed_budget,LightGBM,delta_tp,3352,-45.0
paysim,3,P_WEIGHT,core,platt,fixed_budget,LightGBM,delta_tp,3353,108.0
paysim,3,P_WEIGHT,core,platt,fixed_budget,LightGBM,delta_tp,3354,210.4
paysim,3,P_WEIGHT,core,platt,fixed_budget,LightGBM,delta_tp,3355,-23.8
paysim,3,P_WEIGHT,core,platt,fixed_budget,LightGBM,delta_tp,3356,571.0
paysim,3,P_WEIGHT,core,platt,fixed_budget,LightGBM,delta_tp,3357,265.0
paysim,3,P_WEIGHT,core,platt,fixed_budget,LightGBM,delta_tp,3358,-94.8
paysim,3,P_WEIGHT,core,platt,fixed_budget,LightGBM,delta_tp,3359,-33.6
paysim,3,P_WEIGHT,core,platt,fixed_budget,LightGBM,delta_tp,3360,-38.2
paysim,3,P_WEIGHT,core,platt,fixed_budget,LightGBM,delta_tp,3361,148.8
paysim,3,P_WEIGHT,core,platt,fixed_budget,LightGBM,delta_tp,3362,159.4
paysim,3,P_WEIGHT,core,platt,fixed_budget,LightGBM,delta_tp,3363,300.6
paysim,3,P_WEIGHT,core,platt,fixed_budget,LightGBM,delta_tp,3364,769.4
paysim,3,P_WEIGHT,core,platt,fixed_budget,LightGBM,delta_tp,3365,483.6
paysim,3,P_WEIGHT,core,platt,fixed_budget,LightGBM,delta_tp,3366,607.8
paysim,3,P_WEIGHT,core,platt,fixed_budget,LightGBM,delta_tp,3367,432.2
paysim,3,P_WEIGHT,core,platt,fixed_budget,LightGBM,delta_tp,3368,413.2
paysim,3,P_WEIGHT,core,platt,fixed_budget,LightGBM,delta_tp,3369,-3.2
paysim,3,P_WEIGHT,core,platt,fixed_budget,LightGBM,delta_tp,3370,71.0
paysim,3,P_WEIGHT,core,platt,fixed_budget,LightGBM,delta_tp,3371,-106.4
paysim,3,P_WEIGHT,core,platt,fixed_budget,LightGBM,delta_tp,3372,80.8
paysim,3,P_WEIGHT,core,platt,fixed_budget,LightGBM,delta_tp,3373,-140.0
paysim,3,P_WEIGHT,core,platt,fixed_budget,LightGBM,delta_tp,3374,591.0
paysim,3,P_WEIGHT,core,platt,fixed_budget,LightGBM,delta_tp,3375,-98.0
paysim,3,P_WEIGHT,core,platt,fixed_budget,LightGBM,delta_tp,3376,405.6
paysim,3,P_WEIGHT,core,platt,fixed_budget,LightGBM,delta_tp,3377,-163.4
paysim,3,P_WEIGHT,core,platt,fixed_budget,LightGBM,delta_tp,3378,511.0
paysim,3,P_WEIGHT,core,platt,fixed_budget,LightGBM,delta_tp,3379,-214.6
paysim,3,P_WEIGHT,core,platt,fixed_budget,LightGBM,delta_tp,3380,416.4
paysim,3,P_WEIGHT,core,platt,fixed_budget,LightGBM,delta_tp,3381,-122.8
paysim,3,P_WEIGHT,core,platt,fixed_budget,LightGBM,delta_tp,3382,134.8
paysim,3,P_WEIGHT,core,platt,fixed_budget,LightGBM,delta_tp,3383,359.2
paysim,3,P_WEIGHT,core,platt,fixed_budget,LightGBM,delta_tp,3384,342.4
paysim,3,P_WEIGHT,core,platt,fixed_budget,LightGBM,delta_tp,3385,554.2
paysim,3,P_WEIGHT,core,platt,fixed_budget,LightGBM,delta_tp,3386,45.8
paysim,3,P_WEIGHT,core,platt,fixed_budget,LightGBM,delta_tp,3387,781.8
paysim,3,P_WEIGHT,core,platt,fixed_budget,LightGBM,delta_tp,3388,297.8
paysim,3,P_WEIGHT,core,platt,fixed_budget,LightGBM,delta_tp,3389,-143.0
paysim,3,P_WEIGHT,core,platt,fixed_budget,LightGBM,delta_tp,3390,92.8
paysim,3,P_WEIGHT,core,platt,fixed_budget,LightGBM,delta_tp,3391,362.6
paysim,3,P_WEIGHT,core,platt,fixed_budget,LightGBM,delta_tp,3392,49.6
paysim,3,P_WEIGHT,core,platt,fixed_budget,LightGBM,delta_tp,3393,252.2
paysim,3,P_WEIGHT,core,platt,fixed_budget,LightGBM,delta_tp,3394,-157.6
paysim,3,P_WEIGHT,core,platt,fixed_budget,LightGBM,delta_tp,3395,287.0
paysim,3,P_WEIGHT,core,platt,fixed_budget,LightGBM,delta_tp,3396,252.4
paysim,3,P_WEIGHT,core,platt,fixed_budget,LightGBM,delta_tp,3397,327.6
paysim,3,P_WEIGHT,core,platt,fixed_budget,LightGBM,delta_tp,3398,105.2
paysim,3,P_WEIGHT,core,platt,fixed_budget,LightGBM,delta_tp,3399,-84.2
paysim,3,P_WEIGHT,core,platt,fixed_budget,LightGBM,delta_tp,3400,331.4
paysim,3,P_WEIGHT,core,platt,fixed_budget,LightGBM,delta_tp,3401,371.4
paysim,3,P_WEIGHT,core,platt,fixed_budget,LightGBM,delta_tp,3402,452.6
paysim,3,P_WEIGHT,core,platt,fixed_budget,LightGBM,delta_tp,3403,219.8
paysim,3,P_WEIGHT,core,platt,fixed_budget,LightGBM,delta_tp,3404,670.4
paysim,3,P_WEIGHT,core,platt,fixed_budget,LightGBM,delta_tp,3405,-147.8
paysim,3,P_WEIGHT,core,platt,fixed_budget,LightGBM,delta_tp,3406,-85.2
paysim,3,P_WEIGHT,core,platt,fixed_budget,LightGBM,delta_tp,3407,-82.0
paysim,3,P_WEIGHT,core,platt,fixed_budget,LightGBM,delta_tp,3408,199.6
paysim,3,P_WEIGHT,core,platt,fixed_budget,LightGBM,delta_tp,3409,487.0
paysim,3,P_WEIGHT,core,platt,fixed_budget,LightGBM,delta_tp,3410,-186.0
paysim,3,P_WEIGHT,core,platt,fixed_budget,LightGBM,delta_tp,3411,65.4
paysim,3,P_WEIGHT,core,platt,fixed_budget,LightGBM,delta_tp,3412,128.8
paysim,3,P_WEIGHT,core,platt,fixed_budget,LightGBM,delta_tp,3413,738.4
paysim,3,P_WEIGHT,core,platt,fixed_budget,LightGBM,delta_tp,3414,-11.8
paysim,3,P_WEIGHT,core,platt,fixed_budget,LightGBM,delta_tp,3415,591.8
paysim,3,P_WEIGHT,core,platt,fixed_budget,LightGBM,delta_tp,3416,138.6
paysim,3,P_WEIGHT,core,platt,fixed_budget,LightGBM,delta_tp,3417,1046.0
paysim,3,P_WEIGHT,core,platt,fixed_budget,LightGBM,delta_tp,3418,-22.2
paysim,3,P_WEIGHT,core,platt,fixed_budget,LightGBM,delta_tp,3419,36.2
paysim,3,P_WEIGHT,core,platt,fixed_budget,LightGBM,delta_tp,3420,195.2
paysim,3,P_WEIGHT,core,platt,fixed_budget,LightGBM,delta_tp,3421,-153.2
paysim,3,P_WEIGHT,core,platt,fixed_budget,LightGBM,delta_tp,3422,74.0
paysim,3,P_WEIGHT,core,platt,fixed_budget,LightGBM,delta_tp,3423,257.4
paysim,3,P_WEIGHT,core,platt,fixed_budget,LightGBM,delta_tp,3424,147.2
paysim,3,P_WEIGHT,core,platt,fixed_budget,LightGBM,delta_tp,3425,223.4
paysim,3,P_WEIGHT,core,platt,fixed_budget,LightGBM,delta_tp,3426,294.6
paysim,3,P_WEIGHT,core,platt,fixed_budget,LightGBM,delta_tp,3427,-13.0
paysim,3,P_WEIGHT,core,platt,fixed_budget,LightGBM,delta_tp,3428,680.6
paysim,3,P_WEIGHT,core,platt,fixed_budget,LightGBM,delta_tp,3429,-184.4
paysim,3,P_WEIGHT,core,platt,fixed_budget,LightGBM,delta_tp,3430,287.4
paysim,3,P_WEIGHT,core,platt,fixed_budget,LightGBM,delta_tp,3431,563.8
paysim,3,P_WEIGHT,core,platt,fixed_budget,LightGBM,delta_tp,3432,-85.0
paysim,3,P_WEIGHT,core,platt,fixed_budget,LightGBM,delta_tp,3433,323.8
paysim,3,P_WEIGHT,core,platt,fixed_budget,LightGBM,delta_tp,3434,37.4
paysim,3,P_WEIGHT,core,platt,fixed_budget,LightGBM,delta_tp,3435,582.0
paysim,3,P_WEIGHT,core,platt,fixed_budget,LightGBM,delta_tp,3436,-65.8
paysim,3,P_WEIGHT,core,platt,fixed_budget,LightGBM,delta_tp,3437,176.2
paysim,3,P_WEIGHT,core,platt,fixed_budget,LightGBM,delta_tp,3438,-37.6
paysim,3,P_WEIGHT,core,platt,fixed_budget,LightGBM,delta_tp,3439,-31.8
paysim,3,P_WEIGHT,core,platt,fixed_budget,LightGBM,delta_tp,3440,146.2
paysim,3,P_WEIGHT,core,platt,fixed_budget,LightGBM,delta_tp,3441,454.0
paysim,3,P_WEIGHT,core,platt,fixed_budget,LightGBM,delta_tp,3442,461.4
paysim,3,P_WEIGHT,core,platt,fixed_budget,LightGBM,delta_tp,3443,274.4
paysim,3,P_WEIGHT,core,platt,fixed_budget,LightGBM,delta_tp,3444,714.8
paysim,3,P_WEIGHT,core,platt,fixed_budget,LightGBM,delta_tp,3445,195.0
paysim,3,P_WEIGHT,core,platt,fixed_budget,LightGBM,delta_tp,3446,130.4
paysim,3,P_WEIGHT,core,platt,fixed_budget,LightGBM,delta_tp,3447,-160.4
paysim,3,P_WEIGHT,core,platt,fixed_budget,LightGBM,delta_tp,3448,617.6
paysim,3,P_WEIGHT,core,platt,fixed_budget,LightGBM,delta_tp,3449,875.4
paysim,3,P_WEIGHT,core,platt,fixed_budget,LightGBM,delta_tp,3450,813.6
paysim,3,P_WEIGHT,core,platt,fixed_budget,LightGBM,delta_tp,3451,-140.8
paysim,3,P_WEIGHT,core,platt,fixed_budget,LightGBM,delta_tp,3452,83.4
paysim,3,P_WEIGHT,core,platt,fixed_budget,LightGBM,delta_tp,3453,-149.0
paysim,3,P_WEIGHT,core,platt,fixed_budget,LightGBM,delta_tp,3454,-175.6
paysim,3,P_WEIGHT,core,platt,fixed_budget,LightGBM,delta_tp,3455,-109.8
paysim,3,P_WEIGHT,core,platt,fixed_budget,LightGBM,delta_tp,3456,208.6
paysim,3,P_WEIGHT,core,platt,fixed_budget,LightGBM,delta_tp,3457,558.8
paysim,3,P_WEIGHT,core,platt,fixed_budget,LightGBM,delta_tp,3458,106.6
paysim,3,P_WEIGHT,core,platt,fixed_budget,LightGBM,delta_tp,3459,282.2
paysim,3,P_WEIGHT,core,platt,fixed_budget,LightGBM,delta_tp,3460,-118.6
paysim,3,P_WEIGHT,core,platt,fixed_budget,LightGBM,delta_tp,3461,62.8
paysim,3,P_WEIGHT,core,platt,fixed_budget,LightGBM,delta_tp,3462,125.0
paysim,3,P_WEIGHT,core,platt,fixed_budget,LightGBM,delta_tp,3463,-71.0
paysim,3,P_WEIGHT,core,platt,fixed_budget,LightGBM,delta_tp,3464,125.4
paysim,3,P_WEIGHT,core,platt,fixed_budget,LightGBM,delta_tp,3465,85.2
paysim,3,P_WEIGHT,core,platt,fixed_budget,LightGBM,delta_tp,3466,448.4
paysim,3,P_WEIGHT,core,platt,fixed_budget,LightGBM,delta_tp,3467,796.0
paysim,3,P_WEIGHT,core,platt,fixed_budget,LightGBM,delta_tp,3468,55.8
paysim,3,P_WEIGHT,core,platt,fixed_budget,LightGBM,delta_tp,3469,-28.4
paysim,3,P_WEIGHT,core,platt,fixed_budget,LightGBM,delta_tp,3470,-76.2
paysim,3,P_WEIGHT,core,platt,fixed_budget,LightGBM,delta_tp,3471,382.2
paysim,3,P_WEIGHT,core,platt,fixed_budget,LightGBM,delta_tp,3472,32.6
paysim,3,P_WEIGHT,core,platt,fixed_budget,LightGBM,delta_tp,3473,308.6
paysim,3,P_WEIGHT,core,platt,fixed_budget,LightGBM,delta_tp,3474,743.8
paysim,3,P_WEIGHT,core,platt,fixed_budget,LightGBM,delta_tp,3475,149.8
paysim,3,P_WEIGHT,core,platt,fixed_budget,LightGBM,delta_tp,3476,410.6
paysim,3,P_WEIGHT,core,platt,fixed_budget,LightGBM,delta_tp,3477,72.8
paysim,3,P_WEIGHT,core,platt,fixed_budget,LightGBM,delta_tp,3478,198.0
paysim,3,P_WEIGHT,core,platt,fixed_budget,LightGBM,delta_tp,3479,217.0
paysim,3,P_WEIGHT,core,platt,fixed_budget,LightGBM,delta_tp,3480,170.8
paysim,3,P_WEIGHT,core,platt,fixed_budget,LightGBM,delta_tp,3481,468.2
paysim,3,P_WEIGHT,core,platt,fixed_budget,LightGBM,delta_tp,3482,643.2
paysim,3,P_WEIGHT,core,platt,fixed_budget,LightGBM,delta_tp,3483,114.2
paysim,3,P_WEIGHT,core,platt,fixed_budget,LightGBM,delta_tp,3484,-176.0
paysim,3,P_WEIGHT,core,platt,fixed_budget,LightGBM,delta_tp,3485,308.4
paysim,3,P_WEIGHT,core,platt,fixed_budget,LightGBM,delta_tp,3486,348.4
paysim,3,P_WEIGHT,core,platt,fixed_budget,LightGBM,delta_tp,3487,592.0
paysim,3,P_WEIGHT,core,platt,fixed_budget,LightGBM,delta_tp,3488,-88.2
paysim,3,P_WEIGHT,core,platt,fixed_budget,LightGBM,delta_tp,3489,740.4
paysim,3,P_WEIGHT,core,platt,fixed_budget,LightGBM,delta_tp,3490,43.2
paysim,3,P_WEIGHT,core,platt,fixed_budget,LightGBM,delta_tp,3491,299.4
paysim,3,P_WEIGHT,core,platt,fixed_budget,LightGBM,delta_tp,3492,583.4
paysim,3,P_WEIGHT,core,platt,fixed_budget,LightGBM,delta_tp,3493,364.0
paysim,3,P_WEIGHT,core,platt,fixed_budget,LightGBM,delta_tp,3494,222.2
paysim,3,P_WEIGHT,core,platt,fixed_budget,LightGBM,delta_tp,3495,-23.0
paysim,3,P_WEIGHT,core,platt,fixed_budget,LightGBM,delta_tp,3496,633.2
paysim,3,P_WEIGHT,core,platt,fixed_budget,LightGBM,delta_tp,3497,54.0
paysim,3,P_WEIGHT,core,platt,fixed_budget,LightGBM,delta_tp,3498,680.8
paysim,3,P_WEIGHT,core,platt,fixed_budget,LightGBM,delta_tp,3499,331.0
paysim,3,P_WEIGHT,core,platt,fixed_budget,LightGBM,delta_tp,3500,413.2
paysim,3,P_WEIGHT,core,platt,fixed_budget,LightGBM,delta_tp,3501,-104.2
paysim,3,P_WEIGHT,core,platt,fixed_budget,LightGBM,delta_tp,3502,602.4
paysim,3,P_WEIGHT,core,platt,fixed_budget,LightGBM,delta_tp,3503,530.6
paysim,3,P_WEIGHT,core,platt,fixed_budget,LightGBM,delta_tp,3504,168.0
paysim,3,P_WEIGHT,core,platt,fixed_budget,LightGBM,delta_tp,3505,581.6
paysim,3,P_WEIGHT,core,platt,fixed_budget,LightGBM,delta_tp,3506,-123.6
paysim,3,P_WEIGHT,core,platt,fixed_budget,LightGBM,delta_tp,3507,165.4
paysim,3,P_WEIGHT,core,platt,fixed_budget,LightGBM,delta_tp,3508,813.0
paysim,3,P_WEIGHT,core,platt,fixed_budget,LightGBM,delta_tp,3509,400.4
paysim,3,P_WEIGHT,core,platt,fixed_budget,LightGBM,delta_tp,3510,18.0
paysim,3,P_WEIGHT,core,platt,fixed_budget,LightGBM,delta_tp,3511,223.6
paysim,3,P_WEIGHT,core,platt,fixed_budget,LightGBM,delta_tp,3512,132.0
paysim,3,P_WEIGHT,core,platt,fixed_budget,LightGBM,delta_tp,3513,136.2
paysim,3,P_WEIGHT,core,platt,fixed_budget,LightGBM,delta_tp,3514,163.6
paysim,3,P_WEIGHT,core,platt,fixed_budget,LightGBM,delta_tp,3515,361.4
paysim,3,P_WEIGHT,core,platt,fixed_budget,LightGBM,delta_tp,3516,332.2
paysim,3,P_WEIGHT,core,platt,fixed_budget,LightGBM,delta_tp,3517,430.0
paysim,3,P_WEIGHT,core,platt,fixed_budget,LightGBM,delta_tp,3518,184.8
paysim,3,P_WEIGHT,core,platt,fixed_budget,LightGBM,delta_tp,3519,375.2
paysim,3,P_WEIGHT,core,platt,fixed_budget,LightGBM,delta_tp,3520,234.0
paysim,3,P_WEIGHT,core,platt,fixed_budget,LightGBM,delta_tp,3521,584.0
paysim,3,P_WEIGHT,core,platt,fixed_budget,LightGBM,delta_tp,3522,8.4
paysim,3,P_WEIGHT,core,platt,fixed_budget,LightGBM,delta_tp,3523,312.2
paysim,3,P_WEIGHT,core,platt,fixed_budget,LightGBM,delta_tp,3524,258.4
paysim,3,P_WEIGHT,core,platt,fixed_budget,LightGBM,delta_tp,3525,489.4
paysim,3,P_WEIGHT,core,platt,fixed_budget,LightGBM,delta_tp,3526,180.2
paysim,3,P_WEIGHT,core,platt,fixed_budget,LightGBM,delta_tp,3527,-110.0
paysim,3,P_WEIGHT,core,platt,fixed_budget,LightGBM,delta_tp,3528,-72.2
paysim,3,P_WEIGHT,core,platt,fixed_budget,LightGBM,delta_tp,3529,516.8
paysim,3,P_WEIGHT,core,platt,fixed_budget,LightGBM,delta_tp,3530,44.0
paysim,3,P_WEIGHT,core,platt,fixed_budget,LightGBM,delta_tp,3531,624.8
paysim,3,P_WEIGHT,core,platt,fixed_budget,LightGBM,delta_tp,3532,237.8
paysim,3,P_WEIGHT,core,platt,fixed_budget,LightGBM,delta_tp,3533,175.4
paysim,3,P_WEIGHT,core,platt,fixed_budget,LightGBM,delta_tp,3534,246.6
paysim,3,P_WEIGHT,core,platt,fixed_budget,LightGBM,delta_tp,3535,132.4
paysim,3,P_WEIGHT,core,platt,fixed_budget,LightGBM,delta_tp,3536,-119.4
paysim,3,P_WEIGHT,core,platt,fixed_budget,LightGBM,delta_tp,3537,204.6
paysim,3,P_WEIGHT,core,platt,fixed_budget,LightGBM,delta_tp,3538,534.0
paysim,3,P_WEIGHT,core,platt,fixed_budget,LightGBM,delta_tp,3539,74.0
paysim,3,P_WEIGHT,core,platt,fixed_budget,LightGBM,delta_tp,3540,327.8
paysim,3,P_WEIGHT,core,platt,fixed_budget,LightGBM,delta_tp,3541,329.0
paysim,3,P_WEIGHT,core,platt,fixed_budget,LightGBM,delta_tp,3542,391.2
paysim,3,P_WEIGHT,core,platt,fixed_budget,LightGBM,delta_tp,3543,282.8
paysim,3,P_WEIGHT,core,platt,fixed_budget,LightGBM,delta_tp,3544,954.2
paysim,3,P_WEIGHT,core,platt,fixed_budget,LightGBM,delta_tp,3545,3.8
paysim,3,P_WEIGHT,core,platt,fixed_budget,LightGBM,delta_tp,3546,114.8
paysim,3,P_WEIGHT,core,platt,fixed_budget,LightGBM,delta_tp,3547,397.8
paysim,3,P_WEIGHT,core,platt,fixed_budget,LightGBM,delta_tp,3548,39.4
paysim,3,P_WEIGHT,core,platt,fixed_budget,LightGBM,delta_tp,3549,77.6
paysim,3,P_WEIGHT,core,platt,fixed_budget,LightGBM,delta_tp,3550,13.8
paysim,3,P_WEIGHT,core,platt,fixed_budget,LightGBM,delta_tp,3551,309.2
paysim,3,P_WEIGHT,core,platt,fixed_budget,LightGBM,delta_tp,3552,-81.0
paysim,3,P_WEIGHT,core,platt,fixed_budget,LightGBM,delta_tp,3553,-166.8
paysim,3,P_WEIGHT,core,platt,fixed_budget,LightGBM,delta_tp,3554,34.2
paysim,3,P_WEIGHT,core,platt,fixed_budget,LightGBM,delta_tp,3555,592.2
paysim,3,P_WEIGHT,core,platt,fixed_budget,LightGBM,delta_tp,3556,208.6
paysim,3,P_WEIGHT,core,platt,fixed_budget,LightGBM,delta_tp,3557,173.6
paysim,3,P_WEIGHT,core,platt,fixed_budget,LightGBM,delta_tp,3558,37.0
paysim,3,P_WEIGHT,core,platt,fixed_budget,LightGBM,delta_tp,3559,-11.6
paysim,3,P_WEIGHT,core,platt,fixed_budget,LightGBM,delta_tp,3560,570.8
paysim,3,P_WEIGHT,core,platt,fixed_budget,LightGBM,delta_tp,3561,291.2
paysim,3,P_WEIGHT,core,platt,fixed_budget,LightGBM,delta_tp,3562,-47.8
paysim,3,P_WEIGHT,core,platt,fixed_budget,LightGBM,delta_tp,3563,506.4
paysim,3,P_WEIGHT,core,platt,fixed_budget,LightGBM,delta_tp,3564,178.0
paysim,3,P_WEIGHT,core,platt,fixed_budget,LightGBM,delta_tp,3565,293.6
paysim,3,P_WEIGHT,core,platt,fixed_budget,LightGBM,delta_tp,3566,112.0
paysim,3,P_WEIGHT,core,platt,fixed_budget,LightGBM,delta_tp,3567,290.8
paysim,3,P_WEIGHT,core,platt,fixed_budget,LightGBM,delta_tp,3568,-123.2
paysim,3,P_WEIGHT,core,platt,fixed_budget,LightGBM,delta_tp,3569,554.6
paysim,3,P_WEIGHT,core,platt,fixed_budget,LightGBM,delta_tp,3570,51.0
paysim,3,P_WEIGHT,core,platt,fixed_budget,LightGBM,delta_tp,3571,124.0
paysim,3,P_WEIGHT,core,platt,fixed_budget,LightGBM,delta_tp,3572,-121.8
paysim,3,P_WEIGHT,core,platt,fixed_budget,LightGBM,delta_tp,3573,184.0
paysim,3,P_WEIGHT,core,platt,fixed_budget,LightGBM,delta_tp,3574,208.2
paysim,3,P_WEIGHT,core,platt,fixed_budget,LightGBM,delta_tp,3575,-132.2
paysim,3,P_WEIGHT,core,platt,fixed_budget,LightGBM,delta_tp,3576,163.2
paysim,3,P_WEIGHT,core,platt,fixed_budget,LightGBM,delta_tp,3577,232.2
paysim,3,P_WEIGHT,core,platt,fixed_budget,LightGBM,delta_tp,3578,-116.2
paysim,3,P_WEIGHT,core,platt,fixed_budget,LightGBM,delta_tp,3579,337.8
paysim,3,P_WEIGHT,core,platt,fixed_budget,LightGBM,delta_tp,3580,219.0
paysim,3,P_WEIGHT,core,platt,fixed_budget,LightGBM,delta_tp,3581,605.6
paysim,3,P_WEIGHT,core,platt,fixed_budget,LightGBM,delta_tp,3582,150.4
paysim,3,P_WEIGHT,core,platt,fixed_budget,LightGBM,delta_tp,3583,675.0
paysim,3,P_WEIGHT,core,platt,fixed_budget,LightGBM,delta_tp,3584,11.2
paysim,3,P_WEIGHT,core,platt,fixed_budget,LightGBM,delta_tp,3585,475.0
paysim,3,P_WEIGHT,core,platt,fixed_budget,LightGBM,delta_tp,3586,-1.8
paysim,3,P_WEIGHT,core,platt,fixed_budget,LightGBM,delta_tp,3587,322.0
paysim,3,P_WEIGHT,core,platt,fixed_budget,LightGBM,delta_tp,3588,-6.4
paysim,3,P_WEIGHT,core,platt,fixed_budget,LightGBM,delta_tp,3589,301.6
paysim,3,P_WEIGHT,core,platt,fixed_budget,LightGBM,delta_tp,3590,263.6
paysim,3,P_WEIGHT,core,platt,fixed_budget,LightGBM,delta_tp,3591,-82.6
paysim,3,P_WEIGHT,core,platt,fixed_budget,LightGBM,delta_tp,3592,598.0
paysim,3,P_WEIGHT,core,platt,fixed_budget,LightGBM,delta_tp,3593,396.2
paysim,3,P_WEIGHT,core,platt,fixed_budget,LightGBM,delta_tp,3594,-148.0
paysim,3,P_WEIGHT,core,platt,fixed_budget,LightGBM,delta_tp,3595,175.2
paysim,3,P_WEIGHT,core,platt,fixed_budget,LightGBM,delta_tp,3596,676.4
paysim,3,P_WEIGHT,core,platt,fixed_budget,LightGBM,delta_tp,3597,-94.2
paysim,3,P_WEIGHT,core,platt,fixed_budget,LightGBM,delta_tp,3598,302.6
paysim,3,P_WEIGHT,core,platt,fixed_budget,LightGBM,delta_tp,3599,826.2
paysim,3,P_WEIGHT,core,platt,fixed_budget,LightGBM,delta_tp,3600,9.2
paysim,3,P_WEIGHT,core,platt,fixed_budget,LightGBM,delta_tp,3601,819.8
paysim,3,P_WEIGHT,core,platt,fixed_budget,LightGBM,delta_tp,3602,-1.0
paysim,3,P_WEIGHT,core,platt,fixed_budget,LightGBM,delta_tp,3603,19.0
paysim,3,P_WEIGHT,core,platt,fixed_budget,LightGBM,delta_tp,3604,-106.8
paysim,3,P_WEIGHT,core,platt,fixed_budget,LightGBM,delta_tp,3605,453.0
paysim,3,P_WEIGHT,core,platt,fixed_budget,LightGBM,delta_tp,3606,46.0
paysim,3,P_WEIGHT,core,platt,fixed_budget,LightGBM,delta_tp,3607,-82.2
paysim,3,P_WEIGHT,core,platt,fixed_budget,LightGBM,delta_tp,3608,4.0
paysim,3,P_WEIGHT,core,platt,fixed_budget,LightGBM,delta_tp,3609,-154.2
paysim,3,P_WEIGHT,core,platt,fixed_budget,LightGBM,delta_tp,3610,532.4
paysim,3,P_WEIGHT,core,platt,fixed_budget,LightGBM,delta_tp,3611,-41.4
paysim,3,P_WEIGHT,core,platt,fixed_budget,LightGBM,delta_tp,3612,186.0
paysim,3,P_WEIGHT,core,platt,fixed_budget,LightGBM,delta_tp,3613,-162.8
paysim,3,P_WEIGHT,core,platt,fixed_budget,LightGBM,delta_tp,3614,-46.2
paysim,3,P_WEIGHT,core,platt,fixed_budget,LightGBM,delta_tp,3615,110.8
paysim,3,P_WEIGHT,core,platt,fixed_budget,LightGBM,delta_tp,3616,259.4
paysim,3,P_WEIGHT,core,platt,fixed_budget,LightGBM,delta_tp,3617,-68.4
paysim,3,P_WEIGHT,core,platt,fixed_budget,LightGBM,delta_tp,3618,133.8
paysim,3,P_WEIGHT,core,platt,fixed_budget,LightGBM,delta_tp,3619,68.4
paysim,3,P_WEIGHT,core,platt,fixed_budget,LightGBM,delta_tp,3620,615.6
paysim,3,P_WEIGHT,core,platt,fixed_budget,LightGBM,delta_tp,3621,190.4
paysim,3,P_WEIGHT,core,platt,fixed_budget,LightGBM,delta_tp,3622,724.2
paysim,3,P_WEIGHT,core,platt,fixed_budget,LightGBM,delta_tp,3623,-120.8
paysim,3,P_WEIGHT,core,platt,fixed_budget,LightGBM,delta_tp,3624,-164.2
paysim,3,P_WEIGHT,core,platt,fixed_budget,LightGBM,delta_tp,3625,410.4
paysim,3,P_WEIGHT,core,platt,fixed_budget,LightGBM,delta_tp,3626,146.2
paysim,3,P_WEIGHT,core,platt,fixed_budget,LightGBM,delta_tp,3627,60.6
paysim,3,P_WEIGHT,core,platt,fixed_budget,LightGBM,delta_tp,3628,28.8
paysim,3,P_WEIGHT,core,platt,fixed_budget,LightGBM,delta_tp,3629,331.0
paysim,3,P_WEIGHT,core,platt,fixed_budget,LightGBM,delta_tp,3630,49.6
paysim,3,P_WEIGHT,core,platt,fixed_budget,LightGBM,delta_tp,3631,61.6
paysim,3,P_WEIGHT,core,platt,fixed_budget,LightGBM,delta_tp,3632,454.6
paysim,3,P_WEIGHT,core,platt,fixed_budget,LightGBM,delta_tp,3633,517.8
paysim,3,P_WEIGHT,core,platt,fixed_budget,LightGBM,delta_tp,3634,670.8
paysim,3,P_WEIGHT,core,platt,fixed_budget,LightGBM,delta_tp,3635,-162.6
paysim,3,P_WEIGHT,core,platt,fixed_budget,LightGBM,delta_tp,3636,350.0
paysim,3,P_WEIGHT,core,platt,fixed_budget,LightGBM,delta_tp,3637,-49.0
paysim,3,P_WEIGHT,core,platt,fixed_budget,LightGBM,delta_tp,3638,474.4
paysim,3,P_WEIGHT,core,platt,fixed_budget,LightGBM,delta_tp,3639,556.2
paysim,3,P_WEIGHT,core,platt,fixed_budget,LightGBM,delta_tp,3640,272.2
paysim,3,P_WEIGHT,core,platt,fixed_budget,LightGBM,delta_tp,3641,358.6
paysim,3,P_WEIGHT,core,platt,fixed_budget,LightGBM,delta_tp,3642,787.0
paysim,3,P_WEIGHT,core,platt,fixed_budget,LightGBM,delta_tp,3643,42.8
paysim,3,P_WEIGHT,core,platt,fixed_budget,LightGBM,delta_tp,3644,252.8
paysim,3,P_WEIGHT,core,platt,fixed_budget,LightGBM,delta_tp,3645,-185.8
paysim,3,P_WEIGHT,core,platt,fixed_budget,LightGBM,delta_tp,3646,-120.8
paysim,3,P_WEIGHT,core,platt,fixed_budget,LightGBM,delta_tp,3647,175.4
paysim,3,P_WEIGHT,core,platt,fixed_budget,LightGBM,delta_tp,3648,-149.2
paysim,3,P_WEIGHT,core,platt,fixed_budget,LightGBM,delta_tp,3649,816.8
paysim,3,P_WEIGHT,core,platt,fixed_budget,LightGBM,delta_tp,3650,135.4
paysim,3,P_WEIGHT,core,platt,fixed_budget,LightGBM,delta_tp,3651,463.8
paysim,3,P_WEIGHT,core,platt,fixed_budget,LightGBM,delta_tp,3652,-176.0
paysim,3,P_WEIGHT,core,platt,fixed_budget,LightGBM,delta_tp,3653,391.0
paysim,3,P_WEIGHT,core,platt,fixed_budget,LightGBM,delta_tp,3654,223.0
paysim,3,P_WEIGHT,core,platt,fixed_budget,LightGBM,delta_tp,3655,201.6
paysim,3,P_WEIGHT,core,platt,fixed_budget,LightGBM,delta_tp,3656,389.6
paysim,3,P_WEIGHT,core,platt,fixed_budget,LightGBM,delta_tp,3657,138.6
paysim,3,P_WEIGHT,core,platt,fixed_budget,LightGBM,delta_tp,3658,135.6
paysim,3,P_WEIGHT,core,platt,fixed_budget,LightGBM,delta_tp,3659,103.6
paysim,3,P_WEIGHT,core,platt,fixed_budget,LightGBM,delta_tp,3660,45.0
paysim,3,P_WEIGHT,core,platt,fixed_budget,LightGBM,delta_tp,3661,-47.2
paysim,3,P_WEIGHT,core,platt,fixed_budget,LightGBM,delta_tp,3662,-107.2
paysim,3,P_WEIGHT,core,platt,fixed_budget,LightGBM,delta_tp,3663,-133.4
paysim,3,P_WEIGHT,core,platt,fixed_budget,LightGBM,delta_tp,3664,557.4
paysim,3,P_WEIGHT,core,platt,fixed_budget,LightGBM,delta_tp,3665,267.4
paysim,3,P_WEIGHT,core,platt,fixed_budget,LightGBM,delta_tp,3666,388.0
paysim,3,P_WEIGHT,core,platt,fixed_budget,LightGBM,delta_tp,3667,-82.2
paysim,3,P_WEIGHT,core,platt,fixed_budget,LightGBM,delta_tp,3668,-131.2
paysim,3,P_WEIGHT,core,platt,fixed_budget,LightGBM,delta_tp,3669,-55.8
paysim,3,P_WEIGHT,core,platt,fixed_budget,LightGBM,delta_tp,3670,21.2
paysim,3,P_WEIGHT,core,platt,fixed_budget,LightGBM,delta_tp,3671,280.0
paysim,3,P_WEIGHT,core,platt,fixed_budget,LightGBM,delta_tp,3672,-20.4
paysim,3,P_WEIGHT,core,platt,fixed_budget,LightGBM,delta_tp,3673,282.8
paysim,3,P_WEIGHT,core,platt,fixed_budget,LightGBM,delta_tp,3674,-66.4
paysim,3,P_WEIGHT,core,platt,fixed_budget,LightGBM,delta_tp,3675,357.2
paysim,3,P_WEIGHT,core,platt,fixed_budget,LightGBM,delta_tp,3676,314.6
paysim,3,P_WEIGHT,core,platt,fixed_budget,LightGBM,delta_tp,3677,132.4
paysim,3,P_WEIGHT,core,platt,fixed_budget,LightGBM,delta_tp,3678,291.4
paysim,3,P_WEIGHT,core,platt,fixed_budget,LightGBM,delta_tp,3679,515.2
paysim,3,P_WEIGHT,core,platt,fixed_budget,LightGBM,delta_tp,3680,291.2
paysim,3,P_WEIGHT,core,platt,fixed_budget,LightGBM,delta_tp,3681,190.4
paysim,3,P_WEIGHT,core,platt,fixed_budget,LightGBM,delta_tp,3682,-66.0
paysim,3,P_WEIGHT,core,platt,fixed_budget,LightGBM,delta_tp,3683,238.6
paysim,3,P_WEIGHT,core,platt,fixed_budget,LightGBM,delta_tp,3684,155.4
paysim,3,P_WEIGHT,core,platt,fixed_budget,LightGBM,delta_tp,3685,264.2
paysim,3,P_WEIGHT,core,platt,fixed_budget,LightGBM,delta_tp,3686,353.0
paysim,3,P_WEIGHT,core,platt,fixed_budget,LightGBM,delta_tp,3687,16.0
paysim,3,P_WEIGHT,core,platt,fixed_budget,LightGBM,delta_tp,3688,-134.4
paysim,3,P_WEIGHT,core,platt,fixed_budget,LightGBM,delta_tp,3689,-2.2
paysim,3,P_WEIGHT,core,platt,fixed_budget,LightGBM,delta_tp,3690,505.4
paysim,3,P_WEIGHT,core,platt,fixed_budget,LightGBM,delta_tp,3691,11.6
paysim,3,P_WEIGHT,core,platt,fixed_budget,LightGBM,delta_tp,3692,204.6
paysim,3,P_WEIGHT,core,platt,fixed_budget,LightGBM,delta_tp,3693,476.8
paysim,3,P_WEIGHT,core,platt,fixed_budget,LightGBM,delta_tp,3694,245.2
paysim,3,P_WEIGHT,core,platt,fixed_budget,LightGBM,delta_tp,3695,-112.0
paysim,3,P_WEIGHT,core,platt,fixed_budget,LightGBM,delta_tp,3696,482.0
paysim,3,P_WEIGHT,core,platt,fixed_budget,LightGBM,delta_tp,3697,-128.0
paysim,3,P_WEIGHT,core,platt,fixed_budget,LightGBM,delta_tp,3698,68.8
paysim,3,P_WEIGHT,core,platt,fixed_budget,LightGBM,delta_tp,3699,-34.8
paysim,3,P_WEIGHT,core,platt,fixed_budget,LightGBM,delta_tp,3700,47.8
paysim,3,P_WEIGHT,core,platt,fixed_budget,LightGBM,delta_tp,3701,338.2
paysim,3,P_WEIGHT,core,platt,fixed_budget,LightGBM,delta_tp,3702,-129.4
paysim,3,P_WEIGHT,core,platt,fixed_budget,LightGBM,delta_tp,3703,51.8
paysim,3,P_WEIGHT,core,platt,fixed_budget,LightGBM,delta_tp,3704,294.4
paysim,3,P_WEIGHT,core,platt,fixed_budget,LightGBM,delta_tp,3705,329.4
paysim,3,P_WEIGHT,core,platt,fixed_budget,LightGBM,delta_tp,3706,-38.6
paysim,3,P_WEIGHT,core,platt,fixed_budget,LightGBM,delta_tp,3707,128.4
paysim,3,P_WEIGHT,core,platt,fixed_budget,LightGBM,delta_tp,3708,-44.4
paysim,3,P_WEIGHT,core,platt,fixed_budget,LightGBM,delta_tp,3709,328.4
paysim,3,P_WEIGHT,core,platt,fixed_budget,LightGBM,delta_tp,3710,-142.8
paysim,3,P_WEIGHT,core,platt,fixed_budget,LightGBM,delta_tp,3711,-190.6
paysim,3,P_WEIGHT,core,platt,fixed_budget,LightGBM,delta_tp,3712,326.0
paysim,3,P_WEIGHT,core,platt,fixed_budget,LightGBM,delta_tp,3713,321.6
paysim,3,P_WEIGHT,core,platt,fixed_budget,LightGBM,delta_tp,3714,743.6
paysim,3,P_WEIGHT,core,platt,fixed_budget,LightGBM,delta_tp,3715,-85.8
paysim,3,P_WEIGHT,core,platt,fixed_budget,LightGBM,delta_tp,3716,181.2
paysim,3,P_WEIGHT,core,platt,fixed_budget,LightGBM,delta_tp,3717,-91.6
paysim,3,P_WEIGHT,core,platt,fixed_budget,LightGBM,delta_tp,3718,367.8
paysim,3,P_WEIGHT,core,platt,fixed_budget,LightGBM,delta_tp,3719,-58.0
paysim,3,P_WEIGHT,core,platt,fixed_budget,LightGBM,delta_tp,3720,783.0
paysim,3,P_WEIGHT,core,platt,fixed_budget,LightGBM,delta_tp,3721,90.8
paysim,3,P_WEIGHT,core,platt,fixed_budget,LightGBM,delta_tp,3722,300.0
paysim,3,P_WEIGHT,core,platt,fixed_budget,LightGBM,delta_tp,3723,-126.6
paysim,3,P_WEIGHT,core,platt,fixed_budget,LightGBM,delta_tp,3724,467.6
paysim,3,P_WEIGHT,core,platt,fixed_budget,LightGBM,delta_tp,3725,152.6
paysim,3,P_WEIGHT,core,platt,fixed_budget,LightGBM,delta_tp,3726,-115.8
paysim,3,P_WEIGHT,core,platt,fixed_budget,LightGBM,delta_tp,3727,151.4
paysim,3,P_WEIGHT,core,platt,fixed_budget,LightGBM,delta_tp,3728,279.0
paysim,3,P_WEIGHT,core,platt,fixed_budget,LightGBM,delta_tp,3729,433.2
paysim,3,P_WEIGHT,core,platt,fixed_budget,LightGBM,delta_tp,3730,-94.2
paysim,3,P_WEIGHT,core,platt,fixed_budget,LightGBM,delta_tp,3731,495.6
paysim,3,P_WEIGHT,core,platt,fixed_budget,LightGBM,delta_tp,3732,524.4
paysim,3,P_WEIGHT,core,platt,fixed_budget,LightGBM,delta_tp,3733,-100.4
paysim,3,P_WEIGHT,core,platt,fixed_budget,LightGBM,delta_tp,3734,561.4
paysim,3,P_WEIGHT,core,platt,fixed_budget,LightGBM,delta_tp,3735,-156.4
paysim,3,P_WEIGHT,core,platt,fixed_budget,LightGBM,delta_tp,3736,472.2
paysim,3,P_WEIGHT,core,platt,fixed_budget,LightGBM,delta_tp,3737,31.8
paysim,3,P_WEIGHT,core,platt,fixed_budget,LightGBM,delta_tp,3738,462.4
paysim,3,P_WEIGHT,core,platt,fixed_budget,LightGBM,delta_tp,3739,221.4
paysim,3,P_WEIGHT,core,platt,fixed_budget,LightGBM,delta_tp,3740,240.0
paysim,3,P_WEIGHT,core,platt,fixed_budget,LightGBM,delta_tp,3741,-146.6
paysim,3,P_WEIGHT,core,platt,fixed_budget,LightGBM,delta_tp,3742,330.2
paysim,3,P_WEIGHT,core,platt,fixed_budget,LightGBM,delta_tp,3743,794.2
paysim,3,P_WEIGHT,core,platt,fixed_budget,LightGBM,delta_tp,3744,-182.2
paysim,3,P_WEIGHT,core,platt,fixed_budget,LightGBM,delta_tp,3745,376.4
paysim,3,P_WEIGHT,core,platt,fixed_budget,LightGBM,delta_tp,3746,-64.4
paysim,3,P_WEIGHT,core,platt,fixed_budget,LightGBM,delta_tp,3747,50.6
paysim,3,P_WEIGHT,core,platt,fixed_budget,LightGBM,delta_tp,3748,10.6
paysim,3,P_WEIGHT,core,platt,fixed_budget,LightGBM,delta_tp,3749,36.2
paysim,3,P_WEIGHT,core,platt,fixed_budget,LightGBM,delta_tp,3750,103.6
paysim,3,P_WEIGHT,core,platt,fixed_budget,LightGBM,delta_tp,3751,35.0
paysim,3,P_WEIGHT,core,platt,fixed_budget,LightGBM,delta_tp,3752,365.4
paysim,3,P_WEIGHT,core,platt,fixed_budget,LightGBM,delta_tp,3753,340.4
paysim,3,P_WEIGHT,core,platt,fixed_budget,LightGBM,delta_tp,3754,278.4
paysim,3,P_WEIGHT,core,platt,fixed_budget,LightGBM,delta_tp,3755,175.2
paysim,3,P_WEIGHT,core,platt,fixed_budget,LightGBM,delta_tp,3756,-79.2
paysim,3,P_WEIGHT,core,platt,fixed_budget,LightGBM,delta_tp,3757,282.0
paysim,3,P_WEIGHT,core,platt,fixed_budget,LightGBM,delta_tp,3758,-159.0
paysim,3,P_WEIGHT,core,platt,fixed_budget,LightGBM,delta_tp,3759,213.8
paysim,3,P_WEIGHT,core,platt,fixed_budget,LightGBM,delta_tp,3760,-181.8
paysim,3,P_WEIGHT,core,platt,fixed_budget,LightGBM,delta_tp,3761,543.4
paysim,3,P_WEIGHT,core,platt,fixed_budget,LightGBM,delta_tp,3762,94.6
paysim,3,P_WEIGHT,core,platt,fixed_budget,LightGBM,delta_tp,3763,364.0
paysim,3,P_WEIGHT,core,platt,fixed_budget,LightGBM,delta_tp,3764,-0.6
paysim,3,P_WEIGHT,core,platt,fixed_budget,LightGBM,delta_tp,3765,413.0
paysim,3,P_WEIGHT,core,platt,fixed_budget,LightGBM,delta_tp,3766,-48.4
paysim,3,P_WEIGHT,core,platt,fixed_budget,LightGBM,delta_tp,3767,33.4
paysim,3,P_WEIGHT,core,platt,fixed_budget,LightGBM,delta_tp,3768,102.4
paysim,3,P_WEIGHT,core,platt,fixed_budget,LightGBM,delta_tp,3769,426.8
paysim,3,P_WEIGHT,core,platt,fixed_budget,LightGBM,delta_tp,3770,579.6
paysim,3,P_WEIGHT,core,platt,fixed_budget,LightGBM,delta_tp,3771,-96.2
paysim,3,P_WEIGHT,core,platt,fixed_budget,LightGBM,delta_tp,3772,202.2
paysim,3,P_WEIGHT,core,platt,fixed_budget,LightGBM,delta_tp,3773,-96.4
paysim,3,P_WEIGHT,core,platt,fixed_budget,LightGBM,delta_tp,3774,691.8
paysim,3,P_WEIGHT,core,platt,fixed_budget,LightGBM,delta_tp,3775,121.2
paysim,3,P_WEIGHT,core,platt,fixed_budget,LightGBM,delta_tp,3776,166.6
paysim,3,P_WEIGHT,core,platt,fixed_budget,LightGBM,delta_tp,3777,31.4
paysim,3,P_WEIGHT,core,platt,fixed_budget,LightGBM,delta_tp,3778,118.0
paysim,3,P_WEIGHT,core,platt,fixed_budget,LightGBM,delta_tp,3779,507.0
paysim,3,P_WEIGHT,core,platt,fixed_budget,LightGBM,delta_tp,3780,27.8
paysim,3,P_WEIGHT,core,platt,fixed_budget,LightGBM,delta_tp,3781,227.8
paysim,3,P_WEIGHT,core,platt,fixed_budget,LightGBM,delta_tp,3782,797.8
paysim,3,P_WEIGHT,core,platt,fixed_budget,LightGBM,delta_tp,3783,-19.4
paysim,3,P_WEIGHT,core,platt,fixed_budget,LightGBM,delta_tp,3784,-76.2
paysim,3,P_WEIGHT,core,platt,fixed_budget,LightGBM,delta_tp,3785,338.8
paysim,3,P_WEIGHT,core,platt,fixed_budget,LightGBM,delta_tp,3786,243.4
paysim,3,P_WEIGHT,core,platt,fixed_budget,LightGBM,delta_tp,3787,-8.0
paysim,3,P_WEIGHT,core,platt,fixed_budget,LightGBM,delta_tp,3788,0.4
paysim,3,P_WEIGHT,core,platt,fixed_budget,LightGBM,delta_tp,3789,-5.6
paysim,3,P_WEIGHT,core,platt,fixed_budget,LightGBM,delta_tp,3790,133.4
paysim,3,P_WEIGHT,core,platt,fixed_budget,LightGBM,delta_tp,3791,393.2
paysim,3,P_WEIGHT,core,platt,fixed_budget,LightGBM,delta_tp,3792,-101.6
paysim,3,P_WEIGHT,core,platt,fixed_budget,LightGBM,delta_tp,3793,197.6
paysim,3,P_WEIGHT,core,platt,fixed_budget,LightGBM,delta_tp,3794,-45.2
paysim,3,P_WEIGHT,core,platt,fixed_budget,LightGBM,delta_tp,3795,590.8
paysim,3,P_WEIGHT,core,platt,fixed_budget,LightGBM,delta_tp,3796,170.0
paysim,3,P_WEIGHT,core,platt,fixed_budget,LightGBM,delta_tp,3797,-5.0
paysim,3,P_WEIGHT,core,platt,fixed_budget,LightGBM,delta_tp,3798,-70.0
paysim,3,P_WEIGHT,core,platt,fixed_budget,LightGBM,delta_tp,3799,-161.2
paysim,3,P_WEIGHT,core,platt,fixed_budget,LightGBM,delta_tp,3800,699.6
paysim,3,P_WEIGHT,core,platt,fixed_budget,LightGBM,delta_tp,3801,-173.4
paysim,3,P_WEIGHT,core,platt,fixed_budget,LightGBM,delta_tp,3802,360.0
paysim,3,P_WEIGHT,core,platt,fixed_budget,LightGBM,delta_tp,3803,-133.2
paysim,3,P_WEIGHT,core,platt,fixed_budget,LightGBM,delta_tp,3804,703.4
paysim,3,P_WEIGHT,core,platt,fixed_budget,LightGBM,delta_tp,3805,69.4
paysim,3,P_WEIGHT,core,platt,fixed_budget,LightGBM,delta_tp,3806,117.8
paysim,3,P_WEIGHT,core,platt,fixed_budget,LightGBM,delta_tp,3807,9.0
paysim,3,P_WEIGHT,core,platt,fixed_budget,LightGBM,delta_tp,3808,277.8
paysim,3,P_WEIGHT,core,platt,fixed_budget,LightGBM,delta_tp,3809,-146.0
paysim,3,P_WEIGHT,core,platt,fixed_budget,LightGBM,delta_tp,3810,-7.6
paysim,3,P_WEIGHT,core,platt,fixed_budget,LightGBM,delta_tp,3811,304.6
paysim,3,P_WEIGHT,core,platt,fixed_budget,LightGBM,delta_tp,3812,200.4
paysim,3,P_WEIGHT,core,platt,fixed_budget,LightGBM,delta_tp,3813,306.2
paysim,3,P_WEIGHT,core,platt,fixed_budget,LightGBM,delta_tp,3814,571.0
paysim,3,P_WEIGHT,core,platt,fixed_budget,LightGBM,delta_tp,3815,115.2
paysim,3,P_WEIGHT,core,platt,fixed_budget,LightGBM,delta_tp,3816,42.2
paysim,3,P_WEIGHT,core,platt,fixed_budget,LightGBM,delta_tp,3817,519.0
paysim,3,P_WEIGHT,core,platt,fixed_budget,LightGBM,delta_tp,3818,163.8
paysim,3,P_WEIGHT,core,platt,fixed_budget,LightGBM,delta_tp,3819,241.0
paysim,3,P_WEIGHT,core,platt,fixed_budget,LightGBM,delta_tp,3820,196.6
paysim,3,P_WEIGHT,core,platt,fixed_budget,LightGBM,delta_tp,3821,489.2
paysim,3,P_WEIGHT,core,platt,fixed_budget,LightGBM,delta_tp,3822,-16.2
paysim,3,P_WEIGHT,core,platt,fixed_budget,LightGBM,delta_tp,3823,17.4
paysim,3,P_WEIGHT,core,platt,fixed_budget,LightGBM,delta_tp,3824,514.4
paysim,3,P_WEIGHT,core,platt,fixed_budget,LightGBM,delta_tp,3825,-120.0
paysim,3,P_WEIGHT,core,platt,fixed_budget,LightGBM,delta_tp,3826,407.6
paysim,3,P_WEIGHT,core,platt,fixed_budget,LightGBM,delta_tp,3827,86.8
paysim,3,P_WEIGHT,core,platt,fixed_budget,LightGBM,delta_tp,3828,251.8
paysim,3,P_WEIGHT,core,platt,fixed_budget,LightGBM,delta_tp,3829,180.0
paysim,3,P_WEIGHT,core,platt,fixed_budget,LightGBM,delta_tp,3830,-14.0
paysim,3,P_WEIGHT,core,platt,fixed_budget,LightGBM,delta_tp,3831,812.0
paysim,3,P_WEIGHT,core,platt,fixed_budget,LightGBM,delta_tp,3832,-81.6
paysim,3,P_WEIGHT,core,platt,fixed_budget,LightGBM,delta_tp,3833,583.0
paysim,3,P_WEIGHT,core,platt,fixed_budget,LightGBM,delta_tp,3834,71.2
paysim,3,P_WEIGHT,core,platt,fixed_budget,LightGBM,delta_tp,3835,323.8
paysim,3,P_WEIGHT,core,platt,fixed_budget,LightGBM,delta_tp,3836,-101.4
paysim,3,P_WEIGHT,core,platt,fixed_budget,LightGBM,delta_tp,3837,88.6
paysim,3,P_WEIGHT,core,platt,fixed_budget,LightGBM,delta_tp,3838,264.4
paysim,3,P_WEIGHT,core,platt,fixed_budget,LightGBM,delta_tp,3839,15.4
paysim,3,P_WEIGHT,core,platt,fixed_budget,LightGBM,delta_tp,3840,20.2
paysim,3,P_WEIGHT,core,platt,fixed_budget,LightGBM,delta_tp,3841,189.4
paysim,3,P_WEIGHT,core,platt,fixed_budget,LightGBM,delta_tp,3842,115.8
paysim,3,P_WEIGHT,core,platt,fixed_budget,LightGBM,delta_tp,3843,542.4
paysim,3,P_WEIGHT,core,platt,fixed_budget,LightGBM,delta_tp,3844,690.4
paysim,3,P_WEIGHT,core,platt,fixed_budget,LightGBM,delta_tp,3845,284.4
paysim,3,P_WEIGHT,core,platt,fixed_budget,LightGBM,delta_tp,3846,190.0
paysim,3,P_WEIGHT,core,platt,fixed_budget,LightGBM,delta_tp,3847,417.4
paysim,3,P_WEIGHT,core,platt,fixed_budget,LightGBM,delta_tp,3848,-139.6
paysim,3,P_WEIGHT,core,platt,fixed_budget,LightGBM,delta_tp,3849,-1.4
paysim,3,P_WEIGHT,core,platt,fixed_budget,LightGBM,delta_tp,3850,52.0
paysim,3,P_WEIGHT,core,platt,fixed_budget,LightGBM,delta_tp,3851,306.0
paysim,3,P_WEIGHT,core,platt,fixed_budget,LightGBM,delta_tp,3852,485.0
paysim,3,P_WEIGHT,core,platt,fixed_budget,LightGBM,delta_tp,3853,471.8
paysim,3,P_WEIGHT,core,platt,fixed_budget,LightGBM,delta_tp,3854,439.2
paysim,3,P_WEIGHT,core,platt,fixed_budget,LightGBM,delta_tp,3855,580.0
paysim,3,P_WEIGHT,core,platt,fixed_budget,LightGBM,delta_tp,3856,-99.8
paysim,3,P_WEIGHT,core,platt,fixed_budget,LightGBM,delta_tp,3857,378.6
paysim,3,P_WEIGHT,core,platt,fixed_budget,LightGBM,delta_tp,3858,250.6
paysim,3,P_WEIGHT,core,platt,fixed_budget,LightGBM,delta_tp,3859,916.0
paysim,3,P_WEIGHT,core,platt,fixed_budget,LightGBM,delta_tp,3860,735.6
paysim,3,P_WEIGHT,core,platt,fixed_budget,LightGBM,delta_tp,3861,263.0
paysim,3,P_WEIGHT,core,platt,fixed_budget,LightGBM,delta_tp,3862,307.6
paysim,3,P_WEIGHT,core,platt,fixed_budget,LightGBM,delta_tp,3863,147.2
paysim,3,P_WEIGHT,core,platt,fixed_budget,LightGBM,delta_tp,3864,-86.0
paysim,3,P_WEIGHT,core,platt,fixed_budget,LightGBM,delta_tp,3865,255.8
paysim,3,P_WEIGHT,core,platt,fixed_budget,LightGBM,delta_tp,3866,606.2
paysim,3,P_WEIGHT,core,platt,fixed_budget,LightGBM,delta_tp,3867,567.0
paysim,3,P_WEIGHT,core,platt,fixed_budget,LightGBM,delta_tp,3868,-83.6
paysim,3,P_WEIGHT,core,platt,fixed_budget,LightGBM,delta_tp,3869,263.0
paysim,3,P_WEIGHT,core,platt,fixed_budget,LightGBM,delta_tp,3870,-113.8
paysim,3,P_WEIGHT,core,platt,fixed_budget,LightGBM,delta_tp,3871,65.6
paysim,3,P_WEIGHT,core,platt,fixed_budget,LightGBM,delta_tp,3872,-129.2
paysim,3,P_WEIGHT,core,platt,fixed_budget,LightGBM,delta_tp,3873,278.4
paysim,3,P_WEIGHT,core,platt,fixed_budget,LightGBM,delta_tp,3874,-134.2
paysim,3,P_WEIGHT,core,platt,fixed_budget,LightGBM,delta_tp,3875,160.4
paysim,3,P_WEIGHT,core,platt,fixed_budget,LightGBM,delta_tp,3876,-97.4
paysim,3,P_WEIGHT,core,platt,fixed_budget,LightGBM,delta_tp,3877,635.2
paysim,3,P_WEIGHT,core,platt,fixed_budget,LightGBM,delta_tp,3878,409.8
paysim,3,P_WEIGHT,core,platt,fixed_budget,LightGBM,delta_tp,3879,101.2
paysim,3,P_WEIGHT,core,platt,fixed_budget,LightGBM,delta_tp,3880,402.4
paysim,3,P_WEIGHT,core,platt,fixed_budget,LightGBM,delta_tp,3881,701.0
paysim,3,P_WEIGHT,core,platt,fixed_budget,LightGBM,delta_tp,3882,630.8
paysim,3,P_WEIGHT,core,platt,fixed_budget,LightGBM,delta_tp,3883,358.2
paysim,3,P_WEIGHT,core,platt,fixed_budget,LightGBM,delta_tp,3884,300.6
paysim,3,P_WEIGHT,core,platt,fixed_budget,LightGBM,delta_tp,3885,24.0
paysim,3,P_WEIGHT,core,platt,fixed_budget,LightGBM,delta_tp,3886,160.6
paysim,3,P_WEIGHT,core,platt,fixed_budget,LightGBM,delta_tp,3887,387.6
paysim,3,P_WEIGHT,core,platt,fixed_budget,LightGBM,delta_tp,3888,245.0
paysim,3,P_WEIGHT,core,platt,fixed_budget,LightGBM,delta_tp,3889,-46.6
paysim,3,P_WEIGHT,core,platt,fixed_budget,LightGBM,delta_tp,3890,316.8
paysim,3,P_WEIGHT,core,platt,fixed_budget,LightGBM,delta_tp,3891,252.4
paysim,3,P_WEIGHT,core,platt,fixed_budget,LightGBM,delta_tp,3892,-140.6
paysim,3,P_WEIGHT,core,platt,fixed_budget,LightGBM,delta_tp,3893,557.4
paysim,3,P_WEIGHT,core,platt,fixed_budget,LightGBM,delta_tp,3894,35.6
paysim,3,P_WEIGHT,core,platt,fixed_budget,LightGBM,delta_tp,3895,280.8
paysim,3,P_WEIGHT,core,platt,fixed_budget,LightGBM,delta_tp,3896,436.4
paysim,3,P_WEIGHT,core,platt,fixed_budget,LightGBM,delta_tp,3897,-141.8
paysim,3,P_WEIGHT,core,platt,fixed_budget,LightGBM,delta_tp,3898,854.4
paysim,3,P_WEIGHT,core,platt,fixed_budget,LightGBM,delta_tp,3899,284.0
paysim,3,P_WEIGHT,core,platt,fixed_budget,LightGBM,delta_tp,3900,76.2
paysim,3,P_WEIGHT,core,platt,fixed_budget,LightGBM,delta_tp,3901,521.2
paysim,3,P_WEIGHT,core,platt,fixed_budget,LightGBM,delta_tp,3902,232.0
paysim,3,P_WEIGHT,core,platt,fixed_budget,LightGBM,delta_tp,3903,-90.0
paysim,3,P_WEIGHT,core,platt,fixed_budget,LightGBM,delta_tp,3904,99.4
paysim,3,P_WEIGHT,core,platt,fixed_budget,LightGBM,delta_tp,3905,-152.4
paysim,3,P_WEIGHT,core,platt,fixed_budget,LightGBM,delta_tp,3906,251.8
paysim,3,P_WEIGHT,core,platt,fixed_budget,LightGBM,delta_tp,3907,305.6
paysim,3,P_WEIGHT,core,platt,fixed_budget,LightGBM,delta_tp,3908,782.2
paysim,3,P_WEIGHT,core,platt,fixed_budget,LightGBM,delta_tp,3909,415.0
paysim,3,P_WEIGHT,core,platt,fixed_budget,LightGBM,delta_tp,3910,167.2
paysim,3,P_WEIGHT,core,platt,fixed_budget,LightGBM,delta_tp,3911,187.0
paysim,3,P_WEIGHT,core,platt,fixed_budget,LightGBM,delta_tp,3912,191.0
paysim,3,P_WEIGHT,core,platt,fixed_budget,LightGBM,delta_tp,3913,-34.2
paysim,3,P_WEIGHT,core,platt,fixed_budget,LightGBM,delta_tp,3914,456.4
paysim,3,P_WEIGHT,core,platt,fixed_budget,LightGBM,delta_tp,3915,35.6
paysim,3,P_WEIGHT,core,platt,fixed_budget,LightGBM,delta_tp,3916,-33.0
paysim,3,P_WEIGHT,core,platt,fixed_budget,LightGBM,delta_tp,3917,-35.8
paysim,3,P_WEIGHT,core,platt,fixed_budget,LightGBM,delta_tp,3918,534.4
paysim,3,P_WEIGHT,core,platt,fixed_budget,LightGBM,delta_tp,3919,631.8
paysim,3,P_WEIGHT,core,platt,fixed_budget,LightGBM,delta_tp,3920,63.8
paysim,3,P_WEIGHT,core,platt,fixed_budget,LightGBM,delta_tp,3921,205.8
paysim,3,P_WEIGHT,core,platt,fixed_budget,LightGBM,delta_tp,3922,399.4
paysim,3,P_WEIGHT,core,platt,fixed_budget,LightGBM,delta_tp,3923,77.2
paysim,3,P_WEIGHT,core,platt,fixed_budget,LightGBM,delta_tp,3924,109.4
paysim,3,P_WEIGHT,core,platt,fixed_budget,LightGBM,delta_tp,3925,385.6
paysim,3,P_WEIGHT,core,platt,fixed_budget,LightGBM,delta_tp,3926,172.0
paysim,3,P_WEIGHT,core,platt,fixed_budget,LightGBM,delta_tp,3927,-10.4
paysim,3,P_WEIGHT,core,platt,fixed_budget,LightGBM,delta_tp,3928,-170.4
paysim,3,P_WEIGHT,core,platt,fixed_budget,LightGBM,delta_tp,3929,-208.4
paysim,3,P_WEIGHT,core,platt,fixed_budget,LightGBM,delta_tp,3930,236.0
paysim,3,P_WEIGHT,core,platt,fixed_budget,LightGBM,delta_tp,3931,372.2
paysim,3,P_WEIGHT,core,platt,fixed_budget,LightGBM,delta_tp,3932,-120.4
paysim,3,P_WEIGHT,core,platt,fixed_budget,LightGBM,delta_tp,3933,27.6
paysim,3,P_WEIGHT,core,platt,fixed_budget,LightGBM,delta_tp,3934,362.6
paysim,3,P_WEIGHT,core,platt,fixed_budget,LightGBM,delta_tp,3935,285.2
paysim,3,P_WEIGHT,core,platt,fixed_budget,LightGBM,delta_tp,3936,-171.8
paysim,3,P_WEIGHT,core,platt,fixed_budget,LightGBM,delta_tp,3937,35.8
paysim,3,P_WEIGHT,core,platt,fixed_budget,LightGBM,delta_tp,3938,-134.6
paysim,3,P_WEIGHT,core,platt,fixed_budget,LightGBM,delta_tp,3939,185.0
paysim,3,P_WEIGHT,core,platt,fixed_budget,LightGBM,delta_tp,3940,259.4
paysim,3,P_WEIGHT,core,platt,fixed_budget,LightGBM,delta_tp,3941,100.8
paysim,3,P_WEIGHT,core,platt,fixed_budget,LightGBM,delta_tp,3942,-9.0
paysim,3,P_WEIGHT,core,platt,fixed_budget,LightGBM,delta_tp,3943,338.6
paysim,3,P_WEIGHT,core,platt,fixed_budget,LightGBM,delta_tp,3944,278.6
paysim,3,P_WEIGHT,core,platt,fixed_budget,LightGBM,delta_tp,3945,442.4
paysim,3,P_WEIGHT,core,platt,fixed_budget,LightGBM,delta_tp,3946,23.4
paysim,3,P_WEIGHT,core,platt,fixed_budget,LightGBM,delta_tp,3947,500.4
paysim,3,P_WEIGHT,core,platt,fixed_budget,LightGBM,delta_tp,3948,-183.0
paysim,3,P_WEIGHT,core,platt,fixed_budget,LightGBM,delta_tp,3949,-10.4
paysim,3,P_WEIGHT,core,platt,fixed_budget,LightGBM,delta_tp,3950,278.6
paysim,3,P_WEIGHT,core,platt,fixed_budget,LightGBM,delta_tp,3951,11.8
paysim,3,P_WEIGHT,core,platt,fixed_budget,LightGBM,delta_tp,3952,55.4
paysim,3,P_WEIGHT,core,platt,fixed_budget,LightGBM,delta_tp,3953,-75.8
paysim,3,P_WEIGHT,core,platt,fixed_budget,LightGBM,delta_tp,3954,7.8
paysim,3,P_WEIGHT,core,platt,fixed_budget,LightGBM,delta_tp,3955,183.8
paysim,3,P_WEIGHT,core,platt,fixed_budget,LightGBM,delta_tp,3956,607.0
paysim,3,P_WEIGHT,core,platt,fixed_budget,LightGBM,delta_tp,3957,649.4
paysim,3,P_WEIGHT,core,platt,fixed_budget,LightGBM,delta_tp,3958,517.0
paysim,3,P_WEIGHT,core,platt,fixed_budget,LightGBM,delta_tp,3959,6.0
paysim,3,P_WEIGHT,core,platt,fixed_budget,LightGBM,delta_tp,3960,16.4
paysim,3,P_WEIGHT,core,platt,fixed_budget,LightGBM,delta_tp,3961,95.2
paysim,3,P_WEIGHT,core,platt,fixed_budget,LightGBM,delta_tp,3962,557.0
paysim,3,P_WEIGHT,core,platt,fixed_budget,LightGBM,delta_tp,3963,125.4
paysim,3,P_WEIGHT,core,platt,fixed_budget,LightGBM,delta_tp,3964,-55.2
paysim,3,P_WEIGHT,core,platt,fixed_budget,LightGBM,delta_tp,3965,185.4
paysim,3,P_WEIGHT,core,platt,fixed_budget,LightGBM,delta_tp,3966,715.8
paysim,3,P_WEIGHT,core,platt,fixed_budget,LightGBM,delta_tp,3967,440.2
paysim,3,P_WEIGHT,core,platt,fixed_budget,LightGBM,delta_tp,3968,126.0
paysim,3,P_WEIGHT,core,platt,fixed_budget,LightGBM,delta_tp,3969,293.4
paysim,3,P_WEIGHT,core,platt,fixed_budget,LightGBM,delta_tp,3970,322.6
paysim,3,P_WEIGHT,core,platt,fixed_budget,LightGBM,delta_tp,3971,251.4
paysim,3,P_WEIGHT,core,platt,fixed_budget,LightGBM,delta_tp,3972,-66.0
paysim,3,P_WEIGHT,core,platt,fixed_budget,LightGBM,delta_tp,3973,-185.8
paysim,3,P_WEIGHT,core,platt,fixed_budget,LightGBM,delta_tp,3974,18.2
paysim,3,P_WEIGHT,core,platt,fixed_budget,LightGBM,delta_tp,3975,-159.2
paysim,3,P_WEIGHT,core,platt,fixed_budget,LightGBM,delta_tp,3976,137.0
paysim,3,P_WEIGHT,core,platt,fixed_budget,LightGBM,delta_tp,3977,61.4
paysim,3,P_WEIGHT,core,platt,fixed_budget,LightGBM,delta_tp,3978,489.4
paysim,3,P_WEIGHT,core,platt,fixed_budget,LightGBM,delta_tp,3979,239.0
paysim,3,P_WEIGHT,core,platt,fixed_budget,LightGBM,delta_tp,3980,268.2
paysim,3,P_WEIGHT,core,platt,fixed_budget,LightGBM,delta_tp,3981,-60.4
paysim,3,P_WEIGHT,core,platt,fixed_budget,LightGBM,delta_tp,3982,404.4
paysim,3,P_WEIGHT,core,platt,fixed_budget,LightGBM,delta_tp,3983,178.2
paysim,3,P_WEIGHT,core,platt,fixed_budget,LightGBM,delta_tp,3984,77.0
paysim,3,P_WEIGHT,core,platt,fixed_budget,LightGBM,delta_tp,3985,-65.0
paysim,3,P_WEIGHT,core,platt,fixed_budget,LightGBM,delta_tp,3986,323.4
paysim,3,P_WEIGHT,core,platt,fixed_budget,LightGBM,delta_tp,3987,134.0
paysim,3,P_WEIGHT,core,platt,fixed_budget,LightGBM,delta_tp,3988,681.8
paysim,3,P_WEIGHT,core,platt,fixed_budget,LightGBM,delta_tp,3989,717.0
paysim,3,P_WEIGHT,core,platt,fixed_budget,LightGBM,delta_tp,3990,349.2
paysim,3,P_WEIGHT,core,platt,fixed_budget,LightGBM,delta_tp,3991,89.2
paysim,3,P_WEIGHT,core,platt,fixed_budget,LightGBM,delta_tp,3992,347.2
paysim,3,P_WEIGHT,core,platt,fixed_budget,LightGBM,delta_tp,3993,274.0
paysim,3,P_WEIGHT,core,platt,fixed_budget,LightGBM,delta_tp,3994,239.8
paysim,3,P_WEIGHT,core,platt,fixed_budget,LightGBM,delta_tp,3995,-131.2
paysim,3,P_WEIGHT,core,platt,fixed_budget,LightGBM,delta_tp,3996,36.4
paysim,3,P_WEIGHT,core,platt,fixed_budget,LightGBM,delta_tp,3997,200.8
paysim,3,P_WEIGHT,core,platt,fixed_budget,LightGBM,delta_tp,3998,541.8
paysim,3,P_WEIGHT,core,platt,fixed_budget,LightGBM,delta_tp,3999,-147.8
paysim,3,P_WEIGHT,core,platt,fixed_budget,LightGBM,delta_tp,4000,426.0
paysim,3,P_WEIGHT,core,platt,fixed_budget,LightGBM,delta_tp,4001,18.8
paysim,3,P_WEIGHT,core,platt,fixed_budget,LightGBM,delta_tp,4002,181.4
paysim,3,P_WEIGHT,core,platt,fixed_budget,LightGBM,delta_tp,4003,782.4
paysim,3,P_WEIGHT,core,platt,fixed_budget,LightGBM,delta_tp,4004,9.2
paysim,3,P_WEIGHT,core,platt,fixed_budget,LightGBM,delta_tp,4005,160.0
paysim,3,P_WEIGHT,core,platt,fixed_budget,LightGBM,delta_tp,4006,154.8
paysim,3,P_WEIGHT,core,platt,fixed_budget,LightGBM,delta_tp,4007,78.6
paysim,3,P_WEIGHT,core,platt,fixed_budget,LightGBM,delta_tp,4008,-43.4
paysim,3,P_WEIGHT,core,platt,fixed_budget,LightGBM,delta_tp,4009,70.6
paysim,3,P_WEIGHT,core,platt,fixed_budget,LightGBM,delta_tp,4010,319.2
paysim,3,P_WEIGHT,core,platt,fixed_budget,LightGBM,delta_tp,4011,-166.6
paysim,3,P_WEIGHT,core,platt,fixed_budget,LightGBM,delta_tp,4012,537.8
paysim,3,P_WEIGHT,core,platt,fixed_budget,LightGBM,delta_tp,4013,232.6
paysim,3,P_WEIGHT,core,platt,fixed_budget,LightGBM,delta_tp,4014,601.8
paysim,3,P_WEIGHT,core,platt,fixed_budget,LightGBM,delta_tp,4015,207.6
paysim,3,P_WEIGHT,core,platt,fixed_budget,LightGBM,delta_tp,4016,-28.4
paysim,3,P_WEIGHT,core,platt,fixed_budget,LightGBM,delta_tp,4017,609.4
paysim,3,P_WEIGHT,core,platt,fixed_budget,LightGBM,delta_tp,4018,153.4
paysim,3,P_WEIGHT,core,platt,fixed_budget,LightGBM,delta_tp,4019,236.0
paysim,3,P_WEIGHT,core,platt,fixed_budget,LightGBM,delta_tp,4020,12.0
paysim,3,P_WEIGHT,core,platt,fixed_budget,LightGBM,delta_tp,4021,-2.0
paysim,3,P_WEIGHT,core,platt,fixed_budget,LightGBM,delta_tp,4022,-166.8
paysim,3,P_WEIGHT,core,platt,fixed_budget,LightGBM,delta_tp,4023,681.6
paysim,3,P_WEIGHT,core,platt,fixed_budget,LightGBM,delta_tp,4024,24.4
paysim,3,P_WEIGHT,core,platt,fixed_budget,LightGBM,delta_tp,4025,21.8
paysim,3,P_WEIGHT,core,platt,fixed_budget,LightGBM,delta_tp,4026,-114.6
paysim,3,P_WEIGHT,core,platt,fixed_budget,LightGBM,delta_tp,4027,467.8
paysim,3,P_WEIGHT,core,platt,fixed_budget,LightGBM,delta_tp,4028,1.6
paysim,3,P_WEIGHT,core,platt,fixed_budget,LightGBM,delta_tp,4029,547.2
paysim,3,P_WEIGHT,core,platt,fixed_budget,LightGBM,delta_tp,4030,89.6
paysim,3,P_WEIGHT,core,platt,fixed_budget,LightGBM,delta_tp,4031,-2.6
paysim,3,P_WEIGHT,core,platt,fixed_budget,LightGBM,delta_tp,4032,489.4
paysim,3,P_WEIGHT,core,platt,fixed_budget,LightGBM,delta_tp,4033,-50.0
paysim,3,P_WEIGHT,core,platt,fixed_budget,LightGBM,delta_tp,4034,-35.8
paysim,3,P_WEIGHT,core,platt,fixed_budget,LightGBM,delta_tp,4035,-113.8
paysim,3,P_WEIGHT,core,platt,fixed_budget,LightGBM,delta_tp,4036,-29.8
paysim,3,P_WEIGHT,core,platt,fixed_budget,LightGBM,delta_tp,4037,157.4
paysim,3,P_WEIGHT,core,platt,fixed_budget,LightGBM,delta_tp,4038,-62.6
paysim,3,P_WEIGHT,core,platt,fixed_budget,LightGBM,delta_tp,4039,-139.2
paysim,3,P_WEIGHT,core,platt,fixed_budget,LightGBM,delta_tp,4040,46.2
paysim,3,P_WEIGHT,core,platt,fixed_budget,LightGBM,delta_tp,4041,234.0
paysim,3,P_WEIGHT,core,platt,fixed_budget,LightGBM,delta_tp,4042,-46.2
paysim,3,P_WEIGHT,core,platt,fixed_budget,LightGBM,delta_tp,4043,243.0
paysim,3,P_WEIGHT,core,platt,fixed_budget,LightGBM,delta_tp,4044,56.6
paysim,3,P_WEIGHT,core,platt,fixed_budget,LightGBM,delta_tp,4045,-103.4
paysim,3,P_WEIGHT,core,platt,fixed_budget,LightGBM,delta_tp,4046,-174.6
paysim,3,P_WEIGHT,core,platt,fixed_budget,LightGBM,delta_tp,4047,693.2
paysim,3,P_WEIGHT,core,platt,fixed_budget,LightGBM,delta_tp,4048,612.6
paysim,3,P_WEIGHT,core,platt,fixed_budget,LightGBM,delta_tp,4049,214.2
paysim,3,P_WEIGHT,core,platt,fixed_budget,LightGBM,delta_tp,4050,64.8
paysim,3,P_WEIGHT,core,platt,fixed_budget,LightGBM,delta_tp,4051,-122.4
paysim,3,P_WEIGHT,core,platt,fixed_budget,LightGBM,delta_tp,4052,-0.4
paysim,3,P_WEIGHT,core,platt,fixed_budget,LightGBM,delta_tp,4053,63.0
paysim,3,P_WEIGHT,core,platt,fixed_budget,LightGBM,delta_tp,4054,280.6
paysim,3,P_WEIGHT,core,platt,fixed_budget,LightGBM,delta_tp,4055,-56.6
paysim,3,P_WEIGHT,core,platt,fixed_budget,LightGBM,delta_tp,4056,389.8
paysim,3,P_WEIGHT,core,platt,fixed_budget,LightGBM,delta_tp,4057,255.0
paysim,3,P_WEIGHT,core,platt,fixed_budget,LightGBM,delta_tp,4058,399.6
paysim,3,P_WEIGHT,core,platt,fixed_budget,LightGBM,delta_tp,4059,86.8
paysim,3,P_WEIGHT,core,platt,fixed_budget,LightGBM,delta_tp,4060,403.4
paysim,3,P_WEIGHT,core,platt,fixed_budget,LightGBM,delta_tp,4061,183.4
paysim,3,P_WEIGHT,core,platt,fixed_budget,LightGBM,delta_tp,4062,53.2
paysim,3,P_WEIGHT,core,platt,fixed_budget,LightGBM,delta_tp,4063,484.6
paysim,3,P_WEIGHT,core,platt,fixed_budget,LightGBM,delta_tp,4064,594.0
paysim,3,P_WEIGHT,core,platt,fixed_budget,LightGBM,delta_tp,4065,616.4
paysim,3,P_WEIGHT,core,platt,fixed_budget,LightGBM,delta_tp,4066,21.2
paysim,3,P_WEIGHT,core,platt,fixed_budget,LightGBM,delta_tp,4067,101.8
paysim,3,P_WEIGHT,core,platt,fixed_budget,LightGBM,delta_tp,4068,404.6
paysim,3,P_WEIGHT,core,platt,fixed_budget,LightGBM,delta_tp,4069,109.4
paysim,3,P_WEIGHT,core,platt,fixed_budget,LightGBM,delta_tp,4070,349.6
paysim,3,P_WEIGHT,core,platt,fixed_budget,LightGBM,delta_tp,4071,520.4
paysim,3,P_WEIGHT,core,platt,fixed_budget,LightGBM,delta_tp,4072,236.2
paysim,3,P_WEIGHT,core,platt,fixed_budget,LightGBM,delta_tp,4073,274.8
paysim,3,P_WEIGHT,core,platt,fixed_budget,LightGBM,delta_tp,4074,236.2
paysim,3,P_WEIGHT,core,platt,fixed_budget,LightGBM,delta_tp,4075,688.2
paysim,3,P_WEIGHT,core,platt,fixed_budget,LightGBM,delta_tp,4076,25.4
paysim,3,P_WEIGHT,core,platt,fixed_budget,LightGBM,delta_tp,4077,114.6
paysim,3,P_WEIGHT,core,platt,fixed_budget,LightGBM,delta_tp,4078,-34.8
paysim,3,P_WEIGHT,core,platt,fixed_budget,LightGBM,delta_tp,4079,431.0
paysim,3,P_WEIGHT,core,platt,fixed_budget,LightGBM,delta_tp,4080,343.6
paysim,3,P_WEIGHT,core,platt,fixed_budget,LightGBM,delta_tp,4081,138.8
paysim,3,P_WEIGHT,core,platt,fixed_budget,LightGBM,delta_tp,4082,-9.6
paysim,3,P_WEIGHT,core,platt,fixed_budget,LightGBM,delta_tp,4083,183.6
paysim,3,P_WEIGHT,core,platt,fixed_budget,LightGBM,delta_tp,4084,-10.0
paysim,3,P_WEIGHT,core,platt,fixed_budget,LightGBM,delta_tp,4085,-104.0
paysim,3,P_WEIGHT,core,platt,fixed_budget,LightGBM,delta_tp,4086,367.6
paysim,3,P_WEIGHT,core,platt,fixed_budget,LightGBM,delta_tp,4087,188.6
paysim,3,P_WEIGHT,core,platt,fixed_budget,LightGBM,delta_tp,4088,-69.0
paysim,3,P_WEIGHT,core,platt,fixed_budget,LightGBM,delta_tp,4089,78.2
paysim,3,P_WEIGHT,core,platt,fixed_budget,LightGBM,delta_tp,4090,-130.2
paysim,3,P_WEIGHT,core,platt,fixed_budget,LightGBM,delta_tp,4091,55.6
paysim,3,P_WEIGHT,core,platt,fixed_budget,LightGBM,delta_tp,4092,30.0
paysim,3,P_WEIGHT,core,platt,fixed_budget,LightGBM,delta_tp,4093,179.4
paysim,3,P_WEIGHT,core,platt,fixed_budget,LightGBM,delta_tp,4094,-132.0
paysim,3,P_WEIGHT,core,platt,fixed_budget,LightGBM,delta_tp,4095,-135.2
paysim,3,P_WEIGHT,core,platt,fixed_budget,LightGBM,delta_tp,4096,642.0
paysim,3,P_WEIGHT,core,platt,fixed_budget,LightGBM,delta_tp,4097,-76.2
paysim,3,P_WEIGHT,core,platt,fixed_budget,LightGBM,delta_tp,4098,804.0
paysim,3,P_WEIGHT,core,platt,fixed_budget,LightGBM,delta_tp,4099,-125.8
paysim,3,P_WEIGHT,core,platt,fixed_budget,LightGBM,delta_tp,4100,-98.6
paysim,3,P_WEIGHT,core,platt,fixed_budget,LightGBM,delta_tp,4101,-18.4
paysim,3,P_WEIGHT,core,platt,fixed_budget,LightGBM,delta_tp,4102,408.6
paysim,3,P_WEIGHT,core,platt,fixed_budget,LightGBM,delta_tp,4103,555.6
paysim,3,P_WEIGHT,core,platt,fixed_budget,LightGBM,delta_tp,4104,248.0
paysim,3,P_WEIGHT,core,platt,fixed_budget,LightGBM,delta_tp,4105,79.0
paysim,3,P_WEIGHT,core,platt,fixed_budget,LightGBM,delta_tp,4106,-49.0
paysim,3,P_WEIGHT,core,platt,fixed_budget,LightGBM,delta_tp,4107,1063.4
paysim,3,P_WEIGHT,core,platt,fixed_budget,LightGBM,delta_tp,4108,-170.6
paysim,3,P_WEIGHT,core,platt,fixed_budget,LightGBM,delta_tp,4109,512.8
paysim,3,P_WEIGHT,core,platt,fixed_budget,LightGBM,delta_tp,4110,525.6
paysim,3,P_WEIGHT,core,platt,fixed_budget,LightGBM,delta_tp,4111,-163.8
paysim,3,P_WEIGHT,core,platt,fixed_budget,LightGBM,delta_tp,4112,32.4
paysim,3,P_WEIGHT,core,platt,fixed_budget,LightGBM,delta_tp,4113,122.0
paysim,3,P_WEIGHT,core,platt,fixed_budget,LightGBM,delta_tp,4114,-6.0
paysim,3,P_WEIGHT,core,platt,fixed_budget,LightGBM,delta_tp,4115,783.4
paysim,3,P_WEIGHT,core,platt,fixed_budget,LightGBM,delta_tp,4116,80.8
paysim,3,P_WEIGHT,core,platt,fixed_budget,LightGBM,delta_tp,4117,263.2
paysim,3,P_WEIGHT,core,platt,fixed_budget,LightGBM,delta_tp,4118,609.0
paysim,3,P_WEIGHT,core,platt,fixed_budget,LightGBM,delta_tp,4119,277.0
paysim,3,P_WEIGHT,core,platt,fixed_budget,LightGBM,delta_tp,4120,327.2
paysim,3,P_WEIGHT,core,platt,fixed_budget,LightGBM,delta_tp,4121,605.4
paysim,3,P_WEIGHT,core,platt,fixed_budget,LightGBM,delta_tp,4122,-148.0
paysim,3,P_WEIGHT,core,platt,fixed_budget,LightGBM,delta_tp,4123,37.6
paysim,3,P_WEIGHT,core,platt,fixed_budget,LightGBM,delta_tp,4124,-82.2
paysim,3,P_WEIGHT,core,platt,fixed_budget,LightGBM,delta_tp,4125,356.2
paysim,3,P_WEIGHT,core,platt,fixed_budget,LightGBM,delta_tp,4126,-169.6
paysim,3,P_WEIGHT,core,platt,fixed_budget,LightGBM,delta_tp,4127,-75.4
paysim,3,P_WEIGHT,core,platt,fixed_budget,LightGBM,delta_tp,4128,170.2
paysim,3,P_WEIGHT,core,platt,fixed_budget,LightGBM,delta_tp,4129,-171.6
paysim,3,P_WEIGHT,core,platt,fixed_budget,LightGBM,delta_tp,4130,296.2
paysim,3,P_WEIGHT,core,platt,fixed_budget,LightGBM,delta_tp,4131,266.6
paysim,3,P_WEIGHT,core,platt,fixed_budget,LightGBM,delta_tp,4132,-138.8
paysim,3,P_WEIGHT,core,platt,fixed_budget,LightGBM,delta_tp,4133,36.8
paysim,3,P_WEIGHT,core,platt,fixed_budget,LightGBM,delta_tp,4134,41.4
paysim,3,P_WEIGHT,core,platt,fixed_budget,LightGBM,delta_tp,4135,316.0
paysim,3,P_WEIGHT,core,platt,fixed_budget,LightGBM,delta_tp,4136,121.4
paysim,3,P_WEIGHT,core,platt,fixed_budget,LightGBM,delta_tp,4137,-159.4
paysim,3,P_WEIGHT,core,platt,fixed_budget,LightGBM,delta_tp,4138,367.6
paysim,3,P_WEIGHT,core,platt,fixed_budget,LightGBM,delta_tp,4139,148.0
paysim,3,P_WEIGHT,core,platt,fixed_budget,LightGBM,delta_tp,4140,426.6
paysim,3,P_WEIGHT,core,platt,fixed_budget,LightGBM,delta_tp,4141,255.4
paysim,3,P_WEIGHT,core,platt,fixed_budget,LightGBM,delta_tp,4142,336.6
paysim,3,P_WEIGHT,core,platt,fixed_budget,LightGBM,delta_tp,4143,741.8
paysim,3,P_WEIGHT,core,platt,fixed_budget,LightGBM,delta_tp,4144,565.4
paysim,3,P_WEIGHT,core,platt,fixed_budget,LightGBM,delta_tp,4145,144.4
paysim,3,P_WEIGHT,core,platt,fixed_budget,LightGBM,delta_tp,4146,111.0
paysim,3,P_WEIGHT,core,platt,fixed_budget,LightGBM,delta_tp,4147,-107.4
paysim,3,P_WEIGHT,core,platt,fixed_budget,LightGBM,delta_tp,4148,-156.4
paysim,3,P_WEIGHT,core,platt,fixed_budget,LightGBM,delta_tp,4149,245.2
paysim,3,P_WEIGHT,core,platt,fixed_budget,LightGBM,delta_tp,4150,135.6
paysim,3,P_WEIGHT,core,platt,fixed_budget,LightGBM,delta_tp,4151,-155.0
paysim,3,P_WEIGHT,core,platt,fixed_budget,LightGBM,delta_tp,4152,647.2
paysim,3,P_WEIGHT,core,platt,fixed_budget,LightGBM,delta_tp,4153,-154.4
paysim,3,P_WEIGHT,core,platt,fixed_budget,LightGBM,delta_tp,4154,250.8
paysim,3,P_WEIGHT,core,platt,fixed_budget,LightGBM,delta_tp,4155,-110.0
paysim,3,P_WEIGHT,core,platt,fixed_budget,LightGBM,delta_tp,4156,-122.6
paysim,3,P_WEIGHT,core,platt,fixed_budget,LightGBM,delta_tp,4157,-144.2
paysim,3,P_WEIGHT,core,platt,fixed_budget,LightGBM,delta_tp,4158,-75.2
paysim,3,P_WEIGHT,core,platt,fixed_budget,LightGBM,delta_tp,4159,-14.0
paysim,3,P_WEIGHT,core,platt,fixed_budget,LightGBM,delta_tp,4160,643.0
paysim,3,P_WEIGHT,core,platt,fixed_budget,LightGBM,delta_tp,4161,355.0
paysim,3,P_WEIGHT,core,platt,fixed_budget,LightGBM,delta_tp,4162,-150.6
paysim,3,P_WEIGHT,core,platt,fixed_budget,LightGBM,delta_tp,4163,258.8
paysim,3,P_WEIGHT,core,platt,fixed_budget,LightGBM,delta_tp,4164,36.0
paysim,3,P_WEIGHT,core,platt,fixed_budget,LightGBM,delta_tp,4165,280.2
paysim,3,P_WEIGHT,core,platt,fixed_budget,LightGBM,delta_tp,4166,590.4
paysim,3,P_WEIGHT,core,platt,fixed_budget,LightGBM,delta_tp,4167,654.6
paysim,3,P_WEIGHT,core,platt,fixed_budget,LightGBM,delta_tp,4168,234.2
paysim,3,P_WEIGHT,core,platt,fixed_budget,LightGBM,delta_tp,4169,419.2
paysim,3,P_WEIGHT,core,platt,fixed_budget,LightGBM,delta_tp,4170,101.8
paysim,3,P_WEIGHT,core,platt,fixed_budget,LightGBM,delta_tp,4171,-168.6
paysim,3,P_WEIGHT,core,platt,fixed_budget,LightGBM,delta_tp,4172,414.4
paysim,3,P_WEIGHT,core,platt,fixed_budget,LightGBM,delta_tp,4173,13.2
paysim,3,P_WEIGHT,core,platt,fixed_budget,LightGBM,delta_tp,4174,-60.8
paysim,3,P_WEIGHT,core,platt,fixed_budget,LightGBM,delta_tp,4175,172.8
paysim,3,P_WEIGHT,core,platt,fixed_budget,LightGBM,delta_tp,4176,93.4
paysim,3,P_WEIGHT,core,platt,fixed_budget,LightGBM,delta_tp,4177,-203.4
paysim,3,P_WEIGHT,core,platt,fixed_budget,LightGBM,delta_tp,4178,132.4
paysim,3,P_WEIGHT,core,platt,fixed_budget,LightGBM,delta_tp,4179,303.2
paysim,3,P_WEIGHT,core,platt,fixed_budget,LightGBM,delta_tp,4180,346.8
paysim,3,P_WEIGHT,core,platt,fixed_budget,LightGBM,delta_tp,4181,-108.6
paysim,3,P_WEIGHT,core,platt,fixed_budget,LightGBM,delta_tp,4182,-102.0
paysim,3,P_WEIGHT,core,platt,fixed_budget,LightGBM,delta_tp,4183,236.8
paysim,3,P_WEIGHT,core,platt,fixed_budget,LightGBM,delta_tp,4184,-113.6
paysim,3,P_WEIGHT,core,platt,fixed_budget,LightGBM,delta_tp,4185,286.4
paysim,3,P_WEIGHT,core,platt,fixed_budget,LightGBM,delta_tp,4186,268.0
paysim,3,P_WEIGHT,core,platt,fixed_budget,LightGBM,delta_tp,4187,520.0
paysim,3,P_WEIGHT,core,platt,fixed_budget,LightGBM,delta_tp,4188,48.2
paysim,3,P_WEIGHT,core,platt,fixed_budget,LightGBM,delta_tp,4189,130.4
paysim,3,P_WEIGHT,core,platt,fixed_budget,LightGBM,delta_tp,4190,442.4
paysim,3,P_WEIGHT,core,platt,fixed_budget,LightGBM,delta_tp,4191,-137.4
paysim,3,P_WEIGHT,core,platt,fixed_budget,LightGBM,delta_tp,4192,79.4
paysim,3,P_WEIGHT,core,platt,fixed_budget,LightGBM,delta_tp,4193,67.0
paysim,3,P_WEIGHT,core,platt,fixed_budget,LightGBM,delta_tp,4194,64.6
paysim,3,P_WEIGHT,core,platt,fixed_budget,LightGBM,delta_tp,4195,608.4
paysim,3,P_WEIGHT,core,platt,fixed_budget,LightGBM,delta_tp,4196,275.0
paysim,3,P_WEIGHT,core,platt,fixed_budget,LightGBM,delta_tp,4197,272.4
paysim,3,P_WEIGHT,core,platt,fixed_budget,LightGBM,delta_tp,4198,37.6
paysim,3,P_WEIGHT,core,platt,fixed_budget,LightGBM,delta_tp,4199,257.4
paysim,3,P_WEIGHT,core,platt,fixed_budget,LightGBM,delta_tp,4200,-43.0
paysim,3,P_WEIGHT,core,platt,fixed_budget,LightGBM,delta_tp,4201,495.6
paysim,3,P_WEIGHT,core,platt,fixed_budget,LightGBM,delta_tp,4202,399.0
paysim,3,P_WEIGHT,core,platt,fixed_budget,LightGBM,delta_tp,4203,-48.8
paysim,3,P_WEIGHT,core,platt,fixed_budget,LightGBM,delta_tp,4204,-60.0
paysim,3,P_WEIGHT,core,platt,fixed_budget,LightGBM,delta_tp,4205,571.0
paysim,3,P_WEIGHT,core,platt,fixed_budget,LightGBM,delta_tp,4206,324.6
paysim,3,P_WEIGHT,core,platt,fixed_budget,LightGBM,delta_tp,4207,464.6
paysim,3,P_WEIGHT,core,platt,fixed_budget,LightGBM,delta_tp,4208,295.0
paysim,3,P_WEIGHT,core,platt,fixed_budget,LightGBM,delta_tp,4209,-134.2
paysim,3,P_WEIGHT,core,platt,fixed_budget,LightGBM,delta_tp,4210,327.2
paysim,3,P_WEIGHT,core,platt,fixed_budget,LightGBM,delta_tp,4211,17.2
paysim,3,P_WEIGHT,core,platt,fixed_budget,LightGBM,delta_tp,4212,458.6
paysim,3,P_WEIGHT,core,platt,fixed_budget,LightGBM,delta_tp,4213,239.2
paysim,3,P_WEIGHT,core,platt,fixed_budget,LightGBM,delta_tp,4214,83.2
paysim,3,P_WEIGHT,core,platt,fixed_budget,LightGBM,delta_tp,4215,-136.0
paysim,3,P_WEIGHT,core,platt,fixed_budget,LightGBM,delta_tp,4216,312.8
paysim,3,P_WEIGHT,core,platt,fixed_budget,LightGBM,delta_tp,4217,168.2
paysim,3,P_WEIGHT,core,platt,fixed_budget,LightGBM,delta_tp,4218,-172.2
paysim,3,P_WEIGHT,core,platt,fixed_budget,LightGBM,delta_tp,4219,266.0
paysim,3,P_WEIGHT,core,platt,fixed_budget,LightGBM,delta_tp,4220,462.4
paysim,3,P_WEIGHT,core,platt,fixed_budget,LightGBM,delta_tp,4221,293.4
paysim,3,P_WEIGHT,core,platt,fixed_budget,LightGBM,delta_tp,4222,375.2
paysim,3,P_WEIGHT,core,platt,fixed_budget,LightGBM,delta_tp,4223,205.2
paysim,3,P_WEIGHT,core,platt,fixed_budget,LightGBM,delta_tp,4224,7.6
paysim,3,P_WEIGHT,core,platt,fixed_budget,LightGBM,delta_tp,4225,510.6
paysim,3,P_WEIGHT,core,platt,fixed_budget,LightGBM,delta_tp,4226,503.4
paysim,3,P_WEIGHT,core,platt,fixed_budget,LightGBM,delta_tp,4227,331.2
paysim,3,P_WEIGHT,core,platt,fixed_budget,LightGBM,delta_tp,4228,248.8
paysim,3,P_WEIGHT,core,platt,fixed_budget,LightGBM,delta_tp,4229,-86.2
paysim,3,P_WEIGHT,core,platt,fixed_budget,LightGBM,delta_tp,4230,152.0
paysim,3,P_WEIGHT,core,platt,fixed_budget,LightGBM,delta_tp,4231,-124.2
paysim,3,P_WEIGHT,core,platt,fixed_budget,LightGBM,delta_tp,4232,149.0
paysim,3,P_WEIGHT,core,platt,fixed_budget,LightGBM,delta_tp,4233,638.0
paysim,3,P_WEIGHT,core,platt,fixed_budget,LightGBM,delta_tp,4234,142.6
paysim,3,P_WEIGHT,core,platt,fixed_budget,LightGBM,delta_tp,4235,659.6
paysim,3,P_WEIGHT,core,platt,fixed_budget,LightGBM,delta_tp,4236,655.0
paysim,3,P_WEIGHT,core,platt,fixed_budget,LightGBM,delta_tp,4237,62.2
paysim,3,P_WEIGHT,core,platt,fixed_budget,LightGBM,delta_tp,4238,-107.0
paysim,3,P_WEIGHT,core,platt,fixed_budget,LightGBM,delta_tp,4239,287.4
paysim,3,P_WEIGHT,core,platt,fixed_budget,LightGBM,delta_tp,4240,372.8
paysim,3,P_WEIGHT,core,platt,fixed_budget,LightGBM,delta_tp,4241,641.6
paysim,3,P_WEIGHT,core,platt,fixed_budget,LightGBM,delta_tp,4242,-90.2
paysim,3,P_WEIGHT,core,platt,fixed_budget,LightGBM,delta_tp,4243,530.2
paysim,3,P_WEIGHT,core,platt,fixed_budget,LightGBM,delta_tp,4244,320.2
paysim,3,P_WEIGHT,core,platt,fixed_budget,LightGBM,delta_tp,4245,675.4
paysim,3,P_WEIGHT,core,platt,fixed_budget,LightGBM,delta_tp,4246,-3.0
paysim,3,P_WEIGHT,core,platt,fixed_budget,LightGBM,delta_tp,4247,273.2
paysim,3,P_WEIGHT,core,platt,fixed_budget,LightGBM,delta_tp,4248,17.4
paysim,3,P_WEIGHT,core,platt,fixed_budget,LightGBM,delta_tp,4249,164.0
paysim,3,P_WEIGHT,core,platt,fixed_budget,LightGBM,delta_tp,4250,-14.2
paysim,3,P_WEIGHT,core,platt,fixed_budget,LightGBM,delta_tp,4251,308.4
paysim,3,P_WEIGHT,core,platt,fixed_budget,LightGBM,delta_tp,4252,-60.8
paysim,3,P_WEIGHT,core,platt,fixed_budget,LightGBM,delta_tp,4253,417.4
paysim,3,P_WEIGHT,core,platt,fixed_budget,LightGBM,delta_tp,4254,550.6
paysim,3,P_WEIGHT,core,platt,fixed_budget,LightGBM,delta_tp,4255,-173.6
paysim,3,P_WEIGHT,core,platt,fixed_budget,LightGBM,delta_tp,4256,61.2
paysim,3,P_WEIGHT,core,platt,fixed_budget,LightGBM,delta_tp,4257,571.2
paysim,3,P_WEIGHT,core,platt,fixed_budget,LightGBM,delta_tp,4258,14.4
paysim,3,P_WEIGHT,core,platt,fixed_budget,LightGBM,delta_tp,4259,329.2
paysim,3,P_WEIGHT,core,platt,fixed_budget,LightGBM,delta_tp,4260,128.2
paysim,3,P_WEIGHT,core,platt,fixed_budget,LightGBM,delta_tp,4261,104.0
paysim,3,P_WEIGHT,core,platt,fixed_budget,LightGBM,delta_tp,4262,606.8
paysim,3,P_WEIGHT,core,platt,fixed_budget,LightGBM,delta_tp,4263,-11.0
paysim,3,P_WEIGHT,core,platt,fixed_budget,LightGBM,delta_tp,4264,299.2
paysim,3,P_WEIGHT,core,platt,fixed_budget,LightGBM,delta_tp,4265,-29.4
paysim,3,P_WEIGHT,core,platt,fixed_budget,LightGBM,delta_tp,4266,537.4
paysim,3,P_WEIGHT,core,platt,fixed_budget,LightGBM,delta_tp,4267,-122.6
paysim,3,P_WEIGHT,core,platt,fixed_budget,LightGBM,delta_tp,4268,763.6
paysim,3,P_WEIGHT,core,platt,fixed_budget,LightGBM,delta_tp,4269,-126.6
paysim,3,P_WEIGHT,core,platt,fixed_budget,LightGBM,delta_tp,4270,927.8
paysim,3,P_WEIGHT,core,platt,fixed_budget,LightGBM,delta_tp,4271,142.4
paysim,3,P_WEIGHT,core,platt,fixed_budget,LightGBM,delta_tp,4272,558.6
paysim,3,P_WEIGHT,core,platt,fixed_budget,LightGBM,delta_tp,4273,161.6
paysim,3,P_WEIGHT,core,platt,fixed_budget,LightGBM,delta_tp,4274,234.0
paysim,3,P_WEIGHT,core,platt,fixed_budget,LightGBM,delta_tp,4275,-25.2
paysim,3,P_WEIGHT,core,platt,fixed_budget,LightGBM,delta_tp,4276,-137.8
paysim,3,P_WEIGHT,core,platt,fixed_budget,LightGBM,delta_tp,4277,279.8
paysim,3,P_WEIGHT,core,platt,fixed_budget,LightGBM,delta_tp,4278,836.6
paysim,3,P_WEIGHT,core,platt,fixed_budget,LightGBM,delta_tp,4279,-94.0
paysim,3,P_WEIGHT,core,platt,fixed_budget,LightGBM,delta_tp,4280,127.4
paysim,3,P_WEIGHT,core,platt,fixed_budget,LightGBM,delta_tp,4281,606.6
paysim,3,P_WEIGHT,core,platt,fixed_budget,LightGBM,delta_tp,4282,598.6
paysim,3,P_WEIGHT,core,platt,fixed_budget,LightGBM,delta_tp,4283,-43.6
paysim,3,P_WEIGHT,core,platt,fixed_budget,LightGBM,delta_tp,4284,510.0
paysim,3,P_WEIGHT,core,platt,fixed_budget,LightGBM,delta_tp,4285,-109.6
paysim,3,P_WEIGHT,core,platt,fixed_budget,LightGBM,delta_tp,4286,20.2
paysim,3,P_WEIGHT,core,platt,fixed_budget,LightGBM,delta_tp,4287,677.6
paysim,3,P_WEIGHT,core,platt,fixed_budget,LightGBM,delta_tp,4288,359.2
paysim,3,P_WEIGHT,core,platt,fixed_budget,LightGBM,delta_tp,4289,388.8
paysim,3,P_WEIGHT,core,platt,fixed_budget,LightGBM,delta_tp,4290,-27.2
paysim,3,P_WEIGHT,core,platt,fixed_budget,LightGBM,delta_tp,4291,168.4
paysim,3,P_WEIGHT,core,platt,fixed_budget,LightGBM,delta_tp,4292,4.2
paysim,3,P_WEIGHT,core,platt,fixed_budget,LightGBM,delta_tp,4293,310.4
paysim,3,P_WEIGHT,core,platt,fixed_budget,LightGBM,delta_tp,4294,104.4
paysim,3,P_WEIGHT,core,platt,fixed_budget,LightGBM,delta_tp,4295,193.0
paysim,3,P_WEIGHT,core,platt,fixed_budget,LightGBM,delta_tp,4296,689.6
paysim,3,P_WEIGHT,core,platt,fixed_budget,LightGBM,delta_tp,4297,105.8
paysim,3,P_WEIGHT,core,platt,fixed_budget,LightGBM,delta_tp,4298,259.8
paysim,3,P_WEIGHT,core,platt,fixed_budget,LightGBM,delta_tp,4299,346.4
paysim,3,P_WEIGHT,core,platt,fixed_budget,LightGBM,delta_tp,4300,78.6
paysim,3,P_WEIGHT,core,platt,fixed_budget,LightGBM,delta_tp,4301,726.8
paysim,3,P_WEIGHT,core,platt,fixed_budget,LightGBM,delta_tp,4302,114.0
paysim,3,P_WEIGHT,core,platt,fixed_budget,LightGBM,delta_tp,4303,498.0
paysim,3,P_WEIGHT,core,platt,fixed_budget,LightGBM,delta_tp,4304,220.0
paysim,3,P_WEIGHT,core,platt,fixed_budget,LightGBM,delta_tp,4305,-93.0
paysim,3,P_WEIGHT,core,platt,fixed_budget,LightGBM,delta_tp,4306,292.0
paysim,3,P_WEIGHT,core,platt,fixed_budget,LightGBM,delta_tp,4307,67.8
paysim,3,P_WEIGHT,core,platt,fixed_budget,LightGBM,delta_tp,4308,819.6
paysim,3,P_WEIGHT,core,platt,fixed_budget,LightGBM,delta_tp,4309,327.4
paysim,3,P_WEIGHT,core,platt,fixed_budget,LightGBM,delta_tp,4310,565.0
paysim,3,P_WEIGHT,core,platt,fixed_budget,LightGBM,delta_tp,4311,736.2
paysim,3,P_WEIGHT,core,platt,fixed_budget,LightGBM,delta_tp,4312,178.6
paysim,3,P_WEIGHT,core,platt,fixed_budget,LightGBM,delta_tp,4313,-184.2
paysim,3,P_WEIGHT,core,platt,fixed_budget,LightGBM,delta_tp,4314,69.6
paysim,3,P_WEIGHT,core,platt,fixed_budget,LightGBM,delta_tp,4315,-93.4
paysim,3,P_WEIGHT,core,platt,fixed_budget,LightGBM,delta_tp,4316,-103.6
paysim,3,P_WEIGHT,core,platt,fixed_budget,LightGBM,delta_tp,4317,188.2
paysim,3,P_WEIGHT,core,platt,fixed_budget,LightGBM,delta_tp,4318,56.4
paysim,3,P_WEIGHT,core,platt,fixed_budget,LightGBM,delta_tp,4319,404.4
paysim,3,P_WEIGHT,core,platt,fixed_budget,LightGBM,delta_tp,4320,531.0
paysim,3,P_WEIGHT,core,platt,fixed_budget,LightGBM,delta_tp,4321,642.4
paysim,3,P_WEIGHT,core,platt,fixed_budget,LightGBM,delta_tp,4322,-146.8
paysim,3,P_WEIGHT,core,platt,fixed_budget,LightGBM,delta_tp,4323,248.6
paysim,3,P_WEIGHT,core,platt,fixed_budget,LightGBM,delta_tp,4324,-160.6
paysim,3,P_WEIGHT,core,platt,fixed_budget,LightGBM,delta_tp,4325,-92.4
paysim,3,P_WEIGHT,core,platt,fixed_budget,LightGBM,delta_tp,4326,524.8
paysim,3,P_WEIGHT,core,platt,fixed_budget,LightGBM,delta_tp,4327,221.4
paysim,3,P_WEIGHT,core,platt,fixed_budget,LightGBM,delta_tp,4328,126.2
paysim,3,P_WEIGHT,core,platt,fixed_budget,LightGBM,delta_tp,4329,-80.8
paysim,3,P_WEIGHT,core,platt,fixed_budget,LightGBM,delta_tp,4330,383.4
paysim,3,P_WEIGHT,core,platt,fixed_budget,LightGBM,delta_tp,4331,-117.4
paysim,3,P_WEIGHT,core,platt,fixed_budget,LightGBM,delta_tp,4332,256.0
paysim,3,P_WEIGHT,core,platt,fixed_budget,LightGBM,delta_tp,4333,247.6
paysim,3,P_WEIGHT,core,platt,fixed_budget,LightGBM,delta_tp,4334,394.8
paysim,3,P_WEIGHT,core,platt,fixed_budget,LightGBM,delta_tp,4335,442.4
paysim,3,P_WEIGHT,core,platt,fixed_budget,LightGBM,delta_tp,4336,305.6
paysim,3,P_WEIGHT,core,platt,fixed_budget,LightGBM,delta_tp,4337,273.4
paysim,3,P_WEIGHT,core,platt,fixed_budget,LightGBM,delta_tp,4338,-47.8
paysim,3,P_WEIGHT,core,platt,fixed_budget,LightGBM,delta_tp,4339,-38.6
paysim,3,P_WEIGHT,core,platt,fixed_budget,LightGBM,delta_tp,4340,380.2
paysim,3,P_WEIGHT,core,platt,fixed_budget,LightGBM,delta_tp,4341,604.2
paysim,3,P_WEIGHT,core,platt,fixed_budget,LightGBM,delta_tp,4342,388.4
paysim,3,P_WEIGHT,core,platt,fixed_budget,LightGBM,delta_tp,4343,252.8
paysim,3,P_WEIGHT,core,platt,fixed_budget,LightGBM,delta_tp,4344,-132.0
paysim,3,P_WEIGHT,core,platt,fixed_budget,LightGBM,delta_tp,4345,-19.0
paysim,3,P_WEIGHT,core,platt,fixed_budget,LightGBM,delta_tp,4346,646.6
paysim,3,P_WEIGHT,core,platt,fixed_budget,LightGBM,delta_tp,4347,444.6
paysim,3,P_WEIGHT,core,platt,fixed_budget,LightGBM,delta_tp,4348,99.6
paysim,3,P_WEIGHT,core,platt,fixed_budget,LightGBM,delta_tp,4349,199.4
paysim,3,P_WEIGHT,core,platt,fixed_budget,LightGBM,delta_tp,4350,-22.2
paysim,3,P_WEIGHT,core,platt,fixed_budget,LightGBM,delta_tp,4351,712.6
paysim,3,P_WEIGHT,core,platt,fixed_budget,LightGBM,delta_tp,4352,-125.0
paysim,3,P_WEIGHT,core,platt,fixed_budget,LightGBM,delta_tp,4353,-114.0
paysim,3,P_WEIGHT,core,platt,fixed_budget,LightGBM,delta_tp,4354,183.0
paysim,3,P_WEIGHT,core,platt,fixed_budget,LightGBM,delta_tp,4355,159.2
paysim,3,P_WEIGHT,core,platt,fixed_budget,LightGBM,delta_tp,4356,-120.6
paysim,3,P_WEIGHT,core,platt,fixed_budget,LightGBM,delta_tp,4357,-100.4
paysim,3,P_WEIGHT,core,platt,fixed_budget,LightGBM,delta_tp,4358,115.0
paysim,3,P_WEIGHT,core,platt,fixed_budget,LightGBM,delta_tp,4359,-9.2
paysim,3,P_WEIGHT,core,platt,fixed_budget,LightGBM,delta_tp,4360,171.0
paysim,3,P_WEIGHT,core,platt,fixed_budget,LightGBM,delta_tp,4361,-32.4
paysim,3,P_WEIGHT,core,platt,fixed_budget,LightGBM,delta_tp,4362,306.2
paysim,3,P_WEIGHT,core,platt,fixed_budget,LightGBM,delta_tp,4363,208.2
paysim,3,P_WEIGHT,core,platt,fixed_budget,LightGBM,delta_tp,4364,108.0
paysim,3,P_WEIGHT,core,platt,fixed_budget,LightGBM,delta_tp,4365,-64.6
paysim,3,P_WEIGHT,core,platt,fixed_budget,LightGBM,delta_tp,4366,-75.0
paysim,3,P_WEIGHT,core,platt,fixed_budget,LightGBM,delta_tp,4367,362.0
paysim,3,P_WEIGHT,core,platt,fixed_budget,LightGBM,delta_tp,4368,-71.0
paysim,3,P_WEIGHT,core,platt,fixed_budget,LightGBM,delta_tp,4369,1.4
paysim,3,P_WEIGHT,core,platt,fixed_budget,LightGBM,delta_tp,4370,732.0
paysim,3,P_WEIGHT,core,platt,fixed_budget,LightGBM,delta_tp,4371,441.4
paysim,3,P_WEIGHT,core,platt,fixed_budget,LightGBM,delta_tp,4372,483.6
paysim,3,P_WEIGHT,core,platt,fixed_budget,LightGBM,delta_tp,4373,73.8
paysim,3,P_WEIGHT,core,platt,fixed_budget,LightGBM,delta_tp,4374,464.6
paysim,3,P_WEIGHT,core,platt,fixed_budget,LightGBM,delta_tp,4375,141.8
paysim,3,P_WEIGHT,core,platt,fixed_budget,LightGBM,delta_tp,4376,177.4
paysim,3,P_WEIGHT,core,platt,fixed_budget,LightGBM,delta_tp,4377,146.0
paysim,3,P_WEIGHT,core,platt,fixed_budget,LightGBM,delta_tp,4378,-40.2
paysim,3,P_WEIGHT,core,platt,fixed_budget,LightGBM,delta_tp,4379,163.0
paysim,3,P_WEIGHT,core,platt,fixed_budget,LightGBM,delta_tp,4380,351.8
paysim,3,P_WEIGHT,core,platt,fixed_budget,LightGBM,delta_tp,4381,354.6
paysim,3,P_WEIGHT,core,platt,fixed_budget,LightGBM,delta_tp,4382,264.0
paysim,3,P_WEIGHT,core,platt,fixed_budget,LightGBM,delta_tp,4383,609.6
paysim,3,P_WEIGHT,core,platt,fixed_budget,LightGBM,delta_tp,4384,-86.0
paysim,3,P_WEIGHT,core,platt,fixed_budget,LightGBM,delta_tp,4385,-33.0
paysim,3,P_WEIGHT,core,platt,fixed_budget,LightGBM,delta_tp,4386,241.0
paysim,3,P_WEIGHT,core,platt,fixed_budget,LightGBM,delta_tp,4387,526.2
paysim,3,P_WEIGHT,core,platt,fixed_budget,LightGBM,delta_tp,4388,-62.8
paysim,3,P_WEIGHT,core,platt,fixed_budget,LightGBM,delta_tp,4389,8.6
paysim,3,P_WEIGHT,core,platt,fixed_budget,LightGBM,delta_tp,4390,-92.8
paysim,3,P_WEIGHT,core,platt,fixed_budget,LightGBM,delta_tp,4391,811.8
paysim,3,P_WEIGHT,core,platt,fixed_budget,LightGBM,delta_tp,4392,-63.8
paysim,3,P_WEIGHT,core,platt,fixed_budget,LightGBM,delta_tp,4393,571.8
paysim,3,P_WEIGHT,core,platt,fixed_budget,LightGBM,delta_tp,4394,559.6
paysim,3,P_WEIGHT,core,platt,fixed_budget,LightGBM,delta_tp,4395,-52.0
paysim,3,P_WEIGHT,core,platt,fixed_budget,LightGBM,delta_tp,4396,19.6
paysim,3,P_WEIGHT,core,platt,fixed_budget,LightGBM,delta_tp,4397,201.6
paysim,3,P_WEIGHT,core,platt,fixed_budget,LightGBM,delta_tp,4398,3.2
paysim,3,P_WEIGHT,core,platt,fixed_budget,LightGBM,delta_tp,4399,26.8
paysim,3,P_WEIGHT,core,platt,fixed_budget,LightGBM,delta_tp,4400,156.0
paysim,3,P_WEIGHT,core,platt,fixed_budget,LightGBM,delta_tp,4401,-129.4
paysim,3,P_WEIGHT,core,platt,fixed_budget,LightGBM,delta_tp,4402,249.2
paysim,3,P_WEIGHT,core,platt,fixed_budget,LightGBM,delta_tp,4403,311.8
paysim,3,P_WEIGHT,core,platt,fixed_budget,LightGBM,delta_tp,4404,463.8
paysim,3,P_WEIGHT,core,platt,fixed_budget,LightGBM,delta_tp,4405,-42.4
paysim,3,P_WEIGHT,core,platt,fixed_budget,LightGBM,delta_tp,4406,-166.2
paysim,3,P_WEIGHT,core,platt,fixed_budget,LightGBM,delta_tp,4407,257.0
paysim,3,P_WEIGHT,core,platt,fixed_budget,LightGBM,delta_tp,4408,26.8
paysim,3,P_WEIGHT,core,platt,fixed_budget,LightGBM,delta_tp,4409,56.2
paysim,3,P_WEIGHT,core,platt,fixed_budget,LightGBM,delta_tp,4410,435.4
paysim,3,P_WEIGHT,core,platt,fixed_budget,LightGBM,delta_tp,4411,367.0
paysim,3,P_WEIGHT,core,platt,fixed_budget,LightGBM,delta_tp,4412,-126.4
paysim,3,P_WEIGHT,core,platt,fixed_budget,LightGBM,delta_tp,4413,67.4
paysim,3,P_WEIGHT,core,platt,fixed_budget,LightGBM,delta_tp,4414,751.4
paysim,3,P_WEIGHT,core,platt,fixed_budget,LightGBM,delta_tp,4415,330.2
paysim,3,P_WEIGHT,core,platt,fixed_budget,LightGBM,delta_tp,4416,703.4
paysim,3,P_WEIGHT,core,platt,fixed_budget,LightGBM,delta_tp,4417,225.0
paysim,3,P_WEIGHT,core,platt,fixed_budget,LightGBM,delta_tp,4418,-135.0
paysim,3,P_WEIGHT,core,platt,fixed_budget,LightGBM,delta_tp,4419,226.2
paysim,3,P_WEIGHT,core,platt,fixed_budget,LightGBM,delta_tp,4420,-31.4
paysim,3,P_WEIGHT,core,platt,fixed_budget,LightGBM,delta_tp,4421,-166.2
paysim,3,P_WEIGHT,core,platt,fixed_budget,LightGBM,delta_tp,4422,457.2
paysim,3,P_WEIGHT,core,platt,fixed_budget,LightGBM,delta_tp,4423,316.0
paysim,3,P_WEIGHT,core,platt,fixed_budget,LightGBM,delta_tp,4424,91.8
paysim,3,P_WEIGHT,core,platt,fixed_budget,LightGBM,delta_tp,4425,130.2
paysim,3,P_WEIGHT,core,platt,fixed_budget,LightGBM,delta_tp,4426,293.2
paysim,3,P_WEIGHT,core,platt,fixed_budget,LightGBM,delta_tp,4427,211.4
paysim,3,P_WEIGHT,core,platt,fixed_budget,LightGBM,delta_tp,4428,-16.6
paysim,3,P_WEIGHT,core,platt,fixed_budget,LightGBM,delta_tp,4429,-22.6
paysim,3,P_WEIGHT,core,platt,fixed_budget,LightGBM,delta_tp,4430,-67.6
paysim,3,P_WEIGHT,core,platt,fixed_budget,LightGBM,delta_tp,4431,-146.6
paysim,3,P_WEIGHT,core,platt,fixed_budget,LightGBM,delta_tp,4432,-53.8
paysim,3,P_WEIGHT,core,platt,fixed_budget,LightGBM,delta_tp,4433,200.6
paysim,3,P_WEIGHT,core,platt,fixed_budget,LightGBM,delta_tp,4434,621.4
paysim,3,P_WEIGHT,core,platt,fixed_budget,LightGBM,delta_tp,4435,405.8
paysim,3,P_WEIGHT,core,platt,fixed_budget,LightGBM,delta_tp,4436,259.0
paysim,3,P_WEIGHT,core,platt,fixed_budget,LightGBM,delta_tp,4437,88.0
paysim,3,P_WEIGHT,core,platt,fixed_budget,LightGBM,delta_tp,4438,10.4
paysim,3,P_WEIGHT,core,platt,fixed_budget,LightGBM,delta_tp,4439,739.4
paysim,3,P_WEIGHT,core,platt,fixed_budget,LightGBM,delta_tp,4440,354.4
paysim,3,P_WEIGHT,core,platt,fixed_budget,LightGBM,delta_tp,4441,427.2
paysim,3,P_WEIGHT,core,platt,fixed_budget,LightGBM,delta_tp,4442,23.2
paysim,3,P_WEIGHT,core,platt,fixed_budget,LightGBM,delta_tp,4443,-176.6
paysim,3,P_WEIGHT,core,platt,fixed_budget,LightGBM,delta_tp,4444,146.4
paysim,3,P_WEIGHT,core,platt,fixed_budget,LightGBM,delta_tp,4445,54.8
paysim,3,P_WEIGHT,core,platt,fixed_budget,LightGBM,delta_tp,4446,64.0
paysim,3,P_WEIGHT,core,platt,fixed_budget,LightGBM,delta_tp,4447,-35.4
paysim,3,P_WEIGHT,core,platt,fixed_budget,LightGBM,delta_tp,4448,251.0
paysim,3,P_WEIGHT,core,platt,fixed_budget,LightGBM,delta_tp,4449,160.8
paysim,3,P_WEIGHT,core,platt,fixed_budget,LightGBM,delta_tp,4450,-57.2
paysim,3,P_WEIGHT,core,platt,fixed_budget,LightGBM,delta_tp,4451,92.2
paysim,3,P_WEIGHT,core,platt,fixed_budget,LightGBM,delta_tp,4452,-188.4
paysim,3,P_WEIGHT,core,platt,fixed_budget,LightGBM,delta_tp,4453,643.0
paysim,3,P_WEIGHT,core,platt,fixed_budget,LightGBM,delta_tp,4454,-1.2
paysim,3,P_WEIGHT,core,platt,fixed_budget,LightGBM,delta_tp,4455,388.8
paysim,3,P_WEIGHT,core,platt,fixed_budget,LightGBM,delta_tp,4456,200.2
paysim,3,P_WEIGHT,core,platt,fixed_budget,LightGBM,delta_tp,4457,-168.0
paysim,3,P_WEIGHT,core,platt,fixed_budget,LightGBM,delta_tp,4458,369.8
paysim,3,P_WEIGHT,core,platt,fixed_budget,LightGBM,delta_tp,4459,191.4
paysim,3,P_WEIGHT,core,platt,fixed_budget,LightGBM,delta_tp,4460,659.6
paysim,3,P_WEIGHT,core,platt,fixed_budget,LightGBM,delta_tp,4461,-184.6
paysim,3,P_WEIGHT,core,platt,fixed_budget,LightGBM,delta_tp,4462,9.8
paysim,3,P_WEIGHT,core,platt,fixed_budget,LightGBM,delta_tp,4463,27.8
paysim,3,P_WEIGHT,core,platt,fixed_budget,LightGBM,delta_tp,4464,36.0
paysim,3,P_WEIGHT,core,platt,fixed_budget,LightGBM,delta_tp,4465,691.6
paysim,3,P_WEIGHT,core,platt,fixed_budget,LightGBM,delta_tp,4466,300.2
paysim,3,P_WEIGHT,core,platt,fixed_budget,LightGBM,delta_tp,4467,251.8
paysim,3,P_WEIGHT,core,platt,fixed_budget,LightGBM,delta_tp,4468,322.4
paysim,3,P_WEIGHT,core,platt,fixed_budget,LightGBM,delta_tp,4469,-4.0
paysim,3,P_WEIGHT,core,platt,fixed_budget,LightGBM,delta_tp,4470,-136.0
paysim,3,P_WEIGHT,core,platt,fixed_budget,LightGBM,delta_tp,4471,-146.4
paysim,3,P_WEIGHT,core,platt,fixed_budget,LightGBM,delta_tp,4472,-147.0
paysim,3,P_WEIGHT,core,platt,fixed_budget,LightGBM,delta_tp,4473,310.8
paysim,3,P_WEIGHT,core,platt,fixed_budget,LightGBM,delta_tp,4474,151.2
paysim,3,P_WEIGHT,core,platt,fixed_budget,LightGBM,delta_tp,4475,210.0
paysim,3,P_WEIGHT,core,platt,fixed_budget,LightGBM,delta_tp,4476,157.6
paysim,3,P_WEIGHT,core,platt,fixed_budget,LightGBM,delta_tp,4477,575.0
paysim,3,P_WEIGHT,core,platt,fixed_budget,LightGBM,delta_tp,4478,13.6
paysim,3,P_WEIGHT,core,platt,fixed_budget,LightGBM,delta_tp,4479,719.0
paysim,3,P_WEIGHT,core,platt,fixed_budget,LightGBM,delta_tp,4480,-27.4
paysim,3,P_WEIGHT,core,platt,fixed_budget,LightGBM,delta_tp,4481,205.0
paysim,3,P_WEIGHT,core,platt,fixed_budget,LightGBM,delta_tp,4482,-76.4
paysim,3,P_WEIGHT,core,platt,fixed_budget,LightGBM,delta_tp,4483,757.4
paysim,3,P_WEIGHT,core,platt,fixed_budget,LightGBM,delta_tp,4484,-17.6
paysim,3,P_WEIGHT,core,platt,fixed_budget,LightGBM,delta_tp,4485,548.8
paysim,3,P_WEIGHT,core,platt,fixed_budget,LightGBM,delta_tp,4486,309.6
paysim,3,P_WEIGHT,core,platt,fixed_budget,LightGBM,delta_tp,4487,112.0
paysim,3,P_WEIGHT,core,platt,fixed_budget,LightGBM,delta_tp,4488,-144.2
paysim,3,P_WEIGHT,core,platt,fixed_budget,LightGBM,delta_tp,4489,616.8
paysim,3,P_WEIGHT,core,platt,fixed_budget,LightGBM,delta_tp,4490,108.0
paysim,3,P_WEIGHT,core,platt,fixed_budget,LightGBM,delta_tp,4491,82.8
paysim,3,P_WEIGHT,core,platt,fixed_budget,LightGBM,delta_tp,4492,618.0
paysim,3,P_WEIGHT,core,platt,fixed_budget,LightGBM,delta_tp,4493,-127.8
paysim,3,P_WEIGHT,core,platt,fixed_budget,LightGBM,delta_tp,4494,-139.0
paysim,3,P_WEIGHT,core,platt,fixed_budget,LightGBM,delta_tp,4495,13.6
paysim,3,P_WEIGHT,core,platt,fixed_budget,LightGBM,delta_tp,4496,-127.8
paysim,3,P_WEIGHT,core,platt,fixed_budget,LightGBM,delta_tp,4497,35.4
paysim,3,P_WEIGHT,core,platt,fixed_budget,LightGBM,delta_tp,4498,95.2
paysim,3,P_WEIGHT,core,platt,fixed_budget,LightGBM,delta_tp,4499,-105.2
paysim,3,P_WEIGHT,core,platt,fixed_budget,LightGBM,delta_tp,4500,361.8
paysim,3,P_WEIGHT,core,platt,fixed_budget,LightGBM,delta_tp,4501,171.8
paysim,3,P_WEIGHT,core,platt,fixed_budget,LightGBM,delta_tp,4502,210.4
paysim,3,P_WEIGHT,core,platt,fixed_budget,LightGBM,delta_tp,4503,294.6
paysim,3,P_WEIGHT,core,platt,fixed_budget,LightGBM,delta_tp,4504,687.2
paysim,3,P_WEIGHT,core,platt,fixed_budget,LightGBM,delta_tp,4505,-178.4
paysim,3,P_WEIGHT,core,platt,fixed_budget,LightGBM,delta_tp,4506,605.4
paysim,3,P_WEIGHT,core,platt,fixed_budget,LightGBM,delta_tp,4507,474.2
paysim,3,P_WEIGHT,core,platt,fixed_budget,LightGBM,delta_tp,4508,147.2
paysim,3,P_WEIGHT,core,platt,fixed_budget,LightGBM,delta_tp,4509,215.2
paysim,3,P_WEIGHT,core,platt,fixed_budget,LightGBM,delta_tp,4510,-148.8
paysim,3,P_WEIGHT,core,platt,fixed_budget,LightGBM,delta_tp,4511,287.2
paysim,3,P_WEIGHT,core,platt,fixed_budget,LightGBM,delta_tp,4512,216.6
paysim,3,P_WEIGHT,core,platt,fixed_budget,LightGBM,delta_tp,4513,307.0
paysim,3,P_WEIGHT,core,platt,fixed_budget,LightGBM,delta_tp,4514,386.6
paysim,3,P_WEIGHT,core,platt,fixed_budget,LightGBM,delta_tp,4515,552.6
paysim,3,P_WEIGHT,core,platt,fixed_budget,LightGBM,delta_tp,4516,386.6
paysim,3,P_WEIGHT,core,platt,fixed_budget,LightGBM,delta_tp,4517,111.6
paysim,3,P_WEIGHT,core,platt,fixed_budget,LightGBM,delta_tp,4518,-25.6
paysim,3,P_WEIGHT,core,platt,fixed_budget,LightGBM,delta_tp,4519,673.4
paysim,3,P_WEIGHT,core,platt,fixed_budget,LightGBM,delta_tp,4520,816.8
paysim,3,P_WEIGHT,core,platt,fixed_budget,LightGBM,delta_tp,4521,234.4
paysim,3,P_WEIGHT,core,platt,fixed_budget,LightGBM,delta_tp,4522,429.2
paysim,3,P_WEIGHT,core,platt,fixed_budget,LightGBM,delta_tp,4523,334.0
paysim,3,P_WEIGHT,core,platt,fixed_budget,LightGBM,delta_tp,4524,110.0
paysim,3,P_WEIGHT,core,platt,fixed_budget,LightGBM,delta_tp,4525,-119.2
paysim,3,P_WEIGHT,core,platt,fixed_budget,LightGBM,delta_tp,4526,37.6
paysim,3,P_WEIGHT,core,platt,fixed_budget,LightGBM,delta_tp,4527,295.6
paysim,3,P_WEIGHT,core,platt,fixed_budget,LightGBM,delta_tp,4528,134.0
paysim,3,P_WEIGHT,core,platt,fixed_budget,LightGBM,delta_tp,4529,451.2
paysim,3,P_WEIGHT,core,platt,fixed_budget,LightGBM,delta_tp,4530,421.2
paysim,3,P_WEIGHT,core,platt,fixed_budget,LightGBM,delta_tp,4531,281.0
paysim,3,P_WEIGHT,core,platt,fixed_budget,LightGBM,delta_tp,4532,-156.0
paysim,3,P_WEIGHT,core,platt,fixed_budget,LightGBM,delta_tp,4533,-198.2
paysim,3,P_WEIGHT,core,platt,fixed_budget,LightGBM,delta_tp,4534,248.0
paysim,3,P_WEIGHT,core,platt,fixed_budget,LightGBM,delta_tp,4535,-150.8
paysim,3,P_WEIGHT,core,platt,fixed_budget,LightGBM,delta_tp,4536,347.0
paysim,3,P_WEIGHT,core,platt,fixed_budget,LightGBM,delta_tp,4537,164.2
paysim,3,P_WEIGHT,core,platt,fixed_budget,LightGBM,delta_tp,4538,-106.8
paysim,3,P_WEIGHT,core,platt,fixed_budget,LightGBM,delta_tp,4539,839.4
paysim,3,P_WEIGHT,core,platt,fixed_budget,LightGBM,delta_tp,4540,570.2
paysim,3,P_WEIGHT,core,platt,fixed_budget,LightGBM,delta_tp,4541,399.8
paysim,3,P_WEIGHT,core,platt,fixed_budget,LightGBM,delta_tp,4542,255.4
paysim,3,P_WEIGHT,core,platt,fixed_budget,LightGBM,delta_tp,4543,-77.0
paysim,3,P_WEIGHT,core,platt,fixed_budget,LightGBM,delta_tp,4544,374.6
paysim,3,P_WEIGHT,core,platt,fixed_budget,LightGBM,delta_tp,4545,-1.8
paysim,3,P_WEIGHT,core,platt,fixed_budget,LightGBM,delta_tp,4546,529.2
paysim,3,P_WEIGHT,core,platt,fixed_budget,LightGBM,delta_tp,4547,-90.4
paysim,3,P_WEIGHT,core,platt,fixed_budget,LightGBM,delta_tp,4548,-7.6
paysim,3,P_WEIGHT,core,platt,fixed_budget,LightGBM,delta_tp,4549,505.4
paysim,3,P_WEIGHT,core,platt,fixed_budget,LightGBM,delta_tp,4550,500.2
paysim,3,P_WEIGHT,core,platt,fixed_budget,LightGBM,delta_tp,4551,648.8
paysim,3,P_WEIGHT,core,platt,fixed_budget,LightGBM,delta_tp,4552,-5.2
paysim,3,P_WEIGHT,core,platt,fixed_budget,LightGBM,delta_tp,4553,-128.4
paysim,3,P_WEIGHT,core,platt,fixed_budget,LightGBM,delta_tp,4554,703.4
paysim,3,P_WEIGHT,core,platt,fixed_budget,LightGBM,delta_tp,4555,460.8
paysim,3,P_WEIGHT,core,platt,fixed_budget,LightGBM,delta_tp,4556,-72.2
paysim,3,P_WEIGHT,core,platt,fixed_budget,LightGBM,delta_tp,4557,-96.0
paysim,3,P_WEIGHT,core,platt,fixed_budget,LightGBM,delta_tp,4558,42.4
paysim,3,P_WEIGHT,core,platt,fixed_budget,LightGBM,delta_tp,4559,115.4
paysim,3,P_WEIGHT,core,platt,fixed_budget,LightGBM,delta_tp,4560,41.6
paysim,3,P_WEIGHT,core,platt,fixed_budget,LightGBM,delta_tp,4561,-187.8
paysim,3,P_WEIGHT,core,platt,fixed_budget,LightGBM,delta_tp,4562,558.2
paysim,3,P_WEIGHT,core,platt,fixed_budget,LightGBM,delta_tp,4563,-112.8
paysim,3,P_WEIGHT,core,platt,fixed_budget,LightGBM,delta_tp,4564,351.6
paysim,3,P_WEIGHT,core,platt,fixed_budget,LightGBM,delta_tp,4565,-135.6
paysim,3,P_WEIGHT,core,platt,fixed_budget,LightGBM,delta_tp,4566,783.0
paysim,3,P_WEIGHT,core,platt,fixed_budget,LightGBM,delta_tp,4567,94.6
paysim,3,P_WEIGHT,core,platt,fixed_budget,LightGBM,delta_tp,4568,-21.2
paysim,3,P_WEIGHT,core,platt,fixed_budget,LightGBM,delta_tp,4569,-72.8
paysim,3,P_WEIGHT,core,platt,fixed_budget,LightGBM,delta_tp,4570,-119.2
paysim,3,P_WEIGHT,core,platt,fixed_budget,LightGBM,delta_tp,4571,61.4
paysim,3,P_WEIGHT,core,platt,fixed_budget,LightGBM,delta_tp,4572,-146.2
paysim,3,P_WEIGHT,core,platt,fixed_budget,LightGBM,delta_tp,4573,285.8
paysim,3,P_WEIGHT,core,platt,fixed_budget,LightGBM,delta_tp,4574,-30.0
paysim,3,P_WEIGHT,core,platt,fixed_budget,LightGBM,delta_tp,4575,191.8
paysim,3,P_WEIGHT,core,platt,fixed_budget,LightGBM,delta_tp,4576,750.4
paysim,3,P_WEIGHT,core,platt,fixed_budget,LightGBM,delta_tp,4577,291.4
paysim,3,P_WEIGHT,core,platt,fixed_budget,LightGBM,delta_tp,4578,641.0
paysim,3,P_WEIGHT,core,platt,fixed_budget,LightGBM,delta_tp,4579,211.4
paysim,3,P_WEIGHT,core,platt,fixed_budget,LightGBM,delta_tp,4580,-141.0
paysim,3,P_WEIGHT,core,platt,fixed_budget,LightGBM,delta_tp,4581,524.0
paysim,3,P_WEIGHT,core,platt,fixed_budget,LightGBM,delta_tp,4582,12.0
paysim,3,P_WEIGHT,core,platt,fixed_budget,LightGBM,delta_tp,4583,166.4
paysim,3,P_WEIGHT,core,platt,fixed_budget,LightGBM,delta_tp,4584,-176.8
paysim,3,P_WEIGHT,core,platt,fixed_budget,LightGBM,delta_tp,4585,356.2
paysim,3,P_WEIGHT,core,platt,fixed_budget,LightGBM,delta_tp,4586,-2.4
paysim,3,P_WEIGHT,core,platt,fixed_budget,LightGBM,delta_tp,4587,-14.8
paysim,3,P_WEIGHT,core,platt,fixed_budget,LightGBM,delta_tp,4588,223.4
paysim,3,P_WEIGHT,core,platt,fixed_budget,LightGBM,delta_tp,4589,-193.4
paysim,3,P_WEIGHT,core,platt,fixed_budget,LightGBM,delta_tp,4590,36.6
paysim,3,P_WEIGHT,core,platt,fixed_budget,LightGBM,delta_tp,4591,273.2
paysim,3,P_WEIGHT,core,platt,fixed_budget,LightGBM,delta_tp,4592,207.2
paysim,3,P_WEIGHT,core,platt,fixed_budget,LightGBM,delta_tp,4593,310.0
paysim,3,P_WEIGHT,core,platt,fixed_budget,LightGBM,delta_tp,4594,245.8
paysim,3,P_WEIGHT,core,platt,fixed_budget,LightGBM,delta_tp,4595,377.6
paysim,3,P_WEIGHT,core,platt,fixed_budget,LightGBM,delta_tp,4596,291.6
paysim,3,P_WEIGHT,core,platt,fixed_budget,LightGBM,delta_tp,4597,146.6
paysim,3,P_WEIGHT,core,platt,fixed_budget,LightGBM,delta_tp,4598,401.4
paysim,3,P_WEIGHT,core,platt,fixed_budget,LightGBM,delta_tp,4599,582.4
paysim,3,P_WEIGHT,core,platt,fixed_budget,LightGBM,delta_tp,4600,-44.6
paysim,3,P_WEIGHT,core,platt,fixed_budget,LightGBM,delta_tp,4601,-130.4
paysim,3,P_WEIGHT,core,platt,fixed_budget,LightGBM,delta_tp,4602,-126.2
paysim,3,P_WEIGHT,core,platt,fixed_budget,LightGBM,delta_tp,4603,800.6
paysim,3,P_WEIGHT,core,platt,fixed_budget,LightGBM,delta_tp,4604,242.6
paysim,3,P_WEIGHT,core,platt,fixed_budget,LightGBM,delta_tp,4605,54.4
paysim,3,P_WEIGHT,core,platt,fixed_budget,LightGBM,delta_tp,4606,112.4
paysim,3,P_WEIGHT,core,platt,fixed_budget,LightGBM,delta_tp,4607,316.0
paysim,3,P_WEIGHT,core,platt,fixed_budget,LightGBM,delta_tp,4608,181.2
paysim,3,P_WEIGHT,core,platt,fixed_budget,LightGBM,delta_tp,4609,626.6
paysim,3,P_WEIGHT,core,platt,fixed_budget,LightGBM,delta_tp,4610,16.6
paysim,3,P_WEIGHT,core,platt,fixed_budget,LightGBM,delta_tp,4611,531.8
paysim,3,P_WEIGHT,core,platt,fixed_budget,LightGBM,delta_tp,4612,204.0
paysim,3,P_WEIGHT,core,platt,fixed_budget,LightGBM,delta_tp,4613,144.2
paysim,3,P_WEIGHT,core,platt,fixed_budget,LightGBM,delta_tp,4614,62.6
paysim,3,P_WEIGHT,core,platt,fixed_budget,LightGBM,delta_tp,4615,364.4
paysim,3,P_WEIGHT,core,platt,fixed_budget,LightGBM,delta_tp,4616,9.6
paysim,3,P_WEIGHT,core,platt,fixed_budget,LightGBM,delta_tp,4617,426.4
paysim,3,P_WEIGHT,core,platt,fixed_budget,LightGBM,delta_tp,4618,108.2
paysim,3,P_WEIGHT,core,platt,fixed_budget,LightGBM,delta_tp,4619,-50.2
paysim,3,P_WEIGHT,core,platt,fixed_budget,LightGBM,delta_tp,4620,102.6
paysim,3,P_WEIGHT,core,platt,fixed_budget,LightGBM,delta_tp,4621,330.2
paysim,3,P_WEIGHT,core,platt,fixed_budget,LightGBM,delta_tp,4622,63.0
paysim,3,P_WEIGHT,core,platt,fixed_budget,LightGBM,delta_tp,4623,-3.0
paysim,3,P_WEIGHT,core,platt,fixed_budget,LightGBM,delta_tp,4624,120.0
paysim,3,P_WEIGHT,core,platt,fixed_budget,LightGBM,delta_tp,4625,-207.2
paysim,3,P_WEIGHT,core,platt,fixed_budget,LightGBM,delta_tp,4626,371.6
paysim,3,P_WEIGHT,core,platt,fixed_budget,LightGBM,delta_tp,4627,81.0
paysim,3,P_WEIGHT,core,platt,fixed_budget,LightGBM,delta_tp,4628,41.2
paysim,3,P_WEIGHT,core,platt,fixed_budget,LightGBM,delta_tp,4629,638.6
paysim,3,P_WEIGHT,core,platt,fixed_budget,LightGBM,delta_tp,4630,242.2
paysim,3,P_WEIGHT,core,platt,fixed_budget,LightGBM,delta_tp,4631,277.8
paysim,3,P_WEIGHT,core,platt,fixed_budget,LightGBM,delta_tp,4632,46.2
paysim,3,P_WEIGHT,core,platt,fixed_budget,LightGBM,delta_tp,4633,126.2
paysim,3,P_WEIGHT,core,platt,fixed_budget,LightGBM,delta_tp,4634,-4.8
paysim,3,P_WEIGHT,core,platt,fixed_budget,LightGBM,delta_tp,4635,573.4
paysim,3,P_WEIGHT,core,platt,fixed_budget,LightGBM,delta_tp,4636,336.6
paysim,3,P_WEIGHT,core,platt,fixed_budget,LightGBM,delta_tp,4637,59.4
paysim,3,P_WEIGHT,core,platt,fixed_budget,LightGBM,delta_tp,4638,638.4
paysim,3,P_WEIGHT,core,platt,fixed_budget,LightGBM,delta_tp,4639,-85.0
paysim,3,P_WEIGHT,core,platt,fixed_budget,LightGBM,delta_tp,4640,296.4
paysim,3,P_WEIGHT,core,platt,fixed_budget,LightGBM,delta_tp,4641,14.0
paysim,3,P_WEIGHT,core,platt,fixed_budget,LightGBM,delta_tp,4642,-114.8
paysim,3,P_WEIGHT,core,platt,fixed_budget,LightGBM,delta_tp,4643,761.8
paysim,3,P_WEIGHT,core,platt,fixed_budget,LightGBM,delta_tp,4644,87.6
paysim,3,P_WEIGHT,core,platt,fixed_budget,LightGBM,delta_tp,4645,448.0
paysim,3,P_WEIGHT,core,platt,fixed_budget,LightGBM,delta_tp,4646,-121.8
paysim,3,P_WEIGHT,core,platt,fixed_budget,LightGBM,delta_tp,4647,253.8
paysim,3,P_WEIGHT,core,platt,fixed_budget,LightGBM,delta_tp,4648,184.0
paysim,3,P_WEIGHT,core,platt,fixed_budget,LightGBM,delta_tp,4649,168.0
paysim,3,P_WEIGHT,core,platt,fixed_budget,LightGBM,delta_tp,4650,-137.4
paysim,3,P_WEIGHT,core,platt,fixed_budget,LightGBM,delta_tp,4651,238.0
paysim,3,P_WEIGHT,core,platt,fixed_budget,LightGBM,delta_tp,4652,52.0
paysim,3,P_WEIGHT,core,platt,fixed_budget,LightGBM,delta_tp,4653,144.2
paysim,3,P_WEIGHT,core,platt,fixed_budget,LightGBM,delta_tp,4654,112.8
paysim,3,P_WEIGHT,core,platt,fixed_budget,LightGBM,delta_tp,4655,-147.2
paysim,3,P_WEIGHT,core,platt,fixed_budget,LightGBM,delta_tp,4656,-27.0
paysim,3,P_WEIGHT,core,platt,fixed_budget,LightGBM,delta_tp,4657,158.0
paysim,3,P_WEIGHT,core,platt,fixed_budget,LightGBM,delta_tp,4658,82.0
paysim,3,P_WEIGHT,core,platt,fixed_budget,LightGBM,delta_tp,4659,460.4
paysim,3,P_WEIGHT,core,platt,fixed_budget,LightGBM,delta_tp,4660,779.8
paysim,3,P_WEIGHT,core,platt,fixed_budget,LightGBM,delta_tp,4661,932.2
paysim,3,P_WEIGHT,core,platt,fixed_budget,LightGBM,delta_tp,4662,-3.6
paysim,3,P_WEIGHT,core,platt,fixed_budget,LightGBM,delta_tp,4663,27.4
paysim,3,P_WEIGHT,core,platt,fixed_budget,LightGBM,delta_tp,4664,248.4
paysim,3,P_WEIGHT,core,platt,fixed_budget,LightGBM,delta_tp,4665,-35.4
paysim,3,P_WEIGHT,core,platt,fixed_budget,LightGBM,delta_tp,4666,360.0
paysim,3,P_WEIGHT,core,platt,fixed_budget,LightGBM,delta_tp,4667,-141.4
paysim,3,P_WEIGHT,core,platt,fixed_budget,LightGBM,delta_tp,4668,143.2
paysim,3,P_WEIGHT,core,platt,fixed_budget,LightGBM,delta_tp,4669,712.0
paysim,3,P_WEIGHT,core,platt,fixed_budget,LightGBM,delta_tp,4670,212.8
paysim,3,P_WEIGHT,core,platt,fixed_budget,LightGBM,delta_tp,4671,72.0
paysim,3,P_WEIGHT,core,platt,fixed_budget,LightGBM,delta_tp,4672,-138.4
paysim,3,P_WEIGHT,core,platt,fixed_budget,LightGBM,delta_tp,4673,-152.4
paysim,3,P_WEIGHT,core,platt,fixed_budget,LightGBM,delta_tp,4674,408.6
paysim,3,P_WEIGHT,core,platt,fixed_budget,LightGBM,delta_tp,4675,58.8
paysim,3,P_WEIGHT,core,platt,fixed_budget,LightGBM,delta_tp,4676,39.4
paysim,3,P_WEIGHT,core,platt,fixed_budget,LightGBM,delta_tp,4677,-172.2
paysim,3,P_WEIGHT,core,platt,fixed_budget,LightGBM,delta_tp,4678,797.0
paysim,3,P_WEIGHT,core,platt,fixed_budget,LightGBM,delta_tp,4679,-138.2
paysim,3,P_WEIGHT,core,platt,fixed_budget,LightGBM,delta_tp,4680,556.0
paysim,3,P_WEIGHT,core,platt,fixed_budget,LightGBM,delta_tp,4681,730.8
paysim,3,P_WEIGHT,core,platt,fixed_budget,LightGBM,delta_tp,4682,22.0
paysim,3,P_WEIGHT,core,platt,fixed_budget,LightGBM,delta_tp,4683,414.4
paysim,3,P_WEIGHT,core,platt,fixed_budget,LightGBM,delta_tp,4684,161.4
paysim,3,P_WEIGHT,core,platt,fixed_budget,LightGBM,delta_tp,4685,5.2
paysim,3,P_WEIGHT,core,platt,fixed_budget,LightGBM,delta_tp,4686,-5.8
paysim,3,P_WEIGHT,core,platt,fixed_budget,LightGBM,delta_tp,4687,275.8
paysim,3,P_WEIGHT,core,platt,fixed_budget,LightGBM,delta_tp,4688,59.8
paysim,3,P_WEIGHT,core,platt,fixed_budget,LightGBM,delta_tp,4689,290.6
paysim,3,P_WEIGHT,core,platt,fixed_budget,LightGBM,delta_tp,4690,201.0
paysim,3,P_WEIGHT,core,platt,fixed_budget,LightGBM,delta_tp,4691,561.4
paysim,3,P_WEIGHT,core,platt,fixed_budget,LightGBM,delta_tp,4692,39.8
paysim,3,P_WEIGHT,core,platt,fixed_budget,LightGBM,delta_tp,4693,56.0
paysim,3,P_WEIGHT,core,platt,fixed_budget,LightGBM,delta_tp,4694,322.6
paysim,3,P_WEIGHT,core,platt,fixed_budget,LightGBM,delta_tp,4695,256.0
paysim,3,P_WEIGHT,core,platt,fixed_budget,LightGBM,delta_tp,4696,470.0
paysim,3,P_WEIGHT,core,platt,fixed_budget,LightGBM,delta_tp,4697,87.4
paysim,3,P_WEIGHT,core,platt,fixed_budget,LightGBM,delta_tp,4698,55.2
paysim,3,P_WEIGHT,core,platt,fixed_budget,LightGBM,delta_tp,4699,655.4
paysim,3,P_WEIGHT,core,platt,fixed_budget,LightGBM,delta_tp,4700,238.8
paysim,3,P_WEIGHT,core,platt,fixed_budget,LightGBM,delta_tp,4701,21.0
paysim,3,P_WEIGHT,core,platt,fixed_budget,LightGBM,delta_tp,4702,682.8
paysim,3,P_WEIGHT,core,platt,fixed_budget,LightGBM,delta_tp,4703,507.8
paysim,3,P_WEIGHT,core,platt,fixed_budget,LightGBM,delta_tp,4704,820.6
paysim,3,P_WEIGHT,core,platt,fixed_budget,LightGBM,delta_tp,4705,40.2
paysim,3,P_WEIGHT,core,platt,fixed_budget,LightGBM,delta_tp,4706,301.6
paysim,3,P_WEIGHT,core,platt,fixed_budget,LightGBM,delta_tp,4707,79.2
paysim,3,P_WEIGHT,core,platt,fixed_budget,LightGBM,delta_tp,4708,-103.0
paysim,3,P_WEIGHT,core,platt,fixed_budget,LightGBM,delta_tp,4709,99.0
paysim,3,P_WEIGHT,core,platt,fixed_budget,LightGBM,delta_tp,4710,-108.4
paysim,3,P_WEIGHT,core,platt,fixed_budget,LightGBM,delta_tp,4711,292.8
paysim,3,P_WEIGHT,core,platt,fixed_budget,LightGBM,delta_tp,4712,611.6
paysim,3,P_WEIGHT,core,platt,fixed_budget,LightGBM,delta_tp,4713,9.6
paysim,3,P_WEIGHT,core,platt,fixed_budget,LightGBM,delta_tp,4714,-134.6
paysim,3,P_WEIGHT,core,platt,fixed_budget,LightGBM,delta_tp,4715,292.8
paysim,3,P_WEIGHT,core,platt,fixed_budget,LightGBM,delta_tp,4716,-126.6
paysim,3,P_WEIGHT,core,platt,fixed_budget,LightGBM,delta_tp,4717,512.2
paysim,3,P_WEIGHT,core,platt,fixed_budget,LightGBM,delta_tp,4718,134.6
paysim,3,P_WEIGHT,core,platt,fixed_budget,LightGBM,delta_tp,4719,629.4
paysim,3,P_WEIGHT,core,platt,fixed_budget,LightGBM,delta_tp,4720,275.0
paysim,3,P_WEIGHT,core,platt,fixed_budget,LightGBM,delta_tp,4721,623.6
paysim,3,P_WEIGHT,core,platt,fixed_budget,LightGBM,delta_tp,4722,-90.0
paysim,3,P_WEIGHT,core,platt,fixed_budget,LightGBM,delta_tp,4723,-138.2
paysim,3,P_WEIGHT,core,platt,fixed_budget,LightGBM,delta_tp,4724,-25.6
paysim,3,P_WEIGHT,core,platt,fixed_budget,LightGBM,delta_tp,4725,-65.8
paysim,3,P_WEIGHT,core,platt,fixed_budget,LightGBM,delta_tp,4726,60.0
paysim,3,P_WEIGHT,core,platt,fixed_budget,LightGBM,delta_tp,4727,574.8
paysim,3,P_WEIGHT,core,platt,fixed_budget,LightGBM,delta_tp,4728,-14.4
paysim,3,P_WEIGHT,core,platt,fixed_budget,LightGBM,delta_tp,4729,482.2
paysim,3,P_WEIGHT,core,platt,fixed_budget,LightGBM,delta_tp,4730,201.2
paysim,3,P_WEIGHT,core,platt,fixed_budget,LightGBM,delta_tp,4731,-19.0
paysim,3,P_WEIGHT,core,platt,fixed_budget,LightGBM,delta_tp,4732,239.2
paysim,3,P_WEIGHT,core,platt,fixed_budget,LightGBM,delta_tp,4733,-134.0
paysim,3,P_WEIGHT,core,platt,fixed_budget,LightGBM,delta_tp,4734,735.8
paysim,3,P_WEIGHT,core,platt,fixed_budget,LightGBM,delta_tp,4735,348.2
paysim,3,P_WEIGHT,core,platt,fixed_budget,LightGBM,delta_tp,4736,-166.8
paysim,3,P_WEIGHT,core,platt,fixed_budget,LightGBM,delta_tp,4737,172.0
paysim,3,P_WEIGHT,core,platt,fixed_budget,LightGBM,delta_tp,4738,34.8
paysim,3,P_WEIGHT,core,platt,fixed_budget,LightGBM,delta_tp,4739,435.2
paysim,3,P_WEIGHT,core,platt,fixed_budget,LightGBM,delta_tp,4740,-111.6
paysim,3,P_WEIGHT,core,platt,fixed_budget,LightGBM,delta_tp,4741,38.4
paysim,3,P_WEIGHT,core,platt,fixed_budget,LightGBM,delta_tp,4742,294.0
paysim,3,P_WEIGHT,core,platt,fixed_budget,LightGBM,delta_tp,4743,-150.8
paysim,3,P_WEIGHT,core,platt,fixed_budget,LightGBM,delta_tp,4744,135.6
paysim,3,P_WEIGHT,core,platt,fixed_budget,LightGBM,delta_tp,4745,241.4
paysim,3,P_WEIGHT,core,platt,fixed_budget,LightGBM,delta_tp,4746,16.0
paysim,3,P_WEIGHT,core,platt,fixed_budget,LightGBM,delta_tp,4747,158.2
paysim,3,P_WEIGHT,core,platt,fixed_budget,LightGBM,delta_tp,4748,-133.6
paysim,3,P_WEIGHT,core,platt,fixed_budget,LightGBM,delta_tp,4749,644.0
paysim,3,P_WEIGHT,core,platt,fixed_budget,LightGBM,delta_tp,4750,546.6
paysim,3,P_WEIGHT,core,platt,fixed_budget,LightGBM,delta_tp,4751,286.6
paysim,3,P_WEIGHT,core,platt,fixed_budget,LightGBM,delta_tp,4752,119.2
paysim,3,P_WEIGHT,core,platt,fixed_budget,LightGBM,delta_tp,4753,527.0
paysim,3,P_WEIGHT,core,platt,fixed_budget,LightGBM,delta_tp,4754,121.6
paysim,3,P_WEIGHT,core,platt,fixed_budget,LightGBM,delta_tp,4755,27.2
paysim,3,P_WEIGHT,core,platt,fixed_budget,LightGBM,delta_tp,4756,11.6
paysim,3,P_WEIGHT,core,platt,fixed_budget,LightGBM,delta_tp,4757,279.4
paysim,3,P_WEIGHT,core,platt,fixed_budget,LightGBM,delta_tp,4758,132.4
paysim,3,P_WEIGHT,core,platt,fixed_budget,LightGBM,delta_tp,4759,239.0
paysim,3,P_WEIGHT,core,platt,fixed_budget,LightGBM,delta_tp,4760,183.8
paysim,3,P_WEIGHT,core,platt,fixed_budget,LightGBM,delta_tp,4761,298.4
paysim,3,P_WEIGHT,core,platt,fixed_budget,LightGBM,delta_tp,4762,288.0
paysim,3,P_WEIGHT,core,platt,fixed_budget,LightGBM,delta_tp,4763,431.0
paysim,3,P_WEIGHT,core,platt,fixed_budget,LightGBM,delta_tp,4764,251.4
paysim,3,P_WEIGHT,core,platt,fixed_budget,LightGBM,delta_tp,4765,-156.6
paysim,3,P_WEIGHT,core,platt,fixed_budget,LightGBM,delta_tp,4766,210.4
paysim,3,P_WEIGHT,core,platt,fixed_budget,LightGBM,delta_tp,4767,349.6
paysim,3,P_WEIGHT,core,platt,fixed_budget,LightGBM,delta_tp,4768,-171.4
paysim,3,P_WEIGHT,core,platt,fixed_budget,LightGBM,delta_tp,4769,214.8
paysim,3,P_WEIGHT,core,platt,fixed_budget,LightGBM,delta_tp,4770,70.2
paysim,3,P_WEIGHT,core,platt,fixed_budget,LightGBM,delta_tp,4771,135.4
paysim,3,P_WEIGHT,core,platt,fixed_budget,LightGBM,delta_tp,4772,-70.2
paysim,3,P_WEIGHT,core,platt,fixed_budget,LightGBM,delta_tp,4773,-70.0
paysim,3,P_WEIGHT,core,platt,fixed_budget,LightGBM,delta_tp,4774,413.6
paysim,3,P_WEIGHT,core,platt,fixed_budget,LightGBM,delta_tp,4775,362.8
paysim,3,P_WEIGHT,core,platt,fixed_budget,LightGBM,delta_tp,4776,-171.0
paysim,3,P_WEIGHT,core,platt,fixed_budget,LightGBM,delta_tp,4777,68.0
paysim,3,P_WEIGHT,core,platt,fixed_budget,LightGBM,delta_tp,4778,299.0
paysim,3,P_WEIGHT,core,platt,fixed_budget,LightGBM,delta_tp,4779,587.2
paysim,3,P_WEIGHT,core,platt,fixed_budget,LightGBM,delta_tp,4780,7.2
paysim,3,P_WEIGHT,core,platt,fixed_budget,LightGBM,delta_tp,4781,325.4
paysim,3,P_WEIGHT,core,platt,fixed_budget,LightGBM,delta_tp,4782,31.8
paysim,3,P_WEIGHT,core,platt,fixed_budget,LightGBM,delta_tp,4783,360.8
paysim,3,P_WEIGHT,core,platt,fixed_budget,LightGBM,delta_tp,4784,697.6
paysim,3,P_WEIGHT,core,platt,fixed_budget,LightGBM,delta_tp,4785,588.0
paysim,3,P_WEIGHT,core,platt,fixed_budget,LightGBM,delta_tp,4786,641.2
paysim,3,P_WEIGHT,core,platt,fixed_budget,LightGBM,delta_tp,4787,-128.2
paysim,3,P_WEIGHT,core,platt,fixed_budget,LightGBM,delta_tp,4788,349.0
paysim,3,P_WEIGHT,core,platt,fixed_budget,LightGBM,delta_tp,4789,-57.8
paysim,3,P_WEIGHT,core,platt,fixed_budget,LightGBM,delta_tp,4790,556.6
paysim,3,P_WEIGHT,core,platt,fixed_budget,LightGBM,delta_tp,4791,273.0
paysim,3,P_WEIGHT,core,platt,fixed_budget,LightGBM,delta_tp,4792,-145.8
paysim,3,P_WEIGHT,core,platt,fixed_budget,LightGBM,delta_tp,4793,522.2
paysim,3,P_WEIGHT,core,platt,fixed_budget,LightGBM,delta_tp,4794,218.8
paysim,3,P_WEIGHT,core,platt,fixed_budget,LightGBM,delta_tp,4795,218.6
paysim,3,P_WEIGHT,core,platt,fixed_budget,LightGBM,delta_tp,4796,489.0
paysim,3,P_WEIGHT,core,platt,fixed_budget,LightGBM,delta_tp,4797,521.4
paysim,3,P_WEIGHT,core,platt,fixed_budget,LightGBM,delta_tp,4798,-159.2
paysim,3,P_WEIGHT,core,platt,fixed_budget,LightGBM,delta_tp,4799,256.0
paysim,3,P_WEIGHT,core,platt,fixed_budget,LightGBM,delta_tp,4800,178.2
paysim,3,P_WEIGHT,core,platt,fixed_budget,LightGBM,delta_tp,4801,224.4
paysim,3,P_WEIGHT,core,platt,fixed_budget,LightGBM,delta_tp,4802,-110.6
paysim,3,P_WEIGHT,core,platt,fixed_budget,LightGBM,delta_tp,4803,426.0
paysim,3,P_WEIGHT,core,platt,fixed_budget,LightGBM,delta_tp,4804,80.0
paysim,3,P_WEIGHT,core,platt,fixed_budget,LightGBM,delta_tp,4805,130.2
paysim,3,P_WEIGHT,core,platt,fixed_budget,LightGBM,delta_tp,4806,195.6
paysim,3,P_WEIGHT,core,platt,fixed_budget,LightGBM,delta_tp,4807,712.6
paysim,3,P_WEIGHT,core,platt,fixed_budget,LightGBM,delta_tp,4808,250.2
paysim,3,P_WEIGHT,core,platt,fixed_budget,LightGBM,delta_tp,4809,29.8
paysim,3,P_WEIGHT,core,platt,fixed_budget,LightGBM,delta_tp,4810,38.2
paysim,3,P_WEIGHT,core,platt,fixed_budget,LightGBM,delta_tp,4811,-101.8
paysim,3,P_WEIGHT,core,platt,fixed_budget,LightGBM,delta_tp,4812,350.8
paysim,3,P_WEIGHT,core,platt,fixed_budget,LightGBM,delta_tp,4813,175.2
paysim,3,P_WEIGHT,core,platt,fixed_budget,LightGBM,delta_tp,4814,340.0
paysim,3,P_WEIGHT,core,platt,fixed_budget,LightGBM,delta_tp,4815,-138.4
paysim,3,P_WEIGHT,core,platt,fixed_budget,LightGBM,delta_tp,4816,389.0
paysim,3,P_WEIGHT,core,platt,fixed_budget,LightGBM,delta_tp,4817,274.0
paysim,3,P_WEIGHT,core,platt,fixed_budget,LightGBM,delta_tp,4818,-60.0
paysim,3,P_WEIGHT,core,platt,fixed_budget,LightGBM,delta_tp,4819,254.8
paysim,3,P_WEIGHT,core,platt,fixed_budget,LightGBM,delta_tp,4820,253.4
paysim,3,P_WEIGHT,core,platt,fixed_budget,LightGBM,delta_tp,4821,25.2
paysim,3,P_WEIGHT,core,platt,fixed_budget,LightGBM,delta_tp,4822,-106.8
paysim,3,P_WEIGHT,core,platt,fixed_budget,LightGBM,delta_tp,4823,-136.8
paysim,3,P_WEIGHT,core,platt,fixed_budget,LightGBM,delta_tp,4824,593.6
paysim,3,P_WEIGHT,core,platt,fixed_budget,LightGBM,delta_tp,4825,-89.0
paysim,3,P_WEIGHT,core,platt,fixed_budget,LightGBM,delta_tp,4826,-139.6
paysim,3,P_WEIGHT,core,platt,fixed_budget,LightGBM,delta_tp,4827,229.6
paysim,3,P_WEIGHT,core,platt,fixed_budget,LightGBM,delta_tp,4828,-12.4
paysim,3,P_WEIGHT,core,platt,fixed_budget,LightGBM,delta_tp,4829,-119.0
paysim,3,P_WEIGHT,core,platt,fixed_budget,LightGBM,delta_tp,4830,435.8
paysim,3,P_WEIGHT,core,platt,fixed_budget,LightGBM,delta_tp,4831,583.4
paysim,3,P_WEIGHT,core,platt,fixed_budget,LightGBM,delta_tp,4832,460.8
paysim,3,P_WEIGHT,core,platt,fixed_budget,LightGBM,delta_tp,4833,172.4
paysim,3,P_WEIGHT,core,platt,fixed_budget,LightGBM,delta_tp,4834,347.2
paysim,3,P_WEIGHT,core,platt,fixed_budget,LightGBM,delta_tp,4835,-110.8
paysim,3,P_WEIGHT,core,platt,fixed_budget,LightGBM,delta_tp,4836,253.2
paysim,3,P_WEIGHT,core,platt,fixed_budget,LightGBM,delta_tp,4837,14.2
paysim,3,P_WEIGHT,core,platt,fixed_budget,LightGBM,delta_tp,4838,196.0
paysim,3,P_WEIGHT,core,platt,fixed_budget,LightGBM,delta_tp,4839,410.6
paysim,3,P_WEIGHT,core,platt,fixed_budget,LightGBM,delta_tp,4840,248.0
paysim,3,P_WEIGHT,core,platt,fixed_budget,LightGBM,delta_tp,4841,20.4
paysim,3,P_WEIGHT,core,platt,fixed_budget,LightGBM,delta_tp,4842,519.2
paysim,3,P_WEIGHT,core,platt,fixed_budget,LightGBM,delta_tp,4843,68.2
paysim,3,P_WEIGHT,core,platt,fixed_budget,LightGBM,delta_tp,4844,133.8
paysim,3,P_WEIGHT,core,platt,fixed_budget,LightGBM,delta_tp,4845,165.8
paysim,3,P_WEIGHT,core,platt,fixed_budget,LightGBM,delta_tp,4846,415.2
paysim,3,P_WEIGHT,core,platt,fixed_budget,LightGBM,delta_tp,4847,76.2
paysim,3,P_WEIGHT,core,platt,fixed_budget,LightGBM,delta_tp,4848,527.2
paysim,3,P_WEIGHT,core,platt,fixed_budget,LightGBM,delta_tp,4849,-100.2
paysim,3,P_WEIGHT,core,platt,fixed_budget,LightGBM,delta_tp,4850,-122.6
paysim,3,P_WEIGHT,core,platt,fixed_budget,LightGBM,delta_tp,4851,-129.6
paysim,3,P_WEIGHT,core,platt,fixed_budget,LightGBM,delta_tp,4852,-130.0
paysim,3,P_WEIGHT,core,platt,fixed_budget,LightGBM,delta_tp,4853,500.4
paysim,3,P_WEIGHT,core,platt,fixed_budget,LightGBM,delta_tp,4854,762.6
paysim,3,P_WEIGHT,core,platt,fixed_budget,LightGBM,delta_tp,4855,290.0
paysim,3,P_WEIGHT,core,platt,fixed_budget,LightGBM,delta_tp,4856,398.6
paysim,3,P_WEIGHT,core,platt,fixed_budget,LightGBM,delta_tp,4857,45.2
paysim,3,P_WEIGHT,core,platt,fixed_budget,LightGBM,delta_tp,4858,196.0
paysim,3,P_WEIGHT,core,platt,fixed_budget,LightGBM,delta_tp,4859,187.6
paysim,3,P_WEIGHT,core,platt,fixed_budget,LightGBM,delta_tp,4860,587.0
paysim,3,P_WEIGHT,core,platt,fixed_budget,LightGBM,delta_tp,4861,-111.2
paysim,3,P_WEIGHT,core,platt,fixed_budget,LightGBM,delta_tp,4862,167.0
paysim,3,P_WEIGHT,core,platt,fixed_budget,LightGBM,delta_tp,4863,15.2
paysim,3,P_WEIGHT,core,platt,fixed_budget,LightGBM,delta_tp,4864,99.8
paysim,3,P_WEIGHT,core,platt,fixed_budget,LightGBM,delta_tp,4865,-112.4
paysim,3,P_WEIGHT,core,platt,fixed_budget,LightGBM,delta_tp,4866,494.6
paysim,3,P_WEIGHT,core,platt,fixed_budget,LightGBM,delta_tp,4867,247.6
paysim,3,P_WEIGHT,core,platt,fixed_budget,LightGBM,delta_tp,4868,198.0
paysim,3,P_WEIGHT,core,platt,fixed_budget,LightGBM,delta_tp,4869,12.2
paysim,3,P_WEIGHT,core,platt,fixed_budget,LightGBM,delta_tp,4870,273.2
paysim,3,P_WEIGHT,core,platt,fixed_budget,LightGBM,delta_tp,4871,730.8
paysim,3,P_WEIGHT,core,platt,fixed_budget,LightGBM,delta_tp,4872,199.6
paysim,3,P_WEIGHT,core,platt,fixed_budget,LightGBM,delta_tp,4873,564.6
paysim,3,P_WEIGHT,core,platt,fixed_budget,LightGBM,delta_tp,4874,35.0
paysim,3,P_WEIGHT,core,platt,fixed_budget,LightGBM,delta_tp,4875,167.0
paysim,3,P_WEIGHT,core,platt,fixed_budget,LightGBM,delta_tp,4876,288.0
paysim,3,P_WEIGHT,core,platt,fixed_budget,LightGBM,delta_tp,4877,467.0
paysim,3,P_WEIGHT,core,platt,fixed_budget,LightGBM,delta_tp,4878,173.6
paysim,3,P_WEIGHT,core,platt,fixed_budget,LightGBM,delta_tp,4879,-98.0
paysim,3,P_WEIGHT,core,platt,fixed_budget,LightGBM,delta_tp,4880,504.8
paysim,3,P_WEIGHT,core,platt,fixed_budget,LightGBM,delta_tp,4881,5.8
paysim,3,P_WEIGHT,core,platt,fixed_budget,LightGBM,delta_tp,4882,400.6
paysim,3,P_WEIGHT,core,platt,fixed_budget,LightGBM,delta_tp,4883,217.6
paysim,3,P_WEIGHT,core,platt,fixed_budget,LightGBM,delta_tp,4884,-9.0
paysim,3,P_WEIGHT,core,platt,fixed_budget,LightGBM,delta_tp,4885,324.6
paysim,3,P_WEIGHT,core,platt,fixed_budget,LightGBM,delta_tp,4886,127.6
paysim,3,P_WEIGHT,core,platt,fixed_budget,LightGBM,delta_tp,4887,252.8
paysim,3,P_WEIGHT,core,platt,fixed_budget,LightGBM,delta_tp,4888,103.6
paysim,3,P_WEIGHT,core,platt,fixed_budget,LightGBM,delta_tp,4889,397.2
paysim,3,P_WEIGHT,core,platt,fixed_budget,LightGBM,delta_tp,4890,46.8
paysim,3,P_WEIGHT,core,platt,fixed_budget,LightGBM,delta_tp,4891,415.0
paysim,3,P_WEIGHT,core,platt,fixed_budget,LightGBM,delta_tp,4892,-136.8
paysim,3,P_WEIGHT,core,platt,fixed_budget,LightGBM,delta_tp,4893,4.2
paysim,3,P_WEIGHT,core,platt,fixed_budget,LightGBM,delta_tp,4894,212.0
paysim,3,P_WEIGHT,core,platt,fixed_budget,LightGBM,delta_tp,4895,53.2
paysim,3,P_WEIGHT,core,platt,fixed_budget,LightGBM,delta_tp,4896,478.4
paysim,3,P_WEIGHT,core,platt,fixed_budget,LightGBM,delta_tp,4897,373.0
paysim,3,P_WEIGHT,core,platt,fixed_budget,LightGBM,delta_tp,4898,-138.8
paysim,3,P_WEIGHT,core,platt,fixed_budget,LightGBM,delta_tp,4899,-129.4
paysim,3,P_WEIGHT,core,platt,fixed_budget,LightGBM,delta_tp,4900,108.4
paysim,3,P_WEIGHT,core,platt,fixed_budget,LightGBM,delta_tp,4901,39.8
paysim,3,P_WEIGHT,core,platt,fixed_budget,LightGBM,delta_tp,4902,337.6
paysim,3,P_WEIGHT,core,platt,fixed_budget,LightGBM,delta_tp,4903,-78.8
paysim,3,P_WEIGHT,core,platt,fixed_budget,LightGBM,delta_tp,4904,194.4
paysim,3,P_WEIGHT,core,platt,fixed_budget,LightGBM,delta_tp,4905,336.2
paysim,3,P_WEIGHT,core,platt,fixed_budget,LightGBM,delta_tp,4906,-111.0
paysim,3,P_WEIGHT,core,platt,fixed_budget,LightGBM,delta_tp,4907,62.4
paysim,3,P_WEIGHT,core,platt,fixed_budget,LightGBM,delta_tp,4908,-135.6
paysim,3,P_WEIGHT,core,platt,fixed_budget,LightGBM,delta_tp,4909,-129.2
paysim,3,P_WEIGHT,core,platt,fixed_budget,LightGBM,delta_tp,4910,-105.0
paysim,3,P_WEIGHT,core,platt,fixed_budget,LightGBM,delta_tp,4911,198.2
paysim,3,P_WEIGHT,core,platt,fixed_budget,LightGBM,delta_tp,4912,688.6
paysim,3,P_WEIGHT,core,platt,fixed_budget,LightGBM,delta_tp,4913,-115.8
paysim,3,P_WEIGHT,core,platt,fixed_budget,LightGBM,delta_tp,4914,-144.4
paysim,3,P_WEIGHT,core,platt,fixed_budget,LightGBM,delta_tp,4915,628.8
paysim,3,P_WEIGHT,core,platt,fixed_budget,LightGBM,delta_tp,4916,220.8
paysim,3,P_WEIGHT,core,platt,fixed_budget,LightGBM,delta_tp,4917,831.8
paysim,3,P_WEIGHT,core,platt,fixed_budget,LightGBM,delta_tp,4918,173.0
paysim,3,P_WEIGHT,core,platt,fixed_budget,LightGBM,delta_tp,4919,400.4
paysim,3,P_WEIGHT,core,platt,fixed_budget,LightGBM,delta_tp,4920,189.2
paysim,3,P_WEIGHT,core,platt,fixed_budget,LightGBM,delta_tp,4921,100.6
paysim,3,P_WEIGHT,core,platt,fixed_budget,LightGBM,delta_tp,4922,245.4
paysim,3,P_WEIGHT,core,platt,fixed_budget,LightGBM,delta_tp,4923,145.0
paysim,3,P_WEIGHT,core,platt,fixed_budget,LightGBM,delta_tp,4924,69.0
paysim,3,P_WEIGHT,core,platt,fixed_budget,LightGBM,delta_tp,4925,-122.0
paysim,3,P_WEIGHT,core,platt,fixed_budget,LightGBM,delta_tp,4926,104.2
paysim,3,P_WEIGHT,core,platt,fixed_budget,LightGBM,delta_tp,4927,-191.8
paysim,3,P_WEIGHT,core,platt,fixed_budget,LightGBM,delta_tp,4928,382.4
paysim,3,P_WEIGHT,core,platt,fixed_budget,LightGBM,delta_tp,4929,15.4
paysim,3,P_WEIGHT,core,platt,fixed_budget,LightGBM,delta_tp,4930,-135.4
paysim,3,P_WEIGHT,core,platt,fixed_budget,LightGBM,delta_tp,4931,543.4
paysim,3,P_WEIGHT,core,platt,fixed_budget,LightGBM,delta_tp,4932,-126.6
paysim,3,P_WEIGHT,core,platt,fixed_budget,LightGBM,delta_tp,4933,-120.8
paysim,3,P_WEIGHT,core,platt,fixed_budget,LightGBM,delta_tp,4934,-97.4
paysim,3,P_WEIGHT,core,platt,fixed_budget,LightGBM,delta_tp,4935,-19.4
paysim,3,P_WEIGHT,core,platt,fixed_budget,LightGBM,delta_tp,4936,177.8
paysim,3,P_WEIGHT,core,platt,fixed_budget,LightGBM,delta_tp,4937,317.8
paysim,3,P_WEIGHT,core,platt,fixed_budget,LightGBM,delta_tp,4938,-39.2
paysim,3,P_WEIGHT,core,platt,fixed_budget,LightGBM,delta_tp,4939,-66.6
paysim,3,P_WEIGHT,core,platt,fixed_budget,LightGBM,delta_tp,4940,353.4
paysim,3,P_WEIGHT,core,platt,fixed_budget,LightGBM,delta_tp,4941,525.0
paysim,3,P_WEIGHT,core,platt,fixed_budget,LightGBM,delta_tp,4942,553.0
paysim,3,P_WEIGHT,core,platt,fixed_budget,LightGBM,delta_tp,4943,279.2
paysim,3,P_WEIGHT,core,platt,fixed_budget,LightGBM,delta_tp,4944,47.8
paysim,3,P_WEIGHT,core,platt,fixed_budget,LightGBM,delta_tp,4945,43.6
paysim,3,P_WEIGHT,core,platt,fixed_budget,LightGBM,delta_tp,4946,266.0
paysim,3,P_WEIGHT,core,platt,fixed_budget,LightGBM,delta_tp,4947,260.6
paysim,3,P_WEIGHT,core,platt,fixed_budget,LightGBM,delta_tp,4948,138.4
paysim,3,P_WEIGHT,core,platt,fixed_budget,LightGBM,delta_tp,4949,181.2
paysim,3,P_WEIGHT,core,platt,fixed_budget,LightGBM,delta_tp,4950,362.6
paysim,3,P_WEIGHT,core,platt,fixed_budget,LightGBM,delta_tp,4951,119.2
paysim,3,P_WEIGHT,core,platt,fixed_budget,LightGBM,delta_tp,4952,473.2
paysim,3,P_WEIGHT,core,platt,fixed_budget,LightGBM,delta_tp,4953,673.2
paysim,3,P_WEIGHT,core,platt,fixed_budget,LightGBM,delta_tp,4954,390.8
paysim,3,P_WEIGHT,core,platt,fixed_budget,LightGBM,delta_tp,4955,466.4
paysim,3,P_WEIGHT,core,platt,fixed_budget,LightGBM,delta_tp,4956,106.8
paysim,3,P_WEIGHT,core,platt,fixed_budget,LightGBM,delta_tp,4957,36.8
paysim,3,P_WEIGHT,core,platt,fixed_budget,LightGBM,delta_tp,4958,3.0
paysim,3,P_WEIGHT,core,platt,fixed_budget,LightGBM,delta_tp,4959,208.0
paysim,3,P_WEIGHT,core,platt,fixed_budget,LightGBM,delta_tp,4960,-164.0
paysim,3,P_WEIGHT,core,platt,fixed_budget,LightGBM,delta_tp,4961,271.2
paysim,3,P_WEIGHT,core,platt,fixed_budget,LightGBM,delta_tp,4962,548.8
paysim,3,P_WEIGHT,core,platt,fixed_budget,LightGBM,delta_tp,4963,-126.6
paysim,3,P_WEIGHT,core,platt,fixed_budget,LightGBM,delta_tp,4964,-91.6
paysim,3,P_WEIGHT,core,platt,fixed_budget,LightGBM,delta_tp,4965,364.6
paysim,3,P_WEIGHT,core,platt,fixed_budget,LightGBM,delta_tp,4966,280.8
paysim,3,P_WEIGHT,core,platt,fixed_budget,LightGBM,delta_tp,4967,91.6
paysim,3,P_WEIGHT,core,platt,fixed_budget,LightGBM,delta_tp,4968,-34.2
paysim,3,P_WEIGHT,core,platt,fixed_budget,LightGBM,delta_tp,4969,375.6
paysim,3,P_WEIGHT,core,platt,fixed_budget,LightGBM,delta_tp,4970,313.0
paysim,3,P_WEIGHT,core,platt,fixed_budget,LightGBM,delta_tp,4971,-97.8
paysim,3,P_WEIGHT,core,platt,fixed_budget,LightGBM,delta_tp,4972,-69.0
paysim,3,P_WEIGHT,core,platt,fixed_budget,LightGBM,delta_tp,4973,-0.4
paysim,3,P_WEIGHT,core,platt,fixed_budget,LightGBM,delta_tp,4974,-38.8
paysim,3,P_WEIGHT,core,platt,fixed_budget,LightGBM,delta_tp,4975,354.6
paysim,3,P_WEIGHT,core,platt,fixed_budget,LightGBM,delta_tp,4976,211.2
paysim,3,P_WEIGHT,core,platt,fixed_budget,LightGBM,delta_tp,4977,458.2
paysim,3,P_WEIGHT,core,platt,fixed_budget,LightGBM,delta_tp,4978,-108.6
paysim,3,P_WEIGHT,core,platt,fixed_budget,LightGBM,delta_tp,4979,584.0
paysim,3,P_WEIGHT,core,platt,fixed_budget,LightGBM,delta_tp,4980,597.8
paysim,3,P_WEIGHT,core,platt,fixed_budget,LightGBM,delta_tp,4981,-148.0
paysim,3,P_WEIGHT,core,platt,fixed_budget,LightGBM,delta_tp,4982,280.6
paysim,3,P_WEIGHT,core,platt,fixed_budget,LightGBM,delta_tp,4983,-103.8
paysim,3,P_WEIGHT,core,platt,fixed_budget,LightGBM,delta_tp,4984,461.6
paysim,3,P_WEIGHT,core,platt,fixed_budget,LightGBM,delta_tp,4985,-55.4
paysim,3,P_WEIGHT,core,platt,fixed_budget,LightGBM,delta_tp,4986,122.2
paysim,3,P_WEIGHT,core,platt,fixed_budget,LightGBM,delta_tp,4987,207.4
paysim,3,P_WEIGHT,core,platt,fixed_budget,LightGBM,delta_tp,4988,-160.0
paysim,3,P_WEIGHT,core,platt,fixed_budget,LightGBM,delta_tp,4989,204.0
paysim,3,P_WEIGHT,core,platt,fixed_budget,LightGBM,delta_tp,4990,25.4
paysim,3,P_WEIGHT,core,platt,fixed_budget,LightGBM,delta_tp,4991,194.2
paysim,3,P_WEIGHT,core,platt,fixed_budget,LightGBM,delta_tp,4992,319.0
paysim,3,P_WEIGHT,core,platt,fixed_budget,LightGBM,delta_tp,4993,296.2
paysim,3,P_WEIGHT,core,platt,fixed_budget,LightGBM,delta_tp,4994,127.8
paysim,3,P_WEIGHT,core,platt,fixed_budget,LightGBM,delta_tp,4995,-36.0
paysim,3,P_WEIGHT,core,platt,fixed_budget,LightGBM,delta_tp,4996,357.0
paysim,3,P_WEIGHT,core,platt,fixed_budget,LightGBM,delta_tp,4997,1.6
paysim,3,P_WEIGHT,core,platt,fixed_budget,LightGBM,delta_tp,4998,-40.2
paysim,3,P_WEIGHT,core,platt,fixed_budget,LightGBM,delta_tp,4999,103.8
paysim,3,P_WEIGHT,core,platt,fixed_budget,LightGBM,delta_tp,5000,-133.6
