fold,model_id,scheme,weight,seed,calibration_method,split,binning_method,bin_id,bin_lower,bin_upper,sample_count,positive_count,mean_predicted_probability,observed_fraud_rate
1,raw_safe,Raw,1.0,42,Uncalibrated,validation_threshold,uniform,0,0.0,0.1,330696,134,0.0003355750357143784,0.0004052059897912282
1,raw_safe,Raw,1.0,42,Uncalibrated,validation_threshold,uniform,1,0.1,0.2,157,0,0.12845375367669543,0.0
1,raw_safe,Raw,1.0,42,Uncalibrated,validation_threshold,uniform,2,0.2,0.30000000000000004,24,2,0.2190276601185933,0.08333333333333333
1,raw_safe,Raw,1.0,42,Uncalibrated,validation_threshold,uniform,3,0.30000000000000004,0.4,0,0,,
1,raw_safe,Raw,1.0,42,Uncalibrated,validation_threshold,uniform,4,0.4,0.5,0,0,,
1,raw_safe,Raw,1.0,42,Uncalibrated,validation_threshold,uniform,5,0.5,0.6000000000000001,0,0,,
1,raw_safe,Raw,1.0,42,Uncalibrated,validation_threshold,uniform,6,0.6000000000000001,0.7000000000000001,0,0,,
1,raw_safe,Raw,1.0,42,Uncalibrated,validation_threshold,uniform,7,0.7000000000000001,0.8,0,0,,
1,raw_safe,Raw,1.0,42,Uncalibrated,validation_threshold,uniform,8,0.8,0.9,0,0,,
1,raw_safe,Raw,1.0,42,Uncalibrated,validation_threshold,uniform,9,0.9,1.0,26,18,0.999999999999965,0.6923076923076923
1,raw_safe,Raw,1.0,42,Uncalibrated,validation_threshold,quantile,0,1.2113292365149255e-108,3.114185355708802e-07,29115,4,2.1566685723639618e-07,0.00013738622703074016
1,raw_safe,Raw,1.0,42,Uncalibrated,validation_threshold,quantile,1,3.114185355708802e-07,3.7599606925347266e-07,36219,0,3.474636053092063e-07,0.0
1,raw_safe,Raw,1.0,42,Uncalibrated,validation_threshold,quantile,2,3.7599606925347266e-07,1.0406972104389514e-06,33564,0,8.285955931858264e-07,0.0
1,raw_safe,Raw,1.0,42,Uncalibrated,validation_threshold,quantile,3,1.0406972104389514e-06,2.7306719810197594e-06,32907,0,1.7987130072545733e-06,0.0
1,raw_safe,Raw,1.0,42,Uncalibrated,validation_threshold,quantile,4,2.7306719810197594e-06,3.0226000222588325e-06,32447,0,2.9756476348029704e-06,0.0
1,raw_safe,Raw,1.0,42,Uncalibrated,validation_threshold,quantile,5,3.0226000222588325e-06,0.00020357892357980182,34282,9,5.661414895275771e-05,0.00026252844058106294
1,raw_safe,Raw,1.0,42,Uncalibrated,validation_threshold,quantile,6,0.00020357892357980182,0.0003396629194444471,27904,12,0.0002623971757524097,0.00043004587155963305
1,raw_safe,Raw,1.0,42,Uncalibrated,validation_threshold,quantile,7,0.0003396629194444471,0.0003613581093070416,27391,6,0.0003488905147492023,0.00021905005293709612
1,raw_safe,Raw,1.0,42,Uncalibrated,validation_threshold,quantile,8,0.0003613581093070416,0.0009675681267886613,42415,19,0.00041534147875164906,0.0004479547329954026
1,raw_safe,Raw,1.0,42,Uncalibrated,validation_threshold,quantile,9,0.0009675681267886613,0.9999999999999651,34659,104,0.0036284619645186914,0.003000663608297989
1,raw_safe,Raw,1.0,42,Uncalibrated,test,uniform,0,0.0,0.1,642395,421,0.0003131129701002011,0.0006553600199254353
1,raw_safe,Raw,1.0,42,Uncalibrated,test,uniform,1,0.1,0.2,194,6,0.14348651073582358,0.030927835051546393
1,raw_safe,Raw,1.0,42,Uncalibrated,test,uniform,2,0.2,0.30000000000000004,5,4,0.21902766011859326,0.8
1,raw_safe,Raw,1.0,42,Uncalibrated,test,uniform,3,0.30000000000000004,0.4,0,0,,
1,raw_safe,Raw,1.0,42,Uncalibrated,test,uniform,4,0.4,0.5,0,0,,
1,raw_safe,Raw,1.0,42,Uncalibrated,test,uniform,5,0.5,0.6000000000000001,0,0,,
1,raw_safe,Raw,1.0,42,Uncalibrated,test,uniform,6,0.6000000000000001,0.7000000000000001,0,0,,
1,raw_safe,Raw,1.0,42,Uncalibrated,test,uniform,7,0.7000000000000001,0.8,0,0,,
1,raw_safe,Raw,1.0,42,Uncalibrated,test,uniform,8,0.8,0.9,0,0,,
1,raw_safe,Raw,1.0,42,Uncalibrated,test,uniform,9,0.9,1.0,67,67,0.9999999999999655,1.0
1,raw_safe,Raw,1.0,42,Uncalibrated,test,quantile,0,1.2113292365149255e-108,3.091412454410622e-07,59126,5,2.130285686043688e-07,8.456516591685553e-05
1,raw_safe,Raw,1.0,42,Uncalibrated,test,quantile,1,3.091412454410622e-07,3.755665163318873e-07,55535,0,3.230811903277959e-07,0.0
1,raw_safe,Raw,1.0,42,Uncalibrated,test,quantile,2,3.755665163318873e-07,9.871705767233304e-07,76359,0,5.157809686862211e-07,0.0
1,raw_safe,Raw,1.0,42,Uncalibrated,test,quantile,3,9.871705767233304e-07,2.4031829476367263e-06,60095,0,1.4648441156377478e-06,0.0
1,raw_safe,Raw,1.0,42,Uncalibrated,test,quantile,4,2.4031829476367263e-06,3.011033794195646e-06,67753,0,2.8503342798437325e-06,0.0
1,raw_safe,Raw,1.0,42,Uncalibrated,test,quantile,5,3.011033794195646e-06,0.00016560075127189928,66365,13,3.097704291888679e-05,0.0001958863858961802
1,raw_safe,Raw,1.0,42,Uncalibrated,test,quantile,6,0.00016560075127189928,0.00033779351768498247,64445,40,0.0002496559205832866,0.0006206843044456513
1,raw_safe,Raw,1.0,42,Uncalibrated,test,quantile,7,0.00033779351768498247,0.0003613581093070416,53864,22,0.00034862935407802876,0.0004084360611911481
1,raw_safe,Raw,1.0,42,Uncalibrated,test,quantile,8,0.0003613581093070416,0.0006580470017238907,73960,51,0.00039204895663161484,0.0006895619253650622
1,raw_safe,Raw,1.0,42,Uncalibrated,test,quantile,9,0.0006580470017238907,0.9999999999999651,65159,367,0.003542154995156349,0.005632376187479857
1,raw_safe,Raw,1.0,42,Platt,validation_threshold,uniform,0,0.0,0.1,330877,136,0.0007401920445654676,0.00041102887175596973
1,raw_safe,Raw,1.0,42,Platt,validation_threshold,uniform,1,0.1,0.2,0,0,,
1,raw_safe,Raw,1.0,42,Platt,validation_threshold,uniform,2,0.2,0.30000000000000004,0,0,,
1,raw_safe,Raw,1.0,42,Platt,validation_threshold,uniform,3,0.30000000000000004,0.4,0,0,,
1,raw_safe,Raw,1.0,42,Platt,validation_threshold,uniform,4,0.4,0.5,0,0,,
1,raw_safe,Raw,1.0,42,Platt,validation_threshold,uniform,5,0.5,0.6000000000000001,0,0,,
1,raw_safe,Raw,1.0,42,Platt,validation_threshold,uniform,6,0.6000000000000001,0.7000000000000001,0,0,,
1,raw_safe,Raw,1.0,42,Platt,validation_threshold,uniform,7,0.7000000000000001,0.8,0,0,,
1,raw_safe,Raw,1.0,42,Platt,validation_threshold,uniform,8,0.8,0.9,0,0,,
1,raw_safe,Raw,1.0,42,Platt,validation_threshold,uniform,9,0.9,1.0,26,18,0.9801609899147485,0.6923076923076923
1,raw_safe,Raw,1.0,42,Platt,validation_threshold,quantile,0,7.061866820172292e-05,7.200407951814052e-05,98898,4,7.064616827463148e-05,4.0445711743412406e-05
1,raw_safe,Raw,1.0,42,Platt,validation_threshold,quantile,1,7.200407951814052e-05,0.00011518445860966012,32907,0,9.244688441570672e-05,0.0
1,raw_safe,Raw,1.0,42,Platt,validation_threshold,quantile,2,0.00011518445860966012,0.0001210254151688438,32447,0,0.00012009573216251946,0.0
1,raw_safe,Raw,1.0,42,Platt,validation_threshold,quantile,3,0.0001210254151688438,0.0009399327123229429,34282,9,0.0003869618145611727,0.00026252844058106294
1,raw_safe,Raw,1.0,42,Platt,validation_threshold,quantile,4,0.0009399327123229429,0.0012058487697833612,27904,12,0.001059997996994269,0.00043004587155963305
1,raw_safe,Raw,1.0,42,Platt,validation_threshold,quantile,5,0.0012058487697833612,0.0012427349685606695,27391,6,0.0012216388356390104,0.00021905005293709612
1,raw_safe,Raw,1.0,42,Platt,validation_threshold,quantile,6,0.0012427349685606695,0.0020068511061158215,42415,19,0.001322099295440018,0.0004479547329954026
1,raw_safe,Raw,1.0,42,Platt,validation_threshold,quantile,7,0.0020068511061158215,0.9801609899147488,34659,104,0.003580261642647266,0.003000663608297989
1,raw_safe,Raw,1.0,42,Platt,test,uniform,0,0.0,0.1,642594,431,0.0007064770088285182,0.0006707189920852046
1,raw_safe,Raw,1.0,42,Platt,test,uniform,1,0.1,0.2,0,0,,
1,raw_safe,Raw,1.0,42,Platt,test,uniform,2,0.2,0.30000000000000004,0,0,,
1,raw_safe,Raw,1.0,42,Platt,test,uniform,3,0.30000000000000004,0.4,0,0,,
1,raw_safe,Raw,1.0,42,Platt,test,uniform,4,0.4,0.5,0,0,,
1,raw_safe,Raw,1.0,42,Platt,test,uniform,5,0.5,0.6000000000000001,0,0,,
1,raw_safe,Raw,1.0,42,Platt,test,uniform,6,0.6000000000000001,0.7000000000000001,0,0,,
1,raw_safe,Raw,1.0,42,Platt,test,uniform,7,0.7000000000000001,0.8,0,0,,
1,raw_safe,Raw,1.0,42,Platt,test,uniform,8,0.8,0.9,0,0,,
1,raw_safe,Raw,1.0,42,Platt,test,uniform,9,0.9,1.0,67,67,0.9801609899147489,1.0
1,raw_safe,Raw,1.0,42,Platt,test,quantile,0,7.061866820172292e-05,0.00010823629862750471,251115,5,7.372967058212184e-05,1.9911196065547657e-05
1,raw_safe,Raw,1.0,42,Platt,test,quantile,1,0.00010823629862750471,0.00012079965164096651,67753,0,0.00011751876636551816,0.0
1,raw_safe,Raw,1.0,42,Platt,test,quantile,2,0.00012079965164096651,0.0008500648725300074,66365,13,0.000281120534793404,0.0001958863858961802
1,raw_safe,Raw,1.0,42,Platt,test,quantile,3,0.0008500648725300074,0.0012026144986008527,64445,40,0.0010339037968693158,0.0006206843044456513
1,raw_safe,Raw,1.0,42,Platt,test,quantile,4,0.0012026144986008527,0.0012427349685606695,53864,22,0.0012211893022203992,0.0004084360611911481
1,raw_safe,Raw,1.0,42,Platt,test,quantile,5,0.0012427349685606695,0.0016636103767564878,73960,51,0.001290588858517206,0.0006895619253650622
1,raw_safe,Raw,1.0,42,Platt,test,quantile,6,0.0016636103767564878,0.9801609899147488,65159,367,0.003785435797021272,0.005632376187479857
1,raw_safe,Raw,1.0,42,Isotonic,validation_threshold,uniform,0,0.0,0.1,330853,134,0.0007540146656586799,0.0004050137069937404
1,raw_safe,Raw,1.0,42,Isotonic,validation_threshold,uniform,1,0.1,0.2,0,0,,
1,raw_safe,Raw,1.0,42,Isotonic,validation_threshold,uniform,2,0.2,0.30000000000000004,0,0,,
1,raw_safe,Raw,1.0,42,Isotonic,validation_threshold,uniform,3,0.30000000000000004,0.4,24,2,0.3636363636363636,0.08333333333333333
1,raw_safe,Raw,1.0,42,Isotonic,validation_threshold,uniform,4,0.4,0.5,0,0,,
1,raw_safe,Raw,1.0,42,Isotonic,validation_threshold,uniform,5,0.5,0.6000000000000001,0,0,,
1,raw_safe,Raw,1.0,42,Isotonic,validation_threshold,uniform,6,0.6000000000000001,0.7000000000000001,0,0,,
1,raw_safe,Raw,1.0,42,Isotonic,validation_threshold,uniform,7,0.7000000000000001,0.8,26,18,0.7419354838709677,0.6923076923076923
1,raw_safe,Raw,1.0,42,Isotonic,validation_threshold,uniform,8,0.8,0.9,0,0,,
1,raw_safe,Raw,1.0,42,Isotonic,validation_threshold,uniform,9,0.9,1.0,0,0,,
1,raw_safe,Raw,1.0,42,Isotonic,validation_threshold,quantile,0,5.055725328060399e-05,0.0005693852916391464,185591,5,5.056546816747288e-05,2.69409615768006e-05
1,raw_safe,Raw,1.0,42,Isotonic,validation_threshold,quantile,1,0.0005693852916391464,0.004307733728208927,109823,44,0.0006317628687291304,0.00040064467370222993
1,raw_safe,Raw,1.0,42,Isotonic,validation_threshold,quantile,2,0.004307733728208927,0.7419354838709677,35489,105,0.005599453919523807,0.0029586632477669136
1,raw_safe,Raw,1.0,42,Isotonic,test,uniform,0,0.0,0.1,642589,427,0.0006956864845654668,0.000664499392302078
1,raw_safe,Raw,1.0,42,Isotonic,test,uniform,1,0.1,0.2,0,0,,
1,raw_safe,Raw,1.0,42,Isotonic,test,uniform,2,0.2,0.30000000000000004,0,0,,
1,raw_safe,Raw,1.0,42,Isotonic,test,uniform,3,0.30000000000000004,0.4,5,4,0.36363636363636365,0.8
1,raw_safe,Raw,1.0,42,Isotonic,test,uniform,4,0.4,0.5,0,0,,
1,raw_safe,Raw,1.0,42,Isotonic,test,uniform,5,0.5,0.6000000000000001,0,0,,
1,raw_safe,Raw,1.0,42,Isotonic,test,uniform,6,0.6000000000000001,0.7000000000000001,0,0,,
1,raw_safe,Raw,1.0,42,Isotonic,test,uniform,7,0.7000000000000001,0.8,67,67,0.7419354838709679,1.0
1,raw_safe,Raw,1.0,42,Isotonic,test,uniform,8,0.8,0.9,0,0,,
1,raw_safe,Raw,1.0,42,Isotonic,test,uniform,9,0.9,1.0,0,0,,
1,raw_safe,Raw,1.0,42,Isotonic,test,quantile,0,5.055725328060399e-05,0.0005693852916391464,368606,9,5.0569651592308304e-05,2.441631443872319e-05
1,raw_safe,Raw,1.0,42,Isotonic,test,quantile,1,0.0005693852916391464,0.0014250089063056644,204003,114,0.0005896780886264902,0.0005588153115395362
1,raw_safe,Raw,1.0,42,Isotonic,test,quantile,2,0.0014250089063056644,0.7419354838709677,70052,375,0.005133785838506696,0.00535316621937989
1,raw_safe,Raw,1.0,52,Uncalibrated,validation_threshold,uniform,0,0.0,0.1,330797,152,0.0003546792592374071,0.0004594963074030297
1,raw_safe,Raw,1.0,52,Uncalibrated,validation_threshold,uniform,1,0.1,0.2,0,0,,
1,raw_safe,Raw,1.0,52,Uncalibrated,validation_threshold,uniform,2,0.2,0.30000000000000004,0,0,,
1,raw_safe,Raw,1.0,52,Uncalibrated,validation_threshold,uniform,3,0.30000000000000004,0.4,23,2,0.3967564439867438,0.08695652173913043
1,raw_safe,Raw,1.0,52,Uncalibrated,validation_threshold,uniform,4,0.4,0.5,0,0,,
1,raw_safe,Raw,1.0,52,Uncalibrated,validation_threshold,uniform,5,0.5,0.6000000000000001,0,0,,
1,raw_safe,Raw,1.0,52,Uncalibrated,validation_threshold,uniform,6,0.6000000000000001,0.7000000000000001,0,0,,
1,raw_safe,Raw,1.0,52,Uncalibrated,validation_threshold,uniform,7,0.7000000000000001,0.8,0,0,,
1,raw_safe,Raw,1.0,52,Uncalibrated,validation_threshold,uniform,8,0.8,0.9,83,0,0.8631042306892365,0.0
1,raw_safe,Raw,1.0,52,Uncalibrated,validation_threshold,uniform,9,0.9,1.0,0,0,,
1,raw_safe,Raw,1.0,52,Uncalibrated,validation_threshold,quantile,0,4.2175951930911374e-133,4.3056187095404224e-07,32054,24,3.824604155882619e-07,0.0007487365071441942
1,raw_safe,Raw,1.0,52,Uncalibrated,validation_threshold,quantile,1,4.3056187095404224e-07,4.829854750986855e-07,32658,0,4.565956376552833e-07,0.0
1,raw_safe,Raw,1.0,52,Uncalibrated,validation_threshold,quantile,2,4.829854750986855e-07,6.444890053555846e-07,34183,0,5.72123209989694e-07,0.0
1,raw_safe,Raw,1.0,52,Uncalibrated,validation_threshold,quantile,3,6.444890053555846e-07,1.634604280304379e-06,33440,0,1.2272889165111805e-06,0.0
1,raw_safe,Raw,1.0,52,Uncalibrated,validation_threshold,quantile,4,1.634604280304379e-06,1.8225092527218313e-06,29941,0,1.705311848218625e-06,0.0
1,raw_safe,Raw,1.0,52,Uncalibrated,validation_threshold,quantile,5,1.8225092527218313e-06,0.00012144146659949233,35158,7,3.8960700140557746e-05,0.0001991012002958075
1,raw_safe,Raw,1.0,52,Uncalibrated,validation_threshold,quantile,6,0.00012144146659949233,0.00016132232297859264,33672,16,0.00013877856810576658,0.0004751722499406035
1,raw_safe,Raw,1.0,52,Uncalibrated,validation_threshold,quantile,7,0.00016132232297859264,0.0001990696645576153,33226,10,0.00017704891811096517,0.0003009691205682297
1,raw_safe,Raw,1.0,52,Uncalibrated,validation_threshold,quantile,8,0.0001990696645576153,0.0008338795934010875,33294,14,0.0002747191498952785,0.0004204961854988887
1,raw_safe,Raw,1.0,52,Uncalibrated,validation_threshold,quantile,9,0.0008338795934010875,0.8631042306892367,33277,83,0.005315358904008546,0.0024942152237281004
1,raw_safe,Raw,1.0,52,Uncalibrated,test,uniform,0,0.0,0.1,642501,494,0.0003017799134316314,0.0007688703986452939
1,raw_safe,Raw,1.0,52,Uncalibrated,test,uniform,1,0.1,0.2,0,0,,
1,raw_safe,Raw,1.0,52,Uncalibrated,test,uniform,2,0.2,0.30000000000000004,0,0,,
1,raw_safe,Raw,1.0,52,Uncalibrated,test,uniform,3,0.30000000000000004,0.4,4,3,0.39675644398674376,0.75
1,raw_safe,Raw,1.0,52,Uncalibrated,test,uniform,4,0.4,0.5,0,0,,
1,raw_safe,Raw,1.0,52,Uncalibrated,test,uniform,5,0.5,0.6000000000000001,0,0,,
1,raw_safe,Raw,1.0,52,Uncalibrated,test,uniform,6,0.6000000000000001,0.7000000000000001,0,0,,
1,raw_safe,Raw,1.0,52,Uncalibrated,test,uniform,7,0.7000000000000001,0.8,0,0,,
1,raw_safe,Raw,1.0,52,Uncalibrated,test,uniform,8,0.8,0.9,156,1,0.8631042306892365,0.00641025641025641
1,raw_safe,Raw,1.0,52,Uncalibrated,test,uniform,9,0.9,1.0,0,0,,
1,raw_safe,Raw,1.0,52,Uncalibrated,test,quantile,0,4.2175951930911374e-133,4.294302558453649e-07,54135,77,3.6651216425019255e-07,0.001422370000923617
1,raw_safe,Raw,1.0,52,Uncalibrated,test,quantile,1,4.294302558453649e-07,4.7181173371210184e-07,72388,0,4.4377284456934924e-07,0.0
1,raw_safe,Raw,1.0,52,Uncalibrated,test,quantile,2,4.7181173371210184e-07,6.200115120220331e-07,65424,0,5.124584230842545e-07,0.0
1,raw_safe,Raw,1.0,52,Uncalibrated,test,quantile,3,6.200115120220331e-07,1.5691050458633471e-06,56965,0,1.007887071512597e-06,0.0
1,raw_safe,Raw,1.0,52,Uncalibrated,test,quantile,4,1.5691050458633471e-06,1.8147473920219984e-06,71774,0,1.667371618453013e-06,0.0
1,raw_safe,Raw,1.0,52,Uncalibrated,test,quantile,5,1.8147473920219984e-06,0.0001158281065441433,63628,16,2.8575824861455734e-05,0.00025146162067014524
1,raw_safe,Raw,1.0,52,Uncalibrated,test,quantile,6,0.0001158281065441433,0.00015714097949124075,62752,28,0.0001336168740261006,0.0004462009178990311
1,raw_safe,Raw,1.0,52,Uncalibrated,test,quantile,7,0.00015714097949124075,0.00019361476271403269,63894,41,0.00017161741076210458,0.0006416877954111498
1,raw_safe,Raw,1.0,52,Uncalibrated,test,quantile,8,0.00019361476271403269,0.0004350197396268932,67423,40,0.0002361271081669389,0.0005932693591207748
1,raw_safe,Raw,1.0,52,Uncalibrated,test,quantile,9,0.0004350197396268932,0.8631042306892367,64278,296,0.004554807743562848,0.004604997044089735
1,raw_safe,Raw,1.0,52,Platt,validation_threshold,uniform,0,0.0,0.1,330820,154,0.000815233960574666,0.0004655099449851883
1,raw_safe,Raw,1.0,52,Platt,validation_threshold,uniform,1,0.1,0.2,83,0,0.10074125008054233,0.0
1,raw_safe,Raw,1.0,52,Platt,validation_threshold,uniform,2,0.2,0.30000000000000004,0,0,,
1,raw_safe,Raw,1.0,52,Platt,validation_threshold,uniform,3,0.30000000000000004,0.4,0,0,,
1,raw_safe,Raw,1.0,52,Platt,validation_threshold,uniform,4,0.4,0.5,0,0,,
1,raw_safe,Raw,1.0,52,Platt,validation_threshold,uniform,5,0.5,0.6000000000000001,0,0,,
1,raw_safe,Raw,1.0,52,Platt,validation_threshold,uniform,6,0.6000000000000001,0.7000000000000001,0,0,,
1,raw_safe,Raw,1.0,52,Platt,validation_threshold,uniform,7,0.7000000000000001,0.8,0,0,,
1,raw_safe,Raw,1.0,52,Platt,validation_threshold,uniform,8,0.8,0.9,0,0,,
1,raw_safe,Raw,1.0,52,Platt,validation_threshold,uniform,9,0.9,1.0,0,0,,
1,raw_safe,Raw,1.0,52,Platt,validation_threshold,quantile,0,0.00012014084173449773,0.00014889520233427958,132335,24,0.0001239997039937948,0.0001813579174065818
1,raw_safe,Raw,1.0,52,Platt,validation_threshold,quantile,1,0.00014889520233427958,0.00015614062144212232,29941,0,0.0001516532243968219,0.0
1,raw_safe,Raw,1.0,52,Platt,validation_threshold,quantile,2,0.00015614062144212232,0.0009764148668036475,35158,7,0.0004564406849087552,0.0001991012002958075
1,raw_safe,Raw,1.0,52,Platt,validation_threshold,quantile,3,0.0009764148668036475,0.0011052130602515588,33672,16,0.0010338816052803713,0.0004751722499406035
1,raw_safe,Raw,1.0,52,Platt,validation_threshold,quantile,4,0.0011052130602515588,0.0012113915347762285,33226,10,0.0011504819458618882,0.0003009691205682297
1,raw_safe,Raw,1.0,52,Platt,validation_threshold,quantile,5,0.0012113915347762285,0.002262730394744614,33294,14,0.0013711532630744363,0.0004204961854988887
1,raw_safe,Raw,1.0,52,Platt,validation_threshold,quantile,6,0.002262730394744614,0.10074125008054231,33277,83,0.003677302031050933,0.0024942152237281004
1,raw_safe,Raw,1.0,52,Platt,test,uniform,0,0.0,0.1,642505,497,0.0007768636182297659,0.0007735348363047758
1,raw_safe,Raw,1.0,52,Platt,test,uniform,1,0.1,0.2,156,1,0.10074125008054234,0.00641025641025641
1,raw_safe,Raw,1.0,52,Platt,test,uniform,2,0.2,0.30000000000000004,0,0,,
1,raw_safe,Raw,1.0,52,Platt,test,uniform,3,0.30000000000000004,0.4,0,0,,
1,raw_safe,Raw,1.0,52,Platt,test,uniform,4,0.4,0.5,0,0,,
1,raw_safe,Raw,1.0,52,Platt,test,uniform,5,0.5,0.6000000000000001,0,0,,
1,raw_safe,Raw,1.0,52,Platt,test,uniform,6,0.6000000000000001,0.7000000000000001,0,0,,
1,raw_safe,Raw,1.0,52,Platt,test,uniform,7,0.7000000000000001,0.8,0,0,,
1,raw_safe,Raw,1.0,52,Platt,test,uniform,8,0.8,0.9,0,0,,
1,raw_safe,Raw,1.0,52,Platt,test,uniform,9,0.9,1.0,0,0,,
1,raw_safe,Raw,1.0,52,Platt,test,quantile,0,0.00012014084173449773,0.00014625992684534804,248912,77,0.00012222169052625813,0.00030934627498875107
1,raw_safe,Raw,1.0,52,Platt,test,quantile,1,0.00014625992684534804,0.00015584990214508556,71774,0,0.0001501629032736359,0.0
1,raw_safe,Raw,1.0,52,Platt,test,quantile,2,0.00015584990214508556,0.0009564581822717676,63628,16,0.0003860053766892233,0.00025146162067014524
1,raw_safe,Raw,1.0,52,Platt,test,quantile,3,0.0009564581822717676,0.0010926217669450357,62752,28,0.0010170578065351792,0.0004462009178990311
1,raw_safe,Raw,1.0,52,Platt,test,quantile,4,0.0010926217669450357,0.0011967958264721779,63894,41,0.0011350365657847702,0.0006416877954111498
1,raw_safe,Raw,1.0,52,Platt,test,quantile,5,0.0011967958264721779,0.0017036668154741437,67423,40,0.0013007135740211834,0.0005932693591207748
1,raw_safe,Raw,1.0,52,Platt,test,quantile,6,0.0017036668154741437,0.10074125008054231,64278,296,0.003501212812661978,0.004604997044089735
1,raw_safe,Raw,1.0,52,Isotonic,validation_threshold,uniform,0,0.0,0.1,330752,151,0.0007912256054684609,0.0004565354102167183
1,raw_safe,Raw,1.0,52,Isotonic,validation_threshold,uniform,1,0.1,0.2,151,3,0.12068965517241385,0.019867549668874173
1,raw_safe,Raw,1.0,52,Isotonic,validation_threshold,uniform,2,0.2,0.30000000000000004,0,0,,
1,raw_safe,Raw,1.0,52,Isotonic,validation_threshold,uniform,3,0.30000000000000004,0.4,0,0,,
1,raw_safe,Raw,1.0,52,Isotonic,validation_threshold,uniform,4,0.4,0.5,0,0,,
1,raw_safe,Raw,1.0,52,Isotonic,validation_threshold,uniform,5,0.5,0.6000000000000001,0,0,,
1,raw_safe,Raw,1.0,52,Isotonic,validation_threshold,uniform,6,0.6000000000000001,0.7000000000000001,0,0,,
1,raw_safe,Raw,1.0,52,Isotonic,validation_threshold,uniform,7,0.7000000000000001,0.8,0,0,,
1,raw_safe,Raw,1.0,52,Isotonic,validation_threshold,uniform,8,0.8,0.9,0,0,,
1,raw_safe,Raw,1.0,52,Isotonic,validation_threshold,uniform,9,0.9,1.0,0,0,,
1,raw_safe,Raw,1.0,52,Isotonic,validation_threshold,quantile,0,0.0002107313516992351,0.0005498130635583901,183099,24,0.0002107367699442895,0.0001310766306752085
1,raw_safe,Raw,1.0,52,Isotonic,validation_threshold,quantile,1,0.0005498130635583901,0.0005916797584314366,40083,20,0.0005498130635583902,0.0004989646483546641
1,raw_safe,Raw,1.0,52,Isotonic,validation_threshold,quantile,2,0.0005916797584314366,0.0019907100199071004,72193,24,0.0007176311803372462,0.00033244220353773914
1,raw_safe,Raw,1.0,52,Isotonic,validation_threshold,quantile,3,0.0019907100199071004,0.1206896551724138,35528,86,0.004714360299544349,0.002420625985138482
1,raw_safe,Raw,1.0,52,Isotonic,test,uniform,0,0.0,0.1,642496,490,0.0007517753605340726,0.0007626506624165754
1,raw_safe,Raw,1.0,52,Isotonic,test,uniform,1,0.1,0.2,165,8,0.1206896551724138,0.048484848484848485
1,raw_safe,Raw,1.0,52,Isotonic,test,uniform,2,0.2,0.30000000000000004,0,0,,
1,raw_safe,Raw,1.0,52,Isotonic,test,uniform,3,0.30000000000000004,0.4,0,0,,
1,raw_safe,Raw,1.0,52,Isotonic,test,uniform,4,0.4,0.5,0,0,,
1,raw_safe,Raw,1.0,52,Isotonic,test,uniform,5,0.5,0.6000000000000001,0,0,,
1,raw_safe,Raw,1.0,52,Isotonic,test,uniform,6,0.6000000000000001,0.7000000000000001,0,0,,
1,raw_safe,Raw,1.0,52,Isotonic,test,uniform,7,0.7000000000000001,0.8,0,0,,
1,raw_safe,Raw,1.0,52,Isotonic,test,uniform,8,0.8,0.9,0,0,,
1,raw_safe,Raw,1.0,52,Isotonic,test,uniform,9,0.9,1.0,0,0,,
1,raw_safe,Raw,1.0,52,Isotonic,test,quantile,0,0.0002107313516992351,0.0005498130635583901,363539,77,0.00021073487356477552,0.00021180671124693636
1,raw_safe,Raw,1.0,52,Isotonic,test,quantile,1,0.0005498130635583901,0.0005916797584314366,76949,39,0.0005498130635583901,0.0005068291985600852
1,raw_safe,Raw,1.0,52,Isotonic,test,quantile,2,0.0005916797584314366,0.0017241379310344827,134512,83,0.0006875399448904209,0.0006170453193767099
1,raw_safe,Raw,1.0,52,Isotonic,test,quantile,3,0.0017241379310344827,0.1206896551724138,67661,299,0.004308629364765937,0.004419089283338999
1,raw_safe,Raw,1.0,62,Uncalibrated,validation_threshold,uniform,0,0.0,0.1,330657,136,0.000320432629082405,0.0004113023465403727
1,raw_safe,Raw,1.0,62,Uncalibrated,validation_threshold,uniform,1,0.1,0.2,159,0,0.13339297503647135,0.0
1,raw_safe,Raw,1.0,62,Uncalibrated,validation_threshold,uniform,2,0.2,0.30000000000000004,62,0,0.23101486825784498,0.0
1,raw_safe,Raw,1.0,62,Uncalibrated,validation_threshold,uniform,3,0.30000000000000004,0.4,0,0,,
1,raw_safe,Raw,1.0,62,Uncalibrated,validation_threshold,uniform,4,0.4,0.5,25,18,0.4895998541470641,0.72
1,raw_safe,Raw,1.0,62,Uncalibrated,validation_threshold,uniform,5,0.5,0.6000000000000001,0,0,,
1,raw_safe,Raw,1.0,62,Uncalibrated,validation_threshold,uniform,6,0.6000000000000001,0.7000000000000001,0,0,,
1,raw_safe,Raw,1.0,62,Uncalibrated,validation_threshold,uniform,7,0.7000000000000001,0.8,0,0,,
1,raw_safe,Raw,1.0,62,Uncalibrated,validation_threshold,uniform,8,0.8,0.9,0,0,,
1,raw_safe,Raw,1.0,62,Uncalibrated,validation_threshold,uniform,9,0.9,1.0,0,0,,
1,raw_safe,Raw,1.0,62,Uncalibrated,validation_threshold,quantile,0,3.7694883172741696e-27,7.924096283485815e-07,32846,0,6.109375840118026e-07,0.0
1,raw_safe,Raw,1.0,62,Uncalibrated,validation_threshold,quantile,1,7.924096283485815e-07,8.175443319711577e-07,15765,0,7.930633517111798e-07,0.0
1,raw_safe,Raw,1.0,62,Uncalibrated,validation_threshold,quantile,2,8.175443319711577e-07,8.176986252949043e-07,49346,0,8.175443319711575e-07,0.0
1,raw_safe,Raw,1.0,62,Uncalibrated,validation_threshold,quantile,3,8.176986252949043e-07,1.0383578527705241e-06,33880,4,8.930544932104528e-07,0.0001180637544273908
1,raw_safe,Raw,1.0,62,Uncalibrated,validation_threshold,quantile,4,1.0383578527705241e-06,1.1161560061990255e-06,29657,0,1.0800758224609575e-06,0.0
1,raw_safe,Raw,1.0,62,Uncalibrated,validation_threshold,quantile,5,1.1161560061990255e-06,0.00010122226529564914,33800,8,2.1549463345798202e-05,0.00023668639053254438
1,raw_safe,Raw,1.0,62,Uncalibrated,validation_threshold,quantile,6,0.00010122226529564914,0.000226612285912522,36125,18,0.00016593875038375554,0.0004982698961937716
1,raw_safe,Raw,1.0,62,Uncalibrated,validation_threshold,quantile,7,0.000226612285912522,0.0002672628608582824,32997,14,0.00024379223310033734,0.0004242809952419917
1,raw_safe,Raw,1.0,62,Uncalibrated,validation_threshold,quantile,8,0.0002672628608582824,0.0008392733310723617,33083,21,0.0003542382475265263,0.0006347671009279691
1,raw_safe,Raw,1.0,62,Uncalibrated,validation_threshold,quantile,9,0.0008392733310723617,0.4895998541470641,33404,89,0.003805050504029558,0.002664351574661717
1,raw_safe,Raw,1.0,62,Uncalibrated,test,uniform,0,0.0,0.1,642241,424,0.00028268806589357165,0.0006601883093729612
1,raw_safe,Raw,1.0,62,Uncalibrated,test,uniform,1,0.1,0.2,215,6,0.12723880117577374,0.027906976744186046
1,raw_safe,Raw,1.0,62,Uncalibrated,test,uniform,2,0.2,0.30000000000000004,138,1,0.231014868257845,0.007246376811594203
1,raw_safe,Raw,1.0,62,Uncalibrated,test,uniform,3,0.30000000000000004,0.4,0,0,,
1,raw_safe,Raw,1.0,62,Uncalibrated,test,uniform,4,0.4,0.5,67,67,0.4895998541470642,1.0
1,raw_safe,Raw,1.0,62,Uncalibrated,test,uniform,5,0.5,0.6000000000000001,0,0,,
1,raw_safe,Raw,1.0,62,Uncalibrated,test,uniform,6,0.6000000000000001,0.7000000000000001,0,0,,
1,raw_safe,Raw,1.0,62,Uncalibrated,test,uniform,7,0.7000000000000001,0.8,0,0,,
1,raw_safe,Raw,1.0,62,Uncalibrated,test,uniform,8,0.8,0.9,0,0,,
1,raw_safe,Raw,1.0,62,Uncalibrated,test,uniform,9,0.9,1.0,0,0,,
1,raw_safe,Raw,1.0,62,Uncalibrated,test,quantile,0,2.1384980520912998e-07,7.924096283485815e-07,62423,0,6.344432951354439e-07,0.0
1,raw_safe,Raw,1.0,62,Uncalibrated,test,quantile,1,7.924096283485815e-07,8.175443319711577e-07,40884,0,7.92944516380297e-07,0.0
1,raw_safe,Raw,1.0,62,Uncalibrated,test,quantile,2,8.175443319711577e-07,1.0117060516452687e-06,153467,5,8.291324627624124e-07,3.258029413489545e-05
1,raw_safe,Raw,1.0,62,Uncalibrated,test,quantile,3,1.0117060516452687e-06,1.099571835215282e-06,46912,0,1.0548645005141863e-06,0.0
1,raw_safe,Raw,1.0,62,Uncalibrated,test,quantile,4,1.099571835215282e-06,8.739465788872993e-05,81468,19,1.4614409708625343e-05,0.0002332204055580105
1,raw_safe,Raw,1.0,62,Uncalibrated,test,quantile,5,8.739465788872993e-05,0.0002187003596413789,62327,48,0.00014937395574350488,0.0007701317246137309
1,raw_safe,Raw,1.0,62,Uncalibrated,test,quantile,6,0.0002187003596413789,0.00025845928045937247,64300,27,0.00023408935896045613,0.0004199066874027994
1,raw_safe,Raw,1.0,62,Uncalibrated,test,quantile,7,0.00025845928045937247,0.0005913324067430793,66291,58,0.00030562010620819723,0.0008749302318565114
1,raw_safe,Raw,1.0,62,Uncalibrated,test,quantile,8,0.0005913324067430793,0.4895998541470641,64589,341,0.003522770936903763,0.005279536763225936
1,raw_safe,Raw,1.0,62,Platt,validation_threshold,uniform,0,0.0,0.1,330878,136,0.0008415973836220643,0.0004110276295190372
1,raw_safe,Raw,1.0,62,Platt,validation_threshold,uniform,1,0.1,0.2,25,18,0.1723833186682106,0.72
1,raw_safe,Raw,1.0,62,Platt,validation_threshold,uniform,2,0.2,0.30000000000000004,0,0,,
1,raw_safe,Raw,1.0,62,Platt,validation_threshold,uniform,3,0.30000000000000004,0.4,0,0,,
1,raw_safe,Raw,1.0,62,Platt,validation_threshold,uniform,4,0.4,0.5,0,0,,
1,raw_safe,Raw,1.0,62,Platt,validation_threshold,uniform,5,0.5,0.6000000000000001,0,0,,
1,raw_safe,Raw,1.0,62,Platt,validation_threshold,uniform,6,0.6000000000000001,0.7000000000000001,0,0,,
1,raw_safe,Raw,1.0,62,Platt,validation_threshold,uniform,7,0.7000000000000001,0.8,0,0,,
1,raw_safe,Raw,1.0,62,Platt,validation_threshold,uniform,8,0.8,0.9,0,0,,
1,raw_safe,Raw,1.0,62,Platt,validation_threshold,uniform,9,0.9,1.0,0,0,,
1,raw_safe,Raw,1.0,62,Platt,validation_threshold,quantile,0,3.326010175043248e-05,3.40642397123251e-05,131837,4,3.328930470967517e-05,3.034049621881566e-05
1,raw_safe,Raw,1.0,62,Platt,validation_threshold,quantile,1,3.40642397123251e-05,3.566264351381266e-05,29657,0,3.492447898523127e-05,0.0
1,raw_safe,Raw,1.0,62,Platt,validation_threshold,quantile,2,3.566264351381266e-05,0.0006229349836100549,33800,8,0.00018153155588095064,0.00023668639053254438
1,raw_safe,Raw,1.0,62,Platt,validation_threshold,quantile,3,0.0006229349836100549,0.0010385947928320037,36125,18,0.0008455919836327441,0.0004982698961937716
1,raw_safe,Raw,1.0,62,Platt,validation_threshold,quantile,4,0.0010385947928320037,0.0011531532749488652,32997,14,0.0010874892938736549,0.0004242809952419917
1,raw_safe,Raw,1.0,62,Platt,validation_threshold,quantile,5,0.0011531532749488652,0.002381954733206694,33083,21,0.0013643366806430513,0.0006347671009279691
1,raw_safe,Raw,1.0,62,Platt,validation_threshold,quantile,6,0.002381954733206694,0.1723833186682106,33404,89,0.00477931125294456,0.002664351574661717
1,raw_safe,Raw,1.0,62,Platt,test,uniform,0,0.0,0.1,642594,431,0.0007762902846643767,0.0006707189920852046
1,raw_safe,Raw,1.0,62,Platt,test,uniform,1,0.1,0.2,67,67,0.1723833186682106,1.0
1,raw_safe,Raw,1.0,62,Platt,test,uniform,2,0.2,0.30000000000000004,0,0,,
1,raw_safe,Raw,1.0,62,Platt,test,uniform,3,0.30000000000000004,0.4,0,0,,
1,raw_safe,Raw,1.0,62,Platt,test,uniform,4,0.4,0.5,0,0,,
1,raw_safe,Raw,1.0,62,Platt,test,uniform,5,0.5,0.6000000000000001,0,0,,
1,raw_safe,Raw,1.0,62,Platt,test,uniform,6,0.6000000000000001,0.7000000000000001,0,0,,
1,raw_safe,Raw,1.0,62,Platt,test,uniform,7,0.7000000000000001,0.8,0,0,,
1,raw_safe,Raw,1.0,62,Platt,test,uniform,8,0.8,0.9,0,0,,
1,raw_safe,Raw,1.0,62,Platt,test,uniform,9,0.9,1.0,0,0,,
1,raw_safe,Raw,1.0,62,Platt,test,quantile,0,3.326010175043248e-05,3.350668490642369e-05,256774,5,3.326010175043247e-05,1.9472376486715944e-05
1,raw_safe,Raw,1.0,62,Platt,test,quantile,1,3.350668490642369e-05,3.532541776376878e-05,46912,0,3.4404394045747656e-05,0.0
1,raw_safe,Raw,1.0,62,Platt,test,quantile,2,3.532541776376878e-05,0.0005675116393639539,81468,19,0.00013562910528585077,0.0002332204055580105
1,raw_safe,Raw,1.0,62,Platt,test,quantile,3,0.0005675116393639539,0.0010154489592469709,62327,48,0.0007913640870129479,0.0007701317246137309
1,raw_safe,Raw,1.0,62,Platt,test,quantile,4,0.0010154489592469709,0.0011289182706494183,64300,27,0.0010599360318103532,0.0004199066874027994
1,raw_safe,Raw,1.0,62,Platt,test,quantile,5,0.0011289182706494183,0.0019078823141832008,66291,58,0.0012520887899019632,0.0008749302318565114
1,raw_safe,Raw,1.0,62,Platt,test,quantile,6,0.0019078823141832008,0.1723833186682106,64589,341,0.00446989374377325,0.005279536763225936
1,raw_safe,Raw,1.0,62,Isotonic,validation_threshold,uniform,0,0.0,0.1,330878,136,0.0007803126363574512,0.0004110276295190372
1,raw_safe,Raw,1.0,62,Isotonic,validation_threshold,uniform,1,0.1,0.2,0,0,,
1,raw_safe,Raw,1.0,62,Isotonic,validation_threshold,uniform,2,0.2,0.30000000000000004,0,0,,
1,raw_safe,Raw,1.0,62,Isotonic,validation_threshold,uniform,3,0.30000000000000004,0.4,0,0,,
1,raw_safe,Raw,1.0,62,Isotonic,validation_threshold,uniform,4,0.4,0.5,0,0,,
1,raw_safe,Raw,1.0,62,Isotonic,validation_threshold,uniform,5,0.5,0.6000000000000001,0,0,,
1,raw_safe,Raw,1.0,62,Isotonic,validation_threshold,uniform,6,0.6000000000000001,0.7000000000000001,0,0,,
1,raw_safe,Raw,1.0,62,Isotonic,validation_threshold,uniform,7,0.7000000000000001,0.8,25,18,0.7419354838709676,0.72
1,raw_safe,Raw,1.0,62,Isotonic,validation_threshold,uniform,8,0.8,0.9,0,0,,
1,raw_safe,Raw,1.0,62,Isotonic,validation_threshold,uniform,9,0.9,1.0,0,0,,
1,raw_safe,Raw,1.0,62,Isotonic,validation_threshold,quantile,0,0.0,0.000184314809694959,123744,0,0.0,0.0
1,raw_safe,Raw,1.0,62,Isotonic,validation_threshold,quantile,1,0.000184314809694959,0.0007312371202552682,49189,4,0.00018431480969495901,8.131899408404319e-05
1,raw_safe,Raw,1.0,62,Isotonic,validation_threshold,quantile,2,0.0007312371202552682,0.003366482219556553,121840,57,0.0007633944668408341,0.00046782665791201574
1,raw_safe,Raw,1.0,62,Isotonic,validation_threshold,quantile,3,0.003366482219556553,0.7419354838709677,36130,93,0.004834166304331093,0.0025740381954054803
1,raw_safe,Raw,1.0,62,Isotonic,test,uniform,0,0.0,0.1,642594,431,0.0007174108025802218,0.0006707189920852046
1,raw_safe,Raw,1.0,62,Isotonic,test,uniform,1,0.1,0.2,0,0,,
1,raw_safe,Raw,1.0,62,Isotonic,test,uniform,2,0.2,0.30000000000000004,0,0,,
1,raw_safe,Raw,1.0,62,Isotonic,test,uniform,3,0.30000000000000004,0.4,0,0,,
1,raw_safe,Raw,1.0,62,Isotonic,test,uniform,4,0.4,0.5,0,0,,
1,raw_safe,Raw,1.0,62,Isotonic,test,uniform,5,0.5,0.6000000000000001,0,0,,
1,raw_safe,Raw,1.0,62,Isotonic,test,uniform,6,0.6000000000000001,0.7000000000000001,0,0,,
1,raw_safe,Raw,1.0,62,Isotonic,test,uniform,7,0.7000000000000001,0.8,67,67,0.7419354838709679,1.0
1,raw_safe,Raw,1.0,62,Isotonic,test,uniform,8,0.8,0.9,0,0,,
1,raw_safe,Raw,1.0,62,Isotonic,test,uniform,9,0.9,1.0,0,0,,
1,raw_safe,Raw,1.0,62,Isotonic,test,quantile,0,0.0,0.000184314809694959,255004,0,0.0,0.0
1,raw_safe,Raw,1.0,62,Isotonic,test,quantile,1,0.000184314809694959,0.0007312371202552682,92054,5,0.000184314809694959,5.4315944988810914e-05
1,raw_safe,Raw,1.0,62,Isotonic,test,quantile,2,0.0007312371202552682,0.003366482219556553,231014,152,0.0007570568348388748,0.000657968781112833
1,raw_safe,Raw,1.0,62,Isotonic,test,quantile,3,0.003366482219556553,0.7419354838709677,64589,341,0.004936690637066101,0.005279536763225936
1,raw_safe,Raw,1.0,72,Uncalibrated,validation_threshold,uniform,0,0.0,0.1,330707,133,0.0003385031431497161,0.00040216868708554704
1,raw_safe,Raw,1.0,72,Uncalibrated,validation_threshold,uniform,1,0.1,0.2,91,0,0.14114814631244293,0.0
1,raw_safe,Raw,1.0,72,Uncalibrated,validation_threshold,uniform,2,0.2,0.30000000000000004,62,0,0.2090958654723426,0.0
1,raw_safe,Raw,1.0,72,Uncalibrated,validation_threshold,uniform,3,0.30000000000000004,0.4,0,0,,
1,raw_safe,Raw,1.0,72,Uncalibrated,validation_threshold,uniform,4,0.4,0.5,0,0,,
1,raw_safe,Raw,1.0,72,Uncalibrated,validation_threshold,uniform,5,0.5,0.6000000000000001,0,0,,
1,raw_safe,Raw,1.0,72,Uncalibrated,validation_threshold,uniform,6,0.6000000000000001,0.7000000000000001,0,0,,
1,raw_safe,Raw,1.0,72,Uncalibrated,validation_threshold,uniform,7,0.7000000000000001,0.8,0,0,,
1,raw_safe,Raw,1.0,72,Uncalibrated,validation_threshold,uniform,8,0.8,0.9,0,0,,
1,raw_safe,Raw,1.0,72,Uncalibrated,validation_threshold,uniform,9,0.9,1.0,43,21,1.0,0.4883720930232558
1,raw_safe,Raw,1.0,72,Uncalibrated,validation_threshold,quantile,0,3.485030787194321e-141,1.245421676626662e-06,32833,6,1.0920867567018292e-06,0.0001827429720098681
1,raw_safe,Raw,1.0,72,Uncalibrated,validation_threshold,quantile,1,1.245421676626662e-06,1.3895003398064095e-06,32930,0,1.3358059573162172e-06,0.0
1,raw_safe,Raw,1.0,72,Uncalibrated,validation_threshold,quantile,2,1.3895003398064095e-06,1.4589582244669784e-06,33221,0,1.4243091981328196e-06,0.0
1,raw_safe,Raw,1.0,72,Uncalibrated,validation_threshold,quantile,3,1.4589582244669784e-06,1.6108170715913945e-06,25055,0,1.5354801570828706e-06,0.0
1,raw_safe,Raw,1.0,72,Uncalibrated,validation_threshold,quantile,4,1.6108170715913945e-06,1.611365983772984e-06,40536,0,1.6108531502017753e-06,0.0
1,raw_safe,Raw,1.0,72,Uncalibrated,validation_threshold,quantile,5,1.611365983772984e-06,0.0001963849199084817,33043,27,6.417398340918352e-05,0.0008171170898526162
1,raw_safe,Raw,1.0,72,Uncalibrated,validation_threshold,quantile,6,0.0001963849199084817,0.0002474609337112967,33251,13,0.00021968311237773513,0.00039096568524254907
1,raw_safe,Raw,1.0,72,Uncalibrated,validation_threshold,quantile,7,0.0002474609337112967,0.0002785020531206994,33597,13,0.0002624405477814702,0.0003869393100574456
1,raw_safe,Raw,1.0,72,Uncalibrated,validation_threshold,quantile,8,0.0002785020531206994,0.0005242926928558687,33273,11,0.0003316589917943109,0.0003305983830733628
1,raw_safe,Raw,1.0,72,Uncalibrated,validation_threshold,quantile,9,0.0005242926928558687,1.0,33164,84,0.004560522390692382,0.0025328669641780243
1,raw_safe,Raw,1.0,72,Uncalibrated,test,uniform,0,0.0,0.1,642211,426,0.0003171719065640782,0.0006633333904277566
1,raw_safe,Raw,1.0,72,Uncalibrated,test,uniform,1,0.1,0.2,230,0,0.14114814631244293,0.0
1,raw_safe,Raw,1.0,72,Uncalibrated,test,uniform,2,0.2,0.30000000000000004,148,0,0.20909586547234266,0.0
1,raw_safe,Raw,1.0,72,Uncalibrated,test,uniform,3,0.30000000000000004,0.4,0,0,,
1,raw_safe,Raw,1.0,72,Uncalibrated,test,uniform,4,0.4,0.5,0,0,,
1,raw_safe,Raw,1.0,72,Uncalibrated,test,uniform,5,0.5,0.6000000000000001,0,0,,
1,raw_safe,Raw,1.0,72,Uncalibrated,test,uniform,6,0.6000000000000001,0.7000000000000001,0,0,,
1,raw_safe,Raw,1.0,72,Uncalibrated,test,uniform,7,0.7000000000000001,0.8,0,0,,
1,raw_safe,Raw,1.0,72,Uncalibrated,test,uniform,8,0.8,0.9,0,0,,
1,raw_safe,Raw,1.0,72,Uncalibrated,test,uniform,9,0.9,1.0,72,72,1.0,1.0
1,raw_safe,Raw,1.0,72,Uncalibrated,test,quantile,0,6.024442309720713e-113,1.199239099380529e-06,57864,12,1.0588289554929849e-06,0.00020738282870178348
1,raw_safe,Raw,1.0,72,Uncalibrated,test,quantile,1,1.199239099380529e-06,1.3585910665717925e-06,68345,0,1.2897544825668808e-06,0.0
1,raw_safe,Raw,1.0,72,Uncalibrated,test,quantile,2,1.3585910665717925e-06,1.4230202242660825e-06,44507,0,1.396099850133098e-06,0.0
1,raw_safe,Raw,1.0,72,Uncalibrated,test,quantile,3,1.4230202242660825e-06,1.6108170715913945e-06,86087,0,1.4792576787444718e-06,0.0
1,raw_safe,Raw,1.0,72,Uncalibrated,test,quantile,4,1.6108170715913945e-06,1.6109900104025438e-06,62395,0,1.6108170715913945e-06,0.0
1,raw_safe,Raw,1.0,72,Uncalibrated,test,quantile,5,1.6109900104025438e-06,0.0001812669652113269,65253,81,4.308573675813742e-05,0.0012413222380580203
1,raw_safe,Raw,1.0,72,Uncalibrated,test,quantile,6,0.0001812669652113269,0.0002449983724214321,62728,38,0.00021243416528142982,0.0006057900777961994
1,raw_safe,Raw,1.0,72,Uncalibrated,test,quantile,7,0.0002449983724214321,0.00027417319435374935,65618,44,0.0002590723558763162,0.0006705477155658508
1,raw_safe,Raw,1.0,72,Uncalibrated,test,quantile,8,0.00027417319435374935,0.0004669201619314241,65402,44,0.00031639064400612566,0.0006727623008470689
1,raw_safe,Raw,1.0,72,Uncalibrated,test,quantile,9,0.0004669201619314241,1.0,64462,279,0.004418614222778772,0.0043281313021625144
1,raw_safe,Raw,1.0,72,Platt,validation_threshold,uniform,0,0.0,0.1,330860,133,0.0007196226905466245,0.0004019827117209696
1,raw_safe,Raw,1.0,72,Platt,validation_threshold,uniform,1,0.1,0.2,0,0,,
1,raw_safe,Raw,1.0,72,Platt,validation_threshold,uniform,2,0.2,0.30000000000000004,0,0,,
1,raw_safe,Raw,1.0,72,Platt,validation_threshold,uniform,3,0.30000000000000004,0.4,0,0,,
1,raw_safe,Raw,1.0,72,Platt,validation_threshold,uniform,4,0.4,0.5,0,0,,
1,raw_safe,Raw,1.0,72,Platt,validation_threshold,uniform,5,0.5,0.6000000000000001,0,0,,
1,raw_safe,Raw,1.0,72,Platt,validation_threshold,uniform,6,0.6000000000000001,0.7000000000000001,0,0,,
1,raw_safe,Raw,1.0,72,Platt,validation_threshold,uniform,7,0.7000000000000001,0.8,43,21,0.7132315283747291,0.4883720930232558
1,raw_safe,Raw,1.0,72,Platt,validation_threshold,uniform,8,0.8,0.9,0,0,,
1,raw_safe,Raw,1.0,72,Platt,validation_threshold,uniform,9,0.9,1.0,0,0,,
1,raw_safe,Raw,1.0,72,Platt,validation_threshold,quantile,0,0.00016289803630022584,0.0001758497025247602,32833,6,0.00016831159686785577,0.0001827429720098681
1,raw_safe,Raw,1.0,72,Platt,validation_threshold,quantile,1,0.0001758497025247602,0.00018268965021857314,32930,0,0.00018018054956738634,0.0
1,raw_safe,Raw,1.0,72,Platt,validation_threshold,quantile,2,0.00018268965021857314,0.00018582250535289542,33221,0,0.0001842697227050211,0.0
1,raw_safe,Raw,1.0,72,Platt,validation_threshold,quantile,3,0.00018582250535289542,0.00019234828173646584,25055,0,0.0001891508486644347,0.0
1,raw_safe,Raw,1.0,72,Platt,validation_threshold,quantile,4,0.00019234828173646584,0.00019237112691370127,40536,0,0.0001923497834055864,0.0
1,raw_safe,Raw,1.0,72,Platt,validation_threshold,quantile,5,0.00019237112691370127,0.0010257605002624932,33043,27,0.0005193429397895636,0.0008171170898526162
1,raw_safe,Raw,1.0,72,Platt,validation_threshold,quantile,6,0.0010257605002624932,0.0011117816964395818,33251,13,0.0010658174569963704,0.00039096568524254907
1,raw_safe,Raw,1.0,72,Platt,validation_threshold,quantile,7,0.0011117816964395818,0.001158502203912308,33597,13,0.0011346208753344107,0.0003869393100574456
1,raw_safe,Raw,1.0,72,Platt,validation_threshold,quantile,8,0.001158502203912308,0.0014441020635328383,33273,11,0.0012275786737575764,0.0003305983830733628
1,raw_safe,Raw,1.0,72,Platt,validation_threshold,quantile,9,0.0014441020635328383,0.7132315283747293,33164,84,0.0032288228616317253,0.0025328669641780243
1,raw_safe,Raw,1.0,72,Platt,test,uniform,0,0.0,0.1,642589,426,0.0007031100142034788,0.0006629431876362652
1,raw_safe,Raw,1.0,72,Platt,test,uniform,1,0.1,0.2,0,0,,
1,raw_safe,Raw,1.0,72,Platt,test,uniform,2,0.2,0.30000000000000004,0,0,,
1,raw_safe,Raw,1.0,72,Platt,test,uniform,3,0.30000000000000004,0.4,0,0,,
1,raw_safe,Raw,1.0,72,Platt,test,uniform,4,0.4,0.5,0,0,,
1,raw_safe,Raw,1.0,72,Platt,test,uniform,5,0.5,0.6000000000000001,0,0,,
1,raw_safe,Raw,1.0,72,Platt,test,uniform,6,0.6000000000000001,0.7000000000000001,0,0,,
1,raw_safe,Raw,1.0,72,Platt,test,uniform,7,0.7000000000000001,0.8,72,72,0.7132315283747293,1.0
1,raw_safe,Raw,1.0,72,Platt,test,uniform,8,0.8,0.9,0,0,,
1,raw_safe,Raw,1.0,72,Platt,test,uniform,9,0.9,1.0,0,0,,
1,raw_safe,Raw,1.0,72,Platt,test,quantile,0,0.00016289803630022584,0.00017354862605272072,57864,12,0.0001664618945392314,0.00020738282870178348
1,raw_safe,Raw,1.0,72,Platt,test,quantile,1,0.00017354862605272072,0.00018126266205164301,68345,0,0.00017795902373851926,0.0
1,raw_safe,Raw,1.0,72,Platt,test,quantile,2,0.00018126266205164301,0.00018421397823274383,44507,0,0.00018298678463262856,0.0
1,raw_safe,Raw,1.0,72,Platt,test,quantile,3,0.00018421397823274383,0.00019234828173646584,86087,0,0.00018668920483740455,0.0
1,raw_safe,Raw,1.0,72,Platt,test,quantile,4,0.00019234828173646584,0.00019235547982436805,62395,0,0.0001923482817364659,0.0
1,raw_safe,Raw,1.0,72,Platt,test,quantile,5,0.00019235547982436805,0.0009975320472813529,65253,81,0.0004243376278281909,0.0012413222380580203
1,raw_safe,Raw,1.0,72,Platt,test,quantile,6,0.0009975320472813529,0.0011079151889632976,62728,38,0.001053506722281083,0.0006057900777961994
1,raw_safe,Raw,1.0,72,Platt,test,quantile,7,0.0011079151889632976,0.0011521976648176775,65618,44,0.001129501126258349,0.0006705477155658508
1,raw_safe,Raw,1.0,72,Platt,test,quantile,8,0.0011521976648176775,0.0013869680154712921,65402,44,0.0012089949526663444,0.0006727623008470689
1,raw_safe,Raw,1.0,72,Platt,test,quantile,9,0.0013869680154712921,0.7132315283747293,64462,279,0.003074546667439707,0.0043281313021625144
1,raw_safe,Raw,1.0,72,Isotonic,validation_threshold,uniform,0,0.0,0.1,330860,133,0.0007358861141941559,0.0004019827117209696
1,raw_safe,Raw,1.0,72,Isotonic,validation_threshold,uniform,1,0.1,0.2,0,0,,
1,raw_safe,Raw,1.0,72,Isotonic,validation_threshold,uniform,2,0.2,0.30000000000000004,0,0,,
1,raw_safe,Raw,1.0,72,Isotonic,validation_threshold,uniform,3,0.30000000000000004,0.4,0,0,,
1,raw_safe,Raw,1.0,72,Isotonic,validation_threshold,uniform,4,0.4,0.5,0,0,,
1,raw_safe,Raw,1.0,72,Isotonic,validation_threshold,uniform,5,0.5,0.6000000000000001,0,0,,
1,raw_safe,Raw,1.0,72,Isotonic,validation_threshold,uniform,6,0.6000000000000001,0.7000000000000001,43,21,0.6521739130434782,0.4883720930232558
1,raw_safe,Raw,1.0,72,Isotonic,validation_threshold,uniform,7,0.7000000000000001,0.8,0,0,,
1,raw_safe,Raw,1.0,72,Isotonic,validation_threshold,uniform,8,0.8,0.9,0,0,,
1,raw_safe,Raw,1.0,72,Isotonic,validation_threshold,uniform,9,0.9,1.0,0,0,,
1,raw_safe,Raw,1.0,72,Isotonic,validation_threshold,quantile,0,0.0001137365293298075,0.0008340202686321099,183279,6,0.00011373652932980752,3.273697477616093e-05
1,raw_safe,Raw,1.0,72,Isotonic,validation_threshold,quantile,1,0.0008340202686321099,0.0022813688212927757,113683,64,0.0008340202686321097,0.0005629689575398257
1,raw_safe,Raw,1.0,72,Isotonic,validation_threshold,quantile,2,0.0022813688212927757,0.6521739130434783,33941,84,0.004592066068919773,0.0024748828850063346
1,raw_safe,Raw,1.0,72,Isotonic,test,uniform,0,0.0,0.1,642589,426,0.0007145892406890739,0.0006629431876362652
1,raw_safe,Raw,1.0,72,Isotonic,test,uniform,1,0.1,0.2,0,0,,
1,raw_safe,Raw,1.0,72,Isotonic,test,uniform,2,0.2,0.30000000000000004,0,0,,
1,raw_safe,Raw,1.0,72,Isotonic,test,uniform,3,0.30000000000000004,0.4,0,0,,
1,raw_safe,Raw,1.0,72,Isotonic,test,uniform,4,0.4,0.5,0,0,,
1,raw_safe,Raw,1.0,72,Isotonic,test,uniform,5,0.5,0.6000000000000001,0,0,,
1,raw_safe,Raw,1.0,72,Isotonic,test,uniform,6,0.6000000000000001,0.7000000000000001,72,72,0.6521739130434784,1.0
1,raw_safe,Raw,1.0,72,Isotonic,test,uniform,7,0.7000000000000001,0.8,0,0,,
1,raw_safe,Raw,1.0,72,Isotonic,test,uniform,8,0.8,0.9,0,0,,
1,raw_safe,Raw,1.0,72,Isotonic,test,uniform,9,0.9,1.0,0,0,,
1,raw_safe,Raw,1.0,72,Isotonic,test,quantile,0,0.0001137365293298075,0.0008340202686321099,363827,12,0.00011373652932980754,3.298270881490379e-05
1,raw_safe,Raw,1.0,72,Isotonic,test,quantile,1,0.0008340202686321099,0.6521739130434783,278834,486,0.001666809955270182,0.0017429725212850656
1,raw_safe,Raw,1.0,82,Uncalibrated,validation_threshold,uniform,0,0.0,0.1,330903,154,0.000467301362184904,0.0004653931816876849
1,raw_safe,Raw,1.0,82,Uncalibrated,validation_threshold,uniform,1,0.1,0.2,0,0,,
1,raw_safe,Raw,1.0,82,Uncalibrated,validation_threshold,uniform,2,0.2,0.30000000000000004,0,0,,
1,raw_safe,Raw,1.0,82,Uncalibrated,validation_threshold,uniform,3,0.30000000000000004,0.4,0,0,,
1,raw_safe,Raw,1.0,82,Uncalibrated,validation_threshold,uniform,4,0.4,0.5,0,0,,
1,raw_safe,Raw,1.0,82,Uncalibrated,validation_threshold,uniform,5,0.5,0.6000000000000001,0,0,,
1,raw_safe,Raw,1.0,82,Uncalibrated,validation_threshold,uniform,6,0.6000000000000001,0.7000000000000001,0,0,,
1,raw_safe,Raw,1.0,82,Uncalibrated,validation_threshold,uniform,7,0.7000000000000001,0.8,0,0,,
1,raw_safe,Raw,1.0,82,Uncalibrated,validation_threshold,uniform,8,0.8,0.9,0,0,,
1,raw_safe,Raw,1.0,82,Uncalibrated,validation_threshold,uniform,9,0.9,1.0,0,0,,
1,raw_safe,Raw,1.0,82,Uncalibrated,validation_threshold,quantile,0,0.0,2.993399895704821e-06,22232,11,2.7760531023371127e-06,0.0004947822957898525
1,raw_safe,Raw,1.0,82,Uncalibrated,validation_threshold,quantile,1,2.993399895704821e-06,3.1320427573921655e-06,24134,0,3.0259285607168266e-06,0.0
1,raw_safe,Raw,1.0,82,Uncalibrated,validation_threshold,quantile,2,3.1320427573921655e-06,3.2548022226176344e-06,33159,0,3.165582274760884e-06,0.0
1,raw_safe,Raw,1.0,82,Uncalibrated,validation_threshold,quantile,3,3.2548022226176344e-06,4.922058831304616e-06,46409,0,3.6901111254846067e-06,0.0
1,raw_safe,Raw,1.0,82,Uncalibrated,validation_threshold,quantile,4,4.922058831304616e-06,5.006860197319779e-06,23139,0,4.93130539588535e-06,0.0
1,raw_safe,Raw,1.0,82,Uncalibrated,validation_threshold,quantile,5,5.006860197319779e-06,0.00013700533224734367,48743,10,3.2333405574163714e-05,0.0002051576636645262
1,raw_safe,Raw,1.0,82,Uncalibrated,validation_threshold,quantile,6,0.00013700533224734367,0.00017695052798398636,30328,14,0.0001611673821243066,0.0004616196254286468
1,raw_safe,Raw,1.0,82,Uncalibrated,validation_threshold,quantile,7,0.00017695052798398636,0.00021845434372018077,35016,13,0.0001930212791411122,0.00037125885309572765
1,raw_safe,Raw,1.0,82,Uncalibrated,validation_threshold,quantile,8,0.00021845434372018077,0.00041749649015062154,34521,10,0.00024631420183358487,0.0002896787462703861
1,raw_safe,Raw,1.0,82,Uncalibrated,validation_threshold,quantile,9,0.00041749649015062154,0.09872571891856209,33222,96,0.003984726779493083,0.0028896514357955572
1,raw_safe,Raw,1.0,82,Uncalibrated,test,uniform,0,0.0,0.1,642661,498,0.00041554373460722877,0.0007749030982119655
1,raw_safe,Raw,1.0,82,Uncalibrated,test,uniform,1,0.1,0.2,0,0,,
1,raw_safe,Raw,1.0,82,Uncalibrated,test,uniform,2,0.2,0.30000000000000004,0,0,,
1,raw_safe,Raw,1.0,82,Uncalibrated,test,uniform,3,0.30000000000000004,0.4,0,0,,
1,raw_safe,Raw,1.0,82,Uncalibrated,test,uniform,4,0.4,0.5,0,0,,
1,raw_safe,Raw,1.0,82,Uncalibrated,test,uniform,5,0.5,0.6000000000000001,0,0,,
1,raw_safe,Raw,1.0,82,Uncalibrated,test,uniform,6,0.6000000000000001,0.7000000000000001,0,0,,
1,raw_safe,Raw,1.0,82,Uncalibrated,test,uniform,7,0.7000000000000001,0.8,0,0,,
1,raw_safe,Raw,1.0,82,Uncalibrated,test,uniform,8,0.8,0.9,0,0,,
1,raw_safe,Raw,1.0,82,Uncalibrated,test,uniform,9,0.9,1.0,0,0,,
1,raw_safe,Raw,1.0,82,Uncalibrated,test,quantile,0,6.98455160892219e-285,2.993399895704821e-06,55781,26,2.8490124868678267e-06,0.000466108531578853
1,raw_safe,Raw,1.0,82,Uncalibrated,test,quantile,1,2.993399895704821e-06,3.1320427573921655e-06,58691,0,3.0219531280255256e-06,0.0
1,raw_safe,Raw,1.0,82,Uncalibrated,test,quantile,2,3.1320427573921655e-06,3.2548022226176344e-06,65972,0,3.1679199025907443e-06,0.0
1,raw_safe,Raw,1.0,82,Uncalibrated,test,quantile,3,3.2548022226176344e-06,4.922058831304616e-06,71340,0,3.7774766501924633e-06,0.0
1,raw_safe,Raw,1.0,82,Uncalibrated,test,quantile,4,4.922058831304616e-06,5.006860197319779e-06,45693,0,4.931006171609915e-06,0.0
1,raw_safe,Raw,1.0,82,Uncalibrated,test,quantile,5,5.006860197319779e-06,0.0001350299155687149,88089,29,2.7342115938805858e-05,0.00032921250099331357
1,raw_safe,Raw,1.0,82,Uncalibrated,test,quantile,6,0.0001350299155687149,0.00017695052798398636,60478,42,0.00016025109320152132,0.000694467409636562
1,raw_safe,Raw,1.0,82,Uncalibrated,test,quantile,7,0.00017695052798398636,0.00021845434372018077,67945,34,0.0001930892001902245,0.0005004047391272353
1,raw_safe,Raw,1.0,82,Uncalibrated,test,quantile,8,0.00021845434372018077,0.00031904311260685134,64368,32,0.00024281484114417376,0.0004971414367387521
1,raw_safe,Raw,1.0,82,Uncalibrated,test,quantile,9,0.00031904311260685134,0.09872571891856209,64304,335,0.003501563222840624,0.005209629261010202
1,raw_safe,Raw,1.0,82,Platt,validation_threshold,uniform,0,0.0,0.1,330903,154,0.0008334090721084031,0.0004653931816876849
1,raw_safe,Raw,1.0,82,Platt,validation_threshold,uniform,1,0.1,0.2,0,0,,
1,raw_safe,Raw,1.0,82,Platt,validation_threshold,uniform,2,0.2,0.30000000000000004,0,0,,
1,raw_safe,Raw,1.0,82,Platt,validation_threshold,uniform,3,0.30000000000000004,0.4,0,0,,
1,raw_safe,Raw,1.0,82,Platt,validation_threshold,uniform,4,0.4,0.5,0,0,,
1,raw_safe,Raw,1.0,82,Platt,validation_threshold,uniform,5,0.5,0.6000000000000001,0,0,,
1,raw_safe,Raw,1.0,82,Platt,validation_threshold,uniform,6,0.6000000000000001,0.7000000000000001,0,0,,
1,raw_safe,Raw,1.0,82,Platt,validation_threshold,uniform,7,0.7000000000000001,0.8,0,0,,
1,raw_safe,Raw,1.0,82,Platt,validation_threshold,uniform,8,0.8,0.9,0,0,,
1,raw_safe,Raw,1.0,82,Platt,validation_threshold,uniform,9,0.9,1.0,0,0,,
1,raw_safe,Raw,1.0,82,Platt,validation_threshold,quantile,0,5.389538077229682e-05,9.969976920643135e-05,22232,11,9.597073888114106e-05,0.0004947822957898525
1,raw_safe,Raw,1.0,82,Platt,validation_threshold,quantile,1,9.969976920643135e-05,0.0001022646111204913,24134,0,0.00010030298965736451,0.0
1,raw_safe,Raw,1.0,82,Platt,validation_threshold,quantile,2,0.0001022646111204913,0.00010449429587341396,33159,0,0.00010287398827318681,0.0
1,raw_safe,Raw,1.0,82,Platt,validation_threshold,quantile,3,0.00010449429587341396,0.00013178375055656084,46409,0,0.00011175824674601462,0.0
1,raw_safe,Raw,1.0,82,Platt,validation_threshold,quantile,4,0.00013178375055656084,0.00013305271080516935,23139,0,0.0001319224455762159,0.0
1,raw_safe,Raw,1.0,82,Platt,validation_threshold,quantile,5,0.00013305271080516935,0.0008513314881852197,48743,10,0.00030401454809445,0.0002051576636645262
1,raw_safe,Raw,1.0,82,Platt,validation_threshold,quantile,6,0.0008513314881852197,0.0009826398386446158,30328,14,0.000931791333654612,0.0004616196254286468
1,raw_safe,Raw,1.0,82,Platt,validation_threshold,quantile,7,0.0009826398386446158,0.0011058438979344837,35016,13,0.0010310106766098488,0.00037125885309572765
1,raw_safe,Raw,1.0,82,Platt,validation_threshold,quantile,8,0.0011058438979344837,0.0015898516321019615,34521,10,0.0011812799152868963,0.0002896787462703861
1,raw_safe,Raw,1.0,82,Platt,validation_threshold,quantile,9,0.0015898516321019615,0.0349681442789454,33222,96,0.004202459375037079,0.0028896514357955572
1,raw_safe,Raw,1.0,82,Platt,test,uniform,0,0.0,0.1,642661,498,0.0008075890914914264,0.0007749030982119655
1,raw_safe,Raw,1.0,82,Platt,test,uniform,1,0.1,0.2,0,0,,
1,raw_safe,Raw,1.0,82,Platt,test,uniform,2,0.2,0.30000000000000004,0,0,,
1,raw_safe,Raw,1.0,82,Platt,test,uniform,3,0.30000000000000004,0.4,0,0,,
1,raw_safe,Raw,1.0,82,Platt,test,uniform,4,0.4,0.5,0,0,,
1,raw_safe,Raw,1.0,82,Platt,test,uniform,5,0.5,0.6000000000000001,0,0,,
1,raw_safe,Raw,1.0,82,Platt,test,uniform,6,0.6000000000000001,0.7000000000000001,0,0,,
1,raw_safe,Raw,1.0,82,Platt,test,uniform,7,0.7000000000000001,0.8,0,0,,
1,raw_safe,Raw,1.0,82,Platt,test,uniform,8,0.8,0.9,0,0,,
1,raw_safe,Raw,1.0,82,Platt,test,uniform,9,0.9,1.0,0,0,,
1,raw_safe,Raw,1.0,82,Platt,test,quantile,0,5.389538077229682e-05,9.969976920643135e-05,55781,26,9.710339655756734e-05,0.000466108531578853
1,raw_safe,Raw,1.0,82,Platt,test,quantile,1,9.969976920643135e-05,0.0001022646111204913,58691,0,0.00010022941524343731,0.0
1,raw_safe,Raw,1.0,82,Platt,test,quantile,2,0.0001022646111204913,0.00010449429587341396,65972,0,0.00010291642687290463,0.0
1,raw_safe,Raw,1.0,82,Platt,test,quantile,3,0.00010449429587341396,0.00013178375055656084,71340,0,0.00011320976617165492,0.0
1,raw_safe,Raw,1.0,82,Platt,test,quantile,4,0.00013178375055656084,0.00013305271080516935,45693,0,0.00013191796187350956,0.0
1,raw_safe,Raw,1.0,82,Platt,test,quantile,5,0.00013305271080516935,0.000844427325343245,88089,29,0.0002751359708086244,0.00032921250099331357
1,raw_safe,Raw,1.0,82,Platt,test,quantile,6,0.000844427325343245,0.0009826398386446158,60478,42,0.0009287157041082605,0.000694467409636562
1,raw_safe,Raw,1.0,82,Platt,test,quantile,7,0.0009826398386446158,0.0011058438979344837,67945,34,0.0010312022138978208,0.0005004047391272353
1,raw_safe,Raw,1.0,82,Platt,test,quantile,8,0.0011058438979344837,0.0013673962116748477,64368,32,0.0011723015645032507,0.0004971414367387521
1,raw_safe,Raw,1.0,82,Platt,test,quantile,9,0.0013673962116748477,0.0349681442789454,64304,335,0.004057074938984463,0.005209629261010202
1,raw_safe,Raw,1.0,82,Isotonic,validation_threshold,uniform,0,0.0,0.1,330903,154,0.0008530443672147771,0.0004653931816876849
1,raw_safe,Raw,1.0,82,Isotonic,validation_threshold,uniform,1,0.1,0.2,0,0,,
1,raw_safe,Raw,1.0,82,Isotonic,validation_threshold,uniform,2,0.2,0.30000000000000004,0,0,,
1,raw_safe,Raw,1.0,82,Isotonic,validation_threshold,uniform,3,0.30000000000000004,0.4,0,0,,
1,raw_safe,Raw,1.0,82,Isotonic,validation_threshold,uniform,4,0.4,0.5,0,0,,
1,raw_safe,Raw,1.0,82,Isotonic,validation_threshold,uniform,5,0.5,0.6000000000000001,0,0,,
1,raw_safe,Raw,1.0,82,Isotonic,validation_threshold,uniform,6,0.6000000000000001,0.7000000000000001,0,0,,
1,raw_safe,Raw,1.0,82,Isotonic,validation_threshold,uniform,7,0.7000000000000001,0.8,0,0,,
1,raw_safe,Raw,1.0,82,Isotonic,validation_threshold,uniform,8,0.8,0.9,0,0,,
1,raw_safe,Raw,1.0,82,Isotonic,validation_threshold,uniform,9,0.9,1.0,0,0,,
1,raw_safe,Raw,1.0,82,Isotonic,validation_threshold,quantile,0,0.00015679774211251358,0.00039643211100099106,187122,16,0.00015679896278521767,8.550571285043983e-05
1,raw_safe,Raw,1.0,82,Isotonic,validation_threshold,quantile,1,0.00039643211100099106,0.0006949641826152037,28750,15,0.000396432111000991,0.0005217391304347826
1,raw_safe,Raw,1.0,82,Isotonic,validation_threshold,quantile,2,0.0006949641826152037,0.0015810276679841897,81809,27,0.0006949641826152036,0.00033003703748976274
1,raw_safe,Raw,1.0,82,Isotonic,validation_threshold,quantile,3,0.0015810276679841897,0.08637873754152824,33222,96,0.005559046918407388,0.0028896514357955572
1,raw_safe,Raw,1.0,82,Isotonic,test,uniform,0,0.0,0.1,642661,498,0.0007977231643620735,0.0007749030982119655
1,raw_safe,Raw,1.0,82,Isotonic,test,uniform,1,0.1,0.2,0,0,,
1,raw_safe,Raw,1.0,82,Isotonic,test,uniform,2,0.2,0.30000000000000004,0,0,,
1,raw_safe,Raw,1.0,82,Isotonic,test,uniform,3,0.30000000000000004,0.4,0,0,,
1,raw_safe,Raw,1.0,82,Isotonic,test,uniform,4,0.4,0.5,0,0,,
1,raw_safe,Raw,1.0,82,Isotonic,test,uniform,5,0.5,0.6000000000000001,0,0,,
1,raw_safe,Raw,1.0,82,Isotonic,test,uniform,6,0.6000000000000001,0.7000000000000001,0,0,,
1,raw_safe,Raw,1.0,82,Isotonic,test,uniform,7,0.7000000000000001,0.8,0,0,,
1,raw_safe,Raw,1.0,82,Isotonic,test,uniform,8,0.8,0.9,0,0,,
1,raw_safe,Raw,1.0,82,Isotonic,test,uniform,9,0.9,1.0,0,0,,
1,raw_safe,Raw,1.0,82,Isotonic,test,quantile,0,0.00015679774211251358,0.00039643211100099106,369690,41,0.00015680648217062602,0.00011090373015228975
1,raw_safe,Raw,1.0,82,Isotonic,test,quantile,1,0.00039643211100099106,0.0006949641826152037,52802,40,0.000396432111000991,0.0007575470626112647
1,raw_safe,Raw,1.0,82,Isotonic,test,quantile,2,0.0006949641826152037,0.08637873754152824,220169,417,0.001970138256581814,0.0018939996093909678
1,recipient_full_weight_2,Recipient,2.0,42,Uncalibrated,validation_threshold,uniform,0,0.0,0.1,330407,130,0.00041558420470818143,0.00039345413384099005
1,recipient_full_weight_2,Recipient,2.0,42,Uncalibrated,validation_threshold,uniform,1,0.1,0.2,90,1,0.14446045270972185,0.011111111111111112
1,recipient_full_weight_2,Recipient,2.0,42,Uncalibrated,validation_threshold,uniform,2,0.2,0.30000000000000004,88,3,0.24880975559407384,0.03409090909090909
1,recipient_full_weight_2,Recipient,2.0,42,Uncalibrated,validation_threshold,uniform,3,0.30000000000000004,0.4,9,0,0.3465943934059317,0.0
1,recipient_full_weight_2,Recipient,2.0,42,Uncalibrated,validation_threshold,uniform,4,0.4,0.5,2,0,0.46980459558298326,0.0
1,recipient_full_weight_2,Recipient,2.0,42,Uncalibrated,validation_threshold,uniform,5,0.5,0.6000000000000001,3,0,0.5435736070577644,0.0
1,recipient_full_weight_2,Recipient,2.0,42,Uncalibrated,validation_threshold,uniform,6,0.6000000000000001,0.7000000000000001,13,0,0.6374755053438835,0.0
1,recipient_full_weight_2,Recipient,2.0,42,Uncalibrated,validation_threshold,uniform,7,0.7000000000000001,0.8,0,0,,
1,recipient_full_weight_2,Recipient,2.0,42,Uncalibrated,validation_threshold,uniform,8,0.8,0.9,11,0,0.8591561163610432,0.0
1,recipient_full_weight_2,Recipient,2.0,42,Uncalibrated,validation_threshold,uniform,9,0.9,1.0,280,20,0.9949338633223617,0.07142857142857142
1,recipient_full_weight_2,Recipient,2.0,42,Uncalibrated,validation_threshold,quantile,0,0.0,3.645049119051647e-08,33091,14,5.180436258765403e-11,0.00042307576078087696
1,recipient_full_weight_2,Recipient,2.0,42,Uncalibrated,validation_threshold,quantile,1,3.645049119051647e-08,4.092644569646286e-06,32822,1,2.5192789803522053e-06,3.046736944732192e-05
1,recipient_full_weight_2,Recipient,2.0,42,Uncalibrated,validation_threshold,quantile,2,4.092644569646286e-06,2.4699989315331542e-05,31709,2,9.825808409817381e-06,6.307357532561733e-05
1,recipient_full_weight_2,Recipient,2.0,42,Uncalibrated,validation_threshold,quantile,3,2.4699989315331542e-05,2.5191069029746806e-05,5866,0,2.4832747261120483e-05,0.0
1,recipient_full_weight_2,Recipient,2.0,42,Uncalibrated,validation_threshold,quantile,4,2.5191069029746806e-05,3.081844697622338e-05,38287,0,2.5763211862173483e-05,0.0
1,recipient_full_weight_2,Recipient,2.0,42,Uncalibrated,validation_threshold,quantile,5,3.081844697622338e-05,3.216716866943368e-05,36532,0,3.094421077339038e-05,0.0
1,recipient_full_weight_2,Recipient,2.0,42,Uncalibrated,validation_threshold,quantile,6,3.216716866943368e-05,0.00011674972028756037,53325,4,4.9727568068032135e-05,7.501172058134083e-05
1,recipient_full_weight_2,Recipient,2.0,42,Uncalibrated,validation_threshold,quantile,7,0.00011674972028756037,0.0002389897476715032,32007,10,0.00017562187571417017,0.0003124316555753429
1,recipient_full_weight_2,Recipient,2.0,42,Uncalibrated,validation_threshold,quantile,8,0.0002389897476715032,0.00027361403550436587,34173,9,0.00026027941747124316,0.0002633658151171978
1,recipient_full_weight_2,Recipient,2.0,42,Uncalibrated,validation_threshold,quantile,9,0.00027361403550436587,1.0,33091,114,0.013731635014765854,0.003445045480644284
1,recipient_full_weight_2,Recipient,2.0,42,Uncalibrated,test,uniform,0,0.0,0.1,641535,288,0.00042373033834490443,0.0004489232855572962
1,recipient_full_weight_2,Recipient,2.0,42,Uncalibrated,test,uniform,1,0.1,0.2,266,4,0.14102729163350375,0.015037593984962405
1,recipient_full_weight_2,Recipient,2.0,42,Uncalibrated,test,uniform,2,0.2,0.30000000000000004,39,7,0.2538463816640864,0.1794871794871795
1,recipient_full_weight_2,Recipient,2.0,42,Uncalibrated,test,uniform,3,0.30000000000000004,0.4,25,1,0.35216925572798435,0.04
1,recipient_full_weight_2,Recipient,2.0,42,Uncalibrated,test,uniform,4,0.4,0.5,9,1,0.44281331598980134,0.1111111111111111
1,recipient_full_weight_2,Recipient,2.0,42,Uncalibrated,test,uniform,5,0.5,0.6000000000000001,36,8,0.5794670868259468,0.2222222222222222
1,recipient_full_weight_2,Recipient,2.0,42,Uncalibrated,test,uniform,6,0.6000000000000001,0.7000000000000001,143,9,0.6475438324277837,0.06293706293706294
1,recipient_full_weight_2,Recipient,2.0,42,Uncalibrated,test,uniform,7,0.7000000000000001,0.8,21,2,0.7348461614831416,0.09523809523809523
1,recipient_full_weight_2,Recipient,2.0,42,Uncalibrated,test,uniform,8,0.8,0.9,40,18,0.8460073735572922,0.45
1,recipient_full_weight_2,Recipient,2.0,42,Uncalibrated,test,uniform,9,0.9,1.0,547,160,0.9943358250861537,0.29250457038391225
1,recipient_full_weight_2,Recipient,2.0,42,Uncalibrated,test,quantile,0,0.0,1.6795066417736103e-06,64249,28,2.538740594173128e-07,0.0004358044483182618
1,recipient_full_weight_2,Recipient,2.0,42,Uncalibrated,test,quantile,1,1.6795066417736103e-06,4.092644569646286e-06,57010,0,3.16788778091367e-06,0.0
1,recipient_full_weight_2,Recipient,2.0,42,Uncalibrated,test,quantile,2,4.092644569646286e-06,2.4699989315331542e-05,63688,3,1.0687987144575979e-05,4.7104635096093454e-05
1,recipient_full_weight_2,Recipient,2.0,42,Uncalibrated,test,quantile,3,2.4699989315331542e-05,2.5191069029746806e-05,19749,0,2.4787414830392908e-05,0.0
1,recipient_full_weight_2,Recipient,2.0,42,Uncalibrated,test,quantile,4,2.5191069029746806e-05,3.081844697622338e-05,93120,0,2.6053785400346775e-05,0.0
1,recipient_full_weight_2,Recipient,2.0,42,Uncalibrated,test,quantile,5,3.081844697622338e-05,3.216716866943368e-05,67224,0,3.097807709644077e-05,0.0
1,recipient_full_weight_2,Recipient,2.0,42,Uncalibrated,test,quantile,6,3.216716866943368e-05,0.00012776436240056907,84654,8,5.643057257413029e-05,9.450232711980532e-05
1,recipient_full_weight_2,Recipient,2.0,42,Uncalibrated,test,quantile,7,0.00012776436240056907,0.0002389897476715032,61158,22,0.00018490837680195114,0.00035972399359037247
1,recipient_full_weight_2,Recipient,2.0,42,Uncalibrated,test,quantile,8,0.0002389897476715032,0.0002730606895168881,55873,17,0.0002559400539723061,0.0003042614500742756
1,recipient_full_weight_2,Recipient,2.0,42,Uncalibrated,test,quantile,9,0.0002730606895168881,1.0,75936,420,0.013200753699451588,0.0055309734513274336
1,recipient_full_weight_2,Recipient,2.0,42,Platt,validation_threshold,uniform,0,0.0,0.1,330672,141,0.0005150536227359785,0.0004264044128320511
1,recipient_full_weight_2,Recipient,2.0,42,Platt,validation_threshold,uniform,1,0.1,0.2,4,0,0.11110431505268654,0.0
1,recipient_full_weight_2,Recipient,2.0,42,Platt,validation_threshold,uniform,2,0.2,0.30000000000000004,227,13,0.2814944411845247,0.05726872246696035
1,recipient_full_weight_2,Recipient,2.0,42,Platt,validation_threshold,uniform,3,0.30000000000000004,0.4,0,0,,
1,recipient_full_weight_2,Recipient,2.0,42,Platt,validation_threshold,uniform,4,0.4,0.5,0,0,,
1,recipient_full_weight_2,Recipient,2.0,42,Platt,validation_threshold,uniform,5,0.5,0.6000000000000001,0,0,,
1,recipient_full_weight_2,Recipient,2.0,42,Platt,validation_threshold,uniform,6,0.6000000000000001,0.7000000000000001,0,0,,
1,recipient_full_weight_2,Recipient,2.0,42,Platt,validation_threshold,uniform,7,0.7000000000000001,0.8,0,0,,
1,recipient_full_weight_2,Recipient,2.0,42,Platt,validation_threshold,uniform,8,0.8,0.9,0,0,,
1,recipient_full_weight_2,Recipient,2.0,42,Platt,validation_threshold,uniform,9,0.9,1.0,0,0,,
1,recipient_full_weight_2,Recipient,2.0,42,Platt,validation_threshold,quantile,0,0.00016089723411509609,0.00023946738629175015,65913,15,0.00018323934824863048,0.0002275727094806791
1,recipient_full_weight_2,Recipient,2.0,42,Platt,validation_threshold,quantile,1,0.00023946738629175015,0.00039766950462648694,31709,2,0.0002901943168355467,6.307357532561733e-05
1,recipient_full_weight_2,Recipient,2.0,42,Platt,validation_threshold,quantile,2,0.00039766950462648694,0.0003998844204985057,5866,0,0.0003982708064556911,0.0
1,recipient_full_weight_2,Recipient,2.0,42,Platt,validation_threshold,quantile,3,0.0003998844204985057,0.00042329100849535943,38287,0,0.0004023259577020153,0.0
1,recipient_full_weight_2,Recipient,2.0,42,Platt,validation_threshold,quantile,4,0.00042329100849535943,0.0004284372384338835,36532,0,0.0004237745484531722,0.0
1,recipient_full_weight_2,Recipient,2.0,42,Platt,validation_threshold,quantile,5,0.0004284372384338835,0.00061634742986944,53325,4,0.0004743309677927047,7.501172058134083e-05
1,recipient_full_weight_2,Recipient,2.0,42,Platt,validation_threshold,quantile,6,0.00061634742986944,0.0007543828757222469,32007,10,0.0006884433355613764,0.0003124316555753429
1,recipient_full_weight_2,Recipient,2.0,42,Platt,validation_threshold,quantile,7,0.0007543828757222469,0.000783731737508277,34173,9,0.0007725985029742673,0.0002633658151171978
1,recipient_full_weight_2,Recipient,2.0,42,Platt,validation_threshold,quantile,8,0.000783731737508277,0.2817037238434237,33091,114,0.0032161519613944263,0.003445045480644284
1,recipient_full_weight_2,Recipient,2.0,42,Platt,test,uniform,0,0.0,0.1,642245,377,0.000525256478208841,0.0005870034021284713
1,recipient_full_weight_2,Recipient,2.0,42,Platt,test,uniform,1,0.1,0.2,20,8,0.14837055602541535,0.4
1,recipient_full_weight_2,Recipient,2.0,42,Platt,test,uniform,2,0.2,0.30000000000000004,396,113,0.2798512024049469,0.28535353535353536
1,recipient_full_weight_2,Recipient,2.0,42,Platt,test,uniform,3,0.30000000000000004,0.4,0,0,,
1,recipient_full_weight_2,Recipient,2.0,42,Platt,test,uniform,4,0.4,0.5,0,0,,
1,recipient_full_weight_2,Recipient,2.0,42,Platt,test,uniform,5,0.5,0.6000000000000001,0,0,,
1,recipient_full_weight_2,Recipient,2.0,42,Platt,test,uniform,6,0.6000000000000001,0.7000000000000001,0,0,,
1,recipient_full_weight_2,Recipient,2.0,42,Platt,test,uniform,7,0.7000000000000001,0.8,0,0,,
1,recipient_full_weight_2,Recipient,2.0,42,Platt,test,uniform,8,0.8,0.9,0,0,,
1,recipient_full_weight_2,Recipient,2.0,42,Platt,test,uniform,9,0.9,1.0,0,0,,
1,recipient_full_weight_2,Recipient,2.0,42,Platt,test,quantile,0,0.00016089723411509609,0.0001862484927157431,64249,28,0.00016274705408996778,0.0004358044483182618
1,recipient_full_weight_2,Recipient,2.0,42,Platt,test,quantile,1,0.0001862484927157431,0.00023946738629175015,57010,0,0.00022144249223058238,0.0
1,recipient_full_weight_2,Recipient,2.0,42,Platt,test,quantile,2,0.00023946738629175015,0.00039766950462648694,63688,3,0.0002975245193887333,4.7104635096093454e-05
1,recipient_full_weight_2,Recipient,2.0,42,Platt,test,quantile,3,0.00039766950462648694,0.0003998844204985057,19749,0,0.0003980654932532823,0.0
1,recipient_full_weight_2,Recipient,2.0,42,Platt,test,quantile,4,0.0003998844204985057,0.00042329100849535943,93120,0,0.00040355199308498224,0.0
1,recipient_full_weight_2,Recipient,2.0,42,Platt,test,quantile,5,0.00042329100849535943,0.0004284372384338835,67224,0,0.0004239047881501031,0.0
1,recipient_full_weight_2,Recipient,2.0,42,Platt,test,quantile,6,0.0004284372384338835,0.0006322237438968171,84654,8,0.0004896539051273881,9.450232711980532e-05
1,recipient_full_weight_2,Recipient,2.0,42,Platt,test,quantile,7,0.0006322237438968171,0.0007543828757222469,61158,22,0.000699000990391753,0.00035972399359037247
1,recipient_full_weight_2,Recipient,2.0,42,Platt,test,quantile,8,0.0007543828757222469,0.0007832842953598672,55873,17,0.0007689678622211999,0.0003042614500742756
1,recipient_full_weight_2,Recipient,2.0,42,Platt,test,quantile,9,0.0007832842953598672,0.2817037238434237,75936,420,0.002739153793288162,0.0055309734513274336
1,recipient_full_weight_2,Recipient,2.0,42,Isotonic,validation_threshold,uniform,0,0.0,0.1,330615,134,0.0005326765297570184,0.0004053052644314384
1,recipient_full_weight_2,Recipient,2.0,42,Isotonic,validation_threshold,uniform,1,0.1,0.2,288,20,0.18546651568095773,0.06944444444444445
1,recipient_full_weight_2,Recipient,2.0,42,Isotonic,validation_threshold,uniform,2,0.2,0.30000000000000004,0,0,,
1,recipient_full_weight_2,Recipient,2.0,42,Isotonic,validation_threshold,uniform,3,0.30000000000000004,0.4,0,0,,
1,recipient_full_weight_2,Recipient,2.0,42,Isotonic,validation_threshold,uniform,4,0.4,0.5,0,0,,
1,recipient_full_weight_2,Recipient,2.0,42,Isotonic,validation_threshold,uniform,5,0.5,0.6000000000000001,0,0,,
1,recipient_full_weight_2,Recipient,2.0,42,Isotonic,validation_threshold,uniform,6,0.6000000000000001,0.7000000000000001,0,0,,
1,recipient_full_weight_2,Recipient,2.0,42,Isotonic,validation_threshold,uniform,7,0.7000000000000001,0.8,0,0,,
1,recipient_full_weight_2,Recipient,2.0,42,Isotonic,validation_threshold,uniform,8,0.8,0.9,0,0,,
1,recipient_full_weight_2,Recipient,2.0,42,Isotonic,validation_threshold,uniform,9,0.9,1.0,0,0,,
1,recipient_full_weight_2,Recipient,2.0,42,Isotonic,validation_threshold,quantile,0,0.00013889820198672326,0.0002336084722005918,225377,19,0.00013919582311856186,8.430318976648017e-05
1,recipient_full_weight_2,Recipient,2.0,42,Isotonic,validation_threshold,quantile,1,0.0002336084722005918,0.00045856834961250975,25947,8,0.00023360847220059173,0.0003083208078005164
1,recipient_full_weight_2,Recipient,2.0,42,Isotonic,validation_threshold,quantile,2,0.00045856834961250975,0.18798955613577023,79579,127,0.0024138558080216083,0.001595898415411101
1,recipient_full_weight_2,Recipient,2.0,42,Isotonic,test,uniform,0,0.0,0.1,642091,330,0.0005401584864725866,0.0005139458425674865
1,recipient_full_weight_2,Recipient,2.0,42,Isotonic,test,uniform,1,0.1,0.2,570,168,0.18466973681854054,0.29473684210526313
1,recipient_full_weight_2,Recipient,2.0,42,Isotonic,test,uniform,2,0.2,0.30000000000000004,0,0,,
1,recipient_full_weight_2,Recipient,2.0,42,Isotonic,test,uniform,3,0.30000000000000004,0.4,0,0,,
1,recipient_full_weight_2,Recipient,2.0,42,Isotonic,test,uniform,4,0.4,0.5,0,0,,
1,recipient_full_weight_2,Recipient,2.0,42,Isotonic,test,uniform,5,0.5,0.6000000000000001,0,0,,
1,recipient_full_weight_2,Recipient,2.0,42,Isotonic,test,uniform,6,0.6000000000000001,0.7000000000000001,0,0,,
1,recipient_full_weight_2,Recipient,2.0,42,Isotonic,test,uniform,7,0.7000000000000001,0.8,0,0,,
1,recipient_full_weight_2,Recipient,2.0,42,Isotonic,test,uniform,8,0.8,0.9,0,0,,
1,recipient_full_weight_2,Recipient,2.0,42,Isotonic,test,uniform,9,0.9,1.0,0,0,,
1,recipient_full_weight_2,Recipient,2.0,42,Isotonic,test,quantile,0,0.00013889820198672326,0.0002336084722005918,433978,34,0.00013914891552462206,7.834498522966602e-05
1,recipient_full_weight_2,Recipient,2.0,42,Isotonic,test,quantile,1,0.0002336084722005918,0.00045856834961250975,47397,16,0.00023360847220059176,0.00033757410806591135
1,recipient_full_weight_2,Recipient,2.0,42,Isotonic,test,quantile,2,0.00045856834961250975,0.18798955613577023,161286,448,0.002359986259847735,0.0027776744416750368
1,recipient_full_weight_2,Recipient,2.0,52,Uncalibrated,validation_threshold,uniform,0,0.0,0.1,330334,123,0.00046235544700126496,0.00037235040898000207
1,recipient_full_weight_2,Recipient,2.0,52,Uncalibrated,validation_threshold,uniform,1,0.1,0.2,164,1,0.11928618493420741,0.006097560975609756
1,recipient_full_weight_2,Recipient,2.0,52,Uncalibrated,validation_threshold,uniform,2,0.2,0.30000000000000004,15,0,0.2753343436900255,0.0
1,recipient_full_weight_2,Recipient,2.0,52,Uncalibrated,validation_threshold,uniform,3,0.30000000000000004,0.4,7,0,0.3474453802898026,0.0
1,recipient_full_weight_2,Recipient,2.0,52,Uncalibrated,validation_threshold,uniform,4,0.4,0.5,42,1,0.46604894050988677,0.023809523809523808
1,recipient_full_weight_2,Recipient,2.0,52,Uncalibrated,validation_threshold,uniform,5,0.5,0.6000000000000001,10,0,0.5219415348222751,0.0
1,recipient_full_weight_2,Recipient,2.0,52,Uncalibrated,validation_threshold,uniform,6,0.6000000000000001,0.7000000000000001,10,1,0.6474335693105164,0.1
1,recipient_full_weight_2,Recipient,2.0,52,Uncalibrated,validation_threshold,uniform,7,0.7000000000000001,0.8,33,0,0.7404557335006118,0.0
1,recipient_full_weight_2,Recipient,2.0,52,Uncalibrated,validation_threshold,uniform,8,0.8,0.9,3,0,0.8689832381857348,0.0
1,recipient_full_weight_2,Recipient,2.0,52,Uncalibrated,validation_threshold,uniform,9,0.9,1.0,285,28,0.9990356739309231,0.09824561403508772
1,recipient_full_weight_2,Recipient,2.0,52,Uncalibrated,validation_threshold,quantile,0,0.0,3.282728040545439e-06,33056,7,9.749483708914936e-07,0.00021176185866408518
1,recipient_full_weight_2,Recipient,2.0,52,Uncalibrated,validation_threshold,quantile,1,3.282728040545439e-06,3.7054425464535956e-06,30498,0,3.5078086021904136e-06,0.0
1,recipient_full_weight_2,Recipient,2.0,52,Uncalibrated,validation_threshold,quantile,2,3.7054425464535956e-06,2.927351676749449e-05,23800,1,6.062419353293567e-06,4.201680672268908e-05
1,recipient_full_weight_2,Recipient,2.0,52,Uncalibrated,validation_threshold,quantile,3,2.927351676749449e-05,3.0069342206676868e-05,44307,0,2.930139432807757e-05,0.0
1,recipient_full_weight_2,Recipient,2.0,52,Uncalibrated,validation_threshold,quantile,4,3.0069342206676868e-05,3.075441723949564e-05,20732,0,3.0149428525162057e-05,0.0
1,recipient_full_weight_2,Recipient,2.0,52,Uncalibrated,validation_threshold,quantile,5,3.075441723949564e-05,3.7902677692343565e-05,46148,3,3.213728846806372e-05,6.500823437635434e-05
1,recipient_full_weight_2,Recipient,2.0,52,Uncalibrated,validation_threshold,quantile,6,3.7902677692343565e-05,0.00038913452651205034,32865,3,0.0002064488397167299,9.128251939753537e-05
1,recipient_full_weight_2,Recipient,2.0,52,Uncalibrated,validation_threshold,quantile,7,0.00038913452651205034,0.000500331332202626,33272,10,0.00044687213134852826,0.0003005530175522962
1,recipient_full_weight_2,Recipient,2.0,52,Uncalibrated,validation_threshold,quantile,8,0.000500331332202626,0.0005975705388189119,32195,8,0.0005487865802513601,0.00024848578971890047
1,recipient_full_weight_2,Recipient,2.0,52,Uncalibrated,validation_threshold,quantile,9,0.0005975705388189119,1.0,34030,122,0.01407230144716777,0.003585071995298266
1,recipient_full_weight_2,Recipient,2.0,52,Uncalibrated,test,uniform,0,0.0,0.1,641559,281,0.0005125598949534115,0.00043799557016579923
1,recipient_full_weight_2,Recipient,2.0,52,Uncalibrated,test,uniform,1,0.1,0.2,249,1,0.1178933731228088,0.004016064257028112
1,recipient_full_weight_2,Recipient,2.0,52,Uncalibrated,test,uniform,2,0.2,0.30000000000000004,189,18,0.26976294266747564,0.09523809523809523
1,recipient_full_weight_2,Recipient,2.0,52,Uncalibrated,test,uniform,3,0.30000000000000004,0.4,9,2,0.3277779136143226,0.2222222222222222
1,recipient_full_weight_2,Recipient,2.0,52,Uncalibrated,test,uniform,4,0.4,0.5,22,2,0.4658144802508446,0.09090909090909091
1,recipient_full_weight_2,Recipient,2.0,52,Uncalibrated,test,uniform,5,0.5,0.6000000000000001,60,3,0.5312093014969498,0.05
1,recipient_full_weight_2,Recipient,2.0,52,Uncalibrated,test,uniform,6,0.6000000000000001,0.7000000000000001,19,5,0.640111622741058,0.2631578947368421
1,recipient_full_weight_2,Recipient,2.0,52,Uncalibrated,test,uniform,7,0.7000000000000001,0.8,40,3,0.7385774284257568,0.075
1,recipient_full_weight_2,Recipient,2.0,52,Uncalibrated,test,uniform,8,0.8,0.9,17,1,0.8555641690433438,0.058823529411764705
1,recipient_full_weight_2,Recipient,2.0,52,Uncalibrated,test,uniform,9,0.9,1.0,497,182,0.9970586245170439,0.36619718309859156
1,recipient_full_weight_2,Recipient,2.0,52,Uncalibrated,test,quantile,0,0.0,3.4314038915946926e-06,63969,24,1.459220344710158e-06,0.00037518172864981473
1,recipient_full_weight_2,Recipient,2.0,52,Uncalibrated,test,quantile,1,3.4314038915946926e-06,3.745749210503973e-06,64421,0,3.609170739614829e-06,0.0
1,recipient_full_weight_2,Recipient,2.0,52,Uncalibrated,test,quantile,2,3.745749210503973e-06,2.927351676749449e-05,49068,1,1.1916496530992746e-05,2.0379880981495067e-05
1,recipient_full_weight_2,Recipient,2.0,52,Uncalibrated,test,quantile,3,2.927351676749449e-05,3.0069342206676868e-05,58317,0,2.9293151366922976e-05,0.0
1,recipient_full_weight_2,Recipient,2.0,52,Uncalibrated,test,quantile,4,3.0069342206676868e-05,3.075441723949564e-05,48334,0,3.0110695361588217e-05,0.0
1,recipient_full_weight_2,Recipient,2.0,52,Uncalibrated,test,quantile,5,3.075441723949564e-05,3.592696685011782e-05,101479,1,3.174923834189004e-05,9.8542555602637e-06
1,recipient_full_weight_2,Recipient,2.0,52,Uncalibrated,test,quantile,6,3.592696685011782e-05,0.0004025626467003378,64275,12,0.00020294321155195195,0.0001866977829638273
1,recipient_full_weight_2,Recipient,2.0,52,Uncalibrated,test,quantile,7,0.0004025626467003378,0.0005278538636063519,64137,14,0.00046771232153813727,0.00021828273851287087
1,recipient_full_weight_2,Recipient,2.0,52,Uncalibrated,test,quantile,8,0.0005278538636063519,0.0006126232495373239,60830,22,0.0005723964011384849,0.0003616636528028933
1,recipient_full_weight_2,Recipient,2.0,52,Uncalibrated,test,quantile,9,0.0006126232495373239,1.0,67831,424,0.013576088510147048,0.006250829266854388
1,recipient_full_weight_2,Recipient,2.0,52,Platt,validation_threshold,uniform,0,0.0,0.1,330640,127,0.00043714500044709045,0.00038410355673844664
1,recipient_full_weight_2,Recipient,2.0,52,Platt,validation_threshold,uniform,1,0.1,0.2,13,0,0.11831692011854258,0.0
1,recipient_full_weight_2,Recipient,2.0,52,Platt,validation_threshold,uniform,2,0.2,0.30000000000000004,4,0,0.23477411990327854,0.0
1,recipient_full_weight_2,Recipient,2.0,52,Platt,validation_threshold,uniform,3,0.30000000000000004,0.4,246,27,0.30459439976989333,0.10975609756097561
1,recipient_full_weight_2,Recipient,2.0,52,Platt,validation_threshold,uniform,4,0.4,0.5,0,0,,
1,recipient_full_weight_2,Recipient,2.0,52,Platt,validation_threshold,uniform,5,0.5,0.6000000000000001,0,0,,
1,recipient_full_weight_2,Recipient,2.0,52,Platt,validation_threshold,uniform,6,0.6000000000000001,0.7000000000000001,0,0,,
1,recipient_full_weight_2,Recipient,2.0,52,Platt,validation_threshold,uniform,7,0.7000000000000001,0.8,0,0,,
1,recipient_full_weight_2,Recipient,2.0,52,Platt,validation_threshold,uniform,8,0.8,0.9,0,0,,
1,recipient_full_weight_2,Recipient,2.0,52,Platt,validation_threshold,uniform,9,0.9,1.0,0,0,,
1,recipient_full_weight_2,Recipient,2.0,52,Platt,validation_threshold,quantile,0,0.00010957415459365277,0.00015654315746353606,33056,7,0.0001219593968331768,0.00021176185866408518
1,recipient_full_weight_2,Recipient,2.0,52,Platt,validation_threshold,quantile,1,0.00015654315746353606,0.00016233825894204293,30498,0,0.0001596754803726517,0.0
1,recipient_full_weight_2,Recipient,2.0,52,Platt,validation_threshold,quantile,2,0.00016233825894204293,0.0003018460530920162,23800,1,0.00017951167363141607,4.201680672268908e-05
1,recipient_full_weight_2,Recipient,2.0,52,Platt,validation_threshold,quantile,3,0.0003018460530920162,0.0003042852913204514,44307,0,0.00030193166653320685,0.0
1,recipient_full_weight_2,Recipient,2.0,52,Platt,validation_threshold,quantile,4,0.0003042852913204514,0.0003063491342932366,20732,0,0.0003045266234850389,0.0
1,recipient_full_weight_2,Recipient,2.0,52,Platt,validation_threshold,quantile,5,0.0003063491342932366,0.00032617523478739867,46148,3,0.00031036574587198803,6.500823437635434e-05
1,recipient_full_weight_2,Recipient,2.0,52,Platt,validation_threshold,quantile,6,0.00032617523478739867,0.0006560402944612658,32865,3,0.0005247075877160209,9.128251939753537e-05
1,recipient_full_weight_2,Recipient,2.0,52,Platt,validation_threshold,quantile,7,0.0006560402944612658,0.0007074341899166332,33272,10,0.000683504604304829,0.0003005530175522962
1,recipient_full_weight_2,Recipient,2.0,52,Platt,validation_threshold,quantile,8,0.0007074341899166332,0.0007461611515525049,32195,8,0.0007271794521614055,0.00024848578971890047
1,recipient_full_weight_2,Recipient,2.0,52,Platt,validation_threshold,quantile,9,0.0007461611515525049,0.30460849449466565,34030,122,0.0032724037027061633,0.003585071995298266
1,recipient_full_weight_2,Recipient,2.0,52,Platt,test,uniform,0,0.0,0.1,642207,323,0.00044278317269842054,0.0005029530976772287
1,recipient_full_weight_2,Recipient,2.0,52,Platt,test,uniform,1,0.1,0.2,17,1,0.13171824791256176,0.058823529411764705
1,recipient_full_weight_2,Recipient,2.0,52,Platt,test,uniform,2,0.2,0.30000000000000004,11,0,0.267708131566104,0.0
1,recipient_full_weight_2,Recipient,2.0,52,Platt,test,uniform,3,0.30000000000000004,0.4,426,174,0.3045953233630621,0.4084507042253521
1,recipient_full_weight_2,Recipient,2.0,52,Platt,test,uniform,4,0.4,0.5,0,0,,
1,recipient_full_weight_2,Recipient,2.0,52,Platt,test,uniform,5,0.5,0.6000000000000001,0,0,,
1,recipient_full_weight_2,Recipient,2.0,52,Platt,test,uniform,6,0.6000000000000001,0.7000000000000001,0,0,,
1,recipient_full_weight_2,Recipient,2.0,52,Platt,test,uniform,7,0.7000000000000001,0.8,0,0,,
1,recipient_full_weight_2,Recipient,2.0,52,Platt,test,uniform,8,0.8,0.9,0,0,,
1,recipient_full_weight_2,Recipient,2.0,52,Platt,test,uniform,9,0.9,1.0,0,0,,
1,recipient_full_weight_2,Recipient,2.0,52,Platt,test,quantile,0,0.00010957415459365277,0.00015863795253706606,63969,24,0.0001290557935631201,0.00037518172864981473
1,recipient_full_weight_2,Recipient,2.0,52,Platt,test,quantile,1,0.00015863795253706606,0.00016286618806990411,64421,0,0.00016105124646645857,0.0
1,recipient_full_weight_2,Recipient,2.0,52,Platt,test,quantile,2,0.00016286618806990411,0.0003018460530920162,49068,1,0.00021495966819094076,2.0379880981495067e-05
1,recipient_full_weight_2,Recipient,2.0,52,Platt,test,quantile,3,0.0003018460530920162,0.0003042852913204514,58317,0,0.00030190635687145936,0.0
1,recipient_full_weight_2,Recipient,2.0,52,Platt,test,quantile,4,0.0003042852913204514,0.0003063491342932366,48334,0,0.00030440991519863373,0.0
1,recipient_full_weight_2,Recipient,2.0,52,Platt,test,quantile,5,0.0003063491342932366,0.0003209776388173659,101479,1,0.00030924534356328875,9.8542555602637e-06
1,recipient_full_weight_2,Recipient,2.0,52,Platt,test,quantile,6,0.0003209776388173659,0.0006627528727864269,64275,12,0.0005183947783961758,0.0001866977829638273
1,recipient_full_weight_2,Recipient,2.0,52,Platt,test,quantile,7,0.0006627528727864269,0.0007188940031404412,64137,14,0.0006928669607686954,0.00021828273851287087
1,recipient_full_weight_2,Recipient,2.0,52,Platt,test,quantile,8,0.0007188940031404412,0.0007517527720213413,60830,22,0.0007364518638564469,0.0003616636528028933
1,recipient_full_weight_2,Recipient,2.0,52,Platt,test,quantile,9,0.0007517527720213413,0.30460849449466565,67831,424,0.0030054641299807664,0.006250829266854388
1,recipient_full_weight_2,Recipient,2.0,52,Isotonic,validation_threshold,uniform,0,0.0,0.1,330789,127,0.00047021798990641773,0.000383930541825756
1,recipient_full_weight_2,Recipient,2.0,52,Isotonic,validation_threshold,uniform,1,0.1,0.2,0,0,,
1,recipient_full_weight_2,Recipient,2.0,52,Isotonic,validation_threshold,uniform,2,0.2,0.30000000000000004,0,0,,
1,recipient_full_weight_2,Recipient,2.0,52,Isotonic,validation_threshold,uniform,3,0.30000000000000004,0.4,0,0,,
1,recipient_full_weight_2,Recipient,2.0,52,Isotonic,validation_threshold,uniform,4,0.4,0.5,0,0,,
1,recipient_full_weight_2,Recipient,2.0,52,Isotonic,validation_threshold,uniform,5,0.5,0.6000000000000001,114,27,0.5655172413793101,0.23684210526315788
1,recipient_full_weight_2,Recipient,2.0,52,Isotonic,validation_threshold,uniform,6,0.6000000000000001,0.7000000000000001,0,0,,
1,recipient_full_weight_2,Recipient,2.0,52,Isotonic,validation_threshold,uniform,7,0.7000000000000001,0.8,0,0,,
1,recipient_full_weight_2,Recipient,2.0,52,Isotonic,validation_threshold,uniform,8,0.8,0.9,0,0,,
1,recipient_full_weight_2,Recipient,2.0,52,Isotonic,validation_threshold,uniform,9,0.9,1.0,0,0,,
1,recipient_full_weight_2,Recipient,2.0,52,Isotonic,validation_threshold,quantile,0,7.90363883531978e-05,0.00016566233873806712,197834,10,7.903638835319779e-05,5.054742865230446e-05
1,recipient_full_weight_2,Recipient,2.0,52,Isotonic,validation_threshold,quantile,1,0.00016566233873806712,0.0005342864512325435,55976,11,0.00017759801284024314,0.00019651279119622695
1,recipient_full_weight_2,Recipient,2.0,52,Isotonic,validation_threshold,quantile,2,0.0005342864512325435,0.5655172413793104,77093,133,0.002522078437214577,0.0017251890573722647
1,recipient_full_weight_2,Recipient,2.0,52,Isotonic,test,uniform,0,0.0,0.1,642412,329,0.0004991952065407124,0.0005121324010136797
1,recipient_full_weight_2,Recipient,2.0,52,Isotonic,test,uniform,1,0.1,0.2,0,0,,
1,recipient_full_weight_2,Recipient,2.0,52,Isotonic,test,uniform,2,0.2,0.30000000000000004,0,0,,
1,recipient_full_weight_2,Recipient,2.0,52,Isotonic,test,uniform,3,0.30000000000000004,0.4,0,0,,
1,recipient_full_weight_2,Recipient,2.0,52,Isotonic,test,uniform,4,0.4,0.5,3,2,0.4913788798484653,0.6666666666666666
1,recipient_full_weight_2,Recipient,2.0,52,Isotonic,test,uniform,5,0.5,0.6000000000000001,246,167,0.5655128524163968,0.6788617886178862
1,recipient_full_weight_2,Recipient,2.0,52,Isotonic,test,uniform,6,0.6000000000000001,0.7000000000000001,0,0,,
1,recipient_full_weight_2,Recipient,2.0,52,Isotonic,test,uniform,7,0.7000000000000001,0.8,0,0,,
1,recipient_full_weight_2,Recipient,2.0,52,Isotonic,test,uniform,8,0.8,0.9,0,0,,
1,recipient_full_weight_2,Recipient,2.0,52,Isotonic,test,uniform,9,0.9,1.0,0,0,,
1,recipient_full_weight_2,Recipient,2.0,52,Isotonic,test,quantile,0,7.90363883531978e-05,0.00016566233873806712,385462,26,7.90363883531978e-05,6.745152570162558e-05
1,recipient_full_weight_2,Recipient,2.0,52,Isotonic,test,quantile,1,0.00016566233873806712,0.0005342864512325435,94633,16,0.00017673544340692993,0.0001690742130123741
1,recipient_full_weight_2,Recipient,2.0,52,Isotonic,test,quantile,2,0.0005342864512325435,0.5655172413793104,162566,456,0.0025472039652503164,0.0028050145786941917
1,recipient_full_weight_2,Recipient,2.0,62,Uncalibrated,validation_threshold,uniform,0,0.0,0.1,330651,125,0.0004856978777763829,0.00037804210481746616
1,recipient_full_weight_2,Recipient,2.0,62,Uncalibrated,validation_threshold,uniform,1,0.1,0.2,104,6,0.13273515987442414,0.057692307692307696
1,recipient_full_weight_2,Recipient,2.0,62,Uncalibrated,validation_threshold,uniform,2,0.2,0.30000000000000004,3,0,0.2152028099117448,0.0
1,recipient_full_weight_2,Recipient,2.0,62,Uncalibrated,validation_threshold,uniform,3,0.30000000000000004,0.4,0,0,,
1,recipient_full_weight_2,Recipient,2.0,62,Uncalibrated,validation_threshold,uniform,4,0.4,0.5,3,0,0.4536043120827633,0.0
1,recipient_full_weight_2,Recipient,2.0,62,Uncalibrated,validation_threshold,uniform,5,0.5,0.6000000000000001,6,0,0.5318486149438719,0.0
1,recipient_full_weight_2,Recipient,2.0,62,Uncalibrated,validation_threshold,uniform,6,0.6000000000000001,0.7000000000000001,2,0,0.650328612415415,0.0
1,recipient_full_weight_2,Recipient,2.0,62,Uncalibrated,validation_threshold,uniform,7,0.7000000000000001,0.8,13,0,0.7410163229810736,0.0
1,recipient_full_weight_2,Recipient,2.0,62,Uncalibrated,validation_threshold,uniform,8,0.8,0.9,3,0,0.8614736471264294,0.0
1,recipient_full_weight_2,Recipient,2.0,62,Uncalibrated,validation_threshold,uniform,9,0.9,1.0,118,23,0.9876225093616502,0.19491525423728814
1,recipient_full_weight_2,Recipient,2.0,62,Uncalibrated,validation_threshold,quantile,0,0.0,2.6994250977971966e-05,32126,16,6.4090909900009985e-06,0.0004980389715495238
1,recipient_full_weight_2,Recipient,2.0,62,Uncalibrated,validation_threshold,quantile,1,2.6994250977971966e-05,4.005911117698198e-05,26786,4,3.162566425049603e-05,0.00014933174046143508
1,recipient_full_weight_2,Recipient,2.0,62,Uncalibrated,validation_threshold,quantile,2,4.005911117698198e-05,4.0538735895465953e-05,16462,0,4.005932655760558e-05,0.0
1,recipient_full_weight_2,Recipient,2.0,62,Uncalibrated,validation_threshold,quantile,3,4.0538735895465953e-05,4.2477657568030585e-05,71017,0,4.0680479109740986e-05,0.0
1,recipient_full_weight_2,Recipient,2.0,62,Uncalibrated,validation_threshold,quantile,4,4.2477657568030585e-05,6.91334563631975e-05,51867,0,4.746599988104058e-05,0.0
1,recipient_full_weight_2,Recipient,2.0,62,Uncalibrated,validation_threshold,quantile,5,6.91334563631975e-05,0.00042053145701089823,33372,2,0.00023230516422639508,5.9930480642454755e-05
1,recipient_full_weight_2,Recipient,2.0,62,Uncalibrated,validation_threshold,quantile,6,0.00042053145701089823,0.0005011342899801651,33029,8,0.0004640557600145848,0.0002422113899906143
1,recipient_full_weight_2,Recipient,2.0,62,Uncalibrated,validation_threshold,quantile,7,0.0005011342899801651,0.0007023129660687156,27467,6,0.0006417056984485424,0.00021844395092292568
1,recipient_full_weight_2,Recipient,2.0,62,Uncalibrated,validation_threshold,quantile,8,0.0007023129660687156,1.0,38777,118,0.006753675744518067,0.00304304097789927
1,recipient_full_weight_2,Recipient,2.0,62,Uncalibrated,test,uniform,0,0.0,0.1,642100,285,0.0005149559079022602,0.00044385609718112444
1,recipient_full_weight_2,Recipient,2.0,62,Uncalibrated,test,uniform,1,0.1,0.2,174,22,0.13145213963381852,0.12643678160919541
1,recipient_full_weight_2,Recipient,2.0,62,Uncalibrated,test,uniform,2,0.2,0.30000000000000004,6,0,0.2258306213179803,0.0
1,recipient_full_weight_2,Recipient,2.0,62,Uncalibrated,test,uniform,3,0.30000000000000004,0.4,4,1,0.3531489209466265,0.25
1,recipient_full_weight_2,Recipient,2.0,62,Uncalibrated,test,uniform,4,0.4,0.5,7,5,0.42544709608473924,0.7142857142857143
1,recipient_full_weight_2,Recipient,2.0,62,Uncalibrated,test,uniform,5,0.5,0.6000000000000001,2,0,0.5163255705087517,0.0
1,recipient_full_weight_2,Recipient,2.0,62,Uncalibrated,test,uniform,6,0.6000000000000001,0.7000000000000001,13,2,0.6543541754071881,0.15384615384615385
1,recipient_full_weight_2,Recipient,2.0,62,Uncalibrated,test,uniform,7,0.7000000000000001,0.8,35,0,0.7451219970150039,0.0
1,recipient_full_weight_2,Recipient,2.0,62,Uncalibrated,test,uniform,8,0.8,0.9,23,3,0.8451251656659361,0.13043478260869565
1,recipient_full_weight_2,Recipient,2.0,62,Uncalibrated,test,uniform,9,0.9,1.0,297,180,0.9912162462997391,0.6060606060606061
1,recipient_full_weight_2,Recipient,2.0,62,Uncalibrated,test,quantile,0,0.0,2.7784448072141202e-05,61514,34,8.06929420009064e-06,0.0005527197060831681
1,recipient_full_weight_2,Recipient,2.0,62,Uncalibrated,test,quantile,1,2.7784448072141202e-05,4.005911117698198e-05,44753,0,3.280789111365872e-05,0.0
1,recipient_full_weight_2,Recipient,2.0,62,Uncalibrated,test,quantile,2,4.005911117698198e-05,4.0538735895465953e-05,36245,0,4.005931452640121e-05,0.0
1,recipient_full_weight_2,Recipient,2.0,62,Uncalibrated,test,quantile,3,4.0538735895465953e-05,4.2477657568030585e-05,155838,0,4.060240692646245e-05,0.0
1,recipient_full_weight_2,Recipient,2.0,62,Uncalibrated,test,quantile,4,4.2477657568030585e-05,6.810285066776117e-05,74672,1,4.4305603403937666e-05,1.3391900578530104e-05
1,recipient_full_weight_2,Recipient,2.0,62,Uncalibrated,test,quantile,5,6.810285066776117e-05,0.00043243300498595156,76277,12,0.00020130584853011803,0.00015732134195104683
1,recipient_full_weight_2,Recipient,2.0,62,Uncalibrated,test,quantile,6,0.00043243300498595156,0.0005620761242154821,64793,13,0.000474754028206778,0.00020063895791212015
1,recipient_full_weight_2,Recipient,2.0,62,Uncalibrated,test,quantile,7,0.0005620761242154821,0.0007037661807380536,64064,26,0.0006700414613926875,0.00040584415584415587
1,recipient_full_weight_2,Recipient,2.0,62,Uncalibrated,test,quantile,8,0.0007037661807380536,1.0,64505,412,0.009404318380044418,0.006387101775056197
1,recipient_full_weight_2,Recipient,2.0,62,Platt,validation_threshold,uniform,0,0.0,0.1,330814,131,0.0004648081533477471,0.0003959929144473934
1,recipient_full_weight_2,Recipient,2.0,62,Platt,validation_threshold,uniform,1,0.1,0.2,3,0,0.14322482843380419,0.0
1,recipient_full_weight_2,Recipient,2.0,62,Platt,validation_threshold,uniform,2,0.2,0.30000000000000004,3,0,0.2331778705600275,0.0
1,recipient_full_weight_2,Recipient,2.0,62,Platt,validation_threshold,uniform,3,0.30000000000000004,0.4,0,0,,
1,recipient_full_weight_2,Recipient,2.0,62,Platt,validation_threshold,uniform,4,0.4,0.5,0,0,,
1,recipient_full_weight_2,Recipient,2.0,62,Platt,validation_threshold,uniform,5,0.5,0.6000000000000001,0,0,,
1,recipient_full_weight_2,Recipient,2.0,62,Platt,validation_threshold,uniform,6,0.6000000000000001,0.7000000000000001,83,23,0.6194512686913214,0.27710843373493976
1,recipient_full_weight_2,Recipient,2.0,62,Platt,validation_threshold,uniform,7,0.7000000000000001,0.8,0,0,,
1,recipient_full_weight_2,Recipient,2.0,62,Platt,validation_threshold,uniform,8,0.8,0.9,0,0,,
1,recipient_full_weight_2,Recipient,2.0,62,Platt,validation_threshold,uniform,9,0.9,1.0,0,0,,
1,recipient_full_weight_2,Recipient,2.0,62,Platt,validation_threshold,quantile,0,7.365001023521222e-05,0.0002428403697057172,32126,16,0.00012531126054151118,0.0004980389715495238
1,recipient_full_weight_2,Recipient,2.0,62,Platt,validation_threshold,quantile,1,0.0002428403697057172,0.00028014060168263255,26786,4,0.0002568524780642681,0.00014933174046143508
1,recipient_full_weight_2,Recipient,2.0,62,Platt,validation_threshold,quantile,2,0.00028014060168263255,0.0002813501154279878,16462,0,0.00028014114607649966,0.0
1,recipient_full_weight_2,Recipient,2.0,62,Platt,validation_threshold,quantile,3,0.0002813501154279878,0.00028614871918882976,71017,0,0.0002817017582376915,0.0
1,recipient_full_weight_2,Recipient,2.0,62,Platt,validation_threshold,quantile,4,0.00028614871918882976,0.0003413181931248269,51867,0,0.00029674331278060955,0.0
1,recipient_full_weight_2,Recipient,2.0,62,Platt,validation_threshold,quantile,5,0.0003413181931248269,0.0006561137107787944,33372,2,0.0005136110939096302,5.9930480642454755e-05
1,recipient_full_weight_2,Recipient,2.0,62,Platt,validation_threshold,quantile,6,0.0006561137107787944,0.0006991117825148879,33029,8,0.0006797967796257032,0.0002422113899906143
1,recipient_full_weight_2,Recipient,2.0,62,Platt,validation_threshold,quantile,7,0.0006991117825148879,0.0007899679389889594,27467,6,0.0007638810366436505,0.00021844395092292568
1,recipient_full_weight_2,Recipient,2.0,62,Platt,validation_threshold,quantile,8,0.0007899679389889594,0.6196809316820822,38777,118,0.0024452553678001566,0.00304304097789927
1,recipient_full_weight_2,Recipient,2.0,62,Platt,test,uniform,0,0.0,0.1,642411,322,0.00046875684956887437,0.0005012367471914398
1,recipient_full_weight_2,Recipient,2.0,62,Platt,test,uniform,1,0.1,0.2,6,0,0.15433968632873085,0.0
1,recipient_full_weight_2,Recipient,2.0,62,Platt,test,uniform,2,0.2,0.30000000000000004,0,0,,
1,recipient_full_weight_2,Recipient,2.0,62,Platt,test,uniform,3,0.30000000000000004,0.4,0,0,,
1,recipient_full_weight_2,Recipient,2.0,62,Platt,test,uniform,4,0.4,0.5,0,0,,
1,recipient_full_weight_2,Recipient,2.0,62,Platt,test,uniform,5,0.5,0.6000000000000001,0,0,,
1,recipient_full_weight_2,Recipient,2.0,62,Platt,test,uniform,6,0.6000000000000001,0.7000000000000001,244,176,0.6195989346808854,0.7213114754098361
1,recipient_full_weight_2,Recipient,2.0,62,Platt,test,uniform,7,0.7000000000000001,0.8,0,0,,
1,recipient_full_weight_2,Recipient,2.0,62,Platt,test,uniform,8,0.8,0.9,0,0,,
1,recipient_full_weight_2,Recipient,2.0,62,Platt,test,uniform,9,0.9,1.0,0,0,,
1,recipient_full_weight_2,Recipient,2.0,62,Platt,test,quantile,0,7.365001023521222e-05,0.00024538996125918113,61514,34,0.0001346117477193672,0.0005527197060831681
1,recipient_full_weight_2,Recipient,2.0,62,Platt,test,quantile,1,0.00024538996125918113,0.00028014060168263255,44753,0,0.00026039073876027154,0.0
1,recipient_full_weight_2,Recipient,2.0,62,Platt,test,quantile,2,0.00028014060168263255,0.0002813501154279878,36245,0,0.00028014111550256116,0.0
1,recipient_full_weight_2,Recipient,2.0,62,Platt,test,quantile,3,0.0002813501154279878,0.00028614871918882976,155838,0,0.00028150810407080826,0.0
1,recipient_full_weight_2,Recipient,2.0,62,Platt,test,quantile,4,0.00028614871918882976,0.00033946759068071173,74672,1,0.00029034917032850387,1.3391900578530104e-05
1,recipient_full_weight_2,Recipient,2.0,62,Platt,test,quantile,5,0.00033946759068071173,0.0006627755507968289,76277,12,0.00048034084121896943,0.00015732134195104683
1,recipient_full_weight_2,Recipient,2.0,62,Platt,test,quantile,6,0.0006627755507968289,0.0007287677681499684,64793,13,0.0006853442250312361,0.00020063895791212015
1,recipient_full_weight_2,Recipient,2.0,62,Platt,test,quantile,7,0.0007287677681499684,0.000790559329458871,64064,26,0.0007763802151439143,0.00040584415584415587
1,recipient_full_weight_2,Recipient,2.0,62,Platt,test,quantile,8,0.000790559329458871,0.6196809316820822,64505,412,0.003516349804916147,0.006387101775056197
1,recipient_full_weight_2,Recipient,2.0,62,Isotonic,validation_threshold,uniform,0,0.0,0.1,330829,131,0.0004570454385357114,0.00039597495987352984
1,recipient_full_weight_2,Recipient,2.0,62,Isotonic,validation_threshold,uniform,1,0.1,0.2,0,0,,
1,recipient_full_weight_2,Recipient,2.0,62,Isotonic,validation_threshold,uniform,2,0.2,0.30000000000000004,0,0,,
1,recipient_full_weight_2,Recipient,2.0,62,Isotonic,validation_threshold,uniform,3,0.30000000000000004,0.4,0,0,,
1,recipient_full_weight_2,Recipient,2.0,62,Isotonic,validation_threshold,uniform,4,0.4,0.5,0,0,,
1,recipient_full_weight_2,Recipient,2.0,62,Isotonic,validation_threshold,uniform,5,0.5,0.6000000000000001,74,23,0.5575757575757575,0.3108108108108108
1,recipient_full_weight_2,Recipient,2.0,62,Isotonic,validation_threshold,uniform,6,0.6000000000000001,0.7000000000000001,0,0,,
1,recipient_full_weight_2,Recipient,2.0,62,Isotonic,validation_threshold,uniform,7,0.7000000000000001,0.8,0,0,,
1,recipient_full_weight_2,Recipient,2.0,62,Isotonic,validation_threshold,uniform,8,0.8,0.9,0,0,,
1,recipient_full_weight_2,Recipient,2.0,62,Isotonic,validation_threshold,uniform,9,0.9,1.0,0,0,,
1,recipient_full_weight_2,Recipient,2.0,62,Isotonic,validation_threshold,quantile,0,0.00012732178622672092,0.00027918478044111194,222799,21,0.00012747296549236003,9.425536021256828e-05
1,recipient_full_weight_2,Recipient,2.0,62,Isotonic,validation_threshold,quantile,1,0.00027918478044111194,0.0004562043795620437,40992,9,0.0002956826188687301,0.00021955503512880562
1,recipient_full_weight_2,Recipient,2.0,62,Isotonic,validation_threshold,quantile,2,0.0004562043795620437,0.5575757575757576,67112,124,0.002264021639863774,0.0018476576469185838
1,recipient_full_weight_2,Recipient,2.0,62,Isotonic,test,uniform,0,0.0,0.1,642429,322,0.00048551218045692106,0.0005012227032092263
1,recipient_full_weight_2,Recipient,2.0,62,Isotonic,test,uniform,1,0.1,0.2,0,0,,
1,recipient_full_weight_2,Recipient,2.0,62,Isotonic,test,uniform,2,0.2,0.30000000000000004,0,0,,
1,recipient_full_weight_2,Recipient,2.0,62,Isotonic,test,uniform,3,0.30000000000000004,0.4,0,0,,
1,recipient_full_weight_2,Recipient,2.0,62,Isotonic,test,uniform,4,0.4,0.5,0,0,,
1,recipient_full_weight_2,Recipient,2.0,62,Isotonic,test,uniform,5,0.5,0.6000000000000001,232,176,0.5574424739809086,0.7586206896551724
1,recipient_full_weight_2,Recipient,2.0,62,Isotonic,test,uniform,6,0.6000000000000001,0.7000000000000001,0,0,,
1,recipient_full_weight_2,Recipient,2.0,62,Isotonic,test,uniform,7,0.7000000000000001,0.8,0,0,,
1,recipient_full_weight_2,Recipient,2.0,62,Isotonic,test,uniform,8,0.8,0.9,0,0,,
1,recipient_full_weight_2,Recipient,2.0,62,Isotonic,test,uniform,9,0.9,1.0,0,0,,
1,recipient_full_weight_2,Recipient,2.0,62,Isotonic,test,quantile,0,0.00012732178622672092,0.00027918478044111194,433505,43,0.0001274765706002317,9.919147414678032e-05
1,recipient_full_weight_2,Recipient,2.0,62,Isotonic,test,quantile,1,0.00027918478044111194,0.0004562043795620437,71129,13,0.000298643075385629,0.000182766522796609
1,recipient_full_weight_2,Recipient,2.0,62,Isotonic,test,quantile,2,0.0004562043795620437,0.0005223295899712719,73522,30,0.0004562043795620437,0.000408041130545959
1,recipient_full_weight_2,Recipient,2.0,62,Isotonic,test,quantile,3,0.0005223295899712719,0.5575757575757576,64505,412,0.005134311853360387,0.006387101775056197
1,recipient_full_weight_2,Recipient,2.0,72,Uncalibrated,validation_threshold,uniform,0,0.0,0.1,330740,134,0.0004090967363620447,0.0004051520832073532
1,recipient_full_weight_2,Recipient,2.0,72,Uncalibrated,validation_threshold,uniform,1,0.1,0.2,20,1,0.15414843810901382,0.05
1,recipient_full_weight_2,Recipient,2.0,72,Uncalibrated,validation_threshold,uniform,2,0.2,0.30000000000000004,39,0,0.2594258880849878,0.0
1,recipient_full_weight_2,Recipient,2.0,72,Uncalibrated,validation_threshold,uniform,3,0.30000000000000004,0.4,19,0,0.36384059034796185,0.0
1,recipient_full_weight_2,Recipient,2.0,72,Uncalibrated,validation_threshold,uniform,4,0.4,0.5,4,0,0.43441938745289177,0.0
1,recipient_full_weight_2,Recipient,2.0,72,Uncalibrated,validation_threshold,uniform,5,0.5,0.6000000000000001,0,0,,
1,recipient_full_weight_2,Recipient,2.0,72,Uncalibrated,validation_threshold,uniform,6,0.6000000000000001,0.7000000000000001,2,0,0.6359852602754088,0.0
1,recipient_full_weight_2,Recipient,2.0,72,Uncalibrated,validation_threshold,uniform,7,0.7000000000000001,0.8,0,0,,
1,recipient_full_weight_2,Recipient,2.0,72,Uncalibrated,validation_threshold,uniform,8,0.8,0.9,1,0,0.892411896755518,0.0
1,recipient_full_weight_2,Recipient,2.0,72,Uncalibrated,validation_threshold,uniform,9,0.9,1.0,78,19,0.9966686142794728,0.24358974358974358
1,recipient_full_weight_2,Recipient,2.0,72,Uncalibrated,validation_threshold,quantile,0,0.0,5.199923095106266e-06,26050,27,8.6268351089247e-07,0.001036468330134357
1,recipient_full_weight_2,Recipient,2.0,72,Uncalibrated,validation_threshold,quantile,1,5.199923095106266e-06,5.41531876946242e-06,44577,0,5.200912693959144e-06,0.0
1,recipient_full_weight_2,Recipient,2.0,72,Uncalibrated,validation_threshold,quantile,2,5.41531876946242e-06,7.467424437779437e-06,61517,0,5.972852201729683e-06,0.0
1,recipient_full_weight_2,Recipient,2.0,72,Uncalibrated,validation_threshold,quantile,3,7.467424437779437e-06,8.7051120085305e-06,33300,0,7.959334744961855e-06,0.0
1,recipient_full_weight_2,Recipient,2.0,72,Uncalibrated,validation_threshold,quantile,4,8.7051120085305e-06,4.241612711406732e-05,33071,2,2.052548715659649e-05,6.0475945692600767e-05
1,recipient_full_weight_2,Recipient,2.0,72,Uncalibrated,validation_threshold,quantile,5,4.241612711406732e-05,0.0003771357264655425,31699,4,0.0001704288273230956,0.0001261869459604404
1,recipient_full_weight_2,Recipient,2.0,72,Uncalibrated,validation_threshold,quantile,6,0.0003771357264655425,0.00042786148541424377,34508,13,0.0004129733211757981,0.000376724237857888
1,recipient_full_weight_2,Recipient,2.0,72,Uncalibrated,validation_threshold,quantile,7,0.00042786148541424377,0.0004873564192874838,33054,10,0.0004574328425165645,0.00030253524535608396
1,recipient_full_weight_2,Recipient,2.0,72,Uncalibrated,validation_threshold,quantile,8,0.0004873564192874838,1.0,33127,98,0.006059152170922196,0.002958311950976545
1,recipient_full_weight_2,Recipient,2.0,72,Uncalibrated,test,uniform,0,0.0,0.1,642104,301,0.00042416803508956927,0.0004687714139765521
1,recipient_full_weight_2,Recipient,2.0,72,Uncalibrated,test,uniform,1,0.1,0.2,84,5,0.1533397099885958,0.05952380952380952
1,recipient_full_weight_2,Recipient,2.0,72,Uncalibrated,test,uniform,2,0.2,0.30000000000000004,96,1,0.2622481339596115,0.010416666666666666
1,recipient_full_weight_2,Recipient,2.0,72,Uncalibrated,test,uniform,3,0.30000000000000004,0.4,74,5,0.3656723870023384,0.06756756756756757
1,recipient_full_weight_2,Recipient,2.0,72,Uncalibrated,test,uniform,4,0.4,0.5,10,1,0.4391859124597726,0.1
1,recipient_full_weight_2,Recipient,2.0,72,Uncalibrated,test,uniform,5,0.5,0.6000000000000001,7,2,0.5540602097032836,0.2857142857142857
1,recipient_full_weight_2,Recipient,2.0,72,Uncalibrated,test,uniform,6,0.6000000000000001,0.7000000000000001,25,10,0.6436790668248432,0.4
1,recipient_full_weight_2,Recipient,2.0,72,Uncalibrated,test,uniform,7,0.7000000000000001,0.8,8,7,0.7442912056851341,0.875
1,recipient_full_weight_2,Recipient,2.0,72,Uncalibrated,test,uniform,8,0.8,0.9,17,11,0.8625480704592838,0.6470588235294118
1,recipient_full_weight_2,Recipient,2.0,72,Uncalibrated,test,uniform,9,0.9,1.0,236,155,0.9863165452322661,0.6567796610169492
1,recipient_full_weight_2,Recipient,2.0,72,Uncalibrated,test,quantile,0,0.0,5.199923095106266e-06,44821,57,1.3017239101086067e-06,0.001271725307333616
1,recipient_full_weight_2,Recipient,2.0,72,Uncalibrated,test,quantile,1,5.199923095106266e-06,5.41531876946242e-06,101195,0,5.200563505346849e-06,0.0
1,recipient_full_weight_2,Recipient,2.0,72,Uncalibrated,test,quantile,2,5.41531876946242e-06,7.415689189639875e-06,111043,0,5.844462536364957e-06,0.0
1,recipient_full_weight_2,Recipient,2.0,72,Uncalibrated,test,quantile,3,7.415689189639875e-06,8.496804579051258e-06,57314,0,7.828184213668264e-06,0.0
1,recipient_full_weight_2,Recipient,2.0,72,Uncalibrated,test,quantile,4,8.496804579051258e-06,4.4609760673098436e-05,71220,1,1.9666873741970026e-05,1.4040999719180006e-05
1,recipient_full_weight_2,Recipient,2.0,72,Uncalibrated,test,quantile,5,4.4609760673098436e-05,0.00038724457149143764,64206,15,0.00017551585494050191,0.00023362302588543127
1,recipient_full_weight_2,Recipient,2.0,72,Uncalibrated,test,quantile,6,0.00038724457149143764,0.00043211601629517156,64220,29,0.00041766877909210165,0.0004515727187791965
1,recipient_full_weight_2,Recipient,2.0,72,Uncalibrated,test,quantile,7,0.00043211601629517156,0.00048749507030747496,64307,23,0.0004604500008536457,0.0003576593527920755
1,recipient_full_weight_2,Recipient,2.0,72,Uncalibrated,test,quantile,8,0.00048749507030747496,1.0,64335,373,0.008462605956300405,0.005797777259656485
1,recipient_full_weight_2,Recipient,2.0,72,Platt,validation_threshold,uniform,0,0.0,0.1,330831,135,0.0005543278229159685,0.00040806333142903776
1,recipient_full_weight_2,Recipient,2.0,72,Platt,validation_threshold,uniform,1,0.1,0.2,2,0,0.14390086174905647,0.0
1,recipient_full_weight_2,Recipient,2.0,72,Platt,validation_threshold,uniform,2,0.2,0.30000000000000004,0,0,,
1,recipient_full_weight_2,Recipient,2.0,72,Platt,validation_threshold,uniform,3,0.30000000000000004,0.4,3,0,0.3450752117321267,0.0
1,recipient_full_weight_2,Recipient,2.0,72,Platt,validation_threshold,uniform,4,0.4,0.5,0,0,,
1,recipient_full_weight_2,Recipient,2.0,72,Platt,validation_threshold,uniform,5,0.5,0.6000000000000001,0,0,,
1,recipient_full_weight_2,Recipient,2.0,72,Platt,validation_threshold,uniform,6,0.6000000000000001,0.7000000000000001,0,0,,
1,recipient_full_weight_2,Recipient,2.0,72,Platt,validation_threshold,uniform,7,0.7000000000000001,0.8,67,19,0.7999033891570209,0.2835820895522388
1,recipient_full_weight_2,Recipient,2.0,72,Platt,validation_threshold,uniform,8,0.8,0.9,0,0,,
1,recipient_full_weight_2,Recipient,2.0,72,Platt,validation_threshold,uniform,9,0.9,1.0,0,0,,
1,recipient_full_weight_2,Recipient,2.0,72,Platt,validation_threshold,quantile,0,9.741191888776291e-05,0.00018357988678172822,26050,27,0.0001101810772724368,0.001036468330134357
1,recipient_full_weight_2,Recipient,2.0,72,Platt,validation_threshold,quantile,1,0.00018357988678172822,0.00018646625313675728,44577,0,0.00018359320873944022,0.0
1,recipient_full_weight_2,Recipient,2.0,72,Platt,validation_threshold,quantile,2,0.00018646625313675728,0.00021097730035787575,61517,0,0.00019330647102907067,0.0
1,recipient_full_weight_2,Recipient,2.0,72,Platt,validation_threshold,quantile,3,0.00021097730035787575,0.00022378690844277293,33300,0,0.00021616487148448774,0.0
1,recipient_full_weight_2,Recipient,2.0,72,Platt,validation_threshold,quantile,4,0.00022378690844277293,0.0004112938369978529,33071,2,0.00029997487649052843,6.0475945692600767e-05
1,recipient_full_weight_2,Recipient,2.0,72,Platt,validation_threshold,quantile,5,0.0004112938369978529,0.0009523200759143225,31699,4,0.0006601163507669944,0.0001261869459604404
1,recipient_full_weight_2,Recipient,2.0,72,Platt,validation_threshold,quantile,6,0.0009523200759143225,0.000999630862697615,34508,13,0.0009859653002468828,0.000376724237857888
1,recipient_full_weight_2,Recipient,2.0,72,Platt,validation_threshold,quantile,7,0.000999630862697615,0.001050906896437476,33054,10,0.001025482557066723,0.00030253524535608396
1,recipient_full_weight_2,Recipient,2.0,72,Platt,validation_threshold,quantile,8,0.001050906896437476,0.7999033891570206,33127,98,0.00330231286026775,0.002958311950976545
1,recipient_full_weight_2,Recipient,2.0,72,Platt,test,uniform,0,0.0,0.1,642483,360,0.000564649294708663,0.0005603261097959012
1,recipient_full_weight_2,Recipient,2.0,72,Platt,test,uniform,1,0.1,0.2,17,14,0.15676054160619712,0.8235294117647058
1,recipient_full_weight_2,Recipient,2.0,72,Platt,test,uniform,2,0.2,0.30000000000000004,11,1,0.2247938880898814,0.09090909090909091
1,recipient_full_weight_2,Recipient,2.0,72,Platt,test,uniform,3,0.30000000000000004,0.4,7,6,0.35426006968299173,0.8571428571428571
1,recipient_full_weight_2,Recipient,2.0,72,Platt,test,uniform,4,0.4,0.5,4,4,0.4213747732110681,1.0
1,recipient_full_weight_2,Recipient,2.0,72,Platt,test,uniform,5,0.5,0.6000000000000001,0,0,,
1,recipient_full_weight_2,Recipient,2.0,72,Platt,test,uniform,6,0.6000000000000001,0.7000000000000001,0,0,,
1,recipient_full_weight_2,Recipient,2.0,72,Platt,test,uniform,7,0.7000000000000001,0.8,139,113,0.799710471612658,0.8129496402877698
1,recipient_full_weight_2,Recipient,2.0,72,Platt,test,uniform,8,0.8,0.9,0,0,,
1,recipient_full_weight_2,Recipient,2.0,72,Platt,test,uniform,9,0.9,1.0,0,0,,
1,recipient_full_weight_2,Recipient,2.0,72,Platt,test,quantile,0,9.741191888776291e-05,0.00018357988678172822,44821,57,0.00011751383056771058,0.001271725307333616
1,recipient_full_weight_2,Recipient,2.0,72,Platt,test,quantile,1,0.00018357988678172822,0.00018646625313675728,101195,0,0.00018358850978030607,0.0
1,recipient_full_weight_2,Recipient,2.0,72,Platt,test,quantile,2,0.00018646625313675728,0.00021041430143474681,111043,0,0.00019173991665637734,0.0
1,recipient_full_weight_2,Recipient,2.0,72,Platt,test,quantile,3,0.00021041430143474681,0.0002217133479947124,57314,0,0.00021481121234468546,0.0
1,recipient_full_weight_2,Recipient,2.0,72,Platt,test,quantile,4,0.0002217133479947124,0.0004193412920972106,71220,1,0.00029210266560372234,1.4040999719180006e-05
1,recipient_full_weight_2,Recipient,2.0,72,Platt,test,quantile,5,0.0004193412920972106,0.0009620476568461442,64206,15,0.0006682681653045219,0.00023362302588543127
1,recipient_full_weight_2,Recipient,2.0,72,Platt,test,quantile,6,0.0009620476568461442,0.001003438284909509,64220,29,0.0009903322901808028,0.0004515727187791965
1,recipient_full_weight_2,Recipient,2.0,72,Platt,test,quantile,7,0.001003438284909509,0.0010510217576488851,64307,23,0.0010281228404617653,0.0003576593527920755
1,recipient_full_weight_2,Recipient,2.0,72,Platt,test,quantile,8,0.0010510217576488851,0.7999033891570206,64335,373,0.0036118272331369973,0.005797777259656485
1,recipient_full_weight_2,Recipient,2.0,72,Isotonic,validation_threshold,uniform,0,0.0,0.1,330818,135,0.00048498221545318504,0.00040807936690264736
1,recipient_full_weight_2,Recipient,2.0,72,Isotonic,validation_threshold,uniform,1,0.1,0.2,2,0,0.1747767228486507,0.0
1,recipient_full_weight_2,Recipient,2.0,72,Isotonic,validation_threshold,uniform,2,0.2,0.30000000000000004,4,0,0.21329751941812833,0.0
1,recipient_full_weight_2,Recipient,2.0,72,Isotonic,validation_threshold,uniform,3,0.30000000000000004,0.4,0,0,,
1,recipient_full_weight_2,Recipient,2.0,72,Isotonic,validation_threshold,uniform,4,0.4,0.5,0,0,,
1,recipient_full_weight_2,Recipient,2.0,72,Isotonic,validation_threshold,uniform,5,0.5,0.6000000000000001,1,0,0.5,0.0
1,recipient_full_weight_2,Recipient,2.0,72,Isotonic,validation_threshold,uniform,6,0.6000000000000001,0.7000000000000001,78,19,0.6015625,0.24358974358974358
1,recipient_full_weight_2,Recipient,2.0,72,Isotonic,validation_threshold,uniform,7,0.7000000000000001,0.8,0,0,,
1,recipient_full_weight_2,Recipient,2.0,72,Isotonic,validation_threshold,uniform,8,0.8,0.9,0,0,,
1,recipient_full_weight_2,Recipient,2.0,72,Isotonic,validation_threshold,uniform,9,0.9,1.0,0,0,,
1,recipient_full_weight_2,Recipient,2.0,72,Isotonic,validation_threshold,quantile,0,0.00019527436047646945,0.00026743330881861334,226374,33,0.00019527436047646945,0.00014577645842720453
1,recipient_full_weight_2,Recipient,2.0,72,Isotonic,validation_threshold,quantile,1,0.00026743330881861334,0.00032029609594647497,16286,4,0.0002674333088186132,0.00024560972614515533
1,recipient_full_weight_2,Recipient,2.0,72,Isotonic,validation_threshold,quantile,2,0.00032029609594647497,0.0006915629322268327,53779,19,0.0003528481370350143,0.00035329775562952084
1,recipient_full_weight_2,Recipient,2.0,72,Isotonic,validation_threshold,quantile,3,0.0006915629322268327,0.6015625,34464,98,0.0041065804366189436,0.0028435468895078924
1,recipient_full_weight_2,Recipient,2.0,72,Isotonic,test,uniform,0,0.0,0.1,642360,312,0.0005152117892048408,0.0004857089482533159
1,recipient_full_weight_2,Recipient,2.0,72,Isotonic,test,uniform,1,0.1,0.2,2,0,0.16442243475929996,0.0
1,recipient_full_weight_2,Recipient,2.0,72,Isotonic,test,uniform,2,0.2,0.30000000000000004,39,13,0.2161635531300196,0.3333333333333333
1,recipient_full_weight_2,Recipient,2.0,72,Isotonic,test,uniform,3,0.30000000000000004,0.4,2,2,0.38994388276152614,1.0
1,recipient_full_weight_2,Recipient,2.0,72,Isotonic,test,uniform,4,0.4,0.5,0,0,,
1,recipient_full_weight_2,Recipient,2.0,72,Isotonic,test,uniform,5,0.5,0.6000000000000001,25,16,0.5,0.64
1,recipient_full_weight_2,Recipient,2.0,72,Isotonic,test,uniform,6,0.6000000000000001,0.7000000000000001,233,155,0.6015625,0.6652360515021459
1,recipient_full_weight_2,Recipient,2.0,72,Isotonic,test,uniform,7,0.7000000000000001,0.8,0,0,,
1,recipient_full_weight_2,Recipient,2.0,72,Isotonic,test,uniform,8,0.8,0.9,0,0,,
1,recipient_full_weight_2,Recipient,2.0,72,Isotonic,test,uniform,9,0.9,1.0,0,0,,
1,recipient_full_weight_2,Recipient,2.0,72,Isotonic,test,quantile,0,0.00019527436047646945,0.00026743330881861334,438422,69,0.00019527436047646945,0.00015738261309879522
1,recipient_full_weight_2,Recipient,2.0,72,Isotonic,test,quantile,1,0.00026743330881861334,0.00032029609594647497,28444,10,0.00026743330881861323,0.00035156799324989455
1,recipient_full_weight_2,Recipient,2.0,72,Isotonic,test,quantile,2,0.00032029609594647497,0.0006915629322268327,108514,45,0.00035276349169199297,0.0004146930350000922
1,recipient_full_weight_2,Recipient,2.0,72,Isotonic,test,quantile,3,0.0006915629322268327,0.6015625,67281,374,0.005375297519038328,0.005558775880263373
1,recipient_full_weight_2,Recipient,2.0,82,Uncalibrated,validation_threshold,uniform,0,0.0,0.1,330291,120,0.00038750415218085087,0.00036331598499504984
1,recipient_full_weight_2,Recipient,2.0,82,Uncalibrated,validation_threshold,uniform,1,0.1,0.2,232,10,0.14420904330938117,0.04310344827586207
1,recipient_full_weight_2,Recipient,2.0,82,Uncalibrated,validation_threshold,uniform,2,0.2,0.30000000000000004,104,1,0.2362061287750191,0.009615384615384616
1,recipient_full_weight_2,Recipient,2.0,82,Uncalibrated,validation_threshold,uniform,3,0.30000000000000004,0.4,63,0,0.34851991336876326,0.0
1,recipient_full_weight_2,Recipient,2.0,82,Uncalibrated,validation_threshold,uniform,4,0.4,0.5,23,2,0.4300096756231387,0.08695652173913043
1,recipient_full_weight_2,Recipient,2.0,82,Uncalibrated,validation_threshold,uniform,5,0.5,0.6000000000000001,11,0,0.5719733616306962,0.0
1,recipient_full_weight_2,Recipient,2.0,82,Uncalibrated,validation_threshold,uniform,6,0.6000000000000001,0.7000000000000001,10,1,0.6469871274564085,0.1
1,recipient_full_weight_2,Recipient,2.0,82,Uncalibrated,validation_threshold,uniform,7,0.7000000000000001,0.8,10,0,0.7696987250369794,0.0
1,recipient_full_weight_2,Recipient,2.0,82,Uncalibrated,validation_threshold,uniform,8,0.8,0.9,14,0,0.8779049396493691,0.0
1,recipient_full_weight_2,Recipient,2.0,82,Uncalibrated,validation_threshold,uniform,9,0.9,1.0,145,20,0.9932454040411169,0.13793103448275862
1,recipient_full_weight_2,Recipient,2.0,82,Uncalibrated,validation_threshold,quantile,0,0.0,1.2905103233988833e-06,33083,4,3.003360936117748e-07,0.00012090801922437505
1,recipient_full_weight_2,Recipient,2.0,82,Uncalibrated,validation_threshold,quantile,1,1.2905103233988833e-06,4.525468744661313e-06,32971,0,3.21449137393372e-06,0.0
1,recipient_full_weight_2,Recipient,2.0,82,Uncalibrated,validation_threshold,quantile,2,4.525468744661313e-06,1.4389663627881764e-05,26616,0,1.0067774693773868e-05,0.0
1,recipient_full_weight_2,Recipient,2.0,82,Uncalibrated,validation_threshold,quantile,3,1.4389663627881764e-05,1.6550252433358402e-05,38547,0,1.5258666071133517e-05,0.0
1,recipient_full_weight_2,Recipient,2.0,82,Uncalibrated,validation_threshold,quantile,4,1.6550252433358402e-05,2.439301694198707e-05,34234,0,1.819667268437047e-05,0.0
1,recipient_full_weight_2,Recipient,2.0,82,Uncalibrated,validation_threshold,quantile,5,2.439301694198707e-05,3.474671690677842e-05,27337,2,2.9456400732044882e-05,7.316091743790467e-05
1,recipient_full_weight_2,Recipient,2.0,82,Uncalibrated,validation_threshold,quantile,6,3.474671690677842e-05,0.00010195848968775535,38844,4,5.177986022506408e-05,0.00010297600659046442
1,recipient_full_weight_2,Recipient,2.0,82,Uncalibrated,validation_threshold,quantile,7,0.00010195848968775535,0.0002696524890064697,33090,7,0.00017714437029591726,0.00021154427319431852
1,recipient_full_weight_2,Recipient,2.0,82,Uncalibrated,validation_threshold,quantile,8,0.0002696524890064697,0.0006115935099163007,31653,16,0.00046852773111701144,0.0005054813129877105
1,recipient_full_weight_2,Recipient,2.0,82,Uncalibrated,validation_threshold,quantile,9,0.0006115935099163007,1.0,34528,121,0.010702162218815299,0.0035044022242817423
1,recipient_full_weight_2,Recipient,2.0,82,Uncalibrated,test,uniform,0,0.0,0.1,641263,269,0.0003910852491522201,0.00041948467321520187
1,recipient_full_weight_2,Recipient,2.0,82,Uncalibrated,test,uniform,1,0.1,0.2,446,33,0.14532068207282356,0.07399103139013453
1,recipient_full_weight_2,Recipient,2.0,82,Uncalibrated,test,uniform,2,0.2,0.30000000000000004,376,19,0.23967310398510727,0.05053191489361702
1,recipient_full_weight_2,Recipient,2.0,82,Uncalibrated,test,uniform,3,0.30000000000000004,0.4,113,5,0.3435730552016452,0.04424778761061947
1,recipient_full_weight_2,Recipient,2.0,82,Uncalibrated,test,uniform,4,0.4,0.5,31,4,0.4323497529733325,0.12903225806451613
1,recipient_full_weight_2,Recipient,2.0,82,Uncalibrated,test,uniform,5,0.5,0.6000000000000001,31,3,0.5177433713560305,0.0967741935483871
1,recipient_full_weight_2,Recipient,2.0,82,Uncalibrated,test,uniform,6,0.6000000000000001,0.7000000000000001,15,4,0.6485229990703532,0.26666666666666666
1,recipient_full_weight_2,Recipient,2.0,82,Uncalibrated,test,uniform,7,0.7000000000000001,0.8,25,6,0.7556070213124064,0.24
1,recipient_full_weight_2,Recipient,2.0,82,Uncalibrated,test,uniform,8,0.8,0.9,11,1,0.847532441466334,0.09090909090909091
1,recipient_full_weight_2,Recipient,2.0,82,Uncalibrated,test,uniform,9,0.9,1.0,350,154,0.9942695467839928,0.44
1,recipient_full_weight_2,Recipient,2.0,82,Uncalibrated,test,quantile,0,0.0,2.4599615865189317e-06,64158,5,7.150404254577262e-07,7.793260388416098e-05
1,recipient_full_weight_2,Recipient,2.0,82,Uncalibrated,test,quantile,1,2.4599615865189317e-06,5.17629877471558e-06,64262,0,3.886224940552737e-06,0.0
1,recipient_full_weight_2,Recipient,2.0,82,Uncalibrated,test,quantile,2,5.17629877471558e-06,1.4987582876474379e-05,64295,2,1.1344308282608739e-05,3.110661793296524e-05
1,recipient_full_weight_2,Recipient,2.0,82,Uncalibrated,test,quantile,3,1.4987582876474379e-05,1.5725287593632512e-05,53989,0,1.5274878738679003e-05,0.0
1,recipient_full_weight_2,Recipient,2.0,82,Uncalibrated,test,quantile,4,1.5725287593632512e-05,1.9415301320864472e-05,70643,0,1.669671968241135e-05,0.0
1,recipient_full_weight_2,Recipient,2.0,82,Uncalibrated,test,quantile,5,1.9415301320864472e-05,3.474671690677842e-05,64192,4,2.5878415960638538e-05,6.231306081754735e-05
1,recipient_full_weight_2,Recipient,2.0,82,Uncalibrated,test,quantile,6,3.474671690677842e-05,0.00012260255275916204,68324,8,6.429641922242944e-05,0.00011708916339792752
1,recipient_full_weight_2,Recipient,2.0,82,Uncalibrated,test,quantile,7,0.00012260255275916204,0.0003203764798182006,64252,18,0.00021421582004077025,0.0002801469214966071
1,recipient_full_weight_2,Recipient,2.0,82,Uncalibrated,test,quantile,8,0.0003203764798182006,0.0006115935099163007,47103,32,0.00048620854282396776,0.0006793622486890432
1,recipient_full_weight_2,Recipient,2.0,82,Uncalibrated,test,quantile,9,0.0006115935099163007,1.0,81443,429,0.009996948102803794,0.005267487690777599
1,recipient_full_weight_2,Recipient,2.0,82,Platt,validation_threshold,uniform,0,0.0,0.1,330780,137,0.00046177686286724706,0.00041417256182356855
1,recipient_full_weight_2,Recipient,2.0,82,Platt,validation_threshold,uniform,1,0.1,0.2,10,3,0.15851878778319184,0.3
1,recipient_full_weight_2,Recipient,2.0,82,Platt,validation_threshold,uniform,2,0.2,0.30000000000000004,8,0,0.23959258318814436,0.0
1,recipient_full_weight_2,Recipient,2.0,82,Platt,validation_threshold,uniform,3,0.30000000000000004,0.4,6,0,0.3695610643078751,0.0
1,recipient_full_weight_2,Recipient,2.0,82,Platt,validation_threshold,uniform,4,0.4,0.5,9,1,0.44078869022617,0.1111111111111111
1,recipient_full_weight_2,Recipient,2.0,82,Platt,validation_threshold,uniform,5,0.5,0.6000000000000001,5,0,0.5483110546390652,0.0
1,recipient_full_weight_2,Recipient,2.0,82,Platt,validation_threshold,uniform,6,0.6000000000000001,0.7000000000000001,85,13,0.6502288795502387,0.15294117647058825
1,recipient_full_weight_2,Recipient,2.0,82,Platt,validation_threshold,uniform,7,0.7000000000000001,0.8,0,0,,
1,recipient_full_weight_2,Recipient,2.0,82,Platt,validation_threshold,uniform,8,0.8,0.9,0,0,,
1,recipient_full_weight_2,Recipient,2.0,82,Platt,validation_threshold,uniform,9,0.9,1.0,0,0,,
1,recipient_full_weight_2,Recipient,2.0,82,Platt,validation_threshold,quantile,0,9.465302079700636e-05,0.00010369994979708557,33083,4,9.490116928750581e-05,0.00012090801922437505
1,recipient_full_weight_2,Recipient,2.0,82,Platt,validation_threshold,quantile,1,0.00010369994979708557,0.0001624821069431516,32971,0,0.000141963239634553,0.0
1,recipient_full_weight_2,Recipient,2.0,82,Platt,validation_threshold,quantile,2,0.0001624821069431516,0.0002458126996642484,26616,0,0.00021294053891275899,0.0
1,recipient_full_weight_2,Recipient,2.0,82,Platt,validation_threshold,quantile,3,0.0002458126996642484,0.00025843214943075126,38547,0,0.00025099363733167325,0.0
1,recipient_full_weight_2,Recipient,2.0,82,Platt,validation_threshold,quantile,4,0.00025843214943075126,0.0002969155583360876,34234,0,0.00026712416620120887,0.0
1,recipient_full_weight_2,Recipient,2.0,82,Platt,validation_threshold,quantile,5,0.0002969155583360876,0.00033698980974253046,27337,2,0.00031712080944859273,7.316091743790467e-05
1,recipient_full_weight_2,Recipient,2.0,82,Platt,validation_threshold,quantile,6,0.00033698980974253046,0.0004953443266379701,38844,4,0.00038199023938628116,0.00010297600659046442
1,recipient_full_weight_2,Recipient,2.0,82,Platt,validation_threshold,quantile,7,0.0004953443266379701,0.0007015171915636832,33090,7,0.0005975339628682916,0.00021154427319431852
1,recipient_full_weight_2,Recipient,2.0,82,Platt,validation_threshold,quantile,8,0.0007015171915636832,0.0009403692976033182,31653,16,0.0008477676471657709,0.0005054813129877105
1,recipient_full_weight_2,Recipient,2.0,82,Platt,validation_threshold,quantile,9,0.0009403692976033182,0.6514784846527151,34528,121,0.003418162479626943,0.0035044022242817423
1,recipient_full_weight_2,Recipient,2.0,82,Platt,test,uniform,0,0.0,0.1,642363,357,0.0004718553647844256,0.000555760527925799
1,recipient_full_weight_2,Recipient,2.0,82,Platt,test,uniform,1,0.1,0.2,14,5,0.13708182035692792,0.35714285714285715
1,recipient_full_weight_2,Recipient,2.0,82,Platt,test,uniform,2,0.2,0.30000000000000004,16,3,0.25342523023928676,0.1875
1,recipient_full_weight_2,Recipient,2.0,82,Platt,test,uniform,3,0.30000000000000004,0.4,13,2,0.35139490446533017,0.15384615384615385
1,recipient_full_weight_2,Recipient,2.0,82,Platt,test,uniform,4,0.4,0.5,18,1,0.45972393321364063,0.05555555555555555
1,recipient_full_weight_2,Recipient,2.0,82,Platt,test,uniform,5,0.5,0.6000000000000001,3,0,0.5359942419368792,0.0
1,recipient_full_weight_2,Recipient,2.0,82,Platt,test,uniform,6,0.6000000000000001,0.7000000000000001,234,130,0.650939709429264,0.5555555555555556
1,recipient_full_weight_2,Recipient,2.0,82,Platt,test,uniform,7,0.7000000000000001,0.8,0,0,,
1,recipient_full_weight_2,Recipient,2.0,82,Platt,test,uniform,8,0.8,0.9,0,0,,
1,recipient_full_weight_2,Recipient,2.0,82,Platt,test,uniform,9,0.9,1.0,0,0,,
1,recipient_full_weight_2,Recipient,2.0,82,Platt,test,quantile,0,9.465302079700636e-05,0.0001306336235180305,64158,5,0.00010070566342752076,7.793260388416098e-05
1,recipient_full_weight_2,Recipient,2.0,82,Platt,test,quantile,1,0.0001306336235180305,0.0001704869241974113,64262,0,0.0001533306145818332,0.0
1,recipient_full_weight_2,Recipient,2.0,82,Platt,test,quantile,2,0.0001704869241974113,0.00024942034788866425,64295,2,0.00022354027287443926,3.110661793296524e-05
1,recipient_full_weight_2,Recipient,2.0,82,Platt,test,quantile,3,0.00024942034788866425,0.0002537462449362962,53989,0,0.0002511108125255806,0.0
1,recipient_full_weight_2,Recipient,2.0,82,Platt,test,quantile,4,0.0002537462449362962,0.0002736283001493742,70643,0,0.00025914271289278606,0.0
1,recipient_full_weight_2,Recipient,2.0,82,Platt,test,quantile,5,0.0002736283001493742,0.00033698980974253046,64192,4,0.00030189286770269187,6.231306081754735e-05
1,recipient_full_weight_2,Recipient,2.0,82,Platt,test,quantile,6,0.00033698980974253046,0.0005291266142388896,68323,8,0.000409050580619241,0.00011709087715703351
1,recipient_full_weight_2,Recipient,2.0,82,Platt,test,quantile,7,0.0005291266142388896,0.000746143190092167,64253,18,0.000639819294930775,0.0002801425614368201
1,recipient_full_weight_2,Recipient,2.0,82,Platt,test,quantile,8,0.000746143190092167,0.0009403692976033182,47103,32,0.0008611377292674133,0.0006793622486890432
1,recipient_full_weight_2,Recipient,2.0,82,Platt,test,quantile,9,0.0009403692976033182,0.6514784846527151,81443,429,0.003490754253486191,0.005267487690777599
1,recipient_full_weight_2,Recipient,2.0,82,Isotonic,validation_threshold,uniform,0,0.0,0.1,330731,134,0.0004763072685854959,0.0004051631083871787
1,recipient_full_weight_2,Recipient,2.0,82,Isotonic,validation_threshold,uniform,1,0.1,0.2,97,9,0.12336753256113751,0.09278350515463918
1,recipient_full_weight_2,Recipient,2.0,82,Isotonic,validation_threshold,uniform,2,0.2,0.30000000000000004,44,5,0.24486418258161988,0.11363636363636363
1,recipient_full_weight_2,Recipient,2.0,82,Isotonic,validation_threshold,uniform,3,0.30000000000000004,0.4,0,0,,
1,recipient_full_weight_2,Recipient,2.0,82,Isotonic,validation_threshold,uniform,4,0.4,0.5,0,0,,
1,recipient_full_weight_2,Recipient,2.0,82,Isotonic,validation_threshold,uniform,5,0.5,0.6000000000000001,1,0,0.5,0.0
1,recipient_full_weight_2,Recipient,2.0,82,Isotonic,validation_threshold,uniform,6,0.6000000000000001,0.7000000000000001,30,6,0.6701030927835053,0.2
1,recipient_full_weight_2,Recipient,2.0,82,Isotonic,validation_threshold,uniform,7,0.7000000000000001,0.8,0,0,,
1,recipient_full_weight_2,Recipient,2.0,82,Isotonic,validation_threshold,uniform,8,0.8,0.9,0,0,,
1,recipient_full_weight_2,Recipient,2.0,82,Isotonic,validation_threshold,uniform,9,0.9,1.0,0,0,,
1,recipient_full_weight_2,Recipient,2.0,82,Isotonic,validation_threshold,quantile,0,3.850355917275103e-05,0.00016309887869520896,213609,6,3.8503931864670634e-05,2.808870412763507e-05
1,recipient_full_weight_2,Recipient,2.0,82,Isotonic,validation_threshold,quantile,1,0.00016309887869520896,0.0005354871817755863,41776,10,0.00029521340027139687,0.00023937188816545386
1,recipient_full_weight_2,Recipient,2.0,82,Isotonic,validation_threshold,quantile,2,0.0005354871817755863,0.6701030927835051,75518,138,0.002387718495334332,0.0018273789030429832
1,recipient_full_weight_2,Recipient,2.0,82,Isotonic,test,uniform,0,0.0,0.1,642266,333,0.0004887570439068317,0.000518476768192618
1,recipient_full_weight_2,Recipient,2.0,82,Isotonic,test,uniform,1,0.1,0.2,180,38,0.12215961636756198,0.2111111111111111
1,recipient_full_weight_2,Recipient,2.0,82,Isotonic,test,uniform,2,0.2,0.30000000000000004,35,3,0.25135468724375737,0.08571428571428572
1,recipient_full_weight_2,Recipient,2.0,82,Isotonic,test,uniform,3,0.30000000000000004,0.4,1,0,0.3531206573620929,0.0
1,recipient_full_weight_2,Recipient,2.0,82,Isotonic,test,uniform,4,0.4,0.5,3,0,0.48533824743721427,0.0
1,recipient_full_weight_2,Recipient,2.0,82,Isotonic,test,uniform,5,0.5,0.6000000000000001,12,9,0.5,0.75
1,recipient_full_weight_2,Recipient,2.0,82,Isotonic,test,uniform,6,0.6000000000000001,0.7000000000000001,164,115,0.6701030927835053,0.7012195121951219
1,recipient_full_weight_2,Recipient,2.0,82,Isotonic,test,uniform,7,0.7000000000000001,0.8,0,0,,
1,recipient_full_weight_2,Recipient,2.0,82,Isotonic,test,uniform,8,0.8,0.9,0,0,,
1,recipient_full_weight_2,Recipient,2.0,82,Isotonic,test,uniform,9,0.9,1.0,0,0,,
1,recipient_full_weight_2,Recipient,2.0,82,Isotonic,test,quantile,0,3.850355917275103e-05,0.00016309887869520896,410404,11,3.8503825327772034e-05,2.6802857671952514e-05
1,recipient_full_weight_2,Recipient,2.0,82,Isotonic,test,quantile,1,0.00016309887869520896,0.0005354871817755863,72047,16,0.00030697637845305425,0.00022207725512512664
1,recipient_full_weight_2,Recipient,2.0,82,Isotonic,test,quantile,2,0.0005354871817755863,0.6701030927835051,160210,471,0.002649556008423321,0.0029398913925472816
2,raw_safe,Raw,1.0,42,Uncalibrated,validation_threshold,uniform,0,0.0,0.1,329865,185,0.0006666906365002807,0.0005608354933078684
2,raw_safe,Raw,1.0,42,Uncalibrated,validation_threshold,uniform,1,0.1,0.2,0,0,,
2,raw_safe,Raw,1.0,42,Uncalibrated,validation_threshold,uniform,2,0.2,0.30000000000000004,0,0,,
2,raw_safe,Raw,1.0,42,Uncalibrated,validation_threshold,uniform,3,0.30000000000000004,0.4,0,0,,
2,raw_safe,Raw,1.0,42,Uncalibrated,validation_threshold,uniform,4,0.4,0.5,7,0,0.4119742810529371,0.0
2,raw_safe,Raw,1.0,42,Uncalibrated,validation_threshold,uniform,5,0.5,0.6000000000000001,11,0,0.5593454239283219,0.0
2,raw_safe,Raw,1.0,42,Uncalibrated,validation_threshold,uniform,6,0.6000000000000001,0.7000000000000001,0,0,,
2,raw_safe,Raw,1.0,42,Uncalibrated,validation_threshold,uniform,7,0.7000000000000001,0.8,0,0,,
2,raw_safe,Raw,1.0,42,Uncalibrated,validation_threshold,uniform,8,0.8,0.9,0,0,,
2,raw_safe,Raw,1.0,42,Uncalibrated,validation_threshold,uniform,9,0.9,1.0,46,45,0.9999271089393362,0.9782608695652174
2,raw_safe,Raw,1.0,42,Uncalibrated,validation_threshold,quantile,0,5.253992301243194e-170,6.860716914201593e-07,31159,0,6.310535116917846e-07,0.0
2,raw_safe,Raw,1.0,42,Uncalibrated,validation_threshold,quantile,1,6.860716914201593e-07,8.825862134847638e-07,34460,0,7.2505370054977e-07,0.0
2,raw_safe,Raw,1.0,42,Uncalibrated,validation_threshold,quantile,2,8.825862134847638e-07,1.587794188287211e-06,33111,0,1.0958449961583483e-06,0.0
2,raw_safe,Raw,1.0,42,Uncalibrated,validation_threshold,quantile,3,1.587794188287211e-06,1.6991483258893948e-06,30316,0,1.6498689405119923e-06,0.0
2,raw_safe,Raw,1.0,42,Uncalibrated,validation_threshold,quantile,4,1.6991483258893948e-06,1.7743055643233478e-06,35686,0,1.723380333250486e-06,0.0
2,raw_safe,Raw,1.0,42,Uncalibrated,validation_threshold,quantile,5,1.7743055643233478e-06,0.000292457134211288,32987,7,7.839613492490011e-05,0.0002122048079546488
2,raw_safe,Raw,1.0,42,Uncalibrated,validation_threshold,quantile,6,0.000292457134211288,0.00035129636659805103,29745,14,0.0003299775881498299,0.0004706673390485796
2,raw_safe,Raw,1.0,42,Uncalibrated,validation_threshold,quantile,7,0.00035129636659805103,0.00038127331408657257,36052,15,0.00036476025128527996,0.00041606568290247423
2,raw_safe,Raw,1.0,42,Uncalibrated,validation_threshold,quantile,8,0.00038127331408657257,0.0013620019129238358,33357,23,0.0005371295089130735,0.0006895104475822166
2,raw_safe,Raw,1.0,42,Uncalibrated,validation_threshold,quantile,9,0.0013620019129238358,1.0,33056,171,0.006996917967467009,0.005173039690222652
2,raw_safe,Raw,1.0,42,Uncalibrated,test,uniform,0,0.0,0.1,605434,267,0.0006014708331537121,0.0004410059560579683
2,raw_safe,Raw,1.0,42,Uncalibrated,test,uniform,1,0.1,0.2,0,0,,
2,raw_safe,Raw,1.0,42,Uncalibrated,test,uniform,2,0.2,0.30000000000000004,0,0,,
2,raw_safe,Raw,1.0,42,Uncalibrated,test,uniform,3,0.30000000000000004,0.4,0,0,,
2,raw_safe,Raw,1.0,42,Uncalibrated,test,uniform,4,0.4,0.5,11,0,0.41197428105293704,0.0
2,raw_safe,Raw,1.0,42,Uncalibrated,test,uniform,5,0.5,0.6000000000000001,26,8,0.5593454239283218,0.3076923076923077
2,raw_safe,Raw,1.0,42,Uncalibrated,test,uniform,6,0.6000000000000001,0.7000000000000001,0,0,,
2,raw_safe,Raw,1.0,42,Uncalibrated,test,uniform,7,0.7000000000000001,0.8,0,0,,
2,raw_safe,Raw,1.0,42,Uncalibrated,test,uniform,8,0.8,0.9,0,0,,
2,raw_safe,Raw,1.0,42,Uncalibrated,test,uniform,9,0.9,1.0,39,37,0.9999140259284479,0.9487179487179487
2,raw_safe,Raw,1.0,42,Uncalibrated,test,quantile,0,3.4338256829524934e-211,6.860716914201593e-07,57323,0,6.269260700364996e-07,0.0
2,raw_safe,Raw,1.0,42,Uncalibrated,test,quantile,1,6.860716914201593e-07,8.825862134847638e-07,63130,0,7.250508665716911e-07,0.0
2,raw_safe,Raw,1.0,42,Uncalibrated,test,quantile,2,8.825862134847638e-07,1.5814068313335198e-06,60468,0,1.0898589400620264e-06,0.0
2,raw_safe,Raw,1.0,42,Uncalibrated,test,quantile,3,1.5814068313335198e-06,1.6991483258893948e-06,53910,0,1.6492820928770413e-06,0.0
2,raw_safe,Raw,1.0,42,Uncalibrated,test,quantile,4,1.6991483258893948e-06,1.7743055643233478e-06,65818,0,1.7230295672383731e-06,0.0
2,raw_safe,Raw,1.0,42,Uncalibrated,test,quantile,5,1.7743055643233478e-06,0.0002977829387218009,62070,19,8.404077946688462e-05,0.0003061060093442887
2,raw_safe,Raw,1.0,42,Uncalibrated,test,quantile,6,0.0002977829387218009,0.0003521633578128968,60433,17,0.0003332309197470487,0.0002813032614631079
2,raw_safe,Raw,1.0,42,Uncalibrated,test,quantile,7,0.0003521633578128968,0.000382684937978,60919,19,0.00036672909208226357,0.00031188955826589405
2,raw_safe,Raw,1.0,42,Uncalibrated,test,quantile,8,0.000382684937978,0.0013291170950686046,60816,38,0.0005313536092159892,0.0006248355695869508
2,raw_safe,Raw,1.0,42,Uncalibrated,test,quantile,9,0.0013291170950686046,1.0,60623,219,0.005639149844430334,0.003612490308958646
2,raw_safe,Raw,1.0,42,Platt,validation_threshold,uniform,0,0.0,0.1,329865,185,0.0006570926622780788,0.0005608354933078684
2,raw_safe,Raw,1.0,42,Platt,validation_threshold,uniform,1,0.1,0.2,18,0,0.15516901593126864,0.0
2,raw_safe,Raw,1.0,42,Platt,validation_threshold,uniform,2,0.2,0.30000000000000004,0,0,,
2,raw_safe,Raw,1.0,42,Platt,validation_threshold,uniform,3,0.30000000000000004,0.4,0,0,,
2,raw_safe,Raw,1.0,42,Platt,validation_threshold,uniform,4,0.4,0.5,0,0,,
2,raw_safe,Raw,1.0,42,Platt,validation_threshold,uniform,5,0.5,0.6000000000000001,0,0,,
2,raw_safe,Raw,1.0,42,Platt,validation_threshold,uniform,6,0.6000000000000001,0.7000000000000001,0,0,,
2,raw_safe,Raw,1.0,42,Platt,validation_threshold,uniform,7,0.7000000000000001,0.8,0,0,,
2,raw_safe,Raw,1.0,42,Platt,validation_threshold,uniform,8,0.8,0.9,0,0,,
2,raw_safe,Raw,1.0,42,Platt,validation_threshold,uniform,9,0.9,1.0,46,45,0.9963975949096403,0.9782608695652174
2,raw_safe,Raw,1.0,42,Platt,validation_threshold,quantile,0,1.02129912570995e-05,1.4166406539310931e-05,98730,0,1.0484813097387834e-05,0.0
2,raw_safe,Raw,1.0,42,Platt,validation_threshold,quantile,1,1.4166406539310931e-05,1.486253766604638e-05,30316,0,1.4555759956848136e-05,0.0
2,raw_safe,Raw,1.0,42,Platt,validation_threshold,quantile,2,1.486253766604638e-05,1.532484519407621e-05,35686,0,1.5011882058438694e-05,0.0
2,raw_safe,Raw,1.0,42,Platt,validation_threshold,quantile,3,1.532484519407621e-05,0.0005679483468362124,32987,7,0.00017742494233368564,0.0002122048079546488
2,raw_safe,Raw,1.0,42,Platt,validation_threshold,quantile,4,0.0005679483468362124,0.0006466007897167748,29745,14,0.0006184560836445966,0.0004706673390485796
2,raw_safe,Raw,1.0,42,Platt,validation_threshold,quantile,5,0.0006466007897167748,0.0006851687500735906,36052,15,0.0006639957793445654,0.00041606568290247423
2,raw_safe,Raw,1.0,42,Platt,validation_threshold,quantile,6,0.0006851687500735906,0.001686543408184001,33357,23,0.000864673183554306,0.0006895104475822166
2,raw_safe,Raw,1.0,42,Platt,validation_threshold,quantile,7,0.001686543408184001,0.9996852722542409,33056,171,0.005637012301982978,0.005173039690222652
2,raw_safe,Raw,1.0,42,Platt,test,uniform,0,0.0,0.1,605434,267,0.0006201504446679767,0.0004410059560579683
2,raw_safe,Raw,1.0,42,Platt,test,uniform,1,0.1,0.2,37,8,0.16001741395391503,0.21621621621621623
2,raw_safe,Raw,1.0,42,Platt,test,uniform,2,0.2,0.30000000000000004,0,0,,
2,raw_safe,Raw,1.0,42,Platt,test,uniform,3,0.30000000000000004,0.4,0,0,,
2,raw_safe,Raw,1.0,42,Platt,test,uniform,4,0.4,0.5,0,0,,
2,raw_safe,Raw,1.0,42,Platt,test,uniform,5,0.5,0.6000000000000001,0,0,,
2,raw_safe,Raw,1.0,42,Platt,test,uniform,6,0.6000000000000001,0.7000000000000001,0,0,,
2,raw_safe,Raw,1.0,42,Platt,test,uniform,7,0.7000000000000001,0.8,0,0,,
2,raw_safe,Raw,1.0,42,Platt,test,uniform,8,0.8,0.9,0,0,,
2,raw_safe,Raw,1.0,42,Platt,test,uniform,9,0.9,1.0,39,37,0.995807498975994,0.9487179487179487
2,raw_safe,Raw,1.0,42,Platt,test,quantile,0,1.02129912570995e-05,1.4126050819260045e-05,180921,0,1.0471038367730395e-05,0.0
2,raw_safe,Raw,1.0,42,Platt,test,quantile,1,1.4126050819260045e-05,1.486253766604638e-05,53910,0,1.455203512463263e-05,0.0
2,raw_safe,Raw,1.0,42,Platt,test,quantile,2,1.486253766604638e-05,1.532484519407621e-05,65818,0,1.5009723989173528e-05,0.0
2,raw_safe,Raw,1.0,42,Platt,test,quantile,3,1.532484519407621e-05,0.0005752468005089904,62070,19,0.00018788570294692609,0.0003061060093442887
2,raw_safe,Raw,1.0,42,Platt,test,quantile,4,0.0005752468005089904,0.0006477294428380121,60433,17,0.0006227729073105719,0.0002813032614631079
2,raw_safe,Raw,1.0,42,Platt,test,quantile,5,0.0006477294428380121,0.0006869625803930623,60919,19,0.0006665348585724554,0.00031188955826589405
2,raw_safe,Raw,1.0,42,Platt,test,quantile,6,0.0006869625803930623,0.001657630726466533,60816,38,0.0008601333001490485,0.0006248355695869508
2,raw_safe,Raw,1.0,42,Platt,test,quantile,7,0.001657630726466533,0.9996852722542409,60623,219,0.0045253097935304834,0.003612490308958646
2,raw_safe,Raw,1.0,42,Isotonic,validation_threshold,uniform,0,0.0,0.1,329872,185,0.0006358105758991543,0.0005608235921812097
2,raw_safe,Raw,1.0,42,Isotonic,validation_threshold,uniform,1,0.1,0.2,11,0,0.1875,0.0
2,raw_safe,Raw,1.0,42,Isotonic,validation_threshold,uniform,2,0.2,0.30000000000000004,0,0,,
2,raw_safe,Raw,1.0,42,Isotonic,validation_threshold,uniform,3,0.30000000000000004,0.4,0,0,,
2,raw_safe,Raw,1.0,42,Isotonic,validation_threshold,uniform,4,0.4,0.5,0,0,,
2,raw_safe,Raw,1.0,42,Isotonic,validation_threshold,uniform,5,0.5,0.6000000000000001,0,0,,
2,raw_safe,Raw,1.0,42,Isotonic,validation_threshold,uniform,6,0.6000000000000001,0.7000000000000001,0,0,,
2,raw_safe,Raw,1.0,42,Isotonic,validation_threshold,uniform,7,0.7000000000000001,0.8,5,4,0.75,0.8
2,raw_safe,Raw,1.0,42,Isotonic,validation_threshold,uniform,8,0.8,0.9,0,0,,
2,raw_safe,Raw,1.0,42,Isotonic,validation_threshold,uniform,9,0.9,1.0,41,41,1.0,1.0
2,raw_safe,Raw,1.0,42,Isotonic,validation_threshold,quantile,0,0.0,0.00046108447067502766,186190,0,0.0,0.0
2,raw_safe,Raw,1.0,42,Isotonic,validation_threshold,quantile,1,0.00046108447067502766,0.0006666666666666666,77326,36,0.0004860056544462948,0.0004655613894421023
2,raw_safe,Raw,1.0,42,Isotonic,validation_threshold,quantile,2,0.0006666666666666666,0.0009056708931308346,18442,8,0.0007339577081446033,0.0004337924303220909
2,raw_safe,Raw,1.0,42,Isotonic,validation_threshold,quantile,3,0.0009056708931308346,1.0,47971,186,0.0042824224011108565,0.003877342561130683
2,raw_safe,Raw,1.0,42,Isotonic,test,uniform,0,0.0,0.1,605445,267,0.0006247984407613184,0.00044099794366127395
2,raw_safe,Raw,1.0,42,Isotonic,test,uniform,1,0.1,0.2,26,8,0.1875,0.3076923076923077
2,raw_safe,Raw,1.0,42,Isotonic,test,uniform,2,0.2,0.30000000000000004,0,0,,
2,raw_safe,Raw,1.0,42,Isotonic,test,uniform,3,0.30000000000000004,0.4,0,0,,
2,raw_safe,Raw,1.0,42,Isotonic,test,uniform,4,0.4,0.5,0,0,,
2,raw_safe,Raw,1.0,42,Isotonic,test,uniform,5,0.5,0.6000000000000001,0,0,,
2,raw_safe,Raw,1.0,42,Isotonic,test,uniform,6,0.6000000000000001,0.7000000000000001,0,0,,
2,raw_safe,Raw,1.0,42,Isotonic,test,uniform,7,0.7000000000000001,0.8,5,3,0.75,0.6
2,raw_safe,Raw,1.0,42,Isotonic,test,uniform,8,0.8,0.9,0,0,,
2,raw_safe,Raw,1.0,42,Isotonic,test,uniform,9,0.9,1.0,34,34,1.0,1.0
2,raw_safe,Raw,1.0,42,Isotonic,test,quantile,0,0.0,0.00046108447067502766,339891,1,0.0,2.9421196795443246e-06
2,raw_safe,Raw,1.0,42,Isotonic,test,quantile,1,0.00046108447067502766,0.0006666666666666666,142560,53,0.0004860416455819037,0.00037177328843995513
2,raw_safe,Raw,1.0,42,Isotonic,test,quantile,2,0.0006666666666666666,0.0009056708931308346,34273,15,0.000735036110271749,0.00043766229976949787
2,raw_safe,Raw,1.0,42,Isotonic,test,quantile,3,0.0009056708931308346,1.0,88786,243,0.003676526731300391,0.0027369179825648187
2,raw_safe,Raw,1.0,52,Uncalibrated,validation_threshold,uniform,0,0.0,0.1,329874,193,0.0008570677920769266,0.0005850718759283848
2,raw_safe,Raw,1.0,52,Uncalibrated,validation_threshold,uniform,1,0.1,0.2,0,0,,
2,raw_safe,Raw,1.0,52,Uncalibrated,validation_threshold,uniform,2,0.2,0.30000000000000004,0,0,,
2,raw_safe,Raw,1.0,52,Uncalibrated,validation_threshold,uniform,3,0.30000000000000004,0.4,0,0,,
2,raw_safe,Raw,1.0,52,Uncalibrated,validation_threshold,uniform,4,0.4,0.5,6,0,0.4892519741478298,0.0
2,raw_safe,Raw,1.0,52,Uncalibrated,validation_threshold,uniform,5,0.5,0.6000000000000001,0,0,,
2,raw_safe,Raw,1.0,52,Uncalibrated,validation_threshold,uniform,6,0.6000000000000001,0.7000000000000001,0,0,,
2,raw_safe,Raw,1.0,52,Uncalibrated,validation_threshold,uniform,7,0.7000000000000001,0.8,0,0,,
2,raw_safe,Raw,1.0,52,Uncalibrated,validation_threshold,uniform,8,0.8,0.9,0,0,,
2,raw_safe,Raw,1.0,52,Uncalibrated,validation_threshold,uniform,9,0.9,1.0,49,37,1.0,0.7551020408163265
2,raw_safe,Raw,1.0,52,Uncalibrated,validation_threshold,quantile,0,0.0,5.613561053128755e-14,26414,8,2.2761160108084728e-14,0.0003028696903157416
2,raw_safe,Raw,1.0,52,Uncalibrated,validation_threshold,quantile,1,5.613561053128755e-14,5.626789302992915e-14,36477,0,5.6137463485436915e-14,0.0
2,raw_safe,Raw,1.0,52,Uncalibrated,validation_threshold,quantile,2,5.626789302992915e-14,2.576162758562524e-07,33334,0,6.94207949991965e-08,0.0
2,raw_safe,Raw,1.0,52,Uncalibrated,validation_threshold,quantile,3,2.576162758562524e-07,2.9078682058721706e-07,34141,0,2.7409008665118997e-07,0.0
2,raw_safe,Raw,1.0,52,Uncalibrated,validation_threshold,quantile,4,2.9078682058721706e-07,6.49023384224797e-07,34592,0,3.862702322955523e-07,0.0
2,raw_safe,Raw,1.0,52,Uncalibrated,validation_threshold,quantile,5,6.49023384224797e-07,0.0002754059541244733,32401,5,5.585192830262981e-05,0.0001543162248078763
2,raw_safe,Raw,1.0,52,Uncalibrated,validation_threshold,quantile,6,0.0002754059541244733,0.000331380550934613,31265,15,0.00031371902545104785,0.00047976971053894133
2,raw_safe,Raw,1.0,52,Uncalibrated,validation_threshold,quantile,7,0.000331380550934613,0.00034391877396221866,34823,15,0.0003359464271176853,0.0004307497918042673
2,raw_safe,Raw,1.0,52,Uncalibrated,validation_threshold,quantile,8,0.00034391877396221866,0.0011427570505140234,32821,23,0.00040390308993691897,0.000700770847932726
2,raw_safe,Raw,1.0,52,Uncalibrated,validation_threshold,quantile,9,0.0011427570505140234,1.0,33661,164,0.008854805550563512,0.0048721071863581
2,raw_safe,Raw,1.0,52,Uncalibrated,test,uniform,0,0.0,0.1,605445,277,0.000814891052912633,0.0004575147205774265
2,raw_safe,Raw,1.0,52,Uncalibrated,test,uniform,1,0.1,0.2,0,0,,
2,raw_safe,Raw,1.0,52,Uncalibrated,test,uniform,2,0.2,0.30000000000000004,0,0,,
2,raw_safe,Raw,1.0,52,Uncalibrated,test,uniform,3,0.30000000000000004,0.4,0,0,,
2,raw_safe,Raw,1.0,52,Uncalibrated,test,uniform,4,0.4,0.5,11,0,0.4892519741478297,0.0
2,raw_safe,Raw,1.0,52,Uncalibrated,test,uniform,5,0.5,0.6000000000000001,0,0,,
2,raw_safe,Raw,1.0,52,Uncalibrated,test,uniform,6,0.6000000000000001,0.7000000000000001,0,0,,
2,raw_safe,Raw,1.0,52,Uncalibrated,test,uniform,7,0.7000000000000001,0.8,0,0,,
2,raw_safe,Raw,1.0,52,Uncalibrated,test,uniform,8,0.8,0.9,0,0,,
2,raw_safe,Raw,1.0,52,Uncalibrated,test,uniform,9,0.9,1.0,54,35,1.0,0.6481481481481481
2,raw_safe,Raw,1.0,52,Uncalibrated,test,quantile,0,0.0,5.613561053128755e-14,49054,10,2.2804000218297923e-14,0.00020385697394707873
2,raw_safe,Raw,1.0,52,Uncalibrated,test,quantile,1,5.613561053128755e-14,5.626789302992915e-14,66758,0,5.613753674716499e-14,0.0
2,raw_safe,Raw,1.0,52,Uncalibrated,test,quantile,2,5.626789302992915e-14,2.576162758562524e-07,62438,2,6.736764049037115e-08,3.2031775521317146e-05
2,raw_safe,Raw,1.0,52,Uncalibrated,test,quantile,3,2.576162758562524e-07,2.9078682058721706e-07,62376,0,2.7406394279118686e-07,0.0
2,raw_safe,Raw,1.0,52,Uncalibrated,test,quantile,4,2.9078682058721706e-07,6.3180121742462e-07,61268,0,3.760344274180959e-07,0.0
2,raw_safe,Raw,1.0,52,Uncalibrated,test,quantile,5,6.3180121742462e-07,0.00028985837748036184,60598,14,6.454266904796856e-05,0.00023103072708670252
2,raw_safe,Raw,1.0,52,Uncalibrated,test,quantile,6,0.00028985837748036184,0.000331380550934613,55976,23,0.000315273538035503,0.0004108903815921109
2,raw_safe,Raw,1.0,52,Uncalibrated,test,quantile,7,0.000331380550934613,0.0003485486642371577,65359,18,0.0003361337914389836,0.0002754020104346762
2,raw_safe,Raw,1.0,52,Uncalibrated,test,quantile,8,0.0003485486642371577,0.0011427570505140234,60643,29,0.000407885949595074,0.00047820853189980706
2,raw_safe,Raw,1.0,52,Uncalibrated,test,quantile,9,0.0011427570505140234,1.0,61040,216,0.007936524258042574,0.0035386631716906947
2,raw_safe,Raw,1.0,52,Platt,validation_threshold,uniform,0,0.0,0.1,329880,193,0.0006326724389453345,0.0005850612343882624
2,raw_safe,Raw,1.0,52,Platt,validation_threshold,uniform,1,0.1,0.2,0,0,,
2,raw_safe,Raw,1.0,52,Platt,validation_threshold,uniform,2,0.2,0.30000000000000004,0,0,,
2,raw_safe,Raw,1.0,52,Platt,validation_threshold,uniform,3,0.30000000000000004,0.4,0,0,,
2,raw_safe,Raw,1.0,52,Platt,validation_threshold,uniform,4,0.4,0.5,0,0,,
2,raw_safe,Raw,1.0,52,Platt,validation_threshold,uniform,5,0.5,0.6000000000000001,0,0,,
2,raw_safe,Raw,1.0,52,Platt,validation_threshold,uniform,6,0.6000000000000001,0.7000000000000001,0,0,,
2,raw_safe,Raw,1.0,52,Platt,validation_threshold,uniform,7,0.7000000000000001,0.8,0,0,,
2,raw_safe,Raw,1.0,52,Platt,validation_threshold,uniform,8,0.8,0.9,49,37,0.8121995445805471,0.7551020408163265
2,raw_safe,Raw,1.0,52,Platt,validation_threshold,uniform,9,0.9,1.0,0,0,,
2,raw_safe,Raw,1.0,52,Platt,validation_threshold,quantile,0,0.00010030426337354324,0.0008777820148520223,197359,13,0.0001349664773170739,6.586981085230468e-05
2,raw_safe,Raw,1.0,52,Platt,validation_threshold,quantile,1,0.0008777820148520223,0.0009427613761144543,31265,15,0.0009228781483226923,0.00047976971053894133
2,raw_safe,Raw,1.0,52,Platt,validation_threshold,quantile,2,0.0009427613761144543,0.0009563727888007588,34823,15,0.0009477424399578954,0.0004307497918042673
2,raw_safe,Raw,1.0,52,Platt,validation_threshold,quantile,3,0.0009563727888007588,0.0015202936101267384,32821,23,0.0010136472864664809,0.000700770847932726
2,raw_safe,Raw,1.0,52,Platt,validation_threshold,quantile,4,0.0015202936101267384,0.812199544580547,33661,164,0.0037652171641910305,0.0048721071863581
2,raw_safe,Raw,1.0,52,Platt,test,uniform,0,0.0,0.1,605456,277,0.0006243454020044937,0.00045750640839301287
2,raw_safe,Raw,1.0,52,Platt,test,uniform,1,0.1,0.2,0,0,,
2,raw_safe,Raw,1.0,52,Platt,test,uniform,2,0.2,0.30000000000000004,0,0,,
2,raw_safe,Raw,1.0,52,Platt,test,uniform,3,0.30000000000000004,0.4,0,0,,
2,raw_safe,Raw,1.0,52,Platt,test,uniform,4,0.4,0.5,0,0,,
2,raw_safe,Raw,1.0,52,Platt,test,uniform,5,0.5,0.6000000000000001,0,0,,
2,raw_safe,Raw,1.0,52,Platt,test,uniform,6,0.6000000000000001,0.7000000000000001,0,0,,
2,raw_safe,Raw,1.0,52,Platt,test,uniform,7,0.7000000000000001,0.8,0,0,,
2,raw_safe,Raw,1.0,52,Platt,test,uniform,8,0.8,0.9,54,35,0.8121995445805468,0.6481481481481481
2,raw_safe,Raw,1.0,52,Platt,test,uniform,9,0.9,1.0,0,0,,
2,raw_safe,Raw,1.0,52,Platt,test,quantile,0,0.00010030426337354324,0.0008952830289427654,362492,26,0.00013940832910541568,7.172572084349448e-05
2,raw_safe,Raw,1.0,52,Platt,test,quantile,1,0.0008952830289427654,0.0009427613761144543,55976,23,0.0009247110883768923,0.0004108903815921109
2,raw_safe,Raw,1.0,52,Platt,test,quantile,2,0.0009427613761144543,0.0009613218338575396,65359,18,0.0009479451541230614,0.0002754020104346762
2,raw_safe,Raw,1.0,52,Platt,test,quantile,3,0.0009613218338575396,0.0015202936101267384,60643,29,0.0010171395265574676,0.00047820853189980706
2,raw_safe,Raw,1.0,52,Platt,test,quantile,4,0.0015202936101267384,0.812199544580547,61040,216,0.003209981546018404,0.0035386631716906947
2,raw_safe,Raw,1.0,52,Isotonic,validation_threshold,uniform,0,0.0,0.1,329880,193,0.0006679389388134557,0.0005850612343882624
2,raw_safe,Raw,1.0,52,Isotonic,validation_threshold,uniform,1,0.1,0.2,0,0,,
2,raw_safe,Raw,1.0,52,Isotonic,validation_threshold,uniform,2,0.2,0.30000000000000004,0,0,,
2,raw_safe,Raw,1.0,52,Isotonic,validation_threshold,uniform,3,0.30000000000000004,0.4,0,0,,
2,raw_safe,Raw,1.0,52,Isotonic,validation_threshold,uniform,4,0.4,0.5,0,0,,
2,raw_safe,Raw,1.0,52,Isotonic,validation_threshold,uniform,5,0.5,0.6000000000000001,0,0,,
2,raw_safe,Raw,1.0,52,Isotonic,validation_threshold,uniform,6,0.6000000000000001,0.7000000000000001,49,37,0.6111111111111112,0.7551020408163265
2,raw_safe,Raw,1.0,52,Isotonic,validation_threshold,uniform,7,0.7000000000000001,0.8,0,0,,
2,raw_safe,Raw,1.0,52,Isotonic,validation_threshold,uniform,8,0.8,0.9,0,0,,
2,raw_safe,Raw,1.0,52,Isotonic,validation_threshold,uniform,9,0.9,1.0,0,0,,
2,raw_safe,Raw,1.0,52,Isotonic,validation_threshold,quantile,0,5.630345309077806e-05,0.0004997501249375313,185535,8,5.630345309077805e-05,4.3118549060824106e-05
2,raw_safe,Raw,1.0,52,Isotonic,validation_threshold,quantile,1,0.0004997501249375313,0.0015001500150015,107898,52,0.0005055618842308775,0.0004819366438673562
2,raw_safe,Raw,1.0,52,Isotonic,validation_threshold,quantile,2,0.0015001500150015,0.6111111111111112,36496,170,0.005076960878624685,0.004658044717229286
2,raw_safe,Raw,1.0,52,Isotonic,test,uniform,0,0.0,0.1,605456,277,0.0006540084327698393,0.00045750640839301287
2,raw_safe,Raw,1.0,52,Isotonic,test,uniform,1,0.1,0.2,0,0,,
2,raw_safe,Raw,1.0,52,Isotonic,test,uniform,2,0.2,0.30000000000000004,0,0,,
2,raw_safe,Raw,1.0,52,Isotonic,test,uniform,3,0.30000000000000004,0.4,0,0,,
2,raw_safe,Raw,1.0,52,Isotonic,test,uniform,4,0.4,0.5,0,0,,
2,raw_safe,Raw,1.0,52,Isotonic,test,uniform,5,0.5,0.6000000000000001,0,0,,
2,raw_safe,Raw,1.0,52,Isotonic,test,uniform,6,0.6000000000000001,0.7000000000000001,54,35,0.6111111111111113,0.6481481481481481
2,raw_safe,Raw,1.0,52,Isotonic,test,uniform,7,0.7000000000000001,0.8,0,0,,
2,raw_safe,Raw,1.0,52,Isotonic,test,uniform,8,0.8,0.9,0,0,,
2,raw_safe,Raw,1.0,52,Isotonic,test,uniform,9,0.9,1.0,0,0,,
2,raw_safe,Raw,1.0,52,Isotonic,test,quantile,0,5.630345309077806e-05,0.0004997501249375313,338783,12,5.630345309077806e-05,3.542090364628686e-05
2,raw_safe,Raw,1.0,52,Isotonic,test,quantile,1,0.0004997501249375313,0.0015001500150015,199864,80,0.0005056951092370581,0.0004002721850858584
2,raw_safe,Raw,1.0,52,Isotonic,test,quantile,2,0.0015001500150015,0.6111111111111112,66863,220,0.0046188240074493715,0.003290310036941208
2,raw_safe,Raw,1.0,62,Uncalibrated,validation_threshold,uniform,0,0.0,0.1,329759,185,0.0008704072024502878,0.000561015772124491
2,raw_safe,Raw,1.0,62,Uncalibrated,validation_threshold,uniform,1,0.1,0.2,41,0,0.15326752563953108,0.0
2,raw_safe,Raw,1.0,62,Uncalibrated,validation_threshold,uniform,2,0.2,0.30000000000000004,0,0,,
2,raw_safe,Raw,1.0,62,Uncalibrated,validation_threshold,uniform,3,0.30000000000000004,0.4,83,0,0.3946697193530112,0.0
2,raw_safe,Raw,1.0,62,Uncalibrated,validation_threshold,uniform,4,0.4,0.5,0,0,,
2,raw_safe,Raw,1.0,62,Uncalibrated,validation_threshold,uniform,5,0.5,0.6000000000000001,0,0,,
2,raw_safe,Raw,1.0,62,Uncalibrated,validation_threshold,uniform,6,0.6000000000000001,0.7000000000000001,0,0,,
2,raw_safe,Raw,1.0,62,Uncalibrated,validation_threshold,uniform,7,0.7000000000000001,0.8,0,0,,
2,raw_safe,Raw,1.0,62,Uncalibrated,validation_threshold,uniform,8,0.8,0.9,0,0,,
2,raw_safe,Raw,1.0,62,Uncalibrated,validation_threshold,uniform,9,0.9,1.0,46,45,0.9971780509855219,0.9782608695652174
2,raw_safe,Raw,1.0,62,Uncalibrated,validation_threshold,quantile,0,1.371537626172408e-12,8.997599879817024e-08,29415,0,6.273018104810474e-08,0.0
2,raw_safe,Raw,1.0,62,Uncalibrated,validation_threshold,quantile,1,8.997599879817024e-08,1.267612346034317e-07,35878,0,9.850756172044698e-08,0.0
2,raw_safe,Raw,1.0,62,Uncalibrated,validation_threshold,quantile,2,1.267612346034317e-07,1.5694333169376534e-07,26338,0,1.4055372871617014e-07,0.0
2,raw_safe,Raw,1.0,62,Uncalibrated,validation_threshold,quantile,3,1.5694333169376534e-07,1.1317600280222917e-06,39360,0,5.521440054834483e-07,0.0
2,raw_safe,Raw,1.0,62,Uncalibrated,validation_threshold,quantile,4,1.1317600280222917e-06,1.325227014192207e-06,33235,0,1.1731702339985997e-06,0.0
2,raw_safe,Raw,1.0,62,Uncalibrated,validation_threshold,quantile,5,1.325227014192207e-06,0.00019597789344952596,32945,9,5.502062461135439e-05,0.0002731825770223099
2,raw_safe,Raw,1.0,62,Uncalibrated,validation_threshold,quantile,6,0.00019597789344952596,0.0002608780784040961,33321,15,0.00023681359504364044,0.00045016656162780226
2,raw_safe,Raw,1.0,62,Uncalibrated,validation_threshold,quantile,7,0.0002608780784040961,0.000315012296078527,33312,14,0.0002796672352294654,0.00042026897214217097
2,raw_safe,Raw,1.0,62,Uncalibrated,validation_threshold,quantile,8,0.000315012296078527,0.0017539101161020742,32841,27,0.0005292469038432982,0.000822143052891203
2,raw_safe,Raw,1.0,62,Uncalibrated,validation_threshold,quantile,9,0.0017539101161020742,1.0,33284,165,0.010078889479054278,0.004957336858550655
2,raw_safe,Raw,1.0,62,Uncalibrated,test,uniform,0,0.0,0.1,605276,267,0.0007622708875208612,0.00044112107534414053
2,raw_safe,Raw,1.0,62,Uncalibrated,test,uniform,1,0.1,0.2,73,8,0.1627458531382174,0.1095890410958904
2,raw_safe,Raw,1.0,62,Uncalibrated,test,uniform,2,0.2,0.30000000000000004,0,0,,
2,raw_safe,Raw,1.0,62,Uncalibrated,test,uniform,3,0.30000000000000004,0.4,122,0,0.39466971935301126,0.0
2,raw_safe,Raw,1.0,62,Uncalibrated,test,uniform,4,0.4,0.5,0,0,,
2,raw_safe,Raw,1.0,62,Uncalibrated,test,uniform,5,0.5,0.6000000000000001,0,0,,
2,raw_safe,Raw,1.0,62,Uncalibrated,test,uniform,6,0.6000000000000001,0.7000000000000001,0,0,,
2,raw_safe,Raw,1.0,62,Uncalibrated,test,uniform,7,0.7000000000000001,0.8,0,0,,
2,raw_safe,Raw,1.0,62,Uncalibrated,test,uniform,8,0.8,0.9,0,0,,
2,raw_safe,Raw,1.0,62,Uncalibrated,test,uniform,9,0.9,1.0,39,37,0.9952221460243842,0.9487179487179487
2,raw_safe,Raw,1.0,62,Uncalibrated,test,quantile,0,1.371537626172408e-12,8.997599879817024e-08,53467,0,6.276505792406533e-08,0.0
2,raw_safe,Raw,1.0,62,Uncalibrated,test,quantile,1,8.997599879817024e-08,1.3104313509638023e-07,67595,0,9.917655932808355e-08,0.0
2,raw_safe,Raw,1.0,62,Uncalibrated,test,quantile,2,1.3104313509638023e-07,1.5694333169376534e-07,47248,0,1.4100732937124164e-07,0.0
2,raw_safe,Raw,1.0,62,Uncalibrated,test,quantile,3,1.5694333169376534e-07,1.1317600280222917e-06,69301,0,5.745129736871427e-07,0.0
2,raw_safe,Raw,1.0,62,Uncalibrated,test,quantile,4,1.1317600280222917e-06,1.325227014192207e-06,60835,0,1.1748760349187672e-06,0.0
2,raw_safe,Raw,1.0,62,Uncalibrated,test,quantile,5,1.325227014192207e-06,0.0002091571838503356,64662,16,6.098616188708174e-05,0.00024744053694596515
2,raw_safe,Raw,1.0,62,Uncalibrated,test,quantile,6,0.0002091571838503356,0.0002621003772449962,59251,22,0.0002395135887273712,0.00037130175018143156
2,raw_safe,Raw,1.0,62,Uncalibrated,test,quantile,7,0.0002621003772449962,0.000315012296078527,60205,20,0.0002801787104586381,0.00033219832239847187
2,raw_safe,Raw,1.0,62,Uncalibrated,test,quantile,8,0.000315012296078527,0.0017350858411174605,62303,61,0.000524338151179212,0.000979086079322023
2,raw_safe,Raw,1.0,62,Uncalibrated,test,quantile,9,0.0017350858411174605,1.0,60643,193,0.008120132160152442,0.0031825602295400953
2,raw_safe,Raw,1.0,62,Platt,validation_threshold,uniform,0,0.0,0.1,329883,185,0.0006957439977689671,0.0005608048914312044
2,raw_safe,Raw,1.0,62,Platt,validation_threshold,uniform,1,0.1,0.2,0,0,,
2,raw_safe,Raw,1.0,62,Platt,validation_threshold,uniform,2,0.2,0.30000000000000004,0,0,,
2,raw_safe,Raw,1.0,62,Platt,validation_threshold,uniform,3,0.30000000000000004,0.4,0,0,,
2,raw_safe,Raw,1.0,62,Platt,validation_threshold,uniform,4,0.4,0.5,4,4,0.4640558879123363,1.0
2,raw_safe,Raw,1.0,62,Platt,validation_threshold,uniform,5,0.5,0.6000000000000001,0,0,,
2,raw_safe,Raw,1.0,62,Platt,validation_threshold,uniform,6,0.6000000000000001,0.7000000000000001,0,0,,
2,raw_safe,Raw,1.0,62,Platt,validation_threshold,uniform,7,0.7000000000000001,0.8,0,0,,
2,raw_safe,Raw,1.0,62,Platt,validation_threshold,uniform,8,0.8,0.9,4,3,0.8083423620607243,0.75
2,raw_safe,Raw,1.0,62,Platt,validation_threshold,uniform,9,0.9,1.0,38,38,0.9805432888774209,1.0
2,raw_safe,Raw,1.0,62,Platt,validation_threshold,quantile,0,1.9329220102578742e-05,2.086614906071297e-05,130991,0,1.9388407831766433e-05,0.0
2,raw_safe,Raw,1.0,62,Platt,validation_threshold,quantile,1,2.086614906071297e-05,2.3004212179059453e-05,33235,0,2.1324544674837745e-05,0.0
2,raw_safe,Raw,1.0,62,Platt,validation_threshold,quantile,2,2.3004212179059453e-05,0.0005046598482460511,32945,9,0.00017205106816636973,0.0002731825770223099
2,raw_safe,Raw,1.0,62,Platt,validation_threshold,quantile,3,0.0005046598482460511,0.0006022373436256227,33321,15,0.0005669936227450503,0.00045016656162780226
2,raw_safe,Raw,1.0,62,Platt,validation_threshold,quantile,4,0.0006022373436256227,0.0006766602575812149,33312,14,0.0006285196131072043,0.00042026897214217097
2,raw_safe,Raw,1.0,62,Platt,validation_threshold,quantile,5,0.0006766602575812149,0.00195500712179178,32841,27,0.000897620360160359,0.000822143052891203
2,raw_safe,Raw,1.0,62,Platt,validation_threshold,quantile,6,0.00195500712179178,0.9980273899015601,33284,165,0.0058177777453615204,0.004957336858550655
2,raw_safe,Raw,1.0,62,Platt,test,uniform,0,0.0,0.1,605471,275,0.0006512519055786027,0.0004541918605515376
2,raw_safe,Raw,1.0,62,Platt,test,uniform,1,0.1,0.2,0,0,,
2,raw_safe,Raw,1.0,62,Platt,test,uniform,2,0.2,0.30000000000000004,0,0,,
2,raw_safe,Raw,1.0,62,Platt,test,uniform,3,0.30000000000000004,0.4,0,0,,
2,raw_safe,Raw,1.0,62,Platt,test,uniform,4,0.4,0.5,6,6,0.46405588791233626,1.0
2,raw_safe,Raw,1.0,62,Platt,test,uniform,5,0.5,0.6000000000000001,0,0,,
2,raw_safe,Raw,1.0,62,Platt,test,uniform,6,0.6000000000000001,0.7000000000000001,0,0,,
2,raw_safe,Raw,1.0,62,Platt,test,uniform,7,0.7000000000000001,0.8,0,0,,
2,raw_safe,Raw,1.0,62,Platt,test,uniform,8,0.8,0.9,5,3,0.8083423620607244,0.6
2,raw_safe,Raw,1.0,62,Platt,test,uniform,9,0.9,1.0,28,28,0.9946376152132064,1.0
2,raw_safe,Raw,1.0,62,Platt,test,quantile,0,1.9329220102578742e-05,2.086614906071297e-05,237611,0,1.9390204056881004e-05,0.0
2,raw_safe,Raw,1.0,62,Platt,test,quantile,1,2.086614906071297e-05,2.3004212179059453e-05,60835,0,2.1343450791120848e-05,0.0
2,raw_safe,Raw,1.0,62,Platt,test,quantile,2,2.3004212179059453e-05,0.0005253707880880993,64662,16,0.0001858242491709792,0.00024744053694596515
2,raw_safe,Raw,1.0,62,Platt,test,quantile,3,0.0005253707880880993,0.0006039794293669062,59251,22,0.0005710831457248198,0.00037130175018143156
2,raw_safe,Raw,1.0,62,Platt,test,quantile,4,0.0006039794293669062,0.0006766602575812149,60205,20,0.0006292339689752852,0.00033219832239847187
2,raw_safe,Raw,1.0,62,Platt,test,quantile,5,0.0006766602575812149,0.0019420125275603835,62303,61,0.0008936487613914072,0.000979086079322023
2,raw_safe,Raw,1.0,62,Platt,test,quantile,6,0.0019420125275603835,0.9980273899015601,60643,193,0.004677724441913019,0.0031825602295400953
2,raw_safe,Raw,1.0,62,Isotonic,validation_threshold,uniform,0,0.0,0.1,329883,185,0.0006389050962652122,0.0005608048914312044
2,raw_safe,Raw,1.0,62,Isotonic,validation_threshold,uniform,1,0.1,0.2,0,0,,
2,raw_safe,Raw,1.0,62,Isotonic,validation_threshold,uniform,2,0.2,0.30000000000000004,0,0,,
2,raw_safe,Raw,1.0,62,Isotonic,validation_threshold,uniform,3,0.30000000000000004,0.4,0,0,,
2,raw_safe,Raw,1.0,62,Isotonic,validation_threshold,uniform,4,0.4,0.5,0,0,,
2,raw_safe,Raw,1.0,62,Isotonic,validation_threshold,uniform,5,0.5,0.6000000000000001,0,0,,
2,raw_safe,Raw,1.0,62,Isotonic,validation_threshold,uniform,6,0.6000000000000001,0.7000000000000001,0,0,,
2,raw_safe,Raw,1.0,62,Isotonic,validation_threshold,uniform,7,0.7000000000000001,0.8,0,0,,
2,raw_safe,Raw,1.0,62,Isotonic,validation_threshold,uniform,8,0.8,0.9,8,7,0.8888888888888888,0.875
2,raw_safe,Raw,1.0,62,Isotonic,validation_threshold,uniform,9,0.9,1.0,38,38,1.0,1.0
2,raw_safe,Raw,1.0,62,Isotonic,validation_threshold,quantile,0,0.0,0.000536480686695279,187552,2,0.0,1.066370926463061e-05
2,raw_safe,Raw,1.0,62,Isotonic,validation_threshold,quantile,1,0.000536480686695279,0.0037622028346252392,105856,49,0.0005562726408729453,0.0004628929866989117
2,raw_safe,Raw,1.0,62,Isotonic,validation_threshold,quantile,2,0.0037622028346252392,1.0,36521,179,0.005393889661020278,0.004901289668957586
2,raw_safe,Raw,1.0,62,Isotonic,test,uniform,0,0.0,0.1,605471,275,0.0006330153740781428,0.0004541918605515376
2,raw_safe,Raw,1.0,62,Isotonic,test,uniform,1,0.1,0.2,0,0,,
2,raw_safe,Raw,1.0,62,Isotonic,test,uniform,2,0.2,0.30000000000000004,0,0,,
2,raw_safe,Raw,1.0,62,Isotonic,test,uniform,3,0.30000000000000004,0.4,0,0,,
2,raw_safe,Raw,1.0,62,Isotonic,test,uniform,4,0.4,0.5,0,0,,
2,raw_safe,Raw,1.0,62,Isotonic,test,uniform,5,0.5,0.6000000000000001,0,0,,
2,raw_safe,Raw,1.0,62,Isotonic,test,uniform,6,0.6000000000000001,0.7000000000000001,0,0,,
2,raw_safe,Raw,1.0,62,Isotonic,test,uniform,7,0.7000000000000001,0.8,0,0,,
2,raw_safe,Raw,1.0,62,Isotonic,test,uniform,8,0.8,0.9,11,9,0.888888888888889,0.8181818181818182
2,raw_safe,Raw,1.0,62,Isotonic,test,uniform,9,0.9,1.0,28,28,1.0,1.0
2,raw_safe,Raw,1.0,62,Isotonic,test,quantile,0,0.0,0.000536480686695279,342257,6,0.0,1.7530686004961184e-05
2,raw_safe,Raw,1.0,62,Isotonic,test,quantile,1,0.000536480686695279,0.0037622028346252392,196690,81,0.0005571178740007846,0.0004118155473079465
2,raw_safe,Raw,1.0,62,Isotonic,test,quantile,2,0.0037622028346252392,1.0,66563,225,0.00467933708965988,0.003380256298544236
2,raw_safe,Raw,1.0,72,Uncalibrated,validation_threshold,uniform,0,0.0,0.1,329865,185,0.0007456936606487088,0.0005608354933078684
2,raw_safe,Raw,1.0,72,Uncalibrated,validation_threshold,uniform,1,0.1,0.2,0,0,,
2,raw_safe,Raw,1.0,72,Uncalibrated,validation_threshold,uniform,2,0.2,0.30000000000000004,16,5,0.27221501353054806,0.3125
2,raw_safe,Raw,1.0,72,Uncalibrated,validation_threshold,uniform,3,0.30000000000000004,0.4,0,0,,
2,raw_safe,Raw,1.0,72,Uncalibrated,validation_threshold,uniform,4,0.4,0.5,0,0,,
2,raw_safe,Raw,1.0,72,Uncalibrated,validation_threshold,uniform,5,0.5,0.6000000000000001,7,0,0.5025487931448315,0.0
2,raw_safe,Raw,1.0,72,Uncalibrated,validation_threshold,uniform,6,0.6000000000000001,0.7000000000000001,0,0,,
2,raw_safe,Raw,1.0,72,Uncalibrated,validation_threshold,uniform,7,0.7000000000000001,0.8,0,0,,
2,raw_safe,Raw,1.0,72,Uncalibrated,validation_threshold,uniform,8,0.8,0.9,0,0,,
2,raw_safe,Raw,1.0,72,Uncalibrated,validation_threshold,uniform,9,0.9,1.0,41,40,0.9992943381354814,0.975609756097561
2,raw_safe,Raw,1.0,72,Uncalibrated,validation_threshold,quantile,0,2.678590944546093e-162,8.945831553290053e-07,32154,0,7.356227337766447e-07,0.0
2,raw_safe,Raw,1.0,72,Uncalibrated,validation_threshold,quantile,1,8.945831553290053e-07,9.952708831818817e-07,28375,0,9.14445443539184e-07,0.0
2,raw_safe,Raw,1.0,72,Uncalibrated,validation_threshold,quantile,2,9.952708831818817e-07,2.0406150314797417e-06,37380,0,1.2887738029451e-06,0.0
2,raw_safe,Raw,1.0,72,Uncalibrated,validation_threshold,quantile,3,2.0406150314797417e-06,2.52423511023877e-06,27381,0,2.2150680862740645e-06,0.0
2,raw_safe,Raw,1.0,72,Uncalibrated,validation_threshold,quantile,4,2.52423511023877e-06,2.9205745945640443e-06,38371,0,2.6548986187471005e-06,0.0
2,raw_safe,Raw,1.0,72,Uncalibrated,validation_threshold,quantile,5,2.9205745945640443e-06,0.00033913080631669786,33039,7,9.562245906987955e-05,0.00021187081933472562
2,raw_safe,Raw,1.0,72,Uncalibrated,validation_threshold,quantile,6,0.00033913080631669786,0.00036616464060856146,33922,15,0.00034741159820811867,0.0004421909085549201
2,raw_safe,Raw,1.0,72,Uncalibrated,validation_threshold,quantile,7,0.00036616464060856146,0.00041265825879647106,33244,14,0.0003852472617253547,0.00042112862471423417
2,raw_safe,Raw,1.0,72,Uncalibrated,validation_threshold,quantile,8,0.00041265825879647106,0.0010527125526264872,32586,19,0.000488595701253719,0.0005830724851163076
2,raw_safe,Raw,1.0,72,Uncalibrated,validation_threshold,quantile,9,0.0010527125526264872,1.0,33477,175,0.007494386772730535,0.005227469605998148
2,raw_safe,Raw,1.0,72,Uncalibrated,test,uniform,0,0.0,0.1,605435,267,0.000645456399569668,0.0004410052276462378
2,raw_safe,Raw,1.0,72,Uncalibrated,test,uniform,1,0.1,0.2,0,0,,
2,raw_safe,Raw,1.0,72,Uncalibrated,test,uniform,2,0.2,0.30000000000000004,32,14,0.2789731557027836,0.4375
2,raw_safe,Raw,1.0,72,Uncalibrated,test,uniform,3,0.30000000000000004,0.4,0,0,,
2,raw_safe,Raw,1.0,72,Uncalibrated,test,uniform,4,0.4,0.5,0,0,,
2,raw_safe,Raw,1.0,72,Uncalibrated,test,uniform,5,0.5,0.6000000000000001,10,0,0.5025487931448315,0.0
2,raw_safe,Raw,1.0,72,Uncalibrated,test,uniform,6,0.6000000000000001,0.7000000000000001,0,0,,
2,raw_safe,Raw,1.0,72,Uncalibrated,test,uniform,7,0.7000000000000001,0.8,0,0,,
2,raw_safe,Raw,1.0,72,Uncalibrated,test,uniform,8,0.8,0.9,0,0,,
2,raw_safe,Raw,1.0,72,Uncalibrated,test,uniform,9,0.9,1.0,33,31,0.9996569491929789,0.9393939393939394
2,raw_safe,Raw,1.0,72,Uncalibrated,test,quantile,0,2.678590944546093e-162,8.945831553290053e-07,59330,0,7.339730362578581e-07,0.0
2,raw_safe,Raw,1.0,72,Uncalibrated,test,quantile,1,8.945831553290053e-07,9.952708831818817e-07,51835,0,9.143604094919874e-07,0.0
2,raw_safe,Raw,1.0,72,Uncalibrated,test,quantile,2,9.952708831818817e-07,2.0406150314797417e-06,68828,0,1.2915724363857905e-06,0.0
2,raw_safe,Raw,1.0,72,Uncalibrated,test,quantile,3,2.0406150314797417e-06,2.52423511023877e-06,46826,0,2.22400727836498e-06,0.0
2,raw_safe,Raw,1.0,72,Uncalibrated,test,quantile,4,2.52423511023877e-06,2.9206513795897583e-06,73168,0,2.6654716581707644e-06,0.0
2,raw_safe,Raw,1.0,72,Uncalibrated,test,quantile,5,2.9206513795897583e-06,0.0003422502266897894,62668,11,0.00011142577416654138,0.000175528180251484
2,raw_safe,Raw,1.0,72,Uncalibrated,test,quantile,6,0.0003422502266897894,0.00036616464060856146,57759,24,0.0003478200538850682,0.0004155196592738794
2,raw_safe,Raw,1.0,72,Uncalibrated,test,quantile,7,0.00036616464060856146,0.000419442725555363,63622,23,0.00038584350591282116,0.00036151016943824463
2,raw_safe,Raw,1.0,72,Uncalibrated,test,quantile,8,0.000419442725555363,0.0010527125526264872,60811,31,0.0004909520371256551,0.0005097761918074033
2,raw_safe,Raw,1.0,72,Uncalibrated,test,quantile,9,0.0010527125526264872,1.0,60663,223,0.005864665567236981,0.003676046354449994
2,raw_safe,Raw,1.0,72,Platt,validation_threshold,uniform,0,0.0,0.1,329881,190,0.0007119331176122645,0.0005759652723254749
2,raw_safe,Raw,1.0,72,Platt,validation_threshold,uniform,1,0.1,0.2,7,0,0.17726134113626985,0.0
2,raw_safe,Raw,1.0,72,Platt,validation_threshold,uniform,2,0.2,0.30000000000000004,0,0,,
2,raw_safe,Raw,1.0,72,Platt,validation_threshold,uniform,3,0.30000000000000004,0.4,0,0,,
2,raw_safe,Raw,1.0,72,Platt,validation_threshold,uniform,4,0.4,0.5,0,0,,
2,raw_safe,Raw,1.0,72,Platt,validation_threshold,uniform,5,0.5,0.6000000000000001,0,0,,
2,raw_safe,Raw,1.0,72,Platt,validation_threshold,uniform,6,0.6000000000000001,0.7000000000000001,0,0,,
2,raw_safe,Raw,1.0,72,Platt,validation_threshold,uniform,7,0.7000000000000001,0.8,0,0,,
2,raw_safe,Raw,1.0,72,Platt,validation_threshold,uniform,8,0.8,0.9,0,0,,
2,raw_safe,Raw,1.0,72,Platt,validation_threshold,uniform,9,0.9,1.0,41,40,0.9858494223332507,0.975609756097561
2,raw_safe,Raw,1.0,72,Platt,validation_threshold,quantile,0,8.620181858491706e-06,1.4534261749543574e-05,97909,0,9.270472636516704e-06,0.0
2,raw_safe,Raw,1.0,72,Platt,validation_threshold,quantile,1,1.4534261749543574e-05,1.6984228823325534e-05,27381,0,1.5425843372218466e-05,0.0
2,raw_safe,Raw,1.0,72,Platt,validation_threshold,quantile,2,1.6984228823325534e-05,1.889888759602508e-05,38371,0,1.7619789501608083e-05,0.0
2,raw_safe,Raw,1.0,72,Platt,validation_threshold,quantile,3,1.889888759602508e-05,0.0006147258464856394,33039,7,0.0001922569263120027,0.00021187081933472562
2,raw_safe,Raw,1.0,72,Platt,validation_threshold,quantile,4,0.0006147258464856394,0.0006502364700366725,33922,15,0.0006256586856132365,0.0004421909085549201
2,raw_safe,Raw,1.0,72,Platt,validation_threshold,quantile,5,0.0006502364700366725,0.0007097147358406178,33244,14,0.0006747914220059878,0.00042112862471423417
2,raw_safe,Raw,1.0,72,Platt,validation_threshold,quantile,6,0.0007097147358406178,0.001408891703033952,32586,19,0.000801557010631997,0.0005830724851163076
2,raw_safe,Raw,1.0,72,Platt,validation_threshold,quantile,7,0.001408891703033952,0.9998115396014965,33477,175,0.005925855497970045,0.005227469605998148
2,raw_safe,Raw,1.0,72,Platt,test,uniform,0,0.0,0.1,605467,281,0.0006542182145294559,0.00046410456721836203
2,raw_safe,Raw,1.0,72,Platt,test,uniform,1,0.1,0.2,10,0,0.17726134113626985,0.0
2,raw_safe,Raw,1.0,72,Platt,test,uniform,2,0.2,0.30000000000000004,0,0,,
2,raw_safe,Raw,1.0,72,Platt,test,uniform,3,0.30000000000000004,0.4,0,0,,
2,raw_safe,Raw,1.0,72,Platt,test,uniform,4,0.4,0.5,0,0,,
2,raw_safe,Raw,1.0,72,Platt,test,uniform,5,0.5,0.6000000000000001,0,0,,
2,raw_safe,Raw,1.0,72,Platt,test,uniform,6,0.6000000000000001,0.7000000000000001,0,0,,
2,raw_safe,Raw,1.0,72,Platt,test,uniform,7,0.7000000000000001,0.8,0,0,,
2,raw_safe,Raw,1.0,72,Platt,test,uniform,8,0.8,0.9,0,0,,
2,raw_safe,Raw,1.0,72,Platt,test,uniform,9,0.9,1.0,33,31,0.9922667060823595,0.9393939393939394
2,raw_safe,Raw,1.0,72,Platt,test,quantile,0,8.620181858491706e-06,1.4534261749543574e-05,179993,0,9.27781099018728e-06,0.0
2,raw_safe,Raw,1.0,72,Platt,test,quantile,1,1.4534261749543574e-05,1.6984228823325534e-05,46826,0,1.5471045150117316e-05,0.0
2,raw_safe,Raw,1.0,72,Platt,test,quantile,2,1.6984228823325534e-05,1.8899251513612563e-05,73168,0,1.7670690987092714e-05,0.0
2,raw_safe,Raw,1.0,72,Platt,test,quantile,3,1.8899251513612563e-05,0.0006188610996976314,62668,11,0.00022006815103931812,0.000175528180251484
2,raw_safe,Raw,1.0,72,Platt,test,quantile,4,0.0006188610996976314,0.0006502364700366725,57759,24,0.0006261983630805601,0.0004155196592738794
2,raw_safe,Raw,1.0,72,Platt,test,quantile,5,0.0006502364700366725,0.000718239769369885,63622,23,0.00067555075651476,0.00036151016943824463
2,raw_safe,Raw,1.0,72,Platt,test,quantile,6,0.000718239769369885,0.001408891703033952,60811,31,0.0008043554396725397,0.0005097761918074033
2,raw_safe,Raw,1.0,72,Platt,test,quantile,7,0.001408891703033952,0.9998115396014965,60663,223,0.004699475233359312,0.003676046354449994
2,raw_safe,Raw,1.0,72,Isotonic,validation_threshold,uniform,0,0.0,0.1,329865,185,0.0006426113200209321,0.0005608354933078684
2,raw_safe,Raw,1.0,72,Isotonic,validation_threshold,uniform,1,0.1,0.2,0,0,,
2,raw_safe,Raw,1.0,72,Isotonic,validation_threshold,uniform,2,0.2,0.30000000000000004,0,0,,
2,raw_safe,Raw,1.0,72,Isotonic,validation_threshold,uniform,3,0.30000000000000004,0.4,23,5,0.36000000000000004,0.21739130434782608
2,raw_safe,Raw,1.0,72,Isotonic,validation_threshold,uniform,4,0.4,0.5,0,0,,
2,raw_safe,Raw,1.0,72,Isotonic,validation_threshold,uniform,5,0.5,0.6000000000000001,0,0,,
2,raw_safe,Raw,1.0,72,Isotonic,validation_threshold,uniform,6,0.6000000000000001,0.7000000000000001,0,0,,
2,raw_safe,Raw,1.0,72,Isotonic,validation_threshold,uniform,7,0.7000000000000001,0.8,0,0,,
2,raw_safe,Raw,1.0,72,Isotonic,validation_threshold,uniform,8,0.8,0.9,11,10,0.8333333333333335,0.9090909090909091
2,raw_safe,Raw,1.0,72,Isotonic,validation_threshold,uniform,9,0.9,1.0,30,30,1.0,1.0
2,raw_safe,Raw,1.0,72,Isotonic,validation_threshold,quantile,0,0.0,0.0003736658959807562,187076,2,0.0,1.069084222455045e-05
2,raw_safe,Raw,1.0,72,Isotonic,validation_threshold,quantile,1,0.0003736658959807562,0.0006062443164595332,43546,20,0.0003736658959807563,0.0004592844348505029
2,raw_safe,Raw,1.0,72,Isotonic,validation_threshold,quantile,2,0.0006062443164595332,0.000673614879404225,6827,2,0.0006062443164595332,0.00029295444558371175
2,raw_safe,Raw,1.0,72,Isotonic,validation_threshold,quantile,3,0.000673614879404225,0.0011869436201780415,57370,28,0.0006736148794042249,0.00048805996165243157
2,raw_safe,Raw,1.0,72,Isotonic,validation_threshold,quantile,4,0.0011869436201780415,1.0,35110,178,0.005706803732814123,0.0050697806892623185
2,raw_safe,Raw,1.0,72,Isotonic,test,uniform,0,0.0,0.1,605435,267,0.0006306914252237304,0.0004410052276462378
2,raw_safe,Raw,1.0,72,Isotonic,test,uniform,1,0.1,0.2,0,0,,
2,raw_safe,Raw,1.0,72,Isotonic,test,uniform,2,0.2,0.30000000000000004,0,0,,
2,raw_safe,Raw,1.0,72,Isotonic,test,uniform,3,0.30000000000000004,0.4,42,14,0.35999999999999993,0.3333333333333333
2,raw_safe,Raw,1.0,72,Isotonic,test,uniform,4,0.4,0.5,0,0,,
2,raw_safe,Raw,1.0,72,Isotonic,test,uniform,5,0.5,0.6000000000000001,0,0,,
2,raw_safe,Raw,1.0,72,Isotonic,test,uniform,6,0.6000000000000001,0.7000000000000001,0,0,,
2,raw_safe,Raw,1.0,72,Isotonic,test,uniform,7,0.7000000000000001,0.8,0,0,,
2,raw_safe,Raw,1.0,72,Isotonic,test,uniform,8,0.8,0.9,7,5,0.8333333333333333,0.7142857142857143
2,raw_safe,Raw,1.0,72,Isotonic,test,uniform,9,0.9,1.0,26,26,1.0,1.0
2,raw_safe,Raw,1.0,72,Isotonic,test,quantile,0,0.0,0.0003736658959807562,341496,0,0.0,0.0
2,raw_safe,Raw,1.0,72,Isotonic,test,quantile,1,0.0003736658959807562,0.0006062443164595332,78918,35,0.00037366589598075614,0.0004434983147064041
2,raw_safe,Raw,1.0,72,Isotonic,test,quantile,2,0.0006062443164595332,0.000673614879404225,12702,4,0.000606244316459533,0.000314911037631869
2,raw_safe,Raw,1.0,72,Isotonic,test,quantile,3,0.000673614879404225,0.0011869436201780415,108591,47,0.0006736148794042251,0.0004328167159341014
2,raw_safe,Raw,1.0,72,Isotonic,test,quantile,4,0.0011869436201780415,1.0,63803,226,0.0049912700422801454,0.0035421531902888577
2,raw_safe,Raw,1.0,82,Uncalibrated,validation_threshold,uniform,0,0.0,0.1,329863,189,0.0005872214762804151,0.0005729651400733031
2,raw_safe,Raw,1.0,82,Uncalibrated,validation_threshold,uniform,1,0.1,0.2,0,0,,
2,raw_safe,Raw,1.0,82,Uncalibrated,validation_threshold,uniform,2,0.2,0.30000000000000004,11,0,0.26503184721638856,0.0
2,raw_safe,Raw,1.0,82,Uncalibrated,validation_threshold,uniform,3,0.30000000000000004,0.4,0,0,,
2,raw_safe,Raw,1.0,82,Uncalibrated,validation_threshold,uniform,4,0.4,0.5,0,0,,
2,raw_safe,Raw,1.0,82,Uncalibrated,validation_threshold,uniform,5,0.5,0.6000000000000001,3,1,0.596169905643033,0.3333333333333333
2,raw_safe,Raw,1.0,82,Uncalibrated,validation_threshold,uniform,6,0.6000000000000001,0.7000000000000001,7,0,0.6674806836060636,0.0
2,raw_safe,Raw,1.0,82,Uncalibrated,validation_threshold,uniform,7,0.7000000000000001,0.8,4,0,0.7236911042013492,0.0
2,raw_safe,Raw,1.0,82,Uncalibrated,validation_threshold,uniform,8,0.8,0.9,0,0,,
2,raw_safe,Raw,1.0,82,Uncalibrated,validation_threshold,uniform,9,0.9,1.0,41,40,0.9973603730830585,0.975609756097561
2,raw_safe,Raw,1.0,82,Uncalibrated,validation_threshold,quantile,0,0.0,1.51944223989631e-07,32072,5,5.535252412722791e-08,0.00015589922673983538
2,raw_safe,Raw,1.0,82,Uncalibrated,validation_threshold,quantile,1,1.51944223989631e-07,4.830877281319816e-07,32175,0,2.6939815531175603e-07,0.0
2,raw_safe,Raw,1.0,82,Uncalibrated,validation_threshold,quantile,2,4.830877281319816e-07,1.3767858091017504e-06,31303,0,8.179952965886074e-07,0.0
2,raw_safe,Raw,1.0,82,Uncalibrated,validation_threshold,quantile,3,1.3767858091017504e-06,1.402087744765629e-06,9037,0,1.3878441009680839e-06,0.0
2,raw_safe,Raw,1.0,82,Uncalibrated,validation_threshold,quantile,4,1.402087744765629e-06,3.6892751115221293e-06,58660,0,1.6984625805131359e-06,0.0
2,raw_safe,Raw,1.0,82,Uncalibrated,validation_threshold,quantile,5,3.6892751115221293e-06,0.00027484272898446375,33424,7,4.0995166177019305e-05,0.00020943034944949737
2,raw_safe,Raw,1.0,82,Uncalibrated,validation_threshold,quantile,6,0.00027484272898446375,0.00029006917387340813,32578,18,0.0002836442423708586,0.0005525201055927313
2,raw_safe,Raw,1.0,82,Uncalibrated,validation_threshold,quantile,7,0.00029006917387340813,0.0003039295943962414,33268,11,0.00029697944925509683,0.00033064807021762654
2,raw_safe,Raw,1.0,82,Uncalibrated,validation_threshold,quantile,8,0.0003039295943962414,0.001408050323287449,33403,19,0.00043414400837202396,0.0005688111846241355
2,raw_safe,Raw,1.0,82,Uncalibrated,validation_threshold,quantile,9,0.001408050323287449,1.0,34009,170,0.006225551193879207,0.004998676820841542
2,raw_safe,Raw,1.0,82,Uncalibrated,test,uniform,0,0.0,0.1,605419,273,0.0005344705594346254,0.0004509273742647654
2,raw_safe,Raw,1.0,82,Uncalibrated,test,uniform,1,0.1,0.2,0,0,,
2,raw_safe,Raw,1.0,82,Uncalibrated,test,uniform,2,0.2,0.30000000000000004,26,8,0.2650318472163885,0.3076923076923077
2,raw_safe,Raw,1.0,82,Uncalibrated,test,uniform,3,0.30000000000000004,0.4,0,0,,
2,raw_safe,Raw,1.0,82,Uncalibrated,test,uniform,4,0.4,0.5,0,0,,
2,raw_safe,Raw,1.0,82,Uncalibrated,test,uniform,5,0.5,0.6000000000000001,11,0,0.5961699056430331,0.0
2,raw_safe,Raw,1.0,82,Uncalibrated,test,uniform,6,0.6000000000000001,0.7000000000000001,10,0,0.6674806836060636,0.0
2,raw_safe,Raw,1.0,82,Uncalibrated,test,uniform,7,0.7000000000000001,0.8,11,0,0.7236911042013493,0.0
2,raw_safe,Raw,1.0,82,Uncalibrated,test,uniform,8,0.8,0.9,0,0,,
2,raw_safe,Raw,1.0,82,Uncalibrated,test,uniform,9,0.9,1.0,33,31,0.9977753703395656,0.9393939393939394
2,raw_safe,Raw,1.0,82,Uncalibrated,test,quantile,0,0.0,1.51944223989631e-07,59197,6,5.563085656695361e-08,0.00010135648765984763
2,raw_safe,Raw,1.0,82,Uncalibrated,test,quantile,1,1.51944223989631e-07,4.830877281319816e-07,58723,0,2.6998643649496814e-07,0.0
2,raw_safe,Raw,1.0,82,Uncalibrated,test,quantile,2,4.830877281319816e-07,1.3767858091017504e-06,57567,1,8.222892989173983e-07,1.7371063282783538e-05
2,raw_safe,Raw,1.0,82,Uncalibrated,test,quantile,3,1.3767858091017504e-06,1.402087744765629e-06,17161,0,1.3879215472340613e-06,0.0
2,raw_safe,Raw,1.0,82,Uncalibrated,test,quantile,4,1.402087744765629e-06,3.6892751115221293e-06,108123,0,1.6994048883673213e-06,0.0
2,raw_safe,Raw,1.0,82,Uncalibrated,test,quantile,5,3.6892751115221293e-06,0.00027484272898446375,58247,15,4.294323574588119e-05,0.00025752399265198205
2,raw_safe,Raw,1.0,82,Uncalibrated,test,quantile,6,0.00027484272898446375,0.00029006917387340813,60453,14,0.00028372439095826973,0.00023158486758308107
2,raw_safe,Raw,1.0,82,Uncalibrated,test,quantile,7,0.00029006917387340813,0.0003039295943962414,61456,27,0.00029699920189939065,0.0004393387138765946
2,raw_safe,Raw,1.0,82,Uncalibrated,test,quantile,8,0.0003039295943962414,0.001408050323287449,62686,40,0.0004375135345514813,0.000638101011390103
2,raw_safe,Raw,1.0,82,Uncalibrated,test,quantile,9,0.001408050323287449,1.0,61897,209,0.005153458422537507,0.003376577216989515
2,raw_safe,Raw,1.0,82,Platt,validation_threshold,uniform,0,0.0,0.1,329874,189,0.0006770845806772865,0.0005729460339402318
2,raw_safe,Raw,1.0,82,Platt,validation_threshold,uniform,1,0.1,0.2,14,1,0.13679002966070855,0.07142857142857142
2,raw_safe,Raw,1.0,82,Platt,validation_threshold,uniform,2,0.2,0.30000000000000004,0,0,,
2,raw_safe,Raw,1.0,82,Platt,validation_threshold,uniform,3,0.30000000000000004,0.4,0,0,,
2,raw_safe,Raw,1.0,82,Platt,validation_threshold,uniform,4,0.4,0.5,0,0,,
2,raw_safe,Raw,1.0,82,Platt,validation_threshold,uniform,5,0.5,0.6000000000000001,0,0,,
2,raw_safe,Raw,1.0,82,Platt,validation_threshold,uniform,6,0.6000000000000001,0.7000000000000001,11,10,0.6203573428157543,0.9090909090909091
2,raw_safe,Raw,1.0,82,Platt,validation_threshold,uniform,7,0.7000000000000001,0.8,0,0,,
2,raw_safe,Raw,1.0,82,Platt,validation_threshold,uniform,8,0.8,0.9,0,0,,
2,raw_safe,Raw,1.0,82,Platt,validation_threshold,uniform,9,0.9,1.0,30,30,0.9975020428197134,1.0
2,raw_safe,Raw,1.0,82,Platt,validation_threshold,quantile,0,2.672233971454636e-05,3.2351633532291836e-05,95550,5,2.711561126358153e-05,5.2328623757195185e-05
2,raw_safe,Raw,1.0,82,Platt,validation_threshold,quantile,1,3.2351633532291836e-05,3.270577998876459e-05,9037,0,3.250641806982411e-05,0.0
2,raw_safe,Raw,1.0,82,Platt,validation_threshold,quantile,2,3.270577998876459e-05,5.832015230200148e-05,58660,0,3.618758189258493e-05,0.0
2,raw_safe,Raw,1.0,82,Platt,validation_threshold,quantile,3,5.832015230200148e-05,0.0007671492470475094,33424,7,0.00017042258072332133,0.00020943034944949737
2,raw_safe,Raw,1.0,82,Platt,validation_threshold,quantile,4,0.0007671492470475094,0.0007922703849500566,32578,18,0.0007817076877199636,0.0005525201055927313
2,raw_safe,Raw,1.0,82,Platt,validation_threshold,quantile,5,0.0007922703849500566,0.0008146798166136066,33268,11,0.0008034778779317073,0.00033064807021762654
2,raw_safe,Raw,1.0,82,Platt,validation_threshold,quantile,6,0.0008146798166136066,0.0020362525953361616,33403,19,0.0009952150656840162,0.0005688111846241355
2,raw_safe,Raw,1.0,82,Platt,validation_threshold,quantile,7,0.0020362525953361616,0.9975020428197131,34009,170,0.004877334895359761,0.004998676820841542
2,raw_safe,Raw,1.0,82,Platt,test,uniform,0,0.0,0.1,605445,281,0.0006522215517434224,0.00046412143134388754
2,raw_safe,Raw,1.0,82,Platt,test,uniform,1,0.1,0.2,32,0,0.1353312828486125,0.0
2,raw_safe,Raw,1.0,82,Platt,test,uniform,2,0.2,0.30000000000000004,0,0,,
2,raw_safe,Raw,1.0,82,Platt,test,uniform,3,0.30000000000000004,0.4,0,0,,
2,raw_safe,Raw,1.0,82,Platt,test,uniform,4,0.4,0.5,0,0,,
2,raw_safe,Raw,1.0,82,Platt,test,uniform,5,0.5,0.6000000000000001,0,0,,
2,raw_safe,Raw,1.0,82,Platt,test,uniform,6,0.6000000000000001,0.7000000000000001,7,5,0.611024896568341,0.7142857142857143
2,raw_safe,Raw,1.0,82,Platt,test,uniform,7,0.7000000000000001,0.8,0,0,,
2,raw_safe,Raw,1.0,82,Platt,test,uniform,8,0.8,0.9,0,0,,
2,raw_safe,Raw,1.0,82,Platt,test,uniform,9,0.9,1.0,26,26,0.9975020428197132,1.0
2,raw_safe,Raw,1.0,82,Platt,test,quantile,0,2.672233971454636e-05,3.2351633532291836e-05,175487,7,2.7125037425545477e-05,3.988899462638258e-05
2,raw_safe,Raw,1.0,82,Platt,test,quantile,1,3.2351633532291836e-05,3.270577998876459e-05,17161,0,3.250750200944746e-05,0.0
2,raw_safe,Raw,1.0,82,Platt,test,quantile,2,3.270577998876459e-05,5.832015230200148e-05,108123,0,3.620361237061321e-05,0.0
2,raw_safe,Raw,1.0,82,Platt,test,quantile,3,5.832015230200148e-05,0.0007671492470475094,58247,15,0.00017649660860008406,0.00025752399265198205
2,raw_safe,Raw,1.0,82,Platt,test,quantile,4,0.0007671492470475094,0.0007922703849500566,60453,14,0.0007818399044969489,0.00023158486758308107
2,raw_safe,Raw,1.0,82,Platt,test,quantile,5,0.0007922703849500566,0.0008146798166136066,61456,27,0.0008035099890310949,0.0004393387138765946
2,raw_safe,Raw,1.0,82,Platt,test,quantile,6,0.0008146798166136066,0.0020362525953361616,62686,40,0.0009997402006557915,0.000638101011390103
2,raw_safe,Raw,1.0,82,Platt,test,quantile,7,0.0020362525953361616,0.9975020428197131,61897,209,0.004048653733764595,0.003376577216989515
2,raw_safe,Raw,1.0,82,Isotonic,validation_threshold,uniform,0,0.0,0.1,329888,190,0.0006609183785385419,0.0005759530507323697
2,raw_safe,Raw,1.0,82,Isotonic,validation_threshold,uniform,1,0.1,0.2,0,0,,
2,raw_safe,Raw,1.0,82,Isotonic,validation_threshold,uniform,2,0.2,0.30000000000000004,0,0,,
2,raw_safe,Raw,1.0,82,Isotonic,validation_threshold,uniform,3,0.30000000000000004,0.4,0,0,,
2,raw_safe,Raw,1.0,82,Isotonic,validation_threshold,uniform,4,0.4,0.5,0,0,,
2,raw_safe,Raw,1.0,82,Isotonic,validation_threshold,uniform,5,0.5,0.6000000000000001,0,0,,
2,raw_safe,Raw,1.0,82,Isotonic,validation_threshold,uniform,6,0.6000000000000001,0.7000000000000001,0,0,,
2,raw_safe,Raw,1.0,82,Isotonic,validation_threshold,uniform,7,0.7000000000000001,0.8,5,4,0.75,0.8
2,raw_safe,Raw,1.0,82,Isotonic,validation_threshold,uniform,8,0.8,0.9,0,0,,
2,raw_safe,Raw,1.0,82,Isotonic,validation_threshold,uniform,9,0.9,1.0,36,36,1.0,1.0
2,raw_safe,Raw,1.0,82,Isotonic,validation_threshold,quantile,0,3.340348064268297e-05,0.0005546846738212949,189739,5,3.853643436516373e-05,2.6351988784593573e-05
2,raw_safe,Raw,1.0,82,Isotonic,validation_threshold,quantile,1,0.0005546846738212949,0.0020008003201280513,105452,54,0.0005867480647344522,0.0005120813261009748
2,raw_safe,Raw,1.0,82,Isotonic,validation_threshold,quantile,2,0.0020008003201280513,1.0,34738,171,0.005429023565459533,0.004922563187287696
2,raw_safe,Raw,1.0,82,Isotonic,test,uniform,0,0.0,0.1,605477,281,0.0006569642946860186,0.00046409690211188866
2,raw_safe,Raw,1.0,82,Isotonic,test,uniform,1,0.1,0.2,0,0,,
2,raw_safe,Raw,1.0,82,Isotonic,test,uniform,2,0.2,0.30000000000000004,0,0,,
2,raw_safe,Raw,1.0,82,Isotonic,test,uniform,3,0.30000000000000004,0.4,0,0,,
2,raw_safe,Raw,1.0,82,Isotonic,test,uniform,4,0.4,0.5,0,0,,
2,raw_safe,Raw,1.0,82,Isotonic,test,uniform,5,0.5,0.6000000000000001,0,0,,
2,raw_safe,Raw,1.0,82,Isotonic,test,uniform,6,0.6000000000000001,0.7000000000000001,0,0,,
2,raw_safe,Raw,1.0,82,Isotonic,test,uniform,7,0.7000000000000001,0.8,5,3,0.75,0.6
2,raw_safe,Raw,1.0,82,Isotonic,test,uniform,8,0.8,0.9,0,0,,
2,raw_safe,Raw,1.0,82,Isotonic,test,uniform,9,0.9,1.0,28,28,1.0,1.0
2,raw_safe,Raw,1.0,82,Isotonic,test,quantile,0,3.340348064268297e-05,0.0005546846738212949,346205,12,3.858910731695141e-05,3.466154446065192e-05
2,raw_safe,Raw,1.0,82,Isotonic,test,quantile,1,0.0005546846738212949,0.0020008003201280513,195934,85,0.00058771895574032,0.0004338195514816214
2,raw_safe,Raw,1.0,82,Isotonic,test,quantile,2,0.0020008003201280513,1.0,63371,215,0.004750010296206741,0.003392719067081157
2,recipient_full_weight_2,Recipient,2.0,42,Uncalibrated,validation_threshold,uniform,0,0.0,0.1,327531,101,0.0005844668799539795,0.00030836775755577336
2,recipient_full_weight_2,Recipient,2.0,42,Uncalibrated,validation_threshold,uniform,1,0.1,0.2,1480,17,0.11184571036386699,0.011486486486486487
2,recipient_full_weight_2,Recipient,2.0,42,Uncalibrated,validation_threshold,uniform,2,0.2,0.30000000000000004,120,15,0.22703209626334625,0.125
2,recipient_full_weight_2,Recipient,2.0,42,Uncalibrated,validation_threshold,uniform,3,0.30000000000000004,0.4,27,1,0.3395302485532859,0.037037037037037035
2,recipient_full_weight_2,Recipient,2.0,42,Uncalibrated,validation_threshold,uniform,4,0.4,0.5,13,2,0.45391560934957437,0.15384615384615385
2,recipient_full_weight_2,Recipient,2.0,42,Uncalibrated,validation_threshold,uniform,5,0.5,0.6000000000000001,14,3,0.5577384519653477,0.21428571428571427
2,recipient_full_weight_2,Recipient,2.0,42,Uncalibrated,validation_threshold,uniform,6,0.6000000000000001,0.7000000000000001,10,4,0.6286073990426072,0.4
2,recipient_full_weight_2,Recipient,2.0,42,Uncalibrated,validation_threshold,uniform,7,0.7000000000000001,0.8,354,1,0.7496491374634084,0.002824858757062147
2,recipient_full_weight_2,Recipient,2.0,42,Uncalibrated,validation_threshold,uniform,8,0.8,0.9,92,3,0.8547808250771953,0.03260869565217391
2,recipient_full_weight_2,Recipient,2.0,42,Uncalibrated,validation_threshold,uniform,9,0.9,1.0,288,83,0.9926103990434582,0.2881944444444444
2,recipient_full_weight_2,Recipient,2.0,42,Uncalibrated,validation_threshold,quantile,0,0.0,5.309098957645212e-06,32873,14,2.7950376360270755e-06,0.00042588142244395094
2,recipient_full_weight_2,Recipient,2.0,42,Uncalibrated,validation_threshold,quantile,1,5.309098957645212e-06,6.071983500062006e-06,15679,0,5.721735006197982e-06,0.0
2,recipient_full_weight_2,Recipient,2.0,42,Uncalibrated,validation_threshold,quantile,2,6.071983500062006e-06,3.6625003968001365e-05,40568,0,1.2208064124016133e-05,0.0
2,recipient_full_weight_2,Recipient,2.0,42,Uncalibrated,validation_threshold,quantile,3,3.6625003968001365e-05,3.855241360246565e-05,72021,0,3.670365413301959e-05,0.0
2,recipient_full_weight_2,Recipient,2.0,42,Uncalibrated,validation_threshold,quantile,4,3.855241360246565e-05,9.341382419267917e-05,36607,0,4.984479561743989e-05,0.0
2,recipient_full_weight_2,Recipient,2.0,42,Uncalibrated,validation_threshold,quantile,5,9.341382419267917e-05,0.0005242658492826057,30316,2,0.00031196156007094245,6.597176408497163e-05
2,recipient_full_weight_2,Recipient,2.0,42,Uncalibrated,validation_threshold,quantile,6,0.0005242658492826057,0.0007363140937626393,35657,11,0.0006134262770791584,0.0003084948257004235
2,recipient_full_weight_2,Recipient,2.0,42,Uncalibrated,validation_threshold,quantile,7,0.0007363140937626393,0.000841271072976123,33093,6,0.0007396307831051576,0.00018130722509291996
2,recipient_full_weight_2,Recipient,2.0,42,Uncalibrated,validation_threshold,quantile,8,0.000841271072976123,1.0,33115,197,0.029663435351410618,0.005948965725502038
2,recipient_full_weight_2,Recipient,2.0,42,Uncalibrated,test,uniform,0,0.0,0.1,602507,181,0.0005330190310350097,0.00030041144750185474
2,recipient_full_weight_2,Recipient,2.0,42,Uncalibrated,test,uniform,1,0.1,0.2,1521,29,0.11171886646527796,0.0190664036817883
2,recipient_full_weight_2,Recipient,2.0,42,Uncalibrated,test,uniform,2,0.2,0.30000000000000004,142,10,0.2254919439533366,0.07042253521126761
2,recipient_full_weight_2,Recipient,2.0,42,Uncalibrated,test,uniform,3,0.30000000000000004,0.4,76,2,0.3345530844241507,0.02631578947368421
2,recipient_full_weight_2,Recipient,2.0,42,Uncalibrated,test,uniform,4,0.4,0.5,26,2,0.4470989822761263,0.07692307692307693
2,recipient_full_weight_2,Recipient,2.0,42,Uncalibrated,test,uniform,5,0.5,0.6000000000000001,20,4,0.5499511028640012,0.2
2,recipient_full_weight_2,Recipient,2.0,42,Uncalibrated,test,uniform,6,0.6000000000000001,0.7000000000000001,8,2,0.6278480748630695,0.25
2,recipient_full_weight_2,Recipient,2.0,42,Uncalibrated,test,uniform,7,0.7000000000000001,0.8,705,0,0.7491110135851436,0.0
2,recipient_full_weight_2,Recipient,2.0,42,Uncalibrated,test,uniform,8,0.8,0.9,67,3,0.8579399677948971,0.04477611940298507
2,recipient_full_weight_2,Recipient,2.0,42,Uncalibrated,test,uniform,9,0.9,1.0,438,79,0.9916517597990968,0.18036529680365296
2,recipient_full_weight_2,Recipient,2.0,42,Uncalibrated,test,quantile,0,0.0,5.592400509899832e-06,60506,16,3.1223955607929583e-06,0.0002644365848015073
2,recipient_full_weight_2,Recipient,2.0,42,Uncalibrated,test,quantile,1,5.592400509899832e-06,6.071983500062006e-06,24222,0,5.788820239092296e-06,0.0
2,recipient_full_weight_2,Recipient,2.0,42,Uncalibrated,test,quantile,2,6.071983500062006e-06,3.6625003968001365e-05,78651,2,1.2034977876664473e-05,2.5428793022339193e-05
2,recipient_full_weight_2,Recipient,2.0,42,Uncalibrated,test,quantile,3,3.6625003968001365e-05,0.00011217462165079109,199757,1,4.1342311170110564e-05,5.006082390103976e-06
2,recipient_full_weight_2,Recipient,2.0,42,Uncalibrated,test,quantile,4,0.00011217462165079109,0.0005358271244674743,60465,16,0.0003445726800114616,0.0002646158934921029
2,recipient_full_weight_2,Recipient,2.0,42,Uncalibrated,test,quantile,5,0.0005358271244674743,0.0007363140937626393,60646,7,0.0006296447841700666,0.00011542393562642219
2,recipient_full_weight_2,Recipient,2.0,42,Uncalibrated,test,quantile,6,0.0007363140937626393,1.0,121263,270,0.012597073574343134,0.002226565399173697
2,recipient_full_weight_2,Recipient,2.0,42,Platt,validation_threshold,uniform,0,0.0,0.1,329669,148,0.0004299179601318645,0.0004489351440384143
2,recipient_full_weight_2,Recipient,2.0,42,Platt,validation_threshold,uniform,1,0.1,0.2,136,0,0.1282957158460614,0.0
2,recipient_full_weight_2,Recipient,2.0,42,Platt,validation_threshold,uniform,2,0.2,0.30000000000000004,13,11,0.24166974599310226,0.8461538461538461
2,recipient_full_weight_2,Recipient,2.0,42,Platt,validation_threshold,uniform,3,0.30000000000000004,0.4,27,9,0.33891355177874444,0.3333333333333333
2,recipient_full_weight_2,Recipient,2.0,42,Platt,validation_threshold,uniform,4,0.4,0.5,18,15,0.4833379060565098,0.8333333333333334
2,recipient_full_weight_2,Recipient,2.0,42,Platt,validation_threshold,uniform,5,0.5,0.6000000000000001,0,0,,
2,recipient_full_weight_2,Recipient,2.0,42,Platt,validation_threshold,uniform,6,0.6000000000000001,0.7000000000000001,11,6,0.6483292058703227,0.5454545454545454
2,recipient_full_weight_2,Recipient,2.0,42,Platt,validation_threshold,uniform,7,0.7000000000000001,0.8,3,0,0.7529794265754569,0.0
2,recipient_full_weight_2,Recipient,2.0,42,Platt,validation_threshold,uniform,8,0.8,0.9,52,41,0.8820684681731954,0.7884615384615384
2,recipient_full_weight_2,Recipient,2.0,42,Platt,validation_threshold,uniform,9,0.9,1.0,0,0,,
2,recipient_full_weight_2,Recipient,2.0,42,Platt,validation_threshold,quantile,0,3.452823597557686e-05,7.253242167607876e-05,32873,14,5.460473961966453e-05,0.00042588142244395094
2,recipient_full_weight_2,Recipient,2.0,42,Platt,validation_threshold,quantile,1,7.253242167607876e-05,7.699406622598268e-05,15679,0,7.497950511503857e-05,0.0
2,recipient_full_weight_2,Recipient,2.0,42,Platt,validation_threshold,quantile,2,7.699406622598268e-05,0.00017117505056595743,40568,0,9.906762905749277e-05,0.0
2,recipient_full_weight_2,Recipient,2.0,42,Platt,validation_threshold,quantile,3,0.00017117505056595743,0.00017512292072319253,72021,0,0.00017133684614574496,0.0
2,recipient_full_weight_2,Recipient,2.0,42,Platt,validation_threshold,quantile,4,0.00017512292072319253,0.00025954858392945564,36607,0,0.00019383917644897795,0.0
2,recipient_full_weight_2,Recipient,2.0,42,Platt,validation_threshold,quantile,5,0.00025954858392945564,0.0005588173347884858,30316,2,0.00042886611502746734,6.597176408497163e-05
2,recipient_full_weight_2,Recipient,2.0,42,Platt,validation_threshold,quantile,6,0.0005588173347884858,0.0006499213856272902,35657,11,0.0005987154902395346,0.0003084948257004235
2,recipient_full_weight_2,Recipient,2.0,42,Platt,validation_threshold,quantile,7,0.0006499213856272902,0.0006895987491575654,33093,6,0.0006512000188827297,0.00018130722509291996
2,recipient_full_weight_2,Recipient,2.0,42,Platt,validation_threshold,quantile,8,0.0006895987491575654,0.8820684681731954,33115,197,0.0046234041363175295,0.005948965725502038
2,recipient_full_weight_2,Recipient,2.0,42,Platt,test,uniform,0,0.0,0.1,605115,233,0.00040831096206356835,0.00038505077547243085
2,recipient_full_weight_2,Recipient,2.0,42,Platt,test,uniform,1,0.1,0.2,286,1,0.12689901969891546,0.0034965034965034965
2,recipient_full_weight_2,Recipient,2.0,42,Platt,test,uniform,2,0.2,0.30000000000000004,10,8,0.24550169806367003,0.8
2,recipient_full_weight_2,Recipient,2.0,42,Platt,test,uniform,3,0.30000000000000004,0.4,18,12,0.34071562286788765,0.6666666666666666
2,recipient_full_weight_2,Recipient,2.0,42,Platt,test,uniform,4,0.4,0.5,21,18,0.4741423104420693,0.8571428571428571
2,recipient_full_weight_2,Recipient,2.0,42,Platt,test,uniform,5,0.5,0.6000000000000001,0,0,,
2,recipient_full_weight_2,Recipient,2.0,42,Platt,test,uniform,6,0.6000000000000001,0.7000000000000001,4,3,0.6694161269824774,0.75
2,recipient_full_weight_2,Recipient,2.0,42,Platt,test,uniform,7,0.7000000000000001,0.8,1,0,0.7216356781862764,0.0
2,recipient_full_weight_2,Recipient,2.0,42,Platt,test,uniform,8,0.8,0.9,55,37,0.8820684681731954,0.6727272727272727
2,recipient_full_weight_2,Recipient,2.0,42,Platt,test,uniform,9,0.9,1.0,0,0,,
2,recipient_full_weight_2,Recipient,2.0,42,Platt,test,quantile,0,3.452823597557686e-05,7.422844075226487e-05,60506,16,5.6918024872795493e-05,0.0002644365848015073
2,recipient_full_weight_2,Recipient,2.0,42,Platt,test,quantile,1,7.422844075226487e-05,7.699406622598268e-05,24222,0,7.537446687878689e-05,0.0
2,recipient_full_weight_2,Recipient,2.0,42,Platt,test,quantile,2,7.699406622598268e-05,0.00017117505056595743,78651,2,9.838283391007151e-05,2.5428793022339193e-05
2,recipient_full_weight_2,Recipient,2.0,42,Platt,test,quantile,3,0.00017117505056595743,0.0002815491874181707,199757,1,0.0001790165245147999,5.006082390103976e-06
2,recipient_full_weight_2,Recipient,2.0,42,Platt,test,quantile,4,0.0002815491874181707,0.0005642633854824826,60465,16,0.0004501752680886261,0.0002646158934921029
2,recipient_full_weight_2,Recipient,2.0,42,Platt,test,quantile,5,0.0005642633854824826,0.0006499213856272902,60646,7,0.0006059633771625017,0.00011542393562642219
2,recipient_full_weight_2,Recipient,2.0,42,Platt,test,quantile,6,0.0006499213856272902,0.8820684681731954,121263,270,0.001988155851551907,0.002226565399173697
2,recipient_full_weight_2,Recipient,2.0,42,Isotonic,validation_threshold,uniform,0,0.0,0.1,329804,148,0.0005463828081923451,0.0004487513796072819
2,recipient_full_weight_2,Recipient,2.0,42,Isotonic,validation_threshold,uniform,1,0.1,0.2,0,0,,
2,recipient_full_weight_2,Recipient,2.0,42,Isotonic,validation_threshold,uniform,2,0.2,0.30000000000000004,2,1,0.22815413243469668,0.5
2,recipient_full_weight_2,Recipient,2.0,42,Isotonic,validation_threshold,uniform,3,0.30000000000000004,0.4,1,1,0.34244200143929915,1.0
2,recipient_full_weight_2,Recipient,2.0,42,Isotonic,validation_threshold,uniform,4,0.4,0.5,29,15,0.4799388921785282,0.5172413793103449
2,recipient_full_weight_2,Recipient,2.0,42,Isotonic,validation_threshold,uniform,5,0.5,0.6000000000000001,7,2,0.5,0.2857142857142857
2,recipient_full_weight_2,Recipient,2.0,42,Isotonic,validation_threshold,uniform,6,0.6000000000000001,0.7000000000000001,86,63,0.6455696202531644,0.7325581395348837
2,recipient_full_weight_2,Recipient,2.0,42,Isotonic,validation_threshold,uniform,7,0.7000000000000001,0.8,0,0,,
2,recipient_full_weight_2,Recipient,2.0,42,Isotonic,validation_threshold,uniform,8,0.8,0.9,0,0,,
2,recipient_full_weight_2,Recipient,2.0,42,Isotonic,validation_threshold,uniform,9,0.9,1.0,0,0,,
2,recipient_full_weight_2,Recipient,2.0,42,Isotonic,validation_threshold,quantile,0,4.975768009792311e-05,0.00018061136948570913,211561,14,4.9757680097923106e-05,6.617476756112895e-05
2,recipient_full_weight_2,Recipient,2.0,42,Isotonic,validation_threshold,quantile,1,0.00018061136948570913,0.00023734445461634965,51806,13,0.00018358016513760376,0.0002509361849978767
2,recipient_full_weight_2,Recipient,2.0,42,Isotonic,validation_threshold,quantile,2,0.00023734445461634965,0.0005697572833972728,30406,6,0.00023734445461634968,0.00019732947444583307
2,recipient_full_weight_2,Recipient,2.0,42,Isotonic,validation_threshold,quantile,3,0.0005697572833972728,0.6455696202531646,36156,197,0.006269531117185147,0.005448611572076557
2,recipient_full_weight_2,Recipient,2.0,42,Isotonic,test,uniform,0,0.0,0.1,605401,234,0.0004724862695067955,0.0003865206697709452
2,recipient_full_weight_2,Recipient,2.0,42,Isotonic,test,uniform,1,0.1,0.2,0,0,,
2,recipient_full_weight_2,Recipient,2.0,42,Isotonic,test,uniform,2,0.2,0.30000000000000004,1,1,0.2620575984688033,1.0
2,recipient_full_weight_2,Recipient,2.0,42,Isotonic,test,uniform,3,0.30000000000000004,0.4,0,0,,
2,recipient_full_weight_2,Recipient,2.0,42,Isotonic,test,uniform,4,0.4,0.5,19,12,0.4827586206896552,0.631578947368421
2,recipient_full_weight_2,Recipient,2.0,42,Isotonic,test,uniform,5,0.5,0.6000000000000001,5,4,0.5188320617286325,0.8
2,recipient_full_weight_2,Recipient,2.0,42,Isotonic,test,uniform,6,0.6000000000000001,0.7000000000000001,84,61,0.6455696202531644,0.7261904761904762
2,recipient_full_weight_2,Recipient,2.0,42,Isotonic,test,uniform,7,0.7000000000000001,0.8,0,0,,
2,recipient_full_weight_2,Recipient,2.0,42,Isotonic,test,uniform,8,0.8,0.9,0,0,,
2,recipient_full_weight_2,Recipient,2.0,42,Isotonic,test,uniform,9,0.9,1.0,0,0,,
2,recipient_full_weight_2,Recipient,2.0,42,Isotonic,test,quantile,0,4.975768009792311e-05,0.00018061136948570913,386599,21,4.9757680097923106e-05,5.4319850801476464e-05
2,recipient_full_weight_2,Recipient,2.0,42,Isotonic,test,quantile,1,0.00018061136948570913,0.00023734445461634965,97314,21,0.0001838263208034122,0.00021579628830384117
2,recipient_full_weight_2,Recipient,2.0,42,Isotonic,test,quantile,2,0.00023734445461634965,0.6455696202531646,121597,270,0.0025919635837752947,0.0022204495176690216
2,recipient_full_weight_2,Recipient,2.0,52,Uncalibrated,validation_threshold,uniform,0,0.0,0.1,325964,98,0.0004342774327699912,0.00030064669718128385
2,recipient_full_weight_2,Recipient,2.0,52,Uncalibrated,validation_threshold,uniform,1,0.1,0.2,35,0,0.13277774607242587,0.0
2,recipient_full_weight_2,Recipient,2.0,52,Uncalibrated,validation_threshold,uniform,2,0.2,0.30000000000000004,468,10,0.2242176805736114,0.021367521367521368
2,recipient_full_weight_2,Recipient,2.0,52,Uncalibrated,validation_threshold,uniform,3,0.30000000000000004,0.4,5,0,0.3585075735750404,0.0
2,recipient_full_weight_2,Recipient,2.0,52,Uncalibrated,validation_threshold,uniform,4,0.4,0.5,11,0,0.44356915906501176,0.0
2,recipient_full_weight_2,Recipient,2.0,52,Uncalibrated,validation_threshold,uniform,5,0.5,0.6000000000000001,1142,9,0.5646124128159097,0.00788091068301226
2,recipient_full_weight_2,Recipient,2.0,52,Uncalibrated,validation_threshold,uniform,6,0.6000000000000001,0.7000000000000001,18,0,0.6320376589563672,0.0
2,recipient_full_weight_2,Recipient,2.0,52,Uncalibrated,validation_threshold,uniform,7,0.7000000000000001,0.8,13,0,0.7420754861745302,0.0
2,recipient_full_weight_2,Recipient,2.0,52,Uncalibrated,validation_threshold,uniform,8,0.8,0.9,19,2,0.8370802916560638,0.10526315789473684
2,recipient_full_weight_2,Recipient,2.0,52,Uncalibrated,validation_threshold,uniform,9,0.9,1.0,2254,111,0.9995518990227492,0.04924578527062999
2,recipient_full_weight_2,Recipient,2.0,52,Uncalibrated,validation_threshold,quantile,0,0.0,3.59529670996676e-05,30531,25,4.676731857172097e-06,0.0008188398676754774
2,recipient_full_weight_2,Recipient,2.0,52,Uncalibrated,validation_threshold,quantile,1,3.59529670996676e-05,4.5416467870125475e-05,31640,0,3.981979337756055e-05,0.0
2,recipient_full_weight_2,Recipient,2.0,52,Uncalibrated,validation_threshold,quantile,2,4.5416467870125475e-05,4.696122004329472e-05,60376,0,4.54737988652517e-05,0.0
2,recipient_full_weight_2,Recipient,2.0,52,Uncalibrated,validation_threshold,quantile,3,4.696122004329472e-05,4.814377502719685e-05,38992,0,4.7009444751791924e-05,0.0
2,recipient_full_weight_2,Recipient,2.0,52,Uncalibrated,validation_threshold,quantile,4,4.814377502719685e-05,9.001497768182306e-05,36418,2,5.2216559334505364e-05,5.49178977428744e-05
2,recipient_full_weight_2,Recipient,2.0,52,Uncalibrated,validation_threshold,quantile,5,9.001497768182306e-05,0.0004381718717204388,32966,2,0.00023157917321119464,6.0668567615118606e-05
2,recipient_full_weight_2,Recipient,2.0,52,Uncalibrated,validation_threshold,quantile,6,0.0004381718717204388,0.0005775225885266258,29908,9,0.0004933946715506503,0.00030092283001203693
2,recipient_full_weight_2,Recipient,2.0,52,Uncalibrated,validation_threshold,quantile,7,0.0005775225885266258,0.0006206210476187729,35112,6,0.0005865431230771199,0.00017088174982911826
2,recipient_full_weight_2,Recipient,2.0,52,Uncalibrated,validation_threshold,quantile,8,0.0006206210476187729,1.0,33986,186,0.0924395053940156,0.005472841758371094
2,recipient_full_weight_2,Recipient,2.0,52,Uncalibrated,test,uniform,0,0.0,0.1,602009,184,0.0004528813661862963,0.000305643271113887
2,recipient_full_weight_2,Recipient,2.0,52,Uncalibrated,test,uniform,1,0.1,0.2,46,0,0.13395239232852618,0.0
2,recipient_full_weight_2,Recipient,2.0,52,Uncalibrated,test,uniform,2,0.2,0.30000000000000004,726,10,0.2233886592296889,0.013774104683195593
2,recipient_full_weight_2,Recipient,2.0,52,Uncalibrated,test,uniform,3,0.30000000000000004,0.4,13,1,0.35289449831820224,0.07692307692307693
2,recipient_full_weight_2,Recipient,2.0,52,Uncalibrated,test,uniform,4,0.4,0.5,12,1,0.4441248243752068,0.08333333333333333
2,recipient_full_weight_2,Recipient,2.0,52,Uncalibrated,test,uniform,5,0.5,0.6000000000000001,970,16,0.5645712327603871,0.016494845360824743
2,recipient_full_weight_2,Recipient,2.0,52,Uncalibrated,test,uniform,6,0.6000000000000001,0.7000000000000001,23,0,0.6355216048951792,0.0
2,recipient_full_weight_2,Recipient,2.0,52,Uncalibrated,test,uniform,7,0.7000000000000001,0.8,5,0,0.7457295631376025,0.0
2,recipient_full_weight_2,Recipient,2.0,52,Uncalibrated,test,uniform,8,0.8,0.9,18,0,0.826666492409852,0.0
2,recipient_full_weight_2,Recipient,2.0,52,Uncalibrated,test,uniform,9,0.9,1.0,1688,100,0.9993666236122558,0.05924170616113744
2,recipient_full_weight_2,Recipient,2.0,52,Uncalibrated,test,quantile,0,0.0,3.59529670996676e-05,50290,27,4.768009836125273e-06,0.0005368860608470869
2,recipient_full_weight_2,Recipient,2.0,52,Uncalibrated,test,quantile,1,3.59529670996676e-05,4.5416467870125475e-05,44162,0,4.052425016800654e-05,0.0
2,recipient_full_weight_2,Recipient,2.0,52,Uncalibrated,test,quantile,2,4.5416467870125475e-05,4.696122004329472e-05,121978,0,4.5470165679964475e-05,0.0
2,recipient_full_weight_2,Recipient,2.0,52,Uncalibrated,test,quantile,3,4.696122004329472e-05,5.1555542590820205e-05,84298,0,4.722052874318145e-05,0.0
2,recipient_full_weight_2,Recipient,2.0,52,Uncalibrated,test,quantile,4,5.1555542590820205e-05,9.103120230843798e-05,58242,0,5.313673415519483e-05,0.0
2,recipient_full_weight_2,Recipient,2.0,52,Uncalibrated,test,quantile,5,9.103120230843798e-05,0.0004425897252093154,63984,7,0.0002339148977766542,0.0001094023505876469
2,recipient_full_weight_2,Recipient,2.0,52,Uncalibrated,test,quantile,6,0.0004425897252093154,0.0005830777872340726,60721,13,0.0005069070410319288,0.00021409397078440737
2,recipient_full_weight_2,Recipient,2.0,52,Uncalibrated,test,quantile,7,0.0005830777872340726,0.000612958599100681,59639,18,0.0005863936580468675,0.00030181592582035244
2,recipient_full_weight_2,Recipient,2.0,52,Uncalibrated,test,quantile,8,0.000612958599100681,1.0,62196,247,0.04217825188065185,0.003971316483375137
2,recipient_full_weight_2,Recipient,2.0,52,Platt,validation_threshold,uniform,0,0.0,0.1,329929,230,0.0006578884555171466,0.0006971196833258065
2,recipient_full_weight_2,Recipient,2.0,52,Platt,validation_threshold,uniform,1,0.1,0.2,0,0,,
2,recipient_full_weight_2,Recipient,2.0,52,Platt,validation_threshold,uniform,2,0.2,0.30000000000000004,0,0,,
2,recipient_full_weight_2,Recipient,2.0,52,Platt,validation_threshold,uniform,3,0.30000000000000004,0.4,0,0,,
2,recipient_full_weight_2,Recipient,2.0,52,Platt,validation_threshold,uniform,4,0.4,0.5,0,0,,
2,recipient_full_weight_2,Recipient,2.0,52,Platt,validation_threshold,uniform,5,0.5,0.6000000000000001,0,0,,
2,recipient_full_weight_2,Recipient,2.0,52,Platt,validation_threshold,uniform,6,0.6000000000000001,0.7000000000000001,0,0,,
2,recipient_full_weight_2,Recipient,2.0,52,Platt,validation_threshold,uniform,7,0.7000000000000001,0.8,0,0,,
2,recipient_full_weight_2,Recipient,2.0,52,Platt,validation_threshold,uniform,8,0.8,0.9,0,0,,
2,recipient_full_weight_2,Recipient,2.0,52,Platt,validation_threshold,uniform,9,0.9,1.0,0,0,,
2,recipient_full_weight_2,Recipient,2.0,52,Platt,validation_threshold,quantile,0,8.854733190740104e-05,0.00021842317867202618,30531,25,0.00011141644869832646,0.0008188398676754774
2,recipient_full_weight_2,Recipient,2.0,52,Platt,validation_threshold,quantile,1,0.00021842317867202618,0.00023167284881860122,31640,0,0.00022391878578480678,0.0
2,recipient_full_weight_2,Recipient,2.0,52,Platt,validation_threshold,quantile,2,0.00023167284881860122,0.0002336341010982911,60376,0,0.00023174621705739453,0.0
2,recipient_full_weight_2,Recipient,2.0,52,Platt,validation_threshold,quantile,3,0.0002336341010982911,0.00023510313752181104,38992,0,0.00023369429356406092,0.0
2,recipient_full_weight_2,Recipient,2.0,52,Platt,validation_threshold,quantile,4,0.00023510313752181104,0.00027526787791389267,36418,2,0.00023972418088807535,5.49178977428744e-05
2,recipient_full_weight_2,Recipient,2.0,52,Platt,validation_threshold,quantile,5,0.00027526787791389267,0.00041020403077999894,32966,2,0.0003401633327176098,6.0668567615118606e-05
2,recipient_full_weight_2,Recipient,2.0,52,Platt,validation_threshold,quantile,6,0.00041020403077999894,0.00043977787895321173,29908,9,0.00042255255037847525,0.00030092283001203693
2,recipient_full_weight_2,Recipient,2.0,52,Platt,validation_threshold,quantile,7,0.00043977787895321173,0.00044783097015783365,35112,6,0.00044148556876120863,0.00017088174982911826
2,recipient_full_weight_2,Recipient,2.0,52,Platt,validation_threshold,quantile,8,0.00044783097015783365,0.08575947999887258,33986,186,0.003983483615434472,0.005472841758371094
2,recipient_full_weight_2,Recipient,2.0,52,Platt,test,uniform,0,0.0,0.1,605510,312,0.00048083442732063853,0.0005152681210880085
2,recipient_full_weight_2,Recipient,2.0,52,Platt,test,uniform,1,0.1,0.2,0,0,,
2,recipient_full_weight_2,Recipient,2.0,52,Platt,test,uniform,2,0.2,0.30000000000000004,0,0,,
2,recipient_full_weight_2,Recipient,2.0,52,Platt,test,uniform,3,0.30000000000000004,0.4,0,0,,
2,recipient_full_weight_2,Recipient,2.0,52,Platt,test,uniform,4,0.4,0.5,0,0,,
2,recipient_full_weight_2,Recipient,2.0,52,Platt,test,uniform,5,0.5,0.6000000000000001,0,0,,
2,recipient_full_weight_2,Recipient,2.0,52,Platt,test,uniform,6,0.6000000000000001,0.7000000000000001,0,0,,
2,recipient_full_weight_2,Recipient,2.0,52,Platt,test,uniform,7,0.7000000000000001,0.8,0,0,,
2,recipient_full_weight_2,Recipient,2.0,52,Platt,test,uniform,8,0.8,0.9,0,0,,
2,recipient_full_weight_2,Recipient,2.0,52,Platt,test,uniform,9,0.9,1.0,0,0,,
2,recipient_full_weight_2,Recipient,2.0,52,Platt,test,quantile,0,8.854733190740104e-05,0.00021842317867202618,50290,27,0.00011166730168548356,0.0005368860608470869
2,recipient_full_weight_2,Recipient,2.0,52,Platt,test,quantile,1,0.00021842317867202618,0.00023167284881860122,44162,0,0.00022491914973044795,0.0
2,recipient_full_weight_2,Recipient,2.0,52,Platt,test,quantile,2,0.00023167284881860122,0.0002336341010982911,121978,0,0.00023174157847093035,0.0
2,recipient_full_weight_2,Recipient,2.0,52,Platt,test,quantile,3,0.0002336341010982911,0.00023919538387915285,84298,0,0.00023395428870391177,0.0
2,recipient_full_weight_2,Recipient,2.0,52,Platt,test,quantile,4,0.00023919538387915285,0.0002760478736739102,58242,0,0.0002407682661138295,0.0
2,recipient_full_weight_2,Recipient,2.0,52,Platt,test,quantile,5,0.0002760478736739102,0.00041124273987750017,63984,7,0.0003413829812328553,0.0001094023505876469
2,recipient_full_weight_2,Recipient,2.0,52,Platt,test,quantile,6,0.00041124273987750017,0.00044084058679838973,60721,13,0.0004253384346829915,0.00021409397078440737
2,recipient_full_weight_2,Recipient,2.0,52,Platt,test,quantile,7,0.00044084058679838973,0.00044643045087265534,59639,18,0.000441465034463148,0.00030181592582035244
2,recipient_full_weight_2,Recipient,2.0,52,Platt,test,quantile,8,0.00044643045087265534,0.08575947999887258,62196,247,0.0022443692648712633,0.003971316483375137
2,recipient_full_weight_2,Recipient,2.0,52,Isotonic,validation_threshold,uniform,0,0.0,0.1,329483,133,0.00042757022600932774,0.0004036627079394081
2,recipient_full_weight_2,Recipient,2.0,52,Isotonic,validation_threshold,uniform,1,0.1,0.2,277,4,0.12749881406291463,0.01444043321299639
2,recipient_full_weight_2,Recipient,2.0,52,Isotonic,validation_threshold,uniform,2,0.2,0.30000000000000004,0,0,,
2,recipient_full_weight_2,Recipient,2.0,52,Isotonic,validation_threshold,uniform,3,0.30000000000000004,0.4,0,0,,
2,recipient_full_weight_2,Recipient,2.0,52,Isotonic,validation_threshold,uniform,4,0.4,0.5,0,0,,
2,recipient_full_weight_2,Recipient,2.0,52,Isotonic,validation_threshold,uniform,5,0.5,0.6000000000000001,169,93,0.5547445255474451,0.5502958579881657
2,recipient_full_weight_2,Recipient,2.0,52,Isotonic,validation_threshold,uniform,6,0.6000000000000001,0.7000000000000001,0,0,,
2,recipient_full_weight_2,Recipient,2.0,52,Isotonic,validation_threshold,uniform,7,0.7000000000000001,0.8,0,0,,
2,recipient_full_weight_2,Recipient,2.0,52,Isotonic,validation_threshold,uniform,8,0.8,0.9,0,0,,
2,recipient_full_weight_2,Recipient,2.0,52,Isotonic,validation_threshold,uniform,9,0.9,1.0,0,0,,
2,recipient_full_weight_2,Recipient,2.0,52,Isotonic,validation_threshold,quantile,0,9.512858903622331e-05,0.00025154859604439834,256994,35,9.512858903622331e-05,0.00013618994995992124
2,recipient_full_weight_2,Recipient,2.0,52,Isotonic,validation_threshold,quantile,1,0.00025154859604439834,0.0004004605296090504,32318,8,0.0002515485960443983,0.0002475400705489201
2,recipient_full_weight_2,Recipient,2.0,52,Isotonic,validation_threshold,quantile,2,0.0004004605296090504,0.5547445255474452,40617,187,0.0058440823534834895,0.004603983553684418
2,recipient_full_weight_2,Recipient,2.0,52,Isotonic,test,uniform,0,0.0,0.1,604896,224,0.0003537825191279391,0.00037031159075279056
2,recipient_full_weight_2,Recipient,2.0,52,Isotonic,test,uniform,1,0.1,0.2,436,2,0.12757409922290244,0.0045871559633027525
2,recipient_full_weight_2,Recipient,2.0,52,Isotonic,test,uniform,2,0.2,0.30000000000000004,1,0,0.26144325644901906,0.0
2,recipient_full_weight_2,Recipient,2.0,52,Isotonic,test,uniform,3,0.30000000000000004,0.4,1,1,0.3347685737236256,1.0
2,recipient_full_weight_2,Recipient,2.0,52,Isotonic,test,uniform,4,0.4,0.5,0,0,,
2,recipient_full_weight_2,Recipient,2.0,52,Isotonic,test,uniform,5,0.5,0.6000000000000001,176,85,0.5547445255474451,0.48295454545454547
2,recipient_full_weight_2,Recipient,2.0,52,Isotonic,test,uniform,6,0.6000000000000001,0.7000000000000001,0,0,,
2,recipient_full_weight_2,Recipient,2.0,52,Isotonic,test,uniform,7,0.7000000000000001,0.8,0,0,,
2,recipient_full_weight_2,Recipient,2.0,52,Isotonic,test,uniform,8,0.8,0.9,0,0,,
2,recipient_full_weight_2,Recipient,2.0,52,Isotonic,test,uniform,9,0.9,1.0,0,0,,
2,recipient_full_weight_2,Recipient,2.0,52,Isotonic,test,quantile,0,9.512858903622331e-05,0.00025154859604439834,468503,42,9.512858903622331e-05,8.964723811800565e-05
2,recipient_full_weight_2,Recipient,2.0,52,Isotonic,test,quantile,1,0.00025154859604439834,0.0004004605296090504,65442,18,0.0002515485960443983,0.0002750527184377006
2,recipient_full_weight_2,Recipient,2.0,52,Isotonic,test,quantile,2,0.0004004605296090504,0.5547445255474452,71565,252,0.004287365523741314,0.0035212743659610145
2,recipient_full_weight_2,Recipient,2.0,62,Uncalibrated,validation_threshold,uniform,0,0.0,0.1,327748,96,0.00038193992776166966,0.00029290796587622196
2,recipient_full_weight_2,Recipient,2.0,62,Uncalibrated,validation_threshold,uniform,1,0.1,0.2,25,1,0.147234280576378,0.04
2,recipient_full_weight_2,Recipient,2.0,62,Uncalibrated,validation_threshold,uniform,2,0.2,0.30000000000000004,207,11,0.2854227430180365,0.05314009661835749
2,recipient_full_weight_2,Recipient,2.0,62,Uncalibrated,validation_threshold,uniform,3,0.30000000000000004,0.4,13,4,0.36036177613738285,0.3076923076923077
2,recipient_full_weight_2,Recipient,2.0,62,Uncalibrated,validation_threshold,uniform,4,0.4,0.5,15,1,0.4387001890523925,0.06666666666666667
2,recipient_full_weight_2,Recipient,2.0,62,Uncalibrated,validation_threshold,uniform,5,0.5,0.6000000000000001,1,0,0.517257437915703,0.0
2,recipient_full_weight_2,Recipient,2.0,62,Uncalibrated,validation_threshold,uniform,6,0.6000000000000001,0.7000000000000001,2,2,0.6335002156352224,1.0
2,recipient_full_weight_2,Recipient,2.0,62,Uncalibrated,validation_threshold,uniform,7,0.7000000000000001,0.8,5,0,0.7298301748767285,0.0
2,recipient_full_weight_2,Recipient,2.0,62,Uncalibrated,validation_threshold,uniform,8,0.8,0.9,1,0,0.8121014066302675,0.0
2,recipient_full_weight_2,Recipient,2.0,62,Uncalibrated,validation_threshold,uniform,9,0.9,1.0,1912,115,0.9997277428152535,0.06014644351464435
2,recipient_full_weight_2,Recipient,2.0,62,Uncalibrated,validation_threshold,quantile,0,0.0,4.5798366405113184e-05,32852,21,9.742955565799962e-06,0.0006392304882503349
2,recipient_full_weight_2,Recipient,2.0,62,Uncalibrated,validation_threshold,quantile,1,4.5798366405113184e-05,6.111508239499462e-05,30935,0,5.3346632946130214e-05,0.0
2,recipient_full_weight_2,Recipient,2.0,62,Uncalibrated,validation_threshold,quantile,2,6.111508239499462e-05,7.228493461837149e-05,34026,1,6.284839543997842e-05,2.9389290542526303e-05
2,recipient_full_weight_2,Recipient,2.0,62,Uncalibrated,validation_threshold,quantile,3,7.228493461837149e-05,8.300169609396995e-05,9863,1,7.368431622919534e-05,0.0001013890297069857
2,recipient_full_weight_2,Recipient,2.0,62,Uncalibrated,validation_threshold,quantile,4,8.300169609396995e-05,8.635818295517377e-05,40518,0,8.351382074227151e-05,0.0
2,recipient_full_weight_2,Recipient,2.0,62,Uncalibrated,validation_threshold,quantile,5,8.635818295517377e-05,0.0001083741363419863,45693,1,8.674026282984518e-05,2.1885190291729586e-05
2,recipient_full_weight_2,Recipient,2.0,62,Uncalibrated,validation_threshold,quantile,6,0.0001083741363419863,0.00042260296972098044,36483,3,0.0002124653622141456,8.223007976317738e-05
2,recipient_full_weight_2,Recipient,2.0,62,Uncalibrated,validation_threshold,quantile,7,0.00042260296972098044,0.0005251043882303705,28901,4,0.00047268596651246515,0.0001384035154492924
2,recipient_full_weight_2,Recipient,2.0,62,Uncalibrated,validation_threshold,quantile,8,0.0005251043882303705,0.0006275350919223288,35374,13,0.0005720755909838622,0.0003675015548142704
2,recipient_full_weight_2,Recipient,2.0,62,Uncalibrated,validation_threshold,quantile,9,0.0006275350919223288,1.0,35284,186,0.058471309441090795,0.0052715111665344065
2,recipient_full_weight_2,Recipient,2.0,62,Uncalibrated,test,uniform,0,0.0,0.1,603013,187,0.0004045006975539065,0.0003101094006265205
2,recipient_full_weight_2,Recipient,2.0,62,Uncalibrated,test,uniform,1,0.1,0.2,30,2,0.13753990371715058,0.06666666666666667
2,recipient_full_weight_2,Recipient,2.0,62,Uncalibrated,test,uniform,2,0.2,0.30000000000000004,206,11,0.2861271971748553,0.05339805825242718
2,recipient_full_weight_2,Recipient,2.0,62,Uncalibrated,test,uniform,3,0.30000000000000004,0.4,18,2,0.3425459180640005,0.1111111111111111
2,recipient_full_weight_2,Recipient,2.0,62,Uncalibrated,test,uniform,4,0.4,0.5,22,0,0.44027189796588234,0.0
2,recipient_full_weight_2,Recipient,2.0,62,Uncalibrated,test,uniform,5,0.5,0.6000000000000001,5,0,0.53496793157958,0.0
2,recipient_full_weight_2,Recipient,2.0,62,Uncalibrated,test,uniform,6,0.6000000000000001,0.7000000000000001,5,0,0.6743665473967583,0.0
2,recipient_full_weight_2,Recipient,2.0,62,Uncalibrated,test,uniform,7,0.7000000000000001,0.8,5,0,0.7306510730500846,0.0
2,recipient_full_weight_2,Recipient,2.0,62,Uncalibrated,test,uniform,8,0.8,0.9,2,1,0.8138382751597355,0.5
2,recipient_full_weight_2,Recipient,2.0,62,Uncalibrated,test,uniform,9,0.9,1.0,2204,109,0.9997438123136714,0.04945553539019964
2,recipient_full_weight_2,Recipient,2.0,62,Uncalibrated,test,quantile,0,0.0,4.717036577896288e-05,53067,24,1.0184344591292064e-05,0.0004522584657131551
2,recipient_full_weight_2,Recipient,2.0,62,Uncalibrated,test,quantile,1,4.717036577896288e-05,6.268687269218141e-05,64579,1,5.696728427693798e-05,1.548490995524861e-05
2,recipient_full_weight_2,Recipient,2.0,62,Uncalibrated,test,quantile,2,6.268687269218141e-05,8.300169609396995e-05,61827,0,6.539493897747386e-05,0.0
2,recipient_full_weight_2,Recipient,2.0,62,Uncalibrated,test,quantile,3,8.300169609396995e-05,8.635818295517377e-05,50245,0,8.376669488247473e-05,0.0
2,recipient_full_weight_2,Recipient,2.0,62,Uncalibrated,test,quantile,4,8.635818295517377e-05,0.00011026494510830371,132172,0,8.748074167851679e-05,0.0
2,recipient_full_weight_2,Recipient,2.0,62,Uncalibrated,test,quantile,5,0.00011026494510830371,0.0004468698166673214,61949,6,0.0002623946360395824,9.685386366204458e-05
2,recipient_full_weight_2,Recipient,2.0,62,Uncalibrated,test,quantile,6,0.0004468698166673214,0.000554796516938319,57177,12,0.000501045664191036,0.00020987459992654388
2,recipient_full_weight_2,Recipient,2.0,62,Uncalibrated,test,quantile,7,0.000554796516938319,0.0006275350919223288,54330,20,0.0005916025691199181,0.0003681207436039021
2,recipient_full_weight_2,Recipient,2.0,62,Uncalibrated,test,quantile,8,0.0006275350919223288,1.0,70164,249,0.03472611788142967,0.0035488284590388234
2,recipient_full_weight_2,Recipient,2.0,62,Platt,validation_threshold,uniform,0,0.0,0.1,328253,116,0.00038597736854458365,0.00035338595534541953
2,recipient_full_weight_2,Recipient,2.0,62,Platt,validation_threshold,uniform,1,0.1,0.2,1676,114,0.1457884641784972,0.06801909307875895
2,recipient_full_weight_2,Recipient,2.0,62,Platt,validation_threshold,uniform,2,0.2,0.30000000000000004,0,0,,
2,recipient_full_weight_2,Recipient,2.0,62,Platt,validation_threshold,uniform,3,0.30000000000000004,0.4,0,0,,
2,recipient_full_weight_2,Recipient,2.0,62,Platt,validation_threshold,uniform,4,0.4,0.5,0,0,,
2,recipient_full_weight_2,Recipient,2.0,62,Platt,validation_threshold,uniform,5,0.5,0.6000000000000001,0,0,,
2,recipient_full_weight_2,Recipient,2.0,62,Platt,validation_threshold,uniform,6,0.6000000000000001,0.7000000000000001,0,0,,
2,recipient_full_weight_2,Recipient,2.0,62,Platt,validation_threshold,uniform,7,0.7000000000000001,0.8,0,0,,
2,recipient_full_weight_2,Recipient,2.0,62,Platt,validation_threshold,uniform,8,0.8,0.9,0,0,,
2,recipient_full_weight_2,Recipient,2.0,62,Platt,validation_threshold,uniform,9,0.9,1.0,0,0,,
2,recipient_full_weight_2,Recipient,2.0,62,Platt,validation_threshold,quantile,0,9.11750129219928e-05,0.00025865895455969115,32852,21,0.0001360136167814995,0.0006392304882503349
2,recipient_full_weight_2,Recipient,2.0,62,Platt,validation_threshold,quantile,1,0.00025865895455969115,0.0002798268712705906,30935,0,0.00026930425516860976,0.0
2,recipient_full_weight_2,Recipient,2.0,62,Platt,validation_threshold,quantile,2,0.0002798268712705906,0.00029293073766615765,34026,1,0.0002819395787019461,2.9389290542526303e-05
2,recipient_full_weight_2,Recipient,2.0,62,Platt,validation_threshold,quantile,3,0.00029293073766615765,0.0003041824841946021,9863,1,0.0002944523095659119,0.0001013890297069857
2,recipient_full_weight_2,Recipient,2.0,62,Platt,validation_threshold,quantile,4,0.0003041824841946021,0.0003074879964214065,40518,0,0.00030469066198071117,0.0
2,recipient_full_weight_2,Recipient,2.0,62,Platt,validation_threshold,quantile,5,0.0003074879964214065,0.00032712732369267236,45693,1,0.00030783773448852164,2.1885190291729586e-05
2,recipient_full_weight_2,Recipient,2.0,62,Platt,validation_threshold,quantile,6,0.00032712732369267236,0.00047408877764877264,36483,3,0.00038349589742466765,8.223007976317738e-05
2,recipient_full_weight_2,Recipient,2.0,62,Platt,validation_threshold,quantile,7,0.00047408877764877264,0.0005030124555788694,28901,4,0.0004885943381561333,0.0001384035154492924
2,recipient_full_weight_2,Recipient,2.0,62,Platt,validation_threshold,quantile,8,0.0005030124555788694,0.0005280622727147174,35374,13,0.0005147510384864311,0.0003675015548142704
2,recipient_full_weight_2,Recipient,2.0,62,Platt,validation_threshold,quantile,9,0.0005280622727147174,0.14584468452052424,35284,186,0.007737522801875829,0.0052715111665344065
2,recipient_full_weight_2,Recipient,2.0,62,Platt,test,uniform,0,0.0,0.1,603725,205,0.00038995627953539494,0.00033955857385398983
2,recipient_full_weight_2,Recipient,2.0,62,Platt,test,uniform,1,0.1,0.2,1785,107,0.14578977589931014,0.05994397759103642
2,recipient_full_weight_2,Recipient,2.0,62,Platt,test,uniform,2,0.2,0.30000000000000004,0,0,,
2,recipient_full_weight_2,Recipient,2.0,62,Platt,test,uniform,3,0.30000000000000004,0.4,0,0,,
2,recipient_full_weight_2,Recipient,2.0,62,Platt,test,uniform,4,0.4,0.5,0,0,,
2,recipient_full_weight_2,Recipient,2.0,62,Platt,test,uniform,5,0.5,0.6000000000000001,0,0,,
2,recipient_full_weight_2,Recipient,2.0,62,Platt,test,uniform,6,0.6000000000000001,0.7000000000000001,0,0,,
2,recipient_full_weight_2,Recipient,2.0,62,Platt,test,uniform,7,0.7000000000000001,0.8,0,0,,
2,recipient_full_weight_2,Recipient,2.0,62,Platt,test,uniform,8,0.8,0.9,0,0,,
2,recipient_full_weight_2,Recipient,2.0,62,Platt,test,uniform,9,0.9,1.0,0,0,,
2,recipient_full_weight_2,Recipient,2.0,62,Platt,test,quantile,0,9.11750129219928e-05,0.0002607489840561185,53067,24,0.00013775881733467241,0.0004522584657131551
2,recipient_full_weight_2,Recipient,2.0,62,Platt,test,quantile,1,0.0002607489840561185,0.00028177092951518496,64579,1,0.00027421648400423776,1.548490995524861e-05
2,recipient_full_weight_2,Recipient,2.0,62,Platt,test,quantile,2,0.00028177092951518496,0.0003041824841946021,61827,0,0.0002849190070266397,0.0
2,recipient_full_weight_2,Recipient,2.0,62,Platt,test,quantile,3,0.0003041824841946021,0.0003074879964214065,50245,0,0.00030494158464230465,0.0
2,recipient_full_weight_2,Recipient,2.0,62,Platt,test,quantile,4,0.0003074879964214065,0.0003286736359152372,132172,0,0.0003084942981060126,0.0
2,recipient_full_weight_2,Recipient,2.0,62,Platt,test,quantile,5,0.0003286736359152372,0.00048136224904808076,61949,6,0.00040616772453504294,9.685386366204458e-05
2,recipient_full_weight_2,Recipient,2.0,62,Platt,test,quantile,6,0.00048136224904808076,0.0005106146959451662,57177,12,0.0004964811595018577,0.00020987459992654388
2,recipient_full_weight_2,Recipient,2.0,62,Platt,test,quantile,7,0.0005106146959451662,0.0005280622727147174,54330,20,0.0005195903748630052,0.0003681207436039021
2,recipient_full_weight_2,Recipient,2.0,62,Platt,test,quantile,8,0.0005280622727147174,0.14584468452052424,70164,249,0.004491646897772982,0.0035488284590388234
2,recipient_full_weight_2,Recipient,2.0,62,Isotonic,validation_threshold,uniform,0,0.0,0.1,329686,129,0.0005108291512918586,0.00039128140109073484
2,recipient_full_weight_2,Recipient,2.0,62,Isotonic,validation_threshold,uniform,1,0.1,0.2,1,0,0.1326865392121563,0.0
2,recipient_full_weight_2,Recipient,2.0,62,Isotonic,validation_threshold,uniform,2,0.2,0.30000000000000004,37,2,0.21052631578947364,0.05405405405405406
2,recipient_full_weight_2,Recipient,2.0,62,Isotonic,validation_threshold,uniform,3,0.30000000000000004,0.4,0,0,,
2,recipient_full_weight_2,Recipient,2.0,62,Isotonic,validation_threshold,uniform,4,0.4,0.5,205,99,0.43820224719101136,0.48292682926829267
2,recipient_full_weight_2,Recipient,2.0,62,Isotonic,validation_threshold,uniform,5,0.5,0.6000000000000001,0,0,,
2,recipient_full_weight_2,Recipient,2.0,62,Isotonic,validation_threshold,uniform,6,0.6000000000000001,0.7000000000000001,0,0,,
2,recipient_full_weight_2,Recipient,2.0,62,Isotonic,validation_threshold,uniform,7,0.7000000000000001,0.8,0,0,,
2,recipient_full_weight_2,Recipient,2.0,62,Isotonic,validation_threshold,uniform,8,0.8,0.9,0,0,,
2,recipient_full_weight_2,Recipient,2.0,62,Isotonic,validation_threshold,uniform,9,0.9,1.0,0,0,,
2,recipient_full_weight_2,Recipient,2.0,62,Isotonic,validation_threshold,quantile,0,9.439774240346589e-05,0.00016873009512159112,212976,24,9.43986393926153e-05,0.0001126887536623845
2,recipient_full_weight_2,Recipient,2.0,62,Isotonic,validation_threshold,quantile,1,0.00016873009512159112,0.0003747261616511011,53197,8,0.00016873452247276858,0.00015038442017406998
2,recipient_full_weight_2,Recipient,2.0,62,Isotonic,validation_threshold,quantile,2,0.0003747261616511011,0.43820224719101125,63756,198,0.0037186464874697624,0.003105590062111801
2,recipient_full_weight_2,Recipient,2.0,62,Isotonic,test,uniform,0,0.0,0.1,605251,226,0.00045997715198539603,0.00037339880479338324
2,recipient_full_weight_2,Recipient,2.0,62,Isotonic,test,uniform,1,0.1,0.2,2,0,0.11418757996384325,0.0
2,recipient_full_weight_2,Recipient,2.0,62,Isotonic,test,uniform,2,0.2,0.30000000000000004,30,1,0.21052631578947362,0.03333333333333333
2,recipient_full_weight_2,Recipient,2.0,62,Isotonic,test,uniform,3,0.30000000000000004,0.4,0,0,,
2,recipient_full_weight_2,Recipient,2.0,62,Isotonic,test,uniform,4,0.4,0.5,227,85,0.4382022471910113,0.3744493392070485
2,recipient_full_weight_2,Recipient,2.0,62,Isotonic,test,uniform,5,0.5,0.6000000000000001,0,0,,
2,recipient_full_weight_2,Recipient,2.0,62,Isotonic,test,uniform,6,0.6000000000000001,0.7000000000000001,0,0,,
2,recipient_full_weight_2,Recipient,2.0,62,Isotonic,test,uniform,7,0.7000000000000001,0.8,0,0,,
2,recipient_full_weight_2,Recipient,2.0,62,Isotonic,test,uniform,8,0.8,0.9,0,0,,
2,recipient_full_weight_2,Recipient,2.0,62,Isotonic,test,uniform,9,0.9,1.0,0,0,,
2,recipient_full_weight_2,Recipient,2.0,62,Isotonic,test,quantile,0,9.439774240346589e-05,0.00016873009512159112,385873,25,9.439837843931104e-05,6.478815568852964e-05
2,recipient_full_weight_2,Recipient,2.0,62,Isotonic,test,quantile,1,0.00016873009512159112,0.0003747261616511011,89135,15,0.00016873572841549152,0.00016828406349918664
2,recipient_full_weight_2,Recipient,2.0,62,Isotonic,test,quantile,2,0.0003747261616511011,0.43820224719101125,130502,272,0.0025513146260322237,0.002084259245069041
2,recipient_full_weight_2,Recipient,2.0,72,Uncalibrated,validation_threshold,uniform,0,0.0,0.1,326032,91,0.0006182860532696651,0.000279113706630024
2,recipient_full_weight_2,Recipient,2.0,72,Uncalibrated,validation_threshold,uniform,1,0.1,0.2,443,1,0.15173676451875126,0.002257336343115124
2,recipient_full_weight_2,Recipient,2.0,72,Uncalibrated,validation_threshold,uniform,2,0.2,0.30000000000000004,216,4,0.25131260386431137,0.018518518518518517
2,recipient_full_weight_2,Recipient,2.0,72,Uncalibrated,validation_threshold,uniform,3,0.30000000000000004,0.4,95,1,0.3351899099211987,0.010526315789473684
2,recipient_full_weight_2,Recipient,2.0,72,Uncalibrated,validation_threshold,uniform,4,0.4,0.5,50,2,0.4600067934965796,0.04
2,recipient_full_weight_2,Recipient,2.0,72,Uncalibrated,validation_threshold,uniform,5,0.5,0.6000000000000001,65,4,0.543921725584274,0.06153846153846154
2,recipient_full_weight_2,Recipient,2.0,72,Uncalibrated,validation_threshold,uniform,6,0.6000000000000001,0.7000000000000001,97,0,0.6529608516324953,0.0
2,recipient_full_weight_2,Recipient,2.0,72,Uncalibrated,validation_threshold,uniform,7,0.7000000000000001,0.8,114,12,0.7346367347625813,0.10526315789473684
2,recipient_full_weight_2,Recipient,2.0,72,Uncalibrated,validation_threshold,uniform,8,0.8,0.9,60,11,0.8690536774001015,0.18333333333333332
2,recipient_full_weight_2,Recipient,2.0,72,Uncalibrated,validation_threshold,uniform,9,0.9,1.0,2757,104,0.9984522654472283,0.0377221617700399
2,recipient_full_weight_2,Recipient,2.0,72,Uncalibrated,validation_threshold,quantile,0,0.0,8.541468724960499e-06,32691,17,3.6178685282482064e-06,0.0005200208008320333
2,recipient_full_weight_2,Recipient,2.0,72,Uncalibrated,validation_threshold,quantile,1,8.541468724960499e-06,1.2340172115405663e-05,32117,0,1.0744374156595239e-05,0.0
2,recipient_full_weight_2,Recipient,2.0,72,Uncalibrated,validation_threshold,quantile,2,1.2340172115405663e-05,1.7745201434056864e-05,12605,0,1.3310732537993973e-05,0.0
2,recipient_full_weight_2,Recipient,2.0,72,Uncalibrated,validation_threshold,quantile,3,1.7745201434056864e-05,1.8527219154379557e-05,82510,0,1.7818584172847233e-05,0.0
2,recipient_full_weight_2,Recipient,2.0,72,Uncalibrated,validation_threshold,quantile,4,1.8527219154379557e-05,4.5206588382174865e-05,38002,0,2.725122001954344e-05,0.0
2,recipient_full_weight_2,Recipient,2.0,72,Uncalibrated,validation_threshold,quantile,5,4.5206588382174865e-05,0.000456049335956043,32924,1,0.0002415688388822395,3.0372980196816912e-05
2,recipient_full_weight_2,Recipient,2.0,72,Uncalibrated,validation_threshold,quantile,6,0.000456049335956043,0.0005803723104644188,27306,7,0.0005059594825512303,0.00025635391489050024
2,recipient_full_weight_2,Recipient,2.0,72,Uncalibrated,validation_threshold,quantile,7,0.0005803723104644188,0.0008756893822211307,36731,9,0.0006450882395832445,0.00024502463858865807
2,recipient_full_weight_2,Recipient,2.0,72,Uncalibrated,validation_threshold,quantile,8,0.0008756893822211307,1.0,35043,196,0.0946449598130277,0.0055931284421995835
2,recipient_full_weight_2,Recipient,2.0,72,Uncalibrated,test,uniform,0,0.0,0.1,599426,177,0.0006223755857912276,0.0002952824869124796
2,recipient_full_weight_2,Recipient,2.0,72,Uncalibrated,test,uniform,1,0.1,0.2,862,1,0.15169282060210526,0.001160092807424594
2,recipient_full_weight_2,Recipient,2.0,72,Uncalibrated,test,uniform,2,0.2,0.30000000000000004,318,2,0.2496160101099563,0.006289308176100629
2,recipient_full_weight_2,Recipient,2.0,72,Uncalibrated,test,uniform,3,0.30000000000000004,0.4,148,2,0.3302074522502314,0.013513513513513514
2,recipient_full_weight_2,Recipient,2.0,72,Uncalibrated,test,uniform,4,0.4,0.5,45,1,0.44598241970251795,0.022222222222222223
2,recipient_full_weight_2,Recipient,2.0,72,Uncalibrated,test,uniform,5,0.5,0.6000000000000001,109,5,0.5511587899016809,0.045871559633027525
2,recipient_full_weight_2,Recipient,2.0,72,Uncalibrated,test,uniform,6,0.6000000000000001,0.7000000000000001,205,7,0.6304838775321414,0.03414634146341464
2,recipient_full_weight_2,Recipient,2.0,72,Uncalibrated,test,uniform,7,0.7000000000000001,0.8,137,9,0.7406720163831404,0.06569343065693431
2,recipient_full_weight_2,Recipient,2.0,72,Uncalibrated,test,uniform,8,0.8,0.9,94,9,0.8658447572040736,0.09574468085106383
2,recipient_full_weight_2,Recipient,2.0,72,Uncalibrated,test,uniform,9,0.9,1.0,4166,99,0.998420000440959,0.023763802208353335
2,recipient_full_weight_2,Recipient,2.0,72,Uncalibrated,test,quantile,0,0.0,8.865512528858114e-06,60034,18,4.2897786103307224e-06,0.0002998300962787754
2,recipient_full_weight_2,Recipient,2.0,72,Uncalibrated,test,quantile,1,8.865512528858114e-06,1.2478934165817888e-05,59497,0,1.1141618264178207e-05,0.0
2,recipient_full_weight_2,Recipient,2.0,72,Uncalibrated,test,quantile,2,1.2478934165817888e-05,1.7745201434056864e-05,20707,1,1.3454678262290369e-05,4.829284782923649e-05
2,recipient_full_weight_2,Recipient,2.0,72,Uncalibrated,test,quantile,3,1.7745201434056864e-05,1.8527219154379557e-05,161245,0,1.7799926426459354e-05,0.0
2,recipient_full_weight_2,Recipient,2.0,72,Uncalibrated,test,quantile,4,1.8527219154379557e-05,4.8741153414306954e-05,59876,1,2.8858538055537784e-05,1.6701182443717016e-05
2,recipient_full_weight_2,Recipient,2.0,72,Uncalibrated,test,quantile,5,4.8741153414306954e-05,0.0004646094218557967,62397,4,0.000254817522296562,6.410564610478068e-05
2,recipient_full_weight_2,Recipient,2.0,72,Uncalibrated,test,quantile,6,0.0004646094218557967,0.0005803723104644188,49892,10,0.0005088730401559341,0.00020043293513990218
2,recipient_full_weight_2,Recipient,2.0,72,Uncalibrated,test,quantile,7,0.0005803723104644188,0.000874654953551817,70877,18,0.0006332102367259245,0.0002539610875178125
2,recipient_full_weight_2,Recipient,2.0,72,Uncalibrated,test,quantile,8,0.000874654953551817,1.0,60985,260,0.0834924017629351,0.004263343445109453
2,recipient_full_weight_2,Recipient,2.0,72,Platt,validation_threshold,uniform,0,0.0,0.1,329929,230,0.0008033160420037415,0.0006971196833258065
2,recipient_full_weight_2,Recipient,2.0,72,Platt,validation_threshold,uniform,1,0.1,0.2,0,0,,
2,recipient_full_weight_2,Recipient,2.0,72,Platt,validation_threshold,uniform,2,0.2,0.30000000000000004,0,0,,
2,recipient_full_weight_2,Recipient,2.0,72,Platt,validation_threshold,uniform,3,0.30000000000000004,0.4,0,0,,
2,recipient_full_weight_2,Recipient,2.0,72,Platt,validation_threshold,uniform,4,0.4,0.5,0,0,,
2,recipient_full_weight_2,Recipient,2.0,72,Platt,validation_threshold,uniform,5,0.5,0.6000000000000001,0,0,,
2,recipient_full_weight_2,Recipient,2.0,72,Platt,validation_threshold,uniform,6,0.6000000000000001,0.7000000000000001,0,0,,
2,recipient_full_weight_2,Recipient,2.0,72,Platt,validation_threshold,uniform,7,0.7000000000000001,0.8,0,0,,
2,recipient_full_weight_2,Recipient,2.0,72,Platt,validation_threshold,uniform,8,0.8,0.9,0,0,,
2,recipient_full_weight_2,Recipient,2.0,72,Platt,validation_threshold,uniform,9,0.9,1.0,0,0,,
2,recipient_full_weight_2,Recipient,2.0,72,Platt,validation_threshold,quantile,0,0.00013952293153253315,0.00022253988866540803,32691,17,0.00017684297522772426,0.0005200208008320333
2,recipient_full_weight_2,Recipient,2.0,72,Platt,validation_threshold,quantile,1,0.00022253988866540803,0.00024109414814213516,32117,0,0.00023366128223892342,0.0
2,recipient_full_weight_2,Recipient,2.0,72,Platt,validation_threshold,quantile,2,0.00024109414814213516,0.00026092960650090204,12605,0,0.00024497383774918795,0.0
2,recipient_full_weight_2,Recipient,2.0,72,Platt,validation_threshold,quantile,3,0.00026092960650090204,0.00026339031035922054,82510,0,0.0002611614444577727,0.0
2,recipient_full_weight_2,Recipient,2.0,72,Platt,validation_threshold,quantile,4,0.00026339031035922054,0.00031982629629586664,38002,0,0.0002842211464621151,0.0
2,recipient_full_weight_2,Recipient,2.0,72,Platt,validation_threshold,quantile,5,0.00031982629629586664,0.0005289259151530156,32924,1,0.00043926854917908695,3.0372980196816912e-05
2,recipient_full_weight_2,Recipient,2.0,72,Platt,validation_threshold,quantile,6,0.0005289259151530156,0.0005574252385868232,27306,7,0.0005408461371574239,0.00025635391489050024
2,recipient_full_weight_2,Recipient,2.0,72,Platt,validation_threshold,quantile,7,0.0005574252385868232,0.0006096535609346312,36731,9,0.0005698036119066594,0.00024502463858865807
2,recipient_full_weight_2,Recipient,2.0,72,Platt,validation_threshold,quantile,8,0.0006096535609346312,0.05407554354686936,35043,196,0.0047414321975626054,0.0055931284421995835
2,recipient_full_weight_2,Recipient,2.0,72,Platt,test,uniform,0,0.0,0.1,605510,312,0.0007269134890114374,0.0005152681210880085
2,recipient_full_weight_2,Recipient,2.0,72,Platt,test,uniform,1,0.1,0.2,0,0,,
2,recipient_full_weight_2,Recipient,2.0,72,Platt,test,uniform,2,0.2,0.30000000000000004,0,0,,
2,recipient_full_weight_2,Recipient,2.0,72,Platt,test,uniform,3,0.30000000000000004,0.4,0,0,,
2,recipient_full_weight_2,Recipient,2.0,72,Platt,test,uniform,4,0.4,0.5,0,0,,
2,recipient_full_weight_2,Recipient,2.0,72,Platt,test,uniform,5,0.5,0.6000000000000001,0,0,,
2,recipient_full_weight_2,Recipient,2.0,72,Platt,test,uniform,6,0.6000000000000001,0.7000000000000001,0,0,,
2,recipient_full_weight_2,Recipient,2.0,72,Platt,test,uniform,7,0.7000000000000001,0.8,0,0,,
2,recipient_full_weight_2,Recipient,2.0,72,Platt,test,uniform,8,0.8,0.9,0,0,,
2,recipient_full_weight_2,Recipient,2.0,72,Platt,test,uniform,9,0.9,1.0,0,0,,
2,recipient_full_weight_2,Recipient,2.0,72,Platt,test,quantile,0,0.00013952293153253315,0.00022435081559108743,60034,18,0.00018310997462211995,0.0002998300962787754
2,recipient_full_weight_2,Recipient,2.0,72,Platt,test,quantile,1,0.00022435081559108743,0.00024168163711837666,59497,0,0.00023561365165488394,0.0
2,recipient_full_weight_2,Recipient,2.0,72,Platt,test,quantile,2,0.00024168163711837666,0.00026092960650090204,20707,1,0.00024555198700461367,4.829284782923649e-05
2,recipient_full_weight_2,Recipient,2.0,72,Platt,test,quantile,3,0.00026092960650090204,0.00026339031035922054,161245,0,0.00026110248212281604,0.0
2,recipient_full_weight_2,Recipient,2.0,72,Platt,test,quantile,4,0.00026339031035922054,0.0003251096131197983,59876,1,0.00028774366949830437,1.6701182443717016e-05
2,recipient_full_weight_2,Recipient,2.0,72,Platt,test,quantile,5,0.0003251096131197983,0.0005310714257975972,62397,4,0.0004462554009927133,6.410564610478068e-05
2,recipient_full_weight_2,Recipient,2.0,72,Platt,test,quantile,6,0.0005310714257975972,0.0005574252385868232,49892,10,0.0005415438085720492,0.00020043293513990218
2,recipient_full_weight_2,Recipient,2.0,72,Platt,test,quantile,7,0.0005574252385868232,0.0006094966639567721,70877,18,0.000567623176844456,0.0002539610875178125
2,recipient_full_weight_2,Recipient,2.0,72,Platt,test,quantile,8,0.0006094966639567721,0.05407554354686936,60985,260,0.004191720464777214,0.004263343445109453
2,recipient_full_weight_2,Recipient,2.0,72,Isotonic,validation_threshold,uniform,0,0.0,0.1,329929,230,0.0007585526130228154,0.0006971196833258065
2,recipient_full_weight_2,Recipient,2.0,72,Isotonic,validation_threshold,uniform,1,0.1,0.2,0,0,,
2,recipient_full_weight_2,Recipient,2.0,72,Isotonic,validation_threshold,uniform,2,0.2,0.30000000000000004,0,0,,
2,recipient_full_weight_2,Recipient,2.0,72,Isotonic,validation_threshold,uniform,3,0.30000000000000004,0.4,0,0,,
2,recipient_full_weight_2,Recipient,2.0,72,Isotonic,validation_threshold,uniform,4,0.4,0.5,0,0,,
2,recipient_full_weight_2,Recipient,2.0,72,Isotonic,validation_threshold,uniform,5,0.5,0.6000000000000001,0,0,,
2,recipient_full_weight_2,Recipient,2.0,72,Isotonic,validation_threshold,uniform,6,0.6000000000000001,0.7000000000000001,0,0,,
2,recipient_full_weight_2,Recipient,2.0,72,Isotonic,validation_threshold,uniform,7,0.7000000000000001,0.8,0,0,,
2,recipient_full_weight_2,Recipient,2.0,72,Isotonic,validation_threshold,uniform,8,0.8,0.9,0,0,,
2,recipient_full_weight_2,Recipient,2.0,72,Isotonic,validation_threshold,uniform,9,0.9,1.0,0,0,,
2,recipient_full_weight_2,Recipient,2.0,72,Isotonic,validation_threshold,quantile,0,6.548016605770111e-05,0.00023030379163787868,245004,19,6.548016605770111e-05,7.754975428972588e-05
2,recipient_full_weight_2,Recipient,2.0,72,Isotonic,validation_threshold,quantile,1,0.00023030379163787868,0.00033909799932180403,47695,15,0.00023030773845819383,0.0003144983750917287
2,recipient_full_weight_2,Recipient,2.0,72,Isotonic,validation_threshold,quantile,2,0.00033909799932180403,0.044642857142857144,37230,196,0.005996268462837493,0.00526457158205748
2,recipient_full_weight_2,Recipient,2.0,72,Isotonic,test,uniform,0,0.0,0.1,605510,312,0.0006861488553869036,0.0005152681210880085
2,recipient_full_weight_2,Recipient,2.0,72,Isotonic,test,uniform,1,0.1,0.2,0,0,,
2,recipient_full_weight_2,Recipient,2.0,72,Isotonic,test,uniform,2,0.2,0.30000000000000004,0,0,,
2,recipient_full_weight_2,Recipient,2.0,72,Isotonic,test,uniform,3,0.30000000000000004,0.4,0,0,,
2,recipient_full_weight_2,Recipient,2.0,72,Isotonic,test,uniform,4,0.4,0.5,0,0,,
2,recipient_full_weight_2,Recipient,2.0,72,Isotonic,test,uniform,5,0.5,0.6000000000000001,0,0,,
2,recipient_full_weight_2,Recipient,2.0,72,Isotonic,test,uniform,6,0.6000000000000001,0.7000000000000001,0,0,,
2,recipient_full_weight_2,Recipient,2.0,72,Isotonic,test,uniform,7,0.7000000000000001,0.8,0,0,,
2,recipient_full_weight_2,Recipient,2.0,72,Isotonic,test,uniform,8,0.8,0.9,0,0,,
2,recipient_full_weight_2,Recipient,2.0,72,Isotonic,test,uniform,9,0.9,1.0,0,0,,
2,recipient_full_weight_2,Recipient,2.0,72,Isotonic,test,quantile,0,6.548016605770111e-05,0.00023030379163787868,447622,28,6.548016605770114e-05,6.255277890720296e-05
2,recipient_full_weight_2,Recipient,2.0,72,Isotonic,test,quantile,1,0.00023030379163787868,0.00033909799932180403,94097,22,0.00023030445848023264,0.00023380129015802842
2,recipient_full_weight_2,Recipient,2.0,72,Isotonic,test,quantile,2,0.00033909799932180403,0.044642857142857144,63791,262,0.005713794609029947,0.004107162452383565
2,recipient_full_weight_2,Recipient,2.0,82,Uncalibrated,validation_threshold,uniform,0,0.0,0.1,327679,104,0.0006174341773813568,0.00031738378107843345
2,recipient_full_weight_2,Recipient,2.0,82,Uncalibrated,validation_threshold,uniform,1,0.1,0.2,248,5,0.11625318961117856,0.020161290322580645
2,recipient_full_weight_2,Recipient,2.0,82,Uncalibrated,validation_threshold,uniform,2,0.2,0.30000000000000004,1192,12,0.2747110493963651,0.010067114093959731
2,recipient_full_weight_2,Recipient,2.0,82,Uncalibrated,validation_threshold,uniform,3,0.30000000000000004,0.4,69,2,0.3281845359398666,0.028985507246376812
2,recipient_full_weight_2,Recipient,2.0,82,Uncalibrated,validation_threshold,uniform,4,0.4,0.5,52,3,0.4554734975986007,0.057692307692307696
2,recipient_full_weight_2,Recipient,2.0,82,Uncalibrated,validation_threshold,uniform,5,0.5,0.6000000000000001,12,1,0.5414728557857332,0.08333333333333333
2,recipient_full_weight_2,Recipient,2.0,82,Uncalibrated,validation_threshold,uniform,6,0.6000000000000001,0.7000000000000001,12,0,0.6689788165229276,0.0
2,recipient_full_weight_2,Recipient,2.0,82,Uncalibrated,validation_threshold,uniform,7,0.7000000000000001,0.8,27,0,0.7619482217499309,0.0
2,recipient_full_weight_2,Recipient,2.0,82,Uncalibrated,validation_threshold,uniform,8,0.8,0.9,25,0,0.845551325462357,0.0
2,recipient_full_weight_2,Recipient,2.0,82,Uncalibrated,validation_threshold,uniform,9,0.9,1.0,613,103,0.9964902512990703,0.16802610114192496
2,recipient_full_weight_2,Recipient,2.0,82,Uncalibrated,validation_threshold,quantile,0,0.0,1.178733343914008e-05,32993,3,4.4548731386350164e-06,9.092837874700694e-05
2,recipient_full_weight_2,Recipient,2.0,82,Uncalibrated,validation_threshold,quantile,1,1.178733343914008e-05,1.800797604653706e-05,14432,0,1.3715018526410249e-05,0.0
2,recipient_full_weight_2,Recipient,2.0,82,Uncalibrated,validation_threshold,quantile,2,1.800797604653706e-05,1.963078494108076e-05,33013,0,1.8102738887091093e-05,0.0
2,recipient_full_weight_2,Recipient,2.0,82,Uncalibrated,validation_threshold,quantile,3,1.963078494108076e-05,2.1086616318970063e-05,46797,0,1.969124805843965e-05,0.0
2,recipient_full_weight_2,Recipient,2.0,82,Uncalibrated,validation_threshold,quantile,4,2.1086616318970063e-05,2.567653501670159e-05,29820,0,2.311804893622135e-05,0.0
2,recipient_full_weight_2,Recipient,2.0,82,Uncalibrated,validation_threshold,quantile,5,2.567653501670159e-05,6.956096270996138e-05,38828,0,3.0520521375133367e-05,0.0
2,recipient_full_weight_2,Recipient,2.0,82,Uncalibrated,validation_threshold,quantile,6,6.956096270996138e-05,0.00028419045346851467,35038,6,0.00015289862115710646,0.00017124265083623495
2,recipient_full_weight_2,Recipient,2.0,82,Uncalibrated,validation_threshold,quantile,7,0.00028419045346851467,0.0007156050892756941,32955,8,0.0004397207535829594,0.00024275527234107115
2,recipient_full_weight_2,Recipient,2.0,82,Uncalibrated,validation_threshold,quantile,8,0.0007156050892756941,0.0009001438108620975,33012,6,0.0008397783918018209,0.0001817520901490367
2,recipient_full_weight_2,Recipient,2.0,82,Uncalibrated,validation_threshold,quantile,9,0.0009001438108620975,1.0,33041,207,0.036945364043463436,0.0062649435549771496
2,recipient_full_weight_2,Recipient,2.0,82,Uncalibrated,test,uniform,0,0.0,0.1,602968,177,0.0006454452024225827,0.0002935479163073331
2,recipient_full_weight_2,Recipient,2.0,82,Uncalibrated,test,uniform,1,0.1,0.2,455,11,0.10831512268127612,0.024175824175824177
2,recipient_full_weight_2,Recipient,2.0,82,Uncalibrated,test,uniform,2,0.2,0.30000000000000004,1055,19,0.2742500221152328,0.01800947867298578
2,recipient_full_weight_2,Recipient,2.0,82,Uncalibrated,test,uniform,3,0.30000000000000004,0.4,86,5,0.32846600330365894,0.05813953488372093
2,recipient_full_weight_2,Recipient,2.0,82,Uncalibrated,test,uniform,4,0.4,0.5,41,1,0.457421560585885,0.024390243902439025
2,recipient_full_weight_2,Recipient,2.0,82,Uncalibrated,test,uniform,5,0.5,0.6000000000000001,23,4,0.5390182180371462,0.17391304347826086
2,recipient_full_weight_2,Recipient,2.0,82,Uncalibrated,test,uniform,6,0.6000000000000001,0.7000000000000001,8,0,0.639206471868234,0.0
2,recipient_full_weight_2,Recipient,2.0,82,Uncalibrated,test,uniform,7,0.7000000000000001,0.8,31,3,0.7543909335644696,0.0967741935483871
2,recipient_full_weight_2,Recipient,2.0,82,Uncalibrated,test,uniform,8,0.8,0.9,47,0,0.8404260658888902,0.0
2,recipient_full_weight_2,Recipient,2.0,82,Uncalibrated,test,uniform,9,0.9,1.0,796,92,0.9967296890487252,0.11557788944723618
2,recipient_full_weight_2,Recipient,2.0,82,Uncalibrated,test,quantile,0,0.0,1.2554309546080576e-05,56474,2,5.07899175072507e-06,3.541452703899139e-05
2,recipient_full_weight_2,Recipient,2.0,82,Uncalibrated,test,quantile,1,1.2554309546080576e-05,1.800797604653706e-05,23288,0,1.3849242569795763e-05,0.0
2,recipient_full_weight_2,Recipient,2.0,82,Uncalibrated,test,quantile,2,1.800797604653706e-05,1.963078494108076e-05,60498,0,1.807866656605589e-05,0.0
2,recipient_full_weight_2,Recipient,2.0,82,Uncalibrated,test,quantile,3,1.963078494108076e-05,2.1086616318970063e-05,86153,0,1.9667499355825515e-05,0.0
2,recipient_full_weight_2,Recipient,2.0,82,Uncalibrated,test,quantile,4,2.1086616318970063e-05,2.567653501670159e-05,58169,0,2.3121569141643856e-05,0.0
2,recipient_full_weight_2,Recipient,2.0,82,Uncalibrated,test,quantile,5,2.567653501670159e-05,6.956096270996138e-05,69661,2,2.982431704121652e-05,2.8710469272620262e-05
2,recipient_full_weight_2,Recipient,2.0,82,Uncalibrated,test,quantile,6,6.956096270996138e-05,0.00030801847069580895,69426,9,0.00016664330422279006,0.00012963443090484831
2,recipient_full_weight_2,Recipient,2.0,82,Uncalibrated,test,quantile,7,0.00030801847069580895,0.0008311714403064689,59356,12,0.0004804785147925925,0.0002021699575443089
2,recipient_full_weight_2,Recipient,2.0,82,Uncalibrated,test,quantile,8,0.0008311714403064689,0.0008609058205747109,57819,14,0.0008453591835985176,0.00024213493834206748
2,recipient_full_weight_2,Recipient,2.0,82,Uncalibrated,test,quantile,9,0.0008609058205747109,1.0,64666,273,0.02401277087583252,0.0042216930071444034
2,recipient_full_weight_2,Recipient,2.0,82,Platt,validation_threshold,uniform,0,0.0,0.1,329543,148,0.00038850846475995776,0.00044910679334715046
2,recipient_full_weight_2,Recipient,2.0,82,Platt,validation_threshold,uniform,1,0.1,0.2,386,82,0.18784043414912488,0.21243523316062177
2,recipient_full_weight_2,Recipient,2.0,82,Platt,validation_threshold,uniform,2,0.2,0.30000000000000004,0,0,,
2,recipient_full_weight_2,Recipient,2.0,82,Platt,validation_threshold,uniform,3,0.30000000000000004,0.4,0,0,,
2,recipient_full_weight_2,Recipient,2.0,82,Platt,validation_threshold,uniform,4,0.4,0.5,0,0,,
2,recipient_full_weight_2,Recipient,2.0,82,Platt,validation_threshold,uniform,5,0.5,0.6000000000000001,0,0,,
2,recipient_full_weight_2,Recipient,2.0,82,Platt,validation_threshold,uniform,6,0.6000000000000001,0.7000000000000001,0,0,,
2,recipient_full_weight_2,Recipient,2.0,82,Platt,validation_threshold,uniform,7,0.7000000000000001,0.8,0,0,,
2,recipient_full_weight_2,Recipient,2.0,82,Platt,validation_threshold,uniform,8,0.8,0.9,0,0,,
2,recipient_full_weight_2,Recipient,2.0,82,Platt,validation_threshold,uniform,9,0.9,1.0,0,0,,
2,recipient_full_weight_2,Recipient,2.0,82,Platt,validation_threshold,quantile,0,8.747238646598178e-05,0.00017683268957521223,32993,3,0.00012732624312336452,9.092837874700694e-05
2,recipient_full_weight_2,Recipient,2.0,82,Platt,validation_threshold,quantile,1,0.00017683268957521223,0.00019955933070028135,14432,0,0.0001843577138019254,0.0
2,recipient_full_weight_2,Recipient,2.0,82,Platt,validation_threshold,quantile,2,0.00019955933070028135,0.00020453279520398778,33013,0,0.00019985586942184837,0.0
2,recipient_full_weight_2,Recipient,2.0,82,Platt,validation_threshold,quantile,3,0.00020453279520398778,0.00020875021193124854,46797,0,0.0002047112971726091,0.0
2,recipient_full_weight_2,Recipient,2.0,82,Platt,validation_threshold,quantile,4,0.00020875021193124854,0.00022081478640210457,29820,0,0.00021419869231002184,0.0
2,recipient_full_weight_2,Recipient,2.0,82,Platt,validation_threshold,quantile,5,0.00022081478640210457,0.0002934337738613038,38828,0,0.00023045683429383527,0.0
2,recipient_full_weight_2,Recipient,2.0,82,Platt,validation_threshold,quantile,6,0.0002934337738613038,0.00043842217712885395,35038,6,0.0003587269055572538,0.00017124265083623495
2,recipient_full_weight_2,Recipient,2.0,82,Platt,validation_threshold,quantile,7,0.00043842217712885395,0.0005706008295841783,32955,8,0.000493471942502456,0.00024275527234107115
2,recipient_full_weight_2,Recipient,2.0,82,Platt,validation_threshold,quantile,8,0.0005706008295841783,0.0006092147430299244,33012,6,0.0005971725691085298,0.0001817520901490367
2,recipient_full_weight_2,Recipient,2.0,82,Platt,validation_threshold,quantile,9,0.0006092147430299244,0.1885327142272767,33041,207,0.0034386527625630023,0.0062649435549771496
2,recipient_full_weight_2,Recipient,2.0,82,Platt,test,uniform,0,0.0,0.1,604896,244,0.00037067612794870704,0.00040337512564143257
2,recipient_full_weight_2,Recipient,2.0,82,Platt,test,uniform,1,0.1,0.2,614,68,0.18832480211856722,0.11074918566775244
2,recipient_full_weight_2,Recipient,2.0,82,Platt,test,uniform,2,0.2,0.30000000000000004,0,0,,
2,recipient_full_weight_2,Recipient,2.0,82,Platt,test,uniform,3,0.30000000000000004,0.4,0,0,,
2,recipient_full_weight_2,Recipient,2.0,82,Platt,test,uniform,4,0.4,0.5,0,0,,
2,recipient_full_weight_2,Recipient,2.0,82,Platt,test,uniform,5,0.5,0.6000000000000001,0,0,,
2,recipient_full_weight_2,Recipient,2.0,82,Platt,test,uniform,6,0.6000000000000001,0.7000000000000001,0,0,,
2,recipient_full_weight_2,Recipient,2.0,82,Platt,test,uniform,7,0.7000000000000001,0.8,0,0,,
2,recipient_full_weight_2,Recipient,2.0,82,Platt,test,uniform,8,0.8,0.9,0,0,,
2,recipient_full_weight_2,Recipient,2.0,82,Platt,test,uniform,9,0.9,1.0,0,0,,
2,recipient_full_weight_2,Recipient,2.0,82,Platt,test,quantile,0,8.747238646598178e-05,0.00018004181148744916,56474,2,0.0001316821714707471,3.541452703899139e-05
2,recipient_full_weight_2,Recipient,2.0,82,Platt,test,quantile,1,0.00018004181148744916,0.00019955933070028135,23288,0,0.00018488376640996378,0.0
2,recipient_full_weight_2,Recipient,2.0,82,Platt,test,quantile,2,0.00019955933070028135,0.00020453279520398778,60498,0,0.0001997802820073388,0.0
2,recipient_full_weight_2,Recipient,2.0,82,Platt,test,quantile,3,0.00020453279520398778,0.00020875021193124854,86153,0,0.00020464112904261533,0.0
2,recipient_full_weight_2,Recipient,2.0,82,Platt,test,quantile,4,0.00020875021193124854,0.00022081478640210457,58169,0,0.00021421180002025828,0.0
2,recipient_full_weight_2,Recipient,2.0,82,Platt,test,quantile,5,0.00022081478640210457,0.0002934337738613038,69661,2,0.00022906861514421218,2.8710469272620262e-05
2,recipient_full_weight_2,Recipient,2.0,82,Platt,test,quantile,6,0.0002934337738613038,0.0004486100245562822,69426,9,0.00036684255825954746,0.00012963443090484831
2,recipient_full_weight_2,Recipient,2.0,82,Platt,test,quantile,7,0.0004486100245562822,0.0005955093724372767,59356,12,0.0005056603793531061,0.0002021699575443089
2,recipient_full_weight_2,Recipient,2.0,82,Platt,test,quantile,8,0.0005955093724372767,0.0006015137586112411,57819,14,0.0005983900071693315,0.00024213493834206748
2,recipient_full_weight_2,Recipient,2.0,82,Platt,test,quantile,9,0.0006015137586112411,0.1885327142272767,64666,273,0.0027819047575434615,0.0042216930071444034
2,recipient_full_weight_2,Recipient,2.0,82,Isotonic,validation_threshold,uniform,0,0.0,0.1,329511,146,0.000673314676854885,0.0004430808076209899
2,recipient_full_weight_2,Recipient,2.0,82,Isotonic,validation_threshold,uniform,1,0.1,0.2,418,84,0.13824057450628363,0.20095693779904306
2,recipient_full_weight_2,Recipient,2.0,82,Isotonic,validation_threshold,uniform,2,0.2,0.30000000000000004,0,0,,
2,recipient_full_weight_2,Recipient,2.0,82,Isotonic,validation_threshold,uniform,3,0.30000000000000004,0.4,0,0,,
2,recipient_full_weight_2,Recipient,2.0,82,Isotonic,validation_threshold,uniform,4,0.4,0.5,0,0,,
2,recipient_full_weight_2,Recipient,2.0,82,Isotonic,validation_threshold,uniform,5,0.5,0.6000000000000001,0,0,,
2,recipient_full_weight_2,Recipient,2.0,82,Isotonic,validation_threshold,uniform,6,0.6000000000000001,0.7000000000000001,0,0,,
2,recipient_full_weight_2,Recipient,2.0,82,Isotonic,validation_threshold,uniform,7,0.7000000000000001,0.8,0,0,,
2,recipient_full_weight_2,Recipient,2.0,82,Isotonic,validation_threshold,uniform,8,0.8,0.9,0,0,,
2,recipient_full_weight_2,Recipient,2.0,82,Isotonic,validation_threshold,uniform,9,0.9,1.0,0,0,,
2,recipient_full_weight_2,Recipient,2.0,82,Isotonic,validation_threshold,quantile,0,1.4675308792955852e-05,8.93016610108948e-05,229915,9,1.846980616127943e-05,3.91449013765957e-05
2,recipient_full_weight_2,Recipient,2.0,82,Isotonic,validation_threshold,quantile,1,8.93016610108948e-05,0.00023414268655318551,22753,6,9.291556945241247e-05,0.000263701489913418
2,recipient_full_weight_2,Recipient,2.0,82,Isotonic,validation_threshold,quantile,2,0.00023414268655318551,0.00048262548262548264,43605,8,0.0002341426865531855,0.0001834651989450751
2,recipient_full_weight_2,Recipient,2.0,82,Isotonic,validation_threshold,quantile,3,0.00048262548262548264,0.13824057450628366,33656,207,0.007816697389656633,0.006150463513192299
2,recipient_full_weight_2,Recipient,2.0,82,Isotonic,test,uniform,0,0.0,0.1,604860,239,0.0005214827878475142,0.0003951327579935853
2,recipient_full_weight_2,Recipient,2.0,82,Isotonic,test,uniform,1,0.1,0.2,650,73,0.13822691669218917,0.1123076923076923
2,recipient_full_weight_2,Recipient,2.0,82,Isotonic,test,uniform,2,0.2,0.30000000000000004,0,0,,
2,recipient_full_weight_2,Recipient,2.0,82,Isotonic,test,uniform,3,0.30000000000000004,0.4,0,0,,
2,recipient_full_weight_2,Recipient,2.0,82,Isotonic,test,uniform,4,0.4,0.5,0,0,,
2,recipient_full_weight_2,Recipient,2.0,82,Isotonic,test,uniform,5,0.5,0.6000000000000001,0,0,,
2,recipient_full_weight_2,Recipient,2.0,82,Isotonic,test,uniform,6,0.6000000000000001,0.7000000000000001,0,0,,
2,recipient_full_weight_2,Recipient,2.0,82,Isotonic,test,uniform,7,0.7000000000000001,0.8,0,0,,
2,recipient_full_weight_2,Recipient,2.0,82,Isotonic,test,uniform,8,0.8,0.9,0,0,,
2,recipient_full_weight_2,Recipient,2.0,82,Isotonic,test,uniform,9,0.9,1.0,0,0,,
2,recipient_full_weight_2,Recipient,2.0,82,Isotonic,test,quantile,0,1.4675308792955852e-05,8.93016610108948e-05,415987,11,1.8639713314378084e-05,2.644313404024645e-05
2,recipient_full_weight_2,Recipient,2.0,82,Isotonic,test,quantile,1,8.93016610108948e-05,0.00023414268655318551,43216,6,9.32174690144697e-05,0.0001388374676045909
2,recipient_full_weight_2,Recipient,2.0,82,Isotonic,test,quantile,2,0.00023414268655318551,0.13824057450628366,146307,295,0.0026894763090209825,0.002016308173908289
3,raw_safe,Raw,1.0,42,Uncalibrated,validation_threshold,uniform,0,0.0,0.1,337131,206,0.0003037720065906242,0.0006110384390637468
3,raw_safe,Raw,1.0,42,Uncalibrated,validation_threshold,uniform,1,0.1,0.2,10,0,0.10316395861385133,0.0
3,raw_safe,Raw,1.0,42,Uncalibrated,validation_threshold,uniform,2,0.2,0.30000000000000004,0,0,,
3,raw_safe,Raw,1.0,42,Uncalibrated,validation_threshold,uniform,3,0.30000000000000004,0.4,0,0,,
3,raw_safe,Raw,1.0,42,Uncalibrated,validation_threshold,uniform,4,0.4,0.5,0,0,,
3,raw_safe,Raw,1.0,42,Uncalibrated,validation_threshold,uniform,5,0.5,0.6000000000000001,0,0,,
3,raw_safe,Raw,1.0,42,Uncalibrated,validation_threshold,uniform,6,0.6000000000000001,0.7000000000000001,0,0,,
3,raw_safe,Raw,1.0,42,Uncalibrated,validation_threshold,uniform,7,0.7000000000000001,0.8,0,0,,
3,raw_safe,Raw,1.0,42,Uncalibrated,validation_threshold,uniform,8,0.8,0.9,0,0,,
3,raw_safe,Raw,1.0,42,Uncalibrated,validation_threshold,uniform,9,0.9,1.0,63,50,0.9999263404113949,0.7936507936507936
3,raw_safe,Raw,1.0,42,Uncalibrated,validation_threshold,quantile,0,2.3176944872084085e-42,5.063128648143727e-07,33051,0,4.290175906237797e-07,0.0
3,raw_safe,Raw,1.0,42,Uncalibrated,validation_threshold,quantile,1,5.063128648143727e-07,5.518562322941795e-07,32150,0,5.199703107600434e-07,0.0
3,raw_safe,Raw,1.0,42,Uncalibrated,validation_threshold,quantile,2,5.518562322941795e-07,1.042699750862444e-06,35090,0,7.265397248952647e-07,0.0
3,raw_safe,Raw,1.0,42,Uncalibrated,validation_threshold,quantile,3,1.042699750862444e-06,1.7997554915767258e-06,33224,0,1.3914543896330025e-06,0.0
3,raw_safe,Raw,1.0,42,Uncalibrated,validation_threshold,quantile,4,1.7997554915767258e-06,1.8713497695006045e-06,12142,0,1.8426279679041783e-06,0.0
3,raw_safe,Raw,1.0,42,Uncalibrated,validation_threshold,quantile,5,1.8713497695006045e-06,0.00022687036489441061,56150,9,3.294449706789826e-05,0.00016028495102404273
3,raw_safe,Raw,1.0,42,Uncalibrated,validation_threshold,quantile,6,0.00022687036489441061,0.00027455927578550165,32741,17,0.0002542080017720577,0.0005192266577074616
3,raw_safe,Raw,1.0,42,Uncalibrated,validation_threshold,quantile,7,0.00027455927578550165,0.0002891680400931159,34621,15,0.000281505660886393,0.0004332630484388088
3,raw_safe,Raw,1.0,42,Uncalibrated,validation_threshold,quantile,8,0.0002891680400931159,0.0008208092433661923,34106,18,0.0003492081310053042,0.000527766375417815
3,raw_safe,Raw,1.0,42,Uncalibrated,validation_threshold,quantile,9,0.0008208092433661923,0.9999999999999225,33929,197,0.003963689116499493,0.005806242447463822
3,raw_safe,Raw,1.0,42,Uncalibrated,test,uniform,0,0.0,0.1,636080,3138,0.00031215439554521207,0.00493334171802289
3,raw_safe,Raw,1.0,42,Uncalibrated,test,uniform,1,0.1,0.2,15,1,0.10316395861385132,0.06666666666666667
3,raw_safe,Raw,1.0,42,Uncalibrated,test,uniform,2,0.2,0.30000000000000004,0,0,,
3,raw_safe,Raw,1.0,42,Uncalibrated,test,uniform,3,0.30000000000000004,0.4,0,0,,
3,raw_safe,Raw,1.0,42,Uncalibrated,test,uniform,4,0.4,0.5,0,0,,
3,raw_safe,Raw,1.0,42,Uncalibrated,test,uniform,5,0.5,0.6000000000000001,0,0,,
3,raw_safe,Raw,1.0,42,Uncalibrated,test,uniform,6,0.6000000000000001,0.7000000000000001,0,0,,
3,raw_safe,Raw,1.0,42,Uncalibrated,test,uniform,7,0.7000000000000001,0.8,0,0,,
3,raw_safe,Raw,1.0,42,Uncalibrated,test,uniform,8,0.8,0.9,0,0,,
3,raw_safe,Raw,1.0,42,Uncalibrated,test,uniform,9,0.9,1.0,628,625,0.9999080428068386,0.9952229299363057
3,raw_safe,Raw,1.0,42,Uncalibrated,test,quantile,0,2.3176944872084085e-42,5.057530424404468e-07,59480,2,4.2507061686246154e-07,3.362474781439139e-05
3,raw_safe,Raw,1.0,42,Uncalibrated,test,quantile,1,5.057530424404468e-07,5.453878345151107e-07,63819,0,5.130325203380004e-07,0.0
3,raw_safe,Raw,1.0,42,Uncalibrated,test,quantile,2,5.453878345151107e-07,8.560598371771566e-07,63004,0,6.269592130125688e-07,0.0
3,raw_safe,Raw,1.0,42,Uncalibrated,test,quantile,3,8.560598371771566e-07,1.7324930059999625e-06,67130,0,1.2444422050351885e-06,0.0
3,raw_safe,Raw,1.0,42,Uncalibrated,test,quantile,4,1.7324930059999625e-06,1.8713497695006045e-06,28539,0,1.8286487347796167e-06,0.0
3,raw_safe,Raw,1.0,42,Uncalibrated,test,quantile,5,1.8713497695006045e-06,0.00018702799642176515,99984,145,1.761313292648962e-05,0.0014502320371259402
3,raw_safe,Raw,1.0,42,Uncalibrated,test,quantile,6,0.00018702799642176515,0.00027417229470181844,50200,210,0.00024123613104537212,0.0041832669322709164
3,raw_safe,Raw,1.0,42,Uncalibrated,test,quantile,7,0.00027417229470181844,0.0002884189551654139,74801,277,0.00027943152459739316,0.00370315904867582
3,raw_safe,Raw,1.0,42,Uncalibrated,test,quantile,8,0.0002884189551654139,0.0008761340229107965,64755,372,0.0003562111126286178,0.005744730136668983
3,raw_safe,Raw,1.0,42,Uncalibrated,test,quantile,9,0.0008761340229107965,0.9999999999999225,65011,2758,0.011843723866379479,0.0424235898540247
3,raw_safe,Raw,1.0,42,Platt,validation_threshold,uniform,0,0.0,0.1,337141,206,0.0005905064476006528,0.0006110203149424128
3,raw_safe,Raw,1.0,42,Platt,validation_threshold,uniform,1,0.1,0.2,0,0,,
3,raw_safe,Raw,1.0,42,Platt,validation_threshold,uniform,2,0.2,0.30000000000000004,0,0,,
3,raw_safe,Raw,1.0,42,Platt,validation_threshold,uniform,3,0.30000000000000004,0.4,0,0,,
3,raw_safe,Raw,1.0,42,Platt,validation_threshold,uniform,4,0.4,0.5,0,0,,
3,raw_safe,Raw,1.0,42,Platt,validation_threshold,uniform,5,0.5,0.6000000000000001,0,0,,
3,raw_safe,Raw,1.0,42,Platt,validation_threshold,uniform,6,0.6000000000000001,0.7000000000000001,0,0,,
3,raw_safe,Raw,1.0,42,Platt,validation_threshold,uniform,7,0.7000000000000001,0.8,9,6,0.7912499034079412,0.6666666666666666
3,raw_safe,Raw,1.0,42,Platt,validation_threshold,uniform,8,0.8,0.9,0,0,,
3,raw_safe,Raw,1.0,42,Platt,validation_threshold,uniform,9,0.9,1.0,54,44,0.9903596158610597,0.8148148148148148
3,raw_safe,Raw,1.0,42,Platt,validation_threshold,quantile,0,4.701181804814993e-05,4.806179074850796e-05,100291,0,4.701181804814994e-05,0.0
3,raw_safe,Raw,1.0,42,Platt,validation_threshold,quantile,1,4.806179074850796e-05,6.412485001141032e-05,33224,0,5.571792327385205e-05,0.0
3,raw_safe,Raw,1.0,42,Platt,validation_threshold,quantile,2,6.412485001141032e-05,6.545996838212663e-05,12142,0,6.492574271936455e-05,0.0
3,raw_safe,Raw,1.0,42,Platt,validation_threshold,quantile,3,6.545996838212663e-05,0.0008249982675586599,56150,9,0.0001905692313446071,0.00016028495102404273
3,raw_safe,Raw,1.0,42,Platt,validation_threshold,quantile,4,0.0008249982675586599,0.0009124291616591166,32741,17,0.0008755800048345745,0.0005192266577074616
3,raw_safe,Raw,1.0,42,Platt,validation_threshold,quantile,5,0.0009124291616591166,0.0009377466036059181,34621,15,0.0009245273147865213,0.0004332630484388088
3,raw_safe,Raw,1.0,42,Platt,validation_threshold,quantile,6,0.0009377466036059181,0.0016265657975651326,34106,18,0.0010304167257439828,0.000527766375417815
3,raw_safe,Raw,1.0,42,Platt,validation_threshold,quantile,7,0.0016265657975651326,0.9903596158610597,33929,197,0.004297531888683649,0.005806242447463822
3,raw_safe,Raw,1.0,42,Platt,test,uniform,0,0.0,0.1,636095,3139,0.0005861022998487424,0.004934797475219897
3,raw_safe,Raw,1.0,42,Platt,test,uniform,1,0.1,0.2,0,0,,
3,raw_safe,Raw,1.0,42,Platt,test,uniform,2,0.2,0.30000000000000004,0,0,,
3,raw_safe,Raw,1.0,42,Platt,test,uniform,3,0.30000000000000004,0.4,0,0,,
3,raw_safe,Raw,1.0,42,Platt,test,uniform,4,0.4,0.5,0,0,,
3,raw_safe,Raw,1.0,42,Platt,test,uniform,5,0.5,0.6000000000000001,0,0,,
3,raw_safe,Raw,1.0,42,Platt,test,uniform,6,0.6000000000000001,0.7000000000000001,0,0,,
3,raw_safe,Raw,1.0,42,Platt,test,uniform,7,0.7000000000000001,0.8,112,112,0.7912499034079411,1.0
3,raw_safe,Raw,1.0,42,Platt,test,uniform,8,0.8,0.9,0,0,,
3,raw_safe,Raw,1.0,42,Platt,test,uniform,9,0.9,1.0,516,513,0.9903596158610597,0.9941860465116279
3,raw_safe,Raw,1.0,42,Platt,test,quantile,0,4.701181804814993e-05,6.28474890434973e-05,253433,2,4.867496427952494e-05,7.891632107894394e-06
3,raw_safe,Raw,1.0,42,Platt,test,quantile,1,6.28474890434973e-05,6.545996838212663e-05,28539,0,6.466313052743564e-05,0.0
3,raw_safe,Raw,1.0,42,Platt,test,quantile,2,6.545996838212663e-05,0.0007450242742220443,99984,145,0.00013852597979018835,0.0014502320371259402
3,raw_safe,Raw,1.0,42,Platt,test,quantile,3,0.0007450242742220443,0.0009117499705175174,50200,210,0.0008515515723040804,0.0041832669322709164
3,raw_safe,Raw,1.0,42,Platt,test,quantile,4,0.0009117499705175174,0.0009364633214844483,74801,277,0.0009209194273416358,0.00370315904867582
3,raw_safe,Raw,1.0,42,Platt,test,quantile,5,0.0009364633214844483,0.0016835464145900322,64755,372,0.0010376976900963678,0.005744730136668983
3,raw_safe,Raw,1.0,42,Platt,test,quantile,6,0.0016835464145900322,0.9903596158610597,65011,2758,0.011776483234900673,0.0424235898540247
3,raw_safe,Raw,1.0,42,Isotonic,validation_threshold,uniform,0,0.0,0.1,337131,206,0.000592254866401449,0.0006110384390637468
3,raw_safe,Raw,1.0,42,Isotonic,validation_threshold,uniform,1,0.1,0.2,0,0,,
3,raw_safe,Raw,1.0,42,Isotonic,validation_threshold,uniform,2,0.2,0.30000000000000004,10,0,0.2,0.0
3,raw_safe,Raw,1.0,42,Isotonic,validation_threshold,uniform,3,0.30000000000000004,0.4,0,0,,
3,raw_safe,Raw,1.0,42,Isotonic,validation_threshold,uniform,4,0.4,0.5,0,0,,
3,raw_safe,Raw,1.0,42,Isotonic,validation_threshold,uniform,5,0.5,0.6000000000000001,17,12,0.5555555555555556,0.7058823529411765
3,raw_safe,Raw,1.0,42,Isotonic,validation_threshold,uniform,6,0.6000000000000001,0.7000000000000001,0,0,,
3,raw_safe,Raw,1.0,42,Isotonic,validation_threshold,uniform,7,0.7000000000000001,0.8,0,0,,
3,raw_safe,Raw,1.0,42,Isotonic,validation_threshold,uniform,8,0.8,0.9,0,0,,
3,raw_safe,Raw,1.0,42,Isotonic,validation_threshold,uniform,9,0.9,1.0,46,38,0.9393939393939392,0.8260869565217391
3,raw_safe,Raw,1.0,42,Isotonic,validation_threshold,quantile,0,0.0,0.0005514337276919992,190014,0,0.0,0.0
3,raw_safe,Raw,1.0,42,Isotonic,validation_threshold,quantile,1,0.0005514337276919992,0.0011179429849077697,112652,58,0.0005648926848979999,0.0005148599225934737
3,raw_safe,Raw,1.0,42,Isotonic,validation_threshold,quantile,2,0.0011179429849077697,0.9393939393939394,34538,198,0.00552109995605487,0.005732816028721987
3,raw_safe,Raw,1.0,42,Isotonic,test,uniform,0,0.0,0.1,636080,3138,0.0006067701934931555,0.00493334171802289
3,raw_safe,Raw,1.0,42,Isotonic,test,uniform,1,0.1,0.2,0,0,,
3,raw_safe,Raw,1.0,42,Isotonic,test,uniform,2,0.2,0.30000000000000004,15,1,0.20000000000000007,0.06666666666666667
3,raw_safe,Raw,1.0,42,Isotonic,test,uniform,3,0.30000000000000004,0.4,0,0,,
3,raw_safe,Raw,1.0,42,Isotonic,test,uniform,4,0.4,0.5,0,0,,
3,raw_safe,Raw,1.0,42,Isotonic,test,uniform,5,0.5,0.6000000000000001,190,187,0.5555555555555555,0.9842105263157894
3,raw_safe,Raw,1.0,42,Isotonic,test,uniform,6,0.6000000000000001,0.7000000000000001,0,0,,
3,raw_safe,Raw,1.0,42,Isotonic,test,uniform,7,0.7000000000000001,0.8,0,0,,
3,raw_safe,Raw,1.0,42,Isotonic,test,uniform,8,0.8,0.9,0,0,,
3,raw_safe,Raw,1.0,42,Isotonic,test,uniform,9,0.9,1.0,438,438,0.9393939393939394,1.0
3,raw_safe,Raw,1.0,42,Isotonic,test,quantile,0,0.0,0.0005514337276919992,367925,2,0.0,5.4358904668070935e-06
3,raw_safe,Raw,1.0,42,Isotonic,test,quantile,1,0.0005514337276919992,0.0023775558725630053,203787,1004,0.0005710484991711573,0.004926712695117942
3,raw_safe,Raw,1.0,42,Isotonic,test,quantile,2,0.0023775558725630053,0.9393939393939394,65011,2758,0.012145517299943622,0.0424235898540247
3,raw_safe,Raw,1.0,52,Uncalibrated,validation_threshold,uniform,0,0.0,0.1,337130,202,0.00035625555418393294,0.0005991753922819091
3,raw_safe,Raw,1.0,52,Uncalibrated,validation_threshold,uniform,1,0.1,0.2,0,0,,
3,raw_safe,Raw,1.0,52,Uncalibrated,validation_threshold,uniform,2,0.2,0.30000000000000004,0,0,,
3,raw_safe,Raw,1.0,52,Uncalibrated,validation_threshold,uniform,3,0.30000000000000004,0.4,11,4,0.335107822660966,0.36363636363636365
3,raw_safe,Raw,1.0,52,Uncalibrated,validation_threshold,uniform,4,0.4,0.5,0,0,,
3,raw_safe,Raw,1.0,52,Uncalibrated,validation_threshold,uniform,5,0.5,0.6000000000000001,0,0,,
3,raw_safe,Raw,1.0,52,Uncalibrated,validation_threshold,uniform,6,0.6000000000000001,0.7000000000000001,0,0,,
3,raw_safe,Raw,1.0,52,Uncalibrated,validation_threshold,uniform,7,0.7000000000000001,0.8,0,0,,
3,raw_safe,Raw,1.0,52,Uncalibrated,validation_threshold,uniform,8,0.8,0.9,0,0,,
3,raw_safe,Raw,1.0,52,Uncalibrated,validation_threshold,uniform,9,0.9,1.0,63,50,0.999729521675072,0.7936507936507936
3,raw_safe,Raw,1.0,52,Uncalibrated,validation_threshold,quantile,0,1.2883656439166072e-63,6.941085388008986e-07,33103,0,1.68162224305768e-07,0.0
3,raw_safe,Raw,1.0,52,Uncalibrated,validation_threshold,quantile,1,6.941085388008986e-07,1.1727603421202109e-06,30421,0,1.0811737131598183e-06,0.0
3,raw_safe,Raw,1.0,52,Uncalibrated,validation_threshold,quantile,2,1.1727603421202109e-06,1.2759457955462985e-06,36275,0,1.2081812250626723e-06,0.0
3,raw_safe,Raw,1.0,52,Uncalibrated,validation_threshold,quantile,3,1.2759457955462985e-06,1.3141136214579153e-06,34211,0,1.2970338280999142e-06,0.0
3,raw_safe,Raw,1.0,52,Uncalibrated,validation_threshold,quantile,4,1.3141136214579153e-06,1.6907196263999889e-06,34042,0,1.3959487117086246e-06,0.0
3,raw_safe,Raw,1.0,52,Uncalibrated,validation_threshold,quantile,5,1.6907196263999889e-06,0.0002875669160078779,33409,9,8.151926481372111e-05,0.0002693884881319405
3,raw_safe,Raw,1.0,52,Uncalibrated,validation_threshold,quantile,6,0.0002875669160078779,0.0003255419416663609,33846,15,0.00031236425605485167,0.0004431838326537848
3,raw_safe,Raw,1.0,52,Uncalibrated,validation_threshold,quantile,7,0.0003255419416663609,0.00033735820491566853,33903,16,0.00033089455901938946,0.0004719346370527682
3,raw_safe,Raw,1.0,52,Uncalibrated,validation_threshold,quantile,8,0.00033735820491566853,0.0005365770378025388,34210,14,0.00039290143554267557,0.00040923706518561825
3,raw_safe,Raw,1.0,52,Uncalibrated,validation_threshold,quantile,9,0.0005365770378025388,1.0,33784,202,0.004399839251715918,0.005979161733364906
3,raw_safe,Raw,1.0,52,Uncalibrated,test,uniform,0,0.0,0.1,636006,3064,0.00036362277681585645,0.0048175646141703065
3,raw_safe,Raw,1.0,52,Uncalibrated,test,uniform,1,0.1,0.2,0,0,,
3,raw_safe,Raw,1.0,52,Uncalibrated,test,uniform,2,0.2,0.30000000000000004,0,0,,
3,raw_safe,Raw,1.0,52,Uncalibrated,test,uniform,3,0.30000000000000004,0.4,74,60,0.335107822660966,0.8108108108108109
3,raw_safe,Raw,1.0,52,Uncalibrated,test,uniform,4,0.4,0.5,0,0,,
3,raw_safe,Raw,1.0,52,Uncalibrated,test,uniform,5,0.5,0.6000000000000001,0,0,,
3,raw_safe,Raw,1.0,52,Uncalibrated,test,uniform,6,0.6000000000000001,0.7000000000000001,0,0,,
3,raw_safe,Raw,1.0,52,Uncalibrated,test,uniform,7,0.7000000000000001,0.8,0,0,,
3,raw_safe,Raw,1.0,52,Uncalibrated,test,uniform,8,0.8,0.9,0,0,,
3,raw_safe,Raw,1.0,52,Uncalibrated,test,uniform,9,0.9,1.0,643,640,0.999727923202856,0.995334370139969
3,raw_safe,Raw,1.0,52,Uncalibrated,test,quantile,0,1.2883656439166072e-63,6.442198195506815e-07,63629,0,1.454900259227739e-07,0.0
3,raw_safe,Raw,1.0,52,Uncalibrated,test,quantile,1,6.442198195506815e-07,1.166007391773895e-06,54598,0,1.0653178918063743e-06,0.0
3,raw_safe,Raw,1.0,52,Uncalibrated,test,quantile,2,1.166007391773895e-06,1.2371659371496629e-06,70534,0,1.1894732098206217e-06,0.0
3,raw_safe,Raw,1.0,52,Uncalibrated,test,quantile,3,1.2371659371496629e-06,1.2983853972622929e-06,30277,0,1.2687600240559311e-06,0.0
3,raw_safe,Raw,1.0,52,Uncalibrated,test,quantile,4,1.2983853972622929e-06,1.4317738488946415e-06,98586,0,1.3208684746740526e-06,0.0
3,raw_safe,Raw,1.0,52,Uncalibrated,test,quantile,5,1.4317738488946415e-06,0.0002722342706220933,62961,73,4.331777091724758e-05,0.0011594479121996156
3,raw_safe,Raw,1.0,52,Uncalibrated,test,quantile,6,0.0002722342706220933,0.0003247613463694277,56139,220,0.0003047185936822194,0.0039188442971909015
3,raw_safe,Raw,1.0,52,Uncalibrated,test,quantile,7,0.0003247613463694277,0.0003369880857148368,67880,268,0.00032909482086660157,0.003948143783146729
3,raw_safe,Raw,1.0,52,Uncalibrated,test,quantile,8,0.0003369880857148368,0.0007660211122187318,68126,374,0.0003934142534181655,0.005489827672254352
3,raw_safe,Raw,1.0,52,Uncalibrated,test,quantile,9,0.0007660211122187318,1.0,63993,2829,0.012963835494702005,0.04420796024565187
3,raw_safe,Raw,1.0,52,Platt,validation_threshold,uniform,0,0.0,0.1,337141,206,0.0005846564690906079,0.0006110203149424128
3,raw_safe,Raw,1.0,52,Platt,validation_threshold,uniform,1,0.1,0.2,0,0,,
3,raw_safe,Raw,1.0,52,Platt,validation_threshold,uniform,2,0.2,0.30000000000000004,0,0,,
3,raw_safe,Raw,1.0,52,Platt,validation_threshold,uniform,3,0.30000000000000004,0.4,0,0,,
3,raw_safe,Raw,1.0,52,Platt,validation_threshold,uniform,4,0.4,0.5,0,0,,
3,raw_safe,Raw,1.0,52,Platt,validation_threshold,uniform,5,0.5,0.6000000000000001,0,0,,
3,raw_safe,Raw,1.0,52,Platt,validation_threshold,uniform,6,0.6000000000000001,0.7000000000000001,0,0,,
3,raw_safe,Raw,1.0,52,Platt,validation_threshold,uniform,7,0.7000000000000001,0.8,0,0,,
3,raw_safe,Raw,1.0,52,Platt,validation_threshold,uniform,8,0.8,0.9,30,30,0.8772929368774878,1.0
3,raw_safe,Raw,1.0,52,Platt,validation_threshold,uniform,9,0.9,1.0,33,20,0.9965040961444583,0.6060606060606061
3,raw_safe,Raw,1.0,52,Platt,validation_threshold,quantile,0,3.0334388376283337e-05,3.32774622275961e-05,63524,0,3.1273778984638496e-05,0.0
3,raw_safe,Raw,1.0,52,Platt,validation_threshold,quantile,1,3.32774622275961e-05,3.494864972261747e-05,36275,0,3.385524853522065e-05,0.0
3,raw_safe,Raw,1.0,52,Platt,validation_threshold,quantile,2,3.494864972261747e-05,3.5552356070554004e-05,34211,0,3.52829389886778e-05,0.0
3,raw_safe,Raw,1.0,52,Platt,validation_threshold,quantile,3,3.5552356070554004e-05,4.115842812434576e-05,34042,0,3.6803680286751715e-05,0.0
3,raw_safe,Raw,1.0,52,Platt,validation_threshold,quantile,4,4.115842812434576e-05,0.0008135676696010957,33409,9,0.0002765220079908503,0.0002693884881319405
3,raw_safe,Raw,1.0,52,Platt,validation_threshold,quantile,5,0.0008135676696010957,0.0008743363644494095,33846,15,0.0008534513796322135,0.0004431838326537848
3,raw_safe,Raw,1.0,52,Platt,validation_threshold,quantile,6,0.0008743363644494095,0.0008926294702241866,33903,16,0.0008826480011480393,0.0004719346370527682
3,raw_safe,Raw,1.0,52,Platt,validation_threshold,quantile,7,0.0008926294702241866,0.0011687268321434589,34210,14,0.000973226485884569,0.00040923706518561825
3,raw_safe,Raw,1.0,52,Platt,validation_threshold,quantile,8,0.0011687268321434589,0.9965040961444583,33784,202,0.004419183261687146,0.005979161733364906
3,raw_safe,Raw,1.0,52,Platt,test,uniform,0,0.0,0.1,636080,3124,0.0005871521707297555,0.004911331907936109
3,raw_safe,Raw,1.0,52,Platt,test,uniform,1,0.1,0.2,0,0,,
3,raw_safe,Raw,1.0,52,Platt,test,uniform,2,0.2,0.30000000000000004,0,0,,
3,raw_safe,Raw,1.0,52,Platt,test,uniform,3,0.30000000000000004,0.4,0,0,,
3,raw_safe,Raw,1.0,52,Platt,test,uniform,4,0.4,0.5,0,0,,
3,raw_safe,Raw,1.0,52,Platt,test,uniform,5,0.5,0.6000000000000001,0,0,,
3,raw_safe,Raw,1.0,52,Platt,test,uniform,6,0.6000000000000001,0.7000000000000001,0,0,,
3,raw_safe,Raw,1.0,52,Platt,test,uniform,7,0.7000000000000001,0.8,0,0,,
3,raw_safe,Raw,1.0,52,Platt,test,uniform,8,0.8,0.9,308,308,0.8772929368774874,1.0
3,raw_safe,Raw,1.0,52,Platt,test,uniform,9,0.9,1.0,335,332,0.9965040961444583,0.991044776119403
3,raw_safe,Raw,1.0,52,Platt,test,quantile,0,3.0334388376283337e-05,3.316598602623911e-05,118227,0,3.1177418908903405e-05,0.0
3,raw_safe,Raw,1.0,52,Platt,test,quantile,1,3.316598602623911e-05,3.432746192222081e-05,70534,0,3.355168001852156e-05,0.0
3,raw_safe,Raw,1.0,52,Platt,test,quantile,2,3.432746192222081e-05,3.530448226319398e-05,30277,0,3.4833223519758105e-05,0.0
3,raw_safe,Raw,1.0,52,Platt,test,quantile,3,3.530448226319398e-05,3.736869744680493e-05,98586,0,3.56562792191206e-05,0.0
3,raw_safe,Raw,1.0,52,Platt,test,quantile,4,3.736869744680493e-05,0.0007880856364259303,62961,73,0.00017083622801365375,0.0011594479121996156
3,raw_safe,Raw,1.0,52,Platt,test,quantile,5,0.0007880856364259303,0.0008731181765664092,56139,220,0.0008411613603354847,0.0039188442971909015
3,raw_safe,Raw,1.0,52,Platt,test,quantile,6,0.0008731181765664092,0.0008920605951858979,67880,268,0.0008798571121143822,0.003948143783146729
3,raw_safe,Raw,1.0,52,Platt,test,quantile,7,0.0008920605951858979,0.0014371244820761335,68126,374,0.0009732620913356234,0.005489827672254352
3,raw_safe,Raw,1.0,52,Platt,test,quantile,8,0.0014371244820761335,0.9965040961444583,63993,2829,0.012233858637734954,0.04420796024565187
3,raw_safe,Raw,1.0,52,Isotonic,validation_threshold,uniform,0,0.0,0.1,337130,202,0.0005820828212815688,0.0005991753922819091
3,raw_safe,Raw,1.0,52,Isotonic,validation_threshold,uniform,1,0.1,0.2,0,0,,
3,raw_safe,Raw,1.0,52,Isotonic,validation_threshold,uniform,2,0.2,0.30000000000000004,11,4,0.2941176470588235,0.36363636363636365
3,raw_safe,Raw,1.0,52,Isotonic,validation_threshold,uniform,3,0.30000000000000004,0.4,0,0,,
3,raw_safe,Raw,1.0,52,Isotonic,validation_threshold,uniform,4,0.4,0.5,0,0,,
3,raw_safe,Raw,1.0,52,Isotonic,validation_threshold,uniform,5,0.5,0.6000000000000001,0,0,,
3,raw_safe,Raw,1.0,52,Isotonic,validation_threshold,uniform,6,0.6000000000000001,0.7000000000000001,0,0,,
3,raw_safe,Raw,1.0,52,Isotonic,validation_threshold,uniform,7,0.7000000000000001,0.8,0,0,,
3,raw_safe,Raw,1.0,52,Isotonic,validation_threshold,uniform,8,0.8,0.9,63,50,0.803921568627451,0.7936507936507936
3,raw_safe,Raw,1.0,52,Isotonic,validation_threshold,uniform,9,0.9,1.0,0,0,,
3,raw_safe,Raw,1.0,52,Isotonic,validation_threshold,quantile,0,0.0,0.00048216007714561236,194285,1,5.544806481574632e-06,5.147077746609363e-06
3,raw_safe,Raw,1.0,52,Isotonic,validation_threshold,quantile,1,0.00048216007714561236,0.0005817786913857968,71239,37,0.0004821600771456125,0.0005193784303541599
3,raw_safe,Raw,1.0,52,Isotonic,validation_threshold,quantile,2,0.0005817786913857968,0.000903954802259887,33924,16,0.000607867562797645,0.00047164249498879847
3,raw_safe,Raw,1.0,52,Isotonic,validation_threshold,quantile,3,0.000903954802259887,0.803921568627451,37756,202,0.005140183303751336,0.005350143023625384
3,raw_safe,Raw,1.0,52,Isotonic,test,uniform,0,0.0,0.1,636006,3064,0.0006018849607546205,0.0048175646141703065
3,raw_safe,Raw,1.0,52,Isotonic,test,uniform,1,0.1,0.2,0,0,,
3,raw_safe,Raw,1.0,52,Isotonic,test,uniform,2,0.2,0.30000000000000004,74,60,0.2941176470588235,0.8108108108108109
3,raw_safe,Raw,1.0,52,Isotonic,test,uniform,3,0.30000000000000004,0.4,0,0,,
3,raw_safe,Raw,1.0,52,Isotonic,test,uniform,4,0.4,0.5,0,0,,
3,raw_safe,Raw,1.0,52,Isotonic,test,uniform,5,0.5,0.6000000000000001,0,0,,
3,raw_safe,Raw,1.0,52,Isotonic,test,uniform,6,0.6000000000000001,0.7000000000000001,0,0,,
3,raw_safe,Raw,1.0,52,Isotonic,test,uniform,7,0.7000000000000001,0.8,0,0,,
3,raw_safe,Raw,1.0,52,Isotonic,test,uniform,8,0.8,0.9,643,640,0.8039215686274509,0.995334370139969
3,raw_safe,Raw,1.0,52,Isotonic,test,uniform,9,0.9,1.0,0,0,,
3,raw_safe,Raw,1.0,52,Isotonic,test,quantile,0,0.0,0.00048216007714561236,375510,44,5.242365332642556e-06,0.00011717397672498735
3,raw_safe,Raw,1.0,52,Isotonic,test,quantile,1,0.00048216007714561236,0.0005817786913857968,129094,517,0.0004821600771456124,0.004004833687080732
3,raw_safe,Raw,1.0,52,Isotonic,test,quantile,2,0.0005817786913857968,0.001579778830963665,66890,347,0.000640601216391339,0.0051876214680819255
3,raw_safe,Raw,1.0,52,Isotonic,test,quantile,3,0.001579778830963665,0.803921568627451,65229,2856,0.012485648590197521,0.0437842064112588
3,raw_safe,Raw,1.0,62,Uncalibrated,validation_threshold,uniform,0,0.0,0.1,337141,206,0.0002986090388641761,0.0006110203149424128
3,raw_safe,Raw,1.0,62,Uncalibrated,validation_threshold,uniform,1,0.1,0.2,0,0,,
3,raw_safe,Raw,1.0,62,Uncalibrated,validation_threshold,uniform,2,0.2,0.30000000000000004,0,0,,
3,raw_safe,Raw,1.0,62,Uncalibrated,validation_threshold,uniform,3,0.30000000000000004,0.4,0,0,,
3,raw_safe,Raw,1.0,62,Uncalibrated,validation_threshold,uniform,4,0.4,0.5,0,0,,
3,raw_safe,Raw,1.0,62,Uncalibrated,validation_threshold,uniform,5,0.5,0.6000000000000001,0,0,,
3,raw_safe,Raw,1.0,62,Uncalibrated,validation_threshold,uniform,6,0.6000000000000001,0.7000000000000001,0,0,,
3,raw_safe,Raw,1.0,62,Uncalibrated,validation_threshold,uniform,7,0.7000000000000001,0.8,0,0,,
3,raw_safe,Raw,1.0,62,Uncalibrated,validation_threshold,uniform,8,0.8,0.9,0,0,,
3,raw_safe,Raw,1.0,62,Uncalibrated,validation_threshold,uniform,9,0.9,1.0,63,50,0.9999999999911527,0.7936507936507936
3,raw_safe,Raw,1.0,62,Uncalibrated,validation_threshold,quantile,0,2.1061710016393717e-07,2.8630686515406204e-07,30085,0,2.6483128986650114e-07,0.0
3,raw_safe,Raw,1.0,62,Uncalibrated,validation_threshold,quantile,1,2.8630686515406204e-07,3.034570305360434e-07,36947,0,2.9260828674635085e-07,0.0
3,raw_safe,Raw,1.0,62,Uncalibrated,validation_threshold,quantile,2,3.034570305360434e-07,3.952058867273123e-07,27884,0,3.329229652067068e-07,0.0
3,raw_safe,Raw,1.0,62,Uncalibrated,validation_threshold,quantile,3,3.952058867273123e-07,1.296639127526229e-06,39537,0,7.553992990418733e-07,0.0
3,raw_safe,Raw,1.0,62,Uncalibrated,validation_threshold,quantile,4,1.296639127526229e-06,1.3205574037806201e-06,14583,0,1.3088354860163387e-06,0.0
3,raw_safe,Raw,1.0,62,Uncalibrated,validation_threshold,quantile,5,1.3205574037806201e-06,0.0002474358954518259,52512,6,4.5638451253929106e-05,0.00011425959780621572
3,raw_safe,Raw,1.0,62,Uncalibrated,validation_threshold,quantile,6,0.0002474358954518259,0.00029151946738402033,34242,13,0.00026984567591686176,0.00037965072133637056
3,raw_safe,Raw,1.0,62,Uncalibrated,validation_threshold,quantile,7,0.00029151946738402033,0.00030517607011243863,33037,18,0.0002933860631422237,0.0005448436601386325
3,raw_safe,Raw,1.0,62,Uncalibrated,validation_threshold,quantile,8,0.00030517607011243863,0.0005324410768275612,33886,17,0.00037082685507752044,0.00050168211060615
3,raw_safe,Raw,1.0,62,Uncalibrated,validation_threshold,quantile,9,0.0005324410768275612,1.0,34491,202,0.0037604383509699676,0.0058566002725348645
3,raw_safe,Raw,1.0,62,Uncalibrated,test,uniform,0,0.0,0.1,636088,3132,0.00031285112667792927,0.004923847014878444
3,raw_safe,Raw,1.0,62,Uncalibrated,test,uniform,1,0.1,0.2,0,0,,
3,raw_safe,Raw,1.0,62,Uncalibrated,test,uniform,2,0.2,0.30000000000000004,0,0,,
3,raw_safe,Raw,1.0,62,Uncalibrated,test,uniform,3,0.30000000000000004,0.4,0,0,,
3,raw_safe,Raw,1.0,62,Uncalibrated,test,uniform,4,0.4,0.5,0,0,,
3,raw_safe,Raw,1.0,62,Uncalibrated,test,uniform,5,0.5,0.6000000000000001,0,0,,
3,raw_safe,Raw,1.0,62,Uncalibrated,test,uniform,6,0.6000000000000001,0.7000000000000001,0,0,,
3,raw_safe,Raw,1.0,62,Uncalibrated,test,uniform,7,0.7000000000000001,0.8,0,0,,
3,raw_safe,Raw,1.0,62,Uncalibrated,test,uniform,8,0.8,0.9,0,0,,
3,raw_safe,Raw,1.0,62,Uncalibrated,test,uniform,9,0.9,1.0,635,632,0.9999999999894671,0.9952755905511811
3,raw_safe,Raw,1.0,62,Uncalibrated,test,quantile,0,2.1061710016393717e-07,2.8064927296571435e-07,55643,0,2.6265046829197304e-07,0.0
3,raw_safe,Raw,1.0,62,Uncalibrated,test,quantile,1,2.8064927296571435e-07,3.007665330834397e-07,62934,0,2.871358887468487e-07,0.0
3,raw_safe,Raw,1.0,62,Uncalibrated,test,quantile,2,3.007665330834397e-07,3.588777609441489e-07,71285,0,3.1852202319707646e-07,0.0
3,raw_safe,Raw,1.0,62,Uncalibrated,test,quantile,3,3.588777609441489e-07,1.2877827737522843e-06,53277,0,6.025868046774798e-07,0.0
3,raw_safe,Raw,1.0,62,Uncalibrated,test,quantile,4,1.2877827737522843e-06,1.3205574037806201e-06,45033,0,1.3005847431022419e-06,0.0
3,raw_safe,Raw,1.0,62,Uncalibrated,test,quantile,5,1.3205574037806201e-06,0.00022498841360851766,91897,71,2.5240717357437306e-05,0.000772604111124411
3,raw_safe,Raw,1.0,62,Uncalibrated,test,quantile,6,0.00022498841360851766,0.0002897569913772034,61871,237,0.0002620389617372261,0.0038305506618609686
3,raw_safe,Raw,1.0,62,Uncalibrated,test,quantile,7,0.0002897569913772034,0.00030299309767097736,66098,276,0.00029253512852369875,0.004175618021725317
3,raw_safe,Raw,1.0,62,Uncalibrated,test,quantile,8,0.00030299309767097736,0.0007996817288400715,63810,331,0.0003746689037926177,0.005187274721830434
3,raw_safe,Raw,1.0,62,Uncalibrated,test,quantile,9,0.0007996817288400715,1.0,64875,2849,0.011901025273471035,0.043915221579961465
3,raw_safe,Raw,1.0,62,Platt,validation_threshold,uniform,0,0.0,0.1,337141,206,0.00058959402047218,0.0006110203149424128
3,raw_safe,Raw,1.0,62,Platt,validation_threshold,uniform,1,0.1,0.2,0,0,,
3,raw_safe,Raw,1.0,62,Platt,validation_threshold,uniform,2,0.2,0.30000000000000004,0,0,,
3,raw_safe,Raw,1.0,62,Platt,validation_threshold,uniform,3,0.30000000000000004,0.4,0,0,,
3,raw_safe,Raw,1.0,62,Platt,validation_threshold,uniform,4,0.4,0.5,0,0,,
3,raw_safe,Raw,1.0,62,Platt,validation_threshold,uniform,5,0.5,0.6000000000000001,0,0,,
3,raw_safe,Raw,1.0,62,Platt,validation_threshold,uniform,6,0.6000000000000001,0.7000000000000001,0,0,,
3,raw_safe,Raw,1.0,62,Platt,validation_threshold,uniform,7,0.7000000000000001,0.8,0,0,,
3,raw_safe,Raw,1.0,62,Platt,validation_threshold,uniform,8,0.8,0.9,0,0,,
3,raw_safe,Raw,1.0,62,Platt,validation_threshold,uniform,9,0.9,1.0,63,50,0.9882171993101406,0.7936507936507936
3,raw_safe,Raw,1.0,62,Platt,validation_threshold,quantile,0,4.8938690611916624e-05,5.60090523300473e-05,134453,0,4.9604474909415065e-05,0.0
3,raw_safe,Raw,1.0,62,Platt,validation_threshold,quantile,1,5.60090523300473e-05,5.654338796566302e-05,14583,0,5.628191089448099e-05,0.0
3,raw_safe,Raw,1.0,62,Platt,validation_threshold,quantile,2,5.654338796566302e-05,0.0008565389442246151,52512,6,0.00021731828802832757,0.00011425959780621572
3,raw_safe,Raw,1.0,62,Platt,validation_threshold,quantile,3,0.0008565389442246151,0.0009326409819822,34242,13,0.0008955783252691275,0.00037965072133637056
3,raw_safe,Raw,1.0,62,Platt,validation_threshold,quantile,4,0.0009326409819822,0.0009550736975149423,33037,18,0.0009357240557850888,0.0005448436601386325
3,raw_safe,Raw,1.0,62,Platt,validation_threshold,quantile,5,0.0009550736975149423,0.0012750340193805928,33886,17,0.0010531066387435824,0.00050168211060615
3,raw_safe,Raw,1.0,62,Platt,validation_threshold,quantile,6,0.0012750340193805928,0.9882171993101404,34491,202,0.004200123901734778,0.0058566002725348645
3,raw_safe,Raw,1.0,62,Platt,test,uniform,0,0.0,0.1,636088,3132,0.0005864111514194796,0.004923847014878444
3,raw_safe,Raw,1.0,62,Platt,test,uniform,1,0.1,0.2,0,0,,
3,raw_safe,Raw,1.0,62,Platt,test,uniform,2,0.2,0.30000000000000004,0,0,,
3,raw_safe,Raw,1.0,62,Platt,test,uniform,3,0.30000000000000004,0.4,0,0,,
3,raw_safe,Raw,1.0,62,Platt,test,uniform,4,0.4,0.5,0,0,,
3,raw_safe,Raw,1.0,62,Platt,test,uniform,5,0.5,0.6000000000000001,0,0,,
3,raw_safe,Raw,1.0,62,Platt,test,uniform,6,0.6000000000000001,0.7000000000000001,0,0,,
3,raw_safe,Raw,1.0,62,Platt,test,uniform,7,0.7000000000000001,0.8,0,0,,
3,raw_safe,Raw,1.0,62,Platt,test,uniform,8,0.8,0.9,0,0,,
3,raw_safe,Raw,1.0,62,Platt,test,uniform,9,0.9,1.0,635,632,0.9882171993101404,0.9952755905511811
3,raw_safe,Raw,1.0,62,Platt,test,quantile,0,4.8938690611916624e-05,5.5810000763168984e-05,243139,0,4.914263633095825e-05,0.0
3,raw_safe,Raw,1.0,62,Platt,test,quantile,1,5.5810000763168984e-05,5.654338796566302e-05,45033,0,5.609697055827933e-05,0.0
3,raw_safe,Raw,1.0,62,Platt,test,quantile,2,5.654338796566302e-05,0.0008152739173250582,91897,71,0.00015027548228383308,0.000772604111124411
3,raw_safe,Raw,1.0,62,Platt,test,quantile,3,0.0008152739173250582,0.0009297093786100638,61871,237,0.0008818747157759716,0.0038305506618609686
3,raw_safe,Raw,1.0,62,Platt,test,quantile,4,0.0009297093786100638,0.0009515208043226819,66098,276,0.0009343193731411372,0.004175618021725317
3,raw_safe,Raw,1.0,62,Platt,test,quantile,5,0.0009515208043226819,0.0015747735969742934,63810,331,0.0010577266477396516,0.005187274721830434
3,raw_safe,Raw,1.0,62,Platt,test,quantile,6,0.0015747735969742934,0.9882171993101404,64875,2849,0.012153060437189467,0.043915221579961465
3,raw_safe,Raw,1.0,62,Isotonic,validation_threshold,uniform,0,0.0,0.1,337074,200,0.000568479687330377,0.0005933415214463293
3,raw_safe,Raw,1.0,62,Isotonic,validation_threshold,uniform,1,0.1,0.2,58,3,0.13469017371013742,0.05172413793103448
3,raw_safe,Raw,1.0,62,Isotonic,validation_threshold,uniform,2,0.2,0.30000000000000004,9,3,0.23076923076923078,0.3333333333333333
3,raw_safe,Raw,1.0,62,Isotonic,validation_threshold,uniform,3,0.30000000000000004,0.4,0,0,,
3,raw_safe,Raw,1.0,62,Isotonic,validation_threshold,uniform,4,0.4,0.5,0,0,,
3,raw_safe,Raw,1.0,62,Isotonic,validation_threshold,uniform,5,0.5,0.6000000000000001,0,0,,
3,raw_safe,Raw,1.0,62,Isotonic,validation_threshold,uniform,6,0.6000000000000001,0.7000000000000001,0,0,,
3,raw_safe,Raw,1.0,62,Isotonic,validation_threshold,uniform,7,0.7000000000000001,0.8,10,7,0.7272727272427664,0.7
3,raw_safe,Raw,1.0,62,Isotonic,validation_threshold,uniform,8,0.8,0.9,53,43,0.8250000000000003,0.8113207547169812
3,raw_safe,Raw,1.0,62,Isotonic,validation_threshold,uniform,9,0.9,1.0,0,0,,
3,raw_safe,Raw,1.0,62,Isotonic,validation_threshold,quantile,0,0.0,0.0004670091400360264,201548,6,1.6285016068475205e-05,2.9769583424295948e-05
3,raw_safe,Raw,1.0,62,Isotonic,validation_threshold,quantile,1,0.0004670091400360264,0.0005291005291005291,23061,8,0.00047661606729297514,0.0003469060318286284
3,raw_safe,Raw,1.0,62,Isotonic,validation_threshold,quantile,2,0.0005291005291005291,0.0005831175798287967,12786,5,0.0005291005291005291,0.0003910527139058345
3,raw_safe,Raw,1.0,62,Isotonic,validation_threshold,quantile,3,0.0005831175798287967,0.0006583639655456192,47501,24,0.0005831175798287968,0.0005052525209995579
3,raw_safe,Raw,1.0,62,Isotonic,validation_threshold,quantile,4,0.0006583639655456192,0.825,52308,213,0.003895564722046317,0.004072034870383116
3,raw_safe,Raw,1.0,62,Isotonic,test,uniform,0,0.0,0.1,635875,3020,0.0005829438327502815,0.004749361116571653
3,raw_safe,Raw,1.0,62,Isotonic,test,uniform,1,0.1,0.2,140,51,0.13464017185821697,0.36428571428571427
3,raw_safe,Raw,1.0,62,Isotonic,test,uniform,2,0.2,0.30000000000000004,73,61,0.23076923076923078,0.8356164383561644
3,raw_safe,Raw,1.0,62,Isotonic,test,uniform,3,0.30000000000000004,0.4,0,0,,
3,raw_safe,Raw,1.0,62,Isotonic,test,uniform,4,0.4,0.5,0,0,,
3,raw_safe,Raw,1.0,62,Isotonic,test,uniform,5,0.5,0.6000000000000001,0,0,,
3,raw_safe,Raw,1.0,62,Isotonic,test,uniform,6,0.6000000000000001,0.7000000000000001,0,0,,
3,raw_safe,Raw,1.0,62,Isotonic,test,uniform,7,0.7000000000000001,0.8,112,112,0.7272727272406262,1.0
3,raw_safe,Raw,1.0,62,Isotonic,test,uniform,8,0.8,0.9,523,520,0.8249999999999998,0.994263862332696
3,raw_safe,Raw,1.0,62,Isotonic,test,uniform,9,0.9,1.0,0,0,,
3,raw_safe,Raw,1.0,62,Isotonic,test,quantile,0,0.0,0.00028876696505919725,375295,45,5.483453933670039e-06,0.00011990567420296034
3,raw_safe,Raw,1.0,62,Isotonic,test,quantile,1,0.00028876696505919725,0.0005291005291005291,54748,222,0.0004294868135452072,0.0040549426463067145
3,raw_safe,Raw,1.0,62,Isotonic,test,quantile,2,0.0005291005291005291,0.0005831175798287967,23009,88,0.0005291005291005291,0.0038245903776782998
3,raw_safe,Raw,1.0,62,Isotonic,test,quantile,3,0.0005831175798287967,0.0016556291390728477,118789,560,0.0006039921506637408,0.00471424121762116
3,raw_safe,Raw,1.0,62,Isotonic,test,quantile,4,0.0016556291390728477,0.825,64882,2849,0.012481298024661087,0.04391048364723652
3,raw_safe,Raw,1.0,72,Uncalibrated,validation_threshold,uniform,0,0.0,0.1,337132,203,0.000289070754445075,0.000602138034953668
3,raw_safe,Raw,1.0,72,Uncalibrated,validation_threshold,uniform,1,0.1,0.2,0,0,,
3,raw_safe,Raw,1.0,72,Uncalibrated,validation_threshold,uniform,2,0.2,0.30000000000000004,0,0,,
3,raw_safe,Raw,1.0,72,Uncalibrated,validation_threshold,uniform,3,0.30000000000000004,0.4,0,0,,
3,raw_safe,Raw,1.0,72,Uncalibrated,validation_threshold,uniform,4,0.4,0.5,9,3,0.4352339861177601,0.3333333333333333
3,raw_safe,Raw,1.0,72,Uncalibrated,validation_threshold,uniform,5,0.5,0.6000000000000001,0,0,,
3,raw_safe,Raw,1.0,72,Uncalibrated,validation_threshold,uniform,6,0.6000000000000001,0.7000000000000001,0,0,,
3,raw_safe,Raw,1.0,72,Uncalibrated,validation_threshold,uniform,7,0.7000000000000001,0.8,0,0,,
3,raw_safe,Raw,1.0,72,Uncalibrated,validation_threshold,uniform,8,0.8,0.9,0,0,,
3,raw_safe,Raw,1.0,72,Uncalibrated,validation_threshold,uniform,9,0.9,1.0,63,50,0.9999999999996587,0.7936507936507936
3,raw_safe,Raw,1.0,72,Uncalibrated,validation_threshold,quantile,0,1.231963398922719e-24,5.971403363317456e-07,28664,0,5.86011195535992e-07,0.0
3,raw_safe,Raw,1.0,72,Uncalibrated,validation_threshold,quantile,1,5.971403363317456e-07,7.091104648754355e-07,25707,0,6.444570362918049e-07,0.0
3,raw_safe,Raw,1.0,72,Uncalibrated,validation_threshold,quantile,2,7.091104648754355e-07,8.276518873797646e-07,44177,0,7.516968542401605e-07,0.0
3,raw_safe,Raw,1.0,72,Uncalibrated,validation_threshold,quantile,3,8.276518873797646e-07,1.8257538083955812e-06,35945,0,1.3830257876494345e-06,0.0
3,raw_safe,Raw,1.0,72,Uncalibrated,validation_threshold,quantile,4,1.8257538083955812e-06,1.8936442585275334e-06,20279,0,1.8431603703963716e-06,0.0
3,raw_safe,Raw,1.0,72,Uncalibrated,validation_threshold,quantile,5,1.8936442585275334e-06,0.00021848778731120778,46854,6,5.4130185663894034e-05,0.00012805736970162632
3,raw_safe,Raw,1.0,72,Uncalibrated,validation_threshold,quantile,6,0.00021848778731120778,0.0002350463999061631,22292,12,0.0002267191949517486,0.0005383097075183922
3,raw_safe,Raw,1.0,72,Uncalibrated,validation_threshold,quantile,7,0.0002350463999061631,0.0002550248592354152,45625,14,0.00023968420307116624,0.00030684931506849315
3,raw_safe,Raw,1.0,72,Uncalibrated,validation_threshold,quantile,8,0.0002550248592354152,0.0008207827644105361,33611,22,0.00033533953445504926,0.0006545476183392342
3,raw_safe,Raw,1.0,72,Uncalibrated,validation_threshold,quantile,9,0.0008207827644105361,1.0,34050,202,0.003947768460705004,0.005932452276064611
3,raw_safe,Raw,1.0,72,Uncalibrated,test,uniform,0,0.0,0.1,636018,3073,0.00029444662972144217,0.004831624262206416
3,raw_safe,Raw,1.0,72,Uncalibrated,test,uniform,1,0.1,0.2,0,0,,
3,raw_safe,Raw,1.0,72,Uncalibrated,test,uniform,2,0.2,0.30000000000000004,0,0,,
3,raw_safe,Raw,1.0,72,Uncalibrated,test,uniform,3,0.30000000000000004,0.4,0,0,,
3,raw_safe,Raw,1.0,72,Uncalibrated,test,uniform,4,0.4,0.5,73,62,0.4352339861177601,0.8493150684931506
3,raw_safe,Raw,1.0,72,Uncalibrated,test,uniform,5,0.5,0.6000000000000001,0,0,,
3,raw_safe,Raw,1.0,72,Uncalibrated,test,uniform,6,0.6000000000000001,0.7000000000000001,0,0,,
3,raw_safe,Raw,1.0,72,Uncalibrated,test,uniform,7,0.7000000000000001,0.8,0,0,,
3,raw_safe,Raw,1.0,72,Uncalibrated,test,uniform,8,0.8,0.9,0,0,,
3,raw_safe,Raw,1.0,72,Uncalibrated,test,uniform,9,0.9,1.0,632,629,0.9999999999996256,0.995253164556962
3,raw_safe,Raw,1.0,72,Uncalibrated,test,quantile,0,8.27207683678661e-09,5.971403363317456e-07,63062,0,5.860604186035232e-07,0.0
3,raw_safe,Raw,1.0,72,Uncalibrated,test,quantile,1,5.971403363317456e-07,7.091104648754355e-07,55046,0,6.411304014146984e-07,0.0
3,raw_safe,Raw,1.0,72,Uncalibrated,test,quantile,2,7.091104648754355e-07,8.171033047636743e-07,63922,0,7.272179433680743e-07,0.0
3,raw_safe,Raw,1.0,72,Uncalibrated,test,quantile,3,8.171033047636743e-07,1.81514618668699e-06,69533,0,1.2363857124021452e-06,0.0
3,raw_safe,Raw,1.0,72,Uncalibrated,test,quantile,4,1.81514618668699e-06,1.8936442585275334e-06,48764,0,1.8380829870106439e-06,0.0
3,raw_safe,Raw,1.0,72,Uncalibrated,test,quantile,5,1.8936442585275334e-06,0.00021472378177954854,74904,31,2.2259167545100886e-05,0.00041386307807326714
3,raw_safe,Raw,1.0,72,Uncalibrated,test,quantile,6,0.00021472378177954854,0.0002350463999061631,53730,222,0.00022377432831242978,0.0041317699609156894
3,raw_safe,Raw,1.0,72,Uncalibrated,test,quantile,7,0.0002350463999061631,0.0002519327897250232,79298,299,0.00023918970805092174,0.0037705869000479206
3,raw_safe,Raw,1.0,72,Uncalibrated,test,quantile,8,0.0002519327897250232,0.0011806565851197313,63645,421,0.00034642835195981174,0.0066148165606096316
3,raw_safe,Raw,1.0,72,Uncalibrated,test,quantile,9,0.0011806565851197313,1.0,64819,2791,0.01228103962318014,0.043058362517163176
3,raw_safe,Raw,1.0,72,Platt,validation_threshold,uniform,0,0.0,0.1,337141,206,0.0005852622140725458,0.0006110203149424128
3,raw_safe,Raw,1.0,72,Platt,validation_threshold,uniform,1,0.1,0.2,0,0,,
3,raw_safe,Raw,1.0,72,Platt,validation_threshold,uniform,2,0.2,0.30000000000000004,0,0,,
3,raw_safe,Raw,1.0,72,Platt,validation_threshold,uniform,3,0.30000000000000004,0.4,0,0,,
3,raw_safe,Raw,1.0,72,Platt,validation_threshold,uniform,4,0.4,0.5,0,0,,
3,raw_safe,Raw,1.0,72,Platt,validation_threshold,uniform,5,0.5,0.6000000000000001,0,0,,
3,raw_safe,Raw,1.0,72,Platt,validation_threshold,uniform,6,0.6000000000000001,0.7000000000000001,0,0,,
3,raw_safe,Raw,1.0,72,Platt,validation_threshold,uniform,7,0.7000000000000001,0.8,0,0,,
3,raw_safe,Raw,1.0,72,Platt,validation_threshold,uniform,8,0.8,0.9,0,0,,
3,raw_safe,Raw,1.0,72,Platt,validation_threshold,uniform,9,0.9,1.0,63,50,0.9895535236959523,0.7936507936507936
3,raw_safe,Raw,1.0,72,Platt,validation_threshold,quantile,0,4.8629275428056506e-05,6.666834346249588e-05,134493,0,5.1303577875515336e-05,0.0
3,raw_safe,Raw,1.0,72,Platt,validation_threshold,quantile,1,6.666834346249588e-05,6.79563130097065e-05,20279,0,6.699925678753903e-05,0.0
3,raw_safe,Raw,1.0,72,Platt,validation_threshold,quantile,2,6.79563130097065e-05,0.0008180412817822146,46854,6,0.0002591078895141886,0.00012805736970162632
3,raw_safe,Raw,1.0,72,Platt,validation_threshold,quantile,3,0.0008180412817822146,0.0008499509713551605,22292,12,0.000834012704843702,0.0005383097075183922
3,raw_safe,Raw,1.0,72,Platt,validation_threshold,quantile,4,0.0008499509713551605,0.0008870571969058602,45625,14,0.0008586376182289017,0.00030684931506849315
3,raw_safe,Raw,1.0,72,Platt,validation_threshold,quantile,5,0.0008870571969058602,0.0016361634886291993,33611,22,0.0010149893254776843,0.0006545476183392342
3,raw_safe,Raw,1.0,72,Platt,validation_threshold,quantile,6,0.0016361634886291993,0.9895535236959522,34050,202,0.004328249934151932,0.005932452276064611
3,raw_safe,Raw,1.0,72,Platt,test,uniform,0,0.0,0.1,636091,3135,0.0005849219864343456,0.004928540098822339
3,raw_safe,Raw,1.0,72,Platt,test,uniform,1,0.1,0.2,0,0,,
3,raw_safe,Raw,1.0,72,Platt,test,uniform,2,0.2,0.30000000000000004,0,0,,
3,raw_safe,Raw,1.0,72,Platt,test,uniform,3,0.30000000000000004,0.4,0,0,,
3,raw_safe,Raw,1.0,72,Platt,test,uniform,4,0.4,0.5,0,0,,
3,raw_safe,Raw,1.0,72,Platt,test,uniform,5,0.5,0.6000000000000001,0,0,,
3,raw_safe,Raw,1.0,72,Platt,test,uniform,6,0.6000000000000001,0.7000000000000001,0,0,,
3,raw_safe,Raw,1.0,72,Platt,test,uniform,7,0.7000000000000001,0.8,0,0,,
3,raw_safe,Raw,1.0,72,Platt,test,uniform,8,0.8,0.9,0,0,,
3,raw_safe,Raw,1.0,72,Platt,test,uniform,9,0.9,1.0,632,629,0.9895535236959522,0.995253164556962
3,raw_safe,Raw,1.0,72,Platt,test,quantile,0,4.8629275428056506e-05,6.646505746363806e-05,251563,0,5.0677940236082856e-05,0.0
3,raw_safe,Raw,1.0,72,Platt,test,quantile,1,6.646505746363806e-05,6.79563130097065e-05,48764,0,6.690243397350182e-05,0.0
3,raw_safe,Raw,1.0,72,Platt,test,quantile,2,6.79563130097065e-05,0.0008106286931370289,74904,31,0.00015011702933524906,0.00041386307807326714
3,raw_safe,Raw,1.0,72,Platt,test,quantile,3,0.0008106286931370289,0.0008499509713551605,53730,222,0.0008282737672228742,0.0041317699609156894
3,raw_safe,Raw,1.0,72,Platt,test,quantile,4,0.0008499509713551605,0.0008814072791619139,79298,299,0.000857717473067772,0.0037705869000479206
3,raw_safe,Raw,1.0,72,Platt,test,quantile,5,0.0008814072791619139,0.0019793243739513224,63645,421,0.0010275775329257016,0.0066148165606096316
3,raw_safe,Raw,1.0,72,Platt,test,quantile,6,0.0019793243739513224,0.9895535236959522,64819,2791,0.012223072641329866,0.043058362517163176
3,raw_safe,Raw,1.0,72,Isotonic,validation_threshold,uniform,0,0.0,0.1,337132,203,0.0005858365318022657,0.000602138034953668
3,raw_safe,Raw,1.0,72,Isotonic,validation_threshold,uniform,1,0.1,0.2,0,0,,
3,raw_safe,Raw,1.0,72,Isotonic,validation_threshold,uniform,2,0.2,0.30000000000000004,9,3,0.23076923076923078,0.3333333333333333
3,raw_safe,Raw,1.0,72,Isotonic,validation_threshold,uniform,3,0.30000000000000004,0.4,6,4,0.375,0.6666666666666666
3,raw_safe,Raw,1.0,72,Isotonic,validation_threshold,uniform,4,0.4,0.5,0,0,,
3,raw_safe,Raw,1.0,72,Isotonic,validation_threshold,uniform,5,0.5,0.6000000000000001,6,4,0.6,0.6666666666666666
3,raw_safe,Raw,1.0,72,Isotonic,validation_threshold,uniform,6,0.6000000000000001,0.7000000000000001,0,0,,
3,raw_safe,Raw,1.0,72,Isotonic,validation_threshold,uniform,7,0.7000000000000001,0.8,0,0,,
3,raw_safe,Raw,1.0,72,Isotonic,validation_threshold,uniform,8,0.8,0.9,0,0,,
3,raw_safe,Raw,1.0,72,Isotonic,validation_threshold,uniform,9,0.9,1.0,51,42,0.9210526315789471,0.8235294117647058
3,raw_safe,Raw,1.0,72,Isotonic,validation_threshold,quantile,0,0.0,0.0005131275121867784,190607,0,0.0,0.0
3,raw_safe,Raw,1.0,72,Isotonic,validation_threshold,quantile,1,0.0005131275121867784,0.0024464378382385646,112547,54,0.0005255083000406125,0.0004797995504100509
3,raw_safe,Raw,1.0,72,Isotonic,validation_threshold,quantile,2,0.0024464378382385646,0.9210526315789473,34050,202,0.005675784619158296,0.005932452276064611
3,raw_safe,Raw,1.0,72,Isotonic,test,uniform,0,0.0,0.1,636018,3073,0.0005985645346150432,0.004831624262206416
3,raw_safe,Raw,1.0,72,Isotonic,test,uniform,1,0.1,0.2,0,0,,
3,raw_safe,Raw,1.0,72,Isotonic,test,uniform,2,0.2,0.30000000000000004,73,62,0.23076923076923078,0.8493150684931506
3,raw_safe,Raw,1.0,72,Isotonic,test,uniform,3,0.30000000000000004,0.4,66,63,0.375,0.9545454545454546
3,raw_safe,Raw,1.0,72,Isotonic,test,uniform,4,0.4,0.5,0,0,,
3,raw_safe,Raw,1.0,72,Isotonic,test,uniform,5,0.5,0.6000000000000001,74,74,0.6,1.0
3,raw_safe,Raw,1.0,72,Isotonic,test,uniform,6,0.6000000000000001,0.7000000000000001,0,0,,
3,raw_safe,Raw,1.0,72,Isotonic,test,uniform,7,0.7000000000000001,0.8,0,0,,
3,raw_safe,Raw,1.0,72,Isotonic,test,uniform,8,0.8,0.9,0,0,,
3,raw_safe,Raw,1.0,72,Isotonic,test,uniform,9,0.9,1.0,492,492,0.9210526315789471,1.0
3,raw_safe,Raw,1.0,72,Isotonic,test,quantile,0,0.0,0.0005131275121867784,369047,12,0.0,3.251618357553374e-05
3,raw_safe,Raw,1.0,72,Isotonic,test,quantile,1,0.0005131275121867784,0.0024464378382385646,200585,922,0.0005243570584766014,0.004596555076401525
3,raw_safe,Raw,1.0,72,Isotonic,test,quantile,2,0.0024464378382385646,0.9210526315789473,67091,2830,0.012142816565340471,0.04218151465919423
3,raw_safe,Raw,1.0,82,Uncalibrated,validation_threshold,uniform,0,0.0,0.1,337122,202,0.0003111257785118047,0.0005991896108827071
3,raw_safe,Raw,1.0,82,Uncalibrated,validation_threshold,uniform,1,0.1,0.2,9,0,0.18548250870458602,0.0
3,raw_safe,Raw,1.0,82,Uncalibrated,validation_threshold,uniform,2,0.2,0.30000000000000004,0,0,,
3,raw_safe,Raw,1.0,82,Uncalibrated,validation_threshold,uniform,3,0.30000000000000004,0.4,0,0,,
3,raw_safe,Raw,1.0,82,Uncalibrated,validation_threshold,uniform,4,0.4,0.5,0,0,,
3,raw_safe,Raw,1.0,82,Uncalibrated,validation_threshold,uniform,5,0.5,0.6000000000000001,0,0,,
3,raw_safe,Raw,1.0,82,Uncalibrated,validation_threshold,uniform,6,0.6000000000000001,0.7000000000000001,10,4,0.6102649966209333,0.4
3,raw_safe,Raw,1.0,82,Uncalibrated,validation_threshold,uniform,7,0.7000000000000001,0.8,0,0,,
3,raw_safe,Raw,1.0,82,Uncalibrated,validation_threshold,uniform,8,0.8,0.9,0,0,,
3,raw_safe,Raw,1.0,82,Uncalibrated,validation_threshold,uniform,9,0.9,1.0,63,50,0.9999999721000354,0.7936507936507936
3,raw_safe,Raw,1.0,82,Uncalibrated,validation_threshold,quantile,0,3.096130408848246e-138,3.401102667998841e-07,30897,0,8.50837710349383e-08,0.0
3,raw_safe,Raw,1.0,82,Uncalibrated,validation_threshold,quantile,1,3.401102667998841e-07,4.109985148074239e-07,25303,0,3.711319765032269e-07,0.0
3,raw_safe,Raw,1.0,82,Uncalibrated,validation_threshold,quantile,2,4.109985148074239e-07,5.893321842707869e-07,39610,0,4.273173636516864e-07,0.0
3,raw_safe,Raw,1.0,82,Uncalibrated,validation_threshold,quantile,3,5.893321842707869e-07,6.098470468603165e-07,29553,0,5.920825913355014e-07,0.0
3,raw_safe,Raw,1.0,82,Uncalibrated,validation_threshold,quantile,4,6.098470468603165e-07,7.226658386043715e-07,42668,0,6.32313641553971e-07,0.0
3,raw_safe,Raw,1.0,82,Uncalibrated,validation_threshold,quantile,5,7.226658386043715e-07,0.00027658752090518803,29086,2,6.167990740821376e-05,6.87616035205941e-05
3,raw_safe,Raw,1.0,82,Uncalibrated,validation_threshold,quantile,6,0.00027658752090518803,0.00028579587085436603,33409,16,0.00028243560585069783,0.0004789128677901164
3,raw_safe,Raw,1.0,82,Uncalibrated,validation_threshold,quantile,7,0.00028579587085436603,0.00029043219374524644,38140,20,0.0002865888835717233,0.0005243838489774515
3,raw_safe,Raw,1.0,82,Uncalibrated,validation_threshold,quantile,8,0.00029043219374524644,0.0005853676583971939,34787,18,0.0003782559553451723,0.0005174346738724236
3,raw_safe,Raw,1.0,82,Uncalibrated,validation_threshold,quantile,9,0.0005853676583971939,1.0,33751,200,0.004155939367954171,0.005925750348137833
3,raw_safe,Raw,1.0,82,Uncalibrated,test,uniform,0,0.0,0.1,635977,3065,0.0003159693371698959,0.004819356674848304
3,raw_safe,Raw,1.0,82,Uncalibrated,test,uniform,1,0.1,0.2,32,1,0.18548250870458602,0.03125
3,raw_safe,Raw,1.0,82,Uncalibrated,test,uniform,2,0.2,0.30000000000000004,0,0,,
3,raw_safe,Raw,1.0,82,Uncalibrated,test,uniform,3,0.30000000000000004,0.4,0,0,,
3,raw_safe,Raw,1.0,82,Uncalibrated,test,uniform,4,0.4,0.5,0,0,,
3,raw_safe,Raw,1.0,82,Uncalibrated,test,uniform,5,0.5,0.6000000000000001,0,0,,
3,raw_safe,Raw,1.0,82,Uncalibrated,test,uniform,6,0.6000000000000001,0.7000000000000001,72,59,0.6102649966209333,0.8194444444444444
3,raw_safe,Raw,1.0,82,Uncalibrated,test,uniform,7,0.7000000000000001,0.8,0,0,,
3,raw_safe,Raw,1.0,82,Uncalibrated,test,uniform,8,0.8,0.9,0,0,,
3,raw_safe,Raw,1.0,82,Uncalibrated,test,uniform,9,0.9,1.0,642,639,0.999999967145836,0.9953271028037384
3,raw_safe,Raw,1.0,82,Uncalibrated,test,quantile,0,3.096130408848246e-138,3.401102667998841e-07,61662,0,8.127344362824842e-08,0.0
3,raw_safe,Raw,1.0,82,Uncalibrated,test,quantile,1,3.401102667998841e-07,4.109985148074239e-07,48267,0,3.706047697036513e-07,0.0
3,raw_safe,Raw,1.0,82,Uncalibrated,test,quantile,2,4.109985148074239e-07,5.893321842707869e-07,72500,0,4.2197402395209245e-07,0.0
3,raw_safe,Raw,1.0,82,Uncalibrated,test,quantile,3,5.893321842707869e-07,6.098470468603165e-07,61176,0,5.92083336215322e-07,0.0
3,raw_safe,Raw,1.0,82,Uncalibrated,test,quantile,4,6.098470468603165e-07,6.934430688041874e-07,74510,0,6.311265998297246e-07,0.0
3,raw_safe,Raw,1.0,82,Uncalibrated,test,quantile,5,6.934430688041874e-07,0.00027658752090518803,62234,65,5.153192031358838e-05,0.0010444451585949802
3,raw_safe,Raw,1.0,82,Uncalibrated,test,quantile,6,0.00027658752090518803,0.00028579587085436603,58592,227,0.00028237448922658313,0.003874249044238121
3,raw_safe,Raw,1.0,82,Uncalibrated,test,quantile,7,0.00028579587085436603,0.00029043219374524644,70016,266,0.00028659672221521587,0.003799131627056673
3,raw_safe,Raw,1.0,82,Uncalibrated,test,quantile,8,0.00029043219374524644,0.0008315175880637939,63459,361,0.0003859934042174212,0.005688712396980728
3,raw_safe,Raw,1.0,82,Uncalibrated,test,quantile,9,0.0008315175880637939,1.0,64307,2845,0.0128815518657751,0.04424090689971543
3,raw_safe,Raw,1.0,82,Platt,validation_threshold,uniform,0,0.0,0.1,337141,206,0.0005847442828928686,0.0006110203149424128
3,raw_safe,Raw,1.0,82,Platt,validation_threshold,uniform,1,0.1,0.2,0,0,,
3,raw_safe,Raw,1.0,82,Platt,validation_threshold,uniform,2,0.2,0.30000000000000004,0,0,,
3,raw_safe,Raw,1.0,82,Platt,validation_threshold,uniform,3,0.30000000000000004,0.4,0,0,,
3,raw_safe,Raw,1.0,82,Platt,validation_threshold,uniform,4,0.4,0.5,0,0,,
3,raw_safe,Raw,1.0,82,Platt,validation_threshold,uniform,5,0.5,0.6000000000000001,0,0,,
3,raw_safe,Raw,1.0,82,Platt,validation_threshold,uniform,6,0.6000000000000001,0.7000000000000001,0,0,,
3,raw_safe,Raw,1.0,82,Platt,validation_threshold,uniform,7,0.7000000000000001,0.8,0,0,,
3,raw_safe,Raw,1.0,82,Platt,validation_threshold,uniform,8,0.8,0.9,0,0,,
3,raw_safe,Raw,1.0,82,Platt,validation_threshold,uniform,9,0.9,1.0,63,50,0.9900210313121767,0.7936507936507936
3,raw_safe,Raw,1.0,82,Platt,validation_threshold,quantile,0,4.477931677022091e-05,0.0008759460526912604,197117,2,7.52657577289952e-05,1.0146258313590406e-05
3,raw_safe,Raw,1.0,82,Platt,validation_threshold,quantile,1,0.0008759460526912604,0.0008912443775546387,33409,16,0.00088567783315765,0.0004789128677901164
3,raw_safe,Raw,1.0,82,Platt,validation_threshold,quantile,2,0.0008912443775546387,0.0008988589474965946,38140,20,0.0008925503274063942,0.0005243838489774515
3,raw_safe,Raw,1.0,82,Platt,validation_threshold,quantile,3,0.0008988589474965946,0.0013019647871571397,34787,18,0.0010278194405544912,0.0005174346738724236
3,raw_safe,Raw,1.0,82,Platt,validation_threshold,quantile,4,0.0013019647871571397,0.9900750673519998,33751,200,0.0043047673192312085,0.005925750348137833
3,raw_safe,Raw,1.0,82,Platt,test,uniform,0,0.0,0.1,636081,3125,0.0005863965658394121,0.004912896313519819
3,raw_safe,Raw,1.0,82,Platt,test,uniform,1,0.1,0.2,0,0,,
3,raw_safe,Raw,1.0,82,Platt,test,uniform,2,0.2,0.30000000000000004,0,0,,
3,raw_safe,Raw,1.0,82,Platt,test,uniform,3,0.30000000000000004,0.4,0,0,,
3,raw_safe,Raw,1.0,82,Platt,test,uniform,4,0.4,0.5,0,0,,
3,raw_safe,Raw,1.0,82,Platt,test,uniform,5,0.5,0.6000000000000001,0,0,,
3,raw_safe,Raw,1.0,82,Platt,test,uniform,6,0.6000000000000001,0.7000000000000001,0,0,,
3,raw_safe,Raw,1.0,82,Platt,test,uniform,7,0.7000000000000001,0.8,0,0,,
3,raw_safe,Raw,1.0,82,Platt,test,uniform,8,0.8,0.9,0,0,,
3,raw_safe,Raw,1.0,82,Platt,test,uniform,9,0.9,1.0,642,639,0.9900114361275351,0.9953271028037384
3,raw_safe,Raw,1.0,82,Platt,test,quantile,0,4.477931677022091e-05,0.0008759460526912604,380349,65,7.324764102101567e-05,0.00017089567739102772
3,raw_safe,Raw,1.0,82,Platt,test,quantile,1,0.0008759460526912604,0.0008912443775546387,58592,227,0.0008855762798747354,0.003874249044238121
3,raw_safe,Raw,1.0,82,Platt,test,quantile,2,0.0008912443775546387,0.0008988589474965946,70016,266,0.0008925632362476812,0.003799131627056673
3,raw_safe,Raw,1.0,82,Platt,test,quantile,3,0.0008988589474965946,0.0015674027358499815,63459,361,0.0010374117690648461,0.005688712396980728
3,raw_safe,Raw,1.0,82,Platt,test,quantile,4,0.0015674027358499815,0.9900750673519998,64307,2845,0.012448238645594571,0.04424090689971543
3,raw_safe,Raw,1.0,82,Isotonic,validation_threshold,uniform,0,0.0,0.1,337131,202,0.0005820232385302612,0.0005991736150042566
3,raw_safe,Raw,1.0,82,Isotonic,validation_threshold,uniform,1,0.1,0.2,0,0,,
3,raw_safe,Raw,1.0,82,Isotonic,validation_threshold,uniform,2,0.2,0.30000000000000004,10,4,0.2941176470588235,0.4
3,raw_safe,Raw,1.0,82,Isotonic,validation_threshold,uniform,3,0.30000000000000004,0.4,7,5,0.3749999478888673,0.7142857142857143
3,raw_safe,Raw,1.0,82,Isotonic,validation_threshold,uniform,4,0.4,0.5,0,0,,
3,raw_safe,Raw,1.0,82,Isotonic,validation_threshold,uniform,5,0.5,0.6000000000000001,0,0,,
3,raw_safe,Raw,1.0,82,Isotonic,validation_threshold,uniform,6,0.6000000000000001,0.7000000000000001,0,0,,
3,raw_safe,Raw,1.0,82,Isotonic,validation_threshold,uniform,7,0.7000000000000001,0.8,0,0,,
3,raw_safe,Raw,1.0,82,Isotonic,validation_threshold,uniform,8,0.8,0.9,56,45,0.883720930232558,0.8035714285714286
3,raw_safe,Raw,1.0,82,Isotonic,validation_threshold,uniform,9,0.9,1.0,0,0,,
3,raw_safe,Raw,1.0,82,Isotonic,validation_threshold,quantile,0,0.0,0.0004089143324473523,197117,2,1.1136533124996828e-05,1.0146258313590406e-05
3,raw_safe,Raw,1.0,82,Isotonic,validation_threshold,quantile,1,0.0004089143324473523,0.0005628714296934314,18398,7,0.0004181449940716752,0.0003804761387107294
3,raw_safe,Raw,1.0,82,Isotonic,validation_threshold,quantile,2,0.0005628714296934314,0.0007739938080495357,83960,45,0.0005628714296934315,0.0005359695092901381
3,raw_safe,Raw,1.0,82,Isotonic,validation_threshold,quantile,3,0.0007739938080495357,0.8837209302325582,37729,202,0.005145265122049029,0.0053539717458718755
3,raw_safe,Raw,1.0,82,Isotonic,test,uniform,0,0.0,0.1,636009,3066,0.0005986904804454455,0.004820686499719343
3,raw_safe,Raw,1.0,82,Isotonic,test,uniform,1,0.1,0.2,0,0,,
3,raw_safe,Raw,1.0,82,Isotonic,test,uniform,2,0.2,0.30000000000000004,72,59,0.29411764705882354,0.8194444444444444
3,raw_safe,Raw,1.0,82,Isotonic,test,uniform,3,0.30000000000000004,0.4,88,85,0.37499995025755517,0.9659090909090909
3,raw_safe,Raw,1.0,82,Isotonic,test,uniform,4,0.4,0.5,0,0,,
3,raw_safe,Raw,1.0,82,Isotonic,test,uniform,5,0.5,0.6000000000000001,0,0,,
3,raw_safe,Raw,1.0,82,Isotonic,test,uniform,6,0.6000000000000001,0.7000000000000001,0,0,,
3,raw_safe,Raw,1.0,82,Isotonic,test,uniform,7,0.7000000000000001,0.8,0,0,,
3,raw_safe,Raw,1.0,82,Isotonic,test,uniform,8,0.8,0.9,554,554,0.8837209302325582,1.0
3,raw_safe,Raw,1.0,82,Isotonic,test,uniform,9,0.9,1.0,0,0,,
3,raw_safe,Raw,1.0,82,Isotonic,test,quantile,0,0.0,0.0004089143324473523,380349,65,1.0118075767255861e-05,0.00017089567739102772
3,raw_safe,Raw,1.0,82,Isotonic,test,quantile,1,0.0004089143324473523,0.0005628714296934314,32856,119,0.0004180651095019408,0.0036218651083515948
3,raw_safe,Raw,1.0,82,Isotonic,test,quantile,2,0.0005628714296934314,0.0009345794392523365,157321,711,0.0005718761471740567,0.004519422073340495
3,raw_safe,Raw,1.0,82,Isotonic,test,quantile,3,0.0009345794392523365,0.8837209302325582,66197,2869,0.012341615492393902,0.04334033264347327
3,recipient_full_weight_2,Recipient,2.0,42,Uncalibrated,validation_threshold,uniform,0,0.0,0.1,336894,120,0.0005363747678005535,0.0003561951236887567
3,recipient_full_weight_2,Recipient,2.0,42,Uncalibrated,validation_threshold,uniform,1,0.1,0.2,60,5,0.14231502388690528,0.08333333333333333
3,recipient_full_weight_2,Recipient,2.0,42,Uncalibrated,validation_threshold,uniform,2,0.2,0.30000000000000004,4,0,0.271993048693928,0.0
3,recipient_full_weight_2,Recipient,2.0,42,Uncalibrated,validation_threshold,uniform,3,0.30000000000000004,0.4,22,3,0.3531976823230819,0.13636363636363635
3,recipient_full_weight_2,Recipient,2.0,42,Uncalibrated,validation_threshold,uniform,4,0.4,0.5,16,3,0.4589305311957401,0.1875
3,recipient_full_weight_2,Recipient,2.0,42,Uncalibrated,validation_threshold,uniform,5,0.5,0.6000000000000001,35,2,0.5571199270213668,0.05714285714285714
3,recipient_full_weight_2,Recipient,2.0,42,Uncalibrated,validation_threshold,uniform,6,0.6000000000000001,0.7000000000000001,4,3,0.6595247113629045,0.75
3,recipient_full_weight_2,Recipient,2.0,42,Uncalibrated,validation_threshold,uniform,7,0.7000000000000001,0.8,9,4,0.748661128749049,0.4444444444444444
3,recipient_full_weight_2,Recipient,2.0,42,Uncalibrated,validation_threshold,uniform,8,0.8,0.9,12,8,0.8478935885972976,0.6666666666666666
3,recipient_full_weight_2,Recipient,2.0,42,Uncalibrated,validation_threshold,uniform,9,0.9,1.0,148,108,0.9935903994767585,0.7297297297297297
3,recipient_full_weight_2,Recipient,2.0,42,Uncalibrated,validation_threshold,quantile,0,0.0,8.476185434292699e-06,31193,4,5.0631616617234794e-06,0.00012823389863110313
3,recipient_full_weight_2,Recipient,2.0,42,Uncalibrated,validation_threshold,quantile,1,8.476185434292699e-06,1.1274823082834984e-05,36183,0,9.298103124344868e-06,0.0
3,recipient_full_weight_2,Recipient,2.0,42,Uncalibrated,validation_threshold,quantile,2,1.1274823082834984e-05,2.6361857738842853e-05,6558,0,1.4500109047287296e-05,0.0
3,recipient_full_weight_2,Recipient,2.0,42,Uncalibrated,validation_threshold,quantile,3,2.6361857738842853e-05,2.7063796142390357e-05,79064,0,2.636225872859228e-05,0.0
3,recipient_full_weight_2,Recipient,2.0,42,Uncalibrated,validation_threshold,quantile,4,2.7063796142390357e-05,0.00010189346497345188,49321,0,4.193936747615724e-05,0.0
3,recipient_full_weight_2,Recipient,2.0,42,Uncalibrated,validation_threshold,quantile,5,0.00010189346497345188,0.0003485212768501624,33443,9,0.00022303068184732988,0.00026911461292348176
3,recipient_full_weight_2,Recipient,2.0,42,Uncalibrated,validation_threshold,quantile,6,0.0003485212768501624,0.00047165099268633824,27976,11,0.0004139663321006623,0.00039319416642836716
3,recipient_full_weight_2,Recipient,2.0,42,Uncalibrated,validation_threshold,quantile,7,0.00047165099268633824,0.000510934325308192,33922,3,0.00047874872878057954,8.843818171098402e-05
3,recipient_full_weight_2,Recipient,2.0,42,Uncalibrated,validation_threshold,quantile,8,0.000510934325308192,1.0,39544,229,0.008889353425807493,0.00579101760064738
3,recipient_full_weight_2,Recipient,2.0,42,Uncalibrated,test,uniform,0,0.0,0.1,628636,1989,0.0006683985969258126,0.003163993153430602
3,recipient_full_weight_2,Recipient,2.0,42,Uncalibrated,test,uniform,1,0.1,0.2,750,72,0.1508553448040862,0.096
3,recipient_full_weight_2,Recipient,2.0,42,Uncalibrated,test,uniform,2,0.2,0.30000000000000004,176,30,0.23140126039102685,0.17045454545454544
3,recipient_full_weight_2,Recipient,2.0,42,Uncalibrated,test,uniform,3,0.30000000000000004,0.4,219,25,0.3695840436509544,0.1141552511415525
3,recipient_full_weight_2,Recipient,2.0,42,Uncalibrated,test,uniform,4,0.4,0.5,347,91,0.447722511055182,0.2622478386167147
3,recipient_full_weight_2,Recipient,2.0,42,Uncalibrated,test,uniform,5,0.5,0.6000000000000001,2511,70,0.5683317663043357,0.027877339705296694
3,recipient_full_weight_2,Recipient,2.0,42,Uncalibrated,test,uniform,6,0.6000000000000001,0.7000000000000001,260,29,0.6294537651916091,0.11153846153846154
3,recipient_full_weight_2,Recipient,2.0,42,Uncalibrated,test,uniform,7,0.7000000000000001,0.8,88,38,0.7346105878738772,0.4318181818181818
3,recipient_full_weight_2,Recipient,2.0,42,Uncalibrated,test,uniform,8,0.8,0.9,431,87,0.8403611924699272,0.20185614849187936
3,recipient_full_weight_2,Recipient,2.0,42,Uncalibrated,test,uniform,9,0.9,1.0,3305,1333,0.9948576662110662,0.4033282904689864
3,recipient_full_weight_2,Recipient,2.0,42,Uncalibrated,test,quantile,0,0.0,6.2218881092340585e-06,63499,57,1.8401535851281727e-06,0.0008976519315264807
3,recipient_full_weight_2,Recipient,2.0,42,Uncalibrated,test,quantile,1,6.2218881092340585e-06,1.1086864527362024e-05,62865,0,8.778665412500607e-06,0.0
3,recipient_full_weight_2,Recipient,2.0,42,Uncalibrated,test,quantile,2,1.1086864527362024e-05,2.6361857738842853e-05,12112,5,1.380925859103347e-05,0.00041281373844121534
3,recipient_full_weight_2,Recipient,2.0,42,Uncalibrated,test,quantile,3,2.6361857738842853e-05,2.7063796142390357e-05,163491,0,2.6362094696775994e-05,0.0
3,recipient_full_weight_2,Recipient,2.0,42,Uncalibrated,test,quantile,4,2.7063796142390357e-05,8.215966475575737e-05,79746,0,3.9328213376235165e-05,0.0
3,recipient_full_weight_2,Recipient,2.0,42,Uncalibrated,test,quantile,5,8.215966475575737e-05,0.00026139969512110976,46950,45,0.0001511439458393077,0.0009584664536741214
3,recipient_full_weight_2,Recipient,2.0,42,Uncalibrated,test,quantile,6,0.00026139969512110976,0.00036600622461816434,80611,265,0.00029935461819555203,0.0032873925394797236
3,recipient_full_weight_2,Recipient,2.0,42,Uncalibrated,test,quantile,7,0.00036600622461816434,0.000510934325308192,57277,95,0.00044765774746862753,0.0016586064214257031
3,recipient_full_weight_2,Recipient,2.0,42,Uncalibrated,test,quantile,8,0.000510934325308192,1.0,70172,3297,0.08622785468266121,0.04698455224305991
3,recipient_full_weight_2,Recipient,2.0,42,Platt,validation_threshold,uniform,0,0.0,0.1,337048,143,0.00045310033997803087,0.0004242719137926942
3,recipient_full_weight_2,Recipient,2.0,42,Platt,validation_threshold,uniform,1,0.1,0.2,16,13,0.13800606153342582,0.8125
3,recipient_full_weight_2,Recipient,2.0,42,Platt,validation_threshold,uniform,2,0.2,0.30000000000000004,9,5,0.2591156979920466,0.5555555555555556
3,recipient_full_weight_2,Recipient,2.0,42,Platt,validation_threshold,uniform,3,0.30000000000000004,0.4,8,6,0.36067996524397783,0.75
3,recipient_full_weight_2,Recipient,2.0,42,Platt,validation_threshold,uniform,4,0.4,0.5,15,14,0.4681613096234137,0.9333333333333333
3,recipient_full_weight_2,Recipient,2.0,42,Platt,validation_threshold,uniform,5,0.5,0.6000000000000001,9,9,0.5439741673227686,1.0
3,recipient_full_weight_2,Recipient,2.0,42,Platt,validation_threshold,uniform,6,0.6000000000000001,0.7000000000000001,0,0,,
3,recipient_full_weight_2,Recipient,2.0,42,Platt,validation_threshold,uniform,7,0.7000000000000001,0.8,1,1,0.7214787486301993,1.0
3,recipient_full_weight_2,Recipient,2.0,42,Platt,validation_threshold,uniform,8,0.8,0.9,1,1,0.8431375075770858,1.0
3,recipient_full_weight_2,Recipient,2.0,42,Platt,validation_threshold,uniform,9,0.9,1.0,97,64,0.988319712788534,0.6597938144329897
3,recipient_full_weight_2,Recipient,2.0,42,Platt,validation_threshold,quantile,0,2.5763387650834254e-05,8.22292503625049e-05,31193,4,5.9621583383777976e-05,0.00012823389863110313
3,recipient_full_weight_2,Recipient,2.0,42,Platt,validation_threshold,quantile,1,8.22292503625049e-05,9.600817001186421e-05,36183,0,8.638598156101452e-05,0.0
3,recipient_full_weight_2,Recipient,2.0,42,Platt,validation_threshold,quantile,2,9.600817001186421e-05,0.00015226319165627763,6558,0,0.00010924822432183184,0.0
3,recipient_full_weight_2,Recipient,2.0,42,Platt,validation_threshold,quantile,3,0.00015226319165627763,0.0001544513292004459,79064,0,0.00015226444512130924,0.0
3,recipient_full_weight_2,Recipient,2.0,42,Platt,validation_threshold,quantile,4,0.0001544513292004459,0.0003172456028216321,49321,0,0.0001904714555107418,0.0
3,recipient_full_weight_2,Recipient,2.0,42,Platt,validation_threshold,quantile,5,0.0003172456028216321,0.000618513363860103,33443,9,0.0004741340583397809,0.00026911461292348176
3,recipient_full_weight_2,Recipient,2.0,42,Platt,validation_threshold,quantile,6,0.000618513363860103,0.0007289209426759353,27976,11,0.0006784897377113223,0.00039319416642836716
3,recipient_full_weight_2,Recipient,2.0,42,Platt,validation_threshold,quantile,7,0.0007289209426759353,0.0007612775976725419,33922,3,0.000734819977495821,8.843818171098402e-05
3,recipient_full_weight_2,Recipient,2.0,42,Platt,validation_threshold,quantile,8,0.0007612775976725419,0.9883197127885337,39544,229,0.004617456271739522,0.00579101760064738
3,recipient_full_weight_2,Recipient,2.0,42,Platt,test,uniform,0,0.0,0.1,633154,2382,0.0007574728224900683,0.003762117904964669
3,recipient_full_weight_2,Recipient,2.0,42,Platt,test,uniform,1,0.1,0.2,442,190,0.13272701012520527,0.4298642533936652
3,recipient_full_weight_2,Recipient,2.0,42,Platt,test,uniform,2,0.2,0.30000000000000004,119,82,0.24949620042195803,0.6890756302521008
3,recipient_full_weight_2,Recipient,2.0,42,Platt,test,uniform,3,0.30000000000000004,0.4,134,112,0.3566482086456585,0.835820895522388
3,recipient_full_weight_2,Recipient,2.0,42,Platt,test,uniform,4,0.4,0.5,72,62,0.45169267257246876,0.8611111111111112
3,recipient_full_weight_2,Recipient,2.0,42,Platt,test,uniform,5,0.5,0.6000000000000001,95,61,0.5528820488407316,0.6421052631578947
3,recipient_full_weight_2,Recipient,2.0,42,Platt,test,uniform,6,0.6000000000000001,0.7000000000000001,27,8,0.6305279960538378,0.2962962962962963
3,recipient_full_weight_2,Recipient,2.0,42,Platt,test,uniform,7,0.7000000000000001,0.8,25,18,0.7270343522756838,0.72
3,recipient_full_weight_2,Recipient,2.0,42,Platt,test,uniform,8,0.8,0.9,22,19,0.8358103598897727,0.8636363636363636
3,recipient_full_weight_2,Recipient,2.0,42,Platt,test,uniform,9,0.9,1.0,2633,830,0.9879131713926381,0.31522977592100265
3,recipient_full_weight_2,Recipient,2.0,42,Platt,test,quantile,0,2.5763387650834254e-05,6.952058430240396e-05,63499,57,3.6578517821158146e-05,0.0008976519315264807
3,recipient_full_weight_2,Recipient,2.0,42,Platt,test,quantile,1,6.952058430240396e-05,9.513576708349257e-05,62865,0,8.371015784179123e-05,0.0
3,recipient_full_weight_2,Recipient,2.0,42,Platt,test,quantile,2,9.513576708349257e-05,0.00015226319165627763,12112,5,0.0001062941765302679,0.00041281373844121534
3,recipient_full_weight_2,Recipient,2.0,42,Platt,test,quantile,3,0.00015226319165627763,0.0001544513292004459,163491,0,0.00015226393275824803,0.0
3,recipient_full_weight_2,Recipient,2.0,42,Platt,test,quantile,4,0.0001544513292004459,0.0002822532818378471,79746,0,0.00018550298291379768,0.0
3,recipient_full_weight_2,Recipient,2.0,42,Platt,test,quantile,5,0.0002822532818378471,0.0005290894027862279,46950,45,0.00038622135744625235,0.0009584664536741214
3,recipient_full_weight_2,Recipient,2.0,42,Platt,test,quantile,6,0.0005290894027862279,0.0006351707176144361,80611,265,0.0005686223324551688,0.0032873925394797236
3,recipient_full_weight_2,Recipient,2.0,42,Platt,test,quantile,7,0.0006351707176144361,0.0007612775976725419,57277,95,0.000708022769119727,0.0016586064214257031
3,recipient_full_weight_2,Recipient,2.0,42,Platt,test,quantile,8,0.0007612775976725419,0.9883197127885337,70172,3297,0.0456374191846641,0.04698455224305991
3,recipient_full_weight_2,Recipient,2.0,42,Isotonic,validation_threshold,uniform,0,0.0,0.1,336929,123,0.00039305935522110217,0.00036506207539273853
3,recipient_full_weight_2,Recipient,2.0,42,Isotonic,validation_threshold,uniform,1,0.1,0.2,49,4,0.10226757369614513,0.08163265306122448
3,recipient_full_weight_2,Recipient,2.0,42,Isotonic,validation_threshold,uniform,2,0.2,0.30000000000000004,61,9,0.20959702175117656,0.14754098360655737
3,recipient_full_weight_2,Recipient,2.0,42,Isotonic,validation_threshold,uniform,3,0.30000000000000004,0.4,0,0,,
3,recipient_full_weight_2,Recipient,2.0,42,Isotonic,validation_threshold,uniform,4,0.4,0.5,0,0,,
3,recipient_full_weight_2,Recipient,2.0,42,Isotonic,validation_threshold,uniform,5,0.5,0.6000000000000001,0,0,,
3,recipient_full_weight_2,Recipient,2.0,42,Isotonic,validation_threshold,uniform,6,0.6000000000000001,0.7000000000000001,98,63,0.6365153468794923,0.6428571428571429
3,recipient_full_weight_2,Recipient,2.0,42,Isotonic,validation_threshold,uniform,7,0.7000000000000001,0.8,1,1,0.7549745824255628,1.0
3,recipient_full_weight_2,Recipient,2.0,42,Isotonic,validation_threshold,uniform,8,0.8,0.9,66,56,0.8148148148148149,0.8484848484848485
3,recipient_full_weight_2,Recipient,2.0,42,Isotonic,validation_threshold,uniform,9,0.9,1.0,0,0,,
3,recipient_full_weight_2,Recipient,2.0,42,Isotonic,validation_threshold,quantile,0,3.3665499596014004e-05,0.00013489815189531904,212940,4,3.366549959601401e-05,1.8784634169249552e-05
3,recipient_full_weight_2,Recipient,2.0,42,Isotonic,validation_threshold,quantile,1,0.00013489815189531904,0.0003298746476338991,27416,10,0.00013489815189531904,0.0003647505106507149
3,recipient_full_weight_2,Recipient,2.0,42,Isotonic,validation_threshold,quantile,2,0.0003298746476338991,0.8148148148148148,96848,242,0.0026461442886923834,0.0024987609449859576
3,recipient_full_weight_2,Recipient,2.0,42,Isotonic,test,uniform,0,0.0,0.1,628933,2036,0.0004960702770007127,0.003237228766816179
3,recipient_full_weight_2,Recipient,2.0,42,Isotonic,test,uniform,1,0.1,0.2,727,74,0.10074140293944804,0.10178817056396149
3,recipient_full_weight_2,Recipient,2.0,42,Isotonic,test,uniform,2,0.2,0.30000000000000004,3298,218,0.207171795360063,0.0661006670709521
3,recipient_full_weight_2,Recipient,2.0,42,Isotonic,test,uniform,3,0.30000000000000004,0.4,0,0,,
3,recipient_full_weight_2,Recipient,2.0,42,Isotonic,test,uniform,4,0.4,0.5,2,0,0.4808062626141034,0.0
3,recipient_full_weight_2,Recipient,2.0,42,Isotonic,test,uniform,5,0.5,0.6000000000000001,1,0,0.5930781369430979,0.0
3,recipient_full_weight_2,Recipient,2.0,42,Isotonic,test,uniform,6,0.6000000000000001,0.7000000000000001,2076,760,0.6352941176470587,0.36608863198458574
3,recipient_full_weight_2,Recipient,2.0,42,Isotonic,test,uniform,7,0.7000000000000001,0.8,49,7,0.7665762601336831,0.14285714285714285
3,recipient_full_weight_2,Recipient,2.0,42,Isotonic,test,uniform,8,0.8,0.9,1637,669,0.8148148148148148,0.40867440439828956
3,recipient_full_weight_2,Recipient,2.0,42,Isotonic,test,uniform,9,0.9,1.0,0,0,,
3,recipient_full_weight_2,Recipient,2.0,42,Isotonic,test,quantile,0,3.3665499596014004e-05,0.00013489815189531904,404318,63,3.366549959601401e-05,0.0001558179452806949
3,recipient_full_weight_2,Recipient,2.0,42,Isotonic,test,quantile,1,0.00013489815189531904,0.0003298746476338991,105218,310,0.00013489815189531907,0.002946263947233363
3,recipient_full_weight_2,Recipient,2.0,42,Isotonic,test,quantile,2,0.0003298746476338991,0.8148148148148148,127187,3391,0.029346714953913847,0.02666152987333611
3,recipient_full_weight_2,Recipient,2.0,52,Uncalibrated,validation_threshold,uniform,0,0.0,0.1,336814,123,0.0005266376977223049,0.0003651867202669723
3,recipient_full_weight_2,Recipient,2.0,52,Uncalibrated,validation_threshold,uniform,1,0.1,0.2,208,10,0.17150014043245615,0.04807692307692308
3,recipient_full_weight_2,Recipient,2.0,52,Uncalibrated,validation_threshold,uniform,2,0.2,0.30000000000000004,2,1,0.22859009669833347,0.5
3,recipient_full_weight_2,Recipient,2.0,52,Uncalibrated,validation_threshold,uniform,3,0.30000000000000004,0.4,4,2,0.364875167349229,0.5
3,recipient_full_weight_2,Recipient,2.0,52,Uncalibrated,validation_threshold,uniform,4,0.4,0.5,0,0,,
3,recipient_full_weight_2,Recipient,2.0,52,Uncalibrated,validation_threshold,uniform,5,0.5,0.6000000000000001,2,2,0.5880477095911532,1.0
3,recipient_full_weight_2,Recipient,2.0,52,Uncalibrated,validation_threshold,uniform,6,0.6000000000000001,0.7000000000000001,4,1,0.6549887409580728,0.25
3,recipient_full_weight_2,Recipient,2.0,52,Uncalibrated,validation_threshold,uniform,7,0.7000000000000001,0.8,9,0,0.7039014735934163,0.0
3,recipient_full_weight_2,Recipient,2.0,52,Uncalibrated,validation_threshold,uniform,8,0.8,0.9,1,1,0.8879208209967608,1.0
3,recipient_full_weight_2,Recipient,2.0,52,Uncalibrated,validation_threshold,uniform,9,0.9,1.0,160,116,0.9999568239674936,0.725
3,recipient_full_weight_2,Recipient,2.0,52,Uncalibrated,validation_threshold,quantile,0,0.0,3.0130023464652877e-05,25428,16,1.068655883345182e-05,0.0006292276230926538
3,recipient_full_weight_2,Recipient,2.0,52,Uncalibrated,validation_threshold,quantile,1,3.0130023464652877e-05,4.905884618497989e-05,29986,3,3.715837441596554e-05,0.00010004668845461215
3,recipient_full_weight_2,Recipient,2.0,52,Uncalibrated,validation_threshold,quantile,2,4.905884618497989e-05,5.172522669305767e-05,27279,0,4.9184984187202894e-05,0.0
3,recipient_full_weight_2,Recipient,2.0,52,Uncalibrated,validation_threshold,quantile,3,5.172522669305767e-05,5.220696882631183e-05,85142,0,5.172531088359635e-05,0.0
3,recipient_full_weight_2,Recipient,2.0,52,Uncalibrated,validation_threshold,quantile,4,5.220696882631183e-05,0.00012261173206742232,34424,0,6.850081312818508e-05,0.0
3,recipient_full_weight_2,Recipient,2.0,52,Uncalibrated,validation_threshold,quantile,5,0.00012261173206742232,0.000439229353168401,32738,10,0.0002935425828072405,0.0003054554340521718
3,recipient_full_weight_2,Recipient,2.0,52,Uncalibrated,validation_threshold,quantile,6,0.000439229353168401,0.0005773916116927682,21604,8,0.0005256116897325634,0.00037030179596371043
3,recipient_full_weight_2,Recipient,2.0,52,Uncalibrated,validation_threshold,quantile,7,0.0005773916116927682,0.0006365217880095003,46161,12,0.000590816322664748,0.00025995970624553193
3,recipient_full_weight_2,Recipient,2.0,52,Uncalibrated,validation_threshold,quantile,8,0.0006365217880095003,1.0,34442,207,0.009530575958881892,0.006010103942860461
3,recipient_full_weight_2,Recipient,2.0,52,Uncalibrated,test,uniform,0,0.0,0.1,624662,2012,0.002081271133192363,0.003220941885371609
3,recipient_full_weight_2,Recipient,2.0,52,Uncalibrated,test,uniform,1,0.1,0.2,2593,180,0.1496895885951343,0.06941766293868107
3,recipient_full_weight_2,Recipient,2.0,52,Uncalibrated,test,uniform,2,0.2,0.30000000000000004,36,26,0.2379015770305226,0.7222222222222222
3,recipient_full_weight_2,Recipient,2.0,52,Uncalibrated,test,uniform,3,0.30000000000000004,0.4,11,7,0.38517014916192915,0.6363636363636364
3,recipient_full_weight_2,Recipient,2.0,52,Uncalibrated,test,uniform,4,0.4,0.5,9,8,0.4367552774635976,0.8888888888888888
3,recipient_full_weight_2,Recipient,2.0,52,Uncalibrated,test,uniform,5,0.5,0.6000000000000001,31,11,0.5892591153435512,0.3548387096774194
3,recipient_full_weight_2,Recipient,2.0,52,Uncalibrated,test,uniform,6,0.6000000000000001,0.7000000000000001,210,55,0.663430067375062,0.2619047619047619
3,recipient_full_weight_2,Recipient,2.0,52,Uncalibrated,test,uniform,7,0.7000000000000001,0.8,1494,35,0.703534144645435,0.023427041499330656
3,recipient_full_weight_2,Recipient,2.0,52,Uncalibrated,test,uniform,8,0.8,0.9,10,2,0.8246240620000069,0.2
3,recipient_full_weight_2,Recipient,2.0,52,Uncalibrated,test,uniform,9,0.9,1.0,7667,1428,0.9998336051302159,0.18625277161862527
3,recipient_full_weight_2,Recipient,2.0,52,Uncalibrated,test,quantile,0,0.0,3.0130023464652877e-05,37657,295,1.1012500868526459e-05,0.00783386886900178
3,recipient_full_weight_2,Recipient,2.0,52,Uncalibrated,test,quantile,1,3.0130023464652877e-05,4.905884618497989e-05,50362,22,3.357138038014895e-05,0.00043683729796274967
3,recipient_full_weight_2,Recipient,2.0,52,Uncalibrated,test,quantile,2,4.905884618497989e-05,5.172522669305767e-05,77248,0,4.91777028953712e-05,0.0
3,recipient_full_weight_2,Recipient,2.0,52,Uncalibrated,test,quantile,3,5.172522669305767e-05,0.0001384655968019761,216625,29,5.7061934797812035e-05,0.00013387189844200808
3,recipient_full_weight_2,Recipient,2.0,52,Uncalibrated,test,quantile,4,0.0001384655968019761,0.0005217644175613148,62391,74,0.0003069980118174919,0.0011860685034700519
3,recipient_full_weight_2,Recipient,2.0,52,Uncalibrated,test,quantile,5,0.0005217644175613148,0.0006048641497198827,63811,116,0.0005696787223934308,0.0018178683925968878
3,recipient_full_weight_2,Recipient,2.0,52,Uncalibrated,test,quantile,6,0.0006048641497198827,0.000876821141926074,63820,210,0.0006813719954975715,0.0032905045440300845
3,recipient_full_weight_2,Recipient,2.0,52,Uncalibrated,test,quantile,7,0.000876821141926074,1.0,64809,3018,0.16155703505119884,0.04656760635096977
3,recipient_full_weight_2,Recipient,2.0,52,Platt,validation_threshold,uniform,0,0.0,0.1,337044,140,0.0004263476292423821,0.0004153760339896275
3,recipient_full_weight_2,Recipient,2.0,52,Platt,validation_threshold,uniform,1,0.1,0.2,3,0,0.1632158876708117,0.0
3,recipient_full_weight_2,Recipient,2.0,52,Platt,validation_threshold,uniform,2,0.2,0.30000000000000004,0,0,,
3,recipient_full_weight_2,Recipient,2.0,52,Platt,validation_threshold,uniform,3,0.30000000000000004,0.4,6,0,0.3502648479357331,0.0
3,recipient_full_weight_2,Recipient,2.0,52,Platt,validation_threshold,uniform,4,0.4,0.5,5,0,0.4333176992223156,0.0
3,recipient_full_weight_2,Recipient,2.0,52,Platt,validation_threshold,uniform,5,0.5,0.6000000000000001,0,0,,
3,recipient_full_weight_2,Recipient,2.0,52,Platt,validation_threshold,uniform,6,0.6000000000000001,0.7000000000000001,0,0,,
3,recipient_full_weight_2,Recipient,2.0,52,Platt,validation_threshold,uniform,7,0.7000000000000001,0.8,0,0,,
3,recipient_full_weight_2,Recipient,2.0,52,Platt,validation_threshold,uniform,8,0.8,0.9,146,116,0.8041455266880455,0.7945205479452054
3,recipient_full_weight_2,Recipient,2.0,52,Platt,validation_threshold,uniform,9,0.9,1.0,0,0,,
3,recipient_full_weight_2,Recipient,2.0,52,Platt,validation_threshold,quantile,0,4.892887015738424e-05,0.0001978703836451382,25428,16,0.00011251642849306407,0.0006292276230926538
3,recipient_full_weight_2,Recipient,2.0,52,Platt,validation_threshold,quantile,1,0.0001978703836451382,0.00024167901149896372,29986,3,0.00021483970602437366,0.00010004668845461215
3,recipient_full_weight_2,Recipient,2.0,52,Platt,validation_threshold,quantile,2,0.00024167901149896372,0.00024698383457892294,27279,0,0.00024193095892399092,0.0
3,recipient_full_weight_2,Recipient,2.0,52,Platt,validation_threshold,quantile,3,0.00024698383457892294,0.0002479249408478425,85142,0,0.00024698399933249196,0.0
3,recipient_full_weight_2,Recipient,2.0,52,Platt,validation_threshold,quantile,4,0.0002479249408478425,0.00035191576463082904,34424,0,0.00027496248944442207,0.0
3,recipient_full_weight_2,Recipient,2.0,52,Platt,validation_threshold,quantile,5,0.00035191576463082904,0.0005939872867624864,32738,10,0.0004967944356333726,0.0003054554340521718
3,recipient_full_weight_2,Recipient,2.0,52,Platt,validation_threshold,quantile,6,0.0005939872867624864,0.0006645222773763381,21604,8,0.0006390997363901182,0.00037030179596371043
3,recipient_full_weight_2,Recipient,2.0,52,Platt,validation_threshold,quantile,7,0.0006645222773763381,0.000691644209982439,46161,12,0.0006707612275157582,0.00025995970624553193
3,recipient_full_weight_2,Recipient,2.0,52,Platt,validation_threshold,quantile,8,0.000691644209982439,0.8041900097271338,34442,207,0.004599904196231701,0.006010103942860461
3,recipient_full_weight_2,Recipient,2.0,52,Platt,test,uniform,0,0.0,0.1,629076,2345,0.0006376870006741668,0.003727689500155784
3,recipient_full_weight_2,Recipient,2.0,52,Platt,test,uniform,1,0.1,0.2,13,8,0.14540800600419732,0.6153846153846154
3,recipient_full_weight_2,Recipient,2.0,52,Platt,test,uniform,2,0.2,0.30000000000000004,3,3,0.25285561528969636,1.0
3,recipient_full_weight_2,Recipient,2.0,52,Platt,test,uniform,3,0.30000000000000004,0.4,52,0,0.36215718678693587,0.0
3,recipient_full_weight_2,Recipient,2.0,52,Platt,test,uniform,4,0.4,0.5,1,0,0.438811297809349,0.0
3,recipient_full_weight_2,Recipient,2.0,52,Platt,test,uniform,5,0.5,0.6000000000000001,1,0,0.5334102516712524,0.0
3,recipient_full_weight_2,Recipient,2.0,52,Platt,test,uniform,6,0.6000000000000001,0.7000000000000001,13,4,0.6666850984000848,0.3076923076923077
3,recipient_full_weight_2,Recipient,2.0,52,Platt,test,uniform,7,0.7000000000000001,0.8,4,0,0.7070095697127213,0.0
3,recipient_full_weight_2,Recipient,2.0,52,Platt,test,uniform,8,0.8,0.9,7560,1404,0.8041895801951423,0.18571428571428572
3,recipient_full_weight_2,Recipient,2.0,52,Platt,test,uniform,9,0.9,1.0,0,0,,
3,recipient_full_weight_2,Recipient,2.0,52,Platt,test,quantile,0,4.892887015738424e-05,0.0001978703836451382,37657,295,0.0001141797254879399,0.00783386886900178
3,recipient_full_weight_2,Recipient,2.0,52,Platt,test,quantile,1,0.0001978703836451382,0.00024167901149896372,50362,22,0.00020625885883384504,0.00043683729796274967
3,recipient_full_weight_2,Recipient,2.0,52,Platt,test,quantile,2,0.00024167901149896372,0.00024698383457892294,77248,0,0.0002419163576810066,0.0
3,recipient_full_weight_2,Recipient,2.0,52,Platt,test,quantile,3,0.00024698383457892294,0.00036991598370923507,216625,29,0.00025563539712028104,0.00013387189844200808
3,recipient_full_weight_2,Recipient,2.0,52,Platt,test,quantile,4,0.00036991598370923507,0.0006374682830578179,62391,74,0.0005072666658426095,0.0011860685034700519
3,recipient_full_weight_2,Recipient,2.0,52,Platt,test,quantile,5,0.0006374682830578179,0.0006773175529052584,63811,116,0.0006607800748457665,0.0018178683925968878
3,recipient_full_weight_2,Recipient,2.0,52,Platt,test,quantile,6,0.0006773175529052584,0.0007887858262713942,63820,210,0.0007095379052270721,0.0032905045440300845
3,recipient_full_weight_2,Recipient,2.0,52,Platt,test,quantile,7,0.0007887858262713942,0.8041900097271338,64809,3018,0.09731559746900866,0.04656760635096977
3,recipient_full_weight_2,Recipient,2.0,52,Isotonic,validation_threshold,uniform,0,0.0,0.1,337007,132,0.0004450712839283703,0.00039168325880471327
3,recipient_full_weight_2,Recipient,2.0,52,Isotonic,validation_threshold,uniform,1,0.1,0.2,51,8,0.15861344537815128,0.1568627450980392
3,recipient_full_weight_2,Recipient,2.0,52,Isotonic,validation_threshold,uniform,2,0.2,0.30000000000000004,0,0,,
3,recipient_full_weight_2,Recipient,2.0,52,Isotonic,validation_threshold,uniform,3,0.30000000000000004,0.4,11,6,0.3375974793316748,0.5454545454545454
3,recipient_full_weight_2,Recipient,2.0,52,Isotonic,validation_threshold,uniform,4,0.4,0.5,0,0,,
3,recipient_full_weight_2,Recipient,2.0,52,Isotonic,validation_threshold,uniform,5,0.5,0.6000000000000001,0,0,,
3,recipient_full_weight_2,Recipient,2.0,52,Isotonic,validation_threshold,uniform,6,0.6000000000000001,0.7000000000000001,0,0,,
3,recipient_full_weight_2,Recipient,2.0,52,Isotonic,validation_threshold,uniform,7,0.7000000000000001,0.8,135,110,0.7912189949835324,0.8148148148148148
3,recipient_full_weight_2,Recipient,2.0,52,Isotonic,validation_threshold,uniform,8,0.8,0.9,0,0,,
3,recipient_full_weight_2,Recipient,2.0,52,Isotonic,validation_threshold,uniform,9,0.9,1.0,0,0,,
3,recipient_full_weight_2,Recipient,2.0,52,Isotonic,validation_threshold,quantile,0,0.0001425487720441494,0.0003337618670886076,202241,19,0.00014254877204414944,9.394732027630401e-05
3,recipient_full_weight_2,Recipient,2.0,52,Isotonic,validation_threshold,quantile,1,0.0003337618670886076,0.00037821482602118004,99507,29,0.00033716487613872763,0.0002914367833418754
3,recipient_full_weight_2,Recipient,2.0,52,Isotonic,validation_threshold,quantile,2,0.00037821482602118004,0.7913043478260869,35456,208,0.0058165074728012784,0.0058664259927797835
3,recipient_full_weight_2,Recipient,2.0,52,Isotonic,test,uniform,0,0.0,0.1,627116,2133,0.001461931414759107,0.0034012846108216026
3,recipient_full_weight_2,Recipient,2.0,52,Isotonic,test,uniform,1,0.1,0.2,2030,223,0.17395141702910996,0.10985221674876847
3,recipient_full_weight_2,Recipient,2.0,52,Isotonic,test,uniform,2,0.2,0.30000000000000004,11,3,0.2896389048709093,0.2727272727272727
3,recipient_full_weight_2,Recipient,2.0,52,Isotonic,test,uniform,3,0.30000000000000004,0.4,254,92,0.33264700094504795,0.36220472440944884
3,recipient_full_weight_2,Recipient,2.0,52,Isotonic,test,uniform,4,0.4,0.5,0,0,,
3,recipient_full_weight_2,Recipient,2.0,52,Isotonic,test,uniform,5,0.5,0.6000000000000001,0,0,,
3,recipient_full_weight_2,Recipient,2.0,52,Isotonic,test,uniform,6,0.6000000000000001,0.7000000000000001,0,0,,
3,recipient_full_weight_2,Recipient,2.0,52,Isotonic,test,uniform,7,0.7000000000000001,0.8,7312,1313,0.7912923184921302,0.17956783369803064
3,recipient_full_weight_2,Recipient,2.0,52,Isotonic,test,uniform,8,0.8,0.9,0,0,,
3,recipient_full_weight_2,Recipient,2.0,52,Isotonic,test,uniform,9,0.9,1.0,0,0,,
3,recipient_full_weight_2,Recipient,2.0,52,Isotonic,test,quantile,0,0.0001425487720441494,0.0003337618670886076,379642,324,0.0001425491291517802,0.0008534356051227209
3,recipient_full_weight_2,Recipient,2.0,52,Isotonic,test,quantile,1,0.0003337618670886076,0.0007784697508896797,192272,422,0.0003442069301227647,0.0021948073562453193
3,recipient_full_weight_2,Recipient,2.0,52,Isotonic,test,quantile,2,0.0007784697508896797,0.7913043478260869,64809,3018,0.10836813969228408,0.04656760635096977
3,recipient_full_weight_2,Recipient,2.0,62,Uncalibrated,validation_threshold,uniform,0,0.0,0.1,336501,154,0.0005370790439418205,0.00045765094308783627
3,recipient_full_weight_2,Recipient,2.0,62,Uncalibrated,validation_threshold,uniform,1,0.1,0.2,102,4,0.1254088210256515,0.0392156862745098
3,recipient_full_weight_2,Recipient,2.0,62,Uncalibrated,validation_threshold,uniform,2,0.2,0.30000000000000004,1,0,0.21383590336745328,0.0
3,recipient_full_weight_2,Recipient,2.0,62,Uncalibrated,validation_threshold,uniform,3,0.30000000000000004,0.4,6,0,0.350201511618583,0.0
3,recipient_full_weight_2,Recipient,2.0,62,Uncalibrated,validation_threshold,uniform,4,0.4,0.5,23,0,0.426555672111104,0.0
3,recipient_full_weight_2,Recipient,2.0,62,Uncalibrated,validation_threshold,uniform,5,0.5,0.6000000000000001,2,0,0.515628710090172,0.0
3,recipient_full_weight_2,Recipient,2.0,62,Uncalibrated,validation_threshold,uniform,6,0.6000000000000001,0.7000000000000001,86,0,0.6448867205920678,0.0
3,recipient_full_weight_2,Recipient,2.0,62,Uncalibrated,validation_threshold,uniform,7,0.7000000000000001,0.8,4,2,0.7396857417217922,0.5
3,recipient_full_weight_2,Recipient,2.0,62,Uncalibrated,validation_threshold,uniform,8,0.8,0.9,1,0,0.875071459699795,0.0
3,recipient_full_weight_2,Recipient,2.0,62,Uncalibrated,validation_threshold,uniform,9,0.9,1.0,478,96,0.9997499724161675,0.200836820083682
3,recipient_full_weight_2,Recipient,2.0,62,Uncalibrated,validation_threshold,quantile,0,0.0,2.3816339578390205e-05,28223,46,1.2403632960789996e-05,0.0016298763419905751
3,recipient_full_weight_2,Recipient,2.0,62,Uncalibrated,validation_threshold,quantile,1,2.3816339578390205e-05,3.357156927639704e-05,24586,0,2.6157591735032136e-05,0.0
3,recipient_full_weight_2,Recipient,2.0,62,Uncalibrated,validation_threshold,quantile,2,3.357156927639704e-05,3.5833616472195226e-05,33987,0,3.425189497562931e-05,0.0
3,recipient_full_weight_2,Recipient,2.0,62,Uncalibrated,validation_threshold,quantile,3,3.5833616472195226e-05,3.7624180204818865e-05,81331,0,3.5864467115019334e-05,0.0
3,recipient_full_weight_2,Recipient,2.0,62,Uncalibrated,validation_threshold,quantile,4,3.7624180204818865e-05,9.667414992502062e-05,34187,0,5.047022254108508e-05,0.0
3,recipient_full_weight_2,Recipient,2.0,62,Uncalibrated,validation_threshold,quantile,5,9.667414992502062e-05,0.000449166964545522,33701,13,0.00027376406029334894,0.00038574523011186614
3,recipient_full_weight_2,Recipient,2.0,62,Uncalibrated,validation_threshold,quantile,6,0.000449166964545522,0.0005004701885509676,33515,7,0.0004770041901427142,0.0002088617037147546
3,recipient_full_weight_2,Recipient,2.0,62,Uncalibrated,validation_threshold,quantile,7,0.0005004701885509676,0.0005479900312756842,33948,11,0.0005137031060231024,0.00032402497938022857
3,recipient_full_weight_2,Recipient,2.0,62,Uncalibrated,validation_threshold,quantile,8,0.0005479900312756842,1.0,33726,179,0.020589433973538185,0.005307477910217636
3,recipient_full_weight_2,Recipient,2.0,62,Uncalibrated,test,uniform,0,0.0,0.1,630664,2357,0.000689021364526186,0.003737330813238111
3,recipient_full_weight_2,Recipient,2.0,62,Uncalibrated,test,uniform,1,0.1,0.2,782,102,0.1540711183673687,0.13043478260869565
3,recipient_full_weight_2,Recipient,2.0,62,Uncalibrated,test,uniform,2,0.2,0.30000000000000004,121,12,0.20816167056429621,0.09917355371900827
3,recipient_full_weight_2,Recipient,2.0,62,Uncalibrated,test,uniform,3,0.30000000000000004,0.4,13,5,0.3268202373953179,0.38461538461538464
3,recipient_full_weight_2,Recipient,2.0,62,Uncalibrated,test,uniform,4,0.4,0.5,1991,49,0.42283807736104284,0.024610748367654443
3,recipient_full_weight_2,Recipient,2.0,62,Uncalibrated,test,uniform,5,0.5,0.6000000000000001,31,4,0.540220904987499,0.12903225806451613
3,recipient_full_weight_2,Recipient,2.0,62,Uncalibrated,test,uniform,6,0.6000000000000001,0.7000000000000001,116,13,0.6443097091559831,0.11206896551724138
3,recipient_full_weight_2,Recipient,2.0,62,Uncalibrated,test,uniform,7,0.7000000000000001,0.8,258,18,0.7671922660582311,0.06976744186046512
3,recipient_full_weight_2,Recipient,2.0,62,Uncalibrated,test,uniform,8,0.8,0.9,29,10,0.8381960624023248,0.3448275862068966
3,recipient_full_weight_2,Recipient,2.0,62,Uncalibrated,test,uniform,9,0.9,1.0,2718,1194,0.998016678159203,0.4392935982339956
3,recipient_full_weight_2,Recipient,2.0,62,Uncalibrated,test,quantile,0,0.0,3.357156927639704e-05,52936,600,1.752233824090646e-05,0.01133444158984434
3,recipient_full_weight_2,Recipient,2.0,62,Uncalibrated,test,quantile,1,3.357156927639704e-05,3.5833616472195226e-05,24103,0,3.4195764634955904e-05,0.0
3,recipient_full_weight_2,Recipient,2.0,62,Uncalibrated,test,quantile,2,3.5833616472195226e-05,3.5837397051082485e-05,142805,0,3.583361647219522e-05,0.0
3,recipient_full_weight_2,Recipient,2.0,62,Uncalibrated,test,quantile,3,3.5837397051082485e-05,3.92504028260717e-05,98330,0,3.6999275564161356e-05,0.0
3,recipient_full_weight_2,Recipient,2.0,62,Uncalibrated,test,quantile,4,3.92504028260717e-05,6.88754783587194e-05,61276,12,4.915080835653966e-05,0.0001958352372870292
3,recipient_full_weight_2,Recipient,2.0,62,Uncalibrated,test,quantile,5,6.88754783587194e-05,0.00046080658126952835,63709,110,0.0002411091072911919,0.0017266006372725989
3,recipient_full_weight_2,Recipient,2.0,62,Uncalibrated,test,quantile,6,0.00046080658126952835,0.0005053484678330022,65592,136,0.0004921643581725633,0.0020734235882424686
3,recipient_full_weight_2,Recipient,2.0,62,Uncalibrated,test,quantile,7,0.0005053484678330022,0.0005997318617981883,64295,220,0.0005212697449295345,0.003421727972626176
3,recipient_full_weight_2,Recipient,2.0,62,Uncalibrated,test,quantile,8,0.0005997318617981883,1.0,63677,2686,0.06843905976094616,0.04218163544136815
3,recipient_full_weight_2,Recipient,2.0,62,Platt,validation_threshold,uniform,0,0.0,0.1,336766,165,0.0004338802670979914,0.0004899544490833398
3,recipient_full_weight_2,Recipient,2.0,62,Platt,validation_threshold,uniform,1,0.1,0.2,1,0,0.19436322752764765,0.0
3,recipient_full_weight_2,Recipient,2.0,62,Platt,validation_threshold,uniform,2,0.2,0.30000000000000004,437,91,0.2146161908677313,0.20823798627002288
3,recipient_full_weight_2,Recipient,2.0,62,Platt,validation_threshold,uniform,3,0.30000000000000004,0.4,0,0,,
3,recipient_full_weight_2,Recipient,2.0,62,Platt,validation_threshold,uniform,4,0.4,0.5,0,0,,
3,recipient_full_weight_2,Recipient,2.0,62,Platt,validation_threshold,uniform,5,0.5,0.6000000000000001,0,0,,
3,recipient_full_weight_2,Recipient,2.0,62,Platt,validation_threshold,uniform,6,0.6000000000000001,0.7000000000000001,0,0,,
3,recipient_full_weight_2,Recipient,2.0,62,Platt,validation_threshold,uniform,7,0.7000000000000001,0.8,0,0,,
3,recipient_full_weight_2,Recipient,2.0,62,Platt,validation_threshold,uniform,8,0.8,0.9,0,0,,
3,recipient_full_weight_2,Recipient,2.0,62,Platt,validation_threshold,uniform,9,0.9,1.0,0,0,,
3,recipient_full_weight_2,Recipient,2.0,62,Platt,validation_threshold,quantile,0,0.00010474531626232304,0.0002582659444286162,28223,46,0.00019687768493801137,0.0016298763419905751
3,recipient_full_weight_2,Recipient,2.0,62,Platt,validation_threshold,quantile,1,0.0002582659444286162,0.0002847768297538395,24586,0,0.0002650336198808366,0.0
3,recipient_full_weight_2,Recipient,2.0,62,Platt,validation_threshold,quantile,2,0.0002847768297538395,0.00029011155954532215,33987,0,0.0002863948810852665,0.0
3,recipient_full_weight_2,Recipient,2.0,62,Platt,validation_threshold,quantile,3,0.00029011155954532215,0.0002941659609113305,81331,0,0.000290181856321223,0.0
3,recipient_full_weight_2,Recipient,2.0,62,Platt,validation_threshold,quantile,4,0.0002941659609113305,0.0003848068161664118,34187,0,0.0003167971948418119,0.0
3,recipient_full_weight_2,Recipient,2.0,62,Platt,validation_threshold,quantile,5,0.0003848068161664118,0.0005958231098272277,33701,13,0.0005018640752388281,0.00038574523011186614
3,recipient_full_weight_2,Recipient,2.0,62,Platt,validation_threshold,quantile,6,0.0005958231098272277,0.0006144521555082089,33515,7,0.0006060258985888038,0.0002088617037147546
3,recipient_full_weight_2,Recipient,2.0,62,Platt,validation_threshold,quantile,7,0.0006144521555082089,0.0006305253713420291,33948,11,0.0006189902295305279,0.00032402497938022857
3,recipient_full_weight_2,Recipient,2.0,62,Platt,validation_threshold,quantile,8,0.0006305253713420291,0.2146161908677313,33726,179,0.0037247991639375974,0.005307477910217636
3,recipient_full_weight_2,Recipient,2.0,62,Platt,test,uniform,0,0.0,0.1,634277,2668,0.0004675555252597731,0.004206364096443667
3,recipient_full_weight_2,Recipient,2.0,62,Platt,test,uniform,1,0.1,0.2,11,8,0.16075020701916423,0.7272727272727273
3,recipient_full_weight_2,Recipient,2.0,62,Platt,test,uniform,2,0.2,0.30000000000000004,2435,1088,0.21461619086773132,0.4468172484599589
3,recipient_full_weight_2,Recipient,2.0,62,Platt,test,uniform,3,0.30000000000000004,0.4,0,0,,
3,recipient_full_weight_2,Recipient,2.0,62,Platt,test,uniform,4,0.4,0.5,0,0,,
3,recipient_full_weight_2,Recipient,2.0,62,Platt,test,uniform,5,0.5,0.6000000000000001,0,0,,
3,recipient_full_weight_2,Recipient,2.0,62,Platt,test,uniform,6,0.6000000000000001,0.7000000000000001,0,0,,
3,recipient_full_weight_2,Recipient,2.0,62,Platt,test,uniform,7,0.7000000000000001,0.8,0,0,,
3,recipient_full_weight_2,Recipient,2.0,62,Platt,test,uniform,8,0.8,0.9,0,0,,
3,recipient_full_weight_2,Recipient,2.0,62,Platt,test,uniform,9,0.9,1.0,0,0,,
3,recipient_full_weight_2,Recipient,2.0,62,Platt,test,quantile,0,0.00010474531626232304,0.0002847768297538395,52936,600,0.00022050034029989218,0.01133444158984434
3,recipient_full_weight_2,Recipient,2.0,62,Platt,test,quantile,1,0.0002847768297538395,0.00029011155954532215,24103,0,0.0002862614465051367,0.0
3,recipient_full_weight_2,Recipient,2.0,62,Platt,test,quantile,2,0.00029011155954532215,0.00029012027105476993,142805,0,0.0002901115595453221,0.0
3,recipient_full_weight_2,Recipient,2.0,62,Platt,test,quantile,3,0.00029012027105476993,0.00029773029217029535,98330,0,0.00029273561209501315,0.0
3,recipient_full_weight_2,Recipient,2.0,62,Platt,test,quantile,4,0.00029773029217029535,0.00034940879208687395,61276,12,0.00031640631908608284,0.0001958352372870292
3,recipient_full_weight_2,Recipient,2.0,62,Platt,test,quantile,5,0.00034940879208687395,0.0006001781153126196,63709,110,0.0004769585901631129,0.0017266006372725989
3,recipient_full_weight_2,Recipient,2.0,62,Platt,test,quantile,6,0.0006001781153126196,0.0006161512084598328,65592,136,0.0006115013261668522,0.0020734235882424686
3,recipient_full_weight_2,Recipient,2.0,62,Platt,test,quantile,7,0.0006161512084598328,0.0006469305460999787,64295,220,0.0006215618050019146,0.003421727972626176
3,recipient_full_weight_2,Recipient,2.0,62,Platt,test,quantile,8,0.0006469305460999787,0.2146161908677313,63677,2686,0.009458431986594438,0.04218163544136815
3,recipient_full_weight_2,Recipient,2.0,62,Isotonic,validation_threshold,uniform,0,0.0,0.1,336721,158,0.00046333640579640956,0.00046923120328105466
3,recipient_full_weight_2,Recipient,2.0,62,Isotonic,validation_threshold,uniform,1,0.1,0.2,483,98,0.18806367641986727,0.2028985507246377
3,recipient_full_weight_2,Recipient,2.0,62,Isotonic,validation_threshold,uniform,2,0.2,0.30000000000000004,0,0,,
3,recipient_full_weight_2,Recipient,2.0,62,Isotonic,validation_threshold,uniform,3,0.30000000000000004,0.4,0,0,,
3,recipient_full_weight_2,Recipient,2.0,62,Isotonic,validation_threshold,uniform,4,0.4,0.5,0,0,,
3,recipient_full_weight_2,Recipient,2.0,62,Isotonic,validation_threshold,uniform,5,0.5,0.6000000000000001,0,0,,
3,recipient_full_weight_2,Recipient,2.0,62,Isotonic,validation_threshold,uniform,6,0.6000000000000001,0.7000000000000001,0,0,,
3,recipient_full_weight_2,Recipient,2.0,62,Isotonic,validation_threshold,uniform,7,0.7000000000000001,0.8,0,0,,
3,recipient_full_weight_2,Recipient,2.0,62,Isotonic,validation_threshold,uniform,8,0.8,0.9,0,0,,
3,recipient_full_weight_2,Recipient,2.0,62,Isotonic,validation_threshold,uniform,9,0.9,1.0,0,0,,
3,recipient_full_weight_2,Recipient,2.0,62,Isotonic,validation_threshold,quantile,0,0.00016905992117581173,0.00016929783722012952,195424,46,0.00016905992172183703,0.00023538562305551008
3,recipient_full_weight_2,Recipient,2.0,62,Isotonic,validation_threshold,quantile,1,0.00016929783722012952,0.0003869969040247678,74106,20,0.0001692995820689201,0.0002698836801338623
3,recipient_full_weight_2,Recipient,2.0,62,Isotonic,validation_threshold,quantile,2,0.0003869969040247678,0.000473634354278497,33090,11,0.000431898412620755,0.0003324267150196434
3,recipient_full_weight_2,Recipient,2.0,62,Isotonic,validation_threshold,quantile,3,0.000473634354278497,0.1903765690376569,34584,179,0.005406368672275626,0.005175803839925977
3,recipient_full_weight_2,Recipient,2.0,62,Isotonic,test,uniform,0,0.0,0.1,633718,2542,0.0007763523585488042,0.004011247905219672
3,recipient_full_weight_2,Recipient,2.0,62,Isotonic,test,uniform,1,0.1,0.2,3005,1222,0.18476810428788273,0.40665557404326125
3,recipient_full_weight_2,Recipient,2.0,62,Isotonic,test,uniform,2,0.2,0.30000000000000004,0,0,,
3,recipient_full_weight_2,Recipient,2.0,62,Isotonic,test,uniform,3,0.30000000000000004,0.4,0,0,,
3,recipient_full_weight_2,Recipient,2.0,62,Isotonic,test,uniform,4,0.4,0.5,0,0,,
3,recipient_full_weight_2,Recipient,2.0,62,Isotonic,test,uniform,5,0.5,0.6000000000000001,0,0,,
3,recipient_full_weight_2,Recipient,2.0,62,Isotonic,test,uniform,6,0.6000000000000001,0.7000000000000001,0,0,,
3,recipient_full_weight_2,Recipient,2.0,62,Isotonic,test,uniform,7,0.7000000000000001,0.8,0,0,,
3,recipient_full_weight_2,Recipient,2.0,62,Isotonic,test,uniform,8,0.8,0.9,0,0,,
3,recipient_full_weight_2,Recipient,2.0,62,Isotonic,test,uniform,9,0.9,1.0,0,0,,
3,recipient_full_weight_2,Recipient,2.0,62,Isotonic,test,quantile,0,0.00016905992117581173,0.00016929783722012952,375243,601,0.00016905992182775857,0.001601628811197011
3,recipient_full_weight_2,Recipient,2.0,62,Isotonic,test,quantile,1,0.00016929783722012952,0.0004578230513906375,132849,257,0.00019694430628851384,0.0019345271699448246
3,recipient_full_weight_2,Recipient,2.0,62,Isotonic,test,quantile,2,0.0004578230513906375,0.000473634354278497,58156,184,0.00045782305139063757,0.0031639039823921867
3,recipient_full_weight_2,Recipient,2.0,62,Isotonic,test,quantile,3,0.000473634354278497,0.1903765690376569,70475,2722,0.01321020295949923,0.03862362539907769
3,recipient_full_weight_2,Recipient,2.0,72,Uncalibrated,validation_threshold,uniform,0,0.0,0.1,336815,118,0.0006189602529309973,0.0003503406914775173
3,recipient_full_weight_2,Recipient,2.0,72,Uncalibrated,validation_threshold,uniform,1,0.1,0.2,110,9,0.1324426925509516,0.08181818181818182
3,recipient_full_weight_2,Recipient,2.0,72,Uncalibrated,validation_threshold,uniform,2,0.2,0.30000000000000004,19,1,0.26635330489589143,0.05263157894736842
3,recipient_full_weight_2,Recipient,2.0,72,Uncalibrated,validation_threshold,uniform,3,0.30000000000000004,0.4,12,4,0.3481082812509961,0.3333333333333333
3,recipient_full_weight_2,Recipient,2.0,72,Uncalibrated,validation_threshold,uniform,4,0.4,0.5,71,0,0.4565134219846626,0.0
3,recipient_full_weight_2,Recipient,2.0,72,Uncalibrated,validation_threshold,uniform,5,0.5,0.6000000000000001,30,7,0.5237758765513312,0.23333333333333334
3,recipient_full_weight_2,Recipient,2.0,72,Uncalibrated,validation_threshold,uniform,6,0.6000000000000001,0.7000000000000001,13,11,0.6371219273990303,0.8461538461538461
3,recipient_full_weight_2,Recipient,2.0,72,Uncalibrated,validation_threshold,uniform,7,0.7000000000000001,0.8,25,21,0.7348520061040587,0.84
3,recipient_full_weight_2,Recipient,2.0,72,Uncalibrated,validation_threshold,uniform,8,0.8,0.9,17,16,0.8737367422544472,0.9411764705882353
3,recipient_full_weight_2,Recipient,2.0,72,Uncalibrated,validation_threshold,uniform,9,0.9,1.0,92,69,0.9975576756575183,0.75
3,recipient_full_weight_2,Recipient,2.0,72,Uncalibrated,validation_threshold,quantile,0,0.0,2.9568541659553377e-05,33705,5,1.8225881078930693e-05,0.0001483459427384661
3,recipient_full_weight_2,Recipient,2.0,72,Uncalibrated,validation_threshold,quantile,1,2.9568541659553377e-05,3.103400909690356e-05,9874,0,3.058923112696635e-05,0.0
3,recipient_full_weight_2,Recipient,2.0,72,Uncalibrated,validation_threshold,quantile,2,3.103400909690356e-05,3.178327866536908e-05,83933,0,3.105839786891896e-05,0.0
3,recipient_full_weight_2,Recipient,2.0,72,Uncalibrated,validation_threshold,quantile,3,3.178327866536908e-05,3.6973335185904504e-05,39661,0,3.276074968428029e-05,0.0
3,recipient_full_weight_2,Recipient,2.0,72,Uncalibrated,validation_threshold,quantile,4,3.6973335185904504e-05,0.00010844293307563583,34313,0,5.05466350769798e-05,0.0
3,recipient_full_weight_2,Recipient,2.0,72,Uncalibrated,validation_threshold,quantile,5,0.00010844293307563583,0.00041202412644918433,33204,8,0.0002588260879657781,0.00024093482712926153
3,recipient_full_weight_2,Recipient,2.0,72,Uncalibrated,validation_threshold,quantile,6,0.00041202412644918433,0.00046518567399137894,34986,8,0.00044028769192649546,0.00022866289372892014
3,recipient_full_weight_2,Recipient,2.0,72,Uncalibrated,validation_threshold,quantile,7,0.00046518567399137894,0.0006099216968310538,33475,13,0.0005046616102421521,0.0003883495145631068
3,recipient_full_weight_2,Recipient,2.0,72,Uncalibrated,validation_threshold,quantile,8,0.0006099216968310538,1.0,34053,222,0.01075505360721134,0.006519249405338737
3,recipient_full_weight_2,Recipient,2.0,72,Uncalibrated,test,uniform,0,0.0,0.1,629564,1882,0.0007501172735260383,0.0029893704214345165
3,recipient_full_weight_2,Recipient,2.0,72,Uncalibrated,test,uniform,1,0.1,0.2,1158,150,0.17520505562257419,0.12953367875647667
3,recipient_full_weight_2,Recipient,2.0,72,Uncalibrated,test,uniform,2,0.2,0.30000000000000004,1232,62,0.2572072359801335,0.05032467532467533
3,recipient_full_weight_2,Recipient,2.0,72,Uncalibrated,test,uniform,3,0.30000000000000004,0.4,416,74,0.32438970701049136,0.1778846153846154
3,recipient_full_weight_2,Recipient,2.0,72,Uncalibrated,test,uniform,4,0.4,0.5,516,88,0.4478052569668276,0.17054263565891473
3,recipient_full_weight_2,Recipient,2.0,72,Uncalibrated,test,uniform,5,0.5,0.6000000000000001,130,71,0.5289204959277793,0.5461538461538461
3,recipient_full_weight_2,Recipient,2.0,72,Uncalibrated,test,uniform,6,0.6000000000000001,0.7000000000000001,129,78,0.666740056542207,0.6046511627906976
3,recipient_full_weight_2,Recipient,2.0,72,Uncalibrated,test,uniform,7,0.7000000000000001,0.8,238,210,0.7306166337222889,0.8823529411764706
3,recipient_full_weight_2,Recipient,2.0,72,Uncalibrated,test,uniform,8,0.8,0.9,263,187,0.8735949266748904,0.7110266159695817
3,recipient_full_weight_2,Recipient,2.0,72,Uncalibrated,test,uniform,9,0.9,1.0,3077,962,0.9967783899053752,0.3126421839454014
3,recipient_full_weight_2,Recipient,2.0,72,Uncalibrated,test,quantile,0,0.0,3.103400909690356e-05,63286,38,2.4036948163418905e-05,0.0006004487564390228
3,recipient_full_weight_2,Recipient,2.0,72,Uncalibrated,test,quantile,1,3.103400909690356e-05,3.178327866536908e-05,170475,0,3.10685262821851e-05,0.0
3,recipient_full_weight_2,Recipient,2.0,72,Uncalibrated,test,quantile,2,3.178327866536908e-05,3.733459982334323e-05,80078,0,3.267820072338406e-05,0.0
3,recipient_full_weight_2,Recipient,2.0,72,Uncalibrated,test,quantile,3,3.733459982334323e-05,0.00011590888497808456,68165,1,6.261905757769326e-05,1.4670285337049805e-05
3,recipient_full_weight_2,Recipient,2.0,72,Uncalibrated,test,quantile,4,0.00011590888497808456,0.0004382232992764617,60494,11,0.00027316185693200816,0.00018183621516183423
3,recipient_full_weight_2,Recipient,2.0,72,Uncalibrated,test,quantile,5,0.0004382232992764617,0.00046518567399137894,59737,135,0.00044232200807914015,0.002259905920953513
3,recipient_full_weight_2,Recipient,2.0,72,Uncalibrated,test,quantile,6,0.00046518567399137894,0.0007190924975725298,61860,231,0.000510138985361748,0.0037342386032977693
3,recipient_full_weight_2,Recipient,2.0,72,Uncalibrated,test,quantile,7,0.0007190924975725298,1.0,72628,3348,0.06740262722288339,0.04609792366580382
3,recipient_full_weight_2,Recipient,2.0,72,Platt,validation_threshold,uniform,0,0.0,0.1,337057,139,0.00047456567313155845,0.00041239315605372386
3,recipient_full_weight_2,Recipient,2.0,72,Platt,validation_threshold,uniform,1,0.1,0.2,39,33,0.14188225030379195,0.8461538461538461
3,recipient_full_weight_2,Recipient,2.0,72,Platt,validation_threshold,uniform,2,0.2,0.30000000000000004,16,15,0.2522885938853444,0.9375
3,recipient_full_weight_2,Recipient,2.0,72,Platt,validation_threshold,uniform,3,0.30000000000000004,0.4,0,0,,
3,recipient_full_weight_2,Recipient,2.0,72,Platt,validation_threshold,uniform,4,0.4,0.5,5,1,0.428409205222159,0.2
3,recipient_full_weight_2,Recipient,2.0,72,Platt,validation_threshold,uniform,5,0.5,0.6000000000000001,1,0,0.5270334905858463,0.0
3,recipient_full_weight_2,Recipient,2.0,72,Platt,validation_threshold,uniform,6,0.6000000000000001,0.7000000000000001,0,0,,
3,recipient_full_weight_2,Recipient,2.0,72,Platt,validation_threshold,uniform,7,0.7000000000000001,0.8,1,0,0.7027870862459992,0.0
3,recipient_full_weight_2,Recipient,2.0,72,Platt,validation_threshold,uniform,8,0.8,0.9,1,0,0.8660508655515868,0.0
3,recipient_full_weight_2,Recipient,2.0,72,Platt,validation_threshold,uniform,9,0.9,1.0,84,68,0.9986402733880246,0.8095238095238095
3,recipient_full_weight_2,Recipient,2.0,72,Platt,validation_threshold,quantile,0,1.1192978595179787e-05,0.00010201048618832707,33705,5,6.886876556424941e-05,0.0001483459427384661
3,recipient_full_weight_2,Recipient,2.0,72,Platt,validation_threshold,quantile,1,0.00010201048618832707,0.00010528141594214371,9874,0,0.00010429334271142764,0.0
3,recipient_full_weight_2,Recipient,2.0,72,Platt,validation_threshold,quantile,2,0.00010528141594214371,0.00010693299747341727,83933,0,0.00010533527200602328,0.0
3,recipient_full_weight_2,Recipient,2.0,72,Platt,validation_threshold,quantile,3,0.00010693299747341727,0.00011802437229059922,39661,0,0.0001090509494513595,0.0
3,recipient_full_weight_2,Recipient,2.0,72,Platt,validation_threshold,quantile,4,0.00011802437229059922,0.00023815828924403043,34313,0,0.00014267967101985065,0.0
3,recipient_full_weight_2,Recipient,2.0,72,Platt,validation_threshold,quantile,5,0.00023815828924403043,0.000568960017190589,33204,8,0.0004096441946928169,0.00024093482712926153
3,recipient_full_weight_2,Recipient,2.0,72,Platt,validation_threshold,quantile,6,0.000568960017190589,0.0006158374619464707,34986,8,0.0005940606361618074,0.00022866289372892014
3,recipient_full_weight_2,Recipient,2.0,72,Platt,validation_threshold,quantile,7,0.0006158374619464707,0.0007348888851731336,33475,13,0.0006490953273019036,0.0003883495145631068
3,recipient_full_weight_2,Recipient,2.0,72,Platt,validation_threshold,quantile,8,0.0007348888851731336,0.9986806421182415,34053,222,0.005289470930449158,0.006519249405338737
3,recipient_full_weight_2,Recipient,2.0,72,Platt,test,uniform,0,0.0,0.1,633011,2324,0.0007334145031758454,0.0036713422041639086
3,recipient_full_weight_2,Recipient,2.0,72,Platt,test,uniform,1,0.1,0.2,394,309,0.14448398496993609,0.7842639593908629
3,recipient_full_weight_2,Recipient,2.0,72,Platt,test,uniform,2,0.2,0.30000000000000004,242,169,0.2539337614130614,0.6983471074380165
3,recipient_full_weight_2,Recipient,2.0,72,Platt,test,uniform,3,0.30000000000000004,0.4,144,8,0.344406857161854,0.05555555555555555
3,recipient_full_weight_2,Recipient,2.0,72,Platt,test,uniform,4,0.4,0.5,6,6,0.4025074924680889,1.0
3,recipient_full_weight_2,Recipient,2.0,72,Platt,test,uniform,5,0.5,0.6000000000000001,1,0,0.527707920408819,0.0
3,recipient_full_weight_2,Recipient,2.0,72,Platt,test,uniform,6,0.6000000000000001,0.7000000000000001,4,3,0.6755280016794426,0.75
3,recipient_full_weight_2,Recipient,2.0,72,Platt,test,uniform,7,0.7000000000000001,0.8,3,0,0.7700679024555441,0.0
3,recipient_full_weight_2,Recipient,2.0,72,Platt,test,uniform,8,0.8,0.9,1,0,0.8041925439683097,0.0
3,recipient_full_weight_2,Recipient,2.0,72,Platt,test,uniform,9,0.9,1.0,2917,945,0.9986578344884679,0.3239629756599246
3,recipient_full_weight_2,Recipient,2.0,72,Platt,test,quantile,0,1.1192978595179787e-05,0.00010528141594214371,63286,38,8.54566216565984e-05,0.0006004487564390228
3,recipient_full_weight_2,Recipient,2.0,72,Platt,test,quantile,1,0.00010528141594214371,0.00010693299747341727,170475,0,0.0001053576367213893,0.0
3,recipient_full_weight_2,Recipient,2.0,72,Platt,test,quantile,2,0.00010693299747341727,0.00011877551988318133,80078,0,0.00010886293989962094,0.0
3,recipient_full_weight_2,Recipient,2.0,72,Platt,test,quantile,3,0.00011877551988318133,0.0002487315324278918,68165,1,0.0001629067888335625,1.4670285337049805e-05
3,recipient_full_weight_2,Recipient,2.0,72,Platt,test,quantile,4,0.0002487315324278918,0.0005923092932846392,60494,11,0.0004266346021039276,0.00018183621516183423
3,recipient_full_weight_2,Recipient,2.0,72,Platt,test,quantile,5,0.0005923092932846392,0.0006158374619464707,59737,135,0.0005958972440600527,0.002259905920953513
3,recipient_full_weight_2,Recipient,2.0,72,Platt,test,quantile,6,0.0006158374619464707,0.0008182345370151716,61860,231,0.0006531101099732305,0.0037342386032977693
3,recipient_full_weight_2,Recipient,2.0,72,Platt,test,quantile,7,0.0008182345370151716,0.9986806421182415,72628,3348,0.046938899637137245,0.04609792366580382
3,recipient_full_weight_2,Recipient,2.0,72,Isotonic,validation_threshold,uniform,0,0.0,0.1,336899,125,0.00039220661581823547,0.000371031080531554
3,recipient_full_weight_2,Recipient,2.0,72,Isotonic,validation_threshold,uniform,1,0.1,0.2,128,7,0.11596497764530551,0.0546875
3,recipient_full_weight_2,Recipient,2.0,72,Isotonic,validation_threshold,uniform,2,0.2,0.30000000000000004,14,1,0.25,0.07142857142857142
3,recipient_full_weight_2,Recipient,2.0,72,Isotonic,validation_threshold,uniform,3,0.30000000000000004,0.4,0,0,,
3,recipient_full_weight_2,Recipient,2.0,72,Isotonic,validation_threshold,uniform,4,0.4,0.5,0,0,,
3,recipient_full_weight_2,Recipient,2.0,72,Isotonic,validation_threshold,uniform,5,0.5,0.6000000000000001,10,3,0.524118433538405,0.3
3,recipient_full_weight_2,Recipient,2.0,72,Isotonic,validation_threshold,uniform,6,0.6000000000000001,0.7000000000000001,73,53,0.6267603301807677,0.726027397260274
3,recipient_full_weight_2,Recipient,2.0,72,Isotonic,validation_threshold,uniform,7,0.7000000000000001,0.8,0,0,,
3,recipient_full_weight_2,Recipient,2.0,72,Isotonic,validation_threshold,uniform,8,0.8,0.9,80,67,0.8115359338287282,0.8375
3,recipient_full_weight_2,Recipient,2.0,72,Isotonic,validation_threshold,uniform,9,0.9,1.0,0,0,,
3,recipient_full_weight_2,Recipient,2.0,72,Isotonic,validation_threshold,quantile,0,3.9438202801098354e-05,0.00011750881316098707,219523,6,4.2645183669683916e-05,2.7331987992146608e-05
3,recipient_full_weight_2,Recipient,2.0,72,Isotonic,validation_threshold,quantile,1,0.00011750881316098707,0.0002982080407731721,36498,12,0.0002118584607479417,0.0003287851389117212
3,recipient_full_weight_2,Recipient,2.0,72,Isotonic,validation_threshold,quantile,2,0.0002982080407731721,0.00047885840157065555,40639,14,0.00029820804077317206,0.0003444966657644135
3,recipient_full_weight_2,Recipient,2.0,72,Isotonic,validation_threshold,quantile,3,0.00047885840157065555,0.8115942028985508,40544,224,0.005849995353737811,0.0055248618784530384
3,recipient_full_weight_2,Recipient,2.0,72,Isotonic,test,uniform,0,0.0,0.1,629873,1984,0.0004960496304217626,0.003149841317217915
3,recipient_full_weight_2,Recipient,2.0,72,Isotonic,test,uniform,1,0.1,0.2,3016,273,0.10995600976737474,0.09051724137931035
3,recipient_full_weight_2,Recipient,2.0,72,Isotonic,test,uniform,2,0.2,0.30000000000000004,41,16,0.24991467893552566,0.3902439024390244
3,recipient_full_weight_2,Recipient,2.0,72,Isotonic,test,uniform,3,0.30000000000000004,0.4,0,0,,
3,recipient_full_weight_2,Recipient,2.0,72,Isotonic,test,uniform,4,0.4,0.5,1,1,0.4829679076491491,1.0
3,recipient_full_weight_2,Recipient,2.0,72,Isotonic,test,uniform,5,0.5,0.6000000000000001,50,30,0.5114980955832873,0.6
3,recipient_full_weight_2,Recipient,2.0,72,Isotonic,test,uniform,6,0.6000000000000001,0.7000000000000001,855,539,0.6271335867965534,0.6304093567251462
3,recipient_full_weight_2,Recipient,2.0,72,Isotonic,test,uniform,7,0.7000000000000001,0.8,2,1,0.755353759951318,0.5
3,recipient_full_weight_2,Recipient,2.0,72,Isotonic,test,uniform,8,0.8,0.9,2885,920,0.811591120947621,0.3188908145580589
3,recipient_full_weight_2,Recipient,2.0,72,Isotonic,test,uniform,9,0.9,1.0,0,0,,
3,recipient_full_weight_2,Recipient,2.0,72,Isotonic,test,quantile,0,3.9438202801098354e-05,0.00029346167390538794,436526,48,4.751110931079652e-05,0.00010995908605672973
3,recipient_full_weight_2,Recipient,2.0,72,Isotonic,test,quantile,1,0.00029346167390538794,0.0002982080407731721,50654,119,0.00029346167390538805,0.0023492715284084177
3,recipient_full_weight_2,Recipient,2.0,72,Isotonic,test,quantile,2,0.0002982080407731721,0.00047885840157065555,63759,170,0.0002982104230418103,0.002666290249219718
3,recipient_full_weight_2,Recipient,2.0,72,Isotonic,test,quantile,3,0.00047885840157065555,0.8115942028985508,85784,3427,0.04085740740130247,0.03994917467126737
3,recipient_full_weight_2,Recipient,2.0,82,Uncalibrated,validation_threshold,uniform,0,0.0,0.1,336439,123,0.0005575879806000041,0.0003655937629109586
3,recipient_full_weight_2,Recipient,2.0,82,Uncalibrated,validation_threshold,uniform,1,0.1,0.2,102,7,0.13642883296883695,0.06862745098039216
3,recipient_full_weight_2,Recipient,2.0,82,Uncalibrated,validation_threshold,uniform,2,0.2,0.30000000000000004,41,4,0.2495959778322012,0.0975609756097561
3,recipient_full_weight_2,Recipient,2.0,82,Uncalibrated,validation_threshold,uniform,3,0.30000000000000004,0.4,28,1,0.3322819032750231,0.03571428571428571
3,recipient_full_weight_2,Recipient,2.0,82,Uncalibrated,validation_threshold,uniform,4,0.4,0.5,388,2,0.41950489161793403,0.005154639175257732
3,recipient_full_weight_2,Recipient,2.0,82,Uncalibrated,validation_threshold,uniform,5,0.5,0.6000000000000001,7,0,0.5252693862290556,0.0
3,recipient_full_weight_2,Recipient,2.0,82,Uncalibrated,validation_threshold,uniform,6,0.6000000000000001,0.7000000000000001,23,0,0.6323592147759468,0.0
3,recipient_full_weight_2,Recipient,2.0,82,Uncalibrated,validation_threshold,uniform,7,0.7000000000000001,0.8,16,5,0.7581557863865065,0.3125
3,recipient_full_weight_2,Recipient,2.0,82,Uncalibrated,validation_threshold,uniform,8,0.8,0.9,11,1,0.8508247049520594,0.09090909090909091
3,recipient_full_weight_2,Recipient,2.0,82,Uncalibrated,validation_threshold,uniform,9,0.9,1.0,149,113,0.9970237217047787,0.7583892617449665
3,recipient_full_weight_2,Recipient,2.0,82,Uncalibrated,validation_threshold,quantile,0,0.0,1.3552122889726605e-05,28481,11,3.8440503576880605e-06,0.0003862223938766195
3,recipient_full_weight_2,Recipient,2.0,82,Uncalibrated,validation_threshold,quantile,1,1.3552122889726605e-05,1.6313403496654062e-05,9095,0,1.3873121580511427e-05,0.0
3,recipient_full_weight_2,Recipient,2.0,82,Uncalibrated,validation_threshold,quantile,2,1.6313403496654062e-05,2.828259926186295e-05,36860,2,1.6808854524562624e-05,5.425935973955508e-05
3,recipient_full_weight_2,Recipient,2.0,82,Uncalibrated,validation_threshold,quantile,3,2.828259926186295e-05,3.0070275192501126e-05,86805,0,2.8351850299128014e-05,0.0
3,recipient_full_weight_2,Recipient,2.0,82,Uncalibrated,validation_threshold,quantile,4,3.0070275192501126e-05,6.222519493725527e-05,40875,1,3.911816824977559e-05,2.4464831804281346e-05
3,recipient_full_weight_2,Recipient,2.0,82,Uncalibrated,validation_threshold,quantile,5,6.222519493725527e-05,0.00039844805250787243,33685,3,0.00016428780202350297,8.90604126465786e-05
3,recipient_full_weight_2,Recipient,2.0,82,Uncalibrated,validation_threshold,quantile,6,0.00039844805250787243,0.0005796883150672724,18431,11,0.0004751628830740409,0.0005968205740328794
3,recipient_full_weight_2,Recipient,2.0,82,Uncalibrated,validation_threshold,quantile,7,0.0005796883150672724,0.0007142922588732949,49143,14,0.0005927587133242993,0.00028488289278228845
3,recipient_full_weight_2,Recipient,2.0,82,Uncalibrated,validation_threshold,quantile,8,0.0007142922588732949,1.0,33829,214,0.015482147948369631,0.006325933370776552
3,recipient_full_weight_2,Recipient,2.0,82,Uncalibrated,test,uniform,0,0.0,0.1,626497,2027,0.0007142642015653681,0.003235450449084353
3,recipient_full_weight_2,Recipient,2.0,82,Uncalibrated,test,uniform,1,0.1,0.2,833,91,0.15546702380747027,0.1092436974789916
3,recipient_full_weight_2,Recipient,2.0,82,Uncalibrated,test,uniform,2,0.2,0.30000000000000004,1377,126,0.22163126105752637,0.0915032679738562
3,recipient_full_weight_2,Recipient,2.0,82,Uncalibrated,test,uniform,3,0.30000000000000004,0.4,68,7,0.33394254374652727,0.10294117647058823
3,recipient_full_weight_2,Recipient,2.0,82,Uncalibrated,test,uniform,4,0.4,0.5,539,37,0.42177077328653056,0.0686456400742115
3,recipient_full_weight_2,Recipient,2.0,82,Uncalibrated,test,uniform,5,0.5,0.6000000000000001,11,4,0.5315579276130168,0.36363636363636365
3,recipient_full_weight_2,Recipient,2.0,82,Uncalibrated,test,uniform,6,0.6000000000000001,0.7000000000000001,31,6,0.6279853671521748,0.1935483870967742
3,recipient_full_weight_2,Recipient,2.0,82,Uncalibrated,test,uniform,7,0.7000000000000001,0.8,66,38,0.7521240560598823,0.5757575757575758
3,recipient_full_weight_2,Recipient,2.0,82,Uncalibrated,test,uniform,8,0.8,0.9,39,18,0.8352802670122483,0.46153846153846156
3,recipient_full_weight_2,Recipient,2.0,82,Uncalibrated,test,uniform,9,0.9,1.0,7262,1410,0.9993245088026194,0.19416138804736988
3,recipient_full_weight_2,Recipient,2.0,82,Uncalibrated,test,quantile,0,0.0,1.6313403496654062e-05,36923,91,5.120058521795683e-06,0.0024645884678926415
3,recipient_full_weight_2,Recipient,2.0,82,Uncalibrated,test,quantile,1,1.6313403496654062e-05,2.362304700329069e-05,87345,0,1.659508944495353e-05,0.0
3,recipient_full_weight_2,Recipient,2.0,82,Uncalibrated,test,quantile,2,2.362304700329069e-05,2.828259926186295e-05,4185,19,2.396488433733674e-05,0.004540023894862605
3,recipient_full_weight_2,Recipient,2.0,82,Uncalibrated,test,quantile,3,2.828259926186295e-05,3.4944934426827964e-05,185884,0,2.874426718160544e-05,0.0
3,recipient_full_weight_2,Recipient,2.0,82,Uncalibrated,test,quantile,4,3.4944934426827964e-05,0.0001181050828302942,67530,2,4.865861114222209e-05,2.9616466755516066e-05
3,recipient_full_weight_2,Recipient,2.0,82,Uncalibrated,test,quantile,5,0.0001181050828302942,0.0004908997363423391,63744,36,0.00021374985178129456,0.0005647590361445783
3,recipient_full_weight_2,Recipient,2.0,82,Uncalibrated,test,quantile,6,0.0004908997363423391,0.0005796883150672724,3303,3,0.0005231031609819947,0.0009082652134423251
3,recipient_full_weight_2,Recipient,2.0,82,Uncalibrated,test,quantile,7,0.0005796883150672724,0.0010086421616191058,122836,411,0.0006054650563119873,0.0033459246474974763
3,recipient_full_weight_2,Recipient,2.0,82,Uncalibrated,test,quantile,8,0.0010086421616191058,1.0,64973,3202,0.12923443185362074,0.04928200945007927
3,recipient_full_weight_2,Recipient,2.0,82,Platt,validation_threshold,uniform,0,0.0,0.1,337058,143,0.00041461372580711204,0.00042425932628805725
3,recipient_full_weight_2,Recipient,2.0,82,Platt,validation_threshold,uniform,1,0.1,0.2,16,3,0.16417189352199596,0.1875
3,recipient_full_weight_2,Recipient,2.0,82,Platt,validation_threshold,uniform,2,0.2,0.30000000000000004,2,0,0.20242238429131143,0.0
3,recipient_full_weight_2,Recipient,2.0,82,Platt,validation_threshold,uniform,3,0.30000000000000004,0.4,0,0,,
3,recipient_full_weight_2,Recipient,2.0,82,Platt,validation_threshold,uniform,4,0.4,0.5,4,2,0.462191746692819,0.5
3,recipient_full_weight_2,Recipient,2.0,82,Platt,validation_threshold,uniform,5,0.5,0.6000000000000001,2,1,0.5264863090648727,0.5
3,recipient_full_weight_2,Recipient,2.0,82,Platt,validation_threshold,uniform,6,0.6000000000000001,0.7000000000000001,0,0,,
3,recipient_full_weight_2,Recipient,2.0,82,Platt,validation_threshold,uniform,7,0.7000000000000001,0.8,0,0,,
3,recipient_full_weight_2,Recipient,2.0,82,Platt,validation_threshold,uniform,8,0.8,0.9,0,0,,
3,recipient_full_weight_2,Recipient,2.0,82,Platt,validation_threshold,uniform,9,0.9,1.0,122,107,0.9456469530634636,0.8770491803278688
3,recipient_full_weight_2,Recipient,2.0,82,Platt,validation_threshold,quantile,0,3.1412760738699564e-05,0.0001097251987619785,28481,11,5.572572260277029e-05,0.0003862223938766195
3,recipient_full_weight_2,Recipient,2.0,82,Platt,validation_threshold,quantile,1,0.0001097251987619785,0.00011993640150881574,9095,0,0.00011094918662477074,0.0
3,recipient_full_weight_2,Recipient,2.0,82,Platt,validation_threshold,quantile,2,0.00011993640150881574,0.00015617726343209574,36860,2,0.00012153745728431897,5.425935973955508e-05
3,recipient_full_weight_2,Recipient,2.0,82,Platt,validation_threshold,quantile,3,0.00015617726343209574,0.00016083839698275836,86805,0,0.00015635923454379667,0.0
3,recipient_full_weight_2,Recipient,2.0,82,Platt,validation_threshold,quantile,4,0.00016083839698275836,0.0002279965804384995,40875,1,0.00018164581589335773,2.4464831804281346e-05
3,recipient_full_weight_2,Recipient,2.0,82,Platt,validation_threshold,quantile,5,0.0002279965804384995,0.0005556953129434611,33685,3,0.0003554430847979956,8.90604126465786e-05
3,recipient_full_weight_2,Recipient,2.0,82,Platt,validation_threshold,quantile,6,0.0005556953129434611,0.0006652163704095878,18431,11,0.0006043174880129183,0.0005968205740328794
3,recipient_full_weight_2,Recipient,2.0,82,Platt,validation_threshold,quantile,7,0.0006652163704095878,0.0007353211205659693,49143,14,0.0006722650330689789,0.00028488289278228845
3,recipient_full_weight_2,Recipient,2.0,82,Platt,validation_threshold,quantile,8,0.0007353211205659693,0.9474199597246731,33829,214,0.005227146110469102,0.006325933370776552
3,recipient_full_weight_2,Recipient,2.0,82,Platt,test,uniform,0,0.0,0.1,629523,2381,0.0004806552708584648,0.0037822287668599877
3,recipient_full_weight_2,Recipient,2.0,82,Platt,test,uniform,1,0.1,0.2,46,28,0.15906580229117748,0.6086956521739131
3,recipient_full_weight_2,Recipient,2.0,82,Platt,test,uniform,2,0.2,0.30000000000000004,38,23,0.20569217651130797,0.6052631578947368
3,recipient_full_weight_2,Recipient,2.0,82,Platt,test,uniform,3,0.30000000000000004,0.4,26,24,0.34896430837410075,0.9230769230769231
3,recipient_full_weight_2,Recipient,2.0,82,Platt,test,uniform,4,0.4,0.5,118,29,0.4961384727960088,0.2457627118644068
3,recipient_full_weight_2,Recipient,2.0,82,Platt,test,uniform,5,0.5,0.6000000000000001,55,33,0.5181090453802073,0.6
3,recipient_full_weight_2,Recipient,2.0,82,Platt,test,uniform,6,0.6000000000000001,0.7000000000000001,7,5,0.6579322372233907,0.7142857142857143
3,recipient_full_weight_2,Recipient,2.0,82,Platt,test,uniform,7,0.7000000000000001,0.8,5,4,0.7587389973371084,0.8
3,recipient_full_weight_2,Recipient,2.0,82,Platt,test,uniform,8,0.8,0.9,6,5,0.8541182026623888,0.8333333333333334
3,recipient_full_weight_2,Recipient,2.0,82,Platt,test,uniform,9,0.9,1.0,6899,1232,0.9472442774098082,0.17857660530511668
3,recipient_full_weight_2,Recipient,2.0,82,Platt,test,quantile,0,3.1412760738699564e-05,0.00011993640150881574,36923,91,6.223371507732344e-05,0.0024645884678926415
3,recipient_full_weight_2,Recipient,2.0,82,Platt,test,quantile,1,0.00011993640150881574,0.00014325293317261922,87345,0,0.0001208607474478993,0.0
3,recipient_full_weight_2,Recipient,2.0,82,Platt,test,quantile,2,0.00014325293317261922,0.00015617726343209574,4185,19,0.0001442119295996968,0.004540023894862605
3,recipient_full_weight_2,Recipient,2.0,82,Platt,test,quantile,3,0.00015617726343209574,0.00017286075566974314,185884,0,0.00015736699169729575,0.0
3,recipient_full_weight_2,Recipient,2.0,82,Platt,test,quantile,4,0.00017286075566974314,0.00031006805631321634,67530,2,0.00020013854431922998,2.9616466755516066e-05
3,recipient_full_weight_2,Recipient,2.0,82,Platt,test,quantile,5,0.00031006805631321634,0.0006142117921183952,63744,36,0.0003970861275198541,0.0005647590361445783
3,recipient_full_weight_2,Recipient,2.0,82,Platt,test,quantile,6,0.0006142117921183952,0.0006652163704095878,3303,3,0.0006330408525480231,0.0009082652134423251
3,recipient_full_weight_2,Recipient,2.0,82,Platt,test,quantile,7,0.0006652163704095878,0.0008677543235516578,122836,411,0.0006782723677388475,0.0033459246474974763
3,recipient_full_weight_2,Recipient,2.0,82,Platt,test,quantile,8,0.0008677543235516578,0.9474199597246731,64973,3202,0.10458880002368376,0.04928200945007927
3,recipient_full_weight_2,Recipient,2.0,82,Isotonic,validation_threshold,uniform,0,0.0,0.1,337049,142,0.00043031282469319077,0.000421303727351216
3,recipient_full_weight_2,Recipient,2.0,82,Isotonic,validation_threshold,uniform,1,0.1,0.2,31,6,0.1944444444444445,0.1935483870967742
3,recipient_full_weight_2,Recipient,2.0,82,Isotonic,validation_threshold,uniform,2,0.2,0.30000000000000004,0,0,,
3,recipient_full_weight_2,Recipient,2.0,82,Isotonic,validation_threshold,uniform,3,0.30000000000000004,0.4,0,0,,
3,recipient_full_weight_2,Recipient,2.0,82,Isotonic,validation_threshold,uniform,4,0.4,0.5,0,0,,
3,recipient_full_weight_2,Recipient,2.0,82,Isotonic,validation_threshold,uniform,5,0.5,0.6000000000000001,12,5,0.5833333333333331,0.4166666666666667
3,recipient_full_weight_2,Recipient,2.0,82,Isotonic,validation_threshold,uniform,6,0.6000000000000001,0.7000000000000001,7,4,0.6363636363636364,0.5714285714285714
3,recipient_full_weight_2,Recipient,2.0,82,Isotonic,validation_threshold,uniform,7,0.7000000000000001,0.8,0,0,,
3,recipient_full_weight_2,Recipient,2.0,82,Isotonic,validation_threshold,uniform,8,0.8,0.9,2,2,0.8678623002591233,1.0
3,recipient_full_weight_2,Recipient,2.0,82,Isotonic,validation_threshold,uniform,9,0.9,1.0,103,97,0.9200680093837853,0.941747572815534
3,recipient_full_weight_2,Recipient,2.0,82,Isotonic,validation_threshold,quantile,0,7.470528764025918e-05,0.0003356786078736774,227763,17,7.692557678069574e-05,7.463898877341799e-05
3,recipient_full_weight_2,Recipient,2.0,82,Isotonic,validation_threshold,quantile,1,0.0003356786078736774,0.9204545454545454,109441,239,0.002206675376733445,0.002183825074697782
3,recipient_full_weight_2,Recipient,2.0,82,Isotonic,test,uniform,0,0.0,0.1,629440,2346,0.0005820433333886378,0.0037271225216065074
3,recipient_full_weight_2,Recipient,2.0,82,Isotonic,test,uniform,1,0.1,0.2,309,139,0.19444444444444442,0.44983818770226536
3,recipient_full_weight_2,Recipient,2.0,82,Isotonic,test,uniform,2,0.2,0.30000000000000004,6,0,0.2705615345900498,0.0
3,recipient_full_weight_2,Recipient,2.0,82,Isotonic,test,uniform,3,0.30000000000000004,0.4,10,6,0.37457845942253387,0.6
3,recipient_full_weight_2,Recipient,2.0,82,Isotonic,test,uniform,4,0.4,0.5,4,3,0.40488416112647907,0.75
3,recipient_full_weight_2,Recipient,2.0,82,Isotonic,test,uniform,5,0.5,0.6000000000000001,114,96,0.5596617579641847,0.8421052631578947
3,recipient_full_weight_2,Recipient,2.0,82,Isotonic,test,uniform,6,0.6000000000000001,0.7000000000000001,1419,168,0.6363997859822594,0.11839323467230443
3,recipient_full_weight_2,Recipient,2.0,82,Isotonic,test,uniform,7,0.7000000000000001,0.8,17,17,0.7685401371194126,1.0
3,recipient_full_weight_2,Recipient,2.0,82,Isotonic,test,uniform,8,0.8,0.9,41,10,0.8386164981750769,0.24390243902439024
3,recipient_full_weight_2,Recipient,2.0,82,Isotonic,test,uniform,9,0.9,1.0,5363,979,0.92039715345973,0.1825470818571695
3,recipient_full_weight_2,Recipient,2.0,82,Isotonic,test,quantile,0,7.470528764025918e-05,9.786651008025054e-05,377590,111,7.470562952108994e-05,0.00029396964961995813
3,recipient_full_weight_2,Recipient,2.0,82,Isotonic,test,quantile,1,9.786651008025054e-05,0.0003356786078736774,47432,6,9.787130069647468e-05,0.00012649687974363298
3,recipient_full_weight_2,Recipient,2.0,82,Isotonic,test,quantile,2,0.0003356786078736774,0.9204545454545454,211701,3647,0.029999736320752993,0.0172271269384651
