dataset,fold,model,seed,score_stage,n,frauds,q,alerts,tp,recall,precision,cost,boundary_score,above_tp,tie_n,tie_frauds,remaining,tp_min,tp_max,tp_expectation,split_tie,range_type
paysim,1,P0,42,raw,642661,498,0.01,6427,106,0.21285140562248997,0.016492920491675743,45521,0.003877514966457205,106,1411,0,1057,106,106,106.0,True,offline_attainable_single_model_not_CI
paysim,1,P0,42,raw,642661,498,0.03,19280,198,0.39759036144578314,0.010269709543568465,49082,0.002227960193024618,197,193,1,179,197,198,197.92746113989637,True,offline_attainable_single_model_not_CI
paysim,1,P0,42,raw,642661,498,0.05,32134,249,0.5,0.0077488018920769276,56785,0.0019401980414295158,246,1345,4,1184,246,250,249.52118959107807,True,offline_attainable_single_model_not_CI
paysim,1,P0,42,raw,642661,498,0.1,64267,351,0.7048192771084337,0.005461589929512814,78616,0.0011048741958599936,350,1618,3,665,350,353,351.23300370828184,True,offline_attainable_single_model_not_CI
paysim,1,P0,42,clipped,642661,498,0.01,6427,106,0.21285140562248997,0.016492920491675743,45521,0.003877514966457205,106,1411,0,1057,106,106,106.0,True,offline_attainable_single_model_not_CI
paysim,1,P0,42,clipped,642661,498,0.03,19280,198,0.39759036144578314,0.010269709543568465,49082,0.002227960193024618,197,193,1,179,197,198,197.92746113989637,True,offline_attainable_single_model_not_CI
paysim,1,P0,42,clipped,642661,498,0.05,32134,249,0.5,0.0077488018920769276,56785,0.0019401980414295158,246,1345,4,1184,246,250,249.52118959107807,True,offline_attainable_single_model_not_CI
paysim,1,P0,42,clipped,642661,498,0.1,64267,351,0.7048192771084337,0.005461589929512814,78616,0.0011048741958599936,350,1618,3,665,350,353,351.23300370828184,True,offline_attainable_single_model_not_CI
paysim,1,P0,42,platt,642661,498,0.01,6427,106,0.21285140562248997,0.016492920491675743,45521,0.005934352532268981,106,1411,0,1057,106,106,106.0,True,offline_attainable_single_model_not_CI
paysim,1,P0,42,platt,642661,498,0.03,19280,198,0.39759036144578314,0.010269709543568465,49082,0.00413819678947159,197,193,1,179,197,198,197.92746113989637,True,offline_attainable_single_model_not_CI
paysim,1,P0,42,platt,642661,498,0.05,32134,249,0.5,0.0077488018920769276,56785,0.0037820792064628787,246,1345,4,1184,246,250,249.52118959107807,True,offline_attainable_single_model_not_CI
paysim,1,P0,42,platt,642661,498,0.1,64267,351,0.7048192771084337,0.005461589929512814,78616,0.0026217271684286104,350,1618,3,665,350,353,351.23300370828184,True,offline_attainable_single_model_not_CI
paysim,1,P0,52,raw,642661,498,0.01,6427,82,0.1646586345381526,0.012758674342617083,47945,0.004711714703467551,82,973,2,519,82,84,83.06680369989722,True,offline_attainable_single_model_not_CI
paysim,1,P0,52,raw,642661,498,0.03,19280,197,0.39558232931726905,0.010217842323651452,49183,0.001858773059903766,197,152,0,34,197,197,197.0,True,offline_attainable_single_model_not_CI
paysim,1,P0,52,raw,642661,498,0.05,32134,239,0.4799196787148594,0.0074376050289413085,57795,0.0015008383367412419,237,715,2,463,237,239,238.29510489510488,True,offline_attainable_single_model_not_CI
paysim,1,P0,52,raw,642661,498,0.1,64267,357,0.7168674698795181,0.005554950441128417,78010,0.0007283919639223175,356,1624,3,957,356,359,357.76785714285717,True,offline_attainable_single_model_not_CI
paysim,1,P0,52,clipped,642661,498,0.01,6427,82,0.1646586345381526,0.012758674342617083,47945,0.004711714703467551,82,973,2,519,82,84,83.06680369989722,True,offline_attainable_single_model_not_CI
paysim,1,P0,52,clipped,642661,498,0.03,19280,197,0.39558232931726905,0.010217842323651452,49183,0.001858773059903766,197,152,0,34,197,197,197.0,True,offline_attainable_single_model_not_CI
paysim,1,P0,52,clipped,642661,498,0.05,32134,239,0.4799196787148594,0.0074376050289413085,57795,0.0015008383367412419,237,715,2,463,237,239,238.29510489510488,True,offline_attainable_single_model_not_CI
paysim,1,P0,52,clipped,642661,498,0.1,64267,357,0.7168674698795181,0.005554950441128417,78010,0.0007283919639223175,356,1624,3,957,356,359,357.76785714285717,True,offline_attainable_single_model_not_CI
paysim,1,P0,52,platt,642661,498,0.01,6427,82,0.1646586345381526,0.012758674342617083,47945,0.00423920339416227,82,973,2,519,82,84,83.06680369989722,True,offline_attainable_single_model_not_CI
paysim,1,P0,52,platt,642661,498,0.03,19280,197,0.39558232931726905,0.010217842323651452,49183,0.0028854424831332823,197,152,0,34,197,197,197.0,True,offline_attainable_single_model_not_CI
paysim,1,P0,52,platt,642661,498,0.05,32134,239,0.4799196787148594,0.0074376050289413085,57795,0.002641297260338581,237,715,2,463,237,239,238.29510489510488,True,offline_attainable_single_model_not_CI
paysim,1,P0,52,platt,642661,498,0.1,64267,357,0.7168674698795181,0.005554950441128417,78010,0.001959121096907376,356,1624,3,957,356,359,357.76785714285717,True,offline_attainable_single_model_not_CI
paysim,1,P0,62,raw,642661,498,0.01,6427,172,0.3453815261044177,0.026762097401587054,38855,0.006446109407268861,171,659,2,206,171,173,171.62518968133534,True,offline_attainable_single_model_not_CI
paysim,1,P0,62,raw,642661,498,0.03,19280,197,0.39558232931726905,0.010217842323651452,49183,0.0012735705774736485,195,2110,7,648,195,202,197.14976303317536,True,offline_attainable_single_model_not_CI
paysim,1,P0,62,raw,642661,498,0.05,32134,238,0.4779116465863454,0.0074064853426277465,57896,0.001122205200854172,237,320,2,35,237,239,237.21875,True,offline_attainable_single_model_not_CI
paysim,1,P0,62,raw,642661,498,0.1,64267,360,0.7228915662650602,0.0056016306969362195,77707,0.000334322888033027,360,1431,0,20,360,360,360.0,True,offline_attainable_single_model_not_CI
paysim,1,P0,62,clipped,642661,498,0.01,6427,172,0.3453815261044177,0.026762097401587054,38855,0.006446109407268861,171,659,2,206,171,173,171.62518968133534,True,offline_attainable_single_model_not_CI
paysim,1,P0,62,clipped,642661,498,0.03,19280,197,0.39558232931726905,0.010217842323651452,49183,0.0012735705774736485,195,2110,7,648,195,202,197.14976303317536,True,offline_attainable_single_model_not_CI
paysim,1,P0,62,clipped,642661,498,0.05,32134,238,0.4779116465863454,0.0074064853426277465,57896,0.001122205200854172,237,320,2,35,237,239,237.21875,True,offline_attainable_single_model_not_CI
paysim,1,P0,62,clipped,642661,498,0.1,64267,360,0.7228915662650602,0.0056016306969362195,77707,0.000334322888033027,360,1431,0,20,360,360,360.0,True,offline_attainable_single_model_not_CI
paysim,1,P0,62,platt,642661,498,0.01,6427,172,0.3453815261044177,0.026762097401587054,38855,0.008571265902391122,171,659,2,206,171,173,171.62518968133534,True,offline_attainable_single_model_not_CI
paysim,1,P0,62,platt,642661,498,0.03,19280,197,0.39558232931726905,0.010217842323651452,49183,0.003051190039609547,195,2110,7,648,195,202,197.14976303317536,True,offline_attainable_single_model_not_CI
paysim,1,P0,62,platt,642661,498,0.05,32134,238,0.4779116465863454,0.0074064853426277465,57896,0.0028148446141505784,237,320,2,35,237,239,237.21875,True,offline_attainable_single_model_not_CI
paysim,1,P0,62,platt,642661,498,0.1,64267,360,0.7228915662650602,0.0056016306969362195,77707,0.0013007746643438852,360,1431,0,20,360,360,360.0,True,offline_attainable_single_model_not_CI
paysim,1,P0,72,raw,642661,498,0.01,6427,84,0.1686746987951807,0.013069861521705306,47743,0.005138625387052693,84,1481,1,934,84,85,84.63065496286293,True,offline_attainable_single_model_not_CI
paysim,1,P0,72,raw,642661,498,0.03,19280,131,0.26305220883534136,0.006794605809128631,55849,0.002129956036633745,131,600,1,209,131,132,131.34833333333333,True,offline_attainable_single_model_not_CI
paysim,1,P0,72,raw,642661,498,0.05,32134,174,0.3493975903614458,0.005414825418559781,64360,0.0015842546403415033,174,423,0,13,174,174,174.0,True,offline_attainable_single_model_not_CI
paysim,1,P0,72,raw,642661,498,0.1,64267,346,0.6947791164658634,0.005383789503166477,79121,0.0009068012983716888,346,908,1,798,346,347,346.8788546255507,True,offline_attainable_single_model_not_CI
paysim,1,P0,72,clipped,642661,498,0.01,6427,84,0.1686746987951807,0.013069861521705306,47743,0.005138625387052693,84,1481,1,934,84,85,84.63065496286293,True,offline_attainable_single_model_not_CI
paysim,1,P0,72,clipped,642661,498,0.03,19280,131,0.26305220883534136,0.006794605809128631,55849,0.002129956036633745,131,600,1,209,131,132,131.34833333333333,True,offline_attainable_single_model_not_CI
paysim,1,P0,72,clipped,642661,498,0.05,32134,174,0.3493975903614458,0.005414825418559781,64360,0.0015842546403415033,174,423,0,13,174,174,174.0,True,offline_attainable_single_model_not_CI
paysim,1,P0,72,clipped,642661,498,0.1,64267,346,0.6947791164658634,0.005383789503166477,79121,0.0009068012983716888,346,908,1,798,346,347,346.8788546255507,True,offline_attainable_single_model_not_CI
paysim,1,P0,72,platt,642661,498,0.01,6427,84,0.1686746987951807,0.013069861521705306,47743,0.004107666967154497,84,1481,1,934,84,85,84.63065496286293,True,offline_attainable_single_model_not_CI
paysim,1,P0,72,platt,642661,498,0.03,19280,131,0.26305220883534136,0.006794605809128631,55849,0.0027948438287117346,131,600,1,209,131,132,131.34833333333333,True,offline_attainable_single_model_not_CI
paysim,1,P0,72,platt,642661,498,0.05,32134,174,0.3493975903614458,0.005414825418559781,64360,0.002455812639111681,174,423,0,13,174,174,174.0,True,offline_attainable_single_model_not_CI
paysim,1,P0,72,platt,642661,498,0.1,64267,346,0.6947791164658634,0.005383789503166477,79121,0.0019246297624506417,346,908,1,798,346,347,346.8788546255507,True,offline_attainable_single_model_not_CI
paysim,1,P0,82,raw,642661,498,0.01,6427,104,0.20883534136546184,0.016181733312587522,45723,0.004207104565170643,104,1397,0,1194,104,104,104.0,True,offline_attainable_single_model_not_CI
paysim,1,P0,82,raw,642661,498,0.03,19280,142,0.285140562248996,0.0073651452282157675,54738,0.002571003141685937,139,1875,5,777,139,144,141.072,True,offline_attainable_single_model_not_CI
paysim,1,P0,82,raw,642661,498,0.05,32134,201,0.4036144578313253,0.0062550569490259535,61633,0.0016296680525126888,198,321,3,321,201,201,201.0,False,offline_attainable_single_model_not_CI
paysim,1,P0,82,raw,642661,498,0.1,64267,370,0.7429718875502008,0.005757231549628892,76697,0.0006906731868186353,366,1509,6,822,366,372,369.26838966202786,True,offline_attainable_single_model_not_CI
paysim,1,P0,82,clipped,642661,498,0.01,6427,104,0.20883534136546184,0.016181733312587522,45723,0.004207104565170643,104,1397,0,1194,104,104,104.0,True,offline_attainable_single_model_not_CI
paysim,1,P0,82,clipped,642661,498,0.03,19280,142,0.285140562248996,0.0073651452282157675,54738,0.002571003141685937,139,1875,5,777,139,144,141.072,True,offline_attainable_single_model_not_CI
paysim,1,P0,82,clipped,642661,498,0.05,32134,201,0.4036144578313253,0.0062550569490259535,61633,0.0016296680525126888,198,321,3,321,201,201,201.0,False,offline_attainable_single_model_not_CI
paysim,1,P0,82,clipped,642661,498,0.1,64267,370,0.7429718875502008,0.005757231549628892,76697,0.0006906731868186353,366,1509,6,822,366,372,369.26838966202786,True,offline_attainable_single_model_not_CI
paysim,1,P0,82,platt,642661,498,0.01,6427,104,0.20883534136546184,0.016181733312587522,45723,0.004726007933421766,104,1397,0,1194,104,104,104.0,True,offline_attainable_single_model_not_CI
paysim,1,P0,82,platt,642661,498,0.03,19280,142,0.285140562248996,0.0073651452282157675,54738,0.003630503627226584,139,1875,5,777,139,144,141.072,True,offline_attainable_single_model_not_CI
paysim,1,P0,82,platt,642661,498,0.05,32134,201,0.4036144578313253,0.0062550569490259535,61633,0.0028443011840668113,198,321,3,321,201,201,201.0,False,offline_attainable_single_model_not_CI
paysim,1,P0,82,platt,642661,498,0.1,64267,370,0.7429718875502008,0.005757231549628892,76697,0.0017964171627318248,366,1509,6,822,366,372,369.26838966202786,True,offline_attainable_single_model_not_CI
paysim,1,PT,42,raw,642661,498,0.01,6427,222,0.4457831325301205,0.03454177687879259,33805,0.00570839187683434,222,85,0,69,222,222,222.0,True,offline_attainable_single_model_not_CI
paysim,1,PT,42,raw,642661,498,0.03,19280,277,0.5562248995983936,0.014367219917012447,41103,0.0027191845374557795,277,78,0,54,277,277,277.0,True,offline_attainable_single_model_not_CI
paysim,1,PT,42,raw,642661,498,0.05,32134,337,0.6767068273092369,0.01048733428767038,47897,0.0018588361604382935,337,41,0,14,337,337,337.0,True,offline_attainable_single_model_not_CI
paysim,1,PT,42,raw,642661,498,0.1,64267,398,0.7991967871485943,0.006192913937168375,73869,0.000773298788249304,398,107,0,78,398,398,398.0,True,offline_attainable_single_model_not_CI
paysim,1,PT,42,clipped,642661,498,0.01,6427,222,0.4457831325301205,0.03454177687879259,33805,0.00570839187683434,222,85,0,69,222,222,222.0,True,offline_attainable_single_model_not_CI
paysim,1,PT,42,clipped,642661,498,0.03,19280,277,0.5562248995983936,0.014367219917012447,41103,0.0027191845374557795,277,78,0,54,277,277,277.0,True,offline_attainable_single_model_not_CI
paysim,1,PT,42,clipped,642661,498,0.05,32134,337,0.6767068273092369,0.01048733428767038,47897,0.0018588361604382935,337,41,0,14,337,337,337.0,True,offline_attainable_single_model_not_CI
paysim,1,PT,42,clipped,642661,498,0.1,64267,398,0.7991967871485943,0.006192913937168375,73869,0.000773298788249304,398,107,0,78,398,398,398.0,True,offline_attainable_single_model_not_CI
paysim,1,PT,42,platt,642661,498,0.01,6427,222,0.4457831325301205,0.03454177687879259,33805,0.0020735374588135426,222,85,0,69,222,222,222.0,True,offline_attainable_single_model_not_CI
paysim,1,PT,42,platt,642661,498,0.03,19280,277,0.5562248995983936,0.014367219917012447,41103,0.001674369694413367,277,78,0,54,277,277,277.0,True,offline_attainable_single_model_not_CI
paysim,1,PT,42,platt,642661,498,0.05,32134,337,0.6767068273092369,0.01048733428767038,47897,0.0015006961559938616,337,41,0,14,337,337,337.0,True,offline_attainable_single_model_not_CI
paysim,1,PT,42,platt,642661,498,0.1,64267,398,0.7991967871485943,0.006192913937168375,73869,0.0011660617223607994,398,107,0,78,398,398,398.0,True,offline_attainable_single_model_not_CI
paysim,1,PT,52,raw,642661,498,0.01,6427,234,0.46987951807228917,0.03640889995332192,32593,0.006641709027446791,234,101,0,20,234,234,234.0,True,offline_attainable_single_model_not_CI
paysim,1,PT,52,raw,642661,498,0.03,19280,298,0.5983935742971888,0.01545643153526971,38982,0.0026061046294136654,298,88,0,48,298,298,298.0,True,offline_attainable_single_model_not_CI
paysim,1,PT,52,raw,642661,498,0.05,32134,329,0.6606425702811245,0.010238376797161884,48705,0.0014072757063154457,329,154,0,82,329,329,329.0,True,offline_attainable_single_model_not_CI
paysim,1,PT,52,raw,642661,498,0.1,64267,401,0.8052208835341366,0.006239594192976178,73566,0.0007596925974257443,401,672,0,434,401,401,401.0,True,offline_attainable_single_model_not_CI
paysim,1,PT,52,clipped,642661,498,0.01,6427,234,0.46987951807228917,0.03640889995332192,32593,0.006641709027446791,234,101,0,20,234,234,234.0,True,offline_attainable_single_model_not_CI
paysim,1,PT,52,clipped,642661,498,0.03,19280,298,0.5983935742971888,0.01545643153526971,38982,0.0026061046294136654,298,88,0,48,298,298,298.0,True,offline_attainable_single_model_not_CI
paysim,1,PT,52,clipped,642661,498,0.05,32134,329,0.6606425702811245,0.010238376797161884,48705,0.0014072757063154457,329,154,0,82,329,329,329.0,True,offline_attainable_single_model_not_CI
paysim,1,PT,52,clipped,642661,498,0.1,64267,401,0.8052208835341366,0.006239594192976178,73566,0.0007596925974257443,401,672,0,434,401,401,401.0,True,offline_attainable_single_model_not_CI
paysim,1,PT,52,platt,642661,498,0.01,6427,234,0.46987951807228917,0.03640889995332192,32593,0.0015408706351192603,234,101,0,20,234,234,234.0,True,offline_attainable_single_model_not_CI
paysim,1,PT,52,platt,642661,498,0.03,19280,298,0.5983935742971888,0.01545643153526971,38982,0.0012678243598036017,298,88,0,48,298,298,298.0,True,offline_attainable_single_model_not_CI
paysim,1,PT,52,platt,642661,498,0.05,32134,329,0.6606425702811245,0.010238376797161884,48705,0.0011152833528489023,329,154,0,82,329,329,329.0,True,offline_attainable_single_model_not_CI
paysim,1,PT,52,platt,642661,498,0.1,64267,401,0.8052208835341366,0.006239594192976178,73566,0.0009811299295628669,401,672,0,434,401,401,401.0,True,offline_attainable_single_model_not_CI
paysim,1,PT,62,raw,642661,498,0.01,6427,254,0.5100401606425703,0.03952077174420414,30573,0.0061404229615782515,254,61,0,54,254,254,254.0,True,offline_attainable_single_model_not_CI
paysim,1,PT,62,raw,642661,498,0.03,19280,308,0.6184738955823293,0.015975103734439833,37972,0.0026297777247326825,308,59,0,6,308,308,308.0,True,offline_attainable_single_model_not_CI
paysim,1,PT,62,raw,642661,498,0.05,32134,343,0.6887550200803213,0.010674052405551752,47291,0.002051444222077935,343,152,0,78,343,343,343.0,True,offline_attainable_single_model_not_CI
paysim,1,PT,62,raw,642661,498,0.1,64267,407,0.8172690763052208,0.006332954704591781,72960,0.0008676540373000834,407,73,1,36,407,408,407.4931506849315,True,offline_attainable_single_model_not_CI
paysim,1,PT,62,clipped,642661,498,0.01,6427,254,0.5100401606425703,0.03952077174420414,30573,0.0061404229615782515,254,61,0,54,254,254,254.0,True,offline_attainable_single_model_not_CI
paysim,1,PT,62,clipped,642661,498,0.03,19280,308,0.6184738955823293,0.015975103734439833,37972,0.0026297777247326825,308,59,0,6,308,308,308.0,True,offline_attainable_single_model_not_CI
paysim,1,PT,62,clipped,642661,498,0.05,32134,343,0.6887550200803213,0.010674052405551752,47291,0.002051444222077935,343,152,0,78,343,343,343.0,True,offline_attainable_single_model_not_CI
paysim,1,PT,62,clipped,642661,498,0.1,64267,407,0.8172690763052208,0.006332954704591781,72960,0.0008676540373000834,407,73,1,36,407,408,407.4931506849315,True,offline_attainable_single_model_not_CI
paysim,1,PT,62,platt,642661,498,0.01,6427,254,0.5100401606425703,0.03952077174420414,30573,0.004929685167103644,254,61,0,54,254,254,254.0,True,offline_attainable_single_model_not_CI
paysim,1,PT,62,platt,642661,498,0.03,19280,308,0.6184738955823293,0.015975103734439833,37972,0.0026972597280153776,308,59,0,6,308,308,308.0,True,offline_attainable_single_model_not_CI
paysim,1,PT,62,platt,642661,498,0.05,32134,343,0.6887550200803213,0.010674052405551752,47291,0.0022608148999628238,343,152,0,78,343,343,343.0,True,offline_attainable_single_model_not_CI
paysim,1,PT,62,platt,642661,498,0.1,64267,407,0.8172690763052208,0.006332954704591781,72960,0.0012266066596372316,407,73,1,36,407,408,407.4931506849315,True,offline_attainable_single_model_not_CI
paysim,1,PT,72,raw,642661,498,0.01,6427,258,0.5180722891566265,0.04014314610238058,30169,0.006036677688976414,258,10,0,5,258,258,258.0,True,offline_attainable_single_model_not_CI
paysim,1,PT,72,raw,642661,498,0.03,19280,308,0.6184738955823293,0.015975103734439833,37972,0.002475214227228989,308,57,0,26,308,308,308.0,True,offline_attainable_single_model_not_CI
paysim,1,PT,72,raw,642661,498,0.05,32134,343,0.6887550200803213,0.010674052405551752,47291,0.0017152515350540405,343,23,0,18,343,343,343.0,True,offline_attainable_single_model_not_CI
paysim,1,PT,72,raw,642661,498,0.1,64267,390,0.7831325301204819,0.006068433255014238,74677,0.0010896179961989493,390,21,0,2,390,390,390.0,True,offline_attainable_single_model_not_CI
paysim,1,PT,72,clipped,642661,498,0.01,6427,258,0.5180722891566265,0.04014314610238058,30169,0.006036677688976414,258,10,0,5,258,258,258.0,True,offline_attainable_single_model_not_CI
paysim,1,PT,72,clipped,642661,498,0.03,19280,308,0.6184738955823293,0.015975103734439833,37972,0.002475214227228989,308,57,0,26,308,308,308.0,True,offline_attainable_single_model_not_CI
paysim,1,PT,72,clipped,642661,498,0.05,32134,343,0.6887550200803213,0.010674052405551752,47291,0.0017152515350540405,343,23,0,18,343,343,343.0,True,offline_attainable_single_model_not_CI
paysim,1,PT,72,clipped,642661,498,0.1,64267,390,0.7831325301204819,0.006068433255014238,74677,0.0010896179961989493,390,21,0,2,390,390,390.0,True,offline_attainable_single_model_not_CI
paysim,1,PT,72,platt,642661,498,0.01,6427,258,0.5180722891566265,0.04014314610238058,30169,0.00406249373343405,258,10,0,5,258,258,258.0,True,offline_attainable_single_model_not_CI
paysim,1,PT,72,platt,642661,498,0.03,19280,308,0.6184738955823293,0.015975103734439833,37972,0.0024978033276871624,308,57,0,26,308,308,308.0,True,offline_attainable_single_model_not_CI
paysim,1,PT,72,platt,642661,498,0.05,32134,343,0.6887550200803213,0.010674052405551752,47291,0.0020452321295924007,343,23,0,18,343,343,343.0,True,offline_attainable_single_model_not_CI
paysim,1,PT,72,platt,642661,498,0.1,64267,390,0.7831325301204819,0.006068433255014238,74677,0.0015972311634256714,390,21,0,2,390,390,390.0,True,offline_attainable_single_model_not_CI
paysim,1,PT,82,raw,642661,498,0.01,6427,220,0.44176706827309237,0.03423058969970437,34007,0.00648085695701655,220,240,0,109,220,220,220.0,True,offline_attainable_single_model_not_CI
paysim,1,PT,82,raw,642661,498,0.03,19280,290,0.5823293172690763,0.01504149377593361,39790,0.0027874642800551916,290,104,0,42,290,290,290.0,True,offline_attainable_single_model_not_CI
paysim,1,PT,82,raw,642661,498,0.05,32134,337,0.6767068273092369,0.01048733428767038,47897,0.0014856718313987496,337,90,0,48,337,337,337.0,True,offline_attainable_single_model_not_CI
paysim,1,PT,82,raw,642661,498,0.1,64267,395,0.7931726907630522,0.006146233681360574,74172,0.0006392456318929878,395,347,0,23,395,395,395.0,True,offline_attainable_single_model_not_CI
paysim,1,PT,82,clipped,642661,498,0.01,6427,220,0.44176706827309237,0.03423058969970437,34007,0.00648085695701655,220,240,0,109,220,220,220.0,True,offline_attainable_single_model_not_CI
paysim,1,PT,82,clipped,642661,498,0.03,19280,290,0.5823293172690763,0.01504149377593361,39790,0.0027874642800551916,290,104,0,42,290,290,290.0,True,offline_attainable_single_model_not_CI
paysim,1,PT,82,clipped,642661,498,0.05,32134,337,0.6767068273092369,0.01048733428767038,47897,0.0014856718313987496,337,90,0,48,337,337,337.0,True,offline_attainable_single_model_not_CI
paysim,1,PT,82,clipped,642661,498,0.1,64267,395,0.7931726907630522,0.006146233681360574,74172,0.0006392456318929878,395,347,0,23,395,395,395.0,True,offline_attainable_single_model_not_CI
paysim,1,PT,82,platt,642661,498,0.01,6427,220,0.44176706827309237,0.03423058969970437,34007,0.0037307041900080606,220,240,0,109,220,220,220.0,True,offline_attainable_single_model_not_CI
paysim,1,PT,82,platt,642661,498,0.03,19280,290,0.5823293172690763,0.01504149377593361,39790,0.0025093605987366887,290,104,0,42,290,290,290.0,True,offline_attainable_single_model_not_CI
paysim,1,PT,82,platt,642661,498,0.05,32134,337,0.6767068273092369,0.01048733428767038,47897,0.0018676372702950352,337,90,0,48,337,337,337.0,True,offline_attainable_single_model_not_CI
paysim,1,PT,82,platt,642661,498,0.1,64267,395,0.7931726907630522,0.006146233681360574,74172,0.0012573631834274734,395,347,0,23,395,395,395.0,True,offline_attainable_single_model_not_CI
paysim,1,PH,42,raw,642661,498,0.01,6427,314,0.6305220883534136,0.04885638711685079,24513,0.010744489250665486,262,2431,61,2028,262,323,312.88770053475935,True,offline_attainable_single_model_not_CI
paysim,1,PH,42,raw,642661,498,0.03,19280,356,0.714859437751004,0.018464730290456432,33124,0.000503401222467754,349,25811,24,2095,349,373,350.9480066638255,True,offline_attainable_single_model_not_CI
paysim,1,PH,42,raw,642661,498,0.05,32134,359,0.7208835341365462,0.011171967386568744,45675,0.000503401222467754,349,25811,24,14949,349,373,362.9001201038317,True,offline_attainable_single_model_not_CI
paysim,1,PH,42,raw,642661,498,0.1,64267,398,0.7991967871485943,0.006192913937168375,73869,0.0002711611161582953,390,8703,9,6853,390,399,397.0868665977249,True,offline_attainable_single_model_not_CI
paysim,1,PH,42,clipped,642661,498,0.01,6427,314,0.6305220883534136,0.04885638711685079,24513,0.010744489250665486,262,2431,61,2028,262,323,312.88770053475935,True,offline_attainable_single_model_not_CI
paysim,1,PH,42,clipped,642661,498,0.03,19280,356,0.714859437751004,0.018464730290456432,33124,0.000503401222467754,349,25811,24,2095,349,373,350.9480066638255,True,offline_attainable_single_model_not_CI
paysim,1,PH,42,clipped,642661,498,0.05,32134,359,0.7208835341365462,0.011171967386568744,45675,0.000503401222467754,349,25811,24,14949,349,373,362.9001201038317,True,offline_attainable_single_model_not_CI
paysim,1,PH,42,clipped,642661,498,0.1,64267,398,0.7991967871485943,0.006192913937168375,73869,0.0002711611161582953,390,8703,9,6853,390,399,397.0868665977249,True,offline_attainable_single_model_not_CI
paysim,1,PH,42,platt,642661,498,0.01,6427,314,0.6305220883534136,0.04885638711685079,24513,0.010215900771716246,262,2431,61,2028,262,323,312.88770053475935,True,offline_attainable_single_model_not_CI
paysim,1,PH,42,platt,642661,498,0.03,19280,356,0.714859437751004,0.018464730290456432,33124,0.0019255567076632916,349,25811,24,2095,349,373,350.9480066638255,True,offline_attainable_single_model_not_CI
paysim,1,PH,42,platt,642661,498,0.05,32134,359,0.7208835341365462,0.011171967386568744,45675,0.0019255567076632916,349,25811,24,14949,349,373,362.9001201038317,True,offline_attainable_single_model_not_CI
paysim,1,PH,42,platt,642661,498,0.1,64267,398,0.7991967871485943,0.006192913937168375,73869,0.0013740870144505197,390,8703,9,6853,390,399,397.0868665977249,True,offline_attainable_single_model_not_CI
paysim,1,PH,52,raw,642661,498,0.01,6427,269,0.5401606425702812,0.0418546755873658,29058,0.003544282945132508,241,1127,32,1037,241,273,270.44454303460515,True,offline_attainable_single_model_not_CI
paysim,1,PH,52,raw,642661,498,0.03,19280,300,0.6024096385542169,0.015560165975103735,38780,0.0008795483297111362,294,22896,23,4062,294,317,298.0804507337526,True,offline_attainable_single_model_not_CI
paysim,1,PH,52,raw,642661,498,0.05,32134,313,0.6285140562248996,0.009740461816144894,50321,0.0008795483297111362,294,22896,23,16916,294,317,310.9928371767994,True,offline_attainable_single_model_not_CI
paysim,1,PH,52,raw,642661,498,0.1,64267,346,0.6947791164658634,0.005383789503166477,79121,0.00046270578519501187,343,22425,11,10303,343,354,348.0538684503902,True,offline_attainable_single_model_not_CI
paysim,1,PH,52,clipped,642661,498,0.01,6427,269,0.5401606425702812,0.0418546755873658,29058,0.003544282945132508,241,1127,32,1037,241,273,270.44454303460515,True,offline_attainable_single_model_not_CI
paysim,1,PH,52,clipped,642661,498,0.03,19280,300,0.6024096385542169,0.015560165975103735,38780,0.0008795483297111362,294,22896,23,4062,294,317,298.0804507337526,True,offline_attainable_single_model_not_CI
paysim,1,PH,52,clipped,642661,498,0.05,32134,313,0.6285140562248996,0.009740461816144894,50321,0.0008795483297111362,294,22896,23,16916,294,317,310.9928371767994,True,offline_attainable_single_model_not_CI
paysim,1,PH,52,clipped,642661,498,0.1,64267,346,0.6947791164658634,0.005383789503166477,79121,0.00046270578519501187,343,22425,11,10303,343,354,348.0538684503902,True,offline_attainable_single_model_not_CI
paysim,1,PH,52,platt,642661,498,0.01,6427,269,0.5401606425702812,0.0418546755873658,29058,0.0021973100188890722,241,1127,32,1037,241,273,270.44454303460515,True,offline_attainable_single_model_not_CI
paysim,1,PH,52,platt,642661,498,0.03,19280,300,0.6024096385542169,0.015560165975103735,38780,0.001434788036957609,294,22896,23,4062,294,317,298.0804507337526,True,offline_attainable_single_model_not_CI
paysim,1,PH,52,platt,642661,498,0.05,32134,313,0.6285140562248996,0.009740461816144894,50321,0.001434788036957609,294,22896,23,16916,294,317,310.9928371767994,True,offline_attainable_single_model_not_CI
paysim,1,PH,52,platt,642661,498,0.1,64267,346,0.6947791164658634,0.005383789503166477,79121,0.0011790819879424785,343,22425,11,10303,343,354,348.0538684503902,True,offline_attainable_single_model_not_CI
paysim,1,PH,62,raw,642661,498,0.01,6427,254,0.5100401606425703,0.03952077174420414,30573,0.008540407777208586,251,131,5,81,251,256,254.0916030534351,True,offline_attainable_single_model_not_CI
paysim,1,PH,62,raw,642661,498,0.03,19280,279,0.5602409638554217,0.014470954356846474,40901,0.0004603463133939692,274,18878,17,8018,274,291,281.22036232651766,True,offline_attainable_single_model_not_CI
paysim,1,PH,62,raw,642661,498,0.05,32134,293,0.5883534136546185,0.009118068089873654,52341,0.0004217401617039743,292,1271,1,819,292,293,292.6443745082612,True,offline_attainable_single_model_not_CI
paysim,1,PH,62,raw,642661,498,0.1,64267,332,0.6666666666666666,0.005165948309396736,80535,0.00022424384057890084,328,22169,15,5647,328,343,331.82087599801525,True,offline_attainable_single_model_not_CI
paysim,1,PH,62,clipped,642661,498,0.01,6427,254,0.5100401606425703,0.03952077174420414,30573,0.008540407777208586,251,131,5,81,251,256,254.0916030534351,True,offline_attainable_single_model_not_CI
paysim,1,PH,62,clipped,642661,498,0.03,19280,279,0.5602409638554217,0.014470954356846474,40901,0.0004603463133939692,274,18878,17,8018,274,291,281.22036232651766,True,offline_attainable_single_model_not_CI
paysim,1,PH,62,clipped,642661,498,0.05,32134,293,0.5883534136546185,0.009118068089873654,52341,0.0004217401617039743,292,1271,1,819,292,293,292.6443745082612,True,offline_attainable_single_model_not_CI
paysim,1,PH,62,clipped,642661,498,0.1,64267,332,0.6666666666666666,0.005165948309396736,80535,0.00022424384057890084,328,22169,15,5647,328,343,331.82087599801525,True,offline_attainable_single_model_not_CI
paysim,1,PH,62,platt,642661,498,0.01,6427,254,0.5100401606425703,0.03952077174420414,30573,0.004505224619751838,251,131,5,81,251,256,254.0916030534351,True,offline_attainable_single_model_not_CI
paysim,1,PH,62,platt,642661,498,0.03,19280,279,0.5602409638554217,0.014470954356846474,40901,0.0015401373980752783,274,18878,17,8018,274,291,281.22036232651766,True,offline_attainable_single_model_not_CI
paysim,1,PH,62,platt,642661,498,0.05,32134,293,0.5883534136546185,0.009118068089873654,52341,0.0014914007491181227,292,1271,1,819,292,293,292.6443745082612,True,offline_attainable_single_model_not_CI
paysim,1,PH,62,platt,642661,498,0.1,64267,332,0.6666666666666666,0.005165948309396736,80535,0.0011827116309581223,328,22169,15,5647,328,343,331.82087599801525,True,offline_attainable_single_model_not_CI
paysim,1,PH,72,raw,642661,498,0.01,6427,281,0.5642570281124498,0.04372179866189513,27846,0.009314576993718793,263,1798,42,1120,263,305,289.1624026696329,True,offline_attainable_single_model_not_CI
paysim,1,PH,72,raw,642661,498,0.03,19280,350,0.7028112449799196,0.01815352697095436,33730,0.0006106087634592518,347,3933,3,3288,347,350,349.5080091533181,True,offline_attainable_single_model_not_CI
paysim,1,PH,72,raw,642661,498,0.05,32134,365,0.7329317269076305,0.011358685504450116,45069,0.0004659362580943357,359,26583,25,1392,359,384,360.3091073242298,True,offline_attainable_single_model_not_CI
paysim,1,PH,72,raw,642661,498,0.1,64267,389,0.7811244979919679,0.00605287316974497,74778,0.0004126857886147991,388,15670,8,2348,388,396,389.19872367581365,True,offline_attainable_single_model_not_CI
paysim,1,PH,72,clipped,642661,498,0.01,6427,281,0.5642570281124498,0.04372179866189513,27846,0.009314576993718793,263,1798,42,1120,263,305,289.1624026696329,True,offline_attainable_single_model_not_CI
paysim,1,PH,72,clipped,642661,498,0.03,19280,350,0.7028112449799196,0.01815352697095436,33730,0.0006106087634592518,347,3933,3,3288,347,350,349.5080091533181,True,offline_attainable_single_model_not_CI
paysim,1,PH,72,clipped,642661,498,0.05,32134,365,0.7329317269076305,0.011358685504450116,45069,0.0004659362580943357,359,26583,25,1392,359,384,360.3091073242298,True,offline_attainable_single_model_not_CI
paysim,1,PH,72,clipped,642661,498,0.1,64267,389,0.7811244979919679,0.00605287316974497,74778,0.0004126857886147991,388,15670,8,2348,388,396,389.19872367581365,True,offline_attainable_single_model_not_CI
paysim,1,PH,72,platt,642661,498,0.01,6427,281,0.5642570281124498,0.04372179866189513,27846,0.0038552391449920304,263,1798,42,1120,263,305,289.1624026696329,True,offline_attainable_single_model_not_CI
paysim,1,PH,72,platt,642661,498,0.03,19280,350,0.7028112449799196,0.01815352697095436,33730,0.0015776281903811652,347,3933,3,3288,347,350,349.5080091533181,True,offline_attainable_single_model_not_CI
paysim,1,PH,72,platt,642661,498,0.05,32134,365,0.7329317269076305,0.011358685504450116,45069,0.0014439724158675916,359,26583,25,1392,359,384,360.3091073242298,True,offline_attainable_single_model_not_CI
paysim,1,PH,72,platt,642661,498,0.1,64267,389,0.7811244979919679,0.00605287316974497,74778,0.0013877268432446464,388,15670,8,2348,388,396,389.19872367581365,True,offline_attainable_single_model_not_CI
paysim,1,PH,82,raw,642661,498,0.01,6427,259,0.5200803212851406,0.04029873969192469,30068,0.007432690051762642,245,311,67,19,245,264,249.09324758842445,True,offline_attainable_single_model_not_CI
paysim,1,PH,82,raw,642661,498,0.03,19280,334,0.6706827309236948,0.01732365145228216,35346,0.0005768431621556437,327,21536,20,6466,327,347,333.00482912332836,True,offline_attainable_single_model_not_CI
paysim,1,PH,82,raw,642661,498,0.05,32134,346,0.6947791164658634,0.010767411464492439,46988,0.0005768431621556437,327,21536,20,19320,327,347,344.9420505200594,True,offline_attainable_single_model_not_CI
paysim,1,PH,82,raw,642661,498,0.1,64267,376,0.7550200803212851,0.0058505920612444955,76091,0.0002623499451747035,370,6097,7,5198,370,377,375.96785304247993,True,offline_attainable_single_model_not_CI
paysim,1,PH,82,clipped,642661,498,0.01,6427,259,0.5200803212851406,0.04029873969192469,30068,0.007432690051762642,245,311,67,19,245,264,249.09324758842445,True,offline_attainable_single_model_not_CI
paysim,1,PH,82,clipped,642661,498,0.03,19280,334,0.6706827309236948,0.01732365145228216,35346,0.0005768431621556437,327,21536,20,6466,327,347,333.00482912332836,True,offline_attainable_single_model_not_CI
paysim,1,PH,82,clipped,642661,498,0.05,32134,346,0.6947791164658634,0.010767411464492439,46988,0.0005768431621556437,327,21536,20,19320,327,347,344.9420505200594,True,offline_attainable_single_model_not_CI
paysim,1,PH,82,clipped,642661,498,0.1,64267,376,0.7550200803212851,0.0058505920612444955,76091,0.0002623499451747035,370,6097,7,5198,370,377,375.96785304247993,True,offline_attainable_single_model_not_CI
paysim,1,PH,82,platt,642661,498,0.01,6427,259,0.5200803212851406,0.04029873969192469,30068,0.00446381331303551,245,311,67,19,245,264,249.09324758842445,True,offline_attainable_single_model_not_CI
paysim,1,PH,82,platt,642661,498,0.03,19280,334,0.6706827309236948,0.01732365145228216,35346,0.0017340271788605314,327,21536,20,6466,327,347,333.00482912332836,True,offline_attainable_single_model_not_CI
paysim,1,PH,82,platt,642661,498,0.05,32134,346,0.6947791164658634,0.010767411464492439,46988,0.0017340271788605314,327,21536,20,19320,327,347,344.9420505200594,True,offline_attainable_single_model_not_CI
paysim,1,PH,82,platt,642661,498,0.1,64267,376,0.7550200803212851,0.0058505920612444955,76091,0.0012959561247276384,370,6097,7,5198,370,377,375.96785304247993,True,offline_attainable_single_model_not_CI
paysim,1,PTH,42,raw,642661,498,0.01,6427,318,0.6385542168674698,0.04947876147502723,24109,0.010788206584013551,308,896,14,576,308,322,317.0,True,offline_attainable_single_model_not_CI
paysim,1,PTH,42,raw,642661,498,0.03,19280,373,0.748995983935743,0.019346473029045644,31407,0.0002925840701864808,371,23609,12,3356,371,383,372.7057901647677,True,offline_attainable_single_model_not_CI
paysim,1,PTH,42,raw,642661,498,0.05,32134,379,0.7610441767068273,0.011794361112839982,43655,0.0002925840701864808,371,23609,12,16210,371,383,379.2392308018129,True,offline_attainable_single_model_not_CI
paysim,1,PTH,42,raw,642661,498,0.1,64267,402,0.8072289156626506,0.006255154278245445,73465,0.0001513128290710394,397,40287,14,6492,397,411,399.2560131059647,True,offline_attainable_single_model_not_CI
paysim,1,PTH,42,clipped,642661,498,0.01,6427,318,0.6385542168674698,0.04947876147502723,24109,0.010788206584013551,308,896,14,576,308,322,317.0,True,offline_attainable_single_model_not_CI
paysim,1,PTH,42,clipped,642661,498,0.03,19280,373,0.748995983935743,0.019346473029045644,31407,0.0002925840701864808,371,23609,12,3356,371,383,372.7057901647677,True,offline_attainable_single_model_not_CI
paysim,1,PTH,42,clipped,642661,498,0.05,32134,379,0.7610441767068273,0.011794361112839982,43655,0.0002925840701864808,371,23609,12,16210,371,383,379.2392308018129,True,offline_attainable_single_model_not_CI
paysim,1,PTH,42,clipped,642661,498,0.1,64267,402,0.8072289156626506,0.006255154278245445,73465,0.0001513128290710394,397,40287,14,6492,397,411,399.2560131059647,True,offline_attainable_single_model_not_CI
paysim,1,PTH,42,platt,642661,498,0.01,6427,318,0.6385542168674698,0.04947876147502723,24109,0.0021389942066989227,308,896,14,576,308,322,317.0,True,offline_attainable_single_model_not_CI
paysim,1,PTH,42,platt,642661,498,0.03,19280,373,0.748995983935743,0.019346473029045644,31407,0.0008666648165470452,371,23609,12,3356,371,383,372.7057901647677,True,offline_attainable_single_model_not_CI
paysim,1,PTH,42,platt,642661,498,0.05,32134,379,0.7610441767068273,0.011794361112839982,43655,0.0008666648165470452,371,23609,12,16210,371,383,379.2392308018129,True,offline_attainable_single_model_not_CI
paysim,1,PTH,42,platt,642661,498,0.1,64267,402,0.8072289156626506,0.006255154278245445,73465,0.000734992118634592,397,40287,14,6492,397,411,399.2560131059647,True,offline_attainable_single_model_not_CI
paysim,1,PTH,52,raw,642661,498,0.01,6427,323,0.6485943775100401,0.05025672942274778,23604,0.005898550101700049,319,256,5,127,319,324,321.48046875,True,offline_attainable_single_model_not_CI
paysim,1,PTH,52,raw,642661,498,0.03,19280,351,0.7048192771084337,0.01820539419087137,33629,0.0005389181996919173,347,8396,4,8391,347,351,350.99761791329206,True,offline_attainable_single_model_not_CI
paysim,1,PTH,52,raw,642661,498,0.05,32134,357,0.7168674698795181,0.01110972801394162,45877,0.0005046843828967013,351,18596,10,12378,351,361,357.656270165627,True,offline_attainable_single_model_not_CI
paysim,1,PTH,52,raw,642661,498,0.1,64267,393,0.7891566265060241,0.006115113510822039,74374,0.0003026432823024191,387,56364,20,12172,387,407,391.31906890923284,True,offline_attainable_single_model_not_CI
paysim,1,PTH,52,clipped,642661,498,0.01,6427,323,0.6485943775100401,0.05025672942274778,23604,0.005898550101700049,319,256,5,127,319,324,321.48046875,True,offline_attainable_single_model_not_CI
paysim,1,PTH,52,clipped,642661,498,0.03,19280,351,0.7048192771084337,0.01820539419087137,33629,0.0005389181996919173,347,8396,4,8391,347,351,350.99761791329206,True,offline_attainable_single_model_not_CI
paysim,1,PTH,52,clipped,642661,498,0.05,32134,357,0.7168674698795181,0.01110972801394162,45877,0.0005046843828967013,351,18596,10,12378,351,361,357.656270165627,True,offline_attainable_single_model_not_CI
paysim,1,PTH,52,clipped,642661,498,0.1,64267,393,0.7891566265060241,0.006115113510822039,74374,0.0003026432823024191,387,56364,20,12172,387,407,391.31906890923284,True,offline_attainable_single_model_not_CI
paysim,1,PTH,52,platt,642661,498,0.01,6427,323,0.6485943775100401,0.05025672942274778,23604,0.0024365764039073743,319,256,5,127,319,324,321.48046875,True,offline_attainable_single_model_not_CI
paysim,1,PTH,52,platt,642661,498,0.03,19280,351,0.7048192771084337,0.01820539419087137,33629,0.0010656640405167495,347,8396,4,8391,347,351,350.99761791329206,True,offline_attainable_single_model_not_CI
paysim,1,PTH,52,platt,642661,498,0.05,32134,357,0.7168674698795181,0.01110972801394162,45877,0.0010417909072828854,351,18596,10,12378,351,361,357.656270165627,True,offline_attainable_single_model_not_CI
paysim,1,PTH,52,platt,642661,498,0.1,64267,393,0.7891566265060241,0.006115113510822039,74374,0.0008731997277725429,387,56364,20,12172,387,407,391.31906890923284,True,offline_attainable_single_model_not_CI
paysim,1,PTH,62,raw,642661,498,0.01,6427,319,0.6405622489959839,0.04963435506457134,24008,0.00850704142050833,318,22,1,15,318,319,318.6818181818182,True,offline_attainable_single_model_not_CI
paysim,1,PTH,62,raw,642661,498,0.03,19280,373,0.748995983935743,0.019346473029045644,31407,0.00058954272087522,373,434,0,429,373,373,373.0,True,offline_attainable_single_model_not_CI
paysim,1,PTH,62,raw,642661,498,0.05,32134,377,0.7570281124497992,0.011732121740212858,43857,0.0005708415802653146,377,12077,7,1138,377,384,377.6596008942618,True,offline_attainable_single_model_not_CI
paysim,1,PTH,62,raw,642661,498,0.1,64267,401,0.8052208835341366,0.006239594192976178,73566,0.00019981151682436362,401,1508,3,221,401,404,401.4396551724138,True,offline_attainable_single_model_not_CI
paysim,1,PTH,62,clipped,642661,498,0.01,6427,319,0.6405622489959839,0.04963435506457134,24008,0.00850704142050833,318,22,1,15,318,319,318.6818181818182,True,offline_attainable_single_model_not_CI
paysim,1,PTH,62,clipped,642661,498,0.03,19280,373,0.748995983935743,0.019346473029045644,31407,0.00058954272087522,373,434,0,429,373,373,373.0,True,offline_attainable_single_model_not_CI
paysim,1,PTH,62,clipped,642661,498,0.05,32134,377,0.7570281124497992,0.011732121740212858,43857,0.0005708415802653146,377,12077,7,1138,377,384,377.6596008942618,True,offline_attainable_single_model_not_CI
paysim,1,PTH,62,clipped,642661,498,0.1,64267,401,0.8052208835341366,0.006239594192976178,73566,0.00019981151682436362,401,1508,3,221,401,404,401.4396551724138,True,offline_attainable_single_model_not_CI
paysim,1,PTH,62,platt,642661,498,0.01,6427,319,0.6405622489959839,0.04963435506457134,24008,0.003304554415068467,318,22,1,15,318,319,318.6818181818182,True,offline_attainable_single_model_not_CI
paysim,1,PTH,62,platt,642661,498,0.03,19280,373,0.748995983935743,0.019346473029045644,31407,0.0012627552118004055,373,434,0,429,373,373,373.0,True,offline_attainable_single_model_not_CI
paysim,1,PTH,62,platt,642661,498,0.05,32134,377,0.7570281124497992,0.011732121740212858,43857,0.0012481921183841078,377,12077,7,1138,377,384,377.6596008942618,True,offline_attainable_single_model_not_CI
paysim,1,PTH,62,platt,642661,498,0.1,64267,401,0.8052208835341366,0.006239594192976178,73566,0.0008555216750926987,401,1508,3,221,401,404,401.4396551724138,True,offline_attainable_single_model_not_CI
paysim,1,PTH,72,raw,642661,498,0.01,6427,302,0.606425702811245,0.046989264042321455,25725,0.007642536325813974,301,829,15,187,301,316,304.3835946924005,True,offline_attainable_single_model_not_CI
paysim,1,PTH,72,raw,642661,498,0.03,19280,347,0.6967871485943775,0.017997925311203318,34033,0.00041396733056799095,346,23666,12,1263,346,358,346.6404124059833,True,offline_attainable_single_model_not_CI
paysim,1,PTH,72,raw,642661,498,0.05,32134,351,0.7048192771084337,0.010923009896060248,46483,0.00041396733056799095,346,23666,12,14117,346,358,353.15811713006,True,offline_attainable_single_model_not_CI
paysim,1,PTH,72,raw,642661,498,0.1,64267,380,0.7630522088353414,0.005912832402321565,75687,0.0002931232056676191,380,193,0,59,380,380,380.0,True,offline_attainable_single_model_not_CI
paysim,1,PTH,72,clipped,642661,498,0.01,6427,302,0.606425702811245,0.046989264042321455,25725,0.007642536325813974,301,829,15,187,301,316,304.3835946924005,True,offline_attainable_single_model_not_CI
paysim,1,PTH,72,clipped,642661,498,0.03,19280,347,0.6967871485943775,0.017997925311203318,34033,0.00041396733056799095,346,23666,12,1263,346,358,346.6404124059833,True,offline_attainable_single_model_not_CI
paysim,1,PTH,72,clipped,642661,498,0.05,32134,351,0.7048192771084337,0.010923009896060248,46483,0.00041396733056799095,346,23666,12,14117,346,358,353.15811713006,True,offline_attainable_single_model_not_CI
paysim,1,PTH,72,clipped,642661,498,0.1,64267,380,0.7630522088353414,0.005912832402321565,75687,0.0002931232056676191,380,193,0,59,380,380,380.0,True,offline_attainable_single_model_not_CI
paysim,1,PTH,72,platt,642661,498,0.01,6427,302,0.606425702811245,0.046989264042321455,25725,0.002741361747765574,301,829,15,187,301,316,304.3835946924005,True,offline_attainable_single_model_not_CI
paysim,1,PTH,72,platt,642661,498,0.03,19280,347,0.6967871485943775,0.017997925311203318,34033,0.0010504358429787647,346,23666,12,1263,346,358,346.6404124059833,True,offline_attainable_single_model_not_CI
paysim,1,PTH,72,platt,642661,498,0.05,32134,351,0.7048192771084337,0.010923009896060248,46483,0.0010504358429787647,346,23666,12,14117,346,358,353.15811713006,True,offline_attainable_single_model_not_CI
paysim,1,PTH,72,platt,642661,498,0.1,64267,380,0.7630522088353414,0.005912832402321565,75687,0.000937810861208621,380,193,0,59,380,380,380.0,True,offline_attainable_single_model_not_CI
paysim,1,PTH,82,raw,642661,498,0.01,6427,334,0.6706827309236948,0.051968258907733,22493,0.004962804209132883,331,216,7,145,331,338,335.6990740740741,True,offline_attainable_single_model_not_CI
paysim,1,PTH,82,raw,642661,498,0.03,19280,379,0.7610441767068273,0.019657676348547717,30801,0.00046323052107905986,378,18510,7,5046,378,385,379.90826580226906,True,offline_attainable_single_model_not_CI
paysim,1,PTH,82,raw,642661,498,0.05,32134,385,0.7730923694779116,0.011981079230721354,43049,0.00046323052107905986,378,18510,7,17900,378,385,384.7693138843868,True,offline_attainable_single_model_not_CI
paysim,1,PTH,82,raw,642661,498,0.1,64267,418,0.8393574297188755,0.006504115642553722,71849,0.00022157953700074117,414,29782,8,12380,414,422,417.3254986233295,True,offline_attainable_single_model_not_CI
paysim,1,PTH,82,clipped,642661,498,0.01,6427,334,0.6706827309236948,0.051968258907733,22493,0.004962804209132883,331,216,7,145,331,338,335.6990740740741,True,offline_attainable_single_model_not_CI
paysim,1,PTH,82,clipped,642661,498,0.03,19280,379,0.7610441767068273,0.019657676348547717,30801,0.00046323052107905986,378,18510,7,5046,378,385,379.90826580226906,True,offline_attainable_single_model_not_CI
paysim,1,PTH,82,clipped,642661,498,0.05,32134,385,0.7730923694779116,0.011981079230721354,43049,0.00046323052107905986,378,18510,7,17900,378,385,384.7693138843868,True,offline_attainable_single_model_not_CI
paysim,1,PTH,82,clipped,642661,498,0.1,64267,418,0.8393574297188755,0.006504115642553722,71849,0.00022157953700074117,414,29782,8,12380,414,422,417.3254986233295,True,offline_attainable_single_model_not_CI
paysim,1,PTH,82,platt,642661,498,0.01,6427,334,0.6706827309236948,0.051968258907733,22493,0.002575677295388318,331,216,7,145,331,338,335.6990740740741,True,offline_attainable_single_model_not_CI
paysim,1,PTH,82,platt,642661,498,0.03,19280,379,0.7610441767068273,0.019657676348547717,30801,0.0011559530994854725,378,18510,7,5046,378,385,379.90826580226906,True,offline_attainable_single_model_not_CI
paysim,1,PTH,82,platt,642661,498,0.05,32134,385,0.7730923694779116,0.011981079230721354,43049,0.0011559530994854725,378,18510,7,17900,378,385,384.7693138843868,True,offline_attainable_single_model_not_CI
paysim,1,PTH,82,platt,642661,498,0.1,64267,418,0.8393574297188755,0.006504115642553722,71849,0.0009012186009723598,414,29782,8,12380,414,422,417.3254986233295,True,offline_attainable_single_model_not_CI
paysim,1,PTHW,42,raw,642661,498,0.01,6427,258,0.5180722891566265,0.04014314610238058,30169,0.009920313573344362,257,542,2,379,257,259,258.3985239852399,True,offline_attainable_single_model_not_CI
paysim,1,PTHW,42,raw,642661,498,0.03,19280,297,0.5963855421686747,0.015404564315352698,39083,0.0010479288191890747,294,8328,3,7951,294,297,296.86419308357347,True,offline_attainable_single_model_not_CI
paysim,1,PTHW,42,raw,642661,498,0.05,32134,304,0.6104417670682731,0.009460384639322836,51230,0.0009742104820682394,304,3419,1,223,304,305,304.0652237496344,True,offline_attainable_single_model_not_CI
paysim,1,PTHW,42,raw,642661,498,0.1,64267,336,0.6746987951807228,0.005228188650473805,80131,0.0002790681820303443,331,41294,14,12770,331,345,335.32944253402434,True,offline_attainable_single_model_not_CI
paysim,1,PTHW,42,clipped,642661,498,0.01,6427,258,0.5180722891566265,0.04014314610238058,30169,0.009920313573344362,257,542,2,379,257,259,258.3985239852399,True,offline_attainable_single_model_not_CI
paysim,1,PTHW,42,clipped,642661,498,0.03,19280,297,0.5963855421686747,0.015404564315352698,39083,0.0010479288191890747,294,8328,3,7951,294,297,296.86419308357347,True,offline_attainable_single_model_not_CI
paysim,1,PTHW,42,clipped,642661,498,0.05,32134,304,0.6104417670682731,0.009460384639322836,51230,0.0009742104820682394,304,3419,1,223,304,305,304.0652237496344,True,offline_attainable_single_model_not_CI
paysim,1,PTHW,42,clipped,642661,498,0.1,64267,336,0.6746987951807228,0.005228188650473805,80131,0.0002790681820303443,331,41294,14,12770,331,345,335.32944253402434,True,offline_attainable_single_model_not_CI
paysim,1,PTHW,42,platt,642661,498,0.01,6427,258,0.5180722891566265,0.04014314610238058,30169,0.0021493850435619615,257,542,2,379,257,259,258.3985239852399,True,offline_attainable_single_model_not_CI
paysim,1,PTHW,42,platt,642661,498,0.03,19280,297,0.5963855421686747,0.015404564315352698,39083,0.0011827587892374307,294,8328,3,7951,294,297,296.86419308357347,True,offline_attainable_single_model_not_CI
paysim,1,PTHW,42,platt,642661,498,0.05,32134,304,0.6104417670682731,0.009460384639322836,51230,0.001160108769830196,304,3419,1,223,304,305,304.0652237496344,True,offline_attainable_single_model_not_CI
paysim,1,PTHW,42,platt,642661,498,0.1,64267,336,0.6746987951807228,0.005228188650473805,80131,0.000832941199995221,331,41294,14,12770,331,345,335.32944253402434,True,offline_attainable_single_model_not_CI
paysim,1,PTHW,52,raw,642661,498,0.01,6427,356,0.714859437751004,0.05539131787770344,20271,0.012846452586168525,355,458,2,94,355,357,355.410480349345,True,offline_attainable_single_model_not_CI
paysim,1,PTHW,52,raw,642661,498,0.03,19280,393,0.7891566265060241,0.020383817427385893,29387,0.0009067296690596508,392,18021,9,3500,392,401,393.7479607125021,True,offline_attainable_single_model_not_CI
paysim,1,PTHW,52,raw,642661,498,0.05,32134,400,0.8032128514056225,0.012447874525424783,41534,0.0009067296690596508,392,18021,9,16354,392,401,400.1674712835026,True,offline_attainable_single_model_not_CI
paysim,1,PTHW,52,raw,642661,498,0.1,64267,423,0.8493975903614458,0.006581916068900058,71344,0.0006419661678196136,420,30795,13,8188,420,433,423.4565351518104,True,offline_attainable_single_model_not_CI
paysim,1,PTHW,52,clipped,642661,498,0.01,6427,356,0.714859437751004,0.05539131787770344,20271,0.012846452586168525,355,458,2,94,355,357,355.410480349345,True,offline_attainable_single_model_not_CI
paysim,1,PTHW,52,clipped,642661,498,0.03,19280,393,0.7891566265060241,0.020383817427385893,29387,0.0009067296690596508,392,18021,9,3500,392,401,393.7479607125021,True,offline_attainable_single_model_not_CI
paysim,1,PTHW,52,clipped,642661,498,0.05,32134,400,0.8032128514056225,0.012447874525424783,41534,0.0009067296690596508,392,18021,9,16354,392,401,400.1674712835026,True,offline_attainable_single_model_not_CI
paysim,1,PTHW,52,clipped,642661,498,0.1,64267,423,0.8493975903614458,0.006581916068900058,71344,0.0006419661678196136,420,30795,13,8188,420,433,423.4565351518104,True,offline_attainable_single_model_not_CI
paysim,1,PTHW,52,platt,642661,498,0.01,6427,356,0.714859437751004,0.05539131787770344,20271,0.002578634838890541,355,458,2,94,355,357,355.410480349345,True,offline_attainable_single_model_not_CI
paysim,1,PTHW,52,platt,642661,498,0.03,19280,393,0.7891566265060241,0.020383817427385893,29387,0.0009874673323566258,392,18021,9,3500,392,401,393.7479607125021,True,offline_attainable_single_model_not_CI
paysim,1,PTHW,52,platt,642661,498,0.05,32134,400,0.8032128514056225,0.012447874525424783,41534,0.0009874673323566258,392,18021,9,16354,392,401,400.1674712835026,True,offline_attainable_single_model_not_CI
paysim,1,PTHW,52,platt,642661,498,0.1,64267,423,0.8493975903614458,0.006581916068900058,71344,0.0008717400139310546,420,30795,13,8188,420,433,423.4565351518104,True,offline_attainable_single_model_not_CI
paysim,1,PTHW,62,raw,642661,498,0.01,6427,341,0.6847389558232931,0.053057414034541776,21786,0.012173714607311056,341,359,2,104,341,343,341.5793871866295,True,offline_attainable_single_model_not_CI
paysim,1,PTHW,62,raw,642661,498,0.03,19280,367,0.7369477911646586,0.019035269709543567,32013,0.0007993626412619967,365,14762,9,5146,365,374,368.13737975884027,True,offline_attainable_single_model_not_CI
paysim,1,PTHW,62,raw,642661,498,0.05,32134,379,0.7610441767068273,0.011794361112839982,43655,0.0007666534175717624,379,2493,0,209,379,379,379.0,True,offline_attainable_single_model_not_CI
paysim,1,PTHW,62,raw,642661,498,0.1,64267,411,0.8253012048192772,0.00639519504566885,72556,0.0005606785958273155,409,11849,4,7228,409,413,411.44003713393533,True,offline_attainable_single_model_not_CI
paysim,1,PTHW,62,clipped,642661,498,0.01,6427,341,0.6847389558232931,0.053057414034541776,21786,0.012173714607311056,341,359,2,104,341,343,341.5793871866295,True,offline_attainable_single_model_not_CI
paysim,1,PTHW,62,clipped,642661,498,0.03,19280,367,0.7369477911646586,0.019035269709543567,32013,0.0007993626412619967,365,14762,9,5146,365,374,368.13737975884027,True,offline_attainable_single_model_not_CI
paysim,1,PTHW,62,clipped,642661,498,0.05,32134,379,0.7610441767068273,0.011794361112839982,43655,0.0007666534175717624,379,2493,0,209,379,379,379.0,True,offline_attainable_single_model_not_CI
paysim,1,PTHW,62,clipped,642661,498,0.1,64267,411,0.8253012048192772,0.00639519504566885,72556,0.0005606785958273155,409,11849,4,7228,409,413,411.44003713393533,True,offline_attainable_single_model_not_CI
paysim,1,PTHW,62,platt,642661,498,0.01,6427,341,0.6847389558232931,0.053057414034541776,21786,0.0023387949621638425,341,359,2,104,341,343,341.5793871866295,True,offline_attainable_single_model_not_CI
paysim,1,PTHW,62,platt,642661,498,0.03,19280,367,0.7369477911646586,0.019035269709543567,32013,0.0008638170714122095,365,14762,9,5146,365,374,368.13737975884027,True,offline_attainable_single_model_not_CI
paysim,1,PTHW,62,platt,642661,498,0.05,32134,379,0.7610441767068273,0.011794361112839982,43655,0.000850753459146423,379,2493,0,209,379,379,379.0,True,offline_attainable_single_model_not_CI
paysim,1,PTHW,62,platt,642661,498,0.1,64267,411,0.8253012048192772,0.00639519504566885,72556,0.0007590056617224408,409,11849,4,7228,409,413,411.44003713393533,True,offline_attainable_single_model_not_CI
paysim,1,PTHW,72,raw,642661,498,0.01,6427,283,0.5682730923694779,0.04403298584098335,27644,0.019433224064364492,280,152,3,97,280,283,281.9144736842105,True,offline_attainable_single_model_not_CI
paysim,1,PTHW,72,raw,642661,498,0.03,19280,324,0.6506024096385542,0.016804979253112032,36356,0.0011582411337121375,323,21162,10,3220,323,333,324.5215953123523,True,offline_attainable_single_model_not_CI
paysim,1,PTHW,72,raw,642661,498,0.05,32134,330,0.6626506024096386,0.010269496483475447,48604,0.0011582411337121375,323,21162,10,16074,323,333,330.5956903884321,True,offline_attainable_single_model_not_CI
paysim,1,PTHW,72,raw,642661,498,0.1,64267,361,0.7248995983935743,0.005617190782205486,77606,0.0005450790490831827,358,41591,11,5793,358,369,359.5321343559905,True,offline_attainable_single_model_not_CI
paysim,1,PTHW,72,clipped,642661,498,0.01,6427,283,0.5682730923694779,0.04403298584098335,27644,0.019433224064364492,280,152,3,97,280,283,281.9144736842105,True,offline_attainable_single_model_not_CI
paysim,1,PTHW,72,clipped,642661,498,0.03,19280,324,0.6506024096385542,0.016804979253112032,36356,0.0011582411337121375,323,21162,10,3220,323,333,324.5215953123523,True,offline_attainable_single_model_not_CI
paysim,1,PTHW,72,clipped,642661,498,0.05,32134,330,0.6626506024096386,0.010269496483475447,48604,0.0011582411337121375,323,21162,10,16074,323,333,330.5956903884321,True,offline_attainable_single_model_not_CI
paysim,1,PTHW,72,clipped,642661,498,0.1,64267,361,0.7248995983935743,0.005617190782205486,77606,0.0005450790490831827,358,41591,11,5793,358,369,359.5321343559905,True,offline_attainable_single_model_not_CI
paysim,1,PTHW,72,platt,642661,498,0.01,6427,283,0.5682730923694779,0.04403298584098335,27644,0.0031291880514800322,280,152,3,97,280,283,281.9144736842105,True,offline_attainable_single_model_not_CI
paysim,1,PTHW,72,platt,642661,498,0.03,19280,324,0.6506024096385542,0.016804979253112032,36356,0.0012569755275983923,323,21162,10,3220,323,333,324.5215953123523,True,offline_attainable_single_model_not_CI
paysim,1,PTHW,72,platt,642661,498,0.05,32134,330,0.6626506024096386,0.010269496483475447,48604,0.0012569755275983923,323,21162,10,16074,323,333,330.5956903884321,True,offline_attainable_single_model_not_CI
paysim,1,PTHW,72,platt,642661,498,0.1,64267,361,0.7248995983935743,0.005617190782205486,77606,0.0009861967873268172,358,41591,11,5793,358,369,359.5321343559905,True,offline_attainable_single_model_not_CI
paysim,1,PTHW,82,raw,642661,498,0.01,6427,326,0.6546184738955824,0.05072351019138011,23301,0.010223954345257196,325,603,7,197,325,332,327.2868988391376,True,offline_attainable_single_model_not_CI
paysim,1,PTHW,82,raw,642661,498,0.03,19280,391,0.785140562248996,0.020280082987551868,29589,0.001339778403085136,390,14835,6,5257,390,396,392.12618806875633,True,offline_attainable_single_model_not_CI
paysim,1,PTHW,82,raw,642661,498,0.05,32134,397,0.7971887550200804,0.012354515466484098,41837,0.0012780430733960798,397,2202,1,848,397,398,397.38510445049957,True,offline_attainable_single_model_not_CI
paysim,1,PTHW,82,raw,642661,498,0.1,64267,426,0.8554216867469879,0.006628596324707859,71041,0.000679208570968603,424,31895,9,10099,424,433,426.8496943094529,True,offline_attainable_single_model_not_CI
paysim,1,PTHW,82,clipped,642661,498,0.01,6427,326,0.6546184738955824,0.05072351019138011,23301,0.010223954345257196,325,603,7,197,325,332,327.2868988391376,True,offline_attainable_single_model_not_CI
paysim,1,PTHW,82,clipped,642661,498,0.03,19280,391,0.785140562248996,0.020280082987551868,29589,0.001339778403085136,390,14835,6,5257,390,396,392.12618806875633,True,offline_attainable_single_model_not_CI
paysim,1,PTHW,82,clipped,642661,498,0.05,32134,397,0.7971887550200804,0.012354515466484098,41837,0.0012780430733960798,397,2202,1,848,397,398,397.38510445049957,True,offline_attainable_single_model_not_CI
paysim,1,PTHW,82,clipped,642661,498,0.1,64267,426,0.8554216867469879,0.006628596324707859,71041,0.000679208570968603,424,31895,9,10099,424,433,426.8496943094529,True,offline_attainable_single_model_not_CI
paysim,1,PTHW,82,platt,642661,498,0.01,6427,326,0.6546184738955824,0.05072351019138011,23301,0.0024729569981818953,325,603,7,197,325,332,327.2868988391376,True,offline_attainable_single_model_not_CI
paysim,1,PTHW,82,platt,642661,498,0.03,19280,391,0.785140562248996,0.020280082987551868,29589,0.0011342819158871433,390,14835,6,5257,390,396,392.12618806875633,True,offline_attainable_single_model_not_CI
paysim,1,PTHW,82,platt,642661,498,0.05,32134,397,0.7971887550200804,0.012354515466484098,41837,0.0011139943675963244,397,2202,1,848,397,398,397.38510445049957,True,offline_attainable_single_model_not_CI
paysim,1,PTHW,82,platt,642661,498,0.1,64267,426,0.8554216867469879,0.006628596324707859,71041,0.0008747291737302572,424,31895,9,10099,424,433,426.8496943094529,True,offline_attainable_single_model_not_CI
paysim,2,P0,42,raw,605510,312,0.01,6056,47,0.15064102564102563,0.007760898282694848,32509,0.012730501574526707,46,10636,27,3763,46,73,55.55255735238811,True,offline_attainable_single_model_not_CI
paysim,2,P0,42,raw,605510,312,0.03,18166,89,0.28525641025641024,0.004899262358251679,40377,0.0040189605919557945,86,3432,4,2498,86,90,88.91142191142191,True,offline_attainable_single_model_not_CI
paysim,2,P0,42,raw,605510,312,0.05,30276,128,0.41025641025641024,0.004227771171885322,48548,0.0026736920706323473,127,229,2,115,127,129,128.00436681222706,True,offline_attainable_single_model_not_CI
paysim,2,P0,42,raw,605510,312,0.1,60551,211,0.6762820512820513,0.0034846658188964676,70440,0.0015497971889986122,205,1882,7,1277,205,212,209.74973432518598,True,offline_attainable_single_model_not_CI
paysim,2,P0,42,clipped,605510,312,0.01,6056,47,0.15064102564102563,0.007760898282694848,32509,0.012730501574526707,46,10636,27,3763,46,73,55.55255735238811,True,offline_attainable_single_model_not_CI
paysim,2,P0,42,clipped,605510,312,0.03,18166,89,0.28525641025641024,0.004899262358251679,40377,0.0040189605919557945,86,3432,4,2498,86,90,88.91142191142191,True,offline_attainable_single_model_not_CI
paysim,2,P0,42,clipped,605510,312,0.05,30276,128,0.41025641025641024,0.004227771171885322,48548,0.0026736920706323473,127,229,2,115,127,129,128.00436681222706,True,offline_attainable_single_model_not_CI
paysim,2,P0,42,clipped,605510,312,0.1,60551,211,0.6762820512820513,0.0034846658188964676,70440,0.0015497971889986122,205,1882,7,1277,205,212,209.74973432518598,True,offline_attainable_single_model_not_CI
paysim,2,P0,42,platt,605510,312,0.01,6056,47,0.15064102564102563,0.007760898282694848,32509,0.0056266374091291545,46,10636,27,3763,46,73,55.55255735238811,True,offline_attainable_single_model_not_CI
paysim,2,P0,42,platt,605510,312,0.03,18166,89,0.28525641025641024,0.004899262358251679,40377,0.003027066212675617,86,3432,4,2498,86,90,88.91142191142191,True,offline_attainable_single_model_not_CI
paysim,2,P0,42,platt,605510,312,0.05,30276,128,0.41025641025641024,0.004227771171885322,48548,0.002432876632185289,127,229,2,115,127,129,128.00436681222706,True,offline_attainable_single_model_not_CI
paysim,2,P0,42,platt,605510,312,0.1,60551,211,0.6762820512820513,0.0034846658188964676,70440,0.0018164261507780958,205,1882,7,1277,205,212,209.74973432518598,True,offline_attainable_single_model_not_CI
paysim,2,P0,52,raw,605510,312,0.01,6056,50,0.16025641025641027,0.008256274768824307,32206,0.010140515758016111,49,10482,26,2611,49,75,55.47643579469567,True,offline_attainable_single_model_not_CI
paysim,2,P0,52,raw,605510,312,0.03,18166,95,0.30448717948717946,0.005229549708246174,39771,0.003725435772677815,94,1169,1,414,94,95,94.3541488451668,True,offline_attainable_single_model_not_CI
paysim,2,P0,52,raw,605510,312,0.05,30276,113,0.36217948717948717,0.0037323292376800106,50063,0.0029667953501305785,113,101,1,4,113,114,113.03960396039604,True,offline_attainable_single_model_not_CI
paysim,2,P0,52,raw,605510,312,0.1,60551,205,0.657051282051282,0.003385575795610312,71046,0.0017651679441832678,204,369,1,325,204,205,204.88075880758808,True,offline_attainable_single_model_not_CI
paysim,2,P0,52,clipped,605510,312,0.01,6056,50,0.16025641025641027,0.008256274768824307,32206,0.010140515758016111,49,10482,26,2611,49,75,55.47643579469567,True,offline_attainable_single_model_not_CI
paysim,2,P0,52,clipped,605510,312,0.03,18166,95,0.30448717948717946,0.005229549708246174,39771,0.003725435772677815,94,1169,1,414,94,95,94.3541488451668,True,offline_attainable_single_model_not_CI
paysim,2,P0,52,clipped,605510,312,0.05,30276,113,0.36217948717948717,0.0037323292376800106,50063,0.0029667953501305785,113,101,1,4,113,114,113.03960396039604,True,offline_attainable_single_model_not_CI
paysim,2,P0,52,clipped,605510,312,0.1,60551,205,0.657051282051282,0.003385575795610312,71046,0.0017651679441832678,204,369,1,325,204,205,204.88075880758808,True,offline_attainable_single_model_not_CI
paysim,2,P0,52,platt,605510,312,0.01,6056,50,0.16025641025641027,0.008256274768824307,32206,0.005849082053973855,49,10482,26,2611,49,75,55.47643579469567,True,offline_attainable_single_model_not_CI
paysim,2,P0,52,platt,605510,312,0.03,18166,95,0.30448717948717946,0.005229549708246174,39771,0.0032473811071726914,94,1169,1,414,94,95,94.3541488451668,True,offline_attainable_single_model_not_CI
paysim,2,P0,52,platt,605510,312,0.05,30276,113,0.36217948717948717,0.0037323292376800106,50063,0.0028413250519094724,113,101,1,4,113,114,113.03960396039604,True,offline_attainable_single_model_not_CI
paysim,2,P0,52,platt,605510,312,0.1,60551,205,0.657051282051282,0.003385575795610312,71046,0.0020955102344967624,204,369,1,325,204,205,204.88075880758808,True,offline_attainable_single_model_not_CI
paysim,2,P0,62,raw,605510,312,0.01,6056,55,0.1762820512820513,0.009081902245706737,31701,0.01083923231429547,54,10495,26,3551,54,80,62.797141495950456,True,offline_attainable_single_model_not_CI
paysim,2,P0,62,raw,605510,312,0.03,18166,103,0.3301282051282051,0.005669932841572168,38963,0.0035573408982061015,101,259,2,199,101,103,102.53667953667954,True,offline_attainable_single_model_not_CI
paysim,2,P0,62,raw,605510,312,0.05,30276,124,0.3974358974358974,0.004095653322763905,48952,0.0028338498491882014,124,2571,3,212,124,127,124.24737456242707,True,offline_attainable_single_model_not_CI
paysim,2,P0,62,raw,605510,312,0.1,60551,217,0.6955128205128205,0.003583755842182623,69834,0.0016705783795816307,217,1832,1,697,217,218,217.38045851528383,True,offline_attainable_single_model_not_CI
paysim,2,P0,62,clipped,605510,312,0.01,6056,55,0.1762820512820513,0.009081902245706737,31701,0.01083923231429547,54,10495,26,3551,54,80,62.797141495950456,True,offline_attainable_single_model_not_CI
paysim,2,P0,62,clipped,605510,312,0.03,18166,103,0.3301282051282051,0.005669932841572168,38963,0.0035573408982061015,101,259,2,199,101,103,102.53667953667954,True,offline_attainable_single_model_not_CI
paysim,2,P0,62,clipped,605510,312,0.05,30276,124,0.3974358974358974,0.004095653322763905,48952,0.0028338498491882014,124,2571,3,212,124,127,124.24737456242707,True,offline_attainable_single_model_not_CI
paysim,2,P0,62,clipped,605510,312,0.1,60551,217,0.6955128205128205,0.003583755842182623,69834,0.0016705783795816307,217,1832,1,697,217,218,217.38045851528383,True,offline_attainable_single_model_not_CI
paysim,2,P0,62,platt,605510,312,0.01,6056,55,0.1762820512820513,0.009081902245706737,31701,0.007500581933048473,54,10495,26,3551,54,80,62.797141495950456,True,offline_attainable_single_model_not_CI
paysim,2,P0,62,platt,605510,312,0.03,18166,103,0.3301282051282051,0.005669932841572168,38963,0.0033782895563084473,101,259,2,199,101,103,102.53667953667954,True,offline_attainable_single_model_not_CI
paysim,2,P0,62,platt,605510,312,0.05,30276,124,0.3974358974358974,0.004095653322763905,48952,0.0028714213063634037,124,2571,3,212,124,127,124.24737456242707,True,offline_attainable_single_model_not_CI
paysim,2,P0,62,platt,605510,312,0.1,60551,217,0.6955128205128205,0.003583755842182623,69834,0.0019681195090027895,217,1832,1,697,217,218,217.38045851528383,True,offline_attainable_single_model_not_CI
paysim,2,P0,72,raw,605510,312,0.01,6056,55,0.1762820512820513,0.009081902245706737,31701,0.016505052565126986,50,10418,26,5281,50,76,63.17968899980802,True,offline_attainable_single_model_not_CI
paysim,2,P0,72,raw,605510,312,0.03,18166,94,0.30128205128205127,0.0051745018165804246,39872,0.006789264371804672,94,1426,1,438,94,95,94.30715287517532,True,offline_attainable_single_model_not_CI
paysim,2,P0,72,raw,605510,312,0.05,30276,124,0.3974358974358974,0.004095653322763905,48952,0.0021677049241877553,124,42,2,13,124,126,124.61904761904762,True,offline_attainable_single_model_not_CI
paysim,2,P0,72,raw,605510,312,0.1,60551,206,0.6602564102564102,0.0034020907994913377,70945,0.0014645480336895366,206,91,0,70,206,206,206.0,True,offline_attainable_single_model_not_CI
paysim,2,P0,72,clipped,605510,312,0.01,6056,55,0.1762820512820513,0.009081902245706737,31701,0.016505052565126986,50,10418,26,5281,50,76,63.17968899980802,True,offline_attainable_single_model_not_CI
paysim,2,P0,72,clipped,605510,312,0.03,18166,94,0.30128205128205127,0.0051745018165804246,39872,0.006789264371804672,94,1426,1,438,94,95,94.30715287517532,True,offline_attainable_single_model_not_CI
paysim,2,P0,72,clipped,605510,312,0.05,30276,124,0.3974358974358974,0.004095653322763905,48952,0.0021677049241877553,124,42,2,13,124,126,124.61904761904762,True,offline_attainable_single_model_not_CI
paysim,2,P0,72,clipped,605510,312,0.1,60551,206,0.6602564102564102,0.0034020907994913377,70945,0.0014645480336895366,206,91,0,70,206,206,206.0,True,offline_attainable_single_model_not_CI
paysim,2,P0,72,platt,605510,312,0.01,6056,55,0.1762820512820513,0.009081902245706737,31701,0.0074214922819526566,50,10418,26,5281,50,76,63.17968899980802,True,offline_attainable_single_model_not_CI
paysim,2,P0,72,platt,605510,312,0.03,18166,94,0.30128205128205127,0.0051745018165804246,39872,0.004465879422785209,94,1426,1,438,94,95,94.30715287517532,True,offline_attainable_single_model_not_CI
paysim,2,P0,72,platt,605510,312,0.05,30276,124,0.3974358974358974,0.004095653322763905,48952,0.002331615386749981,124,42,2,13,124,126,124.61904761904762,True,offline_attainable_single_model_not_CI
paysim,2,P0,72,platt,605510,312,0.1,60551,206,0.6602564102564102,0.0034020907994913377,70945,0.0018655968016276724,206,91,0,70,206,206,206.0,True,offline_attainable_single_model_not_CI
paysim,2,P0,82,raw,605510,312,0.01,6056,56,0.1794871794871795,0.009247027741083224,31600,0.010473896457727396,55,10509,26,2537,55,81,61.27671519649824,True,offline_attainable_single_model_not_CI
paysim,2,P0,82,raw,605510,312,0.03,18166,98,0.3141025641025641,0.005394693383243422,39468,0.00404086890074946,97,3850,6,334,97,103,97.52051948051948,True,offline_attainable_single_model_not_CI
paysim,2,P0,82,raw,605510,312,0.05,30276,134,0.42948717948717946,0.004425947945567446,47942,0.0025641468765017967,133,394,4,172,133,137,134.746192893401,True,offline_attainable_single_model_not_CI
paysim,2,P0,82,raw,605510,312,0.1,60551,217,0.6955128205128205,0.003583755842182623,69834,0.0015824905661439728,214,2073,4,1367,214,218,216.63772310660877,True,offline_attainable_single_model_not_CI
paysim,2,P0,82,clipped,605510,312,0.01,6056,56,0.1794871794871795,0.009247027741083224,31600,0.010473896457727396,55,10509,26,2537,55,81,61.27671519649824,True,offline_attainable_single_model_not_CI
paysim,2,P0,82,clipped,605510,312,0.03,18166,98,0.3141025641025641,0.005394693383243422,39468,0.00404086890074946,97,3850,6,334,97,103,97.52051948051948,True,offline_attainable_single_model_not_CI
paysim,2,P0,82,clipped,605510,312,0.05,30276,134,0.42948717948717946,0.004425947945567446,47942,0.0025641468765017967,133,394,4,172,133,137,134.746192893401,True,offline_attainable_single_model_not_CI
paysim,2,P0,82,clipped,605510,312,0.1,60551,217,0.6955128205128205,0.003583755842182623,69834,0.0015824905661439728,214,2073,4,1367,214,218,216.63772310660877,True,offline_attainable_single_model_not_CI
paysim,2,P0,82,platt,605510,312,0.01,6056,56,0.1794871794871795,0.009247027741083224,31600,0.006971939994090477,55,10509,26,2537,55,81,61.27671519649824,True,offline_attainable_single_model_not_CI
paysim,2,P0,82,platt,605510,312,0.03,18166,98,0.3141025641025641,0.005394693383243422,39468,0.0037165543611618434,97,3850,6,334,97,103,97.52051948051948,True,offline_attainable_single_model_not_CI
paysim,2,P0,82,platt,605510,312,0.05,30276,134,0.42948717948717946,0.004425947945567446,47942,0.0027534017873323616,133,394,4,172,133,137,134.746192893401,True,offline_attainable_single_model_not_CI
paysim,2,P0,82,platt,605510,312,0.1,60551,217,0.6955128205128205,0.003583755842182623,69834,0.0020030351516974938,214,2073,4,1367,214,218,216.63772310660877,True,offline_attainable_single_model_not_CI
paysim,2,PT,42,raw,605510,312,0.01,6056,120,0.38461538461538464,0.019815059445178335,25136,0.01568057000088075,120,3164,9,827,120,129,122.35240202275601,True,offline_attainable_single_model_not_CI
paysim,2,PT,42,raw,605510,312,0.03,18166,159,0.5096153846153846,0.008752614774854122,33307,0.003844349126232963,159,16,0,2,159,159,159.0,True,offline_attainable_single_model_not_CI
paysim,2,PT,42,raw,605510,312,0.05,30276,189,0.6057692307692307,0.00624256837098692,42387,0.0021662948461286186,188,629,1,348,188,189,188.55325914149444,True,offline_attainable_single_model_not_CI
paysim,2,PT,42,raw,605510,312,0.1,60551,237,0.7596153846153846,0.003914055919803141,67814,0.0012965982670544653,237,19,0,11,237,237,237.0,True,offline_attainable_single_model_not_CI
paysim,2,PT,42,clipped,605510,312,0.01,6056,120,0.38461538461538464,0.019815059445178335,25136,0.01568057000088075,120,3164,9,827,120,129,122.35240202275601,True,offline_attainable_single_model_not_CI
paysim,2,PT,42,clipped,605510,312,0.03,18166,159,0.5096153846153846,0.008752614774854122,33307,0.003844349126232963,159,16,0,2,159,159,159.0,True,offline_attainable_single_model_not_CI
paysim,2,PT,42,clipped,605510,312,0.05,30276,189,0.6057692307692307,0.00624256837098692,42387,0.0021662948461286186,188,629,1,348,188,189,188.55325914149444,True,offline_attainable_single_model_not_CI
paysim,2,PT,42,clipped,605510,312,0.1,60551,237,0.7596153846153846,0.003914055919803141,67814,0.0012965982670544653,237,19,0,11,237,237,237.0,True,offline_attainable_single_model_not_CI
paysim,2,PT,42,platt,605510,312,0.01,6056,120,0.38461538461538464,0.019815059445178335,25136,0.0012021358346918165,120,3164,9,827,120,129,122.35240202275601,True,offline_attainable_single_model_not_CI
paysim,2,PT,42,platt,605510,312,0.03,18166,159,0.5096153846153846,0.008752614774854122,33307,0.0008841077465244824,159,16,0,2,159,159,159.0,True,offline_attainable_single_model_not_CI
paysim,2,PT,42,platt,605510,312,0.05,30276,189,0.6057692307692307,0.00624256837098692,42387,0.0007804528652308851,188,629,1,348,188,189,188.55325914149444,True,offline_attainable_single_model_not_CI
paysim,2,PT,42,platt,605510,312,0.1,60551,237,0.7596153846153846,0.003914055919803141,67814,0.0006981329773594991,237,19,0,11,237,237,237.0,True,offline_attainable_single_model_not_CI
paysim,2,PT,52,raw,605510,312,0.01,6056,116,0.3717948717948718,0.01915455746367239,25540,0.013852434828735582,116,2197,2,824,116,118,116.7501137915339,True,offline_attainable_single_model_not_CI
paysim,2,PT,52,raw,605510,312,0.03,18166,150,0.4807692307692308,0.00825718374986238,34216,0.007566051612661255,150,563,1,24,150,151,150.04262877442272,True,offline_attainable_single_model_not_CI
paysim,2,PT,52,raw,605510,312,0.05,30276,173,0.5544871794871795,0.005714096974501255,44003,0.002534101147718277,173,45,0,9,173,173,173.0,True,offline_attainable_single_model_not_CI
paysim,2,PT,52,raw,605510,312,0.1,60551,228,0.7307692307692307,0.003765420884873908,68723,0.0016408236654376928,228,12,0,10,228,228,228.0,True,offline_attainable_single_model_not_CI
paysim,2,PT,52,clipped,605510,312,0.01,6056,116,0.3717948717948718,0.01915455746367239,25540,0.013852434828735582,116,2197,2,824,116,118,116.7501137915339,True,offline_attainable_single_model_not_CI
paysim,2,PT,52,clipped,605510,312,0.03,18166,150,0.4807692307692308,0.00825718374986238,34216,0.007566051612661255,150,563,1,24,150,151,150.04262877442272,True,offline_attainable_single_model_not_CI
paysim,2,PT,52,clipped,605510,312,0.05,30276,173,0.5544871794871795,0.005714096974501255,44003,0.002534101147718277,173,45,0,9,173,173,173.0,True,offline_attainable_single_model_not_CI
paysim,2,PT,52,clipped,605510,312,0.1,60551,228,0.7307692307692307,0.003765420884873908,68723,0.0016408236654376928,228,12,0,10,228,228,228.0,True,offline_attainable_single_model_not_CI
paysim,2,PT,52,platt,605510,312,0.01,6056,116,0.3717948717948718,0.01915455746367239,25540,0.003361807558801064,116,2197,2,824,116,118,116.7501137915339,True,offline_attainable_single_model_not_CI
paysim,2,PT,52,platt,605510,312,0.03,18166,150,0.4807692307692308,0.00825718374986238,34216,0.0024951214222169635,150,563,1,24,150,151,150.04262877442272,True,offline_attainable_single_model_not_CI
paysim,2,PT,52,platt,605510,312,0.05,30276,173,0.5544871794871795,0.005714096974501255,44003,0.001458967064654352,173,45,0,9,173,173,173.0,True,offline_attainable_single_model_not_CI
paysim,2,PT,52,platt,605510,312,0.1,60551,228,0.7307692307692307,0.003765420884873908,68723,0.0011792950998752928,228,12,0,10,228,228,228.0,True,offline_attainable_single_model_not_CI
paysim,2,PT,62,raw,605510,312,0.01,6056,123,0.3942307692307692,0.020310435931307793,24833,0.015984173377952465,123,1728,4,564,123,127,124.30555555555556,True,offline_attainable_single_model_not_CI
paysim,2,PT,62,raw,605510,312,0.03,18166,159,0.5096153846153846,0.008752614774854122,33307,0.003538915209600493,159,120,0,1,159,159,159.0,True,offline_attainable_single_model_not_CI
paysim,2,PT,62,raw,605510,312,0.05,30276,194,0.6217948717948718,0.00640771568238869,41882,0.001919437256797672,194,86,0,53,194,194,194.0,True,offline_attainable_single_model_not_CI
paysim,2,PT,62,raw,605510,312,0.1,60551,238,0.7628205128205128,0.003930570923684167,67713,0.0012691148514177755,238,643,0,312,238,238,238.0,True,offline_attainable_single_model_not_CI
paysim,2,PT,62,clipped,605510,312,0.01,6056,123,0.3942307692307692,0.020310435931307793,24833,0.015984173377952465,123,1728,4,564,123,127,124.30555555555556,True,offline_attainable_single_model_not_CI
paysim,2,PT,62,clipped,605510,312,0.03,18166,159,0.5096153846153846,0.008752614774854122,33307,0.003538915209600493,159,120,0,1,159,159,159.0,True,offline_attainable_single_model_not_CI
paysim,2,PT,62,clipped,605510,312,0.05,30276,194,0.6217948717948718,0.00640771568238869,41882,0.001919437256797672,194,86,0,53,194,194,194.0,True,offline_attainable_single_model_not_CI
paysim,2,PT,62,clipped,605510,312,0.1,60551,238,0.7628205128205128,0.003930570923684167,67713,0.0012691148514177755,238,643,0,312,238,238,238.0,True,offline_attainable_single_model_not_CI
paysim,2,PT,62,platt,605510,312,0.01,6056,123,0.3942307692307692,0.020310435931307793,24833,0.0016506471645012309,123,1728,4,564,123,127,124.30555555555556,True,offline_attainable_single_model_not_CI
paysim,2,PT,62,platt,605510,312,0.03,18166,159,0.5096153846153846,0.008752614774854122,33307,0.0010624993608062394,159,120,0,1,159,159,159.0,True,offline_attainable_single_model_not_CI
paysim,2,PT,62,platt,605510,312,0.05,30276,194,0.6217948717948718,0.00640771568238869,41882,0.0008894199727624387,194,86,0,53,194,194,194.0,True,offline_attainable_single_model_not_CI
paysim,2,PT,62,platt,605510,312,0.1,60551,238,0.7628205128205128,0.003930570923684167,67713,0.0007887438799798014,238,643,0,312,238,238,238.0,True,offline_attainable_single_model_not_CI
paysim,2,PT,72,raw,605510,312,0.01,6056,105,0.33653846153846156,0.017338177014531043,26651,0.012461276653316516,104,5195,13,1890,104,117,108.72954764196342,True,offline_attainable_single_model_not_CI
paysim,2,PT,72,raw,605510,312,0.03,18166,137,0.4391025641025641,0.007541561158207641,35529,0.005433910362796268,137,132,0,96,137,137,137.0,True,offline_attainable_single_model_not_CI
paysim,2,PT,72,raw,605510,312,0.05,30276,160,0.5128205128205128,0.005284713964856652,45316,0.002685772593249698,160,214,0,159,160,160,160.0,True,offline_attainable_single_model_not_CI
paysim,2,PT,72,raw,605510,312,0.1,60551,220,0.7051282051282052,0.0036333008538257006,69531,0.0014867047932782007,220,717,0,147,220,220,220.0,True,offline_attainable_single_model_not_CI
paysim,2,PT,72,clipped,605510,312,0.01,6056,105,0.33653846153846156,0.017338177014531043,26651,0.012461276653316516,104,5195,13,1890,104,117,108.72954764196342,True,offline_attainable_single_model_not_CI
paysim,2,PT,72,clipped,605510,312,0.03,18166,137,0.4391025641025641,0.007541561158207641,35529,0.005433910362796268,137,132,0,96,137,137,137.0,True,offline_attainable_single_model_not_CI
paysim,2,PT,72,clipped,605510,312,0.05,30276,160,0.5128205128205128,0.005284713964856652,45316,0.002685772593249698,160,214,0,159,160,160,160.0,True,offline_attainable_single_model_not_CI
paysim,2,PT,72,clipped,605510,312,0.1,60551,220,0.7051282051282052,0.0036333008538257006,69531,0.0014867047932782007,220,717,0,147,220,220,220.0,True,offline_attainable_single_model_not_CI
paysim,2,PT,72,platt,605510,312,0.01,6056,105,0.33653846153846156,0.017338177014531043,26651,0.002514873223146096,104,5195,13,1890,104,117,108.72954764196342,True,offline_attainable_single_model_not_CI
paysim,2,PT,72,platt,605510,312,0.03,18166,137,0.4391025641025641,0.007541561158207641,35529,0.0018578611554759708,137,132,0,96,137,137,137.0,True,offline_attainable_single_model_not_CI
paysim,2,PT,72,platt,605510,312,0.05,30276,160,0.5128205128205128,0.005284713964856652,45316,0.001438178709269462,160,214,0,159,160,160,160.0,True,offline_attainable_single_model_not_CI
paysim,2,PT,72,platt,605510,312,0.1,60551,220,0.7051282051282052,0.0036333008538257006,69531,0.0011604641277980954,220,717,0,147,220,220,220.0,True,offline_attainable_single_model_not_CI
paysim,2,PT,82,raw,605510,312,0.01,6056,115,0.3685897435897436,0.018989431968295906,25641,0.013519207383498863,115,2758,2,1905,115,117,116.38143582306019,True,offline_attainable_single_model_not_CI
paysim,2,PT,82,raw,605510,312,0.03,18166,145,0.46474358974358976,0.007981944291533634,34721,0.0072642660082035265,145,33,0,29,145,145,145.0,True,offline_attainable_single_model_not_CI
paysim,2,PT,82,raw,605510,312,0.05,30276,164,0.5256410256410257,0.0054168318139780685,44912,0.0026775886276784876,164,187,0,24,164,164,164.0,True,offline_attainable_single_model_not_CI
paysim,2,PT,82,raw,605510,312,0.1,60551,222,0.7115384615384616,0.0036663308615877523,69329,0.001535260730758344,222,302,0,151,222,222,222.0,True,offline_attainable_single_model_not_CI
paysim,2,PT,82,clipped,605510,312,0.01,6056,115,0.3685897435897436,0.018989431968295906,25641,0.013519207383498863,115,2758,2,1905,115,117,116.38143582306019,True,offline_attainable_single_model_not_CI
paysim,2,PT,82,clipped,605510,312,0.03,18166,145,0.46474358974358976,0.007981944291533634,34721,0.0072642660082035265,145,33,0,29,145,145,145.0,True,offline_attainable_single_model_not_CI
paysim,2,PT,82,clipped,605510,312,0.05,30276,164,0.5256410256410257,0.0054168318139780685,44912,0.0026775886276784876,164,187,0,24,164,164,164.0,True,offline_attainable_single_model_not_CI
paysim,2,PT,82,clipped,605510,312,0.1,60551,222,0.7115384615384616,0.0036663308615877523,69329,0.001535260730758344,222,302,0,151,222,222,222.0,True,offline_attainable_single_model_not_CI
paysim,2,PT,82,platt,605510,312,0.01,6056,115,0.3685897435897436,0.018989431968295906,25641,0.0038132987982073285,115,2758,2,1905,115,117,116.38143582306019,True,offline_attainable_single_model_not_CI
paysim,2,PT,82,platt,605510,312,0.03,18166,145,0.46474358974358976,0.007981944291533634,34721,0.0027704006767643777,145,33,0,29,145,145,145.0,True,offline_attainable_single_model_not_CI
paysim,2,PT,82,platt,605510,312,0.05,30276,164,0.5256410256410257,0.0054168318139780685,44912,0.0016617650215340297,164,187,0,24,164,164,164.0,True,offline_attainable_single_model_not_CI
paysim,2,PT,82,platt,605510,312,0.1,60551,222,0.7115384615384616,0.0036663308615877523,69329,0.0012505163659018278,222,302,0,151,222,222,222.0,True,offline_attainable_single_model_not_CI
paysim,2,PH,42,raw,605510,312,0.01,6056,127,0.40705128205128205,0.02097093791281374,24429,0.013250859071353314,127,1307,29,19,127,146,127.42157612853863,True,offline_attainable_single_model_not_CI
paysim,2,PH,42,raw,605510,312,0.03,18166,214,0.6858974358974359,0.011780248816470329,27752,0.0006267760221097366,214,4441,3,389,214,217,214.26277865345642,True,offline_attainable_single_model_not_CI
paysim,2,PH,42,raw,605510,312,0.05,30276,218,0.6987179487179487,0.007200422777117189,39458,0.0006161041234344231,217,18083,11,8054,217,228,221.8992976829066,True,offline_attainable_single_model_not_CI
paysim,2,PH,42,raw,605510,312,0.1,60551,242,0.7756410256410257,0.00399663093920827,67309,0.0004034081186309244,241,8840,2,2872,241,243,241.6497737556561,True,offline_attainable_single_model_not_CI
paysim,2,PH,42,clipped,605510,312,0.01,6056,127,0.40705128205128205,0.02097093791281374,24429,0.013250859071353314,127,1307,29,19,127,146,127.42157612853863,True,offline_attainable_single_model_not_CI
paysim,2,PH,42,clipped,605510,312,0.03,18166,214,0.6858974358974359,0.011780248816470329,27752,0.0006267760221097366,214,4441,3,389,214,217,214.26277865345642,True,offline_attainable_single_model_not_CI
paysim,2,PH,42,clipped,605510,312,0.05,30276,218,0.6987179487179487,0.007200422777117189,39458,0.0006161041234344231,217,18083,11,8054,217,228,221.8992976829066,True,offline_attainable_single_model_not_CI
paysim,2,PH,42,clipped,605510,312,0.1,60551,242,0.7756410256410257,0.00399663093920827,67309,0.0004034081186309244,241,8840,2,2872,241,243,241.6497737556561,True,offline_attainable_single_model_not_CI
paysim,2,PH,42,platt,605510,312,0.01,6056,127,0.40705128205128205,0.02097093791281374,24429,0.0050323231880619644,127,1307,29,19,127,146,127.42157612853863,True,offline_attainable_single_model_not_CI
paysim,2,PH,42,platt,605510,312,0.03,18166,214,0.6858974358974359,0.011780248816470329,27752,0.0012519268957481998,214,4441,3,389,214,217,214.26277865345642,True,offline_attainable_single_model_not_CI
paysim,2,PH,42,platt,605510,312,0.05,30276,218,0.6987179487179487,0.007200422777117189,39458,0.0012421824932383255,217,18083,11,8054,217,228,221.8992976829066,True,offline_attainable_single_model_not_CI
paysim,2,PH,42,platt,605510,312,0.1,60551,242,0.7756410256410257,0.00399663093920827,67309,0.001024484325654208,241,8840,2,2872,241,243,241.6497737556561,True,offline_attainable_single_model_not_CI
paysim,2,PH,52,raw,605510,312,0.01,6056,43,0.13782051282051283,0.007100396301188904,32913,0.19655948068331197,40,1502,26,790,40,66,53.67509986684421,True,offline_attainable_single_model_not_CI
paysim,2,PH,52,raw,605510,312,0.03,18166,216,0.6923076923076923,0.011890344599801827,27550,0.0008928058134612649,216,3798,2,98,216,218,216.05160610847815,True,offline_attainable_single_model_not_CI
paysim,2,PH,52,raw,605510,312,0.05,30276,223,0.7147435897435898,0.007365570088518959,38953,0.0008300434092808874,222,15230,10,4001,222,232,224.62705187130663,True,offline_attainable_single_model_not_CI
paysim,2,PH,52,raw,605510,312,0.1,60551,243,0.7788461538461539,0.004013145943089297,67208,0.0002893355479570232,241,2426,2,2426,243,243,243.0,False,offline_attainable_single_model_not_CI
paysim,2,PH,52,clipped,605510,312,0.01,6056,43,0.13782051282051283,0.007100396301188904,32913,0.19655948068331197,40,1502,26,790,40,66,53.67509986684421,True,offline_attainable_single_model_not_CI
paysim,2,PH,52,clipped,605510,312,0.03,18166,216,0.6923076923076923,0.011890344599801827,27550,0.0008928058134612649,216,3798,2,98,216,218,216.05160610847815,True,offline_attainable_single_model_not_CI
paysim,2,PH,52,clipped,605510,312,0.05,30276,223,0.7147435897435898,0.007365570088518959,38953,0.0008300434092808874,222,15230,10,4001,222,232,224.62705187130663,True,offline_attainable_single_model_not_CI
paysim,2,PH,52,clipped,605510,312,0.1,60551,243,0.7788461538461539,0.004013145943089297,67208,0.0002893355479570232,241,2426,2,2426,243,243,243.0,False,offline_attainable_single_model_not_CI
paysim,2,PH,52,platt,605510,312,0.01,6056,43,0.13782051282051283,0.007100396301188904,32913,0.007037747345382865,40,1502,26,790,40,66,53.67509986684421,True,offline_attainable_single_model_not_CI
paysim,2,PH,52,platt,605510,312,0.03,18166,216,0.6923076923076923,0.011890344599801827,27550,0.0010832710678796587,216,3798,2,98,216,218,216.05160610847815,True,offline_attainable_single_model_not_CI
paysim,2,PH,52,platt,605510,312,0.05,30276,223,0.7147435897435898,0.007365570088518959,38953,0.0010571839563496932,222,15230,10,4001,222,232,224.62705187130663,True,offline_attainable_single_model_not_CI
paysim,2,PH,52,platt,605510,312,0.1,60551,243,0.7788461538461539,0.004013145943089297,67208,0.0007432091966109346,241,2426,2,2426,243,243,243.0,False,offline_attainable_single_model_not_CI
paysim,2,PH,62,raw,605510,312,0.01,6056,167,0.5352564102564102,0.027575957727873184,20389,0.01417103682408819,157,1579,32,303,157,189,163.14059531348954,True,offline_attainable_single_model_not_CI
paysim,2,PH,62,raw,605510,312,0.03,18166,210,0.6730769230769231,0.011560057249807333,28156,0.0010263425738993345,208,23977,16,3487,208,224,210.32689660925053,True,offline_attainable_single_model_not_CI
paysim,2,PH,62,raw,605510,312,0.05,30276,218,0.6987179487179487,0.007200422777117189,39458,0.0010263425738993345,208,23977,16,15597,208,224,218.4079743087125,True,offline_attainable_single_model_not_CI
paysim,2,PH,62,raw,605510,312,0.1,60551,233,0.7467948717948718,0.0038479959042790374,68218,0.00034166159875045047,228,67441,30,12587,228,258,233.59911626458683,True,offline_attainable_single_model_not_CI
paysim,2,PH,62,clipped,605510,312,0.01,6056,167,0.5352564102564102,0.027575957727873184,20389,0.01417103682408819,157,1579,32,303,157,189,163.14059531348954,True,offline_attainable_single_model_not_CI
paysim,2,PH,62,clipped,605510,312,0.03,18166,210,0.6730769230769231,0.011560057249807333,28156,0.0010263425738993345,208,23977,16,3487,208,224,210.32689660925053,True,offline_attainable_single_model_not_CI
paysim,2,PH,62,clipped,605510,312,0.05,30276,218,0.6987179487179487,0.007200422777117189,39458,0.0010263425738993345,208,23977,16,15597,208,224,218.4079743087125,True,offline_attainable_single_model_not_CI
paysim,2,PH,62,clipped,605510,312,0.1,60551,233,0.7467948717948718,0.0038479959042790374,68218,0.00034166159875045047,228,67441,30,12587,228,258,233.59911626458683,True,offline_attainable_single_model_not_CI
paysim,2,PH,62,platt,605510,312,0.01,6056,167,0.5352564102564102,0.027575957727873184,20389,0.0039222515971554794,157,1579,32,303,157,189,163.14059531348954,True,offline_attainable_single_model_not_CI
paysim,2,PH,62,platt,605510,312,0.03,18166,210,0.6730769230769231,0.011560057249807333,28156,0.001310810527308369,208,23977,16,3487,208,224,210.32689660925053,True,offline_attainable_single_model_not_CI
paysim,2,PH,62,platt,605510,312,0.05,30276,218,0.6987179487179487,0.007200422777117189,39458,0.001310810527308369,208,23977,16,15597,208,224,218.4079743087125,True,offline_attainable_single_model_not_CI
paysim,2,PH,62,platt,605510,312,0.1,60551,233,0.7467948717948718,0.0038479959042790374,68218,0.0008293052570148941,228,67441,30,12587,228,258,233.59911626458683,True,offline_attainable_single_model_not_CI
paysim,2,PH,72,raw,605510,312,0.01,6056,135,0.4326923076923077,0.022291941875825626,23621,0.010647331260960628,135,1011,18,79,135,153,136.40652818991097,True,offline_attainable_single_model_not_CI
paysim,2,PH,72,raw,605510,312,0.03,18166,178,0.5705128205128205,0.009798524716503358,31388,0.0011159969240386355,176,11716,6,3653,176,182,177.87077500853533,True,offline_attainable_single_model_not_CI
paysim,2,PH,72,raw,605510,312,0.05,30276,184,0.5897435897435898,0.00607742105958515,42892,0.0010172884824764061,184,9177,6,1484,184,190,184.97025171624713,True,offline_attainable_single_model_not_CI
paysim,2,PH,72,raw,605510,312,0.1,60551,204,0.6538461538461539,0.003369060791729286,71147,0.0004805112308842795,202,2078,3,993,202,205,203.43358999037537,True,offline_attainable_single_model_not_CI
paysim,2,PH,72,clipped,605510,312,0.01,6056,135,0.4326923076923077,0.022291941875825626,23621,0.010647331260960628,135,1011,18,79,135,153,136.40652818991097,True,offline_attainable_single_model_not_CI
paysim,2,PH,72,clipped,605510,312,0.03,18166,178,0.5705128205128205,0.009798524716503358,31388,0.0011159969240386355,176,11716,6,3653,176,182,177.87077500853533,True,offline_attainable_single_model_not_CI
paysim,2,PH,72,clipped,605510,312,0.05,30276,184,0.5897435897435898,0.00607742105958515,42892,0.0010172884824764061,184,9177,6,1484,184,190,184.97025171624713,True,offline_attainable_single_model_not_CI
paysim,2,PH,72,clipped,605510,312,0.1,60551,204,0.6538461538461539,0.003369060791729286,71147,0.0004805112308842795,202,2078,3,993,202,205,203.43358999037537,True,offline_attainable_single_model_not_CI
paysim,2,PH,72,platt,605510,312,0.01,6056,135,0.4326923076923077,0.022291941875825626,23621,0.0036365955277479866,135,1011,18,79,135,153,136.40652818991097,True,offline_attainable_single_model_not_CI
paysim,2,PH,72,platt,605510,312,0.03,18166,178,0.5705128205128205,0.009798524716503358,31388,0.0015879094825757805,176,11716,6,3653,176,182,177.87077500853533,True,offline_attainable_single_model_not_CI
paysim,2,PH,72,platt,605510,312,0.05,30276,184,0.5897435897435898,0.00607742105958515,42892,0.0015349132906892359,184,9177,6,1484,184,190,184.97025171624713,True,offline_attainable_single_model_not_CI
paysim,2,PH,72,platt,605510,312,0.1,60551,204,0.6538461538461539,0.003369060791729286,71147,0.0011660091369929651,202,2078,3,993,202,205,203.43358999037537,True,offline_attainable_single_model_not_CI
paysim,2,PH,82,raw,605510,312,0.01,6056,149,0.4775641025641026,0.024603698811096433,22207,0.01480507739739697,148,1483,29,49,148,177,148.95819285232636,True,offline_attainable_single_model_not_CI
paysim,2,PH,82,raw,605510,312,0.03,18166,209,0.6698717948717948,0.011505009358141582,28257,0.0008106548225020334,207,4638,3,2584,207,210,208.67141009055626,True,offline_attainable_single_model_not_CI
paysim,2,PH,82,raw,605510,312,0.05,30276,215,0.6891025641025641,0.0071013343902761265,39761,0.000781570608819488,210,17103,10,10054,210,220,215.87850084780447,True,offline_attainable_single_model_not_CI
paysim,2,PH,82,raw,605510,312,0.1,60551,233,0.7467948717948718,0.0038479959042790374,68218,0.0004261786850233304,230,6777,3,6388,230,233,232.82779991146526,True,offline_attainable_single_model_not_CI
paysim,2,PH,82,clipped,605510,312,0.01,6056,149,0.4775641025641026,0.024603698811096433,22207,0.01480507739739697,148,1483,29,49,148,177,148.95819285232636,True,offline_attainable_single_model_not_CI
paysim,2,PH,82,clipped,605510,312,0.03,18166,209,0.6698717948717948,0.011505009358141582,28257,0.0008106548225020334,207,4638,3,2584,207,210,208.67141009055626,True,offline_attainable_single_model_not_CI
paysim,2,PH,82,clipped,605510,312,0.05,30276,215,0.6891025641025641,0.0071013343902761265,39761,0.000781570608819488,210,17103,10,10054,210,220,215.87850084780447,True,offline_attainable_single_model_not_CI
paysim,2,PH,82,clipped,605510,312,0.1,60551,233,0.7467948717948718,0.0038479959042790374,68218,0.0004261786850233304,230,6777,3,6388,230,233,232.82779991146526,True,offline_attainable_single_model_not_CI
paysim,2,PH,82,platt,605510,312,0.01,6056,149,0.4775641025641026,0.024603698811096433,22207,0.004219995363776958,148,1483,29,49,148,177,148.95819285232636,True,offline_attainable_single_model_not_CI
paysim,2,PH,82,platt,605510,312,0.03,18166,209,0.6698717948717948,0.011505009358141582,28257,0.0012184294485493932,207,4638,3,2584,207,210,208.67141009055626,True,offline_attainable_single_model_not_CI
paysim,2,PH,82,platt,605510,312,0.05,30276,215,0.6891025641025641,0.0071013343902761265,39761,0.0011995926053821528,210,17103,10,10054,210,220,215.87850084780447,True,offline_attainable_single_model_not_CI
paysim,2,PH,82,platt,605510,312,0.1,60551,233,0.7467948717948718,0.0038479959042790374,68218,0.0009262466183392326,230,6777,3,6388,230,233,232.82779991146526,True,offline_attainable_single_model_not_CI
paysim,2,PTH,42,raw,605510,312,0.01,6056,151,0.483974358974359,0.024933949801849407,22005,0.022271926120185442,151,2,0,2,151,151,151.0,False,offline_attainable_single_model_not_CI
paysim,2,PTH,42,raw,605510,312,0.03,18166,230,0.7371794871794872,0.012661015083122316,26136,0.0005551737234467015,230,432,0,194,230,230,230.0,True,offline_attainable_single_model_not_CI
paysim,2,PTH,42,raw,605510,312,0.05,30276,238,0.7628205128205128,0.00786101202272427,37438,0.00046174377538444814,235,20045,10,6526,235,245,238.25567473185333,True,offline_attainable_single_model_not_CI
paysim,2,PTH,42,raw,605510,312,0.1,60551,253,0.8108974358974359,0.004178295981899556,66198,0.00024604417330931786,253,1,0,1,253,253,253.0,False,offline_attainable_single_model_not_CI
paysim,2,PTH,42,clipped,605510,312,0.01,6056,151,0.483974358974359,0.024933949801849407,22005,0.022271926120185442,151,2,0,2,151,151,151.0,False,offline_attainable_single_model_not_CI
paysim,2,PTH,42,clipped,605510,312,0.03,18166,230,0.7371794871794872,0.012661015083122316,26136,0.0005551737234467015,230,432,0,194,230,230,230.0,True,offline_attainable_single_model_not_CI
paysim,2,PTH,42,clipped,605510,312,0.05,30276,238,0.7628205128205128,0.00786101202272427,37438,0.00046174377538444814,235,20045,10,6526,235,245,238.25567473185333,True,offline_attainable_single_model_not_CI
paysim,2,PTH,42,clipped,605510,312,0.1,60551,253,0.8108974358974359,0.004178295981899556,66198,0.00024604417330931786,253,1,0,1,253,253,253.0,False,offline_attainable_single_model_not_CI
paysim,2,PTH,42,platt,605510,312,0.01,6056,151,0.483974358974359,0.024933949801849407,22005,0.002982324297401023,151,2,0,2,151,151,151.0,False,offline_attainable_single_model_not_CI
paysim,2,PTH,42,platt,605510,312,0.03,18166,230,0.7371794871794872,0.012661015083122316,26136,0.0007653368878933328,230,432,0,194,230,230,230.0,True,offline_attainable_single_model_not_CI
paysim,2,PTH,42,platt,605510,312,0.05,30276,238,0.7628205128205128,0.00786101202272427,37438,0.000715322664043373,235,20045,10,6526,235,245,238.25567473185333,True,offline_attainable_single_model_not_CI
paysim,2,PTH,42,platt,605510,312,0.1,60551,253,0.8108974358974359,0.004178295981899556,66198,0.0005678606188249046,253,1,0,1,253,253,253.0,False,offline_attainable_single_model_not_CI
paysim,2,PTH,52,raw,605510,312,0.01,6056,164,0.5256410256410257,0.027080581241743725,20692,0.008410284021622881,160,827,15,210,160,175,163.80894800483676,True,offline_attainable_single_model_not_CI
paysim,2,PTH,52,raw,605510,312,0.03,18166,212,0.6794871794871795,0.011670153033138831,27954,0.0007017586142980415,212,1212,0,452,212,212,212.0,True,offline_attainable_single_model_not_CI
paysim,2,PTH,52,raw,605510,312,0.05,30276,218,0.6987179487179487,0.007200422777117189,39458,0.0006307178311756737,217,14754,6,3230,217,223,218.3135420902806,True,offline_attainable_single_model_not_CI
paysim,2,PTH,52,raw,605510,312,0.1,60551,234,0.75,0.0038645109081600635,68117,0.00034005984415381584,234,1088,0,32,234,234,234.0,True,offline_attainable_single_model_not_CI
paysim,2,PTH,52,clipped,605510,312,0.01,6056,164,0.5256410256410257,0.027080581241743725,20692,0.008410284021622881,160,827,15,210,160,175,163.80894800483676,True,offline_attainable_single_model_not_CI
paysim,2,PTH,52,clipped,605510,312,0.03,18166,212,0.6794871794871795,0.011670153033138831,27954,0.0007017586142980415,212,1212,0,452,212,212,212.0,True,offline_attainable_single_model_not_CI
paysim,2,PTH,52,clipped,605510,312,0.05,30276,218,0.6987179487179487,0.007200422777117189,39458,0.0006307178311756737,217,14754,6,3230,217,223,218.3135420902806,True,offline_attainable_single_model_not_CI
paysim,2,PTH,52,clipped,605510,312,0.1,60551,234,0.75,0.0038645109081600635,68117,0.00034005984415381584,234,1088,0,32,234,234,234.0,True,offline_attainable_single_model_not_CI
paysim,2,PTH,52,platt,605510,312,0.01,6056,164,0.5256410256410257,0.027080581241743725,20692,0.0017563334858200555,160,827,15,210,160,175,163.80894800483676,True,offline_attainable_single_model_not_CI
paysim,2,PTH,52,platt,605510,312,0.03,18166,212,0.6794871794871795,0.011670153033138831,27954,0.0008214292575420696,212,1212,0,452,212,212,212.0,True,offline_attainable_single_model_not_CI
paysim,2,PTH,52,platt,605510,312,0.05,30276,218,0.6987179487179487,0.007200422777117189,39458,0.0007950892524533636,217,14754,6,3230,217,223,218.3135420902806,True,offline_attainable_single_model_not_CI
paysim,2,PTH,52,platt,605510,312,0.1,60551,234,0.75,0.0038645109081600635,68117,0.0006584197880383619,234,1088,0,32,234,234,234.0,True,offline_attainable_single_model_not_CI
paysim,2,PTH,62,raw,605510,312,0.01,6056,176,0.5641025641025641,0.02906208718626156,19480,0.0014567593784988785,175,523,1,220,175,176,175.4206500956023,True,offline_attainable_single_model_not_CI
paysim,2,PTH,62,raw,605510,312,0.03,18166,184,0.5897435897435898,0.010128812066497853,30782,0.000696714986424178,182,11010,7,5148,182,189,185.27302452316076,True,offline_attainable_single_model_not_CI
paysim,2,PTH,62,raw,605510,312,0.05,30276,191,0.6121794871794872,0.006308627295547629,42185,0.0006863903013871533,191,829,0,801,191,191,191.0,True,offline_attainable_single_model_not_CI
paysim,2,PTH,62,raw,605510,312,0.1,60551,204,0.6538461538461539,0.003369060791729286,71147,0.0004155221428727794,202,13932,3,11685,202,205,204.51614987080103,True,offline_attainable_single_model_not_CI
paysim,2,PTH,62,clipped,605510,312,0.01,6056,176,0.5641025641025641,0.02906208718626156,19480,0.0014567593784988785,175,523,1,220,175,176,175.4206500956023,True,offline_attainable_single_model_not_CI
paysim,2,PTH,62,clipped,605510,312,0.03,18166,184,0.5897435897435898,0.010128812066497853,30782,0.000696714986424178,182,11010,7,5148,182,189,185.27302452316076,True,offline_attainable_single_model_not_CI
paysim,2,PTH,62,clipped,605510,312,0.05,30276,191,0.6121794871794872,0.006308627295547629,42185,0.0006863903013871533,191,829,0,801,191,191,191.0,True,offline_attainable_single_model_not_CI
paysim,2,PTH,62,clipped,605510,312,0.1,60551,204,0.6538461538461539,0.003369060791729286,71147,0.0004155221428727794,202,13932,3,11685,202,205,204.51614987080103,True,offline_attainable_single_model_not_CI
paysim,2,PTH,62,platt,605510,312,0.01,6056,176,0.5641025641025641,0.02906208718626156,19480,0.0009317217665126022,175,523,1,220,175,176,175.4206500956023,True,offline_attainable_single_model_not_CI
paysim,2,PTH,62,platt,605510,312,0.03,18166,184,0.5897435897435898,0.010128812066497853,30782,0.0007646796288839117,182,11010,7,5148,182,189,185.27302452316076,True,offline_attainable_single_model_not_CI
paysim,2,PTH,62,platt,605510,312,0.05,30276,191,0.6121794871794872,0.006308627295547629,42185,0.0007616283651243872,191,829,0,801,191,191,191.0,True,offline_attainable_single_model_not_CI
paysim,2,PTH,62,platt,605510,312,0.1,60551,204,0.6538461538461539,0.003369060791729286,71147,0.0006658479634348626,202,13932,3,11685,202,205,204.51614987080103,True,offline_attainable_single_model_not_CI
paysim,2,PTH,72,raw,605510,312,0.01,6056,189,0.6057692307692307,0.031208718626155877,18167,0.008512055871150349,187,340,3,87,187,190,187.76764705882354,True,offline_attainable_single_model_not_CI
paysim,2,PTH,72,raw,605510,312,0.03,18166,221,0.7083333333333334,0.012165584058130573,27045,0.0006908977928553798,216,3771,5,3304,216,221,220.3808008485813,True,offline_attainable_single_model_not_CI
paysim,2,PTH,72,raw,605510,312,0.05,30276,227,0.7275641025641025,0.007497687937640375,38549,0.0006425017957096028,227,1923,1,89,227,228,227.04628185127405,True,offline_attainable_single_model_not_CI
paysim,2,PTH,72,raw,605510,312,0.1,60551,245,0.7852564102564102,0.004046175950851348,67006,0.00037729525358449253,245,224,0,72,245,245,245.0,True,offline_attainable_single_model_not_CI
paysim,2,PTH,72,clipped,605510,312,0.01,6056,189,0.6057692307692307,0.031208718626155877,18167,0.008512055871150349,187,340,3,87,187,190,187.76764705882354,True,offline_attainable_single_model_not_CI
paysim,2,PTH,72,clipped,605510,312,0.03,18166,221,0.7083333333333334,0.012165584058130573,27045,0.0006908977928553798,216,3771,5,3304,216,221,220.3808008485813,True,offline_attainable_single_model_not_CI
paysim,2,PTH,72,clipped,605510,312,0.05,30276,227,0.7275641025641025,0.007497687937640375,38549,0.0006425017957096028,227,1923,1,89,227,228,227.04628185127405,True,offline_attainable_single_model_not_CI
paysim,2,PTH,72,clipped,605510,312,0.1,60551,245,0.7852564102564102,0.004046175950851348,67006,0.00037729525358449253,245,224,0,72,245,245,245.0,True,offline_attainable_single_model_not_CI
paysim,2,PTH,72,platt,605510,312,0.01,6056,189,0.6057692307692307,0.031208718626155877,18167,0.0015506322509784528,187,340,3,87,187,190,187.76764705882354,True,offline_attainable_single_model_not_CI
paysim,2,PTH,72,platt,605510,312,0.03,18166,221,0.7083333333333334,0.012165584058130573,27045,0.0006710299464076389,216,3771,5,3304,216,221,220.3808008485813,True,offline_attainable_single_model_not_CI
paysim,2,PTH,72,platt,605510,312,0.05,30276,227,0.7275641025641025,0.007497687937640375,38549,0.0006550039884226152,227,1923,1,89,227,228,227.04628185127405,True,offline_attainable_single_model_not_CI
paysim,2,PTH,72,platt,605510,312,0.1,60551,245,0.7852564102564102,0.004046175950851348,67006,0.000548654719355432,245,224,0,72,245,245,245.0,True,offline_attainable_single_model_not_CI
paysim,2,PTH,82,raw,605510,312,0.01,6056,154,0.4935897435897436,0.025429326287978865,21702,0.010412034966177923,154,605,21,8,154,162,154.27768595041323,True,offline_attainable_single_model_not_CI
paysim,2,PTH,82,raw,605510,312,0.03,18166,214,0.6858974358974359,0.011780248816470329,27752,0.0008052139935749861,211,7697,4,5350,211,215,213.78030401455112,True,offline_attainable_single_model_not_CI
paysim,2,PTH,82,raw,605510,312,0.05,30276,216,0.6923076923076923,0.007134363852556481,39660,0.0007313406816794638,215,12850,6,6237,215,221,217.9122178988327,True,offline_attainable_single_model_not_CI
paysim,2,PTH,82,raw,605510,312,0.1,60551,241,0.7724358974358975,0.003980115935327245,67410,0.00033361520095346,241,1502,0,1265,241,241,241.0,True,offline_attainable_single_model_not_CI
paysim,2,PTH,82,clipped,605510,312,0.01,6056,154,0.4935897435897436,0.025429326287978865,21702,0.010412034966177923,154,605,21,8,154,162,154.27768595041323,True,offline_attainable_single_model_not_CI
paysim,2,PTH,82,clipped,605510,312,0.03,18166,214,0.6858974358974359,0.011780248816470329,27752,0.0008052139935749861,211,7697,4,5350,211,215,213.78030401455112,True,offline_attainable_single_model_not_CI
paysim,2,PTH,82,clipped,605510,312,0.05,30276,216,0.6923076923076923,0.007134363852556481,39660,0.0007313406816794638,215,12850,6,6237,215,221,217.9122178988327,True,offline_attainable_single_model_not_CI
paysim,2,PTH,82,clipped,605510,312,0.1,60551,241,0.7724358974358975,0.003980115935327245,67410,0.00033361520095346,241,1502,0,1265,241,241,241.0,True,offline_attainable_single_model_not_CI
paysim,2,PTH,82,platt,605510,312,0.01,6056,154,0.4935897435897436,0.025429326287978865,21702,0.0016766261519039225,154,605,21,8,154,162,154.27768595041323,True,offline_attainable_single_model_not_CI
paysim,2,PTH,82,platt,605510,312,0.03,18166,214,0.6858974358974359,0.011780248816470329,27752,0.0008561491840012824,211,7697,4,5350,211,215,213.78030401455112,True,offline_attainable_single_model_not_CI
paysim,2,PTH,82,platt,605510,312,0.05,30276,216,0.6923076923076923,0.007134363852556481,39660,0.0008348427848322041,215,12850,6,6237,215,221,217.9122178988327,True,offline_attainable_single_model_not_CI
paysim,2,PTH,82,platt,605510,312,0.1,60551,241,0.7724358974358975,0.003980115935327245,67410,0.0006797493821686195,241,1502,0,1265,241,241,241.0,True,offline_attainable_single_model_not_CI
paysim,2,PTHW,42,raw,605510,312,0.01,6056,203,0.6506410256410257,0.033520475561426684,16753,0.010388347119873504,203,770,7,125,203,210,204.13636363636363,True,offline_attainable_single_model_not_CI
paysim,2,PTHW,42,raw,605510,312,0.03,18166,224,0.717948717948718,0.012330727733127822,26742,0.001032907902485037,224,2903,1,157,224,225,224.05408198415432,True,offline_attainable_single_model_not_CI
paysim,2,PTHW,42,raw,605510,312,0.05,30276,228,0.7307692307692307,0.0075307173999207295,38448,0.0008990628254382722,226,15019,7,8640,226,233,230.02689926093615,True,offline_attainable_single_model_not_CI
paysim,2,PTHW,42,raw,605510,312,0.1,60551,250,0.8012820512820513,0.004128750970256478,66501,0.0006716779918300947,248,66709,19,8214,248,267,250.33950441469668,True,offline_attainable_single_model_not_CI
paysim,2,PTHW,42,clipped,605510,312,0.01,6056,203,0.6506410256410257,0.033520475561426684,16753,0.010388347119873504,203,770,7,125,203,210,204.13636363636363,True,offline_attainable_single_model_not_CI
paysim,2,PTHW,42,clipped,605510,312,0.03,18166,224,0.717948717948718,0.012330727733127822,26742,0.001032907902485037,224,2903,1,157,224,225,224.05408198415432,True,offline_attainable_single_model_not_CI
paysim,2,PTHW,42,clipped,605510,312,0.05,30276,228,0.7307692307692307,0.0075307173999207295,38448,0.0008990628254382722,226,15019,7,8640,226,233,230.02689926093615,True,offline_attainable_single_model_not_CI
paysim,2,PTHW,42,clipped,605510,312,0.1,60551,250,0.8012820512820513,0.004128750970256478,66501,0.0006716779918300947,248,66709,19,8214,248,267,250.33950441469668,True,offline_attainable_single_model_not_CI
paysim,2,PTHW,42,platt,605510,312,0.01,6056,203,0.6506410256410257,0.033520475561426684,16753,0.0013060225109074893,203,770,7,125,203,210,204.13636363636363,True,offline_attainable_single_model_not_CI
paysim,2,PTHW,42,platt,605510,312,0.03,18166,224,0.717948717948718,0.012330727733127822,26742,0.000716874939935636,224,2903,1,157,224,225,224.05408198415432,True,offline_attainable_single_model_not_CI
paysim,2,PTHW,42,platt,605510,312,0.05,30276,228,0.7307692307692307,0.0075307173999207295,38448,0.0006915527585145925,226,15019,7,8640,226,233,230.02689926093615,True,offline_attainable_single_model_not_CI
paysim,2,PTHW,42,platt,605510,312,0.1,60551,250,0.8012820512820513,0.004128750970256478,66501,0.0006412346216483819,248,66709,19,8214,248,267,250.33950441469668,True,offline_attainable_single_model_not_CI
paysim,2,PTHW,52,raw,605510,312,0.01,6056,166,0.532051282051282,0.0274108322324967,20490,0.01933655929900027,166,118,0,106,166,166,166.0,True,offline_attainable_single_model_not_CI
paysim,2,PTHW,52,raw,605510,312,0.03,18166,216,0.6923076923076923,0.011890344599801827,27550,0.0008379020189453144,215,3269,2,1423,215,217,215.87060263077393,True,offline_attainable_single_model_not_CI
paysim,2,PTHW,52,raw,605510,312,0.05,30276,222,0.7115384615384616,0.007332540626238605,39054,0.0007373284244018387,222,6295,4,652,222,226,222.41429706115966,True,offline_attainable_single_model_not_CI
paysim,2,PTHW,52,raw,605510,312,0.1,60551,238,0.7628205128205128,0.003930570923684167,67713,0.0004180675744447531,237,2602,1,2456,237,238,237.94388931591084,True,offline_attainable_single_model_not_CI
paysim,2,PTHW,52,clipped,605510,312,0.01,6056,166,0.532051282051282,0.0274108322324967,20490,0.01933655929900027,166,118,0,106,166,166,166.0,True,offline_attainable_single_model_not_CI
paysim,2,PTHW,52,clipped,605510,312,0.03,18166,216,0.6923076923076923,0.011890344599801827,27550,0.0008379020189453144,215,3269,2,1423,215,217,215.87060263077393,True,offline_attainable_single_model_not_CI
paysim,2,PTHW,52,clipped,605510,312,0.05,30276,222,0.7115384615384616,0.007332540626238605,39054,0.0007373284244018387,222,6295,4,652,222,226,222.41429706115966,True,offline_attainable_single_model_not_CI
paysim,2,PTHW,52,clipped,605510,312,0.1,60551,238,0.7628205128205128,0.003930570923684167,67713,0.0004180675744447531,237,2602,1,2456,237,238,237.94388931591084,True,offline_attainable_single_model_not_CI
paysim,2,PTHW,52,platt,605510,312,0.01,6056,166,0.532051282051282,0.0274108322324967,20490,0.0014825964353422675,166,118,0,106,166,166,166.0,True,offline_attainable_single_model_not_CI
paysim,2,PTHW,52,platt,605510,312,0.03,18166,216,0.6923076923076923,0.011890344599801827,27550,0.0006578191605130695,215,3269,2,1423,215,217,215.87060263077393,True,offline_attainable_single_model_not_CI
paysim,2,PTHW,52,platt,605510,312,0.05,30276,222,0.7115384615384616,0.007332540626238605,39054,0.0006364998318886558,222,6295,4,652,222,226,222.41429706115966,True,offline_attainable_single_model_not_CI
paysim,2,PTHW,52,platt,605510,312,0.1,60551,238,0.7628205128205128,0.003930570923684167,67713,0.0005499444538525036,237,2602,1,2456,237,238,237.94388931591084,True,offline_attainable_single_model_not_CI
paysim,2,PTHW,62,raw,605510,312,0.01,6056,190,0.6089743589743589,0.031373844121532365,18066,0.0183468719272755,177,1134,20,601,177,197,187.59964726631392,True,offline_attainable_single_model_not_CI
paysim,2,PTHW,62,raw,605510,312,0.03,18166,221,0.7083333333333334,0.012165584058130573,27045,0.0008727976568681818,220,17151,9,2516,220,229,221.32027287038656,True,offline_attainable_single_model_not_CI
paysim,2,PTHW,62,raw,605510,312,0.05,30276,228,0.7307692307692307,0.0075307173999207295,38448,0.0008727976568681818,220,17151,9,14626,220,229,227.67500437292287,True,offline_attainable_single_model_not_CI
paysim,2,PTHW,62,raw,605510,312,0.1,60551,241,0.7724358974358975,0.003980115935327245,67410,0.0005239869174121308,240,47612,15,2603,240,255,240.82006636982274,True,offline_attainable_single_model_not_CI
paysim,2,PTHW,62,clipped,605510,312,0.01,6056,190,0.6089743589743589,0.031373844121532365,18066,0.0183468719272755,177,1134,20,601,177,197,187.59964726631392,True,offline_attainable_single_model_not_CI
paysim,2,PTHW,62,clipped,605510,312,0.03,18166,221,0.7083333333333334,0.012165584058130573,27045,0.0008727976568681818,220,17151,9,2516,220,229,221.32027287038656,True,offline_attainable_single_model_not_CI
paysim,2,PTHW,62,clipped,605510,312,0.05,30276,228,0.7307692307692307,0.0075307173999207295,38448,0.0008727976568681818,220,17151,9,14626,220,229,227.67500437292287,True,offline_attainable_single_model_not_CI
paysim,2,PTHW,62,clipped,605510,312,0.1,60551,241,0.7724358974358975,0.003980115935327245,67410,0.0005239869174121308,240,47612,15,2603,240,255,240.82006636982274,True,offline_attainable_single_model_not_CI
paysim,2,PTHW,62,platt,605510,312,0.01,6056,190,0.6089743589743589,0.031373844121532365,18066,0.0012049848578142748,177,1134,20,601,177,197,187.59964726631392,True,offline_attainable_single_model_not_CI
paysim,2,PTHW,62,platt,605510,312,0.03,18166,221,0.7083333333333334,0.012165584058130573,27045,0.0005519121283942463,220,17151,9,2516,220,229,221.32027287038656,True,offline_attainable_single_model_not_CI
paysim,2,PTHW,62,platt,605510,312,0.05,30276,228,0.7307692307692307,0.0075307173999207295,38448,0.0005519121283942463,220,17151,9,14626,220,229,227.67500437292287,True,offline_attainable_single_model_not_CI
paysim,2,PTHW,62,platt,605510,312,0.1,60551,241,0.7724358974358975,0.003980115935327245,67410,0.0004845366264237274,240,47612,15,2603,240,255,240.82006636982274,True,offline_attainable_single_model_not_CI
paysim,2,PTHW,72,raw,605510,312,0.01,6056,156,0.5,0.025759577278731835,21500,0.021778896237201497,156,52,1,10,156,157,156.19230769230768,True,offline_attainable_single_model_not_CI
paysim,2,PTHW,72,raw,605510,312,0.03,18166,208,0.6666666666666666,0.011449961466475833,28358,0.0009647945750021853,208,973,0,277,208,208,208.0,True,offline_attainable_single_model_not_CI
paysim,2,PTHW,72,raw,605510,312,0.05,30276,215,0.6891025641025641,0.0071013343902761265,39761,0.0008170806085780686,215,759,0,410,215,215,215.0,True,offline_attainable_single_model_not_CI
paysim,2,PTHW,72,raw,605510,312,0.1,60551,228,0.7307692307692307,0.003765420884873908,68723,0.0007287200478725808,225,26882,6,9238,225,231,227.06190015623838,True,offline_attainable_single_model_not_CI
paysim,2,PTHW,72,clipped,605510,312,0.01,6056,156,0.5,0.025759577278731835,21500,0.021778896237201497,156,52,1,10,156,157,156.19230769230768,True,offline_attainable_single_model_not_CI
paysim,2,PTHW,72,clipped,605510,312,0.03,18166,208,0.6666666666666666,0.011449961466475833,28358,0.0009647945750021853,208,973,0,277,208,208,208.0,True,offline_attainable_single_model_not_CI
paysim,2,PTHW,72,clipped,605510,312,0.05,30276,215,0.6891025641025641,0.0071013343902761265,39761,0.0008170806085780686,215,759,0,410,215,215,215.0,True,offline_attainable_single_model_not_CI
paysim,2,PTHW,72,clipped,605510,312,0.1,60551,228,0.7307692307692307,0.003765420884873908,68723,0.0007287200478725808,225,26882,6,9238,225,231,227.06190015623838,True,offline_attainable_single_model_not_CI
paysim,2,PTHW,72,platt,605510,312,0.01,6056,156,0.5,0.025759577278731835,21500,0.0016138829965311253,156,52,1,10,156,157,156.19230769230768,True,offline_attainable_single_model_not_CI
paysim,2,PTHW,72,platt,605510,312,0.03,18166,208,0.6666666666666666,0.011449961466475833,28358,0.0007140889851014924,208,973,0,277,208,208,208.0,True,offline_attainable_single_model_not_CI
paysim,2,PTHW,72,platt,605510,312,0.05,30276,215,0.6891025641025641,0.0071013343902761265,39761,0.0006838709055999587,215,759,0,410,215,215,215.0,True,offline_attainable_single_model_not_CI
paysim,2,PTHW,72,platt,605510,312,0.1,60551,228,0.7307692307692307,0.003765420884873908,68723,0.0006638081364599208,225,26882,6,9238,225,231,227.06190015623838,True,offline_attainable_single_model_not_CI
paysim,2,PTHW,82,raw,605510,312,0.01,6056,172,0.5512820512820513,0.028401585204755615,19884,0.027540156175273243,144,1269,32,1090,144,176,171.4862096138692,True,offline_attainable_single_model_not_CI
paysim,2,PTHW,82,raw,605510,312,0.03,18166,216,0.6923076923076923,0.011890344599801827,27550,0.0014836878031963562,215,21493,11,1936,215,226,215.99083422509653,True,offline_attainable_single_model_not_CI
paysim,2,PTHW,82,raw,605510,312,0.05,30276,221,0.7083333333333334,0.0072995111639582505,39155,0.0014836878031963562,215,21493,11,14046,215,226,222.1886660773275,True,offline_attainable_single_model_not_CI
paysim,2,PTHW,82,raw,605510,312,0.1,60551,242,0.7756410256410257,0.00399663093920827,67309,0.0006439758267299256,242,2005,0,1014,242,242,242.0,True,offline_attainable_single_model_not_CI
paysim,2,PTHW,82,clipped,605510,312,0.01,6056,172,0.5512820512820513,0.028401585204755615,19884,0.027540156175273243,144,1269,32,1090,144,176,171.4862096138692,True,offline_attainable_single_model_not_CI
paysim,2,PTHW,82,clipped,605510,312,0.03,18166,216,0.6923076923076923,0.011890344599801827,27550,0.0014836878031963562,215,21493,11,1936,215,226,215.99083422509653,True,offline_attainable_single_model_not_CI
paysim,2,PTHW,82,clipped,605510,312,0.05,30276,221,0.7083333333333334,0.0072995111639582505,39155,0.0014836878031963562,215,21493,11,14046,215,226,222.1886660773275,True,offline_attainable_single_model_not_CI
paysim,2,PTHW,82,clipped,605510,312,0.1,60551,242,0.7756410256410257,0.00399663093920827,67309,0.0006439758267299256,242,2005,0,1014,242,242,242.0,True,offline_attainable_single_model_not_CI
paysim,2,PTHW,82,platt,605510,312,0.01,6056,172,0.5512820512820513,0.028401585204755615,19884,0.003136887175822644,144,1269,32,1090,144,176,171.4862096138692,True,offline_attainable_single_model_not_CI
paysim,2,PTHW,82,platt,605510,312,0.03,18166,216,0.6923076923076923,0.011890344599801827,27550,0.0010324053413234473,215,21493,11,1936,215,226,215.99083422509653,True,offline_attainable_single_model_not_CI
paysim,2,PTHW,82,platt,605510,312,0.05,30276,221,0.7083333333333334,0.0072995111639582505,39155,0.0010324053413234473,215,21493,11,14046,215,226,222.1886660773275,True,offline_attainable_single_model_not_CI
paysim,2,PTHW,82,platt,605510,312,0.1,60551,242,0.7756410256410257,0.00399663093920827,67309,0.0007531967138407846,242,2005,0,1014,242,242,242.0,True,offline_attainable_single_model_not_CI
paysim,3,P0,42,raw,636723,3764,0.01,6368,1248,0.33156216790648246,0.19597989949748743,256720,0.003963339910887133,1241,218,8,211,1242,1249,1248.7431192660551,True,offline_attainable_single_model_not_CI
paysim,3,P0,42,raw,636723,3764,0.03,19102,1705,0.4529755579171095,0.08925766935399435,223297,0.0025187246433112298,1703,192,4,96,1703,1707,1705.0,True,offline_attainable_single_model_not_CI
paysim,3,P0,42,raw,636723,3764,0.05,31837,2069,0.5496811902231669,0.06498727895216258,199268,0.0018712550098306116,2069,208,6,5,2069,2074,2069.144230769231,True,offline_attainable_single_model_not_CI
paysim,3,P0,42,raw,636723,3764,0.1,63673,2763,0.7340595111583422,0.04339358911940697,161010,0.0012437680120585234,2734,2467,58,2091,2734,2792,2783.160113498176,True,offline_attainable_single_model_not_CI
paysim,3,P0,42,clipped,636723,3764,0.01,6368,1248,0.33156216790648246,0.19597989949748743,256720,0.003963339910887133,1241,218,8,211,1242,1249,1248.7431192660551,True,offline_attainable_single_model_not_CI
paysim,3,P0,42,clipped,636723,3764,0.03,19102,1705,0.4529755579171095,0.08925766935399435,223297,0.0025187246433112298,1703,192,4,96,1703,1707,1705.0,True,offline_attainable_single_model_not_CI
paysim,3,P0,42,clipped,636723,3764,0.05,31837,2069,0.5496811902231669,0.06498727895216258,199268,0.0018712550098306116,2069,208,6,5,2069,2074,2069.144230769231,True,offline_attainable_single_model_not_CI
paysim,3,P0,42,clipped,636723,3764,0.1,63673,2763,0.7340595111583422,0.04339358911940697,161010,0.0012437680120585234,2734,2467,58,2091,2734,2792,2783.160113498176,True,offline_attainable_single_model_not_CI
paysim,3,P0,42,platt,636723,3764,0.01,6368,1248,0.33156216790648246,0.19597989949748743,256720,0.0034128391596755744,1241,218,8,211,1242,1249,1248.7431192660551,True,offline_attainable_single_model_not_CI
paysim,3,P0,42,platt,636723,3764,0.03,19102,1705,0.4529755579171095,0.08925766935399435,223297,0.002659707406971539,1703,192,4,96,1703,1707,1705.0,True,offline_attainable_single_model_not_CI
paysim,3,P0,42,platt,636723,3764,0.05,31837,2069,0.5496811902231669,0.06498727895216258,199268,0.0022588664564416275,2069,208,6,5,2069,2074,2069.144230769231,True,offline_attainable_single_model_not_CI
paysim,3,P0,42,platt,636723,3764,0.1,63673,2763,0.7340595111583422,0.04339358911940697,161010,0.001804637888340305,2734,2467,58,2091,2734,2792,2783.160113498176,True,offline_attainable_single_model_not_CI
paysim,3,P0,52,raw,636723,3764,0.01,6368,1182,0.3140276301806589,0.18561557788944724,263386,0.003138034014331369,1171,975,26,625,1171,1197,1187.6666666666667,True,offline_attainable_single_model_not_CI
paysim,3,P0,52,raw,636723,3764,0.03,19102,1690,0.448990435706695,0.08847241126583603,224812,0.0022556352899713657,1679,594,12,593,1690,1691,1690.979797979798,True,offline_attainable_single_model_not_CI
paysim,3,P0,52,raw,636723,3764,0.05,31837,2123,0.5640276301806588,0.06668341866381883,193814,0.001920250999690194,2119,50,4,48,2121,2123,2122.84,True,offline_attainable_single_model_not_CI
paysim,3,P0,52,raw,636723,3764,0.1,63673,2827,0.7510626992561105,0.044398724734188745,154546,0.0006208430974638855,2826,914,18,196,2826,2844,2829.859956236324,True,offline_attainable_single_model_not_CI
paysim,3,P0,52,clipped,636723,3764,0.01,6368,1182,0.3140276301806589,0.18561557788944724,263386,0.003138034014331369,1171,975,26,625,1171,1197,1187.6666666666667,True,offline_attainable_single_model_not_CI
paysim,3,P0,52,clipped,636723,3764,0.03,19102,1690,0.448990435706695,0.08847241126583603,224812,0.0022556352899713657,1679,594,12,593,1690,1691,1690.979797979798,True,offline_attainable_single_model_not_CI
paysim,3,P0,52,clipped,636723,3764,0.05,31837,2123,0.5640276301806588,0.06668341866381883,193814,0.001920250999690194,2119,50,4,48,2121,2123,2122.84,True,offline_attainable_single_model_not_CI
paysim,3,P0,52,clipped,636723,3764,0.1,63673,2827,0.7510626992561105,0.044398724734188745,154546,0.0006208430974638855,2826,914,18,196,2826,2844,2829.859956236324,True,offline_attainable_single_model_not_CI
paysim,3,P0,52,platt,636723,3764,0.01,6368,1182,0.3140276301806589,0.18561557788944724,263386,0.003141004713326619,1171,975,26,625,1171,1197,1187.6666666666667,True,offline_attainable_single_model_not_CI
paysim,3,P0,52,platt,636723,3764,0.03,19102,1690,0.448990435706695,0.08847241126583603,224812,0.002654473121892073,1679,594,12,593,1690,1691,1690.979797979798,True,offline_attainable_single_model_not_CI
paysim,3,P0,52,platt,636723,3764,0.05,31837,2123,0.5640276301806588,0.06668341866381883,193814,0.0024454068690446967,2119,50,4,48,2121,2123,2122.84,True,offline_attainable_single_model_not_CI
paysim,3,P0,52,platt,636723,3764,0.1,63673,2827,0.7510626992561105,0.044398724734188745,154546,0.001375662731588088,2826,914,18,196,2826,2844,2829.859956236324,True,offline_attainable_single_model_not_CI
paysim,3,P0,62,raw,636723,3764,0.01,6368,851,0.22608926673751328,0.13363693467336685,296817,0.0037362244923223736,851,836,22,235,851,873,857.1842105263158,True,offline_attainable_single_model_not_CI
paysim,3,P0,62,raw,636723,3764,0.03,19102,1523,0.40462274176408075,0.07972987121767354,241679,0.0027003800405082084,1494,2330,113,1128,1494,1607,1548.7055793991417,True,offline_attainable_single_model_not_CI
paysim,3,P0,62,raw,636723,3764,0.05,31837,1910,0.5074388947927736,0.05999308980117474,215327,0.00226383857917393,1894,2038,41,1435,1894,1935,1922.868989205103,True,offline_attainable_single_model_not_CI
paysim,3,P0,62,raw,636723,3764,0.1,63673,2612,0.69394261424017,0.04102209727828122,176261,0.0008762801647283445,2610,1845,35,685,2610,2645,2622.9945799457996,True,offline_attainable_single_model_not_CI
paysim,3,P0,62,clipped,636723,3764,0.01,6368,851,0.22608926673751328,0.13363693467336685,296817,0.0037362244923223736,851,836,22,235,851,873,857.1842105263158,True,offline_attainable_single_model_not_CI
paysim,3,P0,62,clipped,636723,3764,0.03,19102,1523,0.40462274176408075,0.07972987121767354,241679,0.0027003800405082084,1494,2330,113,1128,1494,1607,1548.7055793991417,True,offline_attainable_single_model_not_CI
paysim,3,P0,62,clipped,636723,3764,0.05,31837,1910,0.5074388947927736,0.05999308980117474,215327,0.00226383857917393,1894,2038,41,1435,1894,1935,1922.868989205103,True,offline_attainable_single_model_not_CI
paysim,3,P0,62,clipped,636723,3764,0.1,63673,2612,0.69394261424017,0.04102209727828122,176261,0.0008762801647283445,2610,1845,35,685,2610,2645,2622.9945799457996,True,offline_attainable_single_model_not_CI
paysim,3,P0,62,platt,636723,3764,0.01,6368,851,0.22608926673751328,0.13363693467336685,296817,0.004278716240634821,851,836,22,235,851,873,857.1842105263158,True,offline_attainable_single_model_not_CI
paysim,3,P0,62,platt,636723,3764,0.03,19102,1523,0.40462274176408075,0.07972987121767354,241679,0.0034771172566825962,1494,2330,113,1128,1494,1607,1548.7055793991417,True,offline_attainable_single_model_not_CI
paysim,3,P0,62,platt,636723,3764,0.05,31837,1910,0.5074388947927736,0.05999308980117474,215327,0.003106685674112739,1894,2038,41,1435,1894,1935,1922.868989205103,True,offline_attainable_single_model_not_CI
paysim,3,P0,62,platt,636723,3764,0.1,63673,2612,0.69394261424017,0.04102209727828122,176261,0.0016942600367704046,2610,1845,35,685,2610,2645,2622.9945799457996,True,offline_attainable_single_model_not_CI
paysim,3,P0,72,raw,636723,3764,0.01,6368,1174,0.31190223166843783,0.18435929648241206,264194,0.0034346929987553,1159,2978,115,1130,1159,1274,1202.6366689053057,True,offline_attainable_single_model_not_CI
paysim,3,P0,72,raw,636723,3764,0.03,19102,1690,0.448990435706695,0.08847241126583603,224812,0.002335315218196154,1690,44,0,9,1690,1690,1690.0,True,offline_attainable_single_model_not_CI
paysim,3,P0,72,raw,636723,3764,0.05,31837,2090,0.555260361317747,0.0656468888400289,197147,0.0018466895225407428,2081,1087,24,573,2081,2105,2093.6513339466424,True,offline_attainable_single_model_not_CI
paysim,3,P0,72,raw,636723,3764,0.1,63673,2821,0.7494686503719448,0.044304493270302954,155152,0.0007124983753661498,2812,832,16,558,2812,2828,2822.730769230769,True,offline_attainable_single_model_not_CI
paysim,3,P0,72,clipped,636723,3764,0.01,6368,1174,0.31190223166843783,0.18435929648241206,264194,0.0034346929987553,1159,2978,115,1130,1159,1274,1202.6366689053057,True,offline_attainable_single_model_not_CI
paysim,3,P0,72,clipped,636723,3764,0.03,19102,1690,0.448990435706695,0.08847241126583603,224812,0.002335315218196154,1690,44,0,9,1690,1690,1690.0,True,offline_attainable_single_model_not_CI
paysim,3,P0,72,clipped,636723,3764,0.05,31837,2090,0.555260361317747,0.0656468888400289,197147,0.0018466895225407428,2081,1087,24,573,2081,2105,2093.6513339466424,True,offline_attainable_single_model_not_CI
paysim,3,P0,72,clipped,636723,3764,0.1,63673,2821,0.7494686503719448,0.044304493270302954,155152,0.0007124983753661498,2812,832,16,558,2812,2828,2822.730769230769,True,offline_attainable_single_model_not_CI
paysim,3,P0,72,platt,636723,3764,0.01,6368,1174,0.31190223166843783,0.18435929648241206,264194,0.00337081018400072,1159,2978,115,1130,1159,1274,1202.6366689053057,True,offline_attainable_single_model_not_CI
paysim,3,P0,72,platt,636723,3764,0.03,19102,1690,0.448990435706695,0.08847241126583603,224812,0.002742422794922249,1690,44,0,9,1690,1690,1690.0,True,offline_attainable_single_model_not_CI
paysim,3,P0,72,platt,636723,3764,0.05,31837,2090,0.555260361317747,0.0656468888400289,197147,0.002418957019200504,2081,1087,24,573,2081,2105,2093.6513339466424,True,offline_attainable_single_model_not_CI
paysim,3,P0,72,platt,636723,3764,0.1,63673,2821,0.7494686503719448,0.044304493270302954,155152,0.0014539402856155793,2812,832,16,558,2812,2828,2822.730769230769,True,offline_attainable_single_model_not_CI
paysim,3,P0,82,raw,636723,3764,0.01,6368,1014,0.269394261424017,0.15923366834170855,280354,0.003421084985063192,1006,428,13,356,1006,1019,1016.8130841121496,True,offline_attainable_single_model_not_CI
paysim,3,P0,82,raw,636723,3764,0.03,19102,1713,0.4551009564293305,0.08967647366767878,222489,0.002347510498241008,1689,2289,103,1136,1689,1792,1740.11751856706,True,offline_attainable_single_model_not_CI
paysim,3,P0,82,raw,636723,3764,0.05,31837,2124,0.5642933049946866,0.06671482865847912,193713,0.0017538974167763742,2111,665,18,641,2111,2129,2128.3503759398495,True,offline_attainable_single_model_not_CI
paysim,3,P0,82,raw,636723,3764,0.1,63673,2826,0.7507970244420828,0.04438301949020778,154647,0.0005961081114848676,2825,963,20,344,2825,2845,2832.1443406022845,True,offline_attainable_single_model_not_CI
paysim,3,P0,82,clipped,636723,3764,0.01,6368,1014,0.269394261424017,0.15923366834170855,280354,0.003421084985063192,1006,428,13,356,1006,1019,1016.8130841121496,True,offline_attainable_single_model_not_CI
paysim,3,P0,82,clipped,636723,3764,0.03,19102,1713,0.4551009564293305,0.08967647366767878,222489,0.002347510498241008,1689,2289,103,1136,1689,1792,1740.11751856706,True,offline_attainable_single_model_not_CI
paysim,3,P0,82,clipped,636723,3764,0.05,31837,2124,0.5642933049946866,0.06671482865847912,193713,0.0017538974167763742,2111,665,18,641,2111,2129,2128.3503759398495,True,offline_attainable_single_model_not_CI
paysim,3,P0,82,clipped,636723,3764,0.1,63673,2826,0.7507970244420828,0.04438301949020778,154647,0.0005961081114848676,2825,963,20,344,2825,2845,2832.1443406022845,True,offline_attainable_single_model_not_CI
paysim,3,P0,82,platt,636723,3764,0.01,6368,1014,0.269394261424017,0.15923366834170855,280354,0.0033862149790848187,1006,428,13,356,1006,1019,1016.8130841121496,True,offline_attainable_single_model_not_CI
paysim,3,P0,82,platt,636723,3764,0.03,19102,1713,0.4551009564293305,0.08967647366767878,222489,0.0027779228182974332,1689,2289,103,1136,1689,1792,1740.11751856706,True,offline_attainable_single_model_not_CI
paysim,3,P0,82,platt,636723,3764,0.05,31837,2124,0.5642933049946866,0.06671482865847912,193713,0.002383285600096711,2111,665,18,641,2111,2129,2128.3503759398495,True,offline_attainable_single_model_not_CI
paysim,3,P0,82,platt,636723,3764,0.1,63673,2826,0.7507970244420828,0.04438301949020778,154647,0.0013517120905822627,2825,963,20,344,2825,2845,2832.1443406022845,True,offline_attainable_single_model_not_CI
paysim,3,PT,42,raw,636723,3764,0.01,6368,574,0.15249734325185973,0.09013819095477386,324794,1.0,0,11059,1407,6368,0,1407,810.1795822407089,True,offline_attainable_single_model_not_CI
paysim,3,PT,42,raw,636723,3764,0.03,19102,2012,0.5345377258235919,0.10532928489163439,192290,0.004059859814618979,2012,205,1,142,2012,2013,2012.6926829268293,True,offline_attainable_single_model_not_CI
paysim,3,PT,42,raw,636723,3764,0.05,31837,2422,0.6434643995749203,0.0760750070672488,163615,0.002049916317696149,2422,97,0,42,2422,2422,2422.0,True,offline_attainable_single_model_not_CI
paysim,3,PT,42,raw,636723,3764,0.1,63673,2957,0.7856004250797024,0.046440406451714225,141416,0.0012660308922671927,2957,31,0,31,2957,2957,2957.0,False,offline_attainable_single_model_not_CI
paysim,3,PT,42,clipped,636723,3764,0.01,6368,622,0.16524973432518597,0.09767587939698492,319946,0.999999,0,11206,1527,6368,0,1527,867.7437087274674,True,offline_attainable_single_model_not_CI
paysim,3,PT,42,clipped,636723,3764,0.03,19102,2012,0.5345377258235919,0.10532928489163439,192290,0.004059859814618979,2012,205,1,142,2012,2013,2012.6926829268293,True,offline_attainable_single_model_not_CI
paysim,3,PT,42,clipped,636723,3764,0.05,31837,2422,0.6434643995749203,0.0760750070672488,163615,0.002049916317696149,2422,97,0,42,2422,2422,2422.0,True,offline_attainable_single_model_not_CI
paysim,3,PT,42,clipped,636723,3764,0.1,63673,2957,0.7856004250797024,0.046440406451714225,141416,0.0012660308922671927,2957,31,0,31,2957,2957,2957.0,False,offline_attainable_single_model_not_CI
paysim,3,PT,42,platt,636723,3764,0.01,6368,622,0.16524973432518597,0.09767587939698492,319946,0.06205201829434563,0,11206,1527,6368,0,1527,867.7437087274674,True,offline_attainable_single_model_not_CI
paysim,3,PT,42,platt,636723,3764,0.03,19102,2012,0.5345377258235919,0.10532928489163439,192290,0.0010099802554609423,2012,205,1,142,2012,2013,2012.6926829268293,True,offline_attainable_single_model_not_CI
paysim,3,PT,42,platt,636723,3764,0.05,31837,2422,0.6434643995749203,0.0760750070672488,163615,0.00087086636170552,2422,97,0,42,2422,2422,2422.0,True,offline_attainable_single_model_not_CI
paysim,3,PT,42,platt,636723,3764,0.1,63673,2957,0.7856004250797024,0.046440406451714225,141416,0.0007845439075824639,2957,31,0,31,2957,2957,2957.0,False,offline_attainable_single_model_not_CI
paysim,3,PT,52,raw,636723,3764,0.01,6368,417,0.11078639744952179,0.06548366834170855,340651,1.0,0,10508,1000,6368,0,1000,606.0144651693947,True,offline_attainable_single_model_not_CI
paysim,3,PT,52,raw,636723,3764,0.03,19102,1974,0.524442082890542,0.10333996440163333,196128,0.004792856885909909,1972,264,6,205,1972,1978,1976.659090909091,True,offline_attainable_single_model_not_CI
paysim,3,PT,52,raw,636723,3764,0.05,31837,2435,0.6469181721572795,0.0764833369978327,162302,0.0024065459706721515,2435,965,29,386,2435,2464,2446.6,True,offline_attainable_single_model_not_CI
paysim,3,PT,52,raw,636723,3764,0.1,63673,2926,0.777364505844846,0.045953543888304305,144547,0.0016668532153583453,2926,574,0,425,2926,2926,2926.0,True,offline_attainable_single_model_not_CI
paysim,3,PT,52,clipped,636723,3764,0.01,6368,518,0.13761955366631243,0.08134422110552764,330450,0.999999,0,12274,1388,6368,0,1388,720.1225354407691,True,offline_attainable_single_model_not_CI
paysim,3,PT,52,clipped,636723,3764,0.03,19102,1974,0.524442082890542,0.10333996440163333,196128,0.004792856885909909,1972,264,6,205,1972,1978,1976.659090909091,True,offline_attainable_single_model_not_CI
paysim,3,PT,52,clipped,636723,3764,0.05,31837,2435,0.6469181721572795,0.0764833369978327,162302,0.0024065459706721515,2435,965,29,386,2435,2464,2446.6,True,offline_attainable_single_model_not_CI
paysim,3,PT,52,clipped,636723,3764,0.1,63673,2926,0.777364505844846,0.045953543888304305,144547,0.0016668532153583453,2926,574,0,425,2926,2926,2926.0,True,offline_attainable_single_model_not_CI
paysim,3,PT,52,platt,636723,3764,0.01,6368,518,0.13761955366631243,0.08134422110552764,330450,0.060404487019318526,0,12274,1388,6368,0,1388,720.1225354407691,True,offline_attainable_single_model_not_CI
paysim,3,PT,52,platt,636723,3764,0.03,19102,1974,0.524442082890542,0.10333996440163333,196128,0.0010467976120747985,1972,264,6,205,1972,1978,1976.659090909091,True,offline_attainable_single_model_not_CI
paysim,3,PT,52,platt,636723,3764,0.05,31837,2435,0.6469181721572795,0.0764833369978327,162302,0.0009023784588003567,2435,965,29,386,2435,2464,2446.6,True,offline_attainable_single_model_not_CI
paysim,3,PT,52,platt,636723,3764,0.1,63673,2926,0.777364505844846,0.045953543888304305,144547,0.0008338068069414802,2926,574,0,425,2926,2926,2926.0,True,offline_attainable_single_model_not_CI
paysim,3,PT,62,raw,636723,3764,0.01,6368,514,0.1365568544102019,0.08071608040201005,330854,1.0,0,10429,1233,6368,0,1233,752.8760187937482,True,offline_attainable_single_model_not_CI
paysim,3,PT,62,raw,636723,3764,0.03,19102,1902,0.5053134962805526,0.09957072557847346,203400,0.004921866352443057,1901,97,4,37,1901,1905,1902.5257731958764,True,offline_attainable_single_model_not_CI
paysim,3,PT,62,raw,636723,3764,0.05,31837,2352,0.6248671625929861,0.07387630744102773,170685,0.0021401504199852995,2352,64,0,57,2352,2352,2352.0,True,offline_attainable_single_model_not_CI
paysim,3,PT,62,raw,636723,3764,0.1,63673,2827,0.7510626992561105,0.044398724734188745,154546,0.0014980575503200724,2827,1774,12,783,2827,2839,2832.2965050732805,True,offline_attainable_single_model_not_CI
paysim,3,PT,62,clipped,636723,3764,0.01,6368,555,0.14744952178533474,0.08715452261306533,326713,0.999999,0,10644,1340,6368,0,1340,801.6835776024051,True,offline_attainable_single_model_not_CI
paysim,3,PT,62,clipped,636723,3764,0.03,19102,1902,0.5053134962805526,0.09957072557847346,203400,0.004921866352443057,1901,97,4,37,1901,1905,1902.5257731958764,True,offline_attainable_single_model_not_CI
paysim,3,PT,62,clipped,636723,3764,0.05,31837,2352,0.6248671625929861,0.07387630744102773,170685,0.0021401504199852995,2352,64,0,57,2352,2352,2352.0,True,offline_attainable_single_model_not_CI
paysim,3,PT,62,clipped,636723,3764,0.1,63673,2827,0.7510626992561105,0.044398724734188745,154546,0.0014980575503200724,2827,1774,12,783,2827,2839,2832.2965050732805,True,offline_attainable_single_model_not_CI
paysim,3,PT,62,platt,636723,3764,0.01,6368,555,0.14744952178533474,0.08715452261306533,326713,0.05857674823907735,0,10644,1340,6368,0,1340,801.6835776024051,True,offline_attainable_single_model_not_CI
paysim,3,PT,62,platt,636723,3764,0.03,19102,1902,0.5053134962805526,0.09957072557847346,203400,0.0010766298085187421,1901,97,4,37,1901,1905,1902.5257731958764,True,offline_attainable_single_model_not_CI
paysim,3,PT,62,platt,636723,3764,0.05,31837,2352,0.6248671625929861,0.07387630744102773,170685,0.0009019492887220389,2352,64,0,57,2352,2352,2352.0,True,offline_attainable_single_model_not_CI
paysim,3,PT,62,platt,636723,3764,0.1,63673,2827,0.7510626992561105,0.044398724734188745,154546,0.0008361771060583965,2827,1774,12,783,2827,2839,2832.2965050732805,True,offline_attainable_single_model_not_CI
paysim,3,PT,72,raw,636723,3764,0.01,6368,575,0.15276301806588735,0.09029522613065327,324693,1.0,0,9838,1143,6368,0,1143,739.847936572474,True,offline_attainable_single_model_not_CI
paysim,3,PT,72,raw,636723,3764,0.03,19102,1604,0.4261424017003188,0.0839702648937284,233498,0.04252376565615265,1601,91,4,51,1601,1605,1603.2417582417581,True,offline_attainable_single_model_not_CI
paysim,3,PT,72,raw,636723,3764,0.05,31837,2037,0.5411795961742827,0.06398215912303296,202500,0.0034835426976282504,2037,271,2,151,2037,2039,2038.1143911439115,True,offline_attainable_single_model_not_CI
paysim,3,PT,72,raw,636723,3764,0.1,63673,2681,0.7122741764080766,0.04210575911296782,169292,0.0014211956727365883,2681,149,1,61,2681,2682,2681.4093959731545,True,offline_attainable_single_model_not_CI
paysim,3,PT,72,clipped,636723,3764,0.01,6368,437,0.11609989373007439,0.06862437185929648,338631,0.999999,0,16711,1386,6368,0,1386,528.1579797738017,True,offline_attainable_single_model_not_CI
paysim,3,PT,72,clipped,636723,3764,0.03,19102,1604,0.4261424017003188,0.0839702648937284,233498,0.04252376565615265,1601,91,4,51,1601,1605,1603.2417582417581,True,offline_attainable_single_model_not_CI
paysim,3,PT,72,clipped,636723,3764,0.05,31837,2037,0.5411795961742827,0.06398215912303296,202500,0.0034835426976282504,2037,271,2,151,2037,2039,2038.1143911439115,True,offline_attainable_single_model_not_CI
paysim,3,PT,72,clipped,636723,3764,0.1,63673,2681,0.7122741764080766,0.04210575911296782,169292,0.0014211956727365883,2681,149,1,61,2681,2682,2681.4093959731545,True,offline_attainable_single_model_not_CI
paysim,3,PT,72,platt,636723,3764,0.01,6368,437,0.11609989373007439,0.06862437185929648,338631,0.01664904113438612,0,16711,1386,6368,0,1386,528.1579797738017,True,offline_attainable_single_model_not_CI
paysim,3,PT,72,platt,636723,3764,0.03,19102,1604,0.4261424017003188,0.0839702648937284,233498,0.0012237821538943865,1601,91,4,51,1601,1605,1603.2417582417581,True,offline_attainable_single_model_not_CI
paysim,3,PT,72,platt,636723,3764,0.05,31837,2037,0.5411795961742827,0.06398215912303296,202500,0.0008253556519627471,2037,271,2,151,2037,2039,2038.1143911439115,True,offline_attainable_single_model_not_CI
paysim,3,PT,72,platt,636723,3764,0.1,63673,2681,0.7122741764080766,0.04210575911296782,169292,0.0007180485187705636,2681,149,1,61,2681,2682,2681.4093959731545,True,offline_attainable_single_model_not_CI
paysim,3,PT,82,raw,636723,3764,0.01,6368,870,0.23113708820403825,0.13662060301507536,294898,0.9999999999999969,870,244,0,230,870,870,870.0,True,offline_attainable_single_model_not_CI
paysim,3,PT,82,raw,636723,3764,0.03,19102,2030,0.5393198724760893,0.10627159459742436,190472,0.004221212665044502,2030,5,0,1,2030,2030,2030.0,True,offline_attainable_single_model_not_CI
paysim,3,PT,82,raw,636723,3764,0.05,31837,2459,0.6532943676939427,0.07723717686967993,159878,0.002591154531064205,2459,326,4,208,2459,2463,2461.552147239264,True,offline_attainable_single_model_not_CI
paysim,3,PT,82,raw,636723,3764,0.1,63673,2949,0.7834750265674814,0.046314764499866504,142224,0.0014288328795503125,2949,601,7,178,2949,2956,2951.073211314476,True,offline_attainable_single_model_not_CI
paysim,3,PT,82,clipped,636723,3764,0.01,6368,442,0.11742826780021254,0.06940954773869347,338126,0.999999,0,10619,1098,6368,0,1098,658.4484414728317,True,offline_attainable_single_model_not_CI
paysim,3,PT,82,clipped,636723,3764,0.03,19102,2030,0.5393198724760893,0.10627159459742436,190472,0.004221212665044502,2030,5,0,1,2030,2030,2030.0,True,offline_attainable_single_model_not_CI
paysim,3,PT,82,clipped,636723,3764,0.05,31837,2459,0.6532943676939427,0.07723717686967993,159878,0.002591154531064205,2459,326,4,208,2459,2463,2461.552147239264,True,offline_attainable_single_model_not_CI
paysim,3,PT,82,clipped,636723,3764,0.1,63673,2949,0.7834750265674814,0.046314764499866504,142224,0.0014288328795503125,2949,601,7,178,2949,2956,2951.073211314476,True,offline_attainable_single_model_not_CI
paysim,3,PT,82,platt,636723,3764,0.01,6368,442,0.11742826780021254,0.06940954773869347,338126,0.0609303697020708,0,10619,1098,6368,0,1098,658.4484414728317,True,offline_attainable_single_model_not_CI
paysim,3,PT,82,platt,636723,3764,0.03,19102,2030,0.5393198724760893,0.10627159459742436,190472,0.001045442342514809,2030,5,0,1,2030,2030,2030.0,True,offline_attainable_single_model_not_CI
paysim,3,PT,82,platt,636723,3764,0.05,31837,2459,0.6532943676939427,0.07723717686967993,159878,0.0009415026585628769,2459,326,4,208,2459,2463,2461.552147239264,True,offline_attainable_single_model_not_CI
paysim,3,PT,82,platt,636723,3764,0.1,63673,2949,0.7834750265674814,0.046314764499866504,142224,0.0008287463828423775,2949,601,7,178,2949,2956,2951.073211314476,True,offline_attainable_single_model_not_CI
paysim,3,PH,42,raw,636723,3764,0.01,6368,1854,0.49256110520722635,0.291143216080402,195514,0.008688645712814334,1853,1045,203,83,1853,1936,1869.1234449760766,True,offline_attainable_single_model_not_CI
paysim,3,PH,42,raw,636723,3764,0.03,19102,2854,0.7582359192348566,0.14940843890692074,107248,0.0007379009458288525,2854,8354,52,1497,2854,2906,2863.3181709360783,True,offline_attainable_single_model_not_CI
paysim,3,PH,42,raw,636723,3764,0.05,31837,2933,0.7792242295430393,0.09212551433866256,112004,0.0007056860707038041,2932,15694,95,2949,2932,3027,2949.851089588378,True,offline_attainable_single_model_not_CI
paysim,3,PH,42,raw,636723,3764,0.1,63673,3171,0.8424548352816154,0.04980132866364079,119802,0.00040153896574966,3171,37,0,10,3171,3171,3171.0,True,offline_attainable_single_model_not_CI
paysim,3,PH,42,clipped,636723,3764,0.01,6368,1854,0.49256110520722635,0.291143216080402,195514,0.008688645712814334,1853,1045,203,83,1853,1936,1869.1234449760766,True,offline_attainable_single_model_not_CI
paysim,3,PH,42,clipped,636723,3764,0.03,19102,2854,0.7582359192348566,0.14940843890692074,107248,0.0007379009458288525,2854,8354,52,1497,2854,2906,2863.3181709360783,True,offline_attainable_single_model_not_CI
paysim,3,PH,42,clipped,636723,3764,0.05,31837,2933,0.7792242295430393,0.09212551433866256,112004,0.0007056860707038041,2932,15694,95,2949,2932,3027,2949.851089588378,True,offline_attainable_single_model_not_CI
paysim,3,PH,42,clipped,636723,3764,0.1,63673,3171,0.8424548352816154,0.04980132866364079,119802,0.00040153896574966,3171,37,0,10,3171,3171,3171.0,True,offline_attainable_single_model_not_CI
paysim,3,PH,42,platt,636723,3764,0.01,6368,1854,0.49256110520722635,0.291143216080402,195514,0.006152876590406081,1853,1045,203,83,1853,1936,1869.1234449760766,True,offline_attainable_single_model_not_CI
paysim,3,PH,42,platt,636723,3764,0.03,19102,2854,0.7582359192348566,0.14940843890692074,107248,0.0015907113635650675,2854,8354,52,1497,2854,2906,2863.3181709360783,True,offline_attainable_single_model_not_CI
paysim,3,PH,42,platt,636723,3764,0.05,31837,2933,0.7792242295430393,0.09212551433866256,112004,0.0015522588000177198,2932,15694,95,2949,2932,3027,2949.851089588378,True,offline_attainable_single_model_not_CI
paysim,3,PH,42,platt,636723,3764,0.1,63673,3171,0.8424548352816154,0.04980132866364079,119802,0.0011395072202740764,3171,37,0,10,3171,3171,3171.0,True,offline_attainable_single_model_not_CI
paysim,3,PH,52,raw,636723,3764,0.01,6368,1769,0.46997874601487777,0.27779522613065327,204099,0.0162496218330547,1709,1625,279,688,1709,1988,1827.1243076923076,True,offline_attainable_single_model_not_CI
paysim,3,PH,52,raw,636723,3764,0.03,19102,2875,0.7638150903294367,0.15050780023034238,105127,0.0008077524167240878,2875,219,1,73,2875,2876,2875.3333333333335,True,offline_attainable_single_model_not_CI
paysim,3,PH,52,raw,636723,3764,0.05,31837,2981,0.7919766206163655,0.093633194082357,107156,0.0005595669276704549,2976,525,5,450,2976,2981,2980.285714285714,True,offline_attainable_single_model_not_CI
paysim,3,PH,52,raw,636723,3764,0.1,63673,3168,0.8416578108395324,0.04975421293169789,120105,0.0004070397905778785,3116,11518,66,10125,3116,3182,3174.0178850494876,True,offline_attainable_single_model_not_CI
paysim,3,PH,52,clipped,636723,3764,0.01,6368,1769,0.46997874601487777,0.27779522613065327,204099,0.0162496218330547,1709,1625,279,688,1709,1988,1827.1243076923076,True,offline_attainable_single_model_not_CI
paysim,3,PH,52,clipped,636723,3764,0.03,19102,2875,0.7638150903294367,0.15050780023034238,105127,0.0008077524167240878,2875,219,1,73,2875,2876,2875.3333333333335,True,offline_attainable_single_model_not_CI
paysim,3,PH,52,clipped,636723,3764,0.05,31837,2981,0.7919766206163655,0.093633194082357,107156,0.0005595669276704549,2976,525,5,450,2976,2981,2980.285714285714,True,offline_attainable_single_model_not_CI
paysim,3,PH,52,clipped,636723,3764,0.1,63673,3168,0.8416578108395324,0.04975421293169789,120105,0.0004070397905778785,3116,11518,66,10125,3116,3182,3174.0178850494876,True,offline_attainable_single_model_not_CI
paysim,3,PH,52,platt,636723,3764,0.01,6368,1769,0.46997874601487777,0.27779522613065327,204099,0.011516327318610619,1709,1625,279,688,1709,1988,1827.1243076923076,True,offline_attainable_single_model_not_CI
paysim,3,PH,52,platt,636723,3764,0.03,19102,2875,0.7638150903294367,0.15050780023034238,105127,0.001727397087379765,2875,219,1,73,2875,2876,2875.3333333333335,True,offline_attainable_single_model_not_CI
paysim,3,PH,52,platt,636723,3764,0.05,31837,2981,0.7919766206163655,0.093633194082357,107156,0.0013699766440303496,2976,525,5,450,2976,2981,2980.285714285714,True,offline_attainable_single_model_not_CI
paysim,3,PH,52,platt,636723,3764,0.1,63673,3168,0.8416578108395324,0.04975421293169789,120105,0.0011205210248943843,3116,11518,66,10125,3116,3182,3174.0178850494876,True,offline_attainable_single_model_not_CI
paysim,3,PH,62,raw,636723,3764,0.01,6368,1905,0.5061105207226355,0.29915201005025127,190363,0.015428671797538056,1904,1465,237,413,1904,2141,1970.8129692832765,True,offline_attainable_single_model_not_CI
paysim,3,PH,62,raw,636723,3764,0.03,19102,2727,0.7244952178533475,0.1427599204271804,120075,0.0008730888780056575,2727,27,0,25,2727,2727,2727.0,True,offline_attainable_single_model_not_CI
paysim,3,PH,62,raw,636723,3764,0.05,31837,2776,0.7375132837407014,0.08719414517699532,127861,0.0007548687691315314,2760,14990,95,6918,2760,2855,2803.843228819213,True,offline_attainable_single_model_not_CI
paysim,3,PH,62,raw,636723,3764,0.1,63673,3059,0.8126992561105207,0.04804234133777268,131114,0.0004508282997618972,3058,4999,15,2213,3058,3073,3064.640328065613,True,offline_attainable_single_model_not_CI
paysim,3,PH,62,clipped,636723,3764,0.01,6368,1905,0.5061105207226355,0.29915201005025127,190363,0.015428671797538056,1904,1465,237,413,1904,2141,1970.8129692832765,True,offline_attainable_single_model_not_CI
paysim,3,PH,62,clipped,636723,3764,0.03,19102,2727,0.7244952178533475,0.1427599204271804,120075,0.0008730888780056575,2727,27,0,25,2727,2727,2727.0,True,offline_attainable_single_model_not_CI
paysim,3,PH,62,clipped,636723,3764,0.05,31837,2776,0.7375132837407014,0.08719414517699532,127861,0.0007548687691315314,2760,14990,95,6918,2760,2855,2803.843228819213,True,offline_attainable_single_model_not_CI
paysim,3,PH,62,clipped,636723,3764,0.1,63673,3059,0.8126992561105207,0.04804234133777268,131114,0.0004508282997618972,3058,4999,15,2213,3058,3073,3064.640328065613,True,offline_attainable_single_model_not_CI
paysim,3,PH,62,platt,636723,3764,0.01,6368,1905,0.5061105207226355,0.29915201005025127,190363,0.00404566955795907,1904,1465,237,413,1904,2141,1970.8129692832765,True,offline_attainable_single_model_not_CI
paysim,3,PH,62,platt,636723,3764,0.03,19102,2727,0.7244952178533475,0.1427599204271804,120075,0.0012793587142603691,2727,27,0,25,2727,2727,2727.0,True,offline_attainable_single_model_not_CI
paysim,3,PH,62,platt,636723,3764,0.05,31837,2776,0.7375132837407014,0.08719414517699532,127861,0.0012070944470977103,2760,14990,95,6918,2760,2855,2803.843228819213,True,offline_attainable_single_model_not_CI
paysim,3,PH,62,platt,636723,3764,0.1,63673,3059,0.8126992561105207,0.04804234133777268,131114,0.000982398058173199,3058,4999,15,2213,3058,3073,3064.640328065613,True,offline_attainable_single_model_not_CI
paysim,3,PH,72,raw,636723,3764,0.01,6368,1607,0.4269394261424017,0.25235552763819097,220461,0.015578397349000832,1085,3851,684,3236,1154,1769,1659.7660347961569,True,offline_attainable_single_model_not_CI
paysim,3,PH,72,raw,636723,3764,0.03,19102,2269,0.6028161530286928,0.11878337346874673,166333,0.0009183960618137362,2262,1352,37,200,2262,2299,2267.473372781065,True,offline_attainable_single_model_not_CI
paysim,3,PH,72,raw,636723,3764,0.05,31837,2363,0.6277895855472901,0.07422181738229104,169574,0.0008198357033701312,2362,17041,102,2967,2362,2464,2379.7591690628483,True,offline_attainable_single_model_not_CI
paysim,3,PH,72,raw,636723,3764,0.1,63673,2576,0.6843783209351754,0.04045670849496647,179897,0.0005410234181271646,2574,6859,26,2939,2574,2600,2585.140691062837,True,offline_attainable_single_model_not_CI
paysim,3,PH,72,clipped,636723,3764,0.01,6368,1607,0.4269394261424017,0.25235552763819097,220461,0.015578397349000832,1085,3851,684,3236,1154,1769,1659.7660347961569,True,offline_attainable_single_model_not_CI
paysim,3,PH,72,clipped,636723,3764,0.03,19102,2269,0.6028161530286928,0.11878337346874673,166333,0.0009183960618137362,2262,1352,37,200,2262,2299,2267.473372781065,True,offline_attainable_single_model_not_CI
paysim,3,PH,72,clipped,636723,3764,0.05,31837,2363,0.6277895855472901,0.07422181738229104,169574,0.0008198357033701312,2362,17041,102,2967,2362,2464,2379.7591690628483,True,offline_attainable_single_model_not_CI
paysim,3,PH,72,clipped,636723,3764,0.1,63673,2576,0.6843783209351754,0.04045670849496647,179897,0.0005410234181271646,2574,6859,26,2939,2574,2600,2585.140691062837,True,offline_attainable_single_model_not_CI
paysim,3,PH,72,platt,636723,3764,0.01,6368,1607,0.4269394261424017,0.25235552763819097,220461,0.004573635099568439,1085,3851,684,3236,1154,1769,1659.7660347961569,True,offline_attainable_single_model_not_CI
paysim,3,PH,72,platt,636723,3764,0.03,19102,2269,0.6028161530286928,0.11878337346874673,166333,0.0015144057796857057,2262,1352,37,200,2262,2299,2267.473372781065,True,offline_attainable_single_model_not_CI
paysim,3,PH,72,platt,636723,3764,0.05,31837,2363,0.6277895855472901,0.07422181738229104,169574,0.0014489449693537361,2362,17041,102,2967,2362,2464,2379.7591690628483,True,offline_attainable_single_model_not_CI
paysim,3,PH,72,platt,636723,3764,0.1,63673,2576,0.6843783209351754,0.04045670849496647,179897,0.0012325232977121415,2574,6859,26,2939,2574,2600,2585.140691062837,True,offline_attainable_single_model_not_CI
paysim,3,PH,82,raw,636723,3764,0.01,6368,1638,0.4351753453772582,0.25722361809045224,217330,0.01744145765808961,1203,5086,906,3348,1203,2109,1799.399528116398,True,offline_attainable_single_model_not_CI
paysim,3,PH,82,raw,636723,3764,0.03,19102,2792,0.7417640807651434,0.1461627054758664,113510,0.0008578866669307398,2784,1989,22,1277,2784,2806,2798.1246857717447,True,offline_attainable_single_model_not_CI
paysim,3,PH,82,raw,636723,3764,0.05,31837,2833,0.7526567481402763,0.08898451487263247,122104,0.0008187414688754805,2828,24428,151,8673,2828,2979,2881.6115523170133,True,offline_attainable_single_model_not_CI
paysim,3,PH,82,raw,636723,3764,0.1,63673,3112,0.8267800212539851,0.04887471926876384,125761,0.0006604862514478919,3098,4332,26,2548,3098,3124,3113.29270544783,True,offline_attainable_single_model_not_CI
paysim,3,PH,82,clipped,636723,3764,0.01,6368,1638,0.4351753453772582,0.25722361809045224,217330,0.01744145765808961,1203,5086,906,3348,1203,2109,1799.399528116398,True,offline_attainable_single_model_not_CI
paysim,3,PH,82,clipped,636723,3764,0.03,19102,2792,0.7417640807651434,0.1461627054758664,113510,0.0008578866669307398,2784,1989,22,1277,2784,2806,2798.1246857717447,True,offline_attainable_single_model_not_CI
paysim,3,PH,82,clipped,636723,3764,0.05,31837,2833,0.7526567481402763,0.08898451487263247,122104,0.0008187414688754805,2828,24428,151,8673,2828,2979,2881.6115523170133,True,offline_attainable_single_model_not_CI
paysim,3,PH,82,clipped,636723,3764,0.1,63673,3112,0.8267800212539851,0.04887471926876384,125761,0.0006604862514478919,3098,4332,26,2548,3098,3124,3113.29270544783,True,offline_attainable_single_model_not_CI
paysim,3,PH,82,platt,636723,3764,0.01,6368,1638,0.4351753453772582,0.25722361809045224,217330,0.008866327639321409,1203,5086,906,3348,1203,2109,1799.399528116398,True,offline_attainable_single_model_not_CI
paysim,3,PH,82,platt,636723,3764,0.03,19102,2792,0.7417640807651434,0.1461627054758664,113510,0.0015824628991420611,2784,1989,22,1277,2784,2806,2798.1246857717447,True,offline_attainable_single_model_not_CI
paysim,3,PH,82,platt,636723,3764,0.05,31837,2833,0.7526567481402763,0.08898451487263247,122104,0.0015408231334907688,2828,24428,151,8673,2828,2979,2881.6115523170133,True,offline_attainable_single_model_not_CI
paysim,3,PH,82,platt,636723,3764,0.1,63673,3112,0.8267800212539851,0.04887471926876384,125761,0.0013629875453480523,3098,4332,26,2548,3098,3124,3113.29270544783,True,offline_attainable_single_model_not_CI
paysim,3,PTH,42,raw,636723,3764,0.01,6368,1668,0.44314558979808716,0.2619346733668342,214300,0.23814100205670552,1668,100,0,18,1668,1668,1668.0,True,offline_attainable_single_model_not_CI
paysim,3,PTH,42,raw,636723,3764,0.03,19102,2940,0.7810839532412327,0.15391058527902837,98562,0.002756267990876291,2940,55,0,11,2940,2940,2940.0,True,offline_attainable_single_model_not_CI
paysim,3,PTH,42,raw,636723,3764,0.05,31837,3126,0.8304994686503719,0.09818764330810063,92511,0.0010221121914622214,3123,5042,11,2523,3123,3134,3128.5043633478776,True,offline_attainable_single_model_not_CI
paysim,3,PTH,42,raw,636723,3764,0.1,63673,3244,0.8618490967056323,0.05094781147425125,112429,0.000550926929281296,3244,1,0,1,3244,3244,3244.0,False,offline_attainable_single_model_not_CI
paysim,3,PTH,42,clipped,636723,3764,0.01,6368,1668,0.44314558979808716,0.2619346733668342,214300,0.23814100205670552,1668,100,0,18,1668,1668,1668.0,True,offline_attainable_single_model_not_CI
paysim,3,PTH,42,clipped,636723,3764,0.03,19102,2940,0.7810839532412327,0.15391058527902837,98562,0.002756267990876291,2940,55,0,11,2940,2940,2940.0,True,offline_attainable_single_model_not_CI
paysim,3,PTH,42,clipped,636723,3764,0.05,31837,3126,0.8304994686503719,0.09818764330810063,92511,0.0010221121914622214,3123,5042,11,2523,3123,3134,3128.5043633478776,True,offline_attainable_single_model_not_CI
paysim,3,PTH,42,clipped,636723,3764,0.1,63673,3244,0.8618490967056323,0.05094781147425125,112429,0.000550926929281296,3244,1,0,1,3244,3244,3244.0,False,offline_attainable_single_model_not_CI
paysim,3,PTH,42,platt,636723,3764,0.01,6368,1668,0.44314558979808716,0.2619346733668342,214300,0.00843391258228194,1668,100,0,18,1668,1668,1668.0,True,offline_attainable_single_model_not_CI
paysim,3,PTH,42,platt,636723,3764,0.03,19102,2940,0.7810839532412327,0.15391058527902837,98562,0.0011966054504152564,2940,55,0,11,2940,2940,2940.0,True,offline_attainable_single_model_not_CI
paysim,3,PTH,42,platt,636723,3764,0.05,31837,3126,0.8304994686503719,0.09818764330810063,92511,0.0007929021511625628,3123,5042,11,2523,3123,3134,3128.5043633478776,True,offline_attainable_single_model_not_CI
paysim,3,PTH,42,platt,636723,3764,0.1,63673,3244,0.8618490967056323,0.05094781147425125,112429,0.000613688065084421,3244,1,0,1,3244,3244,3244.0,False,offline_attainable_single_model_not_CI
paysim,3,PTH,52,raw,636723,3764,0.01,6368,520,0.1381509032943677,0.08165829145728644,330248,1.0,0,11851,1324,6368,0,1324,711.4363344865412,True,offline_attainable_single_model_not_CI
paysim,3,PTH,52,raw,636723,3764,0.03,19102,1781,0.47316684378320933,0.09323631033399644,215621,0.06687146854678061,1781,444,0,200,1781,1781,1781.0,True,offline_attainable_single_model_not_CI
paysim,3,PTH,52,raw,636723,3764,0.05,31837,2776,0.7375132837407014,0.08719414517699532,127861,0.0022112962507167882,2776,1,0,1,2776,2776,2776.0,False,offline_attainable_single_model_not_CI
paysim,3,PTH,52,raw,636723,3764,0.1,63673,2990,0.7943676939426142,0.04695867950308608,138083,0.0005728882774293689,2990,1099,7,208,2990,2997,2991.3248407643314,True,offline_attainable_single_model_not_CI
paysim,3,PTH,52,clipped,636723,3764,0.01,6368,545,0.14479277364505844,0.08558417085427136,327723,0.999999,0,12065,1392,6368,0,1392,734.7083298798177,True,offline_attainable_single_model_not_CI
paysim,3,PTH,52,clipped,636723,3764,0.03,19102,1781,0.47316684378320933,0.09323631033399644,215621,0.06687146854678061,1781,444,0,200,1781,1781,1781.0,True,offline_attainable_single_model_not_CI
paysim,3,PTH,52,clipped,636723,3764,0.05,31837,2776,0.7375132837407014,0.08719414517699532,127861,0.0022112962507167882,2776,1,0,1,2776,2776,2776.0,False,offline_attainable_single_model_not_CI
paysim,3,PTH,52,clipped,636723,3764,0.1,63673,2990,0.7943676939426142,0.04695867950308608,138083,0.0005728882774293689,2990,1099,7,208,2990,2997,2991.3248407643314,True,offline_attainable_single_model_not_CI
paysim,3,PTH,52,platt,636723,3764,0.01,6368,545,0.14479277364505844,0.08558417085427136,327723,0.06395524517503627,0,12065,1392,6368,0,1392,734.7083298798177,True,offline_attainable_single_model_not_CI
paysim,3,PTH,52,platt,636723,3764,0.03,19102,1781,0.47316684378320933,0.09323631033399644,215621,0.0018110521187305827,1781,444,0,200,1781,1781,1781.0,True,offline_attainable_single_model_not_CI
paysim,3,PTH,52,platt,636723,3764,0.05,31837,2776,0.7375132837407014,0.08719414517699532,127861,0.0008421109236729069,2776,1,0,1,2776,2776,2776.0,False,offline_attainable_single_model_not_CI
paysim,3,PTH,52,platt,636723,3764,0.1,63673,2990,0.7943676939426142,0.04695867950308608,138083,0.0006250703346378701,2990,1099,7,208,2990,2997,2991.3248407643314,True,offline_attainable_single_model_not_CI
paysim,3,PTH,62,raw,636723,3764,0.01,6368,1101,0.2925079702444208,0.1728957286432161,271567,1.0,0,6524,1257,6368,1101,1257,1226.942979767014,True,offline_attainable_single_model_not_CI
paysim,3,PTH,62,raw,636723,3764,0.03,19102,2711,0.7202444208289054,0.14192231179981155,121691,0.0014710180689921596,2710,1849,15,846,2710,2725,2716.863169280692,True,offline_attainable_single_model_not_CI
paysim,3,PTH,62,raw,636723,3764,0.05,31837,2859,0.7595642933049946,0.0898011747338003,119478,0.0007470266256366624,2858,43,2,34,2858,2860,2859.5813953488373,True,offline_attainable_single_model_not_CI
paysim,3,PTH,62,raw,636723,3764,0.1,63673,3000,0.7970244420828906,0.047115731942895735,137073,0.0005609583438082571,2999,81,1,45,2999,3000,2999.5555555555557,True,offline_attainable_single_model_not_CI
paysim,3,PTH,62,clipped,636723,3764,0.01,6368,1068,0.28374070138150903,0.16771356783919597,274900,0.999999,0,6660,1289,6368,997,1289,1232.4852852852853,True,offline_attainable_single_model_not_CI
paysim,3,PTH,62,clipped,636723,3764,0.03,19102,2711,0.7202444208289054,0.14192231179981155,121691,0.0014710180689921596,2710,1849,15,846,2710,2725,2716.863169280692,True,offline_attainable_single_model_not_CI
paysim,3,PTH,62,clipped,636723,3764,0.05,31837,2859,0.7595642933049946,0.0898011747338003,119478,0.0007470266256366624,2858,43,2,34,2858,2860,2859.5813953488373,True,offline_attainable_single_model_not_CI
paysim,3,PTH,62,clipped,636723,3764,0.1,63673,3000,0.7970244420828906,0.047115731942895735,137073,0.0005609583438082571,2999,81,1,45,2999,3000,2999.5555555555557,True,offline_attainable_single_model_not_CI
paysim,3,PTH,62,platt,636723,3764,0.01,6368,1068,0.28374070138150903,0.16771356783919597,274900,0.074099144747034,0,6660,1289,6368,997,1289,1232.4852852852853,True,offline_attainable_single_model_not_CI
paysim,3,PTH,62,platt,636723,3764,0.03,19102,2711,0.7202444208289054,0.14192231179981155,121691,0.0008299615144620981,2710,1849,15,846,2710,2725,2716.863169280692,True,offline_attainable_single_model_not_CI
paysim,3,PTH,62,platt,636723,3764,0.05,31837,2859,0.7595642933049946,0.0898011747338003,119478,0.0007127465334814173,2858,43,2,34,2858,2860,2859.5813953488373,True,offline_attainable_single_model_not_CI
paysim,3,PTH,62,platt,636723,3764,0.1,63673,3000,0.7970244420828906,0.047115731942895735,137073,0.0006683311041210348,2999,81,1,45,2999,3000,2999.5555555555557,True,offline_attainable_single_model_not_CI
paysim,3,PTH,72,raw,636723,3764,0.01,6368,1014,0.269394261424017,0.15923366834170855,280354,0.9962541219038942,1014,113,0,66,1014,1014,1014.0,True,offline_attainable_single_model_not_CI
paysim,3,PTH,72,raw,636723,3764,0.03,19102,2999,0.796758767268863,0.15699926709245104,92603,0.006429900021318849,2998,31,5,16,2998,3003,3000.5806451612902,True,offline_attainable_single_model_not_CI
paysim,3,PTH,72,raw,636723,3764,0.05,31837,3193,0.8482996811902231,0.1002921129503408,85744,0.0007539117950084121,3192,108,2,70,3192,3194,3193.296296296296,True,offline_attainable_single_model_not_CI
paysim,3,PTH,72,raw,636723,3764,0.1,63673,3340,0.8873538788522848,0.052455514896423916,102733,0.00042183324191208556,3326,9328,27,6549,3326,3353,3344.956153516295,True,offline_attainable_single_model_not_CI
paysim,3,PTH,72,clipped,636723,3764,0.01,6368,1014,0.269394261424017,0.15923366834170855,280354,0.9962541219038942,1014,113,0,66,1014,1014,1014.0,True,offline_attainable_single_model_not_CI
paysim,3,PTH,72,clipped,636723,3764,0.03,19102,2999,0.796758767268863,0.15699926709245104,92603,0.006429900021318849,2998,31,5,16,2998,3003,3000.5806451612902,True,offline_attainable_single_model_not_CI
paysim,3,PTH,72,clipped,636723,3764,0.05,31837,3193,0.8482996811902231,0.1002921129503408,85744,0.0007539117950084121,3192,108,2,70,3192,3194,3193.296296296296,True,offline_attainable_single_model_not_CI
paysim,3,PTH,72,clipped,636723,3764,0.1,63673,3340,0.8873538788522848,0.052455514896423916,102733,0.00042183324191208556,3326,9328,27,6549,3326,3353,3344.956153516295,True,offline_attainable_single_model_not_CI
paysim,3,PTH,72,platt,636723,3764,0.01,6368,1014,0.269394261424017,0.15923366834170855,280354,0.8247858898398206,1014,113,0,66,1014,1014,1014.0,True,offline_attainable_single_model_not_CI
paysim,3,PTH,72,platt,636723,3764,0.03,19102,2999,0.796758767268863,0.15699926709245104,92603,0.005295037067377919,2998,31,5,16,2998,3003,3000.5806451612902,True,offline_attainable_single_model_not_CI
paysim,3,PTH,72,platt,636723,3764,0.05,31837,3193,0.8482996811902231,0.1002921129503408,85744,0.0013474197129861025,3192,108,2,70,3192,3194,3193.296296296296,True,offline_attainable_single_model_not_CI
paysim,3,PTH,72,platt,636723,3764,0.1,63673,3340,0.8873538788522848,0.052455514896423916,102733,0.0009301185105257219,3326,9328,27,6549,3326,3353,3344.956153516295,True,offline_attainable_single_model_not_CI
paysim,3,PTH,82,raw,636723,3764,0.01,6368,1866,0.4957492029755579,0.2930276381909548,194302,0.03395743761212008,1866,1,0,1,1866,1866,1866.0,False,offline_attainable_single_model_not_CI
paysim,3,PTH,82,raw,636723,3764,0.03,19102,2998,0.7964930924548352,0.1569469165532405,92704,0.0011598154025317263,2998,60,0,11,2998,2998,2998.0,True,offline_attainable_single_model_not_CI
paysim,3,PTH,82,raw,636723,3764,0.05,31837,3071,0.8158873538788523,0.09646009360178409,98066,0.0007712566040700207,3071,14,0,10,3071,3071,3071.0,True,offline_attainable_single_model_not_CI
paysim,3,PTH,82,raw,636723,3764,0.1,63673,3206,0.8517534537725824,0.050351012202974575,116267,0.0005717212118656837,3206,1,0,1,3206,3206,3206.0,False,offline_attainable_single_model_not_CI
paysim,3,PTH,82,clipped,636723,3764,0.01,6368,1866,0.4957492029755579,0.2930276381909548,194302,0.03395743761212008,1866,1,0,1,1866,1866,1866.0,False,offline_attainable_single_model_not_CI
paysim,3,PTH,82,clipped,636723,3764,0.03,19102,2998,0.7964930924548352,0.1569469165532405,92704,0.0011598154025317263,2998,60,0,11,2998,2998,2998.0,True,offline_attainable_single_model_not_CI
paysim,3,PTH,82,clipped,636723,3764,0.05,31837,3071,0.8158873538788523,0.09646009360178409,98066,0.0007712566040700207,3071,14,0,10,3071,3071,3071.0,True,offline_attainable_single_model_not_CI
paysim,3,PTH,82,clipped,636723,3764,0.1,63673,3206,0.8517534537725824,0.050351012202974575,116267,0.0005717212118656837,3206,1,0,1,3206,3206,3206.0,False,offline_attainable_single_model_not_CI
paysim,3,PTH,82,platt,636723,3764,0.01,6368,1866,0.4957492029755579,0.2930276381909548,194302,0.0045146095577216876,1866,1,0,1,1866,1866,1866.0,False,offline_attainable_single_model_not_CI
paysim,3,PTH,82,platt,636723,3764,0.03,19102,2998,0.7964930924548352,0.1569469165532405,92704,0.001217698316480561,2998,60,0,11,2998,2998,2998.0,True,offline_attainable_single_model_not_CI
paysim,3,PTH,82,platt,636723,3764,0.05,31837,3071,0.8158873538788523,0.09646009360178409,98066,0.0010406290397187302,3071,14,0,10,3071,3071,3071.0,True,offline_attainable_single_model_not_CI
paysim,3,PTH,82,platt,636723,3764,0.1,63673,3206,0.8517534537725824,0.050351012202974575,116267,0.0009273178739798853,3206,1,0,1,3206,3206,3206.0,False,offline_attainable_single_model_not_CI
paysim,3,PTHW,42,raw,636723,3764,0.01,6368,1926,0.5116896918172157,0.3024497487437186,188242,0.06978401115704663,1922,356,59,62,1922,1981,1932.2752808988764,True,offline_attainable_single_model_not_CI
paysim,3,PTHW,42,raw,636723,3764,0.03,19102,2972,0.7895855472901169,0.1555858025337661,95330,0.0026585016637277114,2972,37,2,5,2972,2974,2972.2702702702704,True,offline_attainable_single_model_not_CI
paysim,3,PTHW,42,raw,636723,3764,0.05,31837,3066,0.8145589798087142,0.09630304362848258,98571,0.0010622889261128283,3066,1,0,1,3066,3066,3066.0,False,offline_attainable_single_model_not_CI
paysim,3,PTHW,42,raw,636723,3764,0.1,63673,3194,0.8485653560042508,0.05016254927520299,117479,0.0007323864298489866,3192,2976,3,2282,3192,3195,3194.3004032258063,True,offline_attainable_single_model_not_CI
paysim,3,PTHW,42,clipped,636723,3764,0.01,6368,1926,0.5116896918172157,0.3024497487437186,188242,0.06978401115704663,1922,356,59,62,1922,1981,1932.2752808988764,True,offline_attainable_single_model_not_CI
paysim,3,PTHW,42,clipped,636723,3764,0.03,19102,2972,0.7895855472901169,0.1555858025337661,95330,0.0026585016637277114,2972,37,2,5,2972,2974,2972.2702702702704,True,offline_attainable_single_model_not_CI
paysim,3,PTHW,42,clipped,636723,3764,0.05,31837,3066,0.8145589798087142,0.09630304362848258,98571,0.0010622889261128283,3066,1,0,1,3066,3066,3066.0,False,offline_attainable_single_model_not_CI
paysim,3,PTHW,42,clipped,636723,3764,0.1,63673,3194,0.8485653560042508,0.05016254927520299,117479,0.0007323864298489866,3192,2976,3,2282,3192,3195,3194.3004032258063,True,offline_attainable_single_model_not_CI
paysim,3,PTHW,42,platt,636723,3764,0.01,6368,1926,0.5116896918172157,0.3024497487437186,188242,0.002790911696019379,1922,356,59,62,1922,1981,1932.2752808988764,True,offline_attainable_single_model_not_CI
paysim,3,PTHW,42,platt,636723,3764,0.03,19102,2972,0.7895855472901169,0.1555858025337661,95330,0.0010559416543666216,2972,37,2,5,2972,2974,2972.2702702702704,True,offline_attainable_single_model_not_CI
paysim,3,PTHW,42,platt,636723,3764,0.05,31837,3066,0.8145589798087142,0.09630304362848258,98571,0.0008078157422594191,3066,1,0,1,3066,3066,3066.0,False,offline_attainable_single_model_not_CI
paysim,3,PTHW,42,platt,636723,3764,0.1,63673,3194,0.8485653560042508,0.05016254927520299,117479,0.0007247491764868229,3192,2976,3,2282,3192,3195,3194.3004032258063,True,offline_attainable_single_model_not_CI
paysim,3,PTHW,52,raw,636723,3764,0.01,6368,1097,0.2914452709883103,0.17226758793969849,271971,1.0,0,6621,1275,6368,1022,1275,1226.2800181241505,True,offline_attainable_single_model_not_CI
paysim,3,PTHW,52,raw,636723,3764,0.03,19102,2658,0.706163655685441,0.1391477332216522,127044,0.0008299196684214561,2658,25611,93,812,2658,2751,2660.9485767834135,True,offline_attainable_single_model_not_CI
paysim,3,PTHW,52,raw,636723,3764,0.05,31837,2688,0.71413390010627,0.08443006564688885,136749,0.0008299196684214561,2658,25611,93,13547,2658,2751,2707.1925735035725,True,offline_attainable_single_model_not_CI
paysim,3,PTHW,52,raw,636723,3764,0.1,63673,2842,0.7550478214665249,0.04463430339390322,153031,0.000593375733517537,2838,66855,121,6626,2838,2959,2849.9923117193925,True,offline_attainable_single_model_not_CI
paysim,3,PTHW,52,clipped,636723,3764,0.01,6368,1138,0.30233793836344314,0.17870603015075376,267830,0.999999,0,7043,1340,6368,665,1340,1211.5746130910125,True,offline_attainable_single_model_not_CI
paysim,3,PTHW,52,clipped,636723,3764,0.03,19102,2658,0.706163655685441,0.1391477332216522,127044,0.0008299196684214561,2658,25611,93,812,2658,2751,2660.9485767834135,True,offline_attainable_single_model_not_CI
paysim,3,PTHW,52,clipped,636723,3764,0.05,31837,2688,0.71413390010627,0.08443006564688885,136749,0.0008299196684214561,2658,25611,93,13547,2658,2751,2707.1925735035725,True,offline_attainable_single_model_not_CI
paysim,3,PTHW,52,clipped,636723,3764,0.1,63673,2842,0.7550478214665249,0.04463430339390322,153031,0.000593375733517537,2838,66855,121,6626,2838,2959,2849.9923117193925,True,offline_attainable_single_model_not_CI
paysim,3,PTHW,52,platt,636723,3764,0.01,6368,1138,0.30233793836344314,0.17870603015075376,267830,0.5927881294092293,0,7043,1340,6368,665,1340,1211.5746130910125,True,offline_attainable_single_model_not_CI
paysim,3,PTHW,52,platt,636723,3764,0.03,19102,2658,0.706163655685441,0.1391477332216522,127044,0.0006728209418298938,2658,25611,93,812,2658,2751,2660.9485767834135,True,offline_attainable_single_model_not_CI
paysim,3,PTHW,52,platt,636723,3764,0.05,31837,2688,0.71413390010627,0.08443006564688885,136749,0.0006728209418298938,2658,25611,93,13547,2658,2751,2707.1925735035725,True,offline_attainable_single_model_not_CI
paysim,3,PTHW,52,platt,636723,3764,0.1,63673,2842,0.7550478214665249,0.04463430339390322,153031,0.0005948184604254659,2838,66855,121,6626,2838,2959,2849.9923117193925,True,offline_attainable_single_model_not_CI
paysim,3,PTHW,62,raw,636723,3764,0.01,6368,1298,0.34484590860786396,0.20383165829145727,251670,0.9999999999999303,1298,46,2,8,1298,1300,1298.3478260869565,True,offline_attainable_single_model_not_CI
paysim,3,PTHW,62,raw,636723,3764,0.03,19102,2240,0.5951115834218916,0.11726520783164067,169262,0.027512180318398884,2237,999,118,190,2237,2355,2259.4424424424424,True,offline_attainable_single_model_not_CI
paysim,3,PTHW,62,raw,636723,3764,0.05,31837,2781,0.7388416578108395,0.08735119515029682,127356,0.002990491998186216,2781,11,0,11,2781,2781,2781.0,False,offline_attainable_single_model_not_CI
paysim,3,PTHW,62,raw,636723,3764,0.1,63673,2940,0.7810839532412327,0.04617341730403782,143133,0.0009151449206963082,2870,23777,79,23441,2870,2949,2947.883627034529,True,offline_attainable_single_model_not_CI
paysim,3,PTHW,62,clipped,636723,3764,0.01,6368,862,0.2290116896918172,0.1353643216080402,295706,0.999999,0,9007,1348,6368,0,1348,953.0436327300988,True,offline_attainable_single_model_not_CI
paysim,3,PTHW,62,clipped,636723,3764,0.03,19102,2240,0.5951115834218916,0.11726520783164067,169262,0.027512180318398884,2237,999,118,190,2237,2355,2259.4424424424424,True,offline_attainable_single_model_not_CI
paysim,3,PTHW,62,clipped,636723,3764,0.05,31837,2781,0.7388416578108395,0.08735119515029682,127356,0.002990491998186216,2781,11,0,11,2781,2781,2781.0,False,offline_attainable_single_model_not_CI
paysim,3,PTHW,62,clipped,636723,3764,0.1,63673,2940,0.7810839532412327,0.04617341730403782,143133,0.0009151449206963082,2870,23777,79,23441,2870,2949,2947.883627034529,True,offline_attainable_single_model_not_CI
paysim,3,PTHW,62,platt,636723,3764,0.01,6368,862,0.2290116896918172,0.1353643216080402,295706,0.8647757390900628,0,9007,1348,6368,0,1348,953.0436327300988,True,offline_attainable_single_model_not_CI
paysim,3,PTHW,62,platt,636723,3764,0.03,19102,2240,0.5951115834218916,0.11726520783164067,169262,0.0036604008307670557,2237,999,118,190,2237,2355,2259.4424424424424,True,offline_attainable_single_model_not_CI
paysim,3,PTHW,62,platt,636723,3764,0.05,31837,2781,0.7388416578108395,0.08735119515029682,127356,0.0013998777718120903,2781,11,0,11,2781,2781,2781.0,False,offline_attainable_single_model_not_CI
paysim,3,PTHW,62,platt,636723,3764,0.1,63673,2940,0.7810839532412327,0.04617341730403782,143133,0.0008417082219316235,2870,23777,79,23441,2870,2949,2947.883627034529,True,offline_attainable_single_model_not_CI
paysim,3,PTHW,72,raw,636723,3764,0.01,6368,1387,0.36849096705632306,0.2178077889447236,242681,0.7115109865274408,1358,103,79,42,1376,1400,1390.2135922330096,True,offline_attainable_single_model_not_CI
paysim,3,PTHW,72,raw,636723,3764,0.03,19102,2959,0.7861317747077577,0.1549052455240289,96643,0.0022005215892990314,2949,726,12,651,2949,2961,2959.7603305785124,True,offline_attainable_single_model_not_CI
paysim,3,PTHW,72,raw,636723,3764,0.05,31837,3043,0.8084484590860787,0.09558061375129566,100894,0.0010006572068390178,3043,987,7,527,3043,3050,3046.7375886524824,True,offline_attainable_single_model_not_CI
paysim,3,PTHW,72,raw,636723,3764,0.1,63673,3209,0.8525504782146652,0.05039812793491747,115964,0.0005909845204441474,3205,1390,6,1135,3205,3211,3209.8992805755397,True,offline_attainable_single_model_not_CI
paysim,3,PTHW,72,clipped,636723,3764,0.01,6368,1387,0.36849096705632306,0.2178077889447236,242681,0.7115109865274408,1358,103,79,42,1376,1400,1390.2135922330096,True,offline_attainable_single_model_not_CI
paysim,3,PTHW,72,clipped,636723,3764,0.03,19102,2959,0.7861317747077577,0.1549052455240289,96643,0.0022005215892990314,2949,726,12,651,2949,2961,2959.7603305785124,True,offline_attainable_single_model_not_CI
paysim,3,PTHW,72,clipped,636723,3764,0.05,31837,3043,0.8084484590860787,0.09558061375129566,100894,0.0010006572068390178,3043,987,7,527,3043,3050,3046.7375886524824,True,offline_attainable_single_model_not_CI
paysim,3,PTHW,72,clipped,636723,3764,0.1,63673,3209,0.8525504782146652,0.05039812793491747,115964,0.0005909845204441474,3205,1390,6,1135,3205,3211,3209.8992805755397,True,offline_attainable_single_model_not_CI
paysim,3,PTHW,72,platt,636723,3764,0.01,6368,1387,0.36849096705632306,0.2178077889447236,242681,0.07590655218048899,1358,103,79,42,1376,1400,1390.2135922330096,True,offline_attainable_single_model_not_CI
paysim,3,PTHW,72,platt,636723,3764,0.03,19102,2959,0.7861317747077577,0.1549052455240289,96643,0.0014584358788317891,2949,726,12,651,2949,2961,2959.7603305785124,True,offline_attainable_single_model_not_CI
paysim,3,PTHW,72,platt,636723,3764,0.05,31837,3043,0.8084484590860787,0.09558061375129566,100894,0.0009275862620093698,3043,987,7,527,3043,3050,3046.7375886524824,True,offline_attainable_single_model_not_CI
paysim,3,PTHW,72,platt,636723,3764,0.1,63673,3209,0.8525504782146652,0.05039812793491747,115964,0.0006855923293789476,3205,1390,6,1135,3205,3211,3209.8992805755397,True,offline_attainable_single_model_not_CI
paysim,3,PTHW,82,raw,636723,3764,0.01,6368,1534,0.4075451647183847,0.24089195979899497,227834,0.9276125947527232,1529,321,10,224,1529,1539,1535.9781931464174,True,offline_attainable_single_model_not_CI
paysim,3,PTHW,82,raw,636723,3764,0.03,19102,2925,0.7770988310308182,0.15312532719087008,100077,0.013780253942755163,2925,580,10,12,2925,2935,2925.206896551724,True,offline_attainable_single_model_not_CI
paysim,3,PTHW,82,raw,636723,3764,0.05,31837,3110,0.8262486716259299,0.09768508339353582,94127,0.0017949984548251774,3100,3757,19,1875,3100,3119,3109.4822997072133,True,offline_attainable_single_model_not_CI
paysim,3,PTHW,82,raw,636723,3764,0.1,63673,3240,0.8607863974495218,0.05088499049832739,112833,0.0009708451591204296,3238,1753,4,986,3238,3242,3240.249857387336,True,offline_attainable_single_model_not_CI
paysim,3,PTHW,82,clipped,636723,3764,0.01,6368,1534,0.4075451647183847,0.24089195979899497,227834,0.9276125947527232,1529,321,10,224,1529,1539,1535.9781931464174,True,offline_attainable_single_model_not_CI
paysim,3,PTHW,82,clipped,636723,3764,0.03,19102,2925,0.7770988310308182,0.15312532719087008,100077,0.013780253942755163,2925,580,10,12,2925,2935,2925.206896551724,True,offline_attainable_single_model_not_CI
paysim,3,PTHW,82,clipped,636723,3764,0.05,31837,3110,0.8262486716259299,0.09768508339353582,94127,0.0017949984548251774,3100,3757,19,1875,3100,3119,3109.4822997072133,True,offline_attainable_single_model_not_CI
paysim,3,PTHW,82,clipped,636723,3764,0.1,63673,3240,0.8607863974495218,0.05088499049832739,112833,0.0009708451591204296,3238,1753,4,986,3238,3242,3240.249857387336,True,offline_attainable_single_model_not_CI
paysim,3,PTHW,82,platt,636723,3764,0.01,6368,1534,0.4075451647183847,0.24089195979899497,227834,0.0339606482102406,1529,321,10,224,1529,1539,1535.9781931464174,True,offline_attainable_single_model_not_CI
paysim,3,PTHW,82,platt,636723,3764,0.03,19102,2925,0.7770988310308182,0.15312532719087008,100077,0.00205472196743141,2925,580,10,12,2925,2935,2925.206896551724,True,offline_attainable_single_model_not_CI
paysim,3,PTHW,82,platt,636723,3764,0.05,31837,3110,0.8262486716259299,0.09768508339353582,94127,0.0008767026543717315,3100,3757,19,1875,3100,3119,3109.4822997072133,True,offline_attainable_single_model_not_CI
paysim,3,PTHW,82,platt,636723,3764,0.1,63673,3240,0.8607863974495218,0.05088499049832739,112833,0.0006788218863987831,3238,1753,4,986,3238,3242,3240.249857387336,True,offline_attainable_single_model_not_CI
ieee_cis,1,M0,42,raw_probability,59054,2094,0.01,591,513,0.24498567335243554,0.868020304568528,158178,0.6202361668798215,512,1,1,1,513,513,513.0,False,offline_attainable_single_model_not_CI
ieee_cis,1,M0,42,raw_probability,59054,2094,0.03,1772,891,0.42550143266475643,0.5028216704288939,121181,0.1773345746283934,891,1,0,1,891,891,891.0,False,offline_attainable_single_model_not_CI
ieee_cis,1,M0,42,raw_probability,59054,2094,0.05,2953,1034,0.49379178605539636,0.3501523874026414,107919,0.10740961223095609,1034,1,0,1,1034,1034,1034.0,False,offline_attainable_single_model_not_CI
ieee_cis,1,M0,42,raw_probability,59054,2094,0.1,5906,1298,0.6198662846227316,0.219776498476126,84208,0.0544235495186185,1298,1,0,1,1298,1298,1298.0,False,offline_attainable_single_model_not_CI
ieee_cis,1,M0,52,raw_probability,59054,2094,0.01,591,517,0.24689589302769818,0.8747884940778342,157774,0.6278453953344711,516,1,1,1,517,517,517.0,False,offline_attainable_single_model_not_CI
ieee_cis,1,M0,52,raw_probability,59054,2094,0.03,1772,887,0.4235912129894938,0.5005643340857788,121585,0.17275406913514538,887,1,0,1,887,887,887.0,False,offline_attainable_single_model_not_CI
ieee_cis,1,M0,52,raw_probability,59054,2094,0.05,2953,1038,0.49570200573065903,0.351506942092787,107515,0.10549334629287871,1038,1,0,1,1038,1038,1038.0,False,offline_attainable_single_model_not_CI
ieee_cis,1,M0,52,raw_probability,59054,2094,0.1,5906,1291,0.6165234001910219,0.21859126312224855,84915,0.0552855762589546,1291,1,0,1,1291,1291,1291.0,False,offline_attainable_single_model_not_CI
ieee_cis,1,M0,62,raw_probability,59054,2094,0.01,591,521,0.24880611270296085,0.8815566835871405,157370,0.6495278457780077,521,1,0,1,521,521,521.0,False,offline_attainable_single_model_not_CI
ieee_cis,1,M0,62,raw_probability,59054,2094,0.03,1772,893,0.4264565425023878,0.5039503386004515,120979,0.17226957936233778,893,1,0,1,893,893,893.0,False,offline_attainable_single_model_not_CI
ieee_cis,1,M0,62,raw_probability,59054,2094,0.05,2953,1039,0.4961795606494747,0.3518455807653234,107414,0.10518475237817593,1039,1,0,1,1039,1039,1039.0,False,offline_attainable_single_model_not_CI
ieee_cis,1,M0,62,raw_probability,59054,2094,0.1,5906,1280,0.6112702960840497,0.21672875042329834,86026,0.05426901936685295,1280,1,0,1,1280,1280,1280.0,False,offline_attainable_single_model_not_CI
ieee_cis,1,M0,72,raw_probability,59054,2094,0.01,591,516,0.24641833810888253,0.8730964467005076,157875,0.6290145926748935,515,1,1,1,516,516,516.0,False,offline_attainable_single_model_not_CI
ieee_cis,1,M0,72,raw_probability,59054,2094,0.03,1772,886,0.42311365807067813,0.5,121686,0.1851075267833301,886,1,0,1,886,886,886.0,False,offline_attainable_single_model_not_CI
ieee_cis,1,M0,72,raw_probability,59054,2094,0.05,2953,1025,0.4894937917860554,0.3471046393498137,108828,0.11270167381046331,1025,1,0,1,1025,1025,1025.0,False,offline_attainable_single_model_not_CI
ieee_cis,1,M0,72,raw_probability,59054,2094,0.1,5906,1284,0.6131805157593123,0.21740602776837115,85622,0.05725382515866065,1284,1,0,1,1284,1284,1284.0,False,offline_attainable_single_model_not_CI
ieee_cis,1,M0,82,raw_probability,59054,2094,0.01,591,518,0.24737344794651384,0.8764805414551607,157673,0.6533451955144426,517,1,1,1,518,518,518.0,False,offline_attainable_single_model_not_CI
ieee_cis,1,M0,82,raw_probability,59054,2094,0.03,1772,902,0.43075453677172876,0.5090293453724605,120070,0.18029903904364813,902,1,0,1,902,902,902.0,False,offline_attainable_single_model_not_CI
ieee_cis,1,M0,82,raw_probability,59054,2094,0.05,2953,1021,0.48758357211079273,0.3457500846596681,109232,0.11028601010406483,1021,1,0,1,1021,1021,1021.0,False,offline_attainable_single_model_not_CI
ieee_cis,1,M0,82,raw_probability,59054,2094,0.1,5906,1265,0.6041069723018148,0.21418896037927532,87541,0.05811317827140466,1264,1,1,1,1265,1265,1265.0,False,offline_attainable_single_model_not_CI
ieee_cis,1,M1,42,raw_probability,59054,2094,0.01,591,520,0.24832855778414517,0.8798646362098139,157471,0.6185121264965523,520,1,0,1,520,520,520.0,False,offline_attainable_single_model_not_CI
ieee_cis,1,M1,42,raw_probability,59054,2094,0.03,1772,899,0.42932187201528177,0.5073363431151241,120373,0.18293033702687506,899,1,0,1,899,899,899.0,False,offline_attainable_single_model_not_CI
ieee_cis,1,M1,42,raw_probability,59054,2094,0.05,2953,1056,0.504297994269341,0.3576024381984423,105697,0.10929237189118604,1055,1,1,1,1056,1056,1056.0,False,offline_attainable_single_model_not_CI
ieee_cis,1,M1,42,raw_probability,59054,2094,0.1,5906,1278,0.6103151862464183,0.21639011175076195,86228,0.05513785727516008,1278,1,0,1,1278,1278,1278.0,False,offline_attainable_single_model_not_CI
ieee_cis,1,M1,52,raw_probability,59054,2094,0.01,591,509,0.24307545367717287,0.8612521150592216,158582,0.6195931842168263,508,1,1,1,509,509,509.0,False,offline_attainable_single_model_not_CI
ieee_cis,1,M1,52,raw_probability,59054,2094,0.03,1772,901,0.4302769818529131,0.5084650112866818,120171,0.182038254668752,901,1,0,1,901,901,901.0,False,offline_attainable_single_model_not_CI
ieee_cis,1,M1,52,raw_probability,59054,2094,0.05,2953,1065,0.5085959885386819,0.3606501862512699,104788,0.11089273718846347,1065,1,0,1,1065,1065,1065.0,False,offline_attainable_single_model_not_CI
ieee_cis,1,M1,52,raw_probability,59054,2094,0.1,5906,1308,0.6246418338108882,0.221469691838808,83198,0.05747290927194132,1308,1,0,1,1308,1308,1308.0,False,offline_attainable_single_model_not_CI
ieee_cis,1,M1,62,raw_probability,59054,2094,0.01,591,515,0.24594078319006685,0.871404399323181,157976,0.6299596600042853,515,1,0,1,515,515,515.0,False,offline_attainable_single_model_not_CI
ieee_cis,1,M1,62,raw_probability,59054,2094,0.03,1772,899,0.42932187201528177,0.5073363431151241,120373,0.1810233785269521,899,1,0,1,899,899,899.0,False,offline_attainable_single_model_not_CI
ieee_cis,1,M1,62,raw_probability,59054,2094,0.05,2953,1052,0.5023877745940784,0.35624788350829667,106101,0.11261614817837337,1052,1,0,1,1052,1052,1052.0,False,offline_attainable_single_model_not_CI
ieee_cis,1,M1,62,raw_probability,59054,2094,0.1,5906,1316,0.6284622731614136,0.2228242465289536,82390,0.05741752676981446,1316,1,0,1,1316,1316,1316.0,False,offline_attainable_single_model_not_CI
ieee_cis,1,M1,72,raw_probability,59054,2094,0.01,591,506,0.24164278892072588,0.856175972927242,158885,0.6055041169073042,506,1,0,1,506,506,506.0,False,offline_attainable_single_model_not_CI
ieee_cis,1,M1,72,raw_probability,59054,2094,0.03,1772,874,0.4173829990448902,0.4932279909706546,122898,0.18904820560354005,874,1,0,1,874,874,874.0,False,offline_attainable_single_model_not_CI
ieee_cis,1,M1,72,raw_probability,59054,2094,0.05,2953,1043,0.49808978032473733,0.353200135455469,107010,0.11447651823752807,1043,1,0,1,1043,1043,1043.0,False,offline_attainable_single_model_not_CI
ieee_cis,1,M1,72,raw_probability,59054,2094,0.1,5906,1290,0.6160458452722063,0.21842194378598037,85016,0.059111512636868216,1290,1,0,1,1290,1290,1290.0,False,offline_attainable_single_model_not_CI
ieee_cis,1,M1,82,raw_probability,59054,2094,0.01,591,517,0.24689589302769818,0.8747884940778342,157774,0.6186737874270832,516,1,1,1,517,517,517.0,False,offline_attainable_single_model_not_CI
ieee_cis,1,M1,82,raw_probability,59054,2094,0.03,1772,903,0.43123209169054444,0.5095936794582393,119969,0.18526259527713704,902,1,1,1,903,903,903.0,False,offline_attainable_single_model_not_CI
ieee_cis,1,M1,82,raw_probability,59054,2094,0.05,2953,1064,0.5081184336198663,0.3603115475787335,104889,0.11216143406508183,1064,1,0,1,1064,1064,1064.0,False,offline_attainable_single_model_not_CI
ieee_cis,1,M1,82,raw_probability,59054,2094,0.1,5906,1300,0.620821394460363,0.22011513714866238,84006,0.05735382711712261,1300,1,0,1,1300,1300,1300.0,False,offline_attainable_single_model_not_CI
ieee_cis,1,M2,42,raw_probability,59054,2094,0.01,591,526,0.2511938872970392,0.8900169204737732,156865,0.7300518878794042,526,1,0,1,526,526,526.0,False,offline_attainable_single_model_not_CI
ieee_cis,1,M2,42,raw_probability,59054,2094,0.03,1772,876,0.4183381088825215,0.49435665914221216,122696,0.28878622929269665,875,1,1,1,876,876,876.0,False,offline_attainable_single_model_not_CI
ieee_cis,1,M2,42,raw_probability,59054,2094,0.05,2953,1042,0.4976122254059217,0.3528614967829326,107111,0.18882009304270195,1042,1,0,1,1042,1042,1042.0,False,offline_attainable_single_model_not_CI
ieee_cis,1,M2,42,raw_probability,59054,2094,0.1,5906,1304,0.6227316141356256,0.22079241449373518,83602,0.10168677573798585,1304,1,0,1,1304,1304,1304.0,False,offline_attainable_single_model_not_CI
ieee_cis,1,M2,52,raw_probability,59054,2094,0.01,591,509,0.24307545367717287,0.8612521150592216,158582,0.722463417799908,508,1,1,1,509,509,509.0,False,offline_attainable_single_model_not_CI
ieee_cis,1,M2,52,raw_probability,59054,2094,0.03,1772,872,0.4164278892072588,0.49209932279909707,123100,0.2999880427657262,872,1,0,1,872,872,872.0,False,offline_attainable_single_model_not_CI
ieee_cis,1,M2,52,raw_probability,59054,2094,0.05,2953,1033,0.4933142311365807,0.34981374873010496,108020,0.198743988545465,1033,1,0,1,1033,1033,1033.0,False,offline_attainable_single_model_not_CI
ieee_cis,1,M2,52,raw_probability,59054,2094,0.1,5906,1294,0.6179560649474689,0.21909922113105318,84612,0.10828162161514497,1294,1,0,1,1294,1294,1294.0,False,offline_attainable_single_model_not_CI
ieee_cis,1,M2,62,raw_probability,59054,2094,0.01,591,510,0.24355300859598855,0.8629441624365483,158481,0.7049626115065827,510,1,0,1,510,510,510.0,False,offline_attainable_single_model_not_CI
ieee_cis,1,M2,62,raw_probability,59054,2094,0.03,1772,873,0.4169054441260745,0.49266365688487584,122999,0.2975923596754894,873,1,0,1,873,873,873.0,False,offline_attainable_single_model_not_CI
ieee_cis,1,M2,62,raw_probability,59054,2094,0.05,2953,1043,0.49808978032473733,0.353200135455469,107010,0.19252244926391726,1043,1,0,1,1043,1043,1043.0,False,offline_attainable_single_model_not_CI
ieee_cis,1,M2,62,raw_probability,59054,2094,0.1,5906,1312,0.626552053486151,0.2221469691838808,82794,0.10245377953192154,1312,1,0,1,1312,1312,1312.0,False,offline_attainable_single_model_not_CI
ieee_cis,1,M2,72,raw_probability,59054,2094,0.01,591,522,0.2492836676217765,0.883248730964467,157269,0.7226540974819857,521,1,1,1,522,522,522.0,False,offline_attainable_single_model_not_CI
ieee_cis,1,M2,72,raw_probability,59054,2094,0.03,1772,875,0.4178605539637058,0.4937923250564334,122797,0.2870917469161719,875,1,0,1,875,875,875.0,False,offline_attainable_single_model_not_CI
ieee_cis,1,M2,72,raw_probability,59054,2094,0.05,2953,1039,0.4961795606494747,0.3518455807653234,107414,0.188500954046326,1039,1,0,1,1039,1039,1039.0,False,offline_attainable_single_model_not_CI
ieee_cis,1,M2,72,raw_probability,59054,2094,0.1,5906,1298,0.6198662846227316,0.219776498476126,84208,0.103014890385516,1298,1,0,1,1298,1298,1298.0,False,offline_attainable_single_model_not_CI
ieee_cis,1,M2,82,raw_probability,59054,2094,0.01,591,510,0.24355300859598855,0.8629441624365483,158481,0.7105512192285851,509,1,1,1,510,510,510.0,False,offline_attainable_single_model_not_CI
ieee_cis,1,M2,82,raw_probability,59054,2094,0.03,1772,864,0.41260744985673353,0.48758465011286684,123908,0.2851261093509225,864,1,0,1,864,864,864.0,False,offline_attainable_single_model_not_CI
ieee_cis,1,M2,82,raw_probability,59054,2094,0.05,2953,1012,0.48328557784145176,0.3427023366068405,110141,0.1910261465480396,1012,1,0,1,1012,1012,1012.0,False,offline_attainable_single_model_not_CI
ieee_cis,1,M2,82,raw_probability,59054,2094,0.1,5906,1288,0.6150907354345749,0.21808330511344395,85218,0.10515294678760226,1288,1,0,1,1288,1288,1288.0,False,offline_attainable_single_model_not_CI
ieee_cis,1,M3,42,raw_probability,59054,2094,0.01,591,521,0.24880611270296085,0.8815566835871405,157370,0.7106772065072046,520,1,1,1,521,521,521.0,False,offline_attainable_single_model_not_CI
ieee_cis,1,M3,42,raw_probability,59054,2094,0.03,1772,869,0.41499522445081183,0.4904063205417607,123403,0.2879055379999619,869,1,0,1,869,869,869.0,False,offline_attainable_single_model_not_CI
ieee_cis,1,M3,42,raw_probability,59054,2094,0.05,2953,1031,0.4923591212989494,0.3491364713850322,108222,0.1915706517212555,1031,1,0,1,1031,1031,1031.0,False,offline_attainable_single_model_not_CI
ieee_cis,1,M3,42,raw_probability,59054,2094,0.1,5906,1281,0.6117478510028653,0.21689806975956655,85925,0.10560243408056483,1281,1,0,1,1281,1281,1281.0,False,offline_attainable_single_model_not_CI
ieee_cis,1,M3,52,raw_probability,59054,2094,0.01,591,515,0.24594078319006685,0.871404399323181,157976,0.7187750970791739,514,1,1,1,515,515,515.0,False,offline_attainable_single_model_not_CI
ieee_cis,1,M3,52,raw_probability,59054,2094,0.03,1772,873,0.4169054441260745,0.49266365688487584,122999,0.2926843117446272,873,1,0,1,873,873,873.0,False,offline_attainable_single_model_not_CI
ieee_cis,1,M3,52,raw_probability,59054,2094,0.05,2953,1036,0.49474689589302767,0.3508296647477142,107717,0.1959652185175039,1036,1,0,1,1036,1036,1036.0,False,offline_attainable_single_model_not_CI
ieee_cis,1,M3,52,raw_probability,59054,2094,0.1,5906,1300,0.620821394460363,0.22011513714866238,84006,0.11117489314877183,1300,1,0,1,1300,1300,1300.0,False,offline_attainable_single_model_not_CI
ieee_cis,1,M3,62,raw_probability,59054,2094,0.01,591,519,0.24785100286532952,0.8781725888324873,157572,0.7372414382926775,518,1,1,1,519,519,519.0,False,offline_attainable_single_model_not_CI
ieee_cis,1,M3,62,raw_probability,59054,2094,0.03,1772,882,0.42120343839541546,0.49774266365688485,122090,0.2821172334969113,882,1,0,1,882,882,882.0,False,offline_attainable_single_model_not_CI
ieee_cis,1,M3,62,raw_probability,59054,2094,0.05,2953,1022,0.4880611270296084,0.34608872333220453,109131,0.1919261501350837,1022,1,0,1,1022,1022,1022.0,False,offline_attainable_single_model_not_CI
ieee_cis,1,M3,62,raw_probability,59054,2094,0.1,5906,1266,0.6045845272206304,0.21435827971554353,87440,0.10433930712060858,1266,1,0,1,1266,1266,1266.0,False,offline_attainable_single_model_not_CI
ieee_cis,1,M3,72,raw_probability,59054,2094,0.01,591,513,0.24498567335243554,0.868020304568528,158178,0.7202185883703225,513,1,0,1,513,513,513.0,False,offline_attainable_single_model_not_CI
ieee_cis,1,M3,72,raw_probability,59054,2094,0.03,1772,861,0.41117478510028654,0.48589164785553046,124211,0.2919517523403835,861,1,0,1,861,861,861.0,False,offline_attainable_single_model_not_CI
ieee_cis,1,M3,72,raw_probability,59054,2094,0.05,2953,1031,0.4923591212989494,0.3491364713850322,108222,0.18811805739268403,1030,1,1,1,1031,1031,1031.0,False,offline_attainable_single_model_not_CI
ieee_cis,1,M3,72,raw_probability,59054,2094,0.1,5906,1298,0.6198662846227316,0.219776498476126,84208,0.10443298034998176,1298,1,0,1,1298,1298,1298.0,False,offline_attainable_single_model_not_CI
ieee_cis,1,M3,82,raw_probability,59054,2094,0.01,591,515,0.24594078319006685,0.871404399323181,157976,0.7042549356532003,515,1,0,1,515,515,515.0,False,offline_attainable_single_model_not_CI
ieee_cis,1,M3,82,raw_probability,59054,2094,0.03,1772,862,0.41165234001910217,0.48645598194130923,124110,0.2914665762898854,862,1,0,1,862,862,862.0,False,offline_attainable_single_model_not_CI
ieee_cis,1,M3,82,raw_probability,59054,2094,0.05,2953,1028,0.4909264565425024,0.348120555367423,108525,0.19042790812565244,1028,1,0,1,1028,1028,1028.0,False,offline_attainable_single_model_not_CI
ieee_cis,1,M3,82,raw_probability,59054,2094,0.1,5906,1267,0.605062082139446,0.2145275990518117,87339,0.10204645497001884,1267,1,0,1,1267,1267,1267.0,False,offline_attainable_single_model_not_CI
ieee_cis,2,M0,42,raw_probability,59054,2061,0.01,591,530,0.2571567200388161,0.8967851099830795,153161,0.750497240318409,529,1,1,1,530,530,530.0,False,offline_attainable_single_model_not_CI
ieee_cis,2,M0,42,raw_probability,59054,2061,0.03,1772,1050,0.5094614264919942,0.59255079006772,101822,0.18394317008418642,1049,1,1,1,1050,1050,1050.0,False,offline_attainable_single_model_not_CI
ieee_cis,2,M0,42,raw_probability,59054,2061,0.05,2953,1230,0.5967976710334789,0.4165255672197765,84823,0.10760128345665834,1230,1,0,1,1230,1230,1230.0,False,offline_attainable_single_model_not_CI
ieee_cis,2,M0,42,raw_probability,59054,2061,0.1,5906,1500,0.727802037845706,0.25397900440230275,60506,0.05406952799704475,1500,1,0,1,1500,1500,1500.0,False,offline_attainable_single_model_not_CI
ieee_cis,2,M0,52,raw_probability,59054,2061,0.01,591,527,0.25570111596312467,0.8917089678510999,153464,0.7816096299011789,526,1,1,1,527,527,527.0,False,offline_attainable_single_model_not_CI
ieee_cis,2,M0,52,raw_probability,59054,2061,0.03,1772,1036,0.502668607472101,0.5846501128668171,103236,0.19613228731143698,1036,1,0,1,1036,1036,1036.0,False,offline_attainable_single_model_not_CI
ieee_cis,2,M0,52,raw_probability,59054,2061,0.05,2953,1247,0.6050460941290635,0.42228242465289534,83106,0.11060569078515153,1247,1,0,1,1247,1247,1247.0,False,offline_attainable_single_model_not_CI
ieee_cis,2,M0,52,raw_probability,59054,2061,0.1,5906,1506,0.7307132459970888,0.25499492041991195,59900,0.054363553036291194,1506,1,0,1,1506,1506,1506.0,False,offline_attainable_single_model_not_CI
ieee_cis,2,M0,62,raw_probability,59054,2061,0.01,591,526,0.2552159146045609,0.8900169204737732,153565,0.7641422136185502,526,1,0,1,526,526,526.0,False,offline_attainable_single_model_not_CI
ieee_cis,2,M0,62,raw_probability,59054,2061,0.03,1772,1033,0.5012130033964095,0.5829571106094809,103539,0.18880982541756855,1033,1,0,1,1033,1033,1033.0,False,offline_attainable_single_model_not_CI
ieee_cis,2,M0,62,raw_probability,59054,2061,0.05,2953,1230,0.5967976710334789,0.4165255672197765,84823,0.10622916499084052,1230,1,0,1,1230,1230,1230.0,False,offline_attainable_single_model_not_CI
ieee_cis,2,M0,62,raw_probability,59054,2061,0.1,5906,1484,0.7200388161086851,0.2512698950220115,62122,0.05325389766597326,1484,1,0,1,1484,1484,1484.0,False,offline_attainable_single_model_not_CI
ieee_cis,2,M0,72,raw_probability,59054,2061,0.01,591,525,0.2547307132459971,0.8883248730964467,153666,0.7694617884369748,525,1,0,1,525,525,525.0,False,offline_attainable_single_model_not_CI
ieee_cis,2,M0,72,raw_probability,59054,2061,0.03,1772,1012,0.4910237748665696,0.5711060948081265,105660,0.18360080338789306,1012,1,0,1,1012,1012,1012.0,False,offline_attainable_single_model_not_CI
ieee_cis,2,M0,72,raw_probability,59054,2061,0.05,2953,1211,0.5875788452207666,0.4100914324415848,86742,0.10617925136164366,1211,1,0,1,1211,1211,1211.0,False,offline_attainable_single_model_not_CI
ieee_cis,2,M0,72,raw_probability,59054,2061,0.1,5906,1488,0.7219796215429404,0.2519471723670843,61718,0.054263661886773576,1488,1,0,1,1488,1488,1488.0,False,offline_attainable_single_model_not_CI
ieee_cis,2,M0,82,raw_probability,59054,2061,0.01,591,524,0.2542455118874333,0.8866328257191202,153767,0.7421875188600202,523,1,1,1,524,524,524.0,False,offline_attainable_single_model_not_CI
ieee_cis,2,M0,82,raw_probability,59054,2061,0.03,1772,1024,0.49684619116933526,0.5778781038374717,104448,0.181837807459698,1023,1,1,1,1024,1024,1024.0,False,offline_attainable_single_model_not_CI
ieee_cis,2,M0,82,raw_probability,59054,2061,0.05,2953,1245,0.604075691411936,0.42160514730782256,83308,0.10438023572243448,1245,1,0,1,1245,1245,1245.0,False,offline_attainable_single_model_not_CI
ieee_cis,2,M0,82,raw_probability,59054,2061,0.1,5906,1488,0.7219796215429404,0.2519471723670843,61718,0.05329983584958797,1488,1,0,1,1488,1488,1488.0,False,offline_attainable_single_model_not_CI
ieee_cis,2,M1,42,raw_probability,59054,2061,0.01,591,523,0.2537603105288695,0.8849407783417935,153868,0.7506320415145885,522,1,1,1,523,523,523.0,False,offline_attainable_single_model_not_CI
ieee_cis,2,M1,42,raw_probability,59054,2061,0.03,1772,1037,0.5031538088306647,0.585214446952596,103135,0.18347084780807998,1037,1,0,1,1037,1037,1037.0,False,offline_attainable_single_model_not_CI
ieee_cis,2,M1,42,raw_probability,59054,2061,0.05,2953,1212,0.5880640465793304,0.4104300711141212,86641,0.10436902295600678,1212,1,0,1,1212,1212,1212.0,False,offline_attainable_single_model_not_CI
ieee_cis,2,M1,42,raw_probability,59054,2061,0.1,5906,1498,0.7268316351285784,0.25364036572976634,60708,0.053112844890281986,1498,1,0,1,1498,1498,1498.0,False,offline_attainable_single_model_not_CI
ieee_cis,2,M1,52,raw_probability,59054,2061,0.01,591,529,0.2566715186802523,0.8950930626057529,153262,0.7547938396826935,528,1,1,1,529,529,529.0,False,offline_attainable_single_model_not_CI
ieee_cis,2,M1,52,raw_probability,59054,2061,0.03,1772,1014,0.49199417758369723,0.572234762979684,105458,0.18272114986392773,1014,1,0,1,1014,1014,1014.0,False,offline_attainable_single_model_not_CI
ieee_cis,2,M1,52,raw_probability,59054,2061,0.05,2953,1231,0.5972828723920427,0.4168642058923129,84722,0.1085378690466766,1231,1,0,1,1231,1231,1231.0,False,offline_attainable_single_model_not_CI
ieee_cis,2,M1,52,raw_probability,59054,2061,0.1,5906,1462,0.7093643862202814,0.24754486962411107,64344,0.0546060868839409,1462,1,0,1,1462,1462,1462.0,False,offline_attainable_single_model_not_CI
ieee_cis,2,M1,62,raw_probability,59054,2061,0.01,591,528,0.2561863173216885,0.8934010152284264,153363,0.7377515537368449,527,1,1,1,528,528,528.0,False,offline_attainable_single_model_not_CI
ieee_cis,2,M1,62,raw_probability,59054,2061,0.03,1772,1023,0.4963609898107715,0.577313769751693,104549,0.17404170793857668,1022,1,1,1,1023,1023,1023.0,False,offline_attainable_single_model_not_CI
ieee_cis,2,M1,62,raw_probability,59054,2061,0.05,2953,1247,0.6050460941290635,0.42228242465289534,83106,0.1014633862028787,1246,1,1,1,1247,1247,1247.0,False,offline_attainable_single_model_not_CI
ieee_cis,2,M1,62,raw_probability,59054,2061,0.1,5906,1477,0.7166424065987385,0.2500846596681341,62829,0.052538895955066785,1477,1,0,1,1477,1477,1477.0,False,offline_attainable_single_model_not_CI
ieee_cis,2,M1,72,raw_probability,59054,2061,0.01,591,529,0.2566715186802523,0.8950930626057529,153262,0.7487949511714883,528,1,1,1,529,529,529.0,False,offline_attainable_single_model_not_CI
ieee_cis,2,M1,72,raw_probability,59054,2061,0.03,1772,1041,0.50509461426492,0.587471783295711,102731,0.17784620355355457,1040,1,1,1,1041,1041,1041.0,False,offline_attainable_single_model_not_CI
ieee_cis,2,M1,72,raw_probability,59054,2061,0.05,2953,1243,0.6031052886948084,0.4209278699627497,83510,0.1000478632420276,1242,1,1,1,1243,1243,1243.0,False,offline_attainable_single_model_not_CI
ieee_cis,2,M1,72,raw_probability,59054,2061,0.1,5906,1473,0.7147016011644832,0.24940738232306128,63233,0.05269771179429352,1473,3,0,1,1473,1473,1473.0,True,offline_attainable_single_model_not_CI
ieee_cis,2,M1,82,raw_probability,59054,2061,0.01,591,525,0.2547307132459971,0.8883248730964467,153666,0.7595799866364491,524,1,1,1,525,525,525.0,False,offline_attainable_single_model_not_CI
ieee_cis,2,M1,82,raw_probability,59054,2061,0.03,1772,1023,0.4963609898107715,0.577313769751693,104549,0.18118777250480445,1023,1,0,1,1023,1023,1023.0,False,offline_attainable_single_model_not_CI
ieee_cis,2,M1,82,raw_probability,59054,2061,0.05,2953,1224,0.5938864628820961,0.41449373518455807,85429,0.10330713860476226,1224,1,0,1,1224,1224,1224.0,False,offline_attainable_single_model_not_CI
ieee_cis,2,M1,82,raw_probability,59054,2061,0.1,5906,1489,0.7224648229015042,0.25211649170335254,61617,0.05319299271541364,1489,1,0,1,1489,1489,1489.0,False,offline_attainable_single_model_not_CI
ieee_cis,2,M2,42,raw_probability,59054,2061,0.01,591,531,0.2576419213973799,0.8984771573604061,153060,0.8215577919010679,530,1,1,1,531,531,531.0,False,offline_attainable_single_model_not_CI
ieee_cis,2,M2,42,raw_probability,59054,2061,0.03,1772,1014,0.49199417758369723,0.572234762979684,105458,0.28528652880507976,1014,1,0,1,1014,1014,1014.0,False,offline_attainable_single_model_not_CI
ieee_cis,2,M2,42,raw_probability,59054,2061,0.05,2953,1235,0.5992236778262979,0.4182187605824585,84318,0.1797206979927626,1235,1,0,1,1235,1235,1235.0,False,offline_attainable_single_model_not_CI
ieee_cis,2,M2,42,raw_probability,59054,2061,0.1,5906,1475,0.7156720038816109,0.2497460209955977,63031,0.0982159735563847,1475,1,0,1,1475,1475,1475.0,False,offline_attainable_single_model_not_CI
ieee_cis,2,M2,52,raw_probability,59054,2061,0.01,591,539,0.26152353226589037,0.9120135363790186,152252,0.8225402328986035,539,1,0,1,539,539,539.0,False,offline_attainable_single_model_not_CI
ieee_cis,2,M2,52,raw_probability,59054,2061,0.03,1772,1034,0.5016982047549733,0.5835214446952596,103438,0.3085036731414303,1033,1,1,1,1034,1034,1034.0,False,offline_attainable_single_model_not_CI
ieee_cis,2,M2,52,raw_probability,59054,2061,0.05,2953,1244,0.6035904900533722,0.42126650863528614,83409,0.18771245820010268,1244,1,0,1,1244,1244,1244.0,False,offline_attainable_single_model_not_CI
ieee_cis,2,M2,52,raw_probability,59054,2061,0.1,5906,1489,0.7224648229015042,0.25211649170335254,61617,0.1010689545831778,1489,1,0,1,1489,1489,1489.0,False,offline_attainable_single_model_not_CI
ieee_cis,2,M2,62,raw_probability,59054,2061,0.01,591,530,0.2571567200388161,0.8967851099830795,153161,0.8344788826545433,529,1,1,1,530,530,530.0,False,offline_attainable_single_model_not_CI
ieee_cis,2,M2,62,raw_probability,59054,2061,0.03,1772,1043,0.5060650169820475,0.5886004514672686,102529,0.2851593252877903,1043,1,0,1,1043,1043,1043.0,False,offline_attainable_single_model_not_CI
ieee_cis,2,M2,62,raw_probability,59054,2061,0.05,2953,1234,0.5987384764677341,0.41788012190992213,84419,0.1783093425880241,1234,1,0,1,1234,1234,1234.0,False,offline_attainable_single_model_not_CI
ieee_cis,2,M2,62,raw_probability,59054,2061,0.1,5906,1473,0.7147016011644832,0.24940738232306128,63233,0.09668428543066294,1473,4,0,4,1473,1473,1473.0,False,offline_attainable_single_model_not_CI
ieee_cis,2,M2,72,raw_probability,59054,2061,0.01,591,530,0.2571567200388161,0.8967851099830795,153161,0.8437108154528915,529,1,1,1,530,530,530.0,False,offline_attainable_single_model_not_CI
ieee_cis,2,M2,72,raw_probability,59054,2061,0.03,1772,1035,0.5021834061135371,0.5840857787810384,103337,0.2951708280212012,1035,1,0,1,1035,1035,1035.0,False,offline_attainable_single_model_not_CI
ieee_cis,2,M2,72,raw_probability,59054,2061,0.05,2953,1215,0.5895196506550219,0.4114459871317304,86338,0.1838448721505009,1215,1,0,1,1215,1215,1215.0,False,offline_attainable_single_model_not_CI
ieee_cis,2,M2,72,raw_probability,59054,2061,0.1,5906,1466,0.7113051916545367,0.24822214696918388,63940,0.09714152693471363,1465,1,1,1,1466,1466,1466.0,False,offline_attainable_single_model_not_CI
ieee_cis,2,M2,82,raw_probability,59054,2061,0.01,591,526,0.2552159146045609,0.8900169204737732,153565,0.8278520169298268,526,1,0,1,526,526,526.0,False,offline_attainable_single_model_not_CI
ieee_cis,2,M2,82,raw_probability,59054,2061,0.03,1772,1037,0.5031538088306647,0.585214446952596,103135,0.288952216770287,1036,1,1,1,1037,1037,1037.0,False,offline_attainable_single_model_not_CI
ieee_cis,2,M2,82,raw_probability,59054,2061,0.05,2953,1240,0.6016496846191169,0.4199119539451405,83813,0.17650818030502166,1240,1,0,1,1240,1240,1240.0,False,offline_attainable_single_model_not_CI
ieee_cis,2,M2,82,raw_probability,59054,2061,0.1,5906,1489,0.7224648229015042,0.25211649170335254,61617,0.09848485679926423,1489,1,0,1,1489,1489,1489.0,False,offline_attainable_single_model_not_CI
ieee_cis,2,M3,42,raw_probability,59054,2061,0.01,591,526,0.2552159146045609,0.8900169204737732,153565,0.8221261762851694,525,1,1,1,526,526,526.0,False,offline_attainable_single_model_not_CI
ieee_cis,2,M3,42,raw_probability,59054,2061,0.03,1772,1012,0.4910237748665696,0.5711060948081265,105660,0.2962886602940418,1012,1,0,1,1012,1012,1012.0,False,offline_attainable_single_model_not_CI
ieee_cis,2,M3,42,raw_probability,59054,2061,0.05,2953,1219,0.591460456089277,0.41280054182187603,85934,0.18203987744023972,1219,1,0,1,1219,1219,1219.0,False,offline_attainable_single_model_not_CI
ieee_cis,2,M3,42,raw_probability,59054,2061,0.1,5906,1481,0.7185832120329937,0.2507619370132069,62425,0.09861912288622215,1480,1,1,1,1481,1481,1481.0,False,offline_attainable_single_model_not_CI
ieee_cis,2,M3,52,raw_probability,59054,2061,0.01,591,533,0.2586123241145075,0.9018612521150592,152858,0.8240745196305495,532,1,1,1,533,533,533.0,False,offline_attainable_single_model_not_CI
ieee_cis,2,M3,52,raw_probability,59054,2061,0.03,1772,1038,0.5036390101892285,0.5857787810383747,103034,0.2909729137943711,1038,1,0,1,1038,1038,1038.0,False,offline_attainable_single_model_not_CI
ieee_cis,2,M3,52,raw_probability,59054,2061,0.05,2953,1217,0.5904900533721494,0.41212326447680325,86136,0.18038746127653435,1217,1,0,1,1217,1217,1217.0,False,offline_attainable_single_model_not_CI
ieee_cis,2,M3,52,raw_probability,59054,2061,0.1,5906,1466,0.7113051916545367,0.24822214696918388,63940,0.09951908981858548,1466,1,0,1,1466,1466,1466.0,False,offline_attainable_single_model_not_CI
ieee_cis,2,M3,62,raw_probability,59054,2061,0.01,591,531,0.2576419213973799,0.8984771573604061,153060,0.8225639372296268,530,1,1,1,531,531,531.0,False,offline_attainable_single_model_not_CI
ieee_cis,2,M3,62,raw_probability,59054,2061,0.03,1772,1040,0.5046094129063562,0.5869074492099323,102832,0.28978338907137574,1040,1,0,1,1040,1040,1040.0,False,offline_attainable_single_model_not_CI
ieee_cis,2,M3,62,raw_probability,59054,2061,0.05,2953,1258,0.6103833090732654,0.4260074500507958,81995,0.1849421524242384,1258,1,0,1,1258,1258,1258.0,False,offline_attainable_single_model_not_CI
ieee_cis,2,M3,62,raw_probability,59054,2061,0.1,5906,1486,0.7210092188258127,0.25160853369454794,61920,0.10113407701817008,1486,1,0,1,1486,1486,1486.0,False,offline_attainable_single_model_not_CI
ieee_cis,2,M3,72,raw_probability,59054,2061,0.01,591,527,0.25570111596312467,0.8917089678510999,153464,0.8203648979214807,526,1,1,1,527,527,527.0,False,offline_attainable_single_model_not_CI
ieee_cis,2,M3,72,raw_probability,59054,2061,0.03,1772,1027,0.4983017952450267,0.5795711060948081,104145,0.29500921088987797,1027,1,0,1,1027,1027,1027.0,False,offline_attainable_single_model_not_CI
ieee_cis,2,M3,72,raw_probability,59054,2061,0.05,2953,1223,0.5934012615235322,0.41415509651202165,85530,0.1807690323296574,1223,1,0,1,1223,1223,1223.0,False,offline_attainable_single_model_not_CI
ieee_cis,2,M3,72,raw_probability,59054,2061,0.1,5906,1480,0.7180980106744299,0.2505926176769387,62526,0.09729120012245204,1480,1,0,1,1480,1480,1480.0,False,offline_attainable_single_model_not_CI
ieee_cis,2,M3,82,raw_probability,59054,2061,0.01,591,530,0.2571567200388161,0.8967851099830795,153161,0.8287251478632641,529,1,1,1,530,530,530.0,False,offline_attainable_single_model_not_CI
ieee_cis,2,M3,82,raw_probability,59054,2061,0.03,1772,1013,0.49150897622513345,0.5716704288939052,105559,0.2884200530146951,1013,1,0,1,1013,1013,1013.0,False,offline_attainable_single_model_not_CI
ieee_cis,2,M3,82,raw_probability,59054,2061,0.05,2953,1230,0.5967976710334789,0.4165255672197765,84823,0.17979285867590966,1229,1,1,1,1230,1230,1230.0,False,offline_attainable_single_model_not_CI
ieee_cis,2,M3,82,raw_probability,59054,2061,0.1,5906,1477,0.7166424065987385,0.2500846596681341,62829,0.09919260941911844,1477,1,0,1,1477,1477,1477.0,False,offline_attainable_single_model_not_CI
ieee_cis,3,M0,42,raw_probability,59054,2213,0.01,591,525,0.23723452327157704,0.8883248730964467,168866,0.7456062349987631,524,1,1,1,525,525,525.0,False,offline_attainable_single_model_not_CI
ieee_cis,3,M0,42,raw_probability,59054,2213,0.03,1772,1002,0.4527790329868956,0.5654627539503386,121870,0.25668468125719185,1002,1,0,1,1002,1002,1002.0,False,offline_attainable_single_model_not_CI
ieee_cis,3,M0,42,raw_probability,59054,2213,0.05,2953,1110,0.5015815634884772,0.37588892651540806,112143,0.19377154782226355,1110,1,0,1,1110,1110,1110.0,False,offline_attainable_single_model_not_CI
ieee_cis,3,M0,42,raw_probability,59054,2213,0.1,5906,1497,0.6764572977858111,0.25347104639349816,76009,0.08396634511967647,1497,1,0,1,1497,1497,1497.0,False,offline_attainable_single_model_not_CI
ieee_cis,3,M0,52,raw_probability,59054,2213,0.01,591,522,0.2358788974243109,0.883248730964467,169169,0.7539982746014038,521,1,1,1,522,522,522.0,False,offline_attainable_single_model_not_CI
ieee_cis,3,M0,52,raw_probability,59054,2213,0.03,1772,1007,0.45503840939900586,0.5682844243792325,121365,0.2657975346454191,1007,1,0,1,1007,1007,1007.0,False,offline_attainable_single_model_not_CI
ieee_cis,3,M0,52,raw_probability,59054,2213,0.05,2953,1166,0.5268865793041121,0.3948526921774467,106487,0.17419273069018773,1165,1,1,1,1166,1166,1166.0,False,offline_attainable_single_model_not_CI
ieee_cis,3,M0,52,raw_probability,59054,2213,0.1,5906,1519,0.6863985539990962,0.2571960717913986,73787,0.08310866069654446,1519,1,0,1,1519,1519,1519.0,False,offline_attainable_single_model_not_CI
ieee_cis,3,M0,62,raw_probability,59054,2213,0.01,591,522,0.2358788974243109,0.883248730964467,169169,0.7409647502720106,521,1,1,1,522,522,522.0,False,offline_attainable_single_model_not_CI
ieee_cis,3,M0,62,raw_probability,59054,2213,0.03,1772,988,0.4464527790329869,0.5575620767494357,123284,0.27897136407896705,988,81,0,22,988,988,988.0,True,offline_attainable_single_model_not_CI
ieee_cis,3,M0,62,raw_probability,59054,2213,0.05,2953,1077,0.4866696791685495,0.3647138503217067,115476,0.2204725234327229,1077,268,0,265,1077,1077,1077.0,True,offline_attainable_single_model_not_CI
ieee_cis,3,M0,62,raw_probability,59054,2213,0.1,5906,1472,0.6651604157252599,0.2492380629867931,78534,0.08675343974685783,1472,1,0,1,1472,1472,1472.0,False,offline_attainable_single_model_not_CI
ieee_cis,3,M0,72,raw_probability,59054,2213,0.01,591,524,0.236782647989155,0.8866328257191202,168967,0.7434770642510247,523,1,1,1,524,524,524.0,False,offline_attainable_single_model_not_CI
ieee_cis,3,M0,72,raw_probability,59054,2213,0.03,1772,1027,0.4640759150474469,0.5795711060948081,119345,0.25654347196458727,1026,1,1,1,1027,1027,1027.0,False,offline_attainable_single_model_not_CI
ieee_cis,3,M0,72,raw_probability,59054,2213,0.05,2953,1173,0.5300497062810664,0.3972231628852015,105780,0.1763200728012887,1173,475,0,454,1173,1173,1173.0,True,offline_attainable_single_model_not_CI
ieee_cis,3,M0,72,raw_probability,59054,2213,0.1,5906,1494,0.675101671938545,0.25296308838469356,76312,0.08590872719169572,1494,1,0,1,1494,1494,1494.0,False,offline_attainable_single_model_not_CI
ieee_cis,3,M0,82,raw_probability,59054,2213,0.01,591,523,0.23633077270673294,0.8849407783417935,169068,0.7582582074659153,523,1,0,1,523,523,523.0,False,offline_attainable_single_model_not_CI
ieee_cis,3,M0,82,raw_probability,59054,2213,0.03,1772,959,0.4333483958427474,0.541196388261851,126213,0.28465088301655045,958,1,1,1,959,959,959.0,False,offline_attainable_single_model_not_CI
ieee_cis,3,M0,82,raw_probability,59054,2213,0.05,2953,1011,0.45684591052869405,0.3423636979343041,122142,0.23999480637783568,1011,34,0,4,1011,1011,1011.0,True,offline_attainable_single_model_not_CI
ieee_cis,3,M0,82,raw_probability,59054,2213,0.1,5906,1466,0.6624491640307275,0.24822214696918388,79140,0.08521615043863608,1466,1,0,1,1466,1466,1466.0,False,offline_attainable_single_model_not_CI
ieee_cis,3,M1,42,raw_probability,59054,2213,0.01,591,525,0.23723452327157704,0.8883248730964467,168866,0.7392561744272688,524,1,1,1,525,525,525.0,False,offline_attainable_single_model_not_CI
ieee_cis,3,M1,42,raw_probability,59054,2213,0.03,1772,982,0.44374152733845457,0.554176072234763,123890,0.2783164111691981,982,1,0,1,982,982,982.0,False,offline_attainable_single_model_not_CI
ieee_cis,3,M1,42,raw_probability,59054,2213,0.05,2953,1060,0.4789877993673746,0.3589569928885879,117193,0.23012549429865414,1060,6,0,2,1060,1060,1060.0,True,offline_attainable_single_model_not_CI
ieee_cis,3,M1,42,raw_probability,59054,2213,0.1,5906,1506,0.6805241753276096,0.25499492041991195,75100,0.08382352365045104,1506,1,0,1,1506,1506,1506.0,False,offline_attainable_single_model_not_CI
ieee_cis,3,M1,52,raw_probability,59054,2213,0.01,591,522,0.2358788974243109,0.883248730964467,169169,0.7425347184696962,521,1,1,1,522,522,522.0,False,offline_attainable_single_model_not_CI
ieee_cis,3,M1,52,raw_probability,59054,2213,0.03,1772,947,0.4279258924536828,0.5344243792325056,127425,0.29815100619531876,947,57,0,18,947,947,947.0,True,offline_attainable_single_model_not_CI
ieee_cis,3,M1,52,raw_probability,59054,2213,0.05,2953,1072,0.4844103027564392,0.36302065695902475,115981,0.22385056957227722,1072,1,0,1,1072,1072,1072.0,False,offline_attainable_single_model_not_CI
ieee_cis,3,M1,52,raw_probability,59054,2213,0.1,5906,1476,0.666967916854948,0.2499153403318659,78130,0.08402471083220056,1475,1,1,1,1476,1476,1476.0,False,offline_attainable_single_model_not_CI
ieee_cis,3,M1,62,raw_probability,59054,2213,0.01,591,529,0.23904202440126526,0.8950930626057529,168462,0.7458847643389098,528,1,1,1,529,529,529.0,False,offline_attainable_single_model_not_CI
ieee_cis,3,M1,62,raw_probability,59054,2213,0.03,1772,963,0.4351558969724356,0.5434537246049661,125809,0.2885073608342521,963,11,0,8,963,963,963.0,True,offline_attainable_single_model_not_CI
ieee_cis,3,M1,62,raw_probability,59054,2213,0.05,2953,1081,0.48847718029823767,0.36606840501185234,115072,0.226490191272205,1081,93,0,88,1081,1081,1081.0,True,offline_attainable_single_model_not_CI
ieee_cis,3,M1,62,raw_probability,59054,2213,0.1,5906,1515,0.684591052869408,0.25651879444632575,74191,0.08318081707165914,1515,1,0,1,1515,1515,1515.0,False,offline_attainable_single_model_not_CI
ieee_cis,3,M1,72,raw_probability,59054,2213,0.01,591,527,0.23813827383642114,0.8917089678510999,168664,0.7622536145969843,526,1,1,1,527,527,527.0,False,offline_attainable_single_model_not_CI
ieee_cis,3,M1,72,raw_probability,59054,2213,0.03,1772,684,0.30908269317668324,0.3860045146726862,153988,0.5728373075353367,684,1,0,1,684,684,684.0,False,offline_attainable_single_model_not_CI
ieee_cis,3,M1,72,raw_probability,59054,2213,0.05,2953,1051,0.47492092182557616,0.35590924483576025,118102,0.2443170157874337,1051,1,0,1,1051,1051,1051.0,False,offline_attainable_single_model_not_CI
ieee_cis,3,M1,72,raw_probability,59054,2213,0.1,5906,1503,0.6791685494803434,0.25448696241110735,75403,0.08473754704168705,1503,1,0,1,1503,1503,1503.0,False,offline_attainable_single_model_not_CI
ieee_cis,3,M1,82,raw_probability,59054,2213,0.01,591,517,0.23361952101220063,0.8747884940778342,169674,0.7437817866103977,517,1,0,1,517,517,517.0,False,offline_attainable_single_model_not_CI
ieee_cis,3,M1,82,raw_probability,59054,2213,0.03,1772,999,0.4514234071396295,0.5637697516930023,122173,0.2716672341655436,999,1,0,1,999,999,999.0,False,offline_attainable_single_model_not_CI
ieee_cis,3,M1,82,raw_probability,59054,2213,0.05,2953,1191,0.5381834613646633,0.4033186589908568,103962,0.16852339796436375,1191,1,0,1,1191,1191,1191.0,False,offline_attainable_single_model_not_CI
ieee_cis,3,M1,82,raw_probability,59054,2213,0.1,5906,1474,0.6660641662901039,0.2495767016593295,78332,0.08305383473461293,1474,1,0,1,1474,1474,1474.0,False,offline_attainable_single_model_not_CI
ieee_cis,3,M2,42,raw_probability,59054,2213,0.01,591,521,0.23542702214188885,0.8815566835871405,169270,0.8144861534458561,521,1,0,1,521,521,521.0,False,offline_attainable_single_model_not_CI
ieee_cis,3,M2,42,raw_probability,59054,2213,0.03,1772,969,0.4378671486669679,0.5468397291196389,125203,0.4271083836963046,969,1,0,1,969,969,969.0,False,offline_attainable_single_model_not_CI
ieee_cis,3,M2,42,raw_probability,59054,2213,0.05,2953,1092,0.49344780840488023,0.3697934304097528,113961,0.3441196307045436,1092,1,0,1,1092,1092,1092.0,False,offline_attainable_single_model_not_CI
ieee_cis,3,M2,42,raw_probability,59054,2213,0.1,5906,1489,0.6728422955264347,0.25211649170335254,76817,0.15051640350997933,1489,1,0,1,1489,1489,1489.0,False,offline_attainable_single_model_not_CI
ieee_cis,3,M2,52,raw_probability,59054,2213,0.01,591,523,0.23633077270673294,0.8849407783417935,169068,0.8269225433119709,522,1,1,1,523,523,523.0,False,offline_attainable_single_model_not_CI
ieee_cis,3,M2,52,raw_probability,59054,2213,0.03,1772,1023,0.4622684139177587,0.577313769751693,119749,0.3879888828905373,1023,1,0,1,1023,1023,1023.0,False,offline_attainable_single_model_not_CI
ieee_cis,3,M2,52,raw_probability,59054,2213,0.05,2953,1278,0.5774966109353818,0.4327802235015239,95175,0.23762570123462293,1278,2,0,1,1278,1278,1278.0,True,offline_attainable_single_model_not_CI
ieee_cis,3,M2,52,raw_probability,59054,2213,0.1,5906,1501,0.6782647989154993,0.25414832373857094,75605,0.14561227776934563,1501,3,0,3,1501,1501,1501.0,False,offline_attainable_single_model_not_CI
ieee_cis,3,M2,62,raw_probability,59054,2213,0.01,591,524,0.236782647989155,0.8866328257191202,168967,0.8214973227716137,523,1,1,1,524,524,524.0,False,offline_attainable_single_model_not_CI
ieee_cis,3,M2,62,raw_probability,59054,2213,0.03,1772,1039,0.4694984184365115,0.5863431151241535,118133,0.39422383668839805,1039,1,0,1,1039,1039,1039.0,False,offline_attainable_single_model_not_CI
ieee_cis,3,M2,62,raw_probability,59054,2213,0.05,2953,1257,0.5680072300045188,0.4256688113782594,97296,0.2514199674281607,1257,1,0,1,1257,1257,1257.0,False,offline_attainable_single_model_not_CI
ieee_cis,3,M2,62,raw_probability,59054,2213,0.1,5906,1578,0.7130591956619973,0.2671859126312225,67828,0.12770751543957418,1578,1,0,1,1578,1578,1578.0,False,offline_attainable_single_model_not_CI
ieee_cis,3,M2,72,raw_probability,59054,2213,0.01,591,523,0.23633077270673294,0.8849407783417935,169068,0.8294668411019711,522,1,1,1,523,523,523.0,False,offline_attainable_single_model_not_CI
ieee_cis,3,M2,72,raw_probability,59054,2213,0.03,1772,1022,0.46181653863533667,0.5767494356659142,119850,0.39013234520531537,1022,1,0,1,1022,1022,1022.0,False,offline_attainable_single_model_not_CI
ieee_cis,3,M2,72,raw_probability,59054,2213,0.05,2953,1272,0.5747853592408495,0.43074839146630545,95781,0.23610561767453728,1272,1,0,1,1272,1272,1272.0,False,offline_attainable_single_model_not_CI
ieee_cis,3,M2,72,raw_probability,59054,2213,0.1,5906,1488,0.6723904202440126,0.2519471723670843,76918,0.1514449314729897,1488,2,0,1,1488,1488,1488.0,True,offline_attainable_single_model_not_CI
ieee_cis,3,M2,82,raw_probability,59054,2213,0.01,591,530,0.2394938996836873,0.8967851099830795,168361,0.8236625593858508,529,1,1,1,530,530,530.0,False,offline_attainable_single_model_not_CI
ieee_cis,3,M2,82,raw_probability,59054,2213,0.03,1772,1023,0.4622684139177587,0.577313769751693,119749,0.39909234027994367,1023,1,0,1,1023,1023,1023.0,False,offline_attainable_single_model_not_CI
ieee_cis,3,M2,82,raw_probability,59054,2213,0.05,2953,1250,0.5648441030275644,0.4232983406705046,98003,0.251257143670278,1250,1,0,1,1250,1250,1250.0,False,offline_attainable_single_model_not_CI
ieee_cis,3,M2,82,raw_probability,59054,2213,0.1,5906,1545,0.6981473113420696,0.26159837453437185,71161,0.1461559721995976,1545,1,0,1,1545,1545,1545.0,False,offline_attainable_single_model_not_CI
ieee_cis,3,M3,42,raw_probability,59054,2213,0.01,591,517,0.23361952101220063,0.8747884940778342,169674,0.8257405210835498,517,1,0,1,517,517,517.0,False,offline_attainable_single_model_not_CI
ieee_cis,3,M3,42,raw_probability,59054,2213,0.03,1772,1007,0.45503840939900586,0.5682844243792325,121365,0.3964111043286602,1007,1,0,1,1007,1007,1007.0,False,offline_attainable_single_model_not_CI
ieee_cis,3,M3,42,raw_probability,59054,2213,0.05,2953,1258,0.5684591052869408,0.4260074500507958,97195,0.25053734765870433,1258,1,0,1,1258,1258,1258.0,False,offline_attainable_single_model_not_CI
ieee_cis,3,M3,42,raw_probability,59054,2213,0.1,5906,1503,0.6791685494803434,0.25448696241110735,75403,0.15354292770258973,1503,1,0,1,1503,1503,1503.0,False,offline_attainable_single_model_not_CI
ieee_cis,3,M3,52,raw_probability,59054,2213,0.01,591,529,0.23904202440126526,0.8950930626057529,168462,0.8198414936641009,528,1,1,1,529,529,529.0,False,offline_attainable_single_model_not_CI
ieee_cis,3,M3,52,raw_probability,59054,2213,0.03,1772,1025,0.4631721644826028,0.5784424379232506,119547,0.3882158873865855,1024,1,1,1,1025,1025,1025.0,False,offline_attainable_single_model_not_CI
ieee_cis,3,M3,52,raw_probability,59054,2213,0.05,2953,1234,0.5576140985088116,0.41788012190992213,99619,0.24309986326759797,1233,1,1,1,1234,1234,1234.0,False,offline_attainable_single_model_not_CI
ieee_cis,3,M3,52,raw_probability,59054,2213,0.1,5906,1513,0.683687302304564,0.2561801557737894,74393,0.14656581937258858,1513,1,0,1,1513,1513,1513.0,False,offline_attainable_single_model_not_CI
ieee_cis,3,M3,62,raw_probability,59054,2213,0.01,591,518,0.23407139629462267,0.8764805414551607,169573,0.8205041441740332,517,1,1,1,518,518,518.0,False,offline_attainable_single_model_not_CI
ieee_cis,3,M3,62,raw_probability,59054,2213,0.03,1772,996,0.4500677812923633,0.5620767494356659,122476,0.3923564959450625,996,1,0,1,996,996,996.0,False,offline_attainable_single_model_not_CI
ieee_cis,3,M3,62,raw_probability,59054,2213,0.05,2953,1253,0.5661997288748305,0.4243142566881138,97700,0.25232426341599884,1252,1,1,1,1253,1253,1253.0,False,offline_attainable_single_model_not_CI
ieee_cis,3,M3,62,raw_probability,59054,2213,0.1,5906,1559,0.7044735652959783,0.26396884524212666,69747,0.1334746663014466,1559,1,0,1,1559,1559,1559.0,False,offline_attainable_single_model_not_CI
ieee_cis,3,M3,72,raw_probability,59054,2213,0.01,591,517,0.23361952101220063,0.8747884940778342,169674,0.8314880153918984,516,1,1,1,517,517,517.0,False,offline_attainable_single_model_not_CI
ieee_cis,3,M3,72,raw_probability,59054,2213,0.03,1772,1014,0.45820153637596023,0.572234762979684,120658,0.3845851346294949,1014,2,0,2,1014,1014,1014.0,False,offline_attainable_single_model_not_CI
ieee_cis,3,M3,72,raw_probability,59054,2213,0.05,2953,1237,0.5589697243560777,0.41889603792753133,99316,0.24613569967288254,1237,1,0,1,1237,1237,1237.0,False,offline_attainable_single_model_not_CI
ieee_cis,3,M3,72,raw_probability,59054,2213,0.1,5906,1545,0.6981473113420696,0.26159837453437185,71161,0.13415340756724445,1545,416,0,398,1545,1545,1545.0,True,offline_attainable_single_model_not_CI
ieee_cis,3,M3,82,raw_probability,59054,2213,0.01,591,526,0.2376863985539991,0.8900169204737732,168765,0.8318946821999809,526,1,0,1,526,526,526.0,False,offline_attainable_single_model_not_CI
ieee_cis,3,M3,82,raw_probability,59054,2213,0.03,1772,1021,0.4613646633529146,0.5761851015801355,119951,0.3925133561471272,1021,14,0,7,1021,1021,1021.0,True,offline_attainable_single_model_not_CI
ieee_cis,3,M3,82,raw_probability,59054,2213,0.05,2953,1184,0.535020334387709,0.4009481882831019,104669,0.2843724387793426,1184,1,0,1,1184,1184,1184.0,False,offline_attainable_single_model_not_CI
ieee_cis,3,M3,82,raw_probability,59054,2213,0.1,5906,1511,0.6827835517397198,0.25584151710125297,74595,0.15338687013397298,1511,2,0,1,1511,1511,1511.0,True,offline_attainable_single_model_not_CI
