fold,model,seed,capacity,fn_cost,analysis,field,v1,v2,v2_minus_v1,changed_exact
1,P0,42,0.01,10.0,all_scenarios,ap,0.15814116188785596,0.1548730397037055,-0.003268122184150457,True
1,P0,42,0.01,50.0,all_scenarios,ap,0.15814116188785596,0.1548730397037055,-0.003268122184150457,True
1,P0,42,0.01,100.0,all_scenarios,ap,0.15814116188785596,0.1548730397037055,-0.003268122184150457,True
1,P0,42,0.01,500.0,all_scenarios,ap,0.15814116188785596,0.1548730397037055,-0.003268122184150457,True
1,P0,42,0.01,1000.0,all_scenarios,ap,0.15814116188785596,0.1548730397037055,-0.003268122184150457,True
1,P0,42,0.03,10.0,all_scenarios,ap,0.15814116188785596,0.1548730397037055,-0.003268122184150457,True
1,P0,42,0.03,50.0,all_scenarios,ap,0.15814116188785596,0.1548730397037055,-0.003268122184150457,True
1,P0,42,0.03,100.0,all_scenarios,ap,0.15814116188785596,0.1548730397037055,-0.003268122184150457,True
1,P0,42,0.03,500.0,all_scenarios,ap,0.15814116188785596,0.1548730397037055,-0.003268122184150457,True
1,P0,42,0.03,1000.0,all_scenarios,ap,0.15814116188785596,0.1548730397037055,-0.003268122184150457,True
1,P0,42,0.05,10.0,all_scenarios,ap,0.15814116188785596,0.1548730397037055,-0.003268122184150457,True
1,P0,42,0.05,50.0,all_scenarios,ap,0.15814116188785596,0.1548730397037055,-0.003268122184150457,True
1,P0,42,0.05,100.0,all_scenarios,ap,0.15814116188785596,0.1548730397037055,-0.003268122184150457,True
1,P0,42,0.05,500.0,all_scenarios,ap,0.15814116188785596,0.1548730397037055,-0.003268122184150457,True
1,P0,42,0.05,1000.0,all_scenarios,ap,0.15814116188785596,0.1548730397037055,-0.003268122184150457,True
1,P0,42,0.1,10.0,all_scenarios,ap,0.15814116188785596,0.1548730397037055,-0.003268122184150457,True
1,P0,42,0.1,50.0,all_scenarios,ap,0.15814116188785596,0.1548730397037055,-0.003268122184150457,True
1,P0,42,0.1,100.0,all_scenarios,ap,0.15814116188785596,0.1548730397037055,-0.003268122184150457,True
1,P0,42,0.1,500.0,all_scenarios,ap,0.15814116188785596,0.1548730397037055,-0.003268122184150457,True
1,P0,42,0.1,1000.0,all_scenarios,ap,0.15814116188785596,0.1548730397037055,-0.003268122184150457,True
1,P0,52,0.01,10.0,all_scenarios,ap,0.1474118988785424,0.006175773206330214,-0.14123612567221216,True
1,P0,52,0.01,50.0,all_scenarios,ap,0.1474118988785424,0.006175773206330214,-0.14123612567221216,True
1,P0,52,0.01,100.0,all_scenarios,ap,0.1474118988785424,0.006175773206330214,-0.14123612567221216,True
1,P0,52,0.01,500.0,all_scenarios,ap,0.1474118988785424,0.006175773206330214,-0.14123612567221216,True
1,P0,52,0.01,1000.0,all_scenarios,ap,0.1474118988785424,0.006175773206330214,-0.14123612567221216,True
1,P0,52,0.03,10.0,all_scenarios,ap,0.1474118988785424,0.006175773206330214,-0.14123612567221216,True
1,P0,52,0.03,50.0,all_scenarios,ap,0.1474118988785424,0.006175773206330214,-0.14123612567221216,True
1,P0,52,0.03,100.0,all_scenarios,ap,0.1474118988785424,0.006175773206330214,-0.14123612567221216,True
1,P0,52,0.03,500.0,all_scenarios,ap,0.1474118988785424,0.006175773206330214,-0.14123612567221216,True
1,P0,52,0.03,1000.0,all_scenarios,ap,0.1474118988785424,0.006175773206330214,-0.14123612567221216,True
1,P0,52,0.05,10.0,all_scenarios,ap,0.1474118988785424,0.006175773206330214,-0.14123612567221216,True
1,P0,52,0.05,50.0,all_scenarios,ap,0.1474118988785424,0.006175773206330214,-0.14123612567221216,True
1,P0,52,0.05,100.0,all_scenarios,ap,0.1474118988785424,0.006175773206330214,-0.14123612567221216,True
1,P0,52,0.05,500.0,all_scenarios,ap,0.1474118988785424,0.006175773206330214,-0.14123612567221216,True
1,P0,52,0.05,1000.0,all_scenarios,ap,0.1474118988785424,0.006175773206330214,-0.14123612567221216,True
1,P0,52,0.1,10.0,all_scenarios,ap,0.1474118988785424,0.006175773206330214,-0.14123612567221216,True
1,P0,52,0.1,50.0,all_scenarios,ap,0.1474118988785424,0.006175773206330214,-0.14123612567221216,True
1,P0,52,0.1,100.0,all_scenarios,ap,0.1474118988785424,0.006175773206330214,-0.14123612567221216,True
1,P0,52,0.1,500.0,all_scenarios,ap,0.1474118988785424,0.006175773206330214,-0.14123612567221216,True
1,P0,52,0.1,1000.0,all_scenarios,ap,0.1474118988785424,0.006175773206330214,-0.14123612567221216,True
1,P0,62,0.01,10.0,all_scenarios,ap,0.16693433420763584,0.14850681436142182,-0.01842751984621402,True
1,P0,62,0.01,50.0,all_scenarios,ap,0.16693433420763584,0.14850681436142182,-0.01842751984621402,True
1,P0,62,0.01,100.0,all_scenarios,ap,0.16693433420763584,0.14850681436142182,-0.01842751984621402,True
1,P0,62,0.01,500.0,all_scenarios,ap,0.16693433420763584,0.14850681436142182,-0.01842751984621402,True
1,P0,62,0.01,1000.0,all_scenarios,ap,0.16693433420763584,0.14850681436142182,-0.01842751984621402,True
1,P0,62,0.03,10.0,all_scenarios,ap,0.16693433420763584,0.14850681436142182,-0.01842751984621402,True
1,P0,62,0.03,50.0,all_scenarios,ap,0.16693433420763584,0.14850681436142182,-0.01842751984621402,True
1,P0,62,0.03,100.0,all_scenarios,ap,0.16693433420763584,0.14850681436142182,-0.01842751984621402,True
1,P0,62,0.03,500.0,all_scenarios,ap,0.16693433420763584,0.14850681436142182,-0.01842751984621402,True
1,P0,62,0.03,1000.0,all_scenarios,ap,0.16693433420763584,0.14850681436142182,-0.01842751984621402,True
1,P0,62,0.05,10.0,all_scenarios,ap,0.16693433420763584,0.14850681436142182,-0.01842751984621402,True
1,P0,62,0.05,50.0,all_scenarios,ap,0.16693433420763584,0.14850681436142182,-0.01842751984621402,True
1,P0,62,0.05,100.0,all_scenarios,ap,0.16693433420763584,0.14850681436142182,-0.01842751984621402,True
1,P0,62,0.05,500.0,all_scenarios,ap,0.16693433420763584,0.14850681436142182,-0.01842751984621402,True
1,P0,62,0.05,1000.0,all_scenarios,ap,0.16693433420763584,0.14850681436142182,-0.01842751984621402,True
1,P0,62,0.1,10.0,all_scenarios,ap,0.16693433420763584,0.14850681436142182,-0.01842751984621402,True
1,P0,62,0.1,50.0,all_scenarios,ap,0.16693433420763584,0.14850681436142182,-0.01842751984621402,True
1,P0,62,0.1,100.0,all_scenarios,ap,0.16693433420763584,0.14850681436142182,-0.01842751984621402,True
1,P0,62,0.1,500.0,all_scenarios,ap,0.16693433420763584,0.14850681436142182,-0.01842751984621402,True
1,P0,62,0.1,1000.0,all_scenarios,ap,0.16693433420763584,0.14850681436142182,-0.01842751984621402,True
1,P0,72,0.01,10.0,all_scenarios,ap,0.14109140912103968,0.14915033691806778,0.008058927797028104,True
1,P0,72,0.01,50.0,all_scenarios,ap,0.14109140912103968,0.14915033691806778,0.008058927797028104,True
1,P0,72,0.01,100.0,all_scenarios,ap,0.14109140912103968,0.14915033691806778,0.008058927797028104,True
1,P0,72,0.01,500.0,all_scenarios,ap,0.14109140912103968,0.14915033691806778,0.008058927797028104,True
1,P0,72,0.01,1000.0,all_scenarios,ap,0.14109140912103968,0.14915033691806778,0.008058927797028104,True
1,P0,72,0.03,10.0,all_scenarios,ap,0.14109140912103968,0.14915033691806778,0.008058927797028104,True
1,P0,72,0.03,50.0,all_scenarios,ap,0.14109140912103968,0.14915033691806778,0.008058927797028104,True
1,P0,72,0.03,100.0,all_scenarios,ap,0.14109140912103968,0.14915033691806778,0.008058927797028104,True
1,P0,72,0.03,500.0,all_scenarios,ap,0.14109140912103968,0.14915033691806778,0.008058927797028104,True
1,P0,72,0.03,1000.0,all_scenarios,ap,0.14109140912103968,0.14915033691806778,0.008058927797028104,True
1,P0,72,0.05,10.0,all_scenarios,ap,0.14109140912103968,0.14915033691806778,0.008058927797028104,True
1,P0,72,0.05,50.0,all_scenarios,ap,0.14109140912103968,0.14915033691806778,0.008058927797028104,True
1,P0,72,0.05,100.0,all_scenarios,ap,0.14109140912103968,0.14915033691806778,0.008058927797028104,True
1,P0,72,0.05,500.0,all_scenarios,ap,0.14109140912103968,0.14915033691806778,0.008058927797028104,True
1,P0,72,0.05,1000.0,all_scenarios,ap,0.14109140912103968,0.14915033691806778,0.008058927797028104,True
1,P0,72,0.1,10.0,all_scenarios,ap,0.14109140912103968,0.14915033691806778,0.008058927797028104,True
1,P0,72,0.1,50.0,all_scenarios,ap,0.14109140912103968,0.14915033691806778,0.008058927797028104,True
1,P0,72,0.1,100.0,all_scenarios,ap,0.14109140912103968,0.14915033691806778,0.008058927797028104,True
1,P0,72,0.1,500.0,all_scenarios,ap,0.14109140912103968,0.14915033691806778,0.008058927797028104,True
1,P0,72,0.1,1000.0,all_scenarios,ap,0.14109140912103968,0.14915033691806778,0.008058927797028104,True
1,P0,82,0.01,10.0,all_scenarios,ap,0.16138082959283925,0.022236050222499054,-0.1391447793703402,True
1,P0,82,0.01,50.0,all_scenarios,ap,0.16138082959283925,0.022236050222499054,-0.1391447793703402,True
1,P0,82,0.01,100.0,all_scenarios,ap,0.16138082959283925,0.022236050222499054,-0.1391447793703402,True
1,P0,82,0.01,500.0,all_scenarios,ap,0.16138082959283925,0.022236050222499054,-0.1391447793703402,True
1,P0,82,0.01,1000.0,all_scenarios,ap,0.16138082959283925,0.022236050222499054,-0.1391447793703402,True
1,P0,82,0.03,10.0,all_scenarios,ap,0.16138082959283925,0.022236050222499054,-0.1391447793703402,True
1,P0,82,0.03,50.0,all_scenarios,ap,0.16138082959283925,0.022236050222499054,-0.1391447793703402,True
1,P0,82,0.03,100.0,all_scenarios,ap,0.16138082959283925,0.022236050222499054,-0.1391447793703402,True
1,P0,82,0.03,500.0,all_scenarios,ap,0.16138082959283925,0.022236050222499054,-0.1391447793703402,True
1,P0,82,0.03,1000.0,all_scenarios,ap,0.16138082959283925,0.022236050222499054,-0.1391447793703402,True
1,P0,82,0.05,10.0,all_scenarios,ap,0.16138082959283925,0.022236050222499054,-0.1391447793703402,True
1,P0,82,0.05,50.0,all_scenarios,ap,0.16138082959283925,0.022236050222499054,-0.1391447793703402,True
1,P0,82,0.05,100.0,all_scenarios,ap,0.16138082959283925,0.022236050222499054,-0.1391447793703402,True
1,P0,82,0.05,500.0,all_scenarios,ap,0.16138082959283925,0.022236050222499054,-0.1391447793703402,True
1,P0,82,0.05,1000.0,all_scenarios,ap,0.16138082959283925,0.022236050222499054,-0.1391447793703402,True
1,P0,82,0.1,10.0,all_scenarios,ap,0.16138082959283925,0.022236050222499054,-0.1391447793703402,True
1,P0,82,0.1,50.0,all_scenarios,ap,0.16138082959283925,0.022236050222499054,-0.1391447793703402,True
1,P0,82,0.1,100.0,all_scenarios,ap,0.16138082959283925,0.022236050222499054,-0.1391447793703402,True
1,P0,82,0.1,500.0,all_scenarios,ap,0.16138082959283925,0.022236050222499054,-0.1391447793703402,True
1,P0,82,0.1,1000.0,all_scenarios,ap,0.16138082959283925,0.022236050222499054,-0.1391447793703402,True
1,PH,42,0.03,100.0,all_scenarios,ap,0.14209233290170484,0.09745832693676806,-0.044634005964936774,True
1,PH,52,0.03,100.0,all_scenarios,ap,0.040910130027272826,0.16775771866149605,0.12684758863422324,True
1,PH,62,0.03,100.0,all_scenarios,ap,0.13227232274551112,0.11278350697235157,-0.019488815773159557,True
1,PH,72,0.03,100.0,all_scenarios,ap,0.11952072035464037,0.09605428121011972,-0.02346643914452065,True
1,PH,82,0.03,100.0,all_scenarios,ap,0.12368544050453309,0.06394865969732222,-0.05973678080721087,True
1,PT,42,0.03,100.0,all_scenarios,ap,0.1296134258323702,0.18239394291105804,0.05278051707868783,True
1,PT,52,0.03,100.0,all_scenarios,ap,0.037851968640191226,0.30607232464432754,0.2682203560041363,True
1,PT,62,0.03,100.0,all_scenarios,ap,0.3324280352206018,0.27750119243412885,-0.054926842786472974,True
1,PT,72,0.03,100.0,all_scenarios,ap,0.3099532466553819,0.32547714552562557,0.01552389887024369,True
1,PT,82,0.03,100.0,all_scenarios,ap,0.353795531174527,0.359565999944084,0.005770468769557002,True
1,PTH,42,0.03,100.0,all_scenarios,ap,0.07845199029965945,0.1726153665329735,0.09416337623331404,True
1,PTH,52,0.03,100.0,all_scenarios,ap,0.2796012394264604,0.2930113723466047,0.013410132920144258,True
1,PTH,62,0.03,100.0,all_scenarios,ap,0.33231839761268084,0.14087974395816552,-0.19143865365451532,True
1,PTH,72,0.03,100.0,all_scenarios,ap,0.291918509084598,0.25007012310402377,-0.04184838598057422,True
1,PTH,82,0.03,100.0,all_scenarios,ap,0.24894177225540887,0.2973521650368171,0.04841039278140824,True
1,PTHW,42,0.01,10.0,all_scenarios,ap,0.07666310428435939,0.1415228518252181,0.0648597475408587,True
1,PTHW,42,0.01,50.0,all_scenarios,ap,0.07666310428435939,0.1415228518252181,0.0648597475408587,True
1,PTHW,42,0.01,100.0,all_scenarios,ap,0.07666310428435939,0.1415228518252181,0.0648597475408587,True
1,PTHW,42,0.01,500.0,all_scenarios,ap,0.07666310428435939,0.1415228518252181,0.0648597475408587,True
1,PTHW,42,0.01,1000.0,all_scenarios,ap,0.07666310428435939,0.1415228518252181,0.0648597475408587,True
1,PTHW,42,0.03,10.0,all_scenarios,ap,0.07666310428435939,0.1415228518252181,0.0648597475408587,True
1,PTHW,42,0.03,50.0,all_scenarios,ap,0.07666310428435939,0.1415228518252181,0.0648597475408587,True
1,PTHW,42,0.03,100.0,all_scenarios,ap,0.07666310428435939,0.1415228518252181,0.0648597475408587,True
1,PTHW,42,0.03,500.0,all_scenarios,ap,0.07666310428435939,0.1415228518252181,0.0648597475408587,True
1,PTHW,42,0.03,1000.0,all_scenarios,ap,0.07666310428435939,0.1415228518252181,0.0648597475408587,True
1,PTHW,42,0.05,10.0,all_scenarios,ap,0.07666310428435939,0.1415228518252181,0.0648597475408587,True
1,PTHW,42,0.05,50.0,all_scenarios,ap,0.07666310428435939,0.1415228518252181,0.0648597475408587,True
1,PTHW,42,0.05,100.0,all_scenarios,ap,0.07666310428435939,0.1415228518252181,0.0648597475408587,True
1,PTHW,42,0.05,500.0,all_scenarios,ap,0.07666310428435939,0.1415228518252181,0.0648597475408587,True
1,PTHW,42,0.05,1000.0,all_scenarios,ap,0.07666310428435939,0.1415228518252181,0.0648597475408587,True
1,PTHW,42,0.1,10.0,all_scenarios,ap,0.07666310428435939,0.1415228518252181,0.0648597475408587,True
1,PTHW,42,0.1,50.0,all_scenarios,ap,0.07666310428435939,0.1415228518252181,0.0648597475408587,True
1,PTHW,42,0.1,100.0,all_scenarios,ap,0.07666310428435939,0.1415228518252181,0.0648597475408587,True
1,PTHW,42,0.1,500.0,all_scenarios,ap,0.07666310428435939,0.1415228518252181,0.0648597475408587,True
1,PTHW,42,0.1,1000.0,all_scenarios,ap,0.07666310428435939,0.1415228518252181,0.0648597475408587,True
1,PTHW,52,0.01,10.0,all_scenarios,ap,0.3356402987008902,0.2032157814475801,-0.1324245172533101,True
1,PTHW,52,0.01,50.0,all_scenarios,ap,0.3356402987008902,0.2032157814475801,-0.1324245172533101,True
1,PTHW,52,0.01,100.0,all_scenarios,ap,0.3356402987008902,0.2032157814475801,-0.1324245172533101,True
1,PTHW,52,0.01,500.0,all_scenarios,ap,0.3356402987008902,0.2032157814475801,-0.1324245172533101,True
1,PTHW,52,0.01,1000.0,all_scenarios,ap,0.3356402987008902,0.2032157814475801,-0.1324245172533101,True
1,PTHW,52,0.03,10.0,all_scenarios,ap,0.3356402987008902,0.2032157814475801,-0.1324245172533101,True
1,PTHW,52,0.03,50.0,all_scenarios,ap,0.3356402987008902,0.2032157814475801,-0.1324245172533101,True
1,PTHW,52,0.03,100.0,all_scenarios,ap,0.3356402987008902,0.2032157814475801,-0.1324245172533101,True
1,PTHW,52,0.03,500.0,all_scenarios,ap,0.3356402987008902,0.2032157814475801,-0.1324245172533101,True
1,PTHW,52,0.03,1000.0,all_scenarios,ap,0.3356402987008902,0.2032157814475801,-0.1324245172533101,True
1,PTHW,52,0.05,10.0,all_scenarios,ap,0.3356402987008902,0.2032157814475801,-0.1324245172533101,True
1,PTHW,52,0.05,50.0,all_scenarios,ap,0.3356402987008902,0.2032157814475801,-0.1324245172533101,True
1,PTHW,52,0.05,100.0,all_scenarios,ap,0.3356402987008902,0.2032157814475801,-0.1324245172533101,True
1,PTHW,52,0.05,500.0,all_scenarios,ap,0.3356402987008902,0.2032157814475801,-0.1324245172533101,True
1,PTHW,52,0.05,1000.0,all_scenarios,ap,0.3356402987008902,0.2032157814475801,-0.1324245172533101,True
1,PTHW,52,0.1,10.0,all_scenarios,ap,0.3356402987008902,0.2032157814475801,-0.1324245172533101,True
1,PTHW,52,0.1,50.0,all_scenarios,ap,0.3356402987008902,0.2032157814475801,-0.1324245172533101,True
1,PTHW,52,0.1,100.0,all_scenarios,ap,0.3356402987008902,0.2032157814475801,-0.1324245172533101,True
1,PTHW,52,0.1,500.0,all_scenarios,ap,0.3356402987008902,0.2032157814475801,-0.1324245172533101,True
1,PTHW,52,0.1,1000.0,all_scenarios,ap,0.3356402987008902,0.2032157814475801,-0.1324245172533101,True
1,PTHW,62,0.01,10.0,all_scenarios,ap,0.3003469254574286,0.33378473430438016,0.03343780884695158,True
1,PTHW,62,0.01,50.0,all_scenarios,ap,0.3003469254574286,0.33378473430438016,0.03343780884695158,True
1,PTHW,62,0.01,100.0,all_scenarios,ap,0.3003469254574286,0.33378473430438016,0.03343780884695158,True
1,PTHW,62,0.01,500.0,all_scenarios,ap,0.3003469254574286,0.33378473430438016,0.03343780884695158,True
1,PTHW,62,0.01,1000.0,all_scenarios,ap,0.3003469254574286,0.33378473430438016,0.03343780884695158,True
1,PTHW,62,0.03,10.0,all_scenarios,ap,0.3003469254574286,0.33378473430438016,0.03343780884695158,True
1,PTHW,62,0.03,50.0,all_scenarios,ap,0.3003469254574286,0.33378473430438016,0.03343780884695158,True
1,PTHW,62,0.03,100.0,all_scenarios,ap,0.3003469254574286,0.33378473430438016,0.03343780884695158,True
1,PTHW,62,0.03,500.0,all_scenarios,ap,0.3003469254574286,0.33378473430438016,0.03343780884695158,True
1,PTHW,62,0.03,1000.0,all_scenarios,ap,0.3003469254574286,0.33378473430438016,0.03343780884695158,True
1,PTHW,62,0.05,10.0,all_scenarios,ap,0.3003469254574286,0.33378473430438016,0.03343780884695158,True
1,PTHW,62,0.05,50.0,all_scenarios,ap,0.3003469254574286,0.33378473430438016,0.03343780884695158,True
1,PTHW,62,0.05,100.0,all_scenarios,ap,0.3003469254574286,0.33378473430438016,0.03343780884695158,True
1,PTHW,62,0.05,500.0,all_scenarios,ap,0.3003469254574286,0.33378473430438016,0.03343780884695158,True
1,PTHW,62,0.05,1000.0,all_scenarios,ap,0.3003469254574286,0.33378473430438016,0.03343780884695158,True
1,PTHW,62,0.1,10.0,all_scenarios,ap,0.3003469254574286,0.33378473430438016,0.03343780884695158,True
1,PTHW,62,0.1,50.0,all_scenarios,ap,0.3003469254574286,0.33378473430438016,0.03343780884695158,True
1,PTHW,62,0.1,100.0,all_scenarios,ap,0.3003469254574286,0.33378473430438016,0.03343780884695158,True
1,PTHW,62,0.1,500.0,all_scenarios,ap,0.3003469254574286,0.33378473430438016,0.03343780884695158,True
1,PTHW,62,0.1,1000.0,all_scenarios,ap,0.3003469254574286,0.33378473430438016,0.03343780884695158,True
1,PTHW,72,0.01,10.0,all_scenarios,ap,0.21125596002307956,0.33644145277451165,0.1251854927514321,True
1,PTHW,72,0.01,50.0,all_scenarios,ap,0.21125596002307956,0.33644145277451165,0.1251854927514321,True
1,PTHW,72,0.01,100.0,all_scenarios,ap,0.21125596002307956,0.33644145277451165,0.1251854927514321,True
1,PTHW,72,0.01,500.0,all_scenarios,ap,0.21125596002307956,0.33644145277451165,0.1251854927514321,True
1,PTHW,72,0.01,1000.0,all_scenarios,ap,0.21125596002307956,0.33644145277451165,0.1251854927514321,True
1,PTHW,72,0.03,10.0,all_scenarios,ap,0.21125596002307956,0.33644145277451165,0.1251854927514321,True
1,PTHW,72,0.03,50.0,all_scenarios,ap,0.21125596002307956,0.33644145277451165,0.1251854927514321,True
1,PTHW,72,0.03,100.0,all_scenarios,ap,0.21125596002307956,0.33644145277451165,0.1251854927514321,True
1,PTHW,72,0.03,500.0,all_scenarios,ap,0.21125596002307956,0.33644145277451165,0.1251854927514321,True
1,PTHW,72,0.03,1000.0,all_scenarios,ap,0.21125596002307956,0.33644145277451165,0.1251854927514321,True
1,PTHW,72,0.05,10.0,all_scenarios,ap,0.21125596002307956,0.33644145277451165,0.1251854927514321,True
1,PTHW,72,0.05,50.0,all_scenarios,ap,0.21125596002307956,0.33644145277451165,0.1251854927514321,True
1,PTHW,72,0.05,100.0,all_scenarios,ap,0.21125596002307956,0.33644145277451165,0.1251854927514321,True
1,PTHW,72,0.05,500.0,all_scenarios,ap,0.21125596002307956,0.33644145277451165,0.1251854927514321,True
1,PTHW,72,0.05,1000.0,all_scenarios,ap,0.21125596002307956,0.33644145277451165,0.1251854927514321,True
1,PTHW,72,0.1,10.0,all_scenarios,ap,0.21125596002307956,0.33644145277451165,0.1251854927514321,True
1,PTHW,72,0.1,50.0,all_scenarios,ap,0.21125596002307956,0.33644145277451165,0.1251854927514321,True
1,PTHW,72,0.1,100.0,all_scenarios,ap,0.21125596002307956,0.33644145277451165,0.1251854927514321,True
1,PTHW,72,0.1,500.0,all_scenarios,ap,0.21125596002307956,0.33644145277451165,0.1251854927514321,True
1,PTHW,72,0.1,1000.0,all_scenarios,ap,0.21125596002307956,0.33644145277451165,0.1251854927514321,True
1,PTHW,82,0.01,10.0,all_scenarios,ap,0.29878211013822215,0.23389163934286925,-0.0648904707953529,True
1,PTHW,82,0.01,50.0,all_scenarios,ap,0.29878211013822215,0.23389163934286925,-0.0648904707953529,True
1,PTHW,82,0.01,100.0,all_scenarios,ap,0.29878211013822215,0.23389163934286925,-0.0648904707953529,True
1,PTHW,82,0.01,500.0,all_scenarios,ap,0.29878211013822215,0.23389163934286925,-0.0648904707953529,True
1,PTHW,82,0.01,1000.0,all_scenarios,ap,0.29878211013822215,0.23389163934286925,-0.0648904707953529,True
1,PTHW,82,0.03,10.0,all_scenarios,ap,0.29878211013822215,0.23389163934286925,-0.0648904707953529,True
1,PTHW,82,0.03,50.0,all_scenarios,ap,0.29878211013822215,0.23389163934286925,-0.0648904707953529,True
1,PTHW,82,0.03,100.0,all_scenarios,ap,0.29878211013822215,0.23389163934286925,-0.0648904707953529,True
1,PTHW,82,0.03,500.0,all_scenarios,ap,0.29878211013822215,0.23389163934286925,-0.0648904707953529,True
1,PTHW,82,0.03,1000.0,all_scenarios,ap,0.29878211013822215,0.23389163934286925,-0.0648904707953529,True
1,PTHW,82,0.05,10.0,all_scenarios,ap,0.29878211013822215,0.23389163934286925,-0.0648904707953529,True
1,PTHW,82,0.05,50.0,all_scenarios,ap,0.29878211013822215,0.23389163934286925,-0.0648904707953529,True
1,PTHW,82,0.05,100.0,all_scenarios,ap,0.29878211013822215,0.23389163934286925,-0.0648904707953529,True
1,PTHW,82,0.05,500.0,all_scenarios,ap,0.29878211013822215,0.23389163934286925,-0.0648904707953529,True
1,PTHW,82,0.05,1000.0,all_scenarios,ap,0.29878211013822215,0.23389163934286925,-0.0648904707953529,True
1,PTHW,82,0.1,10.0,all_scenarios,ap,0.29878211013822215,0.23389163934286925,-0.0648904707953529,True
1,PTHW,82,0.1,50.0,all_scenarios,ap,0.29878211013822215,0.23389163934286925,-0.0648904707953529,True
1,PTHW,82,0.1,100.0,all_scenarios,ap,0.29878211013822215,0.23389163934286925,-0.0648904707953529,True
1,PTHW,82,0.1,500.0,all_scenarios,ap,0.29878211013822215,0.23389163934286925,-0.0648904707953529,True
1,PTHW,82,0.1,1000.0,all_scenarios,ap,0.29878211013822215,0.23389163934286925,-0.0648904707953529,True
1,PTHW5,42,0.03,100.0,all_scenarios,ap,0.16903820950389634,0.0963674633200428,-0.07267074618385354,True
1,PTHW5,52,0.03,100.0,all_scenarios,ap,0.11155311241429147,0.17758191646507043,0.06602880405077896,True
1,PTHW5,62,0.03,100.0,all_scenarios,ap,0.17997150053226763,0.008080241995022233,-0.1718912585372454,True
1,PTHW5,72,0.03,100.0,all_scenarios,ap,0.11414139535466665,0.11129238092992609,-0.002849014424740559,True
1,PTHW5,82,0.03,100.0,all_scenarios,ap,0.12979910576025078,0.19011130402112256,0.06031219826087178,True
2,P0,42,0.01,10.0,all_scenarios,ap,0.12505045465629752,0.14330303043632758,0.01825257578003006,True
2,P0,42,0.01,50.0,all_scenarios,ap,0.12505045465629752,0.14330303043632758,0.01825257578003006,True
2,P0,42,0.01,100.0,all_scenarios,ap,0.12505045465629752,0.14330303043632758,0.01825257578003006,True
2,P0,42,0.01,500.0,all_scenarios,ap,0.12505045465629752,0.14330303043632758,0.01825257578003006,True
2,P0,42,0.01,1000.0,all_scenarios,ap,0.12505045465629752,0.14330303043632758,0.01825257578003006,True
2,P0,42,0.03,10.0,all_scenarios,ap,0.12505045465629752,0.14330303043632758,0.01825257578003006,True
2,P0,42,0.03,50.0,all_scenarios,ap,0.12505045465629752,0.14330303043632758,0.01825257578003006,True
2,P0,42,0.03,100.0,all_scenarios,ap,0.12505045465629752,0.14330303043632758,0.01825257578003006,True
2,P0,42,0.03,500.0,all_scenarios,ap,0.12505045465629752,0.14330303043632758,0.01825257578003006,True
2,P0,42,0.03,1000.0,all_scenarios,ap,0.12505045465629752,0.14330303043632758,0.01825257578003006,True
2,P0,42,0.05,10.0,all_scenarios,ap,0.12505045465629752,0.14330303043632758,0.01825257578003006,True
2,P0,42,0.05,50.0,all_scenarios,ap,0.12505045465629752,0.14330303043632758,0.01825257578003006,True
2,P0,42,0.05,100.0,all_scenarios,ap,0.12505045465629752,0.14330303043632758,0.01825257578003006,True
2,P0,42,0.05,500.0,all_scenarios,ap,0.12505045465629752,0.14330303043632758,0.01825257578003006,True
2,P0,42,0.05,1000.0,all_scenarios,ap,0.12505045465629752,0.14330303043632758,0.01825257578003006,True
2,P0,42,0.1,10.0,all_scenarios,ap,0.12505045465629752,0.14330303043632758,0.01825257578003006,True
2,P0,42,0.1,50.0,all_scenarios,ap,0.12505045465629752,0.14330303043632758,0.01825257578003006,True
2,P0,42,0.1,100.0,all_scenarios,ap,0.12505045465629752,0.14330303043632758,0.01825257578003006,True
2,P0,42,0.1,500.0,all_scenarios,ap,0.12505045465629752,0.14330303043632758,0.01825257578003006,True
2,P0,42,0.1,1000.0,all_scenarios,ap,0.12505045465629752,0.14330303043632758,0.01825257578003006,True
2,P0,52,0.01,10.0,all_scenarios,ap,0.10899363365179189,0.07698055449575661,-0.03201307915603528,True
2,P0,52,0.01,50.0,all_scenarios,ap,0.10899363365179189,0.07698055449575661,-0.03201307915603528,True
2,P0,52,0.01,100.0,all_scenarios,ap,0.10899363365179189,0.07698055449575661,-0.03201307915603528,True
2,P0,52,0.01,500.0,all_scenarios,ap,0.10899363365179189,0.07698055449575661,-0.03201307915603528,True
2,P0,52,0.01,1000.0,all_scenarios,ap,0.10899363365179189,0.07698055449575661,-0.03201307915603528,True
2,P0,52,0.03,10.0,all_scenarios,ap,0.10899363365179189,0.07698055449575661,-0.03201307915603528,True
2,P0,52,0.03,50.0,all_scenarios,ap,0.10899363365179189,0.07698055449575661,-0.03201307915603528,True
2,P0,52,0.03,100.0,all_scenarios,ap,0.10899363365179189,0.07698055449575661,-0.03201307915603528,True
2,P0,52,0.03,500.0,all_scenarios,ap,0.10899363365179189,0.07698055449575661,-0.03201307915603528,True
2,P0,52,0.03,1000.0,all_scenarios,ap,0.10899363365179189,0.07698055449575661,-0.03201307915603528,True
2,P0,52,0.05,10.0,all_scenarios,ap,0.10899363365179189,0.07698055449575661,-0.03201307915603528,True
2,P0,52,0.05,50.0,all_scenarios,ap,0.10899363365179189,0.07698055449575661,-0.03201307915603528,True
2,P0,52,0.05,100.0,all_scenarios,ap,0.10899363365179189,0.07698055449575661,-0.03201307915603528,True
2,P0,52,0.05,500.0,all_scenarios,ap,0.10899363365179189,0.07698055449575661,-0.03201307915603528,True
2,P0,52,0.05,1000.0,all_scenarios,ap,0.10899363365179189,0.07698055449575661,-0.03201307915603528,True
2,P0,52,0.1,10.0,all_scenarios,ap,0.10899363365179189,0.07698055449575661,-0.03201307915603528,True
2,P0,52,0.1,50.0,all_scenarios,ap,0.10899363365179189,0.07698055449575661,-0.03201307915603528,True
2,P0,52,0.1,100.0,all_scenarios,ap,0.10899363365179189,0.07698055449575661,-0.03201307915603528,True
2,P0,52,0.1,500.0,all_scenarios,ap,0.10899363365179189,0.07698055449575661,-0.03201307915603528,True
2,P0,52,0.1,1000.0,all_scenarios,ap,0.10899363365179189,0.07698055449575661,-0.03201307915603528,True
2,P0,62,0.01,10.0,all_scenarios,ap,0.13646774342311177,0.12845946631571364,-0.008008277107398126,True
2,P0,62,0.01,50.0,all_scenarios,ap,0.13646774342311177,0.12845946631571364,-0.008008277107398126,True
2,P0,62,0.01,100.0,all_scenarios,ap,0.13646774342311177,0.12845946631571364,-0.008008277107398126,True
2,P0,62,0.01,500.0,all_scenarios,ap,0.13646774342311177,0.12845946631571364,-0.008008277107398126,True
2,P0,62,0.01,1000.0,all_scenarios,ap,0.13646774342311177,0.12845946631571364,-0.008008277107398126,True
2,P0,62,0.03,10.0,all_scenarios,ap,0.13646774342311177,0.12845946631571364,-0.008008277107398126,True
2,P0,62,0.03,50.0,all_scenarios,ap,0.13646774342311177,0.12845946631571364,-0.008008277107398126,True
2,P0,62,0.03,100.0,all_scenarios,ap,0.13646774342311177,0.12845946631571364,-0.008008277107398126,True
2,P0,62,0.03,500.0,all_scenarios,ap,0.13646774342311177,0.12845946631571364,-0.008008277107398126,True
2,P0,62,0.03,1000.0,all_scenarios,ap,0.13646774342311177,0.12845946631571364,-0.008008277107398126,True
2,P0,62,0.05,10.0,all_scenarios,ap,0.13646774342311177,0.12845946631571364,-0.008008277107398126,True
2,P0,62,0.05,50.0,all_scenarios,ap,0.13646774342311177,0.12845946631571364,-0.008008277107398126,True
2,P0,62,0.05,100.0,all_scenarios,ap,0.13646774342311177,0.12845946631571364,-0.008008277107398126,True
2,P0,62,0.05,500.0,all_scenarios,ap,0.13646774342311177,0.12845946631571364,-0.008008277107398126,True
2,P0,62,0.05,1000.0,all_scenarios,ap,0.13646774342311177,0.12845946631571364,-0.008008277107398126,True
2,P0,62,0.1,10.0,all_scenarios,ap,0.13646774342311177,0.12845946631571364,-0.008008277107398126,True
2,P0,62,0.1,50.0,all_scenarios,ap,0.13646774342311177,0.12845946631571364,-0.008008277107398126,True
2,P0,62,0.1,100.0,all_scenarios,ap,0.13646774342311177,0.12845946631571364,-0.008008277107398126,True
2,P0,62,0.1,500.0,all_scenarios,ap,0.13646774342311177,0.12845946631571364,-0.008008277107398126,True
2,P0,62,0.1,1000.0,all_scenarios,ap,0.13646774342311177,0.12845946631571364,-0.008008277107398126,True
2,P0,72,0.01,10.0,all_scenarios,ap,0.12804186504208187,0.1317639845529782,0.003722119510896321,True
2,P0,72,0.01,50.0,all_scenarios,ap,0.12804186504208187,0.1317639845529782,0.003722119510896321,True
2,P0,72,0.01,100.0,all_scenarios,ap,0.12804186504208187,0.1317639845529782,0.003722119510896321,True
2,P0,72,0.01,500.0,all_scenarios,ap,0.12804186504208187,0.1317639845529782,0.003722119510896321,True
2,P0,72,0.01,1000.0,all_scenarios,ap,0.12804186504208187,0.1317639845529782,0.003722119510896321,True
2,P0,72,0.03,10.0,all_scenarios,ap,0.12804186504208187,0.1317639845529782,0.003722119510896321,True
2,P0,72,0.03,50.0,all_scenarios,ap,0.12804186504208187,0.1317639845529782,0.003722119510896321,True
2,P0,72,0.03,100.0,all_scenarios,ap,0.12804186504208187,0.1317639845529782,0.003722119510896321,True
2,P0,72,0.03,500.0,all_scenarios,ap,0.12804186504208187,0.1317639845529782,0.003722119510896321,True
2,P0,72,0.03,1000.0,all_scenarios,ap,0.12804186504208187,0.1317639845529782,0.003722119510896321,True
2,P0,72,0.05,10.0,all_scenarios,ap,0.12804186504208187,0.1317639845529782,0.003722119510896321,True
2,P0,72,0.05,50.0,all_scenarios,ap,0.12804186504208187,0.1317639845529782,0.003722119510896321,True
2,P0,72,0.05,100.0,all_scenarios,ap,0.12804186504208187,0.1317639845529782,0.003722119510896321,True
2,P0,72,0.05,500.0,all_scenarios,ap,0.12804186504208187,0.1317639845529782,0.003722119510896321,True
2,P0,72,0.05,1000.0,all_scenarios,ap,0.12804186504208187,0.1317639845529782,0.003722119510896321,True
2,P0,72,0.1,10.0,all_scenarios,ap,0.12804186504208187,0.1317639845529782,0.003722119510896321,True
2,P0,72,0.1,50.0,all_scenarios,ap,0.12804186504208187,0.1317639845529782,0.003722119510896321,True
2,P0,72,0.1,100.0,all_scenarios,ap,0.12804186504208187,0.1317639845529782,0.003722119510896321,True
2,P0,72,0.1,500.0,all_scenarios,ap,0.12804186504208187,0.1317639845529782,0.003722119510896321,True
2,P0,72,0.1,1000.0,all_scenarios,ap,0.12804186504208187,0.1317639845529782,0.003722119510896321,True
2,P0,82,0.01,10.0,all_scenarios,ap,0.12699017789154227,0.11343290859865836,-0.013557269292883908,True
2,P0,82,0.01,50.0,all_scenarios,ap,0.12699017789154227,0.11343290859865836,-0.013557269292883908,True
2,P0,82,0.01,100.0,all_scenarios,ap,0.12699017789154227,0.11343290859865836,-0.013557269292883908,True
2,P0,82,0.01,500.0,all_scenarios,ap,0.12699017789154227,0.11343290859865836,-0.013557269292883908,True
2,P0,82,0.01,1000.0,all_scenarios,ap,0.12699017789154227,0.11343290859865836,-0.013557269292883908,True
2,P0,82,0.03,10.0,all_scenarios,ap,0.12699017789154227,0.11343290859865836,-0.013557269292883908,True
2,P0,82,0.03,50.0,all_scenarios,ap,0.12699017789154227,0.11343290859865836,-0.013557269292883908,True
2,P0,82,0.03,100.0,all_scenarios,ap,0.12699017789154227,0.11343290859865836,-0.013557269292883908,True
2,P0,82,0.03,500.0,all_scenarios,ap,0.12699017789154227,0.11343290859865836,-0.013557269292883908,True
2,P0,82,0.03,1000.0,all_scenarios,ap,0.12699017789154227,0.11343290859865836,-0.013557269292883908,True
2,P0,82,0.05,10.0,all_scenarios,ap,0.12699017789154227,0.11343290859865836,-0.013557269292883908,True
2,P0,82,0.05,50.0,all_scenarios,ap,0.12699017789154227,0.11343290859865836,-0.013557269292883908,True
2,P0,82,0.05,100.0,all_scenarios,ap,0.12699017789154227,0.11343290859865836,-0.013557269292883908,True
2,P0,82,0.05,500.0,all_scenarios,ap,0.12699017789154227,0.11343290859865836,-0.013557269292883908,True
2,P0,82,0.05,1000.0,all_scenarios,ap,0.12699017789154227,0.11343290859865836,-0.013557269292883908,True
2,P0,82,0.1,10.0,all_scenarios,ap,0.12699017789154227,0.11343290859865836,-0.013557269292883908,True
2,P0,82,0.1,50.0,all_scenarios,ap,0.12699017789154227,0.11343290859865836,-0.013557269292883908,True
2,P0,82,0.1,100.0,all_scenarios,ap,0.12699017789154227,0.11343290859865836,-0.013557269292883908,True
2,P0,82,0.1,500.0,all_scenarios,ap,0.12699017789154227,0.11343290859865836,-0.013557269292883908,True
2,P0,82,0.1,1000.0,all_scenarios,ap,0.12699017789154227,0.11343290859865836,-0.013557269292883908,True
2,PH,42,0.03,100.0,all_scenarios,ap,0.06437901830740889,0.05344006217127265,-0.010938956136136234,True
2,PH,52,0.03,100.0,all_scenarios,ap,0.03365862625231094,0.06539480564786496,0.031736179395554016,True
2,PH,62,0.03,100.0,all_scenarios,ap,0.06628680857187627,0.06505029466682433,-0.0012365139050519447,True
2,PH,72,0.03,100.0,all_scenarios,ap,0.034934847636318496,0.019958408684492175,-0.01497643895182632,True
2,PH,82,0.03,100.0,all_scenarios,ap,0.055671588096273684,0.056800868993213086,0.001129280896939401,True
2,PT,42,0.03,100.0,all_scenarios,ap,0.04107060004766141,0.028699883293518767,-0.012370716754142641,True
2,PT,52,0.03,100.0,all_scenarios,ap,0.27630951441280577,0.27918919145481447,0.0028796770420086992,True
2,PT,62,0.03,100.0,all_scenarios,ap,0.08648955858165279,0.05974374967620022,-0.02674580890545257,True
2,PT,72,0.03,100.0,all_scenarios,ap,0.16592958877150785,0.051550039884289287,-0.11437954888721856,True
2,PT,82,0.03,100.0,all_scenarios,ap,0.2832488793724307,0.10845730533487172,-0.174791574037559,True
2,PTH,42,0.03,100.0,all_scenarios,ap,0.0807621190883499,0.08012594403006039,-0.0006361750582895148,True
2,PTH,52,0.03,100.0,all_scenarios,ap,0.1369812836036892,0.08611402629446102,-0.05086725730922817,True
2,PTH,62,0.03,100.0,all_scenarios,ap,0.06060752062492882,0.17029844899329047,0.10969092836836164,True
2,PTH,72,0.03,100.0,all_scenarios,ap,0.09297200748149029,0.16062173322918552,0.06764972574769523,True
2,PTH,82,0.03,100.0,all_scenarios,ap,0.044125109013195656,0.0764508670628878,0.03232575804969214,True
2,PTHW,42,0.01,10.0,all_scenarios,ap,0.069038892789596,0.198691898109454,0.12965300531985802,True
2,PTHW,42,0.01,50.0,all_scenarios,ap,0.069038892789596,0.198691898109454,0.12965300531985802,True
2,PTHW,42,0.01,100.0,all_scenarios,ap,0.069038892789596,0.198691898109454,0.12965300531985802,True
2,PTHW,42,0.01,500.0,all_scenarios,ap,0.069038892789596,0.198691898109454,0.12965300531985802,True
2,PTHW,42,0.01,1000.0,all_scenarios,ap,0.069038892789596,0.198691898109454,0.12965300531985802,True
2,PTHW,42,0.03,10.0,all_scenarios,ap,0.069038892789596,0.198691898109454,0.12965300531985802,True
2,PTHW,42,0.03,50.0,all_scenarios,ap,0.069038892789596,0.198691898109454,0.12965300531985802,True
2,PTHW,42,0.03,100.0,all_scenarios,ap,0.069038892789596,0.198691898109454,0.12965300531985802,True
2,PTHW,42,0.03,500.0,all_scenarios,ap,0.069038892789596,0.198691898109454,0.12965300531985802,True
2,PTHW,42,0.03,1000.0,all_scenarios,ap,0.069038892789596,0.198691898109454,0.12965300531985802,True
2,PTHW,42,0.05,10.0,all_scenarios,ap,0.069038892789596,0.198691898109454,0.12965300531985802,True
2,PTHW,42,0.05,50.0,all_scenarios,ap,0.069038892789596,0.198691898109454,0.12965300531985802,True
2,PTHW,42,0.05,100.0,all_scenarios,ap,0.069038892789596,0.198691898109454,0.12965300531985802,True
2,PTHW,42,0.05,500.0,all_scenarios,ap,0.069038892789596,0.198691898109454,0.12965300531985802,True
2,PTHW,42,0.05,1000.0,all_scenarios,ap,0.069038892789596,0.198691898109454,0.12965300531985802,True
2,PTHW,42,0.1,10.0,all_scenarios,ap,0.069038892789596,0.198691898109454,0.12965300531985802,True
2,PTHW,42,0.1,50.0,all_scenarios,ap,0.069038892789596,0.198691898109454,0.12965300531985802,True
2,PTHW,42,0.1,100.0,all_scenarios,ap,0.069038892789596,0.198691898109454,0.12965300531985802,True
2,PTHW,42,0.1,500.0,all_scenarios,ap,0.069038892789596,0.198691898109454,0.12965300531985802,True
2,PTHW,42,0.1,1000.0,all_scenarios,ap,0.069038892789596,0.198691898109454,0.12965300531985802,True
2,PTHW,52,0.01,10.0,all_scenarios,ap,0.039156560031252466,0.0488839860214634,0.009727425990210932,True
2,PTHW,52,0.01,50.0,all_scenarios,ap,0.039156560031252466,0.0488839860214634,0.009727425990210932,True
2,PTHW,52,0.01,100.0,all_scenarios,ap,0.039156560031252466,0.0488839860214634,0.009727425990210932,True
2,PTHW,52,0.01,500.0,all_scenarios,ap,0.039156560031252466,0.0488839860214634,0.009727425990210932,True
2,PTHW,52,0.01,1000.0,all_scenarios,ap,0.039156560031252466,0.0488839860214634,0.009727425990210932,True
2,PTHW,52,0.03,10.0,all_scenarios,ap,0.039156560031252466,0.0488839860214634,0.009727425990210932,True
2,PTHW,52,0.03,50.0,all_scenarios,ap,0.039156560031252466,0.0488839860214634,0.009727425990210932,True
2,PTHW,52,0.03,100.0,all_scenarios,ap,0.039156560031252466,0.0488839860214634,0.009727425990210932,True
2,PTHW,52,0.03,500.0,all_scenarios,ap,0.039156560031252466,0.0488839860214634,0.009727425990210932,True
2,PTHW,52,0.03,1000.0,all_scenarios,ap,0.039156560031252466,0.0488839860214634,0.009727425990210932,True
2,PTHW,52,0.05,10.0,all_scenarios,ap,0.039156560031252466,0.0488839860214634,0.009727425990210932,True
2,PTHW,52,0.05,50.0,all_scenarios,ap,0.039156560031252466,0.0488839860214634,0.009727425990210932,True
2,PTHW,52,0.05,100.0,all_scenarios,ap,0.039156560031252466,0.0488839860214634,0.009727425990210932,True
2,PTHW,52,0.05,500.0,all_scenarios,ap,0.039156560031252466,0.0488839860214634,0.009727425990210932,True
2,PTHW,52,0.05,1000.0,all_scenarios,ap,0.039156560031252466,0.0488839860214634,0.009727425990210932,True
2,PTHW,52,0.1,10.0,all_scenarios,ap,0.039156560031252466,0.0488839860214634,0.009727425990210932,True
2,PTHW,52,0.1,50.0,all_scenarios,ap,0.039156560031252466,0.0488839860214634,0.009727425990210932,True
2,PTHW,52,0.1,100.0,all_scenarios,ap,0.039156560031252466,0.0488839860214634,0.009727425990210932,True
2,PTHW,52,0.1,500.0,all_scenarios,ap,0.039156560031252466,0.0488839860214634,0.009727425990210932,True
2,PTHW,52,0.1,1000.0,all_scenarios,ap,0.039156560031252466,0.0488839860214634,0.009727425990210932,True
2,PTHW,62,0.01,10.0,all_scenarios,ap,0.028716053362842036,0.037035047844967015,0.008318994482124979,True
2,PTHW,62,0.01,50.0,all_scenarios,ap,0.028716053362842036,0.037035047844967015,0.008318994482124979,True
2,PTHW,62,0.01,100.0,all_scenarios,ap,0.028716053362842036,0.037035047844967015,0.008318994482124979,True
2,PTHW,62,0.01,500.0,all_scenarios,ap,0.028716053362842036,0.037035047844967015,0.008318994482124979,True
2,PTHW,62,0.01,1000.0,all_scenarios,ap,0.028716053362842036,0.037035047844967015,0.008318994482124979,True
2,PTHW,62,0.03,10.0,all_scenarios,ap,0.028716053362842036,0.037035047844967015,0.008318994482124979,True
2,PTHW,62,0.03,50.0,all_scenarios,ap,0.028716053362842036,0.037035047844967015,0.008318994482124979,True
2,PTHW,62,0.03,100.0,all_scenarios,ap,0.028716053362842036,0.037035047844967015,0.008318994482124979,True
2,PTHW,62,0.03,500.0,all_scenarios,ap,0.028716053362842036,0.037035047844967015,0.008318994482124979,True
2,PTHW,62,0.03,1000.0,all_scenarios,ap,0.028716053362842036,0.037035047844967015,0.008318994482124979,True
2,PTHW,62,0.05,10.0,all_scenarios,ap,0.028716053362842036,0.037035047844967015,0.008318994482124979,True
2,PTHW,62,0.05,50.0,all_scenarios,ap,0.028716053362842036,0.037035047844967015,0.008318994482124979,True
2,PTHW,62,0.05,100.0,all_scenarios,ap,0.028716053362842036,0.037035047844967015,0.008318994482124979,True
2,PTHW,62,0.05,500.0,all_scenarios,ap,0.028716053362842036,0.037035047844967015,0.008318994482124979,True
2,PTHW,62,0.05,1000.0,all_scenarios,ap,0.028716053362842036,0.037035047844967015,0.008318994482124979,True
2,PTHW,62,0.1,10.0,all_scenarios,ap,0.028716053362842036,0.037035047844967015,0.008318994482124979,True
2,PTHW,62,0.1,50.0,all_scenarios,ap,0.028716053362842036,0.037035047844967015,0.008318994482124979,True
2,PTHW,62,0.1,100.0,all_scenarios,ap,0.028716053362842036,0.037035047844967015,0.008318994482124979,True
2,PTHW,62,0.1,500.0,all_scenarios,ap,0.028716053362842036,0.037035047844967015,0.008318994482124979,True
2,PTHW,62,0.1,1000.0,all_scenarios,ap,0.028716053362842036,0.037035047844967015,0.008318994482124979,True
2,PTHW,72,0.01,10.0,all_scenarios,ap,0.02058200363737114,0.016596359904221994,-0.003985643733149146,True
2,PTHW,72,0.01,50.0,all_scenarios,ap,0.02058200363737114,0.016596359904221994,-0.003985643733149146,True
2,PTHW,72,0.01,100.0,all_scenarios,ap,0.02058200363737114,0.016596359904221994,-0.003985643733149146,True
2,PTHW,72,0.01,500.0,all_scenarios,ap,0.02058200363737114,0.016596359904221994,-0.003985643733149146,True
2,PTHW,72,0.01,1000.0,all_scenarios,ap,0.02058200363737114,0.016596359904221994,-0.003985643733149146,True
2,PTHW,72,0.03,10.0,all_scenarios,ap,0.02058200363737114,0.016596359904221994,-0.003985643733149146,True
2,PTHW,72,0.03,50.0,all_scenarios,ap,0.02058200363737114,0.016596359904221994,-0.003985643733149146,True
2,PTHW,72,0.03,100.0,all_scenarios,ap,0.02058200363737114,0.016596359904221994,-0.003985643733149146,True
2,PTHW,72,0.03,500.0,all_scenarios,ap,0.02058200363737114,0.016596359904221994,-0.003985643733149146,True
2,PTHW,72,0.03,1000.0,all_scenarios,ap,0.02058200363737114,0.016596359904221994,-0.003985643733149146,True
2,PTHW,72,0.05,10.0,all_scenarios,ap,0.02058200363737114,0.016596359904221994,-0.003985643733149146,True
2,PTHW,72,0.05,50.0,all_scenarios,ap,0.02058200363737114,0.016596359904221994,-0.003985643733149146,True
2,PTHW,72,0.05,100.0,all_scenarios,ap,0.02058200363737114,0.016596359904221994,-0.003985643733149146,True
2,PTHW,72,0.05,500.0,all_scenarios,ap,0.02058200363737114,0.016596359904221994,-0.003985643733149146,True
2,PTHW,72,0.05,1000.0,all_scenarios,ap,0.02058200363737114,0.016596359904221994,-0.003985643733149146,True
2,PTHW,72,0.1,10.0,all_scenarios,ap,0.02058200363737114,0.016596359904221994,-0.003985643733149146,True
2,PTHW,72,0.1,50.0,all_scenarios,ap,0.02058200363737114,0.016596359904221994,-0.003985643733149146,True
2,PTHW,72,0.1,100.0,all_scenarios,ap,0.02058200363737114,0.016596359904221994,-0.003985643733149146,True
2,PTHW,72,0.1,500.0,all_scenarios,ap,0.02058200363737114,0.016596359904221994,-0.003985643733149146,True
2,PTHW,72,0.1,1000.0,all_scenarios,ap,0.02058200363737114,0.016596359904221994,-0.003985643733149146,True
2,PTHW,82,0.01,10.0,all_scenarios,ap,0.15710030250661927,0.05524871723039192,-0.10185158527622735,True
2,PTHW,82,0.01,50.0,all_scenarios,ap,0.15710030250661927,0.05524871723039192,-0.10185158527622735,True
2,PTHW,82,0.01,100.0,all_scenarios,ap,0.15710030250661927,0.05524871723039192,-0.10185158527622735,True
2,PTHW,82,0.01,500.0,all_scenarios,ap,0.15710030250661927,0.05524871723039192,-0.10185158527622735,True
2,PTHW,82,0.01,1000.0,all_scenarios,ap,0.15710030250661927,0.05524871723039192,-0.10185158527622735,True
2,PTHW,82,0.03,10.0,all_scenarios,ap,0.15710030250661927,0.05524871723039192,-0.10185158527622735,True
2,PTHW,82,0.03,50.0,all_scenarios,ap,0.15710030250661927,0.05524871723039192,-0.10185158527622735,True
2,PTHW,82,0.03,100.0,all_scenarios,ap,0.15710030250661927,0.05524871723039192,-0.10185158527622735,True
2,PTHW,82,0.03,500.0,all_scenarios,ap,0.15710030250661927,0.05524871723039192,-0.10185158527622735,True
2,PTHW,82,0.03,1000.0,all_scenarios,ap,0.15710030250661927,0.05524871723039192,-0.10185158527622735,True
2,PTHW,82,0.05,10.0,all_scenarios,ap,0.15710030250661927,0.05524871723039192,-0.10185158527622735,True
2,PTHW,82,0.05,50.0,all_scenarios,ap,0.15710030250661927,0.05524871723039192,-0.10185158527622735,True
2,PTHW,82,0.05,100.0,all_scenarios,ap,0.15710030250661927,0.05524871723039192,-0.10185158527622735,True
2,PTHW,82,0.05,500.0,all_scenarios,ap,0.15710030250661927,0.05524871723039192,-0.10185158527622735,True
2,PTHW,82,0.05,1000.0,all_scenarios,ap,0.15710030250661927,0.05524871723039192,-0.10185158527622735,True
2,PTHW,82,0.1,10.0,all_scenarios,ap,0.15710030250661927,0.05524871723039192,-0.10185158527622735,True
2,PTHW,82,0.1,50.0,all_scenarios,ap,0.15710030250661927,0.05524871723039192,-0.10185158527622735,True
2,PTHW,82,0.1,100.0,all_scenarios,ap,0.15710030250661927,0.05524871723039192,-0.10185158527622735,True
2,PTHW,82,0.1,500.0,all_scenarios,ap,0.15710030250661927,0.05524871723039192,-0.10185158527622735,True
2,PTHW,82,0.1,1000.0,all_scenarios,ap,0.15710030250661927,0.05524871723039192,-0.10185158527622735,True
2,PTHW5,42,0.03,100.0,all_scenarios,ap,0.18851785466654306,0.07177934178643676,-0.1167385128801063,True
2,PTHW5,52,0.03,100.0,all_scenarios,ap,0.02532656002465172,0.0704617890595296,0.04513522903487788,True
2,PTHW5,62,0.03,100.0,all_scenarios,ap,0.02265652438884989,0.03690158289575925,0.014245058506909356,True
2,PTHW5,72,0.03,100.0,all_scenarios,ap,0.02769431278058849,0.023120662386378044,-0.004573650394210444,True
2,PTHW5,82,0.03,100.0,all_scenarios,ap,0.04694443516808585,0.06086285871809086,0.013918423550005013,True
3,P0,42,0.01,10.0,all_scenarios,ap,0.2731215546288373,0.25276722226617265,-0.02035433236266465,True
3,P0,42,0.01,50.0,all_scenarios,ap,0.2731215546288373,0.25276722226617265,-0.02035433236266465,True
3,P0,42,0.01,100.0,all_scenarios,ap,0.2731215546288373,0.25276722226617265,-0.02035433236266465,True
3,P0,42,0.01,500.0,all_scenarios,ap,0.2731215546288373,0.25276722226617265,-0.02035433236266465,True
3,P0,42,0.01,1000.0,all_scenarios,ap,0.2731215546288373,0.25276722226617265,-0.02035433236266465,True
3,P0,42,0.03,10.0,all_scenarios,ap,0.2731215546288373,0.25276722226617265,-0.02035433236266465,True
3,P0,42,0.03,50.0,all_scenarios,ap,0.2731215546288373,0.25276722226617265,-0.02035433236266465,True
3,P0,42,0.03,100.0,all_scenarios,ap,0.2731215546288373,0.25276722226617265,-0.02035433236266465,True
3,P0,42,0.03,500.0,all_scenarios,ap,0.2731215546288373,0.25276722226617265,-0.02035433236266465,True
3,P0,42,0.03,1000.0,all_scenarios,ap,0.2731215546288373,0.25276722226617265,-0.02035433236266465,True
3,P0,42,0.05,10.0,all_scenarios,ap,0.2731215546288373,0.25276722226617265,-0.02035433236266465,True
3,P0,42,0.05,50.0,all_scenarios,ap,0.2731215546288373,0.25276722226617265,-0.02035433236266465,True
3,P0,42,0.05,100.0,all_scenarios,ap,0.2731215546288373,0.25276722226617265,-0.02035433236266465,True
3,P0,42,0.05,500.0,all_scenarios,ap,0.2731215546288373,0.25276722226617265,-0.02035433236266465,True
3,P0,42,0.05,1000.0,all_scenarios,ap,0.2731215546288373,0.25276722226617265,-0.02035433236266465,True
3,P0,42,0.1,10.0,all_scenarios,ap,0.2731215546288373,0.25276722226617265,-0.02035433236266465,True
3,P0,42,0.1,50.0,all_scenarios,ap,0.2731215546288373,0.25276722226617265,-0.02035433236266465,True
3,P0,42,0.1,100.0,all_scenarios,ap,0.2731215546288373,0.25276722226617265,-0.02035433236266465,True
3,P0,42,0.1,500.0,all_scenarios,ap,0.2731215546288373,0.25276722226617265,-0.02035433236266465,True
3,P0,42,0.1,1000.0,all_scenarios,ap,0.2731215546288373,0.25276722226617265,-0.02035433236266465,True
3,P0,52,0.01,10.0,all_scenarios,ap,0.2706092116871116,0.27494066545889356,0.004331453771781957,True
3,P0,52,0.01,50.0,all_scenarios,ap,0.2706092116871116,0.27494066545889356,0.004331453771781957,True
3,P0,52,0.01,100.0,all_scenarios,ap,0.2706092116871116,0.27494066545889356,0.004331453771781957,True
3,P0,52,0.01,500.0,all_scenarios,ap,0.2706092116871116,0.27494066545889356,0.004331453771781957,True
3,P0,52,0.01,1000.0,all_scenarios,ap,0.2706092116871116,0.27494066545889356,0.004331453771781957,True
3,P0,52,0.03,10.0,all_scenarios,ap,0.2706092116871116,0.27494066545889356,0.004331453771781957,True
3,P0,52,0.03,50.0,all_scenarios,ap,0.2706092116871116,0.27494066545889356,0.004331453771781957,True
3,P0,52,0.03,100.0,all_scenarios,ap,0.2706092116871116,0.27494066545889356,0.004331453771781957,True
3,P0,52,0.03,500.0,all_scenarios,ap,0.2706092116871116,0.27494066545889356,0.004331453771781957,True
3,P0,52,0.03,1000.0,all_scenarios,ap,0.2706092116871116,0.27494066545889356,0.004331453771781957,True
3,P0,52,0.05,10.0,all_scenarios,ap,0.2706092116871116,0.27494066545889356,0.004331453771781957,True
3,P0,52,0.05,50.0,all_scenarios,ap,0.2706092116871116,0.27494066545889356,0.004331453771781957,True
3,P0,52,0.05,100.0,all_scenarios,ap,0.2706092116871116,0.27494066545889356,0.004331453771781957,True
3,P0,52,0.05,500.0,all_scenarios,ap,0.2706092116871116,0.27494066545889356,0.004331453771781957,True
3,P0,52,0.05,1000.0,all_scenarios,ap,0.2706092116871116,0.27494066545889356,0.004331453771781957,True
3,P0,52,0.1,10.0,all_scenarios,ap,0.2706092116871116,0.27494066545889356,0.004331453771781957,True
3,P0,52,0.1,50.0,all_scenarios,ap,0.2706092116871116,0.27494066545889356,0.004331453771781957,True
3,P0,52,0.1,100.0,all_scenarios,ap,0.2706092116871116,0.27494066545889356,0.004331453771781957,True
3,P0,52,0.1,500.0,all_scenarios,ap,0.2706092116871116,0.27494066545889356,0.004331453771781957,True
3,P0,52,0.1,1000.0,all_scenarios,ap,0.2706092116871116,0.27494066545889356,0.004331453771781957,True
3,P0,62,0.01,10.0,all_scenarios,ap,0.20385314535122523,0.2707534474720642,0.06690030212083897,True
3,P0,62,0.01,50.0,all_scenarios,ap,0.20385314535122523,0.2707534474720642,0.06690030212083897,True
3,P0,62,0.01,100.0,all_scenarios,ap,0.20385314535122523,0.2707534474720642,0.06690030212083897,True
3,P0,62,0.01,500.0,all_scenarios,ap,0.20385314535122523,0.2707534474720642,0.06690030212083897,True
3,P0,62,0.01,1000.0,all_scenarios,ap,0.20385314535122523,0.2707534474720642,0.06690030212083897,True
3,P0,62,0.03,10.0,all_scenarios,ap,0.20385314535122523,0.2707534474720642,0.06690030212083897,True
3,P0,62,0.03,50.0,all_scenarios,ap,0.20385314535122523,0.2707534474720642,0.06690030212083897,True
3,P0,62,0.03,100.0,all_scenarios,ap,0.20385314535122523,0.2707534474720642,0.06690030212083897,True
3,P0,62,0.03,500.0,all_scenarios,ap,0.20385314535122523,0.2707534474720642,0.06690030212083897,True
3,P0,62,0.03,1000.0,all_scenarios,ap,0.20385314535122523,0.2707534474720642,0.06690030212083897,True
3,P0,62,0.05,10.0,all_scenarios,ap,0.20385314535122523,0.2707534474720642,0.06690030212083897,True
3,P0,62,0.05,50.0,all_scenarios,ap,0.20385314535122523,0.2707534474720642,0.06690030212083897,True
3,P0,62,0.05,100.0,all_scenarios,ap,0.20385314535122523,0.2707534474720642,0.06690030212083897,True
3,P0,62,0.05,500.0,all_scenarios,ap,0.20385314535122523,0.2707534474720642,0.06690030212083897,True
3,P0,62,0.05,1000.0,all_scenarios,ap,0.20385314535122523,0.2707534474720642,0.06690030212083897,True
3,P0,62,0.1,10.0,all_scenarios,ap,0.20385314535122523,0.2707534474720642,0.06690030212083897,True
3,P0,62,0.1,50.0,all_scenarios,ap,0.20385314535122523,0.2707534474720642,0.06690030212083897,True
3,P0,62,0.1,100.0,all_scenarios,ap,0.20385314535122523,0.2707534474720642,0.06690030212083897,True
3,P0,62,0.1,500.0,all_scenarios,ap,0.20385314535122523,0.2707534474720642,0.06690030212083897,True
3,P0,62,0.1,1000.0,all_scenarios,ap,0.20385314535122523,0.2707534474720642,0.06690030212083897,True
3,P0,72,0.01,10.0,all_scenarios,ap,0.27010991465123163,0.26668081272633637,-0.0034291019248952614,True
3,P0,72,0.01,50.0,all_scenarios,ap,0.27010991465123163,0.26668081272633637,-0.0034291019248952614,True
3,P0,72,0.01,100.0,all_scenarios,ap,0.27010991465123163,0.26668081272633637,-0.0034291019248952614,True
3,P0,72,0.01,500.0,all_scenarios,ap,0.27010991465123163,0.26668081272633637,-0.0034291019248952614,True
3,P0,72,0.01,1000.0,all_scenarios,ap,0.27010991465123163,0.26668081272633637,-0.0034291019248952614,True
3,P0,72,0.03,10.0,all_scenarios,ap,0.27010991465123163,0.26668081272633637,-0.0034291019248952614,True
3,P0,72,0.03,50.0,all_scenarios,ap,0.27010991465123163,0.26668081272633637,-0.0034291019248952614,True
3,P0,72,0.03,100.0,all_scenarios,ap,0.27010991465123163,0.26668081272633637,-0.0034291019248952614,True
3,P0,72,0.03,500.0,all_scenarios,ap,0.27010991465123163,0.26668081272633637,-0.0034291019248952614,True
3,P0,72,0.03,1000.0,all_scenarios,ap,0.27010991465123163,0.26668081272633637,-0.0034291019248952614,True
3,P0,72,0.05,10.0,all_scenarios,ap,0.27010991465123163,0.26668081272633637,-0.0034291019248952614,True
3,P0,72,0.05,50.0,all_scenarios,ap,0.27010991465123163,0.26668081272633637,-0.0034291019248952614,True
3,P0,72,0.05,100.0,all_scenarios,ap,0.27010991465123163,0.26668081272633637,-0.0034291019248952614,True
3,P0,72,0.05,500.0,all_scenarios,ap,0.27010991465123163,0.26668081272633637,-0.0034291019248952614,True
3,P0,72,0.05,1000.0,all_scenarios,ap,0.27010991465123163,0.26668081272633637,-0.0034291019248952614,True
3,P0,72,0.1,10.0,all_scenarios,ap,0.27010991465123163,0.26668081272633637,-0.0034291019248952614,True
3,P0,72,0.1,50.0,all_scenarios,ap,0.27010991465123163,0.26668081272633637,-0.0034291019248952614,True
3,P0,72,0.1,100.0,all_scenarios,ap,0.27010991465123163,0.26668081272633637,-0.0034291019248952614,True
3,P0,72,0.1,500.0,all_scenarios,ap,0.27010991465123163,0.26668081272633637,-0.0034291019248952614,True
3,P0,72,0.1,1000.0,all_scenarios,ap,0.27010991465123163,0.26668081272633637,-0.0034291019248952614,True
3,P0,82,0.01,10.0,all_scenarios,ap,0.26502904802836824,0.27797246301680073,0.012943414988432489,True
3,P0,82,0.01,50.0,all_scenarios,ap,0.26502904802836824,0.27797246301680073,0.012943414988432489,True
3,P0,82,0.01,100.0,all_scenarios,ap,0.26502904802836824,0.27797246301680073,0.012943414988432489,True
3,P0,82,0.01,500.0,all_scenarios,ap,0.26502904802836824,0.27797246301680073,0.012943414988432489,True
3,P0,82,0.01,1000.0,all_scenarios,ap,0.26502904802836824,0.27797246301680073,0.012943414988432489,True
3,P0,82,0.03,10.0,all_scenarios,ap,0.26502904802836824,0.27797246301680073,0.012943414988432489,True
3,P0,82,0.03,50.0,all_scenarios,ap,0.26502904802836824,0.27797246301680073,0.012943414988432489,True
3,P0,82,0.03,100.0,all_scenarios,ap,0.26502904802836824,0.27797246301680073,0.012943414988432489,True
3,P0,82,0.03,500.0,all_scenarios,ap,0.26502904802836824,0.27797246301680073,0.012943414988432489,True
3,P0,82,0.03,1000.0,all_scenarios,ap,0.26502904802836824,0.27797246301680073,0.012943414988432489,True
3,P0,82,0.05,10.0,all_scenarios,ap,0.26502904802836824,0.27797246301680073,0.012943414988432489,True
3,P0,82,0.05,50.0,all_scenarios,ap,0.26502904802836824,0.27797246301680073,0.012943414988432489,True
3,P0,82,0.05,100.0,all_scenarios,ap,0.26502904802836824,0.27797246301680073,0.012943414988432489,True
3,P0,82,0.05,500.0,all_scenarios,ap,0.26502904802836824,0.27797246301680073,0.012943414988432489,True
3,P0,82,0.05,1000.0,all_scenarios,ap,0.26502904802836824,0.27797246301680073,0.012943414988432489,True
3,P0,82,0.1,10.0,all_scenarios,ap,0.26502904802836824,0.27797246301680073,0.012943414988432489,True
3,P0,82,0.1,50.0,all_scenarios,ap,0.26502904802836824,0.27797246301680073,0.012943414988432489,True
3,P0,82,0.1,100.0,all_scenarios,ap,0.26502904802836824,0.27797246301680073,0.012943414988432489,True
3,P0,82,0.1,500.0,all_scenarios,ap,0.26502904802836824,0.27797246301680073,0.012943414988432489,True
3,P0,82,0.1,1000.0,all_scenarios,ap,0.26502904802836824,0.27797246301680073,0.012943414988432489,True
3,PH,42,0.03,100.0,all_scenarios,ap,0.4090880910470286,0.2576154581675889,-0.15147263287943968,True
3,PH,52,0.03,100.0,all_scenarios,ap,0.37643995817418474,0.3794987852523022,0.003058827078117443,True
3,PH,62,0.03,100.0,all_scenarios,ap,0.3542223456342772,0.40176044407379896,0.04753809843952178,True
3,PH,72,0.03,100.0,all_scenarios,ap,0.2650811971904731,0.3491508121867916,0.08406961499631854,True
3,PH,82,0.03,100.0,all_scenarios,ap,0.35368639989056044,0.36059813419901815,0.0069117343084577065,True
3,PT,42,0.03,100.0,all_scenarios,ap,0.0960233591601537,0.06935007036508618,-0.026673288795067515,True
3,PT,52,0.03,100.0,all_scenarios,ap,0.08603956518121111,0.08079855704648384,-0.005241008134727276,True
3,PT,62,0.03,100.0,all_scenarios,ap,0.08584405861067988,0.08481414645191197,-0.0010299121587679094,True
3,PT,72,0.03,100.0,all_scenarios,ap,0.05998828226057259,0.09516745438147768,0.03517917212090509,True
3,PT,82,0.03,100.0,all_scenarios,ap,0.08492474247727962,0.08946670644109075,0.004541963963811138,True
3,PTH,42,0.03,100.0,all_scenarios,ap,0.23641207984851534,0.2774874572738156,0.041075377425300236,True
3,PTH,52,0.03,100.0,all_scenarios,ap,0.08686254199467777,0.11294916928096964,0.026086627286291866,True
3,PTH,62,0.03,100.0,all_scenarios,ap,0.1461087953666735,0.10689067295992037,-0.03921812240675314,True
3,PTH,72,0.03,100.0,all_scenarios,ap,0.16159046288814688,0.10135083276799205,-0.06023963012015483,True
3,PTH,82,0.03,100.0,all_scenarios,ap,0.2495044231797706,0.1487291810395653,-0.10077524214020528,True
3,PTHW,42,0.01,10.0,all_scenarios,ap,0.27243015241581964,0.22699252163896075,-0.04543763077685889,True
3,PTHW,42,0.01,50.0,all_scenarios,ap,0.27243015241581964,0.22699252163896075,-0.04543763077685889,True
3,PTHW,42,0.01,100.0,all_scenarios,ap,0.27243015241581964,0.22699252163896075,-0.04543763077685889,True
3,PTHW,42,0.01,500.0,all_scenarios,ap,0.27243015241581964,0.22699252163896075,-0.04543763077685889,True
3,PTHW,42,0.01,1000.0,all_scenarios,ap,0.27243015241581964,0.22699252163896075,-0.04543763077685889,True
3,PTHW,42,0.03,10.0,all_scenarios,ap,0.27243015241581964,0.22699252163896075,-0.04543763077685889,True
3,PTHW,42,0.03,50.0,all_scenarios,ap,0.27243015241581964,0.22699252163896075,-0.04543763077685889,True
3,PTHW,42,0.03,100.0,all_scenarios,ap,0.27243015241581964,0.22699252163896075,-0.04543763077685889,True
3,PTHW,42,0.03,500.0,all_scenarios,ap,0.27243015241581964,0.22699252163896075,-0.04543763077685889,True
3,PTHW,42,0.03,1000.0,all_scenarios,ap,0.27243015241581964,0.22699252163896075,-0.04543763077685889,True
3,PTHW,42,0.05,10.0,all_scenarios,ap,0.27243015241581964,0.22699252163896075,-0.04543763077685889,True
3,PTHW,42,0.05,50.0,all_scenarios,ap,0.27243015241581964,0.22699252163896075,-0.04543763077685889,True
3,PTHW,42,0.05,100.0,all_scenarios,ap,0.27243015241581964,0.22699252163896075,-0.04543763077685889,True
3,PTHW,42,0.05,500.0,all_scenarios,ap,0.27243015241581964,0.22699252163896075,-0.04543763077685889,True
3,PTHW,42,0.05,1000.0,all_scenarios,ap,0.27243015241581964,0.22699252163896075,-0.04543763077685889,True
3,PTHW,42,0.1,10.0,all_scenarios,ap,0.27243015241581964,0.22699252163896075,-0.04543763077685889,True
3,PTHW,42,0.1,50.0,all_scenarios,ap,0.27243015241581964,0.22699252163896075,-0.04543763077685889,True
3,PTHW,42,0.1,100.0,all_scenarios,ap,0.27243015241581964,0.22699252163896075,-0.04543763077685889,True
3,PTHW,42,0.1,500.0,all_scenarios,ap,0.27243015241581964,0.22699252163896075,-0.04543763077685889,True
3,PTHW,42,0.1,1000.0,all_scenarios,ap,0.27243015241581964,0.22699252163896075,-0.04543763077685889,True
3,PTHW,52,0.01,10.0,all_scenarios,ap,0.13895298279624096,0.1166362607381906,-0.022316722058050367,True
3,PTHW,52,0.01,50.0,all_scenarios,ap,0.13895298279624096,0.1166362607381906,-0.022316722058050367,True
3,PTHW,52,0.01,100.0,all_scenarios,ap,0.13895298279624096,0.1166362607381906,-0.022316722058050367,True
3,PTHW,52,0.01,500.0,all_scenarios,ap,0.13895298279624096,0.1166362607381906,-0.022316722058050367,True
3,PTHW,52,0.01,1000.0,all_scenarios,ap,0.13895298279624096,0.1166362607381906,-0.022316722058050367,True
3,PTHW,52,0.03,10.0,all_scenarios,ap,0.13895298279624096,0.1166362607381906,-0.022316722058050367,True
3,PTHW,52,0.03,50.0,all_scenarios,ap,0.13895298279624096,0.1166362607381906,-0.022316722058050367,True
3,PTHW,52,0.03,100.0,all_scenarios,ap,0.13895298279624096,0.1166362607381906,-0.022316722058050367,True
3,PTHW,52,0.03,500.0,all_scenarios,ap,0.13895298279624096,0.1166362607381906,-0.022316722058050367,True
3,PTHW,52,0.03,1000.0,all_scenarios,ap,0.13895298279624096,0.1166362607381906,-0.022316722058050367,True
3,PTHW,52,0.05,10.0,all_scenarios,ap,0.13895298279624096,0.1166362607381906,-0.022316722058050367,True
3,PTHW,52,0.05,50.0,all_scenarios,ap,0.13895298279624096,0.1166362607381906,-0.022316722058050367,True
3,PTHW,52,0.05,100.0,all_scenarios,ap,0.13895298279624096,0.1166362607381906,-0.022316722058050367,True
3,PTHW,52,0.05,500.0,all_scenarios,ap,0.13895298279624096,0.1166362607381906,-0.022316722058050367,True
3,PTHW,52,0.05,1000.0,all_scenarios,ap,0.13895298279624096,0.1166362607381906,-0.022316722058050367,True
3,PTHW,52,0.1,10.0,all_scenarios,ap,0.13895298279624096,0.1166362607381906,-0.022316722058050367,True
3,PTHW,52,0.1,50.0,all_scenarios,ap,0.13895298279624096,0.1166362607381906,-0.022316722058050367,True
3,PTHW,52,0.1,100.0,all_scenarios,ap,0.13895298279624096,0.1166362607381906,-0.022316722058050367,True
3,PTHW,52,0.1,500.0,all_scenarios,ap,0.13895298279624096,0.1166362607381906,-0.022316722058050367,True
3,PTHW,52,0.1,1000.0,all_scenarios,ap,0.13895298279624096,0.1166362607381906,-0.022316722058050367,True
3,PTHW,62,0.01,10.0,all_scenarios,ap,0.10489020218684182,0.21678389840101217,0.11189369621417035,True
3,PTHW,62,0.01,50.0,all_scenarios,ap,0.10489020218684182,0.21678389840101217,0.11189369621417035,True
3,PTHW,62,0.01,100.0,all_scenarios,ap,0.10489020218684182,0.21678389840101217,0.11189369621417035,True
3,PTHW,62,0.01,500.0,all_scenarios,ap,0.10489020218684182,0.21678389840101217,0.11189369621417035,True
3,PTHW,62,0.01,1000.0,all_scenarios,ap,0.10489020218684182,0.21678389840101217,0.11189369621417035,True
3,PTHW,62,0.03,10.0,all_scenarios,ap,0.10489020218684182,0.21678389840101217,0.11189369621417035,True
3,PTHW,62,0.03,50.0,all_scenarios,ap,0.10489020218684182,0.21678389840101217,0.11189369621417035,True
3,PTHW,62,0.03,100.0,all_scenarios,ap,0.10489020218684182,0.21678389840101217,0.11189369621417035,True
3,PTHW,62,0.03,500.0,all_scenarios,ap,0.10489020218684182,0.21678389840101217,0.11189369621417035,True
3,PTHW,62,0.03,1000.0,all_scenarios,ap,0.10489020218684182,0.21678389840101217,0.11189369621417035,True
3,PTHW,62,0.05,10.0,all_scenarios,ap,0.10489020218684182,0.21678389840101217,0.11189369621417035,True
3,PTHW,62,0.05,50.0,all_scenarios,ap,0.10489020218684182,0.21678389840101217,0.11189369621417035,True
3,PTHW,62,0.05,100.0,all_scenarios,ap,0.10489020218684182,0.21678389840101217,0.11189369621417035,True
3,PTHW,62,0.05,500.0,all_scenarios,ap,0.10489020218684182,0.21678389840101217,0.11189369621417035,True
3,PTHW,62,0.05,1000.0,all_scenarios,ap,0.10489020218684182,0.21678389840101217,0.11189369621417035,True
3,PTHW,62,0.1,10.0,all_scenarios,ap,0.10489020218684182,0.21678389840101217,0.11189369621417035,True
3,PTHW,62,0.1,50.0,all_scenarios,ap,0.10489020218684182,0.21678389840101217,0.11189369621417035,True
3,PTHW,62,0.1,100.0,all_scenarios,ap,0.10489020218684182,0.21678389840101217,0.11189369621417035,True
3,PTHW,62,0.1,500.0,all_scenarios,ap,0.10489020218684182,0.21678389840101217,0.11189369621417035,True
3,PTHW,62,0.1,1000.0,all_scenarios,ap,0.10489020218684182,0.21678389840101217,0.11189369621417035,True
3,PTHW,72,0.01,10.0,all_scenarios,ap,0.19668703041163088,0.24629101328876737,0.04960398287713649,True
3,PTHW,72,0.01,50.0,all_scenarios,ap,0.19668703041163088,0.24629101328876737,0.04960398287713649,True
3,PTHW,72,0.01,100.0,all_scenarios,ap,0.19668703041163088,0.24629101328876737,0.04960398287713649,True
3,PTHW,72,0.01,500.0,all_scenarios,ap,0.19668703041163088,0.24629101328876737,0.04960398287713649,True
3,PTHW,72,0.01,1000.0,all_scenarios,ap,0.19668703041163088,0.24629101328876737,0.04960398287713649,True
3,PTHW,72,0.03,10.0,all_scenarios,ap,0.19668703041163088,0.24629101328876737,0.04960398287713649,True
3,PTHW,72,0.03,50.0,all_scenarios,ap,0.19668703041163088,0.24629101328876737,0.04960398287713649,True
3,PTHW,72,0.03,100.0,all_scenarios,ap,0.19668703041163088,0.24629101328876737,0.04960398287713649,True
3,PTHW,72,0.03,500.0,all_scenarios,ap,0.19668703041163088,0.24629101328876737,0.04960398287713649,True
3,PTHW,72,0.03,1000.0,all_scenarios,ap,0.19668703041163088,0.24629101328876737,0.04960398287713649,True
3,PTHW,72,0.05,10.0,all_scenarios,ap,0.19668703041163088,0.24629101328876737,0.04960398287713649,True
3,PTHW,72,0.05,50.0,all_scenarios,ap,0.19668703041163088,0.24629101328876737,0.04960398287713649,True
3,PTHW,72,0.05,100.0,all_scenarios,ap,0.19668703041163088,0.24629101328876737,0.04960398287713649,True
3,PTHW,72,0.05,500.0,all_scenarios,ap,0.19668703041163088,0.24629101328876737,0.04960398287713649,True
3,PTHW,72,0.05,1000.0,all_scenarios,ap,0.19668703041163088,0.24629101328876737,0.04960398287713649,True
3,PTHW,72,0.1,10.0,all_scenarios,ap,0.19668703041163088,0.24629101328876737,0.04960398287713649,True
3,PTHW,72,0.1,50.0,all_scenarios,ap,0.19668703041163088,0.24629101328876737,0.04960398287713649,True
3,PTHW,72,0.1,100.0,all_scenarios,ap,0.19668703041163088,0.24629101328876737,0.04960398287713649,True
3,PTHW,72,0.1,500.0,all_scenarios,ap,0.19668703041163088,0.24629101328876737,0.04960398287713649,True
3,PTHW,72,0.1,1000.0,all_scenarios,ap,0.19668703041163088,0.24629101328876737,0.04960398287713649,True
3,PTHW,82,0.01,10.0,all_scenarios,ap,0.1905609157331449,0.1417704220323988,-0.04879049370074609,True
3,PTHW,82,0.01,50.0,all_scenarios,ap,0.1905609157331449,0.1417704220323988,-0.04879049370074609,True
3,PTHW,82,0.01,100.0,all_scenarios,ap,0.1905609157331449,0.1417704220323988,-0.04879049370074609,True
3,PTHW,82,0.01,500.0,all_scenarios,ap,0.1905609157331449,0.1417704220323988,-0.04879049370074609,True
3,PTHW,82,0.01,1000.0,all_scenarios,ap,0.1905609157331449,0.1417704220323988,-0.04879049370074609,True
3,PTHW,82,0.03,10.0,all_scenarios,ap,0.1905609157331449,0.1417704220323988,-0.04879049370074609,True
3,PTHW,82,0.03,50.0,all_scenarios,ap,0.1905609157331449,0.1417704220323988,-0.04879049370074609,True
3,PTHW,82,0.03,100.0,all_scenarios,ap,0.1905609157331449,0.1417704220323988,-0.04879049370074609,True
3,PTHW,82,0.03,500.0,all_scenarios,ap,0.1905609157331449,0.1417704220323988,-0.04879049370074609,True
3,PTHW,82,0.03,1000.0,all_scenarios,ap,0.1905609157331449,0.1417704220323988,-0.04879049370074609,True
3,PTHW,82,0.05,10.0,all_scenarios,ap,0.1905609157331449,0.1417704220323988,-0.04879049370074609,True
3,PTHW,82,0.05,50.0,all_scenarios,ap,0.1905609157331449,0.1417704220323988,-0.04879049370074609,True
3,PTHW,82,0.05,100.0,all_scenarios,ap,0.1905609157331449,0.1417704220323988,-0.04879049370074609,True
3,PTHW,82,0.05,500.0,all_scenarios,ap,0.1905609157331449,0.1417704220323988,-0.04879049370074609,True
3,PTHW,82,0.05,1000.0,all_scenarios,ap,0.1905609157331449,0.1417704220323988,-0.04879049370074609,True
3,PTHW,82,0.1,10.0,all_scenarios,ap,0.1905609157331449,0.1417704220323988,-0.04879049370074609,True
3,PTHW,82,0.1,50.0,all_scenarios,ap,0.1905609157331449,0.1417704220323988,-0.04879049370074609,True
3,PTHW,82,0.1,100.0,all_scenarios,ap,0.1905609157331449,0.1417704220323988,-0.04879049370074609,True
3,PTHW,82,0.1,500.0,all_scenarios,ap,0.1905609157331449,0.1417704220323988,-0.04879049370074609,True
3,PTHW,82,0.1,1000.0,all_scenarios,ap,0.1905609157331449,0.1417704220323988,-0.04879049370074609,True
3,PTHW5,42,0.03,100.0,all_scenarios,ap,0.09311488635556092,0.19728395549926836,0.10416906914370744,True
3,PTHW5,52,0.03,100.0,all_scenarios,ap,0.21623456069697256,0.20276135462417694,-0.013473206072795618,True
3,PTHW5,62,0.03,100.0,all_scenarios,ap,0.1732863874467814,0.14110186736796165,-0.03218452007881975,True
3,PTHW5,72,0.03,100.0,all_scenarios,ap,0.2641733690127537,0.09037351764354659,-0.1737998513692071,True
3,PTHW5,82,0.03,100.0,all_scenarios,ap,0.10619734916965398,0.1481422910067078,0.04194494183705383,True
1,P0,42,0.01,10.0,all_scenarios,threshold,0.2958045421101637,0.9801609899147488,0.684356447804585,True
1,P0,42,0.01,50.0,all_scenarios,threshold,0.050229088137947256,0.030820479039042867,-0.01940860909890439,True
1,P0,42,0.01,100.0,all_scenarios,threshold,0.050229088137947256,0.030820479039042867,-0.01940860909890439,True
1,P0,42,0.01,500.0,all_scenarios,threshold,0.050229088137947256,0.004383872046382495,-0.045845216091564764,True
1,P0,42,0.01,1000.0,all_scenarios,threshold,0.008415704655296634,0.004383872046382495,-0.0040318326089141395,True
1,P0,42,0.03,10.0,all_scenarios,threshold,0.2958045421101637,0.9801609899147488,0.684356447804585,True
1,P0,42,0.03,50.0,all_scenarios,threshold,0.050229088137947256,0.030820479039042867,-0.01940860909890439,True
1,P0,42,0.03,100.0,all_scenarios,threshold,0.050229088137947256,0.030820479039042867,-0.01940860909890439,True
1,P0,42,0.03,500.0,all_scenarios,threshold,0.004311245669921058,0.002864800903468963,-0.0014464447664520948,True
1,P0,42,0.03,1000.0,all_scenarios,threshold,0.004311245669921058,0.002864800903468963,-0.0014464447664520948,True
1,P0,42,0.05,10.0,all_scenarios,threshold,0.2958045421101637,0.9801609899147488,0.684356447804585,True
1,P0,42,0.05,50.0,all_scenarios,threshold,0.050229088137947256,0.030820479039042867,-0.01940860909890439,True
1,P0,42,0.05,100.0,all_scenarios,threshold,0.050229088137947256,0.030820479039042867,-0.01940860909890439,True
1,P0,42,0.05,500.0,all_scenarios,threshold,0.004311245669921058,0.0024811029384650112,-0.0018301427314560467,True
1,P0,42,0.05,1000.0,all_scenarios,threshold,0.0038045031101782557,0.0024811029384650112,-0.0013234001717132445,True
1,P0,42,0.1,10.0,all_scenarios,threshold,0.2958045421101637,0.9801609899147488,0.684356447804585,True
1,P0,42,0.1,50.0,all_scenarios,threshold,0.050229088137947256,0.030820479039042867,-0.01940860909890439,True
1,P0,42,0.1,100.0,all_scenarios,threshold,0.050229088137947256,0.030820479039042867,-0.01940860909890439,True
1,P0,42,0.1,500.0,all_scenarios,threshold,0.0033884844403712553,0.0024811029384650112,-0.0009073815019062441,True
1,P0,42,0.1,1000.0,all_scenarios,threshold,0.003116082388285692,0.002020981634211116,-0.0010951007540745757,True
1,P0,52,0.01,10.0,all_scenarios,threshold,0.9221845412675479,0.10074125008054233,-0.8214432911870055,True
1,P0,52,0.01,50.0,all_scenarios,threshold,0.9221845412675479,0.018571291976139423,-0.9036132492914085,True
1,P0,52,0.01,100.0,all_scenarios,threshold,0.9221845412675479,0.018571291976139423,-0.9036132492914085,True
1,P0,52,0.01,500.0,all_scenarios,threshold,0.9221845412675479,0.018571291976139423,-0.9036132492914085,True
1,P0,52,0.01,1000.0,all_scenarios,threshold,0.0048302929994676076,0.011107621848133747,0.0062773288486661395,True
1,P0,52,0.03,10.0,all_scenarios,threshold,0.9221845412675479,0.10074125008054233,-0.8214432911870055,True
1,P0,52,0.03,50.0,all_scenarios,threshold,0.9221845412675479,0.018571291976139423,-0.9036132492914085,True
1,P0,52,0.03,100.0,all_scenarios,threshold,0.9221845412675479,0.018571291976139423,-0.9036132492914085,True
1,P0,52,0.03,500.0,all_scenarios,threshold,0.002890682868541198,0.0033141273999222785,0.00042344453138108045,True
1,P0,52,0.03,1000.0,all_scenarios,threshold,0.002890682868541198,0.0033141273999222785,0.00042344453138108045,True
1,P0,52,0.05,10.0,all_scenarios,threshold,0.9221845412675479,0.10074125008054233,-0.8214432911870055,True
1,P0,52,0.05,50.0,all_scenarios,threshold,0.9221845412675479,0.018571291976139423,-0.9036132492914085,True
1,P0,52,0.05,100.0,all_scenarios,threshold,0.9221845412675479,0.018571291976139423,-0.9036132492914085,True
1,P0,52,0.05,500.0,all_scenarios,threshold,0.0026814362231645725,0.0030381201471976972,0.00035668392403312476,True
1,P0,52,0.05,1000.0,all_scenarios,threshold,0.0026481235216436337,0.002827500501490344,0.00017937697984671047,True
1,P0,52,0.1,10.0,all_scenarios,threshold,0.9221845412675479,0.10074125008054233,-0.8214432911870055,True
1,P0,52,0.1,50.0,all_scenarios,threshold,0.9221845412675479,0.018571291976139423,-0.9036132492914085,True
1,P0,52,0.1,100.0,all_scenarios,threshold,0.9221845412675479,0.018571291976139423,-0.9036132492914085,True
1,P0,52,0.1,500.0,all_scenarios,threshold,0.0026814362231645725,0.0025840124053662385,-9.742381779833395e-05,True
1,P0,52,0.1,1000.0,all_scenarios,threshold,0.0021256822640992497,0.002311736208166526,0.00018605394406727644,True
1,P0,62,0.01,10.0,all_scenarios,threshold,0.1783825826894425,0.1723833186682106,-0.0059992640212318815,True
1,P0,62,0.01,50.0,all_scenarios,threshold,0.17702079461952264,0.1723833186682106,-0.004637475951312031,True
1,P0,62,0.01,100.0,all_scenarios,threshold,0.17702079461952264,0.1723833186682106,-0.004637475951312031,True
1,P0,62,0.01,500.0,all_scenarios,threshold,0.010073208477489048,0.012235060103937698,0.0021618516264486493,True
1,P0,62,0.01,1000.0,all_scenarios,threshold,0.010073208477489048,0.012235060103937698,0.0021618516264486493,True
1,P0,62,0.03,10.0,all_scenarios,threshold,0.1783825826894425,0.1723833186682106,-0.0059992640212318815,True
1,P0,62,0.03,50.0,all_scenarios,threshold,0.17702079461952264,0.1723833186682106,-0.004637475951312031,True
1,P0,62,0.03,100.0,all_scenarios,threshold,0.17702079461952264,0.1723833186682106,-0.004637475951312031,True
1,P0,62,0.03,500.0,all_scenarios,threshold,0.009480303712990775,0.007997334564064925,-0.0014829691489258497,True
1,P0,62,0.03,1000.0,all_scenarios,threshold,0.004509950300418065,0.007997334564064925,0.00348738426364686,True
1,P0,62,0.05,10.0,all_scenarios,threshold,0.1783825826894425,0.1723833186682106,-0.0059992640212318815,True
1,P0,62,0.05,50.0,all_scenarios,threshold,0.17702079461952264,0.1723833186682106,-0.004637475951312031,True
1,P0,62,0.05,100.0,all_scenarios,threshold,0.17702079461952264,0.1723833186682106,-0.004637475951312031,True
1,P0,62,0.05,500.0,all_scenarios,threshold,0.009480303712990775,0.0031814932114420254,-0.006298810501548749,True
1,P0,62,0.05,1000.0,all_scenarios,threshold,0.0028999133187210396,0.0031814932114420254,0.0002815798927209858,True
1,P0,62,0.1,10.0,all_scenarios,threshold,0.1783825826894425,0.1723833186682106,-0.0059992640212318815,True
1,P0,62,0.1,50.0,all_scenarios,threshold,0.17702079461952264,0.1723833186682106,-0.004637475951312031,True
1,P0,62,0.1,100.0,all_scenarios,threshold,0.17702079461952264,0.1723833186682106,-0.004637475951312031,True
1,P0,62,0.1,500.0,all_scenarios,threshold,0.009480303712990775,0.0031814932114420254,-0.006298810501548749,True
1,P0,62,0.1,1000.0,all_scenarios,threshold,0.0015687609925504763,0.002437714741494152,0.000868953748943676,True
1,P0,72,0.01,10.0,all_scenarios,threshold,0.9454455926886338,0.7132315283747293,-0.23221406431390457,True
1,P0,72,0.01,50.0,all_scenarios,threshold,0.9454455926886338,0.7132315283747293,-0.23221406431390457,True
1,P0,72,0.01,100.0,all_scenarios,threshold,0.9454455926886338,0.7132315283747293,-0.23221406431390457,True
1,P0,72,0.01,500.0,all_scenarios,threshold,0.005814533882149156,0.7132315283747293,0.7074169944925801,True
1,P0,72,0.01,1000.0,all_scenarios,threshold,0.004720200271004865,0.0042594081539666295,-0.00046079211703823567,True
1,P0,72,0.03,10.0,all_scenarios,threshold,0.9454455926886338,0.7132315283747293,-0.23221406431390457,True
1,P0,72,0.03,50.0,all_scenarios,threshold,0.9454455926886338,0.7132315283747293,-0.23221406431390457,True
1,P0,72,0.03,100.0,all_scenarios,threshold,0.9454455926886338,0.7132315283747293,-0.23221406431390457,True
1,P0,72,0.03,500.0,all_scenarios,threshold,0.005814533882149156,0.7132315283747293,0.7074169944925801,True
1,P0,72,0.03,1000.0,all_scenarios,threshold,0.0029041913922540187,0.002323629900432787,-0.0005805614918212316,True
1,P0,72,0.05,10.0,all_scenarios,threshold,0.9454455926886338,0.7132315283747293,-0.23221406431390457,True
1,P0,72,0.05,50.0,all_scenarios,threshold,0.9454455926886338,0.7132315283747293,-0.23221406431390457,True
1,P0,72,0.05,100.0,all_scenarios,threshold,0.9454455926886338,0.7132315283747293,-0.23221406431390457,True
1,P0,72,0.05,500.0,all_scenarios,threshold,0.005814533882149156,0.7132315283747293,0.7074169944925801,True
1,P0,72,0.05,1000.0,all_scenarios,threshold,0.0024723454185706234,0.0020311679703950377,-0.0004411774481755857,True
1,P0,72,0.1,10.0,all_scenarios,threshold,0.9454455926886338,0.7132315283747293,-0.23221406431390457,True
1,P0,72,0.1,50.0,all_scenarios,threshold,0.9454455926886338,0.7132315283747293,-0.23221406431390457,True
1,P0,72,0.1,100.0,all_scenarios,threshold,0.9454455926886338,0.7132315283747293,-0.23221406431390457,True
1,P0,72,0.1,500.0,all_scenarios,threshold,0.002365535327973145,0.001934134170885015,-0.0004314011570881299,True
1,P0,72,0.1,1000.0,all_scenarios,threshold,0.002141541974406443,0.0015546080576578835,-0.0005869339167485594,True
1,P0,82,0.01,10.0,all_scenarios,threshold,0.993198898208292,0.03496814427894541,-0.9582307539293465,True
1,P0,82,0.01,50.0,all_scenarios,threshold,0.049371228446375266,0.029110474844909768,-0.0202607536014655,True
1,P0,82,0.01,100.0,all_scenarios,threshold,0.0237168617622744,0.029110474844909768,0.005393613082635369,True
1,P0,82,0.01,500.0,all_scenarios,threshold,0.0059225789542491185,0.013642886010928196,0.007720307056679077,True
1,P0,82,0.01,1000.0,all_scenarios,threshold,0.005916529248467553,0.013642886010928196,0.0077263567624606426,True
1,P0,82,0.03,10.0,all_scenarios,threshold,0.993198898208292,0.03496814427894541,-0.9582307539293465,True
1,P0,82,0.03,50.0,all_scenarios,threshold,0.049371228446375266,0.029110474844909768,-0.0202607536014655,True
1,P0,82,0.03,100.0,all_scenarios,threshold,0.0237168617622744,0.029110474844909768,0.005393613082635369,True
1,P0,82,0.03,500.0,all_scenarios,threshold,0.003947141476633997,0.013642886010928196,0.009695744534294198,True
1,P0,82,0.03,1000.0,all_scenarios,threshold,0.003947141476633997,0.003923258227984301,-2.3883248649696036e-05,True
1,P0,82,0.05,10.0,all_scenarios,threshold,0.993198898208292,0.03496814427894541,-0.9582307539293465,True
1,P0,82,0.05,50.0,all_scenarios,threshold,0.049371228446375266,0.029110474844909768,-0.0202607536014655,True
1,P0,82,0.05,100.0,all_scenarios,threshold,0.0237168617622744,0.029110474844909768,0.005393613082635369,True
1,P0,82,0.05,500.0,all_scenarios,threshold,0.0027703614818135394,0.0033344952475211926,0.0005641337657076532,True
1,P0,82,0.05,1000.0,all_scenarios,threshold,0.0027703614818135394,0.00329178974571926,0.0005214282639057206,True
1,P0,82,0.1,10.0,all_scenarios,threshold,0.993198898208292,0.03496814427894541,-0.9582307539293465,True
1,P0,82,0.1,50.0,all_scenarios,threshold,0.049371228446375266,0.029110474844909768,-0.0202607536014655,True
1,P0,82,0.1,100.0,all_scenarios,threshold,0.0237168617622744,0.029110474844909768,0.005393613082635369,True
1,P0,82,0.1,500.0,all_scenarios,threshold,0.002077915679673709,0.0024808835082026693,0.00040296782852896045,True
1,P0,82,0.1,1000.0,all_scenarios,threshold,0.002077915679673709,0.0022357843952656472,0.00015786871559193838,True
1,PH,42,0.03,100.0,all_scenarios,threshold,0.008369467330706253,0.002829279830393506,-0.005540187500312746,True
1,PH,52,0.03,100.0,all_scenarios,threshold,0.0021973100188890722,0.0027941395525723028,0.0005968295336832305,True
1,PH,62,0.03,100.0,all_scenarios,threshold,0.0038357255809683814,0.0031036165767632912,-0.0007321090042050902,True
1,PH,72,0.03,100.0,all_scenarios,threshold,0.0036830937408071154,0.003652113056959326,-3.098068384778949e-05,True
1,PH,82,0.03,100.0,all_scenarios,threshold,0.00446381331303551,0.0021689716118036694,-0.002294841701231841,True
1,PT,42,0.03,100.0,all_scenarios,threshold,0.3279983872912285,0.007127709559333273,-0.3208706777318952,True
1,PT,52,0.03,100.0,all_scenarios,threshold,0.001956048788842801,0.03145104673501438,0.029494997946171577,True
1,PT,62,0.03,100.0,all_scenarios,threshold,0.006774357131885925,0.010139495837866918,0.0033651387059809934,True
1,PT,72,0.03,100.0,all_scenarios,threshold,0.004797513902450111,0.12478571000853482,0.11998819610608472,True
1,PT,82,0.03,100.0,all_scenarios,threshold,0.9630312352260335,0.957903741324526,-0.005127493901507463,True
1,PTH,42,0.03,100.0,all_scenarios,threshold,0.0021389942066989227,0.0023047587204247893,0.00016576451372586664,True
1,PTH,52,0.03,100.0,all_scenarios,threshold,0.0024007374011236825,0.00261844334471922,0.00021770594359553754,True
1,PTH,62,0.03,100.0,all_scenarios,threshold,0.002872304338434729,0.0016103598473920285,-0.0012619444910427005,True
1,PTH,72,0.03,100.0,all_scenarios,threshold,0.0025719132218180525,0.0015563962492704689,-0.0010155169725475836,True
1,PTH,82,0.03,100.0,all_scenarios,threshold,0.002575677295388318,0.0014199620865271226,-0.0011557152088611956,True
1,PTHW,42,0.01,10.0,all_scenarios,threshold,0.22145641804446312,0.28170372384342374,0.06024730579896062,True
1,PTHW,42,0.01,50.0,all_scenarios,threshold,0.002419866475374769,0.0028208862911082732,0.00040101981573350404,True
1,PTHW,42,0.01,100.0,all_scenarios,threshold,0.002419866475374769,0.0024764045481881366,5.653807281336739e-05,True
1,PTHW,42,0.01,500.0,all_scenarios,threshold,0.0021651903488264387,0.0024193639108321193,0.0002541735620056806,True
1,PTHW,42,0.01,1000.0,all_scenarios,threshold,0.0021651903488264387,0.0024193639108321193,0.0002541735620056806,True
1,PTHW,42,0.03,10.0,all_scenarios,threshold,0.22145641804446312,0.28170372384342374,0.06024730579896062,True
1,PTHW,42,0.03,50.0,all_scenarios,threshold,0.002419866475374769,0.0028208862911082732,0.00040101981573350404,True
1,PTHW,42,0.03,100.0,all_scenarios,threshold,0.002419866475374769,0.002392020127677453,-2.7846347697316025e-05,True
1,PTHW,42,0.03,500.0,all_scenarios,threshold,0.0013219063727173625,0.0013392067161115005,1.7300343394138036e-05,True
1,PTHW,42,0.03,1000.0,all_scenarios,threshold,0.0012316894150715375,0.0013392067161115005,0.00010751730103996304,True
1,PTHW,42,0.05,10.0,all_scenarios,threshold,0.22145641804446312,0.28170372384342374,0.06024730579896062,True
1,PTHW,42,0.05,50.0,all_scenarios,threshold,0.002419866475374769,0.0028208862911082732,0.00040101981573350404,True
1,PTHW,42,0.05,100.0,all_scenarios,threshold,0.002419866475374769,0.002392020127677453,-2.7846347697316025e-05,True
1,PTHW,42,0.05,500.0,all_scenarios,threshold,0.0013219063727173625,0.0013392067161115005,1.7300343394138036e-05,True
1,PTHW,42,0.05,1000.0,all_scenarios,threshold,0.0012316894150715375,0.0013392067161115005,0.00010751730103996304,True
1,PTHW,42,0.1,10.0,all_scenarios,threshold,0.22145641804446312,0.28170372384342374,0.06024730579896062,True
1,PTHW,42,0.1,50.0,all_scenarios,threshold,0.002419866475374769,0.0028208862911082732,0.00040101981573350404,True
1,PTHW,42,0.1,100.0,all_scenarios,threshold,0.002419866475374769,0.002392020127677453,-2.7846347697316025e-05,True
1,PTHW,42,0.1,500.0,all_scenarios,threshold,0.0013219063727173625,0.0013392067161115005,1.7300343394138036e-05,True
1,PTHW,42,0.1,1000.0,all_scenarios,threshold,0.0012316894150715375,0.0013392067161115005,0.00010751730103996304,True
1,PTHW,52,0.01,10.0,all_scenarios,threshold,0.645129041085588,0.30460849449466565,-0.34052054659092235,True
1,PTHW,52,0.01,50.0,all_scenarios,threshold,0.0030046924145156603,0.0020507281318654894,-0.0009539642826501709,True
1,PTHW,52,0.01,100.0,all_scenarios,threshold,0.0029190176194189175,0.0018230982927647187,-0.0010959193266541988,True
1,PTHW,52,0.01,500.0,all_scenarios,threshold,0.002578634838890541,0.0018230982927647187,-0.0007555365461258223,True
1,PTHW,52,0.01,1000.0,all_scenarios,threshold,0.002578634838890541,0.0018230982927647187,-0.0007555365461258223,True
1,PTHW,52,0.03,10.0,all_scenarios,threshold,0.645129041085588,0.30460849449466565,-0.34052054659092235,True
1,PTHW,52,0.03,50.0,all_scenarios,threshold,0.0030046924145156603,0.0020507281318654894,-0.0009539642826501709,True
1,PTHW,52,0.03,100.0,all_scenarios,threshold,0.0029190176194189175,0.0016123096695094352,-0.0013067079499094823,True
1,PTHW,52,0.03,500.0,all_scenarios,threshold,0.0010812387436614833,0.0008695025617132304,-0.00021173618194825293,True
1,PTHW,52,0.03,1000.0,all_scenarios,threshold,0.0010812387436614833,0.0008695025617132304,-0.00021173618194825293,True
1,PTHW,52,0.05,10.0,all_scenarios,threshold,0.645129041085588,0.30460849449466565,-0.34052054659092235,True
1,PTHW,52,0.05,50.0,all_scenarios,threshold,0.0030046924145156603,0.0020507281318654894,-0.0009539642826501709,True
1,PTHW,52,0.05,100.0,all_scenarios,threshold,0.0029190176194189175,0.0016123096695094352,-0.0013067079499094823,True
1,PTHW,52,0.05,500.0,all_scenarios,threshold,0.0010812387436614833,0.0008695025617132304,-0.00021173618194825293,True
1,PTHW,52,0.05,1000.0,all_scenarios,threshold,0.0010812387436614833,0.0008014261243394621,-0.00027981261932202124,True
1,PTHW,52,0.1,10.0,all_scenarios,threshold,0.645129041085588,0.30460849449466565,-0.34052054659092235,True
1,PTHW,52,0.1,50.0,all_scenarios,threshold,0.0030046924145156603,0.0020507281318654894,-0.0009539642826501709,True
1,PTHW,52,0.1,100.0,all_scenarios,threshold,0.0029190176194189175,0.0016123096695094352,-0.0013067079499094823,True
1,PTHW,52,0.1,500.0,all_scenarios,threshold,0.0010812387436614833,0.0008695025617132304,-0.00021173618194825293,True
1,PTHW,52,0.1,1000.0,all_scenarios,threshold,0.0010812387436614833,0.0008014261243394621,-0.00027981261932202124,True
1,PTHW,62,0.01,10.0,all_scenarios,threshold,0.6427225561645573,0.6196809316820822,-0.023041624482475154,True
1,PTHW,62,0.01,50.0,all_scenarios,threshold,0.0025737486617585397,0.00273933815137414,0.00016558948961560007,True
1,PTHW,62,0.01,100.0,all_scenarios,threshold,0.002465564334184434,0.002693060769015427,0.00022749643483099304,True
1,PTHW,62,0.01,500.0,all_scenarios,threshold,0.0022821012419630094,0.002693060769015427,0.00041095952705241757,True
1,PTHW,62,0.01,1000.0,all_scenarios,threshold,0.0022821012419630094,0.002693060769015427,0.00041095952705241757,True
1,PTHW,62,0.03,10.0,all_scenarios,threshold,0.6427225561645573,0.6196809316820822,-0.023041624482475154,True
1,PTHW,62,0.03,50.0,all_scenarios,threshold,0.0025737486617585397,0.00273933815137414,0.00016558948961560007,True
1,PTHW,62,0.03,100.0,all_scenarios,threshold,0.002465564334184434,0.0021416590166197596,-0.0003239053175646744,True
1,PTHW,62,0.03,500.0,all_scenarios,threshold,0.0008737045008028939,0.0010169480942195117,0.00014324359341661775,True
1,PTHW,62,0.03,1000.0,all_scenarios,threshold,0.0008737045008028939,0.000961713342943841,8.800884214094703e-05,True
1,PTHW,62,0.05,10.0,all_scenarios,threshold,0.6427225561645573,0.6196809316820822,-0.023041624482475154,True
1,PTHW,62,0.05,50.0,all_scenarios,threshold,0.0025737486617585397,0.00273933815137414,0.00016558948961560007,True
1,PTHW,62,0.05,100.0,all_scenarios,threshold,0.002465564334184434,0.0021416590166197596,-0.0003239053175646744,True
1,PTHW,62,0.05,500.0,all_scenarios,threshold,0.0008737045008028939,0.0010169480942195117,0.00014324359341661775,True
1,PTHW,62,0.05,1000.0,all_scenarios,threshold,0.0008737045008028939,0.000961713342943841,8.800884214094703e-05,True
1,PTHW,62,0.1,10.0,all_scenarios,threshold,0.6427225561645573,0.6196809316820822,-0.023041624482475154,True
1,PTHW,62,0.1,50.0,all_scenarios,threshold,0.0025737486617585397,0.00273933815137414,0.00016558948961560007,True
1,PTHW,62,0.1,100.0,all_scenarios,threshold,0.002465564334184434,0.0021416590166197596,-0.0003239053175646744,True
1,PTHW,62,0.1,500.0,all_scenarios,threshold,0.0008737045008028939,0.0010169480942195117,0.00014324359341661775,True
1,PTHW,62,0.1,1000.0,all_scenarios,threshold,0.0008737045008028939,0.000961713342943841,8.800884214094703e-05,True
1,PTHW,72,0.01,10.0,all_scenarios,threshold,0.010983144317558464,0.7999033891570206,0.7889202448394622,True
1,PTHW,72,0.01,50.0,all_scenarios,threshold,0.010387718984122054,0.0048319471428949325,-0.005555771841227121,True
1,PTHW,72,0.01,100.0,all_scenarios,threshold,0.0031340751552353828,0.002988658554457097,-0.00014541660077828584,True
1,PTHW,72,0.01,500.0,all_scenarios,threshold,0.0031340751552353828,0.002988658554457097,-0.00014541660077828584,True
1,PTHW,72,0.01,1000.0,all_scenarios,threshold,0.0031340751552353828,0.002988658554457097,-0.00014541660077828584,True
1,PTHW,72,0.03,10.0,all_scenarios,threshold,0.010983144317558464,0.7999033891570206,0.7889202448394622,True
1,PTHW,72,0.03,50.0,all_scenarios,threshold,0.010387718984122054,0.0048319471428949325,-0.005555771841227121,True
1,PTHW,72,0.03,100.0,all_scenarios,threshold,0.0019582959895261933,0.002988658554457097,0.0010303625649309037,True
1,PTHW,72,0.03,500.0,all_scenarios,threshold,0.0013442666857470815,0.001843288974363394,0.0004990222886163125,True
1,PTHW,72,0.03,1000.0,all_scenarios,threshold,0.0013442666857470815,0.0014580804226912902,0.00011381373694420872,True
1,PTHW,72,0.05,10.0,all_scenarios,threshold,0.010983144317558464,0.7999033891570206,0.7889202448394622,True
1,PTHW,72,0.05,50.0,all_scenarios,threshold,0.010387718984122054,0.0048319471428949325,-0.005555771841227121,True
1,PTHW,72,0.05,100.0,all_scenarios,threshold,0.0019582959895261933,0.002988658554457097,0.0010303625649309037,True
1,PTHW,72,0.05,500.0,all_scenarios,threshold,0.0013442666857470815,0.001843288974363394,0.0004990222886163125,True
1,PTHW,72,0.05,1000.0,all_scenarios,threshold,0.0013442666857470815,0.0014580804226912902,0.00011381373694420872,True
1,PTHW,72,0.1,10.0,all_scenarios,threshold,0.010983144317558464,0.7999033891570206,0.7889202448394622,True
1,PTHW,72,0.1,50.0,all_scenarios,threshold,0.010387718984122054,0.0048319471428949325,-0.005555771841227121,True
1,PTHW,72,0.1,100.0,all_scenarios,threshold,0.0019582959895261933,0.002988658554457097,0.0010303625649309037,True
1,PTHW,72,0.1,500.0,all_scenarios,threshold,0.0013442666857470815,0.001843288974363394,0.0004990222886163125,True
1,PTHW,72,0.1,1000.0,all_scenarios,threshold,0.0013442666857470815,0.0014580804226912902,0.00011381373694420872,True
1,PTHW,82,0.01,10.0,all_scenarios,threshold,0.0158960291495015,0.042148741222585,0.026252712073083502,True
1,PTHW,82,0.01,50.0,all_scenarios,threshold,0.002823473695082163,0.0033982258528280195,0.0005747521577458567,True
1,PTHW,82,0.01,100.0,all_scenarios,threshold,0.0025857909290244205,0.002799700144483178,0.00021390921545875758,True
1,PTHW,82,0.01,500.0,all_scenarios,threshold,0.0025792146651651346,0.002799700144483178,0.00022048547931804345,True
1,PTHW,82,0.01,1000.0,all_scenarios,threshold,0.0025792146651651346,0.002799700144483178,0.00022048547931804345,True
1,PTHW,82,0.03,10.0,all_scenarios,threshold,0.0158960291495015,0.042148741222585,0.026252712073083502,True
1,PTHW,82,0.03,50.0,all_scenarios,threshold,0.002823473695082163,0.0033982258528280195,0.0005747521577458567,True
1,PTHW,82,0.03,100.0,all_scenarios,threshold,0.0022973782908423013,0.0021839490124303945,-0.00011342927841190677,True
1,PTHW,82,0.03,500.0,all_scenarios,threshold,0.0012473660880082853,0.0012536926126227805,6.326524614495149e-06,True
1,PTHW,82,0.03,1000.0,all_scenarios,threshold,0.0012385120324318675,0.0012536926126227805,1.5180580190912946e-05,True
1,PTHW,82,0.05,10.0,all_scenarios,threshold,0.0158960291495015,0.042148741222585,0.026252712073083502,True
1,PTHW,82,0.05,50.0,all_scenarios,threshold,0.002823473695082163,0.0033982258528280195,0.0005747521577458567,True
1,PTHW,82,0.05,100.0,all_scenarios,threshold,0.0022973782908423013,0.0021839490124303945,-0.00011342927841190677,True
1,PTHW,82,0.05,500.0,all_scenarios,threshold,0.0012473660880082853,0.0012536926126227805,6.326524614495149e-06,True
1,PTHW,82,0.05,1000.0,all_scenarios,threshold,0.0012385120324318675,0.0012536926126227805,1.5180580190912946e-05,True
1,PTHW,82,0.1,10.0,all_scenarios,threshold,0.0158960291495015,0.042148741222585,0.026252712073083502,True
1,PTHW,82,0.1,50.0,all_scenarios,threshold,0.002823473695082163,0.0033982258528280195,0.0005747521577458567,True
1,PTHW,82,0.1,100.0,all_scenarios,threshold,0.0022973782908423013,0.0021839490124303945,-0.00011342927841190677,True
1,PTHW,82,0.1,500.0,all_scenarios,threshold,0.0012473660880082853,0.0012536926126227805,6.326524614495149e-06,True
1,PTHW,82,0.1,1000.0,all_scenarios,threshold,0.0012385120324318675,0.0012536926126227805,1.5180580190912946e-05,True
1,PTHW5,42,0.03,100.0,all_scenarios,threshold,0.0018320100797239965,0.0016138364212609018,-0.0002181736584630947,True
1,PTHW5,52,0.03,100.0,all_scenarios,threshold,0.0018049553946014988,0.0022837796319378923,0.00047882423733639347,True
1,PTHW5,62,0.03,100.0,all_scenarios,threshold,0.0011532504362514154,0.001140030041875764,-1.3220394375651479e-05,True
1,PTHW5,72,0.03,100.0,all_scenarios,threshold,0.0014241722249668817,0.0020319877770946355,0.0006078155521277537,True
1,PTHW5,82,0.03,100.0,all_scenarios,threshold,0.0013458550808839128,0.001622906350450903,0.0002770512695669902,True
2,P0,42,0.01,10.0,all_scenarios,threshold,0.03840223268448969,0.9694386406839157,0.931036407999426,True
2,P0,42,0.01,50.0,all_scenarios,threshold,0.03840223268448969,0.026606131582318848,-0.011796101102170841,True
2,P0,42,0.01,100.0,all_scenarios,threshold,0.03840223268448969,0.026606131582318848,-0.011796101102170841,True
2,P0,42,0.01,500.0,all_scenarios,threshold,0.03840223268448969,0.007946807679251546,-0.030455425005238144,True
2,P0,42,0.01,1000.0,all_scenarios,threshold,0.005988010824175685,0.007946807679251546,0.0019587968550758604,True
2,P0,42,0.03,10.0,all_scenarios,threshold,0.03840223268448969,0.9694386406839157,0.931036407999426,True
2,P0,42,0.03,50.0,all_scenarios,threshold,0.03840223268448969,0.026606131582318848,-0.011796101102170841,True
2,P0,42,0.03,100.0,all_scenarios,threshold,0.03840223268448969,0.026606131582318848,-0.011796101102170841,True
2,P0,42,0.03,500.0,all_scenarios,threshold,0.0056266374091291545,0.006531616223608762,0.0009049788144796077,True
2,P0,42,0.03,1000.0,all_scenarios,threshold,0.0056266374091291545,0.006531616223608762,0.0009049788144796077,True
2,P0,42,0.05,10.0,all_scenarios,threshold,0.03840223268448969,0.9694386406839157,0.931036407999426,True
2,P0,42,0.05,50.0,all_scenarios,threshold,0.03840223268448969,0.026606131582318848,-0.011796101102170841,True
2,P0,42,0.05,100.0,all_scenarios,threshold,0.03840223268448969,0.026606131582318848,-0.011796101102170841,True
2,P0,42,0.05,500.0,all_scenarios,threshold,0.0026431405589357527,0.0031287552131037634,0.00048561465416801066,True
2,P0,42,0.05,1000.0,all_scenarios,threshold,0.002592888827001471,0.0031287552131037634,0.0005358663861022924,True
2,P0,42,0.1,10.0,all_scenarios,threshold,0.03840223268448969,0.9694386406839157,0.931036407999426,True
2,P0,42,0.1,50.0,all_scenarios,threshold,0.03840223268448969,0.026606131582318848,-0.011796101102170841,True
2,P0,42,0.1,100.0,all_scenarios,threshold,0.03840223268448969,0.026606131582318848,-0.011796101102170841,True
2,P0,42,0.1,500.0,all_scenarios,threshold,0.0018272740256266105,0.001926279404140275,9.900537851366452e-05,True
2,P0,42,0.1,1000.0,all_scenarios,threshold,0.0018272740256266105,0.001926279404140275,9.900537851366452e-05,True
2,P0,52,0.01,10.0,all_scenarios,threshold,0.38569443043724744,0.812199544580547,0.42650511414329956,True
2,P0,52,0.01,50.0,all_scenarios,threshold,0.38569443043724744,0.812199544580547,0.42650511414329956,True
2,P0,52,0.01,100.0,all_scenarios,threshold,0.008805863941050691,0.812199544580547,0.8033936806394963,True
2,P0,52,0.01,500.0,all_scenarios,threshold,0.006235012090212148,0.003633692564176202,-0.0026013195260359465,True
2,P0,52,0.01,1000.0,all_scenarios,threshold,0.006235012090212148,0.003633692564176202,-0.0026013195260359465,True
2,P0,52,0.03,10.0,all_scenarios,threshold,0.38569443043724744,0.812199544580547,0.42650511414329956,True
2,P0,52,0.03,50.0,all_scenarios,threshold,0.38569443043724744,0.812199544580547,0.42650511414329956,True
2,P0,52,0.03,100.0,all_scenarios,threshold,0.008805863941050691,0.812199544580547,0.8033936806394963,True
2,P0,52,0.03,500.0,all_scenarios,threshold,0.006235012090212148,0.003633692564176202,-0.0026013195260359465,True
2,P0,52,0.03,1000.0,all_scenarios,threshold,0.006235012090212148,0.003633692564176202,-0.0026013195260359465,True
2,P0,52,0.05,10.0,all_scenarios,threshold,0.38569443043724744,0.812199544580547,0.42650511414329956,True
2,P0,52,0.05,50.0,all_scenarios,threshold,0.38569443043724744,0.812199544580547,0.42650511414329956,True
2,P0,52,0.05,100.0,all_scenarios,threshold,0.008805863941050691,0.812199544580547,0.8033936806394963,True
2,P0,52,0.05,500.0,all_scenarios,threshold,0.004334126468969348,0.0020389260906083576,-0.002295200378360991,True
2,P0,52,0.05,1000.0,all_scenarios,threshold,0.003110445864486713,0.0020389260906083576,-0.0010715197738783554,True
2,P0,52,0.1,10.0,all_scenarios,threshold,0.38569443043724744,0.812199544580547,0.42650511414329956,True
2,P0,52,0.1,50.0,all_scenarios,threshold,0.38569443043724744,0.812199544580547,0.42650511414329956,True
2,P0,52,0.1,100.0,all_scenarios,threshold,0.008805863941050691,0.812199544580547,0.8033936806394963,True
2,P0,52,0.1,500.0,all_scenarios,threshold,0.00218833223856583,0.0016383911250246895,-0.0005499411135411407,True
2,P0,52,0.1,1000.0,all_scenarios,threshold,0.00218833223856583,0.0016383911250246895,-0.0005499411135411407,True
2,P0,62,0.01,10.0,all_scenarios,threshold,0.07608186188669692,0.4640558879123363,0.3879740260256394,True
2,P0,62,0.01,50.0,all_scenarios,threshold,0.07608186188669692,0.4640558879123363,0.3879740260256394,True
2,P0,62,0.01,100.0,all_scenarios,threshold,0.01796524254664689,0.021603049508244123,0.0036378069615972328,True
2,P0,62,0.01,500.0,all_scenarios,threshold,0.010679551577339798,0.008469750127816702,-0.0022098014495230967,True
2,P0,62,0.01,1000.0,all_scenarios,threshold,0.010679551577339798,0.008469750127816702,-0.0022098014495230967,True
2,P0,62,0.03,10.0,all_scenarios,threshold,0.07608186188669692,0.4640558879123363,0.3879740260256394,True
2,P0,62,0.03,50.0,all_scenarios,threshold,0.07608186188669692,0.4640558879123363,0.3879740260256394,True
2,P0,62,0.03,100.0,all_scenarios,threshold,0.01796524254664689,0.021603049508244123,0.0036378069615972328,True
2,P0,62,0.03,500.0,all_scenarios,threshold,0.007500581933048473,0.008469750127816702,0.0009691681947682287,True
2,P0,62,0.03,1000.0,all_scenarios,threshold,0.007500581933048473,0.008469750127816702,0.0009691681947682287,True
2,P0,62,0.05,10.0,all_scenarios,threshold,0.07608186188669692,0.4640558879123363,0.3879740260256394,True
2,P0,62,0.05,50.0,all_scenarios,threshold,0.07608186188669692,0.4640558879123363,0.3879740260256394,True
2,P0,62,0.05,100.0,all_scenarios,threshold,0.01796524254664689,0.021603049508244123,0.0036378069615972328,True
2,P0,62,0.05,500.0,all_scenarios,threshold,0.0030414873896248027,0.0062615732848321165,0.003220085895207314,True
2,P0,62,0.05,1000.0,all_scenarios,threshold,0.0030414873896248027,0.002821245684760674,-0.0002202417048641288,True
2,P0,62,0.1,10.0,all_scenarios,threshold,0.07608186188669692,0.4640558879123363,0.3879740260256394,True
2,P0,62,0.1,50.0,all_scenarios,threshold,0.07608186188669692,0.4640558879123363,0.3879740260256394,True
2,P0,62,0.1,100.0,all_scenarios,threshold,0.01796524254664689,0.021603049508244123,0.0036378069615972328,True
2,P0,62,0.1,500.0,all_scenarios,threshold,0.0021021016084250424,0.0019704139331331093,-0.00013168767529193317,True
2,P0,62,0.1,1000.0,all_scenarios,threshold,0.0021021016084250424,0.001958335231103701,-0.0001437663773213413,True
2,P0,72,0.01,10.0,all_scenarios,threshold,0.9949716193096781,0.08265726960342591,-0.9123143497062522,True
2,P0,72,0.01,50.0,all_scenarios,threshold,0.061859020302201695,0.03202967063271956,-0.029829349669482134,True
2,P0,72,0.01,100.0,all_scenarios,threshold,0.061859020302201695,0.03202967063271956,-0.029829349669482134,True
2,P0,72,0.01,500.0,all_scenarios,threshold,0.0080219444393359,0.012102907737519581,0.004080963298183681,True
2,P0,72,0.01,1000.0,all_scenarios,threshold,0.0080219444393359,0.012102907737519581,0.004080963298183681,True
2,P0,72,0.03,10.0,all_scenarios,threshold,0.9949716193096781,0.08265726960342591,-0.9123143497062522,True
2,P0,72,0.03,50.0,all_scenarios,threshold,0.061859020302201695,0.03202967063271956,-0.029829349669482134,True
2,P0,72,0.03,100.0,all_scenarios,threshold,0.061859020302201695,0.03202967063271956,-0.029829349669482134,True
2,P0,72,0.03,500.0,all_scenarios,threshold,0.006007612014417856,0.00949517380972725,0.003487561795309394,True
2,P0,72,0.03,1000.0,all_scenarios,threshold,0.006007612014417856,0.00949517380972725,0.003487561795309394,True
2,P0,72,0.05,10.0,all_scenarios,threshold,0.9949716193096781,0.08265726960342591,-0.9123143497062522,True
2,P0,72,0.05,50.0,all_scenarios,threshold,0.061859020302201695,0.03202967063271956,-0.029829349669482134,True
2,P0,72,0.05,100.0,all_scenarios,threshold,0.061859020302201695,0.03202967063271956,-0.029829349669482134,True
2,P0,72,0.05,500.0,all_scenarios,threshold,0.0024202778985539302,0.0025302633073049693,0.00010998540875103904,True
2,P0,72,0.05,1000.0,all_scenarios,threshold,0.0024202778985539302,0.0025302633073049693,0.00010998540875103904,True
2,P0,72,0.1,10.0,all_scenarios,threshold,0.9949716193096781,0.08265726960342591,-0.9123143497062522,True
2,P0,72,0.1,50.0,all_scenarios,threshold,0.061859020302201695,0.03202967063271956,-0.029829349669482134,True
2,P0,72,0.1,100.0,all_scenarios,threshold,0.061859020302201695,0.03202967063271956,-0.029829349669482134,True
2,P0,72,0.1,500.0,all_scenarios,threshold,0.0019089681330257324,0.0016894964924103683,-0.0002194716406153641,True
2,P0,72,0.1,1000.0,all_scenarios,threshold,0.0019089681330257324,0.0014796641229286257,-0.00042930401009710667,True
2,P0,82,0.01,10.0,all_scenarios,threshold,0.6400036536819892,0.6007592056961866,-0.03924444798580262,True
2,P0,82,0.01,50.0,all_scenarios,threshold,0.6400036536819892,0.1153509070207511,-0.5246527466612381,True
2,P0,82,0.01,100.0,all_scenarios,threshold,0.6400036536819892,0.1153509070207511,-0.5246527466612381,True
2,P0,82,0.01,500.0,all_scenarios,threshold,0.01484025898480186,0.005886477361114081,-0.00895378162368778,True
2,P0,82,0.01,1000.0,all_scenarios,threshold,0.008105505825311572,0.005886477361114081,-0.002219028464197491,True
2,P0,82,0.03,10.0,all_scenarios,threshold,0.6400036536819892,0.6007592056961866,-0.03924444798580262,True
2,P0,82,0.03,50.0,all_scenarios,threshold,0.6400036536819892,0.1153509070207511,-0.5246527466612381,True
2,P0,82,0.03,100.0,all_scenarios,threshold,0.6400036536819892,0.1153509070207511,-0.5246527466612381,True
2,P0,82,0.03,500.0,all_scenarios,threshold,0.01484025898480186,0.004350450023724233,-0.010489808961077627,True
2,P0,82,0.03,1000.0,all_scenarios,threshold,0.008105505825311572,0.004350450023724233,-0.0037550558015873384,True
2,P0,82,0.05,10.0,all_scenarios,threshold,0.6400036536819892,0.6007592056961866,-0.03924444798580262,True
2,P0,82,0.05,50.0,all_scenarios,threshold,0.6400036536819892,0.1153509070207511,-0.5246527466612381,True
2,P0,82,0.05,100.0,all_scenarios,threshold,0.6400036536819892,0.1153509070207511,-0.5246527466612381,True
2,P0,82,0.05,500.0,all_scenarios,threshold,0.002897068447889928,0.002890978253677387,-6.090194212540843e-06,True
2,P0,82,0.05,1000.0,all_scenarios,threshold,0.002897068447889928,0.002890978253677387,-6.090194212540843e-06,True
2,P0,82,0.1,10.0,all_scenarios,threshold,0.6400036536819892,0.6007592056961866,-0.03924444798580262,True
2,P0,82,0.1,50.0,all_scenarios,threshold,0.6400036536819892,0.1153509070207511,-0.5246527466612381,True
2,P0,82,0.1,100.0,all_scenarios,threshold,0.6400036536819892,0.1153509070207511,-0.5246527466612381,True
2,P0,82,0.1,500.0,all_scenarios,threshold,0.0021527903702553285,0.0022254220318284157,7.26316615730872e-05,True
2,P0,82,0.1,1000.0,all_scenarios,threshold,0.0020201094615967196,0.002044469066564013,2.4359604967293547e-05,True
2,PH,42,0.03,100.0,all_scenarios,threshold,0.0049521884289431654,0.004956585823568611,4.3973946254457705e-06,True
2,PH,52,0.03,100.0,all_scenarios,threshold,0.0018028588724943585,0.0035642604540619275,0.001761401581567569,True
2,PH,62,0.03,100.0,all_scenarios,threshold,0.0039222515971554794,0.003481933076456515,-0.0004403185206989643,True
2,PH,72,0.03,100.0,all_scenarios,threshold,0.0035095592680128526,0.002221445922395408,-0.0012881133456174444,True
2,PH,82,0.03,100.0,all_scenarios,threshold,0.0040016409894150584,0.003089311182560481,-0.0009123298068545774,True
2,PT,42,0.03,100.0,all_scenarios,threshold,0.0017044988575076168,0.0017513712137217543,4.68723562141375e-05,True
2,PT,52,0.03,100.0,all_scenarios,threshold,0.006664451680742774,0.005325146107992802,-0.0013393055727499714,True
2,PT,62,0.03,100.0,all_scenarios,threshold,0.0038162113850372637,0.006538014256378101,0.0027218028713408373,True
2,PT,72,0.03,100.0,all_scenarios,threshold,0.004329011489247283,0.0019014278361552527,-0.0024275836530920306,True
2,PT,82,0.03,100.0,all_scenarios,threshold,0.005889198472991341,0.003572770354178196,-0.0023164281188131452,True
2,PTH,42,0.03,100.0,all_scenarios,threshold,0.002811560302588471,0.0023241721082974285,-0.0004873881942910425,True
2,PTH,52,0.03,100.0,all_scenarios,threshold,0.0016669290602375605,0.0017675595640865654,0.00010063050384900483,True
2,PTH,62,0.03,100.0,all_scenarios,threshold,0.0014867814187372519,0.0017263767358654406,0.00023959531712818873,True
2,PTH,72,0.03,100.0,all_scenarios,threshold,0.001751167755919804,0.0011418717534615722,-0.0006092960024582318,True
2,PTH,82,0.03,100.0,all_scenarios,threshold,0.001122167516598659,0.0019254413876240474,0.0008032738710253885,True
2,PTHW,42,0.01,10.0,all_scenarios,threshold,0.002333422467944848,0.20027540474600217,0.19794198227805732,True
2,PTHW,42,0.01,50.0,all_scenarios,threshold,0.0015479228013985922,0.006486937132319819,0.0049390143309212264,True
2,PTHW,42,0.01,100.0,all_scenarios,threshold,0.0015479228013985922,0.004398598481594337,0.002850675680195745,True
2,PTHW,42,0.01,500.0,all_scenarios,threshold,0.0015479228013985922,0.003979928893552726,0.002432006092154134,True
2,PTHW,42,0.01,1000.0,all_scenarios,threshold,0.0015479228013985922,0.003979928893552726,0.002432006092154134,True
2,PTHW,42,0.03,10.0,all_scenarios,threshold,0.002333422467944848,0.20027540474600217,0.19794198227805732,True
2,PTHW,42,0.03,50.0,all_scenarios,threshold,0.0014517599755124548,0.006486937132319819,0.005035177156807364,True
2,PTHW,42,0.03,100.0,all_scenarios,threshold,0.0013242421458932716,0.0025398955697899556,0.001215653423896684,True
2,PTHW,42,0.03,500.0,all_scenarios,threshold,0.000783532191880666,0.001271781484428129,0.000488249292547463,True
2,PTHW,42,0.03,1000.0,all_scenarios,threshold,0.000783532191880666,0.0009353051926576662,0.00015177300077700022,True
2,PTHW,42,0.05,10.0,all_scenarios,threshold,0.002333422467944848,0.20027540474600217,0.19794198227805732,True
2,PTHW,42,0.05,50.0,all_scenarios,threshold,0.0014517599755124548,0.006486937132319819,0.005035177156807364,True
2,PTHW,42,0.05,100.0,all_scenarios,threshold,0.0013242421458932716,0.0025398955697899556,0.001215653423896684,True
2,PTHW,42,0.05,500.0,all_scenarios,threshold,0.000783532191880666,0.001271781484428129,0.000488249292547463,True
2,PTHW,42,0.05,1000.0,all_scenarios,threshold,0.000783532191880666,0.0009215183160811005,0.00013798612420043454,True
2,PTHW,42,0.1,10.0,all_scenarios,threshold,0.002333422467944848,0.20027540474600217,0.19794198227805732,True
2,PTHW,42,0.1,50.0,all_scenarios,threshold,0.0014517599755124548,0.006486937132319819,0.005035177156807364,True
2,PTHW,42,0.1,100.0,all_scenarios,threshold,0.0013242421458932716,0.0025398955697899556,0.001215653423896684,True
2,PTHW,42,0.1,500.0,all_scenarios,threshold,0.000783532191880666,0.001271781484428129,0.000488249292547463,True
2,PTHW,42,0.1,1000.0,all_scenarios,threshold,0.000783532191880666,0.0009215183160811005,0.00013798612420043454,True
2,PTHW,52,0.01,10.0,all_scenarios,threshold,0.0479996980165495,0.07528768488249035,0.027287986865940854,True
2,PTHW,52,0.01,50.0,all_scenarios,threshold,0.01981255330761746,0.07528768488249035,0.055475131574872896,True
2,PTHW,52,0.01,100.0,all_scenarios,threshold,0.01981255330761746,0.07528768488249035,0.055475131574872896,True
2,PTHW,52,0.01,500.0,all_scenarios,threshold,0.003047528479376447,0.004303015426110101,0.0012554869467336538,True
2,PTHW,52,0.01,1000.0,all_scenarios,threshold,0.003047528479376447,0.004303015426110101,0.0012554869467336538,True
2,PTHW,52,0.03,10.0,all_scenarios,threshold,0.0479996980165495,0.07528768488249035,0.027287986865940854,True
2,PTHW,52,0.03,50.0,all_scenarios,threshold,0.01981255330761746,0.07528768488249035,0.055475131574872896,True
2,PTHW,52,0.03,100.0,all_scenarios,threshold,0.0010675607778779174,0.0007973924352851556,-0.00027016834259276177,True
2,PTHW,52,0.03,500.0,all_scenarios,threshold,0.0009356778184398711,0.0005851255246733049,-0.00035055229376656615,True
2,PTHW,52,0.03,1000.0,all_scenarios,threshold,0.0007268066159105955,0.0005851255246733049,-0.00014168109123729056,True
2,PTHW,52,0.05,10.0,all_scenarios,threshold,0.0479996980165495,0.07528768488249035,0.027287986865940854,True
2,PTHW,52,0.05,50.0,all_scenarios,threshold,0.01981255330761746,0.07528768488249035,0.055475131574872896,True
2,PTHW,52,0.05,100.0,all_scenarios,threshold,0.0010675607778779174,0.0007973924352851556,-0.00027016834259276177,True
2,PTHW,52,0.05,500.0,all_scenarios,threshold,0.0009356778184398711,0.0005851255246733049,-0.00035055229376656615,True
2,PTHW,52,0.05,1000.0,all_scenarios,threshold,0.0007268066159105955,0.0005642898383611138,-0.00016251677754948175,True
2,PTHW,52,0.1,10.0,all_scenarios,threshold,0.0479996980165495,0.07528768488249035,0.027287986865940854,True
2,PTHW,52,0.1,50.0,all_scenarios,threshold,0.01981255330761746,0.07528768488249035,0.055475131574872896,True
2,PTHW,52,0.1,100.0,all_scenarios,threshold,0.0010675607778779174,0.0007973924352851556,-0.00027016834259276177,True
2,PTHW,52,0.1,500.0,all_scenarios,threshold,0.0009356778184398711,0.0005851255246733049,-0.00035055229376656615,True
2,PTHW,52,0.1,1000.0,all_scenarios,threshold,0.0007268066159105955,0.0005642898383611138,-0.00016251677754948175,True
2,PTHW,62,0.01,10.0,all_scenarios,threshold,0.1015553506151579,0.14584468452052426,0.044289333905366365,True
2,PTHW,62,0.01,50.0,all_scenarios,threshold,0.0012678546651324499,0.0013086814413741678,4.082677624171792e-05,True
2,PTHW,62,0.01,100.0,all_scenarios,threshold,0.0012575910545495608,0.0013086814413741678,5.1090386824607014e-05,True
2,PTHW,62,0.01,500.0,all_scenarios,threshold,0.0012575910545495608,0.0013086814413741678,5.1090386824607014e-05,True
2,PTHW,62,0.01,1000.0,all_scenarios,threshold,0.0012575910545495608,0.0013086814413741678,5.1090386824607014e-05,True
2,PTHW,62,0.03,10.0,all_scenarios,threshold,0.1015553506151579,0.14584468452052426,0.044289333905366365,True
2,PTHW,62,0.03,50.0,all_scenarios,threshold,0.0012208273176659114,0.0013086814413741678,8.785412370825637e-05,True
2,PTHW,62,0.03,100.0,all_scenarios,threshold,0.0008913786073537122,0.0012562849274065293,0.00036490632005281706,True
2,PTHW,62,0.03,500.0,all_scenarios,threshold,0.0008913786073537122,0.0008745796124798666,-1.6798994873845575e-05,True
2,PTHW,62,0.03,1000.0,all_scenarios,threshold,0.0006651432253137812,0.0008745796124798666,0.00020943638716608545,True
2,PTHW,62,0.05,10.0,all_scenarios,threshold,0.1015553506151579,0.14584468452052426,0.044289333905366365,True
2,PTHW,62,0.05,50.0,all_scenarios,threshold,0.0012208273176659114,0.0013086814413741678,8.785412370825637e-05,True
2,PTHW,62,0.05,100.0,all_scenarios,threshold,0.0008913786073537122,0.0012562849274065293,0.00036490632005281706,True
2,PTHW,62,0.05,500.0,all_scenarios,threshold,0.0008913786073537122,0.0008745796124798666,-1.6798994873845575e-05,True
2,PTHW,62,0.05,1000.0,all_scenarios,threshold,0.0006651432253137812,0.0008745796124798666,0.00020943638716608545,True
2,PTHW,62,0.1,10.0,all_scenarios,threshold,0.1015553506151579,0.14584468452052426,0.044289333905366365,True
2,PTHW,62,0.1,50.0,all_scenarios,threshold,0.0012208273176659114,0.0013086814413741678,8.785412370825637e-05,True
2,PTHW,62,0.1,100.0,all_scenarios,threshold,0.0008913786073537122,0.0012562849274065293,0.00036490632005281706,True
2,PTHW,62,0.1,500.0,all_scenarios,threshold,0.0008913786073537122,0.0008745796124798666,-1.6798994873845575e-05,True
2,PTHW,62,0.1,1000.0,all_scenarios,threshold,0.0006651432253137812,0.0008745796124798666,0.00020943638716608545,True
2,PTHW,72,0.01,10.0,all_scenarios,threshold,0.13661818935302308,0.054075543546869366,-0.08254264580615372,True
2,PTHW,72,0.01,50.0,all_scenarios,threshold,0.003863392797996388,0.0027712495707640015,-0.0010921432272323864,True
2,PTHW,72,0.01,100.0,all_scenarios,threshold,0.0020886058449225016,0.0024397282575743034,0.00035112241265180177,True
2,PTHW,72,0.01,500.0,all_scenarios,threshold,0.0020886058449225016,0.002278099818537085,0.00018949397361458327,True
2,PTHW,72,0.01,1000.0,all_scenarios,threshold,0.0020886058449225016,0.002278099818537085,0.00018949397361458327,True
2,PTHW,72,0.03,10.0,all_scenarios,threshold,0.13661818935302308,0.054075543546869366,-0.08254264580615372,True
2,PTHW,72,0.03,50.0,all_scenarios,threshold,0.003863392797996388,0.0027712495707640015,-0.0010921432272323864,True
2,PTHW,72,0.03,100.0,all_scenarios,threshold,0.0009248581446350535,0.0011790213024881167,0.00025416315785306326,True
2,PTHW,72,0.03,500.0,all_scenarios,threshold,0.0008537251083921371,0.0007681638398610647,-8.556126853107244e-05,True
2,PTHW,72,0.03,1000.0,all_scenarios,threshold,0.0007699001123804197,0.0007393923182142078,-3.050779416621189e-05,True
2,PTHW,72,0.05,10.0,all_scenarios,threshold,0.13661818935302308,0.054075543546869366,-0.08254264580615372,True
2,PTHW,72,0.05,50.0,all_scenarios,threshold,0.003863392797996388,0.0027712495707640015,-0.0010921432272323864,True
2,PTHW,72,0.05,100.0,all_scenarios,threshold,0.0009248581446350535,0.0011790213024881167,0.00025416315785306326,True
2,PTHW,72,0.05,500.0,all_scenarios,threshold,0.0008537251083921371,0.0007681638398610647,-8.556126853107244e-05,True
2,PTHW,72,0.05,1000.0,all_scenarios,threshold,0.0007699001123804197,0.0006754576929946022,-9.444241938581744e-05,True
2,PTHW,72,0.1,10.0,all_scenarios,threshold,0.13661818935302308,0.054075543546869366,-0.08254264580615372,True
2,PTHW,72,0.1,50.0,all_scenarios,threshold,0.003863392797996388,0.0027712495707640015,-0.0010921432272323864,True
2,PTHW,72,0.1,100.0,all_scenarios,threshold,0.0009248581446350535,0.0011790213024881167,0.00025416315785306326,True
2,PTHW,72,0.1,500.0,all_scenarios,threshold,0.0008537251083921371,0.0007681638398610647,-8.556126853107244e-05,True
2,PTHW,72,0.1,1000.0,all_scenarios,threshold,0.0007699001123804197,0.0006754576929946022,-9.444241938581744e-05,True
2,PTHW,82,0.01,10.0,all_scenarios,threshold,0.028913242498386192,0.040432807129866064,0.011519564631479871,True
2,PTHW,82,0.01,50.0,all_scenarios,threshold,0.016843190378545345,0.003597794556329146,-0.0132453958222162,True
2,PTHW,82,0.01,100.0,all_scenarios,threshold,0.007031871169512663,0.001737726464356045,-0.005294144705156618,True
2,PTHW,82,0.01,500.0,all_scenarios,threshold,0.0031696732224992838,0.001737726464356045,-0.0014319467581432389,True
2,PTHW,82,0.01,1000.0,all_scenarios,threshold,0.0031696732224992838,0.001737726464356045,-0.0014319467581432389,True
2,PTHW,82,0.03,10.0,all_scenarios,threshold,0.028913242498386192,0.040432807129866064,0.011519564631479871,True
2,PTHW,82,0.03,50.0,all_scenarios,threshold,0.016843190378545345,0.003597794556329146,-0.0132453958222162,True
2,PTHW,82,0.03,100.0,all_scenarios,threshold,0.0022635966688034467,0.0011337381977961315,-0.0011298584710073153,True
2,PTHW,82,0.03,500.0,all_scenarios,threshold,0.0011147191162809082,0.0010031363039542463,-0.00011158281232666193,True
2,PTHW,82,0.03,1000.0,all_scenarios,threshold,0.0011147191162809082,0.0010031363039542463,-0.00011158281232666193,True
2,PTHW,82,0.05,10.0,all_scenarios,threshold,0.028913242498386192,0.040432807129866064,0.011519564631479871,True
2,PTHW,82,0.05,50.0,all_scenarios,threshold,0.016843190378545345,0.003597794556329146,-0.0132453958222162,True
2,PTHW,82,0.05,100.0,all_scenarios,threshold,0.0022635966688034467,0.0011337381977961315,-0.0011298584710073153,True
2,PTHW,82,0.05,500.0,all_scenarios,threshold,0.0011147191162809082,0.0010031363039542463,-0.00011158281232666193,True
2,PTHW,82,0.05,1000.0,all_scenarios,threshold,0.0011147191162809082,0.0010031363039542463,-0.00011158281232666193,True
2,PTHW,82,0.1,10.0,all_scenarios,threshold,0.028913242498386192,0.040432807129866064,0.011519564631479871,True
2,PTHW,82,0.1,50.0,all_scenarios,threshold,0.016843190378545345,0.003597794556329146,-0.0132453958222162,True
2,PTHW,82,0.1,100.0,all_scenarios,threshold,0.0022635966688034467,0.0011337381977961315,-0.0011298584710073153,True
2,PTHW,82,0.1,500.0,all_scenarios,threshold,0.0011147191162809082,0.0010031363039542463,-0.00011158281232666193,True
2,PTHW,82,0.1,1000.0,all_scenarios,threshold,0.0011147191162809082,0.0010031363039542463,-0.00011158281232666193,True
2,PTHW5,42,0.03,100.0,all_scenarios,threshold,0.004050965401861818,0.0028333895612335518,-0.0012175758406282665,True
2,PTHW5,52,0.03,100.0,all_scenarios,threshold,0.0018322486045152509,0.0038502829590321514,0.0020180343545169004,True
2,PTHW5,62,0.03,100.0,all_scenarios,threshold,0.001276518070541677,0.0028085137983206434,0.0015319957277789664,True
2,PTHW5,72,0.03,100.0,all_scenarios,threshold,0.0021002868778027465,0.001297230001273936,-0.0008030568765288106,True
2,PTHW5,82,0.03,100.0,all_scenarios,threshold,0.0015700133503932622,0.0024656973187752863,0.0008956839683820241,True
3,P0,42,0.01,10.0,all_scenarios,threshold,0.04443088522655199,0.7912499034079412,0.7468190181813892,True
3,P0,42,0.01,50.0,all_scenarios,threshold,0.0101921593081171,0.004694362031548987,-0.0054977972765681135,True
3,P0,42,0.01,100.0,all_scenarios,threshold,0.0035001670169119855,0.0033825973373420247,-0.00011756967956996073,True
3,P0,42,0.01,500.0,all_scenarios,threshold,0.003377338936099961,0.0031902211265938114,-0.0001871178095061497,True
3,P0,42,0.01,1000.0,all_scenarios,threshold,0.003377338936099961,0.0031902211265938114,-0.0001871178095061497,True
3,P0,42,0.03,10.0,all_scenarios,threshold,0.04443088522655199,0.7912499034079412,0.7468190181813892,True
3,P0,42,0.03,50.0,all_scenarios,threshold,0.0101921593081171,0.004694362031548987,-0.0054977972765681135,True
3,P0,42,0.03,100.0,all_scenarios,threshold,0.0035001670169119855,0.0033825973373420247,-0.00011756967956996073,True
3,P0,42,0.03,500.0,all_scenarios,threshold,0.002759759036489158,0.0025568609121273842,-0.00020289812436177388,True
3,P0,42,0.03,1000.0,all_scenarios,threshold,0.0025998428270653296,0.0025568609121273842,-4.298191493794538e-05,True
3,P0,42,0.05,10.0,all_scenarios,threshold,0.04443088522655199,0.7912499034079412,0.7468190181813892,True
3,P0,42,0.05,50.0,all_scenarios,threshold,0.0101921593081171,0.004694362031548987,-0.0054977972765681135,True
3,P0,42,0.05,100.0,all_scenarios,threshold,0.0035001670169119855,0.0033825973373420247,-0.00011756967956996073,True
3,P0,42,0.05,500.0,all_scenarios,threshold,0.0024838898116619473,0.002309645368401912,-0.00017424444326003506,True
3,P0,42,0.05,1000.0,all_scenarios,threshold,0.002177841908861288,0.0022735080227211384,9.566611385985026e-05,True
3,P0,42,0.1,10.0,all_scenarios,threshold,0.04443088522655199,0.7912499034079412,0.7468190181813892,True
3,P0,42,0.1,50.0,all_scenarios,threshold,0.0101921593081171,0.004694362031548987,-0.0054977972765681135,True
3,P0,42,0.1,100.0,all_scenarios,threshold,0.0035001670169119855,0.0033825973373420247,-0.00011756967956996073,True
3,P0,42,0.1,500.0,all_scenarios,threshold,0.0016665680231382723,0.0016835464145900322,1.6978391451759854e-05,True
3,P0,42,0.1,1000.0,all_scenarios,threshold,0.0016665680231382723,0.0016835464145900322,1.6978391451759854e-05,True
3,P0,52,0.01,10.0,all_scenarios,threshold,0.051930809971300076,0.05877812159166238,0.006847311620362305,True
3,P0,52,0.01,50.0,all_scenarios,threshold,0.003705427484761341,0.0066835696577121715,0.0029781421729508303,True
3,P0,52,0.01,100.0,all_scenarios,threshold,0.003705427484761341,0.003964484645705811,0.0002590571609444696,True
3,P0,52,0.01,500.0,all_scenarios,threshold,0.00313077231949181,0.0035881934186283823,0.00045742109913657217,True
3,P0,52,0.01,1000.0,all_scenarios,threshold,0.00313077231949181,0.0035881934186283823,0.00045742109913657217,True
3,P0,52,0.03,10.0,all_scenarios,threshold,0.051930809971300076,0.05877812159166238,0.006847311620362305,True
3,P0,52,0.03,50.0,all_scenarios,threshold,0.003705427484761341,0.0066835696577121715,0.0029781421729508303,True
3,P0,52,0.03,100.0,all_scenarios,threshold,0.003705427484761341,0.003964484645705811,0.0002590571609444696,True
3,P0,52,0.03,500.0,all_scenarios,threshold,0.0025444763256269303,0.0027015207283309457,0.00015704440270401538,True
3,P0,52,0.03,1000.0,all_scenarios,threshold,0.0025444763256269303,0.0027015207283309457,0.00015704440270401538,True
3,P0,52,0.05,10.0,all_scenarios,threshold,0.051930809971300076,0.05877812159166238,0.006847311620362305,True
3,P0,52,0.05,50.0,all_scenarios,threshold,0.003705427484761341,0.0066835696577121715,0.0029781421729508303,True
3,P0,52,0.05,100.0,all_scenarios,threshold,0.003705427484761341,0.003964484645705811,0.0002590571609444696,True
3,P0,52,0.05,500.0,all_scenarios,threshold,0.002345987333925314,0.0023616737074622788,1.5686373536964813e-05,True
3,P0,52,0.05,1000.0,all_scenarios,threshold,0.002345987333925314,0.0023616737074622788,1.5686373536964813e-05,True
3,P0,52,0.1,10.0,all_scenarios,threshold,0.051930809971300076,0.05877812159166238,0.006847311620362305,True
3,P0,52,0.1,50.0,all_scenarios,threshold,0.003705427484761341,0.0066835696577121715,0.0029781421729508303,True
3,P0,52,0.1,100.0,all_scenarios,threshold,0.003705427484761341,0.003964484645705811,0.0002590571609444696,True
3,P0,52,0.1,500.0,all_scenarios,threshold,0.001566817818267705,0.0016969523251347816,0.0001301345068670766,True
3,P0,52,0.1,1000.0,all_scenarios,threshold,0.0013413296892089794,0.0012415211385694116,-9.980855063956785e-05,True
3,P0,62,0.01,10.0,all_scenarios,threshold,0.12008948996395767,0.01724971833262674,-0.10283977163133093,True
3,P0,62,0.01,50.0,all_scenarios,threshold,0.015701225948007394,0.009723012629222757,-0.005978213318784637,True
3,P0,62,0.01,100.0,all_scenarios,threshold,0.015701225948007394,0.003212454308437047,-0.012488771639570347,True
3,P0,62,0.01,500.0,all_scenarios,threshold,0.004278716240634821,0.003212454308437047,-0.001066261932197774,True
3,P0,62,0.01,1000.0,all_scenarios,threshold,0.004278716240634821,0.003212454308437047,-0.001066261932197774,True
3,P0,62,0.03,10.0,all_scenarios,threshold,0.12008948996395767,0.01724971833262674,-0.10283977163133093,True
3,P0,62,0.03,50.0,all_scenarios,threshold,0.015701225948007394,0.009723012629222757,-0.005978213318784637,True
3,P0,62,0.03,100.0,all_scenarios,threshold,0.0042446311794328085,0.003212454308437047,-0.0010321768709957613,True
3,P0,62,0.03,500.0,all_scenarios,threshold,0.003414798314465358,0.0025852781927692818,-0.0008295201216960762,True
3,P0,62,0.03,1000.0,all_scenarios,threshold,0.003414798314465358,0.0025852781927692818,-0.0008295201216960762,True
3,P0,62,0.05,10.0,all_scenarios,threshold,0.12008948996395767,0.01724971833262674,-0.10283977163133093,True
3,P0,62,0.05,50.0,all_scenarios,threshold,0.015701225948007394,0.009723012629222757,-0.005978213318784637,True
3,P0,62,0.05,100.0,all_scenarios,threshold,0.0042446311794328085,0.003212454308437047,-0.0010321768709957613,True
3,P0,62,0.05,500.0,all_scenarios,threshold,0.0031104829271132763,0.0023073065923409053,-0.0008031763347723709,True
3,P0,62,0.05,1000.0,all_scenarios,threshold,0.003106685674112739,0.0023073065923409053,-0.0007993790817718335,True
3,P0,62,0.1,10.0,all_scenarios,threshold,0.12008948996395767,0.01724971833262674,-0.10283977163133093,True
3,P0,62,0.1,50.0,all_scenarios,threshold,0.015701225948007394,0.009723012629222757,-0.005978213318784637,True
3,P0,62,0.1,100.0,all_scenarios,threshold,0.0042446311794328085,0.003212454308437047,-0.0010321768709957613,True
3,P0,62,0.1,500.0,all_scenarios,threshold,0.0018731054411991208,0.001608830361776926,-0.00026427507942219475,True
3,P0,62,0.1,1000.0,all_scenarios,threshold,0.0018731054411991208,0.0015747735969742934,-0.0002983318442248274,True
3,P0,72,0.01,10.0,all_scenarios,threshold,0.033216190263535735,0.05589968201343283,0.022683491749897096,True
3,P0,72,0.01,50.0,all_scenarios,threshold,0.004240023588985691,0.0043534420817718765,0.00011341849278618567,True
3,P0,72,0.01,100.0,all_scenarios,threshold,0.004019850243414142,0.0033191229232958316,-0.0007007273201183107,True
3,P0,72,0.01,500.0,all_scenarios,threshold,0.003417010754751659,0.0033191229232958316,-9.788783145582743e-05,True
3,P0,72,0.01,1000.0,all_scenarios,threshold,0.003417010754751659,0.0033191229232958316,-9.788783145582743e-05,True
3,P0,72,0.03,10.0,all_scenarios,threshold,0.033216190263535735,0.05589968201343283,0.022683491749897096,True
3,P0,72,0.03,50.0,all_scenarios,threshold,0.004240023588985691,0.0043534420817718765,0.00011341849278618567,True
3,P0,72,0.03,100.0,all_scenarios,threshold,0.004019850243414142,0.0033191229232958316,-0.0007007273201183107,True
3,P0,72,0.03,500.0,all_scenarios,threshold,0.00269719743917347,0.002717629240786271,2.043180161280132e-05,True
3,P0,72,0.03,1000.0,all_scenarios,threshold,0.0025887080910196444,0.0027126988201479044,0.00012399072912825998,True
3,P0,72,0.05,10.0,all_scenarios,threshold,0.033216190263535735,0.05589968201343283,0.022683491749897096,True
3,P0,72,0.05,50.0,all_scenarios,threshold,0.004240023588985691,0.0043534420817718765,0.00011341849278618567,True
3,P0,72,0.05,100.0,all_scenarios,threshold,0.004019850243414142,0.0033191229232958316,-0.0007007273201183107,True
3,P0,72,0.05,500.0,all_scenarios,threshold,0.0023638028002589467,0.0023168454108798728,-4.695738937907394e-05,True
3,P0,72,0.05,1000.0,all_scenarios,threshold,0.0023638028002589467,0.0023168454108798728,-4.695738937907394e-05,True
3,P0,72,0.1,10.0,all_scenarios,threshold,0.033216190263535735,0.05589968201343283,0.022683491749897096,True
3,P0,72,0.1,50.0,all_scenarios,threshold,0.004240023588985691,0.0043534420817718765,0.00011341849278618567,True
3,P0,72,0.1,100.0,all_scenarios,threshold,0.004019850243414142,0.0033191229232958316,-0.0007007273201183107,True
3,P0,72,0.1,500.0,all_scenarios,threshold,0.001609254378012153,0.0019793243739513224,0.00037006999593916946,True
3,P0,72,0.1,1000.0,all_scenarios,threshold,0.0013705493531269348,0.0019793243739513224,0.0006087750208243876,True
3,P0,82,0.01,10.0,all_scenarios,threshold,0.18733617793100962,0.0781118099102003,-0.10922436802080933,True
3,P0,82,0.01,50.0,all_scenarios,threshold,0.010101206280847349,0.008127602036332459,-0.0019736042445148896,True
3,P0,82,0.01,100.0,all_scenarios,threshold,0.010101206280847349,0.003990894452022016,-0.006110311828825332,True
3,P0,82,0.01,500.0,all_scenarios,threshold,0.003375165775145804,0.0035140020829699773,0.0001388363078241731,True
3,P0,82,0.01,1000.0,all_scenarios,threshold,0.003375165775145804,0.0035140020829699773,0.0001388363078241731,True
3,P0,82,0.03,10.0,all_scenarios,threshold,0.18733617793100962,0.0781118099102003,-0.10922436802080933,True
3,P0,82,0.03,50.0,all_scenarios,threshold,0.010101206280847349,0.008127602036332459,-0.0019736042445148896,True
3,P0,82,0.03,100.0,all_scenarios,threshold,0.003269794332543706,0.003990894452022016,0.0007211001194783102,True
3,P0,82,0.03,500.0,all_scenarios,threshold,0.0027237844358736925,0.002678875932173826,-4.4908503699866726e-05,True
3,P0,82,0.03,1000.0,all_scenarios,threshold,0.0027237844358736925,0.0026556317749289945,-6.815266094469799e-05,True
3,P0,82,0.05,10.0,all_scenarios,threshold,0.18733617793100962,0.0781118099102003,-0.10922436802080933,True
3,P0,82,0.05,50.0,all_scenarios,threshold,0.010101206280847349,0.008127602036332459,-0.0019736042445148896,True
3,P0,82,0.05,100.0,all_scenarios,threshold,0.003269794332543706,0.003990894452022016,0.0007211001194783102,True
3,P0,82,0.05,500.0,all_scenarios,threshold,0.002556868466408671,0.002517637350957226,-3.9231115451445094e-05,True
3,P0,82,0.05,1000.0,all_scenarios,threshold,0.002556868466408671,0.0022385443946109224,-0.0003183240717977488,True
3,P0,82,0.1,10.0,all_scenarios,threshold,0.18733617793100962,0.0781118099102003,-0.10922436802080933,True
3,P0,82,0.1,50.0,all_scenarios,threshold,0.010101206280847349,0.008127602036332459,-0.0019736042445148896,True
3,P0,82,0.1,100.0,all_scenarios,threshold,0.003269794332543706,0.003990894452022016,0.0007211001194783102,True
3,P0,82,0.1,500.0,all_scenarios,threshold,0.001485706939424797,0.001677317389815788,0.00019161045039099104,True
3,P0,82,0.1,1000.0,all_scenarios,threshold,0.001485706939424797,0.001677317389815788,0.00019161045039099104,True
3,PH,42,0.03,100.0,all_scenarios,threshold,0.005924713906987486,0.0025811918094734957,-0.00334352209751399,True
3,PH,52,0.03,100.0,all_scenarios,threshold,0.003082673488944325,0.0023284325421753026,-0.0007542409467690223,True
3,PH,62,0.03,100.0,all_scenarios,threshold,0.0016200651238949119,0.0029919214301125678,0.001371856306217656,True
3,PH,72,0.03,100.0,all_scenarios,threshold,0.002162104770362692,0.0019650173958693155,-0.00019708737449337628,True
3,PH,82,0.03,100.0,all_scenarios,threshold,0.0026967684513193283,0.0020207489120446787,-0.0006760195392746496,True
3,PT,42,0.03,100.0,all_scenarios,threshold,0.0024282292286146273,0.0017643660802532505,-0.0006638631483613768,True
3,PT,52,0.03,100.0,all_scenarios,threshold,0.0022479072901566257,0.0014676473596561808,-0.0007802599305004449,True
3,PT,62,0.03,100.0,all_scenarios,threshold,0.0023439374788759232,0.0014055278955975071,-0.0009384095832784161,True
3,PT,72,0.03,100.0,all_scenarios,threshold,0.0023807602271201664,0.0022803346240514873,-0.0001004256030686791,True
3,PT,82,0.03,100.0,all_scenarios,threshold,0.0015542590131231793,0.001470836497511827,-8.342251561135232e-05,True
3,PTH,42,0.03,100.0,all_scenarios,threshold,0.0012205799825257381,0.0015770387773085817,0.0003564587947828435,True
3,PTH,52,0.03,100.0,all_scenarios,threshold,0.0011390175501841359,0.0012554780589413396,0.00011646050875720377,True
3,PTH,62,0.03,100.0,all_scenarios,threshold,0.0012179207533716252,0.0006731400600225194,-0.0005447806933491058,True
3,PTH,72,0.03,100.0,all_scenarios,threshold,0.007498449720393758,0.0025451545939429686,-0.004953295126450789,True
3,PTH,82,0.03,100.0,all_scenarios,threshold,0.0029922834669632295,0.002390951109206558,-0.0006013323577566715,True
3,PTHW,42,0.01,10.0,all_scenarios,threshold,0.0037272870145871537,0.015618001137420819,0.011890714122833665,True
3,PTHW,42,0.01,50.0,all_scenarios,threshold,0.001992379642322551,0.006692855064886153,0.004700475422563602,True
3,PTHW,42,0.01,100.0,all_scenarios,threshold,0.001992379642322551,0.003664412009294246,0.0016720323669716952,True
3,PTHW,42,0.01,500.0,all_scenarios,threshold,0.0017593939394087098,0.0033356122546763073,0.0015762183152675975,True
3,PTHW,42,0.01,1000.0,all_scenarios,threshold,0.0017593939394087098,0.0033356122546763073,0.0015762183152675975,True
3,PTHW,42,0.03,10.0,all_scenarios,threshold,0.0037272870145871537,0.015618001137420819,0.011890714122833665,True
3,PTHW,42,0.03,50.0,all_scenarios,threshold,0.001992379642322551,0.006692855064886153,0.004700475422563602,True
3,PTHW,42,0.03,100.0,all_scenarios,threshold,0.001992379642322551,0.003664412009294246,0.0016720323669716952,True
3,PTHW,42,0.03,500.0,all_scenarios,threshold,0.0011114786809270374,0.0014271030692950626,0.00031562438836802527,True
3,PTHW,42,0.03,1000.0,all_scenarios,threshold,0.0008678114986470304,0.0013347840961315833,0.0004669725974845529,True
3,PTHW,42,0.05,10.0,all_scenarios,threshold,0.0037272870145871537,0.015618001137420819,0.011890714122833665,True
3,PTHW,42,0.05,50.0,all_scenarios,threshold,0.001992379642322551,0.006692855064886153,0.004700475422563602,True
3,PTHW,42,0.05,100.0,all_scenarios,threshold,0.001992379642322551,0.003664412009294246,0.0016720323669716952,True
3,PTHW,42,0.05,500.0,all_scenarios,threshold,0.0011114786809270374,0.0014271030692950626,0.00031562438836802527,True
3,PTHW,42,0.05,1000.0,all_scenarios,threshold,0.0008678114986470304,0.0013347840961315833,0.0004669725974845529,True
3,PTHW,42,0.1,10.0,all_scenarios,threshold,0.0037272870145871537,0.015618001137420819,0.011890714122833665,True
3,PTHW,42,0.1,50.0,all_scenarios,threshold,0.001992379642322551,0.006692855064886153,0.004700475422563602,True
3,PTHW,42,0.1,100.0,all_scenarios,threshold,0.001992379642322551,0.003664412009294246,0.0016720323669716952,True
3,PTHW,42,0.1,500.0,all_scenarios,threshold,0.0011114786809270374,0.0014271030692950626,0.00031562438836802527,True
3,PTHW,42,0.1,1000.0,all_scenarios,threshold,0.0008678114986470304,0.0013347840961315833,0.0004669725974845529,True
3,PTHW,52,0.01,10.0,all_scenarios,threshold,0.0062388458158082055,0.009072584967021366,0.00283373915121316,True
3,PTHW,52,0.01,50.0,all_scenarios,threshold,0.0024040573010181646,0.003958231497597574,0.0015541741965794092,True
3,PTHW,52,0.01,100.0,all_scenarios,threshold,0.00221007734575862,0.003958231497597574,0.0017481541518389538,True
3,PTHW,52,0.01,500.0,all_scenarios,threshold,0.0020772636032227133,0.0025238130184456744,0.0004465494152229611,True
3,PTHW,52,0.01,1000.0,all_scenarios,threshold,0.0020772636032227133,0.0025238130184456744,0.0004465494152229611,True
3,PTHW,52,0.03,10.0,all_scenarios,threshold,0.0062388458158082055,0.009072584967021366,0.00283373915121316,True
3,PTHW,52,0.03,50.0,all_scenarios,threshold,0.0024040573010181646,0.003958231497597574,0.0015541741965794092,True
3,PTHW,52,0.03,100.0,all_scenarios,threshold,0.00221007734575862,0.001360342405300515,-0.000849734940458105,True
3,PTHW,52,0.03,500.0,all_scenarios,threshold,0.0013016260045502941,0.000969703291059814,-0.00033192271349048014,True
3,PTHW,52,0.03,1000.0,all_scenarios,threshold,0.0007444203823035341,0.000969703291059814,0.0002252829087562799,True
3,PTHW,52,0.05,10.0,all_scenarios,threshold,0.0062388458158082055,0.009072584967021366,0.00283373915121316,True
3,PTHW,52,0.05,50.0,all_scenarios,threshold,0.0024040573010181646,0.003958231497597574,0.0015541741965794092,True
3,PTHW,52,0.05,100.0,all_scenarios,threshold,0.00221007734575862,0.001360342405300515,-0.000849734940458105,True
3,PTHW,52,0.05,500.0,all_scenarios,threshold,0.0013016260045502941,0.000969703291059814,-0.00033192271349048014,True
3,PTHW,52,0.05,1000.0,all_scenarios,threshold,0.0007444203823035341,0.000969703291059814,0.0002252829087562799,True
3,PTHW,52,0.1,10.0,all_scenarios,threshold,0.0062388458158082055,0.009072584967021366,0.00283373915121316,True
3,PTHW,52,0.1,50.0,all_scenarios,threshold,0.0024040573010181646,0.003958231497597574,0.0015541741965794092,True
3,PTHW,52,0.1,100.0,all_scenarios,threshold,0.00221007734575862,0.001360342405300515,-0.000849734940458105,True
3,PTHW,52,0.1,500.0,all_scenarios,threshold,0.0013016260045502941,0.000969703291059814,-0.00033192271349048014,True
3,PTHW,52,0.1,1000.0,all_scenarios,threshold,0.0007444203823035341,0.000969703291059814,0.0002252829087562799,True
3,PTHW,62,0.01,10.0,all_scenarios,threshold,0.03810462582509685,0.00703851510654103,-0.03106611071855582,True
3,PTHW,62,0.01,50.0,all_scenarios,threshold,0.003760110047177835,0.0019901072018594884,-0.0017700028453183467,True
3,PTHW,62,0.01,100.0,all_scenarios,threshold,0.0034323682882141542,0.0019136579222234092,-0.001518710365990745,True
3,PTHW,62,0.01,500.0,all_scenarios,threshold,0.003232211545362922,0.0017508706936240086,-0.0014813408517389134,True
3,PTHW,62,0.01,1000.0,all_scenarios,threshold,0.003232211545362922,0.0017508706936240086,-0.0014813408517389134,True
3,PTHW,62,0.03,10.0,all_scenarios,threshold,0.03810462582509685,0.00703851510654103,-0.03106611071855582,True
3,PTHW,62,0.03,50.0,all_scenarios,threshold,0.003760110047177835,0.0019901072018594884,-0.0017700028453183467,True
3,PTHW,62,0.03,100.0,all_scenarios,threshold,0.0034323682882141542,0.0010587084068616715,-0.0023736598813524825,True
3,PTHW,62,0.03,500.0,all_scenarios,threshold,0.0021473960787245557,0.0009212460717543634,-0.0012261500069701923,True
3,PTHW,62,0.03,1000.0,all_scenarios,threshold,0.000986548645797605,0.0008157447551221818,-0.00017080389067542314,True
3,PTHW,62,0.05,10.0,all_scenarios,threshold,0.03810462582509685,0.00703851510654103,-0.03106611071855582,True
3,PTHW,62,0.05,50.0,all_scenarios,threshold,0.003760110047177835,0.0019901072018594884,-0.0017700028453183467,True
3,PTHW,62,0.05,100.0,all_scenarios,threshold,0.0034323682882141542,0.0010587084068616715,-0.0023736598813524825,True
3,PTHW,62,0.05,500.0,all_scenarios,threshold,0.0021473960787245557,0.0009212460717543634,-0.0012261500069701923,True
3,PTHW,62,0.05,1000.0,all_scenarios,threshold,0.000986548645797605,0.0008157447551221818,-0.00017080389067542314,True
3,PTHW,62,0.1,10.0,all_scenarios,threshold,0.03810462582509685,0.00703851510654103,-0.03106611071855582,True
3,PTHW,62,0.1,50.0,all_scenarios,threshold,0.003760110047177835,0.0019901072018594884,-0.0017700028453183467,True
3,PTHW,62,0.1,100.0,all_scenarios,threshold,0.0034323682882141542,0.0010587084068616715,-0.0023736598813524825,True
3,PTHW,62,0.1,500.0,all_scenarios,threshold,0.0021473960787245557,0.0009212460717543634,-0.0012261500069701923,True
3,PTHW,62,0.1,1000.0,all_scenarios,threshold,0.000986548645797605,0.0008157447551221818,-0.00017080389067542314,True
3,PTHW,72,0.01,10.0,all_scenarios,threshold,0.051396678159741305,0.08656515497782423,0.035168476818082925,True
3,PTHW,72,0.01,50.0,all_scenarios,threshold,0.007089644906058482,0.0148835981685401,0.007793953262481618,True
3,PTHW,72,0.01,100.0,all_scenarios,threshold,0.003850215457663686,0.005871307538408405,0.0020210920807447186,True
3,PTHW,72,0.01,500.0,all_scenarios,threshold,0.003850215457663686,0.005871307538408405,0.0020210920807447186,True
3,PTHW,72,0.01,1000.0,all_scenarios,threshold,0.003850215457663686,0.005871307538408405,0.0020210920807447186,True
3,PTHW,72,0.03,10.0,all_scenarios,threshold,0.051396678159741305,0.08656515497782423,0.035168476818082925,True
3,PTHW,72,0.03,50.0,all_scenarios,threshold,0.007089644906058482,0.0148835981685401,0.007793953262481618,True
3,PTHW,72,0.03,100.0,all_scenarios,threshold,0.0021983027952467856,0.005558364879558623,0.003360062084311837,True
3,PTHW,72,0.03,500.0,all_scenarios,threshold,0.0014584358788317891,0.002548734904870927,0.0010902990260391377,True
3,PTHW,72,0.03,1000.0,all_scenarios,threshold,0.0010193652995077209,0.002548734904870927,0.001529369605363206,True
3,PTHW,72,0.05,10.0,all_scenarios,threshold,0.051396678159741305,0.08656515497782423,0.035168476818082925,True
3,PTHW,72,0.05,50.0,all_scenarios,threshold,0.007089644906058482,0.0148835981685401,0.007793953262481618,True
3,PTHW,72,0.05,100.0,all_scenarios,threshold,0.0021983027952467856,0.005558364879558623,0.003360062084311837,True
3,PTHW,72,0.05,500.0,all_scenarios,threshold,0.0014584358788317891,0.002548734904870927,0.0010902990260391377,True
3,PTHW,72,0.05,1000.0,all_scenarios,threshold,0.0009400319442383997,0.002548734904870927,0.0016087029606325271,True
3,PTHW,72,0.1,10.0,all_scenarios,threshold,0.051396678159741305,0.08656515497782423,0.035168476818082925,True
3,PTHW,72,0.1,50.0,all_scenarios,threshold,0.007089644906058482,0.0148835981685401,0.007793953262481618,True
3,PTHW,72,0.1,100.0,all_scenarios,threshold,0.0021983027952467856,0.005558364879558623,0.003360062084311837,True
3,PTHW,72,0.1,500.0,all_scenarios,threshold,0.0014584358788317891,0.002548734904870927,0.0010902990260391377,True
3,PTHW,72,0.1,1000.0,all_scenarios,threshold,0.0009400319442383997,0.002548734904870927,0.0016087029606325271,True
3,PTHW,82,0.01,10.0,all_scenarios,threshold,0.18726302457182276,0.036232624937759986,-0.15103039963406278,True
3,PTHW,82,0.01,50.0,all_scenarios,threshold,0.0036254431627722864,0.004310137588743427,0.0006846944259711403,True
3,PTHW,82,0.01,100.0,all_scenarios,threshold,0.0024106048120924625,0.003848065616595173,0.0014374608045027103,True
3,PTHW,82,0.01,500.0,all_scenarios,threshold,0.0024106048120924625,0.003848065616595173,0.0014374608045027103,True
3,PTHW,82,0.01,1000.0,all_scenarios,threshold,0.0024106048120924625,0.003848065616595173,0.0014374608045027103,True
3,PTHW,82,0.03,10.0,all_scenarios,threshold,0.18726302457182276,0.036232624937759986,-0.15103039963406278,True
3,PTHW,82,0.03,50.0,all_scenarios,threshold,0.0036254431627722864,0.004310137588743427,0.0006846944259711403,True
3,PTHW,82,0.03,100.0,all_scenarios,threshold,0.0021132249990760557,0.0038275672622750767,0.001714342263199021,True
3,PTHW,82,0.03,500.0,all_scenarios,threshold,0.001084243109769935,0.0013502768695725872,0.00026603375980265216,True
3,PTHW,82,0.03,1000.0,all_scenarios,threshold,0.0009669881022105918,0.0011217524850194822,0.00015476438280889043,True
3,PTHW,82,0.05,10.0,all_scenarios,threshold,0.18726302457182276,0.036232624937759986,-0.15103039963406278,True
3,PTHW,82,0.05,50.0,all_scenarios,threshold,0.0036254431627722864,0.004310137588743427,0.0006846944259711403,True
3,PTHW,82,0.05,100.0,all_scenarios,threshold,0.0021132249990760557,0.0038275672622750767,0.001714342263199021,True
3,PTHW,82,0.05,500.0,all_scenarios,threshold,0.001084243109769935,0.0013502768695725872,0.00026603375980265216,True
3,PTHW,82,0.05,1000.0,all_scenarios,threshold,0.0009669881022105918,0.0011217524850194822,0.00015476438280889043,True
3,PTHW,82,0.1,10.0,all_scenarios,threshold,0.18726302457182276,0.036232624937759986,-0.15103039963406278,True
3,PTHW,82,0.1,50.0,all_scenarios,threshold,0.0036254431627722864,0.004310137588743427,0.0006846944259711403,True
3,PTHW,82,0.1,100.0,all_scenarios,threshold,0.0021132249990760557,0.0038275672622750767,0.001714342263199021,True
3,PTHW,82,0.1,500.0,all_scenarios,threshold,0.001084243109769935,0.0013502768695725872,0.00026603375980265216,True
3,PTHW,82,0.1,1000.0,all_scenarios,threshold,0.0009669881022105918,0.0011217524850194822,0.00015476438280889043,True
3,PTHW5,42,0.03,100.0,all_scenarios,threshold,0.002837326874444466,0.002708772576132294,-0.00012855429831217175,True
3,PTHW5,52,0.03,100.0,all_scenarios,threshold,0.0028999329482141726,0.0026570126133541277,-0.00024292033486004484,True
3,PTHW5,62,0.03,100.0,all_scenarios,threshold,0.0015333267007222823,0.0013806898746819962,-0.00015263682604028613,True
3,PTHW5,72,0.03,100.0,all_scenarios,threshold,0.007560841175155223,0.0016018540830275198,-0.005958987092127704,True
3,PTHW5,82,0.03,100.0,all_scenarios,threshold,0.0033186806417161694,0.0023250035142695635,-0.0009936771274466059,True
1,P0,42,0.01,10.0,all_scenarios,validation_alert_rate,7.25288075357431e-05,7.857287483038837e-05,6.044067294645264e-06,True
1,P0,42,0.01,50.0,all_scenarios,validation_alert_rate,0.00019341015342864827,0.00015110168236613146,-4.230847106251681e-05,True
1,P0,42,0.01,100.0,all_scenarios,validation_alert_rate,0.00019341015342864827,0.00015110168236613146,-4.230847106251681e-05,True
1,P0,42,0.01,500.0,all_scenarios,validation_alert_rate,0.00019341015342864827,0.008099050174824646,0.007905640021395998,True
1,P0,42,0.01,1000.0,all_scenarios,validation_alert_rate,0.0033302810793495374,0.008099050174824646,0.004768769095475109,True
1,P0,42,0.03,10.0,all_scenarios,validation_alert_rate,7.25288075357431e-05,7.857287483038837e-05,6.044067294645264e-06,True
1,P0,42,0.03,50.0,all_scenarios,validation_alert_rate,0.00019341015342864827,0.00015110168236613146,-4.230847106251681e-05,True
1,P0,42,0.03,100.0,all_scenarios,validation_alert_rate,0.00019341015342864827,0.00015110168236613146,-4.230847106251681e-05,True
1,P0,42,0.03,500.0,all_scenarios,validation_alert_rate,0.02569030803588967,0.027548858728993087,0.0018585506931034154,True
1,P0,42,0.03,1000.0,all_scenarios,validation_alert_rate,0.02569030803588967,0.027548858728993087,0.0018585506931034154,True
1,P0,42,0.05,10.0,all_scenarios,validation_alert_rate,7.25288075357431e-05,7.857287483038837e-05,6.044067294645264e-06,True
1,P0,42,0.05,50.0,all_scenarios,validation_alert_rate,0.00019341015342864827,0.00015110168236613146,-4.230847106251681e-05,True
1,P0,42,0.05,100.0,all_scenarios,validation_alert_rate,0.00019341015342864827,0.00015110168236613146,-4.230847106251681e-05,True
1,P0,42,0.05,500.0,all_scenarios,validation_alert_rate,0.02569030803588967,0.04884815187532298,0.02315784383943331,True
1,P0,42,0.05,1000.0,all_scenarios,validation_alert_rate,0.049736629767635834,0.04884815187532298,-0.0008884778923128542,True
1,P0,42,0.1,10.0,all_scenarios,validation_alert_rate,7.25288075357431e-05,7.857287483038837e-05,6.044067294645264e-06,True
1,P0,42,0.1,50.0,all_scenarios,validation_alert_rate,0.00019341015342864827,0.00015110168236613146,-4.230847106251681e-05,True
1,P0,42,0.1,100.0,all_scenarios,validation_alert_rate,0.00019341015342864827,0.00015110168236613146,-4.230847106251681e-05,True
1,P0,42,0.1,500.0,all_scenarios,validation_alert_rate,0.06648171820745052,0.04884815187532298,-0.017633566332127544,True
1,P0,42,0.1,1000.0,all_scenarios,validation_alert_rate,0.08743649951798563,0.09788366983677996,0.01044717031879433,True
1,P0,52,0.01,10.0,all_scenarios,validation_alert_rate,7.25288075357431e-05,0.0,-7.25288075357431e-05,True
1,P0,52,0.01,50.0,all_scenarios,validation_alert_rate,7.25288075357431e-05,0.00045632708074571705,0.00038379827320997393,True
1,P0,52,0.01,100.0,all_scenarios,validation_alert_rate,7.25288075357431e-05,0.00045632708074571705,0.00038379827320997393,True
1,P0,52,0.01,500.0,all_scenarios,validation_alert_rate,7.25288075357431e-05,0.00045632708074571705,0.00038379827320997393,True
1,P0,52,0.01,1000.0,all_scenarios,validation_alert_rate,0.0061226401694756466,0.0021577320241883574,-0.003964908145287289,True
1,P0,52,0.03,10.0,all_scenarios,validation_alert_rate,7.25288075357431e-05,0.0,-7.25288075357431e-05,True
1,P0,52,0.03,50.0,all_scenarios,validation_alert_rate,7.25288075357431e-05,0.00045632708074571705,0.00038379827320997393,True
1,P0,52,0.03,100.0,all_scenarios,validation_alert_rate,7.25288075357431e-05,0.00045632708074571705,0.00038379827320997393,True
1,P0,52,0.03,500.0,all_scenarios,validation_alert_rate,0.029579665339993896,0.029912089041199384,0.00033242370120548786,True
1,P0,52,0.03,1000.0,all_scenarios,validation_alert_rate,0.029579665339993896,0.029912089041199384,0.00033242370120548786,True
1,P0,52,0.05,10.0,all_scenarios,validation_alert_rate,7.25288075357431e-05,0.0,-7.25288075357431e-05,True
1,P0,52,0.05,50.0,all_scenarios,validation_alert_rate,7.25288075357431e-05,0.00045632708074571705,0.00038379827320997393,True
1,P0,52,0.05,100.0,all_scenarios,validation_alert_rate,7.25288075357431e-05,0.00045632708074571705,0.00038379827320997393,True
1,P0,52,0.05,500.0,all_scenarios,validation_alert_rate,0.04520660133029921,0.04068866102755188,-0.004517940302747332,True
1,P0,52,0.05,1000.0,all_scenarios,validation_alert_rate,0.049292390821479404,0.0450313233787545,-0.004261067442724906,True
1,P0,52,0.1,10.0,all_scenarios,validation_alert_rate,7.25288075357431e-05,0.0,-7.25288075357431e-05,True
1,P0,52,0.1,50.0,all_scenarios,validation_alert_rate,7.25288075357431e-05,0.00045632708074571705,0.00038379827320997393,True
1,P0,52,0.1,100.0,all_scenarios,validation_alert_rate,7.25288075357431e-05,0.00045632708074571705,0.00038379827320997393,True
1,P0,52,0.1,500.0,all_scenarios,validation_alert_rate,0.04520660133029921,0.06342342015636002,0.018216818826060806,True
1,P0,52,0.1,1000.0,all_scenarios,validation_alert_rate,0.09550532935633706,0.09718255803060111,0.0016772286742640502,True
1,P0,62,0.01,10.0,all_scenarios,validation_alert_rate,0.00012994744683487305,7.555084118306573e-05,-5.4396605651807324e-05,True
1,P0,62,0.01,50.0,all_scenarios,validation_alert_rate,0.0002478067590804556,7.555084118306573e-05,-0.0001722559178973899,True
1,P0,62,0.01,100.0,all_scenarios,validation_alert_rate,0.0002478067590804556,7.555084118306573e-05,-0.0001722559178973899,True
1,P0,62,0.01,500.0,all_scenarios,validation_alert_rate,0.006621275721283881,0.001997564240880258,-0.004623711480403623,True
1,P0,62,0.01,1000.0,all_scenarios,validation_alert_rate,0.006621275721283881,0.001997564240880258,-0.004623711480403623,True
1,P0,62,0.03,10.0,all_scenarios,validation_alert_rate,0.00012994744683487305,7.555084118306573e-05,-5.4396605651807324e-05,True
1,P0,62,0.03,50.0,all_scenarios,validation_alert_rate,0.0002478067590804556,7.555084118306573e-05,-0.0001722559178973899,True
1,P0,62,0.03,100.0,all_scenarios,validation_alert_rate,0.0002478067590804556,7.555084118306573e-05,-0.0001722559178973899,True
1,P0,62,0.03,500.0,all_scenarios,validation_alert_rate,0.01078261605364714,0.013856024272974256,0.003073408219327115,True
1,P0,62,0.03,1000.0,all_scenarios,validation_alert_rate,0.025282333493501116,0.013856024272974256,-0.01142630922052686,True
1,P0,62,0.05,10.0,all_scenarios,validation_alert_rate,0.00012994744683487305,7.555084118306573e-05,-5.4396605651807324e-05,True
1,P0,62,0.05,50.0,all_scenarios,validation_alert_rate,0.0002478067590804556,7.555084118306573e-05,-0.0001722559178973899,True
1,P0,62,0.05,100.0,all_scenarios,validation_alert_rate,0.0002478067590804556,7.555084118306573e-05,-0.0001722559178973899,True
1,P0,62,0.05,500.0,all_scenarios,validation_alert_rate,0.01078261605364714,0.049633880623626864,0.03885126456997973,True
1,P0,62,0.05,1000.0,all_scenarios,validation_alert_rate,0.04998443652671629,0.049633880623626864,-0.0003505559030894251,True
1,P0,62,0.1,10.0,all_scenarios,validation_alert_rate,0.00012994744683487305,7.555084118306573e-05,-5.4396605651807324e-05,True
1,P0,62,0.1,50.0,all_scenarios,validation_alert_rate,0.0002478067590804556,7.555084118306573e-05,-0.0001722559178973899,True
1,P0,62,0.1,100.0,all_scenarios,validation_alert_rate,0.0002478067590804556,7.555084118306573e-05,-0.0001722559178973899,True
1,P0,62,0.1,500.0,all_scenarios,validation_alert_rate,0.01078261605364714,0.049633880623626864,0.03885126456997973,True
1,P0,62,0.1,1000.0,all_scenarios,validation_alert_rate,0.0997059561261155,0.09912874769947688,-0.0005772084266386229,True
1,P0,72,0.01,10.0,all_scenarios,validation_alert_rate,7.25288075357431e-05,0.00012994744683487305,5.741863929912995e-05,True
1,P0,72,0.01,50.0,all_scenarios,validation_alert_rate,7.25288075357431e-05,0.00012994744683487305,5.741863929912995e-05,True
1,P0,72,0.01,100.0,all_scenarios,validation_alert_rate,7.25288075357431e-05,0.00012994744683487305,5.741863929912995e-05,True
1,P0,72,0.01,500.0,all_scenarios,validation_alert_rate,0.0022786133700812626,0.00012994744683487305,-0.0021486659232463896,True
1,P0,72,0.01,1000.0,all_scenarios,validation_alert_rate,0.006929523153310789,0.004714372489823301,-0.002215150663487488,True
1,P0,72,0.03,10.0,all_scenarios,validation_alert_rate,7.25288075357431e-05,0.00012994744683487305,5.741863929912995e-05,True
1,P0,72,0.03,50.0,all_scenarios,validation_alert_rate,7.25288075357431e-05,0.00012994744683487305,5.741863929912995e-05,True
1,P0,72,0.03,100.0,all_scenarios,validation_alert_rate,7.25288075357431e-05,0.00012994744683487305,5.741863929912995e-05,True
1,P0,72,0.03,500.0,all_scenarios,validation_alert_rate,0.0022786133700812626,0.00012994744683487305,-0.0021486659232463896,True
1,P0,72,0.03,1000.0,all_scenarios,validation_alert_rate,0.023880109881143415,0.02585954192013974,0.0019794320389963233,True
1,P0,72,0.05,10.0,all_scenarios,validation_alert_rate,7.25288075357431e-05,0.00012994744683487305,5.741863929912995e-05,True
1,P0,72,0.05,50.0,all_scenarios,validation_alert_rate,7.25288075357431e-05,0.00012994744683487305,5.741863929912995e-05,True
1,P0,72,0.05,100.0,all_scenarios,validation_alert_rate,7.25288075357431e-05,0.00012994744683487305,5.741863929912995e-05,True
1,P0,72,0.05,500.0,all_scenarios,validation_alert_rate,0.0022786133700812626,0.00012994744683487305,-0.0021486659232463896,True
1,P0,72,0.05,1000.0,all_scenarios,validation_alert_rate,0.04930750098971602,0.04905969423063557,-0.00024780675908045446,True
1,P0,72,0.1,10.0,all_scenarios,validation_alert_rate,7.25288075357431e-05,0.00012994744683487305,5.741863929912995e-05,True
1,P0,72,0.1,50.0,all_scenarios,validation_alert_rate,7.25288075357431e-05,0.00012994744683487305,5.741863929912995e-05,True
1,P0,72,0.1,100.0,all_scenarios,validation_alert_rate,7.25288075357431e-05,0.00012994744683487305,5.741863929912995e-05,True
1,P0,72,0.1,500.0,all_scenarios,validation_alert_rate,0.07290656174165844,0.06824658585748694,-0.004659975884171497,True
1,P0,72,0.1,1000.0,all_scenarios,validation_alert_rate,0.09832488674928906,0.09468333620426529,-0.0036415505450237695,True
1,P0,82,0.01,10.0,all_scenarios,validation_alert_rate,7.555084118306573e-05,0.0,-7.555084118306573e-05,True
1,P0,82,0.01,50.0,all_scenarios,validation_alert_rate,0.0001450576150714862,0.0014475541170675395,0.0013024965019960532,True
1,P0,82,0.01,100.0,all_scenarios,validation_alert_rate,0.0006436931668797201,0.0014475541170675395,0.0008038609501878194,True
1,P0,82,0.01,500.0,all_scenarios,validation_alert_rate,0.004466565730742846,0.004170406433305228,-0.00029615929743761777,True
1,P0,82,0.01,1000.0,all_scenarios,validation_alert_rate,0.00632209439019894,0.004170406433305228,-0.002151687956893712,True
1,P0,82,0.03,10.0,all_scenarios,validation_alert_rate,7.555084118306573e-05,0.0,-7.555084118306573e-05,True
1,P0,82,0.03,50.0,all_scenarios,validation_alert_rate,0.0001450576150714862,0.0014475541170675395,0.0013024965019960532,True
1,P0,82,0.03,100.0,all_scenarios,validation_alert_rate,0.0006436931668797201,0.0014475541170675395,0.0008038609501878194,True
1,P0,82,0.03,500.0,all_scenarios,validation_alert_rate,0.02268640659045098,0.004170406433305228,-0.018516000157145752,True
1,P0,82,0.03,1000.0,all_scenarios,validation_alert_rate,0.02268640659045098,0.02512518774384034,0.0024387811533893612,True
1,P0,82,0.05,10.0,all_scenarios,validation_alert_rate,7.555084118306573e-05,0.0,-7.555084118306573e-05,True
1,P0,82,0.05,50.0,all_scenarios,validation_alert_rate,0.0001450576150714862,0.0014475541170675395,0.0013024965019960532,True
1,P0,82,0.05,100.0,all_scenarios,validation_alert_rate,0.0006436931668797201,0.0014475541170675395,0.0008038609501878194,True
1,P0,82,0.05,500.0,all_scenarios,validation_alert_rate,0.04906876033157753,0.04781763840158596,-0.0012511219299915707,True
1,P0,82,0.05,1000.0,all_scenarios,validation_alert_rate,0.04906876033157753,0.049467668773024116,0.00039890844144658405,True
1,P0,82,0.1,10.0,all_scenarios,validation_alert_rate,7.555084118306573e-05,0.0,-7.555084118306573e-05,True
1,P0,82,0.1,50.0,all_scenarios,validation_alert_rate,0.0001450576150714862,0.0014475541170675395,0.0013024965019960532,True
1,P0,82,0.1,100.0,all_scenarios,validation_alert_rate,0.0006436931668797201,0.0014475541170675395,0.0008038609501878194,True
1,P0,82,0.1,500.0,all_scenarios,validation_alert_rate,0.09321160581801918,0.06500696578755707,-0.028204640030462108,True
1,P0,82,0.1,1000.0,all_scenarios,validation_alert_rate,0.09321160581801918,0.07112356188973808,-0.022088043928281106,True
1,PH,42,0.03,100.0,all_scenarios,validation_alert_rate,0.010849100793888239,0.011997473579870839,0.0011483727859826001,True
1,PH,52,0.03,100.0,all_scenarios,validation_alert_rate,0.009993865271695936,0.010568051664687234,0.0005741863929912983,True
1,PH,62,0.03,100.0,all_scenarios,validation_alert_rate,0.010555963530097945,0.006932545186958111,-0.003623418343139833,True
1,PH,72,0.03,100.0,all_scenarios,validation_alert_rate,0.011084819418379405,0.01119663466333034,0.00011181524495093575,True
1,PH,82,0.03,100.0,all_scenarios,validation_alert_rate,0.010670800808696205,0.014795876737291594,0.004125075928595389,True
1,PT,42,0.03,100.0,all_scenarios,validation_alert_rate,0.00038682030685729653,0.0014022236123576999,0.0010154033055004034,True
1,PT,52,0.03,100.0,all_scenarios,validation_alert_rate,0.003587153939371961,0.00020247625437061617,-0.0033846776850013447,True
1,PT,62,0.03,100.0,all_scenarios,validation_alert_rate,0.005557519877426315,0.001613765967670284,-0.003943753909756031,True
1,PT,72,0.03,100.0,all_scenarios,validation_alert_rate,0.003130826858626244,7.857287483038837e-05,-0.0030522539837958555,True
1,PT,82,0.03,100.0,all_scenarios,validation_alert_rate,7.555084118306573e-05,7.25288075357431e-05,-3.0220336473226253e-06,True
1,PTH,42,0.03,100.0,all_scenarios,validation_alert_rate,0.010562007597392589,0.009900182228628934,-0.0006618253687636546,True
1,PTH,52,0.03,100.0,all_scenarios,validation_alert_rate,0.010392773713142522,0.009404568710468022,-0.0009882050026745002,True
1,PTH,62,0.03,100.0,all_scenarios,validation_alert_rate,0.011510926162651895,0.010891409264950755,-0.0006195168977011396,True
1,PTH,72,0.03,100.0,all_scenarios,validation_alert_rate,0.010882343164008788,0.010438104217852361,-0.0004442389461564271,True
1,PTH,82,0.03,100.0,all_scenarios,validation_alert_rate,0.009120497547619694,0.011801041392794868,0.0026805438451751734,True
1,PTHW,42,0.01,10.0,all_scenarios,validation_alert_rate,0.0,0.0,0.0,False
1,PTHW,42,0.01,50.0,all_scenarios,validation_alert_rate,0.007908662055043321,0.007413048536882409,-0.0004956135181609115,True
1,PTHW,42,0.01,100.0,all_scenarios,validation_alert_rate,0.007908662055043321,0.008733677240762398,0.0008250151857190774,True
1,PTHW,42,0.01,500.0,all_scenarios,validation_alert_rate,0.009063078908320565,0.009676551738727059,0.0006134728304064939,True
1,PTHW,42,0.01,1000.0,all_scenarios,validation_alert_rate,0.009063078908320565,0.009676551738727059,0.0006134728304064939,True
1,PTHW,42,0.03,10.0,all_scenarios,validation_alert_rate,0.0,0.0,0.0,False
1,PTHW,42,0.03,50.0,all_scenarios,validation_alert_rate,0.007908662055043321,0.007413048536882409,-0.0004956135181609115,True
1,PTHW,42,0.03,100.0,all_scenarios,validation_alert_rate,0.007908662055043321,0.010123812718530809,0.002215150663487488,True
1,PTHW,42,0.03,500.0,all_scenarios,validation_alert_rate,0.016062108835519773,0.017279988395390793,0.0012178795598710192,True
1,PTHW,42,0.03,1000.0,all_scenarios,validation_alert_rate,0.017766535812609736,0.017279988395390793,-0.0004865474172189438,True
1,PTHW,42,0.05,10.0,all_scenarios,validation_alert_rate,0.0,0.0,0.0,False
1,PTHW,42,0.05,50.0,all_scenarios,validation_alert_rate,0.007908662055043321,0.007413048536882409,-0.0004956135181609115,True
1,PTHW,42,0.05,100.0,all_scenarios,validation_alert_rate,0.007908662055043321,0.010123812718530809,0.002215150663487488,True
1,PTHW,42,0.05,500.0,all_scenarios,validation_alert_rate,0.016062108835519773,0.017279988395390793,0.0012178795598710192,True
1,PTHW,42,0.05,1000.0,all_scenarios,validation_alert_rate,0.017766535812609736,0.017279988395390793,-0.0004865474172189438,True
1,PTHW,42,0.1,10.0,all_scenarios,validation_alert_rate,0.0,0.0,0.0,False
1,PTHW,42,0.1,50.0,all_scenarios,validation_alert_rate,0.007908662055043321,0.007413048536882409,-0.0004956135181609115,True
1,PTHW,42,0.1,100.0,all_scenarios,validation_alert_rate,0.007908662055043321,0.010123812718530809,0.002215150663487488,True
1,PTHW,42,0.1,500.0,all_scenarios,validation_alert_rate,0.016062108835519773,0.017279988395390793,0.0012178795598710192,True
1,PTHW,42,0.1,1000.0,all_scenarios,validation_alert_rate,0.017766535812609736,0.017279988395390793,-0.0004865474172189438,True
1,PTHW,52,0.01,10.0,all_scenarios,validation_alert_rate,0.0002780270955536819,0.0007131999407681406,0.00043517284521445864,True
1,PTHW,52,0.01,50.0,all_scenarios,validation_alert_rate,0.005040752123734145,0.006007802890877387,0.0009670507671432418,True
1,PTHW,52,0.01,100.0,all_scenarios,validation_alert_rate,0.007219638383453761,0.009637265301311865,0.0024176269178581037,True
1,PTHW,52,0.01,500.0,all_scenarios,validation_alert_rate,0.009579846662012734,0.009637265301311865,5.741863929913105e-05,True
1,PTHW,52,0.01,1000.0,all_scenarios,validation_alert_rate,0.009579846662012734,0.009637265301311865,5.741863929913105e-05,True
1,PTHW,52,0.03,10.0,all_scenarios,validation_alert_rate,0.0002780270955536819,0.0007131999407681406,0.00043517284521445864,True
1,PTHW,52,0.03,50.0,all_scenarios,validation_alert_rate,0.005040752123734145,0.006007802890877387,0.0009670507671432418,True
1,PTHW,52,0.03,100.0,all_scenarios,validation_alert_rate,0.007219638383453761,0.012477976929795137,0.005258338546341375,True
1,PTHW,52,0.03,500.0,all_scenarios,validation_alert_rate,0.02249299643702233,0.016294805426363617,-0.006198191010658712,True
1,PTHW,52,0.03,1000.0,all_scenarios,validation_alert_rate,0.02249299643702233,0.016294805426363617,-0.006198191010658712,True
1,PTHW,52,0.05,10.0,all_scenarios,validation_alert_rate,0.0002780270955536819,0.0007131999407681406,0.00043517284521445864,True
1,PTHW,52,0.05,50.0,all_scenarios,validation_alert_rate,0.005040752123734145,0.006007802890877387,0.0009670507671432418,True
1,PTHW,52,0.05,100.0,all_scenarios,validation_alert_rate,0.007219638383453761,0.012477976929795137,0.005258338546341375,True
1,PTHW,52,0.05,500.0,all_scenarios,validation_alert_rate,0.02249299643702233,0.016294805426363617,-0.006198191010658712,True
1,PTHW,52,0.05,1000.0,all_scenarios,validation_alert_rate,0.02249299643702233,0.041199384713949405,0.018706388276927076,True
1,PTHW,52,0.1,10.0,all_scenarios,validation_alert_rate,0.0002780270955536819,0.0007131999407681406,0.00043517284521445864,True
1,PTHW,52,0.1,50.0,all_scenarios,validation_alert_rate,0.005040752123734145,0.006007802890877387,0.0009670507671432418,True
1,PTHW,52,0.1,100.0,all_scenarios,validation_alert_rate,0.007219638383453761,0.012477976929795137,0.005258338546341375,True
1,PTHW,52,0.1,500.0,all_scenarios,validation_alert_rate,0.02249299643702233,0.016294805426363617,-0.006198191010658712,True
1,PTHW,52,0.1,1000.0,all_scenarios,validation_alert_rate,0.02249299643702233,0.041199384713949405,0.018706388276927076,True
1,PTHW,62,0.01,10.0,all_scenarios,validation_alert_rate,0.00028407116284832716,0.0002478067590804556,-3.626440376787156e-05,True
1,PTHW,62,0.01,50.0,all_scenarios,validation_alert_rate,0.005213008041631536,0.00396490814528729,-0.0012480998963442461,True
1,PTHW,62,0.01,100.0,all_scenarios,validation_alert_rate,0.007675965464199478,0.007887507819512063,0.00021154235531258437,True
1,PTHW,62,0.01,500.0,all_scenarios,validation_alert_rate,0.009948534766986096,0.007887507819512063,-0.0020610269474740338,True
1,PTHW,62,0.01,1000.0,all_scenarios,validation_alert_rate,0.009948534766986096,0.007887507819512063,-0.0020610269474740338,True
1,PTHW,62,0.03,10.0,all_scenarios,validation_alert_rate,0.00028407116284832716,0.0002478067590804556,-3.626440376787156e-05,True
1,PTHW,62,0.03,50.0,all_scenarios,validation_alert_rate,0.005213008041631536,0.00396490814528729,-0.0012480998963442461,True
1,PTHW,62,0.03,100.0,all_scenarios,validation_alert_rate,0.007675965464199478,0.01008150424746829,0.0024055387832688123,True
1,PTHW,62,0.03,500.0,all_scenarios,validation_alert_rate,0.016696735901457527,0.016639317262158396,-5.741863929913105e-05,True
1,PTHW,62,0.03,1000.0,all_scenarios,validation_alert_rate,0.016696735901457527,0.026702689307742753,0.010005953406285226,True
1,PTHW,62,0.05,10.0,all_scenarios,validation_alert_rate,0.00028407116284832716,0.0002478067590804556,-3.626440376787156e-05,True
1,PTHW,62,0.05,50.0,all_scenarios,validation_alert_rate,0.005213008041631536,0.00396490814528729,-0.0012480998963442461,True
1,PTHW,62,0.05,100.0,all_scenarios,validation_alert_rate,0.007675965464199478,0.01008150424746829,0.0024055387832688123,True
1,PTHW,62,0.05,500.0,all_scenarios,validation_alert_rate,0.016696735901457527,0.016639317262158396,-5.741863929913105e-05,True
1,PTHW,62,0.05,1000.0,all_scenarios,validation_alert_rate,0.016696735901457527,0.026702689307742753,0.010005953406285226,True
1,PTHW,62,0.1,10.0,all_scenarios,validation_alert_rate,0.00028407116284832716,0.0002478067590804556,-3.626440376787156e-05,True
1,PTHW,62,0.1,50.0,all_scenarios,validation_alert_rate,0.005213008041631536,0.00396490814528729,-0.0012480998963442461,True
1,PTHW,62,0.1,100.0,all_scenarios,validation_alert_rate,0.007675965464199478,0.01008150424746829,0.0024055387832688123,True
1,PTHW,62,0.1,500.0,all_scenarios,validation_alert_rate,0.016696735901457527,0.016639317262158396,-5.741863929913105e-05,True
1,PTHW,62,0.1,1000.0,all_scenarios,validation_alert_rate,0.016696735901457527,0.026702689307742753,0.010005953406285226,True
1,PTHW,72,0.01,10.0,all_scenarios,validation_alert_rate,0.00030824743202690816,0.00020247625437061617,-0.000105771177656292,True
1,PTHW,72,0.01,50.0,all_scenarios,validation_alert_rate,0.0003928643741519418,0.0026926319797644627,0.002299767605612521,True
1,PTHW,72,0.01,100.0,all_scenarios,validation_alert_rate,0.0098155652865039,0.009776278849088705,-3.9286437415195566e-05,True
1,PTHW,72,0.01,500.0,all_scenarios,validation_alert_rate,0.0098155652865039,0.009776278849088705,-3.9286437415195566e-05,True
1,PTHW,72,0.01,1000.0,all_scenarios,validation_alert_rate,0.0098155652865039,0.009776278849088705,-3.9286437415195566e-05,True
1,PTHW,72,0.03,10.0,all_scenarios,validation_alert_rate,0.00030824743202690816,0.00020247625437061617,-0.000105771177656292,True
1,PTHW,72,0.03,50.0,all_scenarios,validation_alert_rate,0.0003928643741519418,0.0026926319797644627,0.002299767605612521,True
1,PTHW,72,0.03,100.0,all_scenarios,validation_alert_rate,0.010960916038839176,0.009776278849088705,-0.001184637189750471,True
1,PTHW,72,0.03,500.0,all_scenarios,validation_alert_rate,0.015853588513854513,0.011589499037482283,-0.00426408947637223,True
1,PTHW,72,0.03,1000.0,all_scenarios,validation_alert_rate,0.015853588513854513,0.019277552636271053,0.0034239641224165403,True
1,PTHW,72,0.05,10.0,all_scenarios,validation_alert_rate,0.00030824743202690816,0.00020247625437061617,-0.000105771177656292,True
1,PTHW,72,0.05,50.0,all_scenarios,validation_alert_rate,0.0003928643741519418,0.0026926319797644627,0.002299767605612521,True
1,PTHW,72,0.05,100.0,all_scenarios,validation_alert_rate,0.010960916038839176,0.009776278849088705,-0.001184637189750471,True
1,PTHW,72,0.05,500.0,all_scenarios,validation_alert_rate,0.015853588513854513,0.011589499037482283,-0.00426408947637223,True
1,PTHW,72,0.05,1000.0,all_scenarios,validation_alert_rate,0.015853588513854513,0.019277552636271053,0.0034239641224165403,True
1,PTHW,72,0.1,10.0,all_scenarios,validation_alert_rate,0.00030824743202690816,0.00020247625437061617,-0.000105771177656292,True
1,PTHW,72,0.1,50.0,all_scenarios,validation_alert_rate,0.0003928643741519418,0.0026926319797644627,0.002299767605612521,True
1,PTHW,72,0.1,100.0,all_scenarios,validation_alert_rate,0.010960916038839176,0.009776278849088705,-0.001184637189750471,True
1,PTHW,72,0.1,500.0,all_scenarios,validation_alert_rate,0.015853588513854513,0.011589499037482283,-0.00426408947637223,True
1,PTHW,72,0.1,1000.0,all_scenarios,validation_alert_rate,0.015853588513854513,0.019277552636271053,0.0034239641224165403,True
1,PTHW,82,0.01,10.0,all_scenarios,validation_alert_rate,0.000268960994611714,0.0003989084414465871,0.00012994744683487308,True
1,PTHW,82,0.01,50.0,all_scenarios,validation_alert_rate,0.005817414771096061,0.0051586114359797285,-0.0006588033351163326,True
1,PTHW,82,0.01,100.0,all_scenarios,validation_alert_rate,0.008772963678177592,0.0099092483295709,0.0011362846513933086,True
1,PTHW,82,0.01,500.0,all_scenarios,validation_alert_rate,0.00909027721114647,0.0099092483295709,0.0008189711184244317,True
1,PTHW,82,0.01,1000.0,all_scenarios,validation_alert_rate,0.00909027721114647,0.0099092483295709,0.0008189711184244317,True
1,PTHW,82,0.03,10.0,all_scenarios,validation_alert_rate,0.000268960994611714,0.0003989084414465871,0.00012994744683487308,True
1,PTHW,82,0.03,50.0,all_scenarios,validation_alert_rate,0.005817414771096061,0.0051586114359797285,-0.0006588033351163326,True
1,PTHW,82,0.03,100.0,all_scenarios,validation_alert_rate,0.012003517647165484,0.01214857526223697,0.00014505761507148558,True
1,PTHW,82,0.03,500.0,all_scenarios,validation_alert_rate,0.013729098859786706,0.01636733423389936,0.0026382353741126532,True
1,PTHW,82,0.03,1000.0,all_scenarios,validation_alert_rate,0.016956630795127273,0.01636733423389936,-0.0005892965612279144,True
1,PTHW,82,0.05,10.0,all_scenarios,validation_alert_rate,0.000268960994611714,0.0003989084414465871,0.00012994744683487308,True
1,PTHW,82,0.05,50.0,all_scenarios,validation_alert_rate,0.005817414771096061,0.0051586114359797285,-0.0006588033351163326,True
1,PTHW,82,0.05,100.0,all_scenarios,validation_alert_rate,0.012003517647165484,0.01214857526223697,0.00014505761507148558,True
1,PTHW,82,0.05,500.0,all_scenarios,validation_alert_rate,0.013729098859786706,0.01636733423389936,0.0026382353741126532,True
1,PTHW,82,0.05,1000.0,all_scenarios,validation_alert_rate,0.016956630795127273,0.01636733423389936,-0.0005892965612279144,True
1,PTHW,82,0.1,10.0,all_scenarios,validation_alert_rate,0.000268960994611714,0.0003989084414465871,0.00012994744683487308,True
1,PTHW,82,0.1,50.0,all_scenarios,validation_alert_rate,0.005817414771096061,0.0051586114359797285,-0.0006588033351163326,True
1,PTHW,82,0.1,100.0,all_scenarios,validation_alert_rate,0.012003517647165484,0.01214857526223697,0.00014505761507148558,True
1,PTHW,82,0.1,500.0,all_scenarios,validation_alert_rate,0.013729098859786706,0.01636733423389936,0.0026382353741126532,True
1,PTHW,82,0.1,1000.0,all_scenarios,validation_alert_rate,0.016956630795127273,0.01636733423389936,-0.0005892965612279144,True
1,PTHW5,42,0.03,100.0,all_scenarios,validation_alert_rate,0.009993865271695936,0.012979634515250693,0.002985769243554757,True
1,PTHW5,52,0.03,100.0,all_scenarios,validation_alert_rate,0.01372305479249206,0.010359531343021974,-0.0033635234494700864,True
1,PTHW5,62,0.03,100.0,all_scenarios,validation_alert_rate,0.011105973653910663,0.020900384704883306,0.009794411050972642,True
1,PTHW5,72,0.03,100.0,all_scenarios,validation_alert_rate,0.013626349715777735,0.01244775659332191,-0.0011785931224558253,True
1,PTHW5,82,0.03,100.0,all_scenarios,validation_alert_rate,0.010595249967513138,0.011145260091325857,0.0005500101238127188,True
2,P0,42,0.01,10.0,all_scenarios,validation_alert_rate,0.0001939811292732679,0.0001394239366651613,-5.45571926081066e-05,True
2,P0,42,0.01,50.0,all_scenarios,validation_alert_rate,0.0001939811292732679,0.0003667455725322721,0.0001727644432590042,True
2,P0,42,0.01,100.0,all_scenarios,validation_alert_rate,0.0001939811292732679,0.0003667455725322721,0.0001727644432590042,True
2,P0,42,0.01,500.0,all_scenarios,validation_alert_rate,0.0001939811292732679,0.0032734315564863954,0.0030794504272131274,True
2,P0,42,0.01,1000.0,all_scenarios,validation_alert_rate,0.004061479894159046,0.0032734315564863954,-0.0007880483376726507,True
2,P0,42,0.03,10.0,all_scenarios,validation_alert_rate,0.0001939811292732679,0.0001394239366651613,-5.45571926081066e-05,True
2,P0,42,0.03,50.0,all_scenarios,validation_alert_rate,0.0001939811292732679,0.0003667455725322721,0.0001727644432590042,True
2,P0,42,0.03,100.0,all_scenarios,validation_alert_rate,0.0001939811292732679,0.0003667455725322721,0.0001727644432590042,True
2,P0,42,0.03,500.0,all_scenarios,validation_alert_rate,0.02975791761257725,0.029809443850040463,5.1526237463211944e-05,True
2,P0,42,0.03,1000.0,all_scenarios,validation_alert_rate,0.02975791761257725,0.029809443850040463,5.1526237463211944e-05,True
2,P0,42,0.05,10.0,all_scenarios,validation_alert_rate,0.0001939811292732679,0.0001394239366651613,-5.45571926081066e-05,True
2,P0,42,0.05,50.0,all_scenarios,validation_alert_rate,0.0001939811292732679,0.0003667455725322721,0.0001727644432590042,True
2,P0,42,0.05,100.0,all_scenarios,validation_alert_rate,0.0001939811292732679,0.0003667455725322721,0.0001727644432590042,True
2,P0,42,0.05,500.0,all_scenarios,validation_alert_rate,0.047285931215503944,0.049904676460693055,0.0026187452451891108,True
2,P0,42,0.05,1000.0,all_scenarios,validation_alert_rate,0.04922877346338152,0.049904676460693055,0.000675902997311538,True
2,P0,42,0.1,10.0,all_scenarios,validation_alert_rate,0.0001939811292732679,0.0001394239366651613,-5.45571926081066e-05,True
2,P0,42,0.1,50.0,all_scenarios,validation_alert_rate,0.0001939811292732679,0.0003667455725322721,0.0001727644432590042,True
2,P0,42,0.1,100.0,all_scenarios,validation_alert_rate,0.0001939811292732679,0.0003667455725322721,0.0001727644432590042,True
2,P0,42,0.1,500.0,all_scenarios,validation_alert_rate,0.0992395333541459,0.0978907583146677,-0.001348775039478195,True
2,P0,42,0.1,1000.0,all_scenarios,validation_alert_rate,0.0992395333541459,0.0978907583146677,-0.001348775039478195,True
2,P0,52,0.01,10.0,all_scenarios,validation_alert_rate,0.00012730011608558204,0.00014851680209984573,2.1216686014263687e-05,True
2,P0,52,0.01,50.0,all_scenarios,validation_alert_rate,0.00012730011608558204,0.00014851680209984573,2.1216686014263687e-05,True
2,P0,52,0.01,100.0,all_scenarios,validation_alert_rate,0.000833512664846073,0.00014851680209984573,-0.0006849958627462272,True
2,P0,52,0.01,500.0,all_scenarios,validation_alert_rate,0.00552543122914324,0.009896068548081557,0.004370637318938317,True
2,P0,52,0.01,1000.0,all_scenarios,validation_alert_rate,0.00552543122914324,0.009896068548081557,0.004370637318938317,True
2,P0,52,0.03,10.0,all_scenarios,validation_alert_rate,0.00012730011608558204,0.00014851680209984573,2.1216686014263687e-05,True
2,P0,52,0.03,50.0,all_scenarios,validation_alert_rate,0.00012730011608558204,0.00014851680209984573,2.1216686014263687e-05,True
2,P0,52,0.03,100.0,all_scenarios,validation_alert_rate,0.000833512664846073,0.00014851680209984573,-0.0006849958627462272,True
2,P0,52,0.03,500.0,all_scenarios,validation_alert_rate,0.00552543122914324,0.009896068548081557,0.004370637318938317,True
2,P0,52,0.03,1000.0,all_scenarios,validation_alert_rate,0.00552543122914324,0.009896068548081557,0.004370637318938317,True
2,P0,52,0.05,10.0,all_scenarios,validation_alert_rate,0.00012730011608558204,0.00014851680209984573,2.1216686014263687e-05,True
2,P0,52,0.05,50.0,all_scenarios,validation_alert_rate,0.00012730011608558204,0.00014851680209984573,2.1216686014263687e-05,True
2,P0,52,0.05,100.0,all_scenarios,validation_alert_rate,0.000833512664846073,0.00014851680209984573,-0.0006849958627462272,True
2,P0,52,0.05,500.0,all_scenarios,validation_alert_rate,0.033986100039705515,0.04986830499895432,0.015882204959248802,True
2,P0,52,0.05,1000.0,all_scenarios,validation_alert_rate,0.04622812786993565,0.04986830499895432,0.003640177129018665,True
2,P0,52,0.1,10.0,all_scenarios,validation_alert_rate,0.00012730011608558204,0.00014851680209984573,2.1216686014263687e-05,True
2,P0,52,0.1,50.0,all_scenarios,validation_alert_rate,0.00012730011608558204,0.00014851680209984573,2.1216686014263687e-05,True
2,P0,52,0.1,100.0,all_scenarios,validation_alert_rate,0.000833512664846073,0.00014851680209984573,-0.0006849958627462272,True
2,P0,52,0.1,500.0,all_scenarios,validation_alert_rate,0.09834237063125703,0.09651773563403035,-0.0018246349972266818,True
2,P0,52,0.1,1000.0,all_scenarios,validation_alert_rate,0.09834237063125703,0.09651773563403035,-0.0018246349972266818,True
2,P0,62,0.01,10.0,all_scenarios,validation_alert_rate,0.00018185730869368864,0.0001394239366651613,-4.243337202852735e-05,True
2,P0,62,0.01,50.0,all_scenarios,validation_alert_rate,0.00018185730869368864,0.0001394239366651613,-4.243337202852735e-05,True
2,P0,62,0.01,100.0,all_scenarios,validation_alert_rate,0.0005819433878198036,0.0007789554722379663,0.00019701208441816266,True
2,P0,62,0.01,500.0,all_scenarios,validation_alert_rate,0.0027642310921440674,0.005261738131537391,0.002497507039393324,True
2,P0,62,0.01,1000.0,all_scenarios,validation_alert_rate,0.0027642310921440674,0.005261738131537391,0.002497507039393324,True
2,P0,62,0.03,10.0,all_scenarios,validation_alert_rate,0.00018185730869368864,0.0001394239366651613,-4.243337202852735e-05,True
2,P0,62,0.03,50.0,all_scenarios,validation_alert_rate,0.00018185730869368864,0.0001394239366651613,-4.243337202852735e-05,True
2,P0,62,0.03,100.0,all_scenarios,validation_alert_rate,0.0005819433878198036,0.0007789554722379663,0.00019701208441816266,True
2,P0,62,0.03,500.0,all_scenarios,validation_alert_rate,0.029760948567722146,0.005261738131537391,-0.024499210436184755,True
2,P0,62,0.03,1000.0,all_scenarios,validation_alert_rate,0.029760948567722146,0.005261738131537391,-0.024499210436184755,True
2,P0,62,0.05,10.0,all_scenarios,validation_alert_rate,0.00018185730869368864,0.0001394239366651613,-4.243337202852735e-05,True
2,P0,62,0.05,50.0,all_scenarios,validation_alert_rate,0.00018185730869368864,0.0001394239366651613,-4.243337202852735e-05,True
2,P0,62,0.05,100.0,all_scenarios,validation_alert_rate,0.0005819433878198036,0.0007789554722379663,0.00019701208441816266,True
2,P0,62,0.05,500.0,all_scenarios,validation_alert_rate,0.04648575905725171,0.03467109590245174,-0.011814663154799974,True
2,P0,62,0.05,1000.0,all_scenarios,validation_alert_rate,0.04648575905725171,0.04547948194914663,-0.0010062771081050803,True
2,P0,62,0.1,10.0,all_scenarios,validation_alert_rate,0.00018185730869368864,0.0001394239366651613,-4.243337202852735e-05,True
2,P0,62,0.1,50.0,all_scenarios,validation_alert_rate,0.00018185730869368864,0.0001394239366651613,-4.243337202852735e-05,True
2,P0,62,0.1,100.0,all_scenarios,validation_alert_rate,0.0005819433878198036,0.0007789554722379663,0.00019701208441816266,True
2,P0,62,0.1,500.0,all_scenarios,validation_alert_rate,0.09218346977683077,0.09723910295851532,0.005055633181684546,True
2,P0,62,0.1,1000.0,all_scenarios,validation_alert_rate,0.09218346977683077,0.09893946879480131,0.00675599901797054,True
2,P0,72,0.01,10.0,all_scenarios,validation_alert_rate,0.0001394239366651613,0.0001939811292732679,5.45571926081066e-05,True
2,P0,72,0.01,50.0,all_scenarios,validation_alert_rate,0.00018185730869368864,0.0003667455725322721,0.00018488826383858346,True
2,P0,72,0.01,100.0,all_scenarios,validation_alert_rate,0.00018185730869368864,0.0003667455725322721,0.00018488826383858346,True
2,P0,72,0.01,500.0,all_scenarios,validation_alert_rate,0.0014154560526658767,0.0013699917254924544,-4.54643271734223e-05,True
2,P0,72,0.01,1000.0,all_scenarios,validation_alert_rate,0.0014154560526658767,0.0013699917254924544,-4.54643271734223e-05,True
2,P0,72,0.03,10.0,all_scenarios,validation_alert_rate,0.0001394239366651613,0.0001939811292732679,5.45571926081066e-05,True
2,P0,72,0.03,50.0,all_scenarios,validation_alert_rate,0.00018185730869368864,0.0003667455725322721,0.00018488826383858346,True
2,P0,72,0.03,100.0,all_scenarios,validation_alert_rate,0.00018185730869368864,0.0003667455725322721,0.00018488826383858346,True
2,P0,72,0.03,500.0,all_scenarios,validation_alert_rate,0.029333583892291976,0.02784235396100373,-0.0014912299312882446,True
2,P0,72,0.03,1000.0,all_scenarios,validation_alert_rate,0.029333583892291976,0.02784235396100373,-0.0014912299312882446,True
2,P0,72,0.05,10.0,all_scenarios,validation_alert_rate,0.0001394239366651613,0.0001939811292732679,5.45571926081066e-05,True
2,P0,72,0.05,50.0,all_scenarios,validation_alert_rate,0.00018185730869368864,0.0003667455725322721,0.00018488826383858346,True
2,P0,72,0.05,100.0,all_scenarios,validation_alert_rate,0.00018185730869368864,0.0003667455725322721,0.00018488826383858346,True
2,P0,72,0.05,500.0,all_scenarios,validation_alert_rate,0.04929242352142431,0.049246959194250886,-4.54643271734223e-05,True
2,P0,72,0.05,1000.0,all_scenarios,validation_alert_rate,0.04929242352142431,0.049246959194250886,-4.54643271734223e-05,True
2,P0,72,0.1,10.0,all_scenarios,validation_alert_rate,0.0001394239366651613,0.0001939811292732679,5.45571926081066e-05,True
2,P0,72,0.1,50.0,all_scenarios,validation_alert_rate,0.00018185730869368864,0.0003667455725322721,0.00018488826383858346,True
2,P0,72,0.1,100.0,all_scenarios,validation_alert_rate,0.00018185730869368864,0.0003667455725322721,0.00018488826383858346,True
2,P0,72,0.1,500.0,all_scenarios,validation_alert_rate,0.09815445141227355,0.09420208590333072,-0.003952365508942832,True
2,P0,72,0.1,1000.0,all_scenarios,validation_alert_rate,0.09815445141227355,0.09966083611928626,0.0015063847070127118,True
2,P0,82,0.01,10.0,all_scenarios,validation_alert_rate,0.0001394239366651613,0.00012426916094068725,-1.5154775724474047e-05,True
2,P0,82,0.01,50.0,all_scenarios,validation_alert_rate,0.0001394239366651613,0.0001667025329692146,2.72785963040533e-05,True
2,P0,82,0.01,100.0,all_scenarios,validation_alert_rate,0.0001394239366651613,0.0001667025329692146,2.72785963040533e-05,True
2,P0,82,0.01,500.0,all_scenarios,validation_alert_rate,0.0008183578891215989,0.003109759978662076,0.002291402089540477,True
2,P0,82,0.01,1000.0,all_scenarios,validation_alert_rate,0.004049356073579467,0.003109759978662076,-0.0009395960949173908,True
2,P0,82,0.03,10.0,all_scenarios,validation_alert_rate,0.0001394239366651613,0.00012426916094068725,-1.5154775724474047e-05,True
2,P0,82,0.03,50.0,all_scenarios,validation_alert_rate,0.0001394239366651613,0.0001667025329692146,2.72785963040533e-05,True
2,P0,82,0.03,100.0,all_scenarios,validation_alert_rate,0.0001394239366651613,0.0001667025329692146,2.72785963040533e-05,True
2,P0,82,0.03,500.0,all_scenarios,validation_alert_rate,0.0008183578891215989,0.0296700199133753,0.028851662024253703,True
2,P0,82,0.03,1000.0,all_scenarios,validation_alert_rate,0.004049356073579467,0.0296700199133753,0.025620663839795835,True
2,P0,82,0.05,10.0,all_scenarios,validation_alert_rate,0.0001394239366651613,0.00012426916094068725,-1.5154775724474047e-05,True
2,P0,82,0.05,50.0,all_scenarios,validation_alert_rate,0.0001394239366651613,0.0001667025329692146,2.72785963040533e-05,True
2,P0,82,0.05,100.0,all_scenarios,validation_alert_rate,0.0001394239366651613,0.0001667025329692146,2.72785963040533e-05,True
2,P0,82,0.05,500.0,all_scenarios,validation_alert_rate,0.04817400107295812,0.046367551806600814,-0.001806449266357306,True
2,P0,82,0.05,1000.0,all_scenarios,validation_alert_rate,0.04817400107295812,0.046367551806600814,-0.001806449266357306,True
2,P0,82,0.1,10.0,all_scenarios,validation_alert_rate,0.0001394239366651613,0.00012426916094068725,-1.5154775724474047e-05,True
2,P0,82,0.1,50.0,all_scenarios,validation_alert_rate,0.0001394239366651613,0.0001667025329692146,2.72785963040533e-05,True
2,P0,82,0.1,100.0,all_scenarios,validation_alert_rate,0.0001394239366651613,0.0001667025329692146,2.72785963040533e-05,True
2,P0,82,0.1,500.0,all_scenarios,validation_alert_rate,0.08791285397767398,0.08427873875894511,-0.0036341152187288756,True
2,P0,82,0.1,1000.0,all_scenarios,validation_alert_rate,0.09784529398749428,0.09776952010887191,-7.57738786223705e-05,True
2,PH,42,0.03,100.0,all_scenarios,validation_alert_rate,0.015079001845851684,0.01513355903845979,5.4557192608106764e-05,True
2,PH,52,0.03,100.0,all_scenarios,validation_alert_rate,0.029272964789394083,0.01303007616790279,-0.016242888621491293,True
2,PH,62,0.03,100.0,all_scenarios,validation_alert_rate,0.013827217371010126,0.015745811977728542,0.001918594606718416,True
2,PH,72,0.03,100.0,all_scenarios,validation_alert_rate,0.012511782838125778,0.014430377444844194,0.001918594606718416,True
2,PH,82,0.03,100.0,all_scenarios,validation_alert_rate,0.015785214394612175,0.015482118880122693,-0.000303095514489482,True
2,PT,42,0.03,100.0,all_scenarios,validation_alert_rate,0.0075379854453533944,0.005937641128848935,-0.0016003443165044599,True
2,PT,52,0.03,100.0,all_scenarios,validation_alert_rate,0.0019337493824428892,0.004106944221332468,0.002173194838889579,True
2,PT,62,0.03,100.0,all_scenarios,validation_alert_rate,0.00272179772011554,0.002627838110623801,-9.395960949173899e-05,True
2,PT,72,0.03,100.0,all_scenarios,validation_alert_rate,0.0009911223323806032,0.005273861952116971,0.004282739619736367,True
2,PT,82,0.03,100.0,all_scenarios,validation_alert_rate,0.0023308045064241094,0.0032704006013415006,0.0009395960949173912,True
2,PTH,42,0.03,100.0,all_scenarios,validation_alert_rate,0.016433838795619663,0.017191577581843365,0.0007577387862237016,True
2,PTH,52,0.03,100.0,all_scenarios,validation_alert_rate,0.013311954996378009,0.017064277465757786,0.003752322469379777,True
2,PTH,62,0.03,100.0,all_scenarios,validation_alert_rate,0.009295939429392384,0.013508967080796172,0.004213027651403788,True
2,PTH,72,0.03,100.0,all_scenarios,validation_alert_rate,0.014400067893395246,0.0182796904788606,0.003879622585465356,True
2,PTH,82,0.03,100.0,all_scenarios,validation_alert_rate,0.01576399770859791,0.01481227779310094,-0.0009517199154969718,True
2,PTHW,42,0.01,10.0,all_scenarios,validation_alert_rate,0.002385361699032216,0.0003758384379669565,-0.0020095232610652597,True
2,PTHW,42,0.01,50.0,all_scenarios,validation_alert_rate,0.009441425276347335,0.003027924189749916,-0.00641350108659742,True
2,PTHW,42,0.01,100.0,all_scenarios,validation_alert_rate,0.009441425276347335,0.008344219513895414,-0.0010972057624519214,True
2,PTHW,42,0.01,500.0,all_scenarios,validation_alert_rate,0.009441425276347335,0.009138329761857853,-0.000303095514489482,True
2,PTHW,42,0.01,1000.0,all_scenarios,validation_alert_rate,0.009441425276347335,0.009138329761857853,-0.000303095514489482,True
2,PTHW,42,0.03,10.0,all_scenarios,validation_alert_rate,0.002385361699032216,0.0003758384379669565,-0.0020095232610652597,True
2,PTHW,42,0.03,50.0,all_scenarios,validation_alert_rate,0.011026614817127321,0.003027924189749916,-0.007998690627377406,True
2,PTHW,42,0.03,100.0,all_scenarios,validation_alert_rate,0.013084633360510897,0.013681731524055175,0.0005970981635442778,True
2,PTHW,42,0.03,500.0,all_scenarios,validation_alert_rate,0.017309784832494263,0.017000627407714995,-0.0003091574247792682,True
2,PTHW,42,0.03,1000.0,all_scenarios,validation_alert_rate,0.017309784832494263,0.028669804715560014,0.011360019883065751,True
2,PTHW,42,0.05,10.0,all_scenarios,validation_alert_rate,0.002385361699032216,0.0003758384379669565,-0.0020095232610652597,True
2,PTHW,42,0.05,50.0,all_scenarios,validation_alert_rate,0.011026614817127321,0.003027924189749916,-0.007998690627377406,True
2,PTHW,42,0.05,100.0,all_scenarios,validation_alert_rate,0.013084633360510897,0.013681731524055175,0.0005970981635442778,True
2,PTHW,42,0.05,500.0,all_scenarios,validation_alert_rate,0.017309784832494263,0.017000627407714995,-0.0003091574247792682,True
2,PTHW,42,0.05,1000.0,all_scenarios,validation_alert_rate,0.017309784832494263,0.031033949728577967,0.013724164896083704,True
2,PTHW,42,0.1,10.0,all_scenarios,validation_alert_rate,0.002385361699032216,0.0003758384379669565,-0.0020095232610652597,True
2,PTHW,42,0.1,50.0,all_scenarios,validation_alert_rate,0.011026614817127321,0.003027924189749916,-0.007998690627377406,True
2,PTHW,42,0.1,100.0,all_scenarios,validation_alert_rate,0.013084633360510897,0.013681731524055175,0.0005970981635442778,True
2,PTHW,42,0.1,500.0,all_scenarios,validation_alert_rate,0.017309784832494263,0.017000627407714995,-0.0003091574247792682,True
2,PTHW,42,0.1,1000.0,all_scenarios,validation_alert_rate,0.017309784832494263,0.031033949728577967,0.013724164896083704,True
2,PTHW,52,0.01,10.0,all_scenarios,validation_alert_rate,0.0021550091080202102,0.002097420960267209,-5.758814775300115e-05,True
2,PTHW,52,0.01,50.0,all_scenarios,validation_alert_rate,0.0022035043903385274,0.002097420960267209,-0.00010608343007131827,True
2,PTHW,52,0.01,100.0,all_scenarios,validation_alert_rate,0.0022035043903385274,0.002097420960267209,-0.00010608343007131827,True
2,PTHW,52,0.01,500.0,all_scenarios,validation_alert_rate,0.0099294090546754,0.00688633008920101,-0.00304307896547439,True
2,PTHW,52,0.01,1000.0,all_scenarios,validation_alert_rate,0.0099294090546754,0.00688633008920101,-0.00304307896547439,True
2,PTHW,52,0.03,10.0,all_scenarios,validation_alert_rate,0.0021550091080202102,0.002097420960267209,-5.758814775300115e-05,True
2,PTHW,52,0.03,50.0,all_scenarios,validation_alert_rate,0.0022035043903385274,0.002097420960267209,-0.00010608343007131827,True
2,PTHW,52,0.03,100.0,all_scenarios,validation_alert_rate,0.020055830193768963,0.02028618278478097,0.00023035259101200634,True
2,PTHW,52,0.03,500.0,all_scenarios,validation_alert_rate,0.02072870223593561,0.025423651755377672,0.004694949519442063,True
2,PTHW,52,0.03,1000.0,all_scenarios,validation_alert_rate,0.022262365539252385,0.025423651755377672,0.003161286216125287,True
2,PTHW,52,0.05,10.0,all_scenarios,validation_alert_rate,0.0021550091080202102,0.002097420960267209,-5.758814775300115e-05,True
2,PTHW,52,0.05,50.0,all_scenarios,validation_alert_rate,0.0022035043903385274,0.002097420960267209,-0.00010608343007131827,True
2,PTHW,52,0.05,100.0,all_scenarios,validation_alert_rate,0.020055830193768963,0.02028618278478097,0.00023035259101200634,True
2,PTHW,52,0.05,500.0,all_scenarios,validation_alert_rate,0.02072870223593561,0.025423651755377672,0.004694949519442063,True
2,PTHW,52,0.05,1000.0,all_scenarios,validation_alert_rate,0.022262365539252385,0.031233992768141025,0.00897162722888864,True
2,PTHW,52,0.1,10.0,all_scenarios,validation_alert_rate,0.0021550091080202102,0.002097420960267209,-5.758814775300115e-05,True
2,PTHW,52,0.1,50.0,all_scenarios,validation_alert_rate,0.0022035043903385274,0.002097420960267209,-0.00010608343007131827,True
2,PTHW,52,0.1,100.0,all_scenarios,validation_alert_rate,0.020055830193768963,0.02028618278478097,0.00023035259101200634,True
2,PTHW,52,0.1,500.0,all_scenarios,validation_alert_rate,0.02072870223593561,0.025423651755377672,0.004694949519442063,True
2,PTHW,52,0.1,1000.0,all_scenarios,validation_alert_rate,0.022262365539252385,0.031233992768141025,0.00897162722888864,True
2,PTHW,62,0.01,10.0,all_scenarios,validation_alert_rate,0.0,0.0,0.0,False
2,PTHW,62,0.01,50.0,all_scenarios,validation_alert_rate,0.009141360717002748,0.009414146680043282,0.0002727859630405338,True
2,PTHW,62,0.01,100.0,all_scenarios,validation_alert_rate,0.009944563830399874,0.009414146680043282,-0.0005304171503565918,True
2,PTHW,62,0.01,500.0,all_scenarios,validation_alert_rate,0.009944563830399874,0.009414146680043282,-0.0005304171503565918,True
2,PTHW,62,0.01,1000.0,all_scenarios,validation_alert_rate,0.009944563830399874,0.009414146680043282,-0.0005304171503565918,True
2,PTHW,62,0.03,10.0,all_scenarios,validation_alert_rate,0.0,0.0,0.0,False
2,PTHW,62,0.03,50.0,all_scenarios,validation_alert_rate,0.010947809983360056,0.009414146680043282,-0.0015336633033167738,True
2,PTHW,62,0.03,100.0,all_scenarios,validation_alert_rate,0.015227518647951528,0.010781107450390843,-0.004446411197560686,True
2,PTHW,62,0.03,500.0,all_scenarios,validation_alert_rate,0.015227518647951528,0.014066662827456817,-0.001160855820494711,True
2,PTHW,62,0.03,1000.0,all_scenarios,validation_alert_rate,0.024787151174949763,0.014066662827456817,-0.010720488347492946,True
2,PTHW,62,0.05,10.0,all_scenarios,validation_alert_rate,0.0,0.0,0.0,False
2,PTHW,62,0.05,50.0,all_scenarios,validation_alert_rate,0.010947809983360056,0.009414146680043282,-0.0015336633033167738,True
2,PTHW,62,0.05,100.0,all_scenarios,validation_alert_rate,0.015227518647951528,0.010781107450390843,-0.004446411197560686,True
2,PTHW,62,0.05,500.0,all_scenarios,validation_alert_rate,0.015227518647951528,0.014066662827456817,-0.001160855820494711,True
2,PTHW,62,0.05,1000.0,all_scenarios,validation_alert_rate,0.024787151174949763,0.014066662827456817,-0.010720488347492946,True
2,PTHW,62,0.1,10.0,all_scenarios,validation_alert_rate,0.0,0.0,0.0,False
2,PTHW,62,0.1,50.0,all_scenarios,validation_alert_rate,0.010947809983360056,0.009414146680043282,-0.0015336633033167738,True
2,PTHW,62,0.1,100.0,all_scenarios,validation_alert_rate,0.015227518647951528,0.010781107450390843,-0.004446411197560686,True
2,PTHW,62,0.1,500.0,all_scenarios,validation_alert_rate,0.015227518647951528,0.014066662827456817,-0.001160855820494711,True
2,PTHW,62,0.1,1000.0,all_scenarios,validation_alert_rate,0.024787151174949763,0.014066662827456817,-0.010720488347492946,True
2,PTHW,72,0.01,10.0,all_scenarios,validation_alert_rate,0.0,0.0,0.0,False
2,PTHW,72,0.01,50.0,all_scenarios,validation_alert_rate,0.006395315355728051,0.009420208590333072,0.003024893234605021,True
2,PTHW,72,0.01,100.0,all_scenarios,validation_alert_rate,0.009459611007216704,0.00962631354018592,0.0001667025329692151,True
2,PTHW,72,0.01,500.0,all_scenarios,validation_alert_rate,0.009459611007216704,0.009974873381848822,0.0005152623746321177,True
2,PTHW,72,0.01,1000.0,all_scenarios,validation_alert_rate,0.009459611007216704,0.009974873381848822,0.0005152623746321177,True
2,PTHW,72,0.03,10.0,all_scenarios,validation_alert_rate,0.0,0.0,0.0,False
2,PTHW,72,0.03,50.0,all_scenarios,validation_alert_rate,0.006395315355728051,0.009420208590333072,0.003024893234605021,True
2,PTHW,72,0.03,100.0,all_scenarios,validation_alert_rate,0.016339879186127924,0.020334678067099286,0.003994798880971363,True
2,PTHW,72,0.03,500.0,all_scenarios,validation_alert_rate,0.018688869423421402,0.026526919428119383,0.00783805000469798,True
2,PTHW,72,0.03,1000.0,all_scenarios,validation_alert_rate,0.02813029469976874,0.02987006295293836,0.0017397682531696199,True
2,PTHW,72,0.05,10.0,all_scenarios,validation_alert_rate,0.0,0.0,0.0,False
2,PTHW,72,0.05,50.0,all_scenarios,validation_alert_rate,0.006395315355728051,0.009420208590333072,0.003024893234605021,True
2,PTHW,72,0.05,100.0,all_scenarios,validation_alert_rate,0.016339879186127924,0.020334678067099286,0.003994798880971363,True
2,PTHW,72,0.05,500.0,all_scenarios,validation_alert_rate,0.018688869423421402,0.026526919428119383,0.00783805000469798,True
2,PTHW,72,0.05,1000.0,all_scenarios,validation_alert_rate,0.02813029469976874,0.04544614144255279,0.01731584674278405,True
2,PTHW,72,0.1,10.0,all_scenarios,validation_alert_rate,0.0,0.0,0.0,False
2,PTHW,72,0.1,50.0,all_scenarios,validation_alert_rate,0.006395315355728051,0.009420208590333072,0.003024893234605021,True
2,PTHW,72,0.1,100.0,all_scenarios,validation_alert_rate,0.016339879186127924,0.020334678067099286,0.003994798880971363,True
2,PTHW,72,0.1,500.0,all_scenarios,validation_alert_rate,0.018688869423421402,0.026526919428119383,0.00783805000469798,True
2,PTHW,72,0.1,1000.0,all_scenarios,validation_alert_rate,0.02813029469976874,0.04544614144255279,0.01731584674278405,True
2,PTHW,82,0.01,10.0,all_scenarios,validation_alert_rate,0.0006668101318768584,0.0016367157782431977,0.0009699056463663393,True
2,PTHW,82,0.01,50.0,all_scenarios,validation_alert_rate,0.0010911438521621318,0.0024005164747566902,0.0013093726225945584,True
2,PTHW,82,0.01,100.0,all_scenarios,validation_alert_rate,0.0045464327173422164,0.009865758996632609,0.005319326279290392,True
2,PTHW,82,0.01,500.0,all_scenarios,validation_alert_rate,0.009026184421496747,0.009865758996632609,0.0008395745751358617,True
2,PTHW,82,0.01,1000.0,all_scenarios,validation_alert_rate,0.009026184421496747,0.009865758996632609,0.0008395745751358617,True
2,PTHW,82,0.03,10.0,all_scenarios,validation_alert_rate,0.0006668101318768584,0.0016367157782431977,0.0009699056463663393,True
2,PTHW,82,0.03,50.0,all_scenarios,validation_alert_rate,0.0010911438521621318,0.0024005164747566902,0.0013093726225945584,True
2,PTHW,82,0.03,100.0,all_scenarios,validation_alert_rate,0.014218210584701556,0.016315631544968765,0.0020974209602672086,True
2,PTHW,82,0.03,500.0,all_scenarios,validation_alert_rate,0.020055830193768963,0.018161483228209707,-0.0018943469655592557,True
2,PTHW,82,0.03,1000.0,all_scenarios,validation_alert_rate,0.020055830193768963,0.018161483228209707,-0.0018943469655592557,True
2,PTHW,82,0.05,10.0,all_scenarios,validation_alert_rate,0.0006668101318768584,0.0016367157782431977,0.0009699056463663393,True
2,PTHW,82,0.05,50.0,all_scenarios,validation_alert_rate,0.0010911438521621318,0.0024005164747566902,0.0013093726225945584,True
2,PTHW,82,0.05,100.0,all_scenarios,validation_alert_rate,0.014218210584701556,0.016315631544968765,0.0020974209602672086,True
2,PTHW,82,0.05,500.0,all_scenarios,validation_alert_rate,0.020055830193768963,0.018161483228209707,-0.0018943469655592557,True
2,PTHW,82,0.05,1000.0,all_scenarios,validation_alert_rate,0.020055830193768963,0.018161483228209707,-0.0018943469655592557,True
2,PTHW,82,0.1,10.0,all_scenarios,validation_alert_rate,0.0006668101318768584,0.0016367157782431977,0.0009699056463663393,True
2,PTHW,82,0.1,50.0,all_scenarios,validation_alert_rate,0.0010911438521621318,0.0024005164747566902,0.0013093726225945584,True
2,PTHW,82,0.1,100.0,all_scenarios,validation_alert_rate,0.014218210584701556,0.016315631544968765,0.0020974209602672086,True
2,PTHW,82,0.1,500.0,all_scenarios,validation_alert_rate,0.020055830193768963,0.018161483228209707,-0.0018943469655592557,True
2,PTHW,82,0.1,1000.0,all_scenarios,validation_alert_rate,0.020055830193768963,0.018161483228209707,-0.0018943469655592557,True
2,PTHW5,42,0.03,100.0,all_scenarios,validation_alert_rate,0.013014921392178316,0.017321908653073842,0.004306987260895526,True
2,PTHW5,52,0.03,100.0,all_scenarios,validation_alert_rate,0.013575648093983856,0.00664688463275432,-0.0069287634612295364,True
2,PTHW5,62,0.03,100.0,all_scenarios,validation_alert_rate,0.014809246837956045,0.009662685001924657,-0.005146561836031387,True
2,PTHW5,72,0.03,100.0,all_scenarios,validation_alert_rate,0.018222102331107604,0.014003012769414026,-0.004219089561693578,True
2,PTHW5,82,0.03,100.0,all_scenarios,validation_alert_rate,0.015297230616284109,0.009277753698523015,-0.006019476917761094,True
3,P0,42,0.01,10.0,all_scenarios,validation_alert_rate,0.00021648616267897178,0.00018683052395582496,-2.9655638723146815e-05,True
3,P0,42,0.01,50.0,all_scenarios,validation_alert_rate,0.00038848886727322333,0.00465593527953405,0.004267446412260827,True
3,P0,42,0.01,100.0,all_scenarios,validation_alert_rate,0.008072264860440563,0.0068504525450469155,-0.001221812315393648,True
3,P0,42,0.01,500.0,all_scenarios,validation_alert_rate,0.009208075823537087,0.008573445154861746,-0.0006346306686753414,True
3,P0,42,0.01,1000.0,all_scenarios,validation_alert_rate,0.009208075823537087,0.008573445154861746,-0.0006346306686753414,True
3,P0,42,0.03,10.0,all_scenarios,validation_alert_rate,0.00021648616267897178,0.00018683052395582496,-2.9655638723146815e-05,True
3,P0,42,0.03,50.0,all_scenarios,validation_alert_rate,0.00038848886727322333,0.00465593527953405,0.004267446412260827,True
3,P0,42,0.03,100.0,all_scenarios,validation_alert_rate,0.008072264860440563,0.0068504525450469155,-0.001221812315393648,True
3,P0,42,0.03,500.0,all_scenarios,validation_alert_rate,0.022668770239973428,0.0294094969217447,0.006740726681771274,True
3,P0,42,0.03,1000.0,all_scenarios,validation_alert_rate,0.0291870796313211,0.0294094969217447,0.0002224172904236009,True
3,P0,42,0.05,10.0,all_scenarios,validation_alert_rate,0.00021648616267897178,0.00018683052395582496,-2.9655638723146815e-05,True
3,P0,42,0.05,50.0,all_scenarios,validation_alert_rate,0.00038848886727322333,0.00465593527953405,0.004267446412260827,True
3,P0,42,0.05,100.0,all_scenarios,validation_alert_rate,0.008072264860440563,0.0068504525450469155,-0.001221812315393648,True
3,P0,42,0.05,500.0,all_scenarios,validation_alert_rate,0.038659090639494194,0.04464656409769754,0.005987473458203343,True
3,P0,42,0.05,1000.0,all_scenarios,validation_alert_rate,0.0495278822315275,0.047060533089761686,-0.002467349141765815,True
3,P0,42,0.1,10.0,all_scenarios,validation_alert_rate,0.00021648616267897178,0.00018683052395582496,-2.9655638723146815e-05,True
3,P0,42,0.1,50.0,all_scenarios,validation_alert_rate,0.00038848886727322333,0.00465593527953405,0.004267446412260827,True
3,P0,42,0.1,100.0,all_scenarios,validation_alert_rate,0.008072264860440563,0.0068504525450469155,-0.001221812315393648,True
3,P0,42,0.1,500.0,all_scenarios,validation_alert_rate,0.09955101362973155,0.09714297576541203,-0.0024080378643195205,True
3,P0,42,0.1,1000.0,all_scenarios,validation_alert_rate,0.09955101362973155,0.09714297576541203,-0.0024080378643195205,True
3,P0,52,0.01,10.0,all_scenarios,validation_alert_rate,0.00022241729042360114,0.00021945172655128646,-2.9655638723146815e-06,True
3,P0,52,0.01,50.0,all_scenarios,validation_alert_rate,0.004632210768555533,0.004537312724641463,-9.489804391406981e-05,True
3,P0,52,0.01,100.0,all_scenarios,validation_alert_rate,0.004632210768555533,0.00647975706100758,0.0018475462924520472,True
3,P0,52,0.01,500.0,all_scenarios,validation_alert_rate,0.009086487704772186,0.009267387100983382,0.0001808993962111958,True
3,P0,52,0.01,1000.0,all_scenarios,validation_alert_rate,0.009086487704772186,0.009267387100983382,0.0001808993962111958,True
3,P0,52,0.03,10.0,all_scenarios,validation_alert_rate,0.00022241729042360114,0.00021945172655128646,-2.9655638723146815e-06,True
3,P0,52,0.03,50.0,all_scenarios,validation_alert_rate,0.004632210768555533,0.004537312724641463,-9.489804391406981e-05,True
3,P0,52,0.03,100.0,all_scenarios,validation_alert_rate,0.004632210768555533,0.00647975706100758,0.0018475462924520472,True
3,P0,52,0.03,500.0,all_scenarios,validation_alert_rate,0.028709623847878434,0.025714404336840607,-0.002995219511037827,True
3,P0,52,0.03,1000.0,all_scenarios,validation_alert_rate,0.028709623847878434,0.025714404336840607,-0.002995219511037827,True
3,P0,52,0.05,10.0,all_scenarios,validation_alert_rate,0.00022241729042360114,0.00021945172655128646,-2.9655638723146815e-06,True
3,P0,52,0.05,50.0,all_scenarios,validation_alert_rate,0.004632210768555533,0.004537312724641463,-9.489804391406981e-05,True
3,P0,52,0.05,100.0,all_scenarios,validation_alert_rate,0.004632210768555533,0.00647975706100758,0.0018475462924520472,True
3,P0,52,0.05,500.0,all_scenarios,validation_alert_rate,0.0498511286936098,0.04742529744605639,-0.0024258312475534116,True
3,P0,52,0.05,1000.0,all_scenarios,validation_alert_rate,0.0498511286936098,0.04742529744605639,-0.0024258312475534116,True
3,P0,52,0.1,10.0,all_scenarios,validation_alert_rate,0.00022241729042360114,0.00021945172655128646,-2.9655638723146815e-06,True
3,P0,52,0.1,50.0,all_scenarios,validation_alert_rate,0.004632210768555533,0.004537312724641463,-9.489804391406981e-05,True
3,P0,52,0.1,100.0,all_scenarios,validation_alert_rate,0.004632210768555533,0.00647975706100758,0.0018475462924520472,True
3,P0,52,0.1,500.0,all_scenarios,validation_alert_rate,0.09137495403375998,0.09126522817048434,-0.00010972586327563649,True
3,P0,52,0.1,1000.0,all_scenarios,validation_alert_rate,0.09858720537122928,0.09825506221753004,-0.00033214315369924086,True
3,P0,62,0.01,10.0,all_scenarios,validation_alert_rate,0.00014531262974341942,0.0002135205988066571,6.820796906323767e-05,True
3,P0,62,0.01,50.0,all_scenarios,validation_alert_rate,0.00032324646208230034,0.00038552330340090865,6.227684131860831e-05,True
3,P0,62,0.01,100.0,all_scenarios,validation_alert_rate,0.00032324646208230034,0.008884829361454787,0.008561582899372486,True
3,P0,62,0.01,500.0,all_scenarios,validation_alert_rate,0.00858234184647869,0.008884829361454787,0.0003024875149760971,True
3,P0,62,0.01,1000.0,all_scenarios,validation_alert_rate,0.00858234184647869,0.008884829361454787,0.0003024875149760971,True
3,P0,62,0.03,10.0,all_scenarios,validation_alert_rate,0.00014531262974341942,0.0002135205988066571,6.820796906323767e-05,True
3,P0,62,0.03,50.0,all_scenarios,validation_alert_rate,0.00032324646208230034,0.00038552330340090865,6.227684131860831e-05,True
3,P0,62,0.03,100.0,all_scenarios,validation_alert_rate,0.012396056986275371,0.008884829361454787,-0.0035112276248205846,True
3,P0,62,0.03,500.0,all_scenarios,validation_alert_rate,0.029762399022550148,0.028252927011541976,-0.0015094720110081714,True
3,P0,62,0.03,1000.0,all_scenarios,validation_alert_rate,0.029762399022550148,0.028252927011541976,-0.0015094720110081714,True
3,P0,62,0.05,10.0,all_scenarios,validation_alert_rate,0.00014531262974341942,0.0002135205988066571,6.820796906323767e-05,True
3,P0,62,0.05,50.0,all_scenarios,validation_alert_rate,0.00032324646208230034,0.00038552330340090865,6.227684131860831e-05,True
3,P0,62,0.05,100.0,all_scenarios,validation_alert_rate,0.012396056986275371,0.008884829361454787,-0.0035112276248205846,True
3,P0,62,0.05,500.0,all_scenarios,validation_alert_rate,0.04353447764557953,0.04806289367860405,0.004528416033024521,True
3,P0,62,0.05,1000.0,all_scenarios,validation_alert_rate,0.04645852362368181,0.04806289367860405,0.0016043700549222412,True
3,P0,62,0.1,10.0,all_scenarios,validation_alert_rate,0.00014531262974341942,0.0002135205988066571,6.820796906323767e-05,True
3,P0,62,0.1,50.0,all_scenarios,validation_alert_rate,0.00032324646208230034,0.00038552330340090865,6.227684131860831e-05,True
3,P0,62,0.1,100.0,all_scenarios,validation_alert_rate,0.012396056986275371,0.008884829361454787,-0.0035112276248205846,True
3,P0,62,0.1,500.0,all_scenarios,validation_alert_rate,0.09271538890404621,0.09078777238704167,-0.0019276165170045434,True
3,P0,62,0.1,1000.0,all_scenarios,validation_alert_rate,0.09271538890404621,0.09795554026642626,0.005240151362380055,True
3,P0,72,0.01,10.0,all_scenarios,validation_alert_rate,0.00021945172655128646,0.0002135205988066571,-5.931127744629363e-06,True
3,P0,72,0.01,50.0,all_scenarios,validation_alert_rate,0.0049524916667655185,0.005646433612887154,0.0006939419461216359,True
3,P0,72,0.01,100.0,all_scenarios,validation_alert_rate,0.005154150010082917,0.00909538439638913,0.003941234386306213,True
3,P0,72,0.01,500.0,all_scenarios,validation_alert_rate,0.006903832694748579,0.00909538439638913,0.0021915517016405503,True
3,P0,72,0.01,1000.0,all_scenarios,validation_alert_rate,0.006903832694748579,0.00909538439638913,0.0021915517016405503,True
3,P0,72,0.03,10.0,all_scenarios,validation_alert_rate,0.00021945172655128646,0.0002135205988066571,-5.931127744629363e-06,True
3,P0,72,0.03,50.0,all_scenarios,validation_alert_rate,0.0049524916667655185,0.005646433612887154,0.0006939419461216359,True
3,P0,72,0.03,100.0,all_scenarios,validation_alert_rate,0.005154150010082917,0.00909538439638913,0.003941234386306213,True
3,P0,72,0.03,500.0,all_scenarios,validation_alert_rate,0.026959941163212774,0.026612970190151956,-0.00034697097306081795,True
3,P0,72,0.03,1000.0,all_scenarios,validation_alert_rate,0.029800951352890237,0.028736313922729267,-0.0010646374301609696,True
3,P0,72,0.05,10.0,all_scenarios,validation_alert_rate,0.00021945172655128646,0.0002135205988066571,-5.931127744629363e-06,True
3,P0,72,0.05,50.0,all_scenarios,validation_alert_rate,0.0049524916667655185,0.005646433612887154,0.0006939419461216359,True
3,P0,72,0.05,100.0,all_scenarios,validation_alert_rate,0.005154150010082917,0.00909538439638913,0.003941234386306213,True
3,P0,72,0.05,500.0,all_scenarios,validation_alert_rate,0.04908897877842493,0.04789978766562674,-0.0011891911127981866,True
3,P0,72,0.05,1000.0,all_scenarios,validation_alert_rate,0.04908897877842493,0.04789978766562674,-0.0011891911127981866,True
3,P0,72,0.1,10.0,all_scenarios,validation_alert_rate,0.00021945172655128646,0.0002135205988066571,-5.931127744629363e-06,True
3,P0,72,0.1,50.0,all_scenarios,validation_alert_rate,0.0049524916667655185,0.005646433612887154,0.0006939419461216359,True
3,P0,72,0.1,100.0,all_scenarios,validation_alert_rate,0.005154150010082917,0.00909538439638913,0.003941234386306213,True
3,P0,72,0.1,500.0,all_scenarios,validation_alert_rate,0.09260269747689825,0.09619992645401597,0.003597228977117714,True
3,P0,72,0.1,1000.0,all_scenarios,validation_alert_rate,0.09794960913868163,0.09619992645401597,-0.00174968268466566,True
3,P0,82,0.01,10.0,all_scenarios,validation_alert_rate,0.00020462390718971305,0.00021648616267897178,1.1862255489258726e-05,True
3,P0,82,0.01,50.0,all_scenarios,validation_alert_rate,0.0003944199950178527,0.00038255773952859396,-1.1862255489258726e-05,True
3,P0,82,0.01,100.0,all_scenarios,validation_alert_rate,0.0003944199950178527,0.0060764403743727834,0.005682020379354931,True
3,P0,82,0.01,500.0,all_scenarios,validation_alert_rate,0.007983297944271123,0.008632756432308038,0.000649458488036915,True
3,P0,82,0.01,1000.0,all_scenarios,validation_alert_rate,0.007983297944271123,0.008632756432308038,0.000649458488036915,True
3,P0,82,0.03,10.0,all_scenarios,validation_alert_rate,0.00020462390718971305,0.00021648616267897178,1.1862255489258726e-05,True
3,P0,82,0.03,50.0,all_scenarios,validation_alert_rate,0.0003944199950178527,0.00038255773952859396,-1.1862255489258726e-05,True
3,P0,82,0.03,100.0,all_scenarios,validation_alert_rate,0.012298193378488986,0.0060764403743727834,-0.006221753004116202,True
3,P0,82,0.03,500.0,all_scenarios,validation_alert_rate,0.029018042490599163,0.02636979395262215,-0.0026482485379770125,True
3,P0,82,0.03,1000.0,all_scenarios,validation_alert_rate,0.029018042490599163,0.029216735270044245,0.0001986927794450817,True
3,P0,82,0.05,10.0,all_scenarios,validation_alert_rate,0.00020462390718971305,0.00021648616267897178,1.1862255489258726e-05,True
3,P0,82,0.05,50.0,all_scenarios,validation_alert_rate,0.0003944199950178527,0.00038255773952859396,-1.1862255489258726e-05,True
3,P0,82,0.05,100.0,all_scenarios,validation_alert_rate,0.012298193378488986,0.0060764403743727834,-0.006221753004116202,True
3,P0,82,0.05,500.0,all_scenarios,validation_alert_rate,0.042294871946951994,0.038401086582602814,-0.0038937853643491796,True
3,P0,82,0.05,1000.0,all_scenarios,validation_alert_rate,0.042294871946951994,0.049136427800381965,0.006841555853429972,True
3,P0,82,0.1,10.0,all_scenarios,validation_alert_rate,0.00020462390718971305,0.00021648616267897178,1.1862255489258726e-05,True
3,P0,82,0.1,50.0,all_scenarios,validation_alert_rate,0.0003944199950178527,0.00038255773952859396,-1.1862255489258726e-05,True
3,P0,82,0.1,100.0,all_scenarios,validation_alert_rate,0.012298193378488986,0.0060764403743727834,-0.006221753004116202,True
3,P0,82,0.1,500.0,all_scenarios,validation_alert_rate,0.09300008303578843,0.09330257055076452,0.0003024875149760936,True
3,P0,82,0.1,1000.0,all_scenarios,validation_alert_rate,0.09300008303578843,0.09330257055076452,0.0003024875149760936,True
3,PH,42,0.03,100.0,all_scenarios,validation_alert_rate,0.010320162275655093,0.011106036701818483,0.0007858744261633899,True
3,PH,52,0.03,100.0,all_scenarios,validation_alert_rate,0.011636872634962811,0.011791081956323175,0.0001542093213603643,True
3,PH,62,0.03,100.0,all_scenarios,validation_alert_rate,0.011595354740750406,0.0112305903844557,-0.0003647643562947056,True
3,PH,72,0.03,100.0,all_scenarios,validation_alert_rate,0.011177210234754036,0.011808875339557063,0.0006316651048030274,True
3,PH,82,0.03,100.0,all_scenarios,validation_alert_rate,0.011132726776669316,0.012410884805636943,0.0012781580289676266,True
3,PT,42,0.03,100.0,all_scenarios,validation_alert_rate,0.006580586232666279,0.00666955314883572,8.896691616944088e-05,True
3,PT,52,0.03,100.0,all_scenarios,validation_alert_rate,0.006684380968197293,0.009391940783620597,0.0027075598154233035,True
3,PT,62,0.03,100.0,all_scenarios,validation_alert_rate,0.006749623373388216,0.00880475913690229,0.0020551357635140745,True
3,PT,72,0.03,100.0,all_scenarios,validation_alert_rate,0.016114874082157983,0.006364100069987308,-0.009750774012170674,True
3,PT,82,0.03,100.0,all_scenarios,validation_alert_rate,0.007327908328489579,0.0070254208135134815,-0.0003024875149760971,True
3,PTH,42,0.03,100.0,all_scenarios,validation_alert_rate,0.014368156961364634,0.011061553243733764,-0.0033066037176308696,True
3,PTH,52,0.03,100.0,all_scenarios,validation_alert_rate,0.013211587051161908,0.012823098183888685,-0.00038848886727322306,True
3,PTH,62,0.03,100.0,all_scenarios,validation_alert_rate,0.014285121172939824,0.019326579755874783,0.005041458582934959,True
3,PTH,72,0.03,100.0,all_scenarios,validation_alert_rate,0.007491014341466887,0.007565153438274754,7.413909680786725e-05,True
3,PTH,82,0.03,100.0,all_scenarios,validation_alert_rate,0.0078053641119322425,0.013692008398476887,0.005886644286544645,True
3,PTHW,42,0.01,10.0,all_scenarios,validation_alert_rate,0.0012989169760738307,0.0008896691616944046,-0.00040924781437942615,True
3,PTHW,42,0.01,50.0,all_scenarios,validation_alert_rate,0.007520669980190033,0.006791141267600622,-0.0007295287125894112,True
3,PTHW,42,0.01,100.0,all_scenarios,validation_alert_rate,0.007520669980190033,0.008846277031114696,0.0013256070509246624,True
3,PTHW,42,0.01,500.0,all_scenarios,validation_alert_rate,0.009999881377445107,0.009795257470255394,-0.00020462390718971324,True
3,PTHW,42,0.01,1000.0,all_scenarios,validation_alert_rate,0.009999881377445107,0.009795257470255394,-0.00020462390718971324,True
3,PTHW,42,0.03,10.0,all_scenarios,validation_alert_rate,0.0012989169760738307,0.0008896691616944046,-0.00040924781437942615,True
3,PTHW,42,0.03,50.0,all_scenarios,validation_alert_rate,0.007520669980190033,0.006791141267600622,-0.0007295287125894112,True
3,PTHW,42,0.03,100.0,all_scenarios,validation_alert_rate,0.007520669980190033,0.008846277031114696,0.0013256070509246624,True
3,PTHW,42,0.03,500.0,all_scenarios,validation_alert_rate,0.012917996227802755,0.014228775459365843,0.001310779231563088,True
3,PTHW,42,0.03,1000.0,all_scenarios,validation_alert_rate,0.023419057899669044,0.01732482414206237,-0.006094233757606673,True
3,PTHW,42,0.05,10.0,all_scenarios,validation_alert_rate,0.0012989169760738307,0.0008896691616944046,-0.00040924781437942615,True
3,PTHW,42,0.05,50.0,all_scenarios,validation_alert_rate,0.007520669980190033,0.006791141267600622,-0.0007295287125894112,True
3,PTHW,42,0.05,100.0,all_scenarios,validation_alert_rate,0.007520669980190033,0.008846277031114696,0.0013256070509246624,True
3,PTHW,42,0.05,500.0,all_scenarios,validation_alert_rate,0.012917996227802755,0.014228775459365843,0.001310779231563088,True
3,PTHW,42,0.05,1000.0,all_scenarios,validation_alert_rate,0.023419057899669044,0.01732482414206237,-0.006094233757606673,True
3,PTHW,42,0.1,10.0,all_scenarios,validation_alert_rate,0.0012989169760738307,0.0008896691616944046,-0.00040924781437942615,True
3,PTHW,42,0.1,50.0,all_scenarios,validation_alert_rate,0.007520669980190033,0.006791141267600622,-0.0007295287125894112,True
3,PTHW,42,0.1,100.0,all_scenarios,validation_alert_rate,0.007520669980190033,0.008846277031114696,0.0013256070509246624,True
3,PTHW,42,0.1,500.0,all_scenarios,validation_alert_rate,0.012917996227802755,0.014228775459365843,0.001310779231563088,True
3,PTHW,42,0.1,1000.0,all_scenarios,validation_alert_rate,0.023419057899669044,0.01732482414206237,-0.006094233757606673,True
3,PTHW,52,0.01,10.0,all_scenarios,validation_alert_rate,0.0008511168313543137,0.0005367670608889575,-0.00031434977046535624,True
3,PTHW,52,0.01,50.0,all_scenarios,validation_alert_rate,0.004024270174731023,0.0033540527395879054,-0.0006702174351431176,True
3,PTHW,52,0.01,100.0,all_scenarios,validation_alert_rate,0.007185561262618474,0.0033540527395879054,-0.0038315085230305685,True
3,PTHW,52,0.01,500.0,all_scenarios,validation_alert_rate,0.0097359461928091,0.009294077175834213,-0.00044186901697488776,True
3,PTHW,52,0.01,1000.0,all_scenarios,validation_alert_rate,0.0097359461928091,0.009294077175834213,-0.00044186901697488776,True
3,PTHW,52,0.03,10.0,all_scenarios,validation_alert_rate,0.0008511168313543137,0.0005367670608889575,-0.00031434977046535624,True
3,PTHW,52,0.03,50.0,all_scenarios,validation_alert_rate,0.004024270174731023,0.0033540527395879054,-0.0006702174351431176,True
3,PTHW,52,0.03,100.0,all_scenarios,validation_alert_rate,0.007185561262618474,0.012087638343554644,0.0049020770809361704,True
3,PTHW,52,0.03,500.0,all_scenarios,validation_alert_rate,0.010904378358501086,0.0147655425202548,0.003861164161753715,True
3,PTHW,52,0.03,1000.0,all_scenarios,validation_alert_rate,0.012482058338572495,0.0147655425202548,0.002283484181682305,True
3,PTHW,52,0.05,10.0,all_scenarios,validation_alert_rate,0.0008511168313543137,0.0005367670608889575,-0.00031434977046535624,True
3,PTHW,52,0.05,50.0,all_scenarios,validation_alert_rate,0.004024270174731023,0.0033540527395879054,-0.0006702174351431176,True
3,PTHW,52,0.05,100.0,all_scenarios,validation_alert_rate,0.007185561262618474,0.012087638343554644,0.0049020770809361704,True
3,PTHW,52,0.05,500.0,all_scenarios,validation_alert_rate,0.010904378358501086,0.0147655425202548,0.003861164161753715,True
3,PTHW,52,0.05,1000.0,all_scenarios,validation_alert_rate,0.012482058338572495,0.0147655425202548,0.002283484181682305,True
3,PTHW,52,0.1,10.0,all_scenarios,validation_alert_rate,0.0008511168313543137,0.0005367670608889575,-0.00031434977046535624,True
3,PTHW,52,0.1,50.0,all_scenarios,validation_alert_rate,0.004024270174731023,0.0033540527395879054,-0.0006702174351431176,True
3,PTHW,52,0.1,100.0,all_scenarios,validation_alert_rate,0.007185561262618474,0.012087638343554644,0.0049020770809361704,True
3,PTHW,52,0.1,500.0,all_scenarios,validation_alert_rate,0.010904378358501086,0.0147655425202548,0.003861164161753715,True
3,PTHW,52,0.1,1000.0,all_scenarios,validation_alert_rate,0.012482058338572495,0.0147655425202548,0.002283484181682305,True
3,PTHW,62,0.01,10.0,all_scenarios,validation_alert_rate,0.000456696836336461,0.0014323673503279914,0.0009756705139915304,True
3,PTHW,62,0.01,50.0,all_scenarios,validation_alert_rate,0.00540918850310198,0.005658295868376413,0.00024910736527443324,True
3,PTHW,62,0.01,100.0,all_scenarios,validation_alert_rate,0.009018279735708947,0.00847558154707536,-0.0005426981886335874,True
3,PTHW,62,0.01,500.0,all_scenarios,validation_alert_rate,0.009581736871448737,0.009916845589020297,0.0003351087175715601,True
3,PTHW,62,0.01,1000.0,all_scenarios,validation_alert_rate,0.009581736871448737,0.009916845589020297,0.0003351087175715601,True
3,PTHW,62,0.03,10.0,all_scenarios,validation_alert_rate,0.000456696836336461,0.0014323673503279914,0.0009756705139915304,True
3,PTHW,62,0.03,50.0,all_scenarios,validation_alert_rate,0.00540918850310198,0.005658295868376413,0.00024910736527443324,True
3,PTHW,62,0.03,100.0,all_scenarios,validation_alert_rate,0.009018279735708947,0.011340316247731344,0.0023220365120223962,True
3,PTHW,62,0.03,500.0,all_scenarios,validation_alert_rate,0.012241847664915007,0.014202085384515012,0.0019602377196000047,True
3,PTHW,62,0.03,1000.0,all_scenarios,validation_alert_rate,0.02726242867818887,0.02602578854343365,-0.0012366401347552215,True
3,PTHW,62,0.05,10.0,all_scenarios,validation_alert_rate,0.000456696836336461,0.0014323673503279914,0.0009756705139915304,True
3,PTHW,62,0.05,50.0,all_scenarios,validation_alert_rate,0.00540918850310198,0.005658295868376413,0.00024910736527443324,True
3,PTHW,62,0.05,100.0,all_scenarios,validation_alert_rate,0.009018279735708947,0.011340316247731344,0.0023220365120223962,True
3,PTHW,62,0.05,500.0,all_scenarios,validation_alert_rate,0.012241847664915007,0.014202085384515012,0.0019602377196000047,True
3,PTHW,62,0.05,1000.0,all_scenarios,validation_alert_rate,0.02726242867818887,0.02602578854343365,-0.0012366401347552215,True
3,PTHW,62,0.1,10.0,all_scenarios,validation_alert_rate,0.000456696836336461,0.0014323673503279914,0.0009756705139915304,True
3,PTHW,62,0.1,50.0,all_scenarios,validation_alert_rate,0.00540918850310198,0.005658295868376413,0.00024910736527443324,True
3,PTHW,62,0.1,100.0,all_scenarios,validation_alert_rate,0.009018279735708947,0.011340316247731344,0.0023220365120223962,True
3,PTHW,62,0.1,500.0,all_scenarios,validation_alert_rate,0.012241847664915007,0.014202085384515012,0.0019602377196000047,True
3,PTHW,62,0.1,1000.0,all_scenarios,validation_alert_rate,0.02726242867818887,0.02602578854343365,-0.0012366401347552215,True
3,PTHW,72,0.01,10.0,all_scenarios,validation_alert_rate,0.0006227684131860832,0.0004952491666765519,-0.0001275192465095313,True
3,PTHW,72,0.01,50.0,all_scenarios,validation_alert_rate,0.003674333637797891,0.0033599838673325348,-0.00031434977046535624,True
3,PTHW,72,0.01,100.0,all_scenarios,validation_alert_rate,0.009988019121955849,0.009655875968256605,-0.0003321431536992443,True
3,PTHW,72,0.01,500.0,all_scenarios,validation_alert_rate,0.009988019121955849,0.009655875968256605,-0.0003321431536992443,True
3,PTHW,72,0.01,1000.0,all_scenarios,validation_alert_rate,0.009988019121955849,0.009655875968256605,-0.0003321431536992443,True
3,PTHW,72,0.03,10.0,all_scenarios,validation_alert_rate,0.0006227684131860832,0.0004952491666765519,-0.0001275192465095313,True
3,PTHW,72,0.03,50.0,all_scenarios,validation_alert_rate,0.003674333637797891,0.0033599838673325348,-0.00031434977046535624,True
3,PTHW,72,0.03,100.0,all_scenarios,validation_alert_rate,0.011467835494240875,0.010091813857486863,-0.0013760216367540122,True
3,PTHW,72,0.03,500.0,all_scenarios,validation_alert_rate,0.015337896347611535,0.01615046084862576,0.0008125645010142232,True
3,PTHW,72,0.03,1000.0,all_scenarios,validation_alert_rate,0.02579150899752079,0.01615046084862576,-0.009641048148895031,True
3,PTHW,72,0.05,10.0,all_scenarios,validation_alert_rate,0.0006227684131860832,0.0004952491666765519,-0.0001275192465095313,True
3,PTHW,72,0.05,50.0,all_scenarios,validation_alert_rate,0.003674333637797891,0.0033599838673325348,-0.00031434977046535624,True
3,PTHW,72,0.05,100.0,all_scenarios,validation_alert_rate,0.011467835494240875,0.010091813857486863,-0.0013760216367540122,True
3,PTHW,72,0.05,500.0,all_scenarios,validation_alert_rate,0.015337896347611535,0.01615046084862576,0.0008125645010142232,True
3,PTHW,72,0.05,1000.0,all_scenarios,validation_alert_rate,0.03536138361348027,0.01615046084862576,-0.01921092276485451,True
3,PTHW,72,0.1,10.0,all_scenarios,validation_alert_rate,0.0006227684131860832,0.0004952491666765519,-0.0001275192465095313,True
3,PTHW,72,0.1,50.0,all_scenarios,validation_alert_rate,0.003674333637797891,0.0033599838673325348,-0.00031434977046535624,True
3,PTHW,72,0.1,100.0,all_scenarios,validation_alert_rate,0.011467835494240875,0.010091813857486863,-0.0013760216367540122,True
3,PTHW,72,0.1,500.0,all_scenarios,validation_alert_rate,0.015337896347611535,0.01615046084862576,0.0008125645010142232,True
3,PTHW,72,0.1,1000.0,all_scenarios,validation_alert_rate,0.03536138361348027,0.01615046084862576,-0.01921092276485451,True
3,PTHW,82,0.01,10.0,all_scenarios,validation_alert_rate,0.0004270411976133142,0.000521939241527384,9.489804391406986e-05,True
3,PTHW,82,0.01,50.0,all_scenarios,validation_alert_rate,0.003831508523030569,0.005225323543018469,0.0013938150199879003,True
3,PTHW,82,0.01,100.0,all_scenarios,validation_alert_rate,0.009712221681830583,0.009700359426341324,-1.1862255489259593e-05,True
3,PTHW,82,0.01,500.0,all_scenarios,validation_alert_rate,0.009712221681830583,0.009700359426341324,-1.1862255489259593e-05,True
3,PTHW,82,0.01,1000.0,all_scenarios,validation_alert_rate,0.009712221681830583,0.009700359426341324,-1.1862255489259593e-05,True
3,PTHW,82,0.03,10.0,all_scenarios,validation_alert_rate,0.0004270411976133142,0.000521939241527384,9.489804391406986e-05,True
3,PTHW,82,0.03,50.0,all_scenarios,validation_alert_rate,0.003831508523030569,0.005225323543018469,0.0013938150199879003,True
3,PTHW,82,0.03,100.0,all_scenarios,validation_alert_rate,0.012562128563124993,0.01043878483054768,-0.002123343732577313,True
3,PTHW,82,0.03,500.0,all_scenarios,validation_alert_rate,0.017713313009335596,0.01689185181670443,-0.000821461192631167,True
3,PTHW,82,0.03,1000.0,all_scenarios,validation_alert_rate,0.02364444075396496,0.021310541986453303,-0.002333898767511656,True
3,PTHW,82,0.05,10.0,all_scenarios,validation_alert_rate,0.0004270411976133142,0.000521939241527384,9.489804391406986e-05,True
3,PTHW,82,0.05,50.0,all_scenarios,validation_alert_rate,0.003831508523030569,0.005225323543018469,0.0013938150199879003,True
3,PTHW,82,0.05,100.0,all_scenarios,validation_alert_rate,0.012562128563124993,0.01043878483054768,-0.002123343732577313,True
3,PTHW,82,0.05,500.0,all_scenarios,validation_alert_rate,0.017713313009335596,0.01689185181670443,-0.000821461192631167,True
3,PTHW,82,0.05,1000.0,all_scenarios,validation_alert_rate,0.02364444075396496,0.021310541986453303,-0.002333898767511656,True
3,PTHW,82,0.1,10.0,all_scenarios,validation_alert_rate,0.0004270411976133142,0.000521939241527384,9.489804391406986e-05,True
3,PTHW,82,0.1,50.0,all_scenarios,validation_alert_rate,0.003831508523030569,0.005225323543018469,0.0013938150199879003,True
3,PTHW,82,0.1,100.0,all_scenarios,validation_alert_rate,0.012562128563124993,0.01043878483054768,-0.002123343732577313,True
3,PTHW,82,0.1,500.0,all_scenarios,validation_alert_rate,0.017713313009335596,0.01689185181670443,-0.000821461192631167,True
3,PTHW,82,0.1,1000.0,all_scenarios,validation_alert_rate,0.02364444075396496,0.021310541986453303,-0.002333898767511656,True
3,PTHW5,42,0.03,100.0,all_scenarios,validation_alert_rate,0.009655875968256605,0.0075918435131255855,-0.002064032455131019,True
3,PTHW5,52,0.03,100.0,all_scenarios,validation_alert_rate,0.007808329675804557,0.008368821247672032,0.000560491571867475,True
3,PTHW5,62,0.03,100.0,all_scenarios,validation_alert_rate,0.012381229166913798,0.014380019216853893,0.0019987900499400958,True
3,PTHW5,72,0.03,100.0,all_scenarios,validation_alert_rate,0.008416270269629067,0.012657026607039063,0.004240756337409996,True
3,PTHW5,82,0.03,100.0,all_scenarios,validation_alert_rate,0.0077163971957628025,0.007022455249641167,-0.0006939419461216359,True
1,P0,42,0.01,10.0,all_scenarios,n,642661.0,642661.0,0.0,False
1,P0,42,0.01,50.0,all_scenarios,n,642661.0,642661.0,0.0,False
1,P0,42,0.01,100.0,all_scenarios,n,642661.0,642661.0,0.0,False
1,P0,42,0.01,500.0,all_scenarios,n,642661.0,642661.0,0.0,False
1,P0,42,0.01,1000.0,all_scenarios,n,642661.0,642661.0,0.0,False
1,P0,42,0.03,10.0,all_scenarios,n,642661.0,642661.0,0.0,False
1,P0,42,0.03,50.0,all_scenarios,n,642661.0,642661.0,0.0,False
1,P0,42,0.03,100.0,all_scenarios,n,642661.0,642661.0,0.0,False
1,P0,42,0.03,500.0,all_scenarios,n,642661.0,642661.0,0.0,False
1,P0,42,0.03,1000.0,all_scenarios,n,642661.0,642661.0,0.0,False
1,P0,42,0.05,10.0,all_scenarios,n,642661.0,642661.0,0.0,False
1,P0,42,0.05,50.0,all_scenarios,n,642661.0,642661.0,0.0,False
1,P0,42,0.05,100.0,all_scenarios,n,642661.0,642661.0,0.0,False
1,P0,42,0.05,500.0,all_scenarios,n,642661.0,642661.0,0.0,False
1,P0,42,0.05,1000.0,all_scenarios,n,642661.0,642661.0,0.0,False
1,P0,42,0.1,10.0,all_scenarios,n,642661.0,642661.0,0.0,False
1,P0,42,0.1,50.0,all_scenarios,n,642661.0,642661.0,0.0,False
1,P0,42,0.1,100.0,all_scenarios,n,642661.0,642661.0,0.0,False
1,P0,42,0.1,500.0,all_scenarios,n,642661.0,642661.0,0.0,False
1,P0,42,0.1,1000.0,all_scenarios,n,642661.0,642661.0,0.0,False
1,P0,52,0.01,10.0,all_scenarios,n,642661.0,642661.0,0.0,False
1,P0,52,0.01,50.0,all_scenarios,n,642661.0,642661.0,0.0,False
1,P0,52,0.01,100.0,all_scenarios,n,642661.0,642661.0,0.0,False
1,P0,52,0.01,500.0,all_scenarios,n,642661.0,642661.0,0.0,False
1,P0,52,0.01,1000.0,all_scenarios,n,642661.0,642661.0,0.0,False
1,P0,52,0.03,10.0,all_scenarios,n,642661.0,642661.0,0.0,False
1,P0,52,0.03,50.0,all_scenarios,n,642661.0,642661.0,0.0,False
1,P0,52,0.03,100.0,all_scenarios,n,642661.0,642661.0,0.0,False
1,P0,52,0.03,500.0,all_scenarios,n,642661.0,642661.0,0.0,False
1,P0,52,0.03,1000.0,all_scenarios,n,642661.0,642661.0,0.0,False
1,P0,52,0.05,10.0,all_scenarios,n,642661.0,642661.0,0.0,False
1,P0,52,0.05,50.0,all_scenarios,n,642661.0,642661.0,0.0,False
1,P0,52,0.05,100.0,all_scenarios,n,642661.0,642661.0,0.0,False
1,P0,52,0.05,500.0,all_scenarios,n,642661.0,642661.0,0.0,False
1,P0,52,0.05,1000.0,all_scenarios,n,642661.0,642661.0,0.0,False
1,P0,52,0.1,10.0,all_scenarios,n,642661.0,642661.0,0.0,False
1,P0,52,0.1,50.0,all_scenarios,n,642661.0,642661.0,0.0,False
1,P0,52,0.1,100.0,all_scenarios,n,642661.0,642661.0,0.0,False
1,P0,52,0.1,500.0,all_scenarios,n,642661.0,642661.0,0.0,False
1,P0,52,0.1,1000.0,all_scenarios,n,642661.0,642661.0,0.0,False
1,P0,62,0.01,10.0,all_scenarios,n,642661.0,642661.0,0.0,False
1,P0,62,0.01,50.0,all_scenarios,n,642661.0,642661.0,0.0,False
1,P0,62,0.01,100.0,all_scenarios,n,642661.0,642661.0,0.0,False
1,P0,62,0.01,500.0,all_scenarios,n,642661.0,642661.0,0.0,False
1,P0,62,0.01,1000.0,all_scenarios,n,642661.0,642661.0,0.0,False
1,P0,62,0.03,10.0,all_scenarios,n,642661.0,642661.0,0.0,False
1,P0,62,0.03,50.0,all_scenarios,n,642661.0,642661.0,0.0,False
1,P0,62,0.03,100.0,all_scenarios,n,642661.0,642661.0,0.0,False
1,P0,62,0.03,500.0,all_scenarios,n,642661.0,642661.0,0.0,False
1,P0,62,0.03,1000.0,all_scenarios,n,642661.0,642661.0,0.0,False
1,P0,62,0.05,10.0,all_scenarios,n,642661.0,642661.0,0.0,False
1,P0,62,0.05,50.0,all_scenarios,n,642661.0,642661.0,0.0,False
1,P0,62,0.05,100.0,all_scenarios,n,642661.0,642661.0,0.0,False
1,P0,62,0.05,500.0,all_scenarios,n,642661.0,642661.0,0.0,False
1,P0,62,0.05,1000.0,all_scenarios,n,642661.0,642661.0,0.0,False
1,P0,62,0.1,10.0,all_scenarios,n,642661.0,642661.0,0.0,False
1,P0,62,0.1,50.0,all_scenarios,n,642661.0,642661.0,0.0,False
1,P0,62,0.1,100.0,all_scenarios,n,642661.0,642661.0,0.0,False
1,P0,62,0.1,500.0,all_scenarios,n,642661.0,642661.0,0.0,False
1,P0,62,0.1,1000.0,all_scenarios,n,642661.0,642661.0,0.0,False
1,P0,72,0.01,10.0,all_scenarios,n,642661.0,642661.0,0.0,False
1,P0,72,0.01,50.0,all_scenarios,n,642661.0,642661.0,0.0,False
1,P0,72,0.01,100.0,all_scenarios,n,642661.0,642661.0,0.0,False
1,P0,72,0.01,500.0,all_scenarios,n,642661.0,642661.0,0.0,False
1,P0,72,0.01,1000.0,all_scenarios,n,642661.0,642661.0,0.0,False
1,P0,72,0.03,10.0,all_scenarios,n,642661.0,642661.0,0.0,False
1,P0,72,0.03,50.0,all_scenarios,n,642661.0,642661.0,0.0,False
1,P0,72,0.03,100.0,all_scenarios,n,642661.0,642661.0,0.0,False
1,P0,72,0.03,500.0,all_scenarios,n,642661.0,642661.0,0.0,False
1,P0,72,0.03,1000.0,all_scenarios,n,642661.0,642661.0,0.0,False
1,P0,72,0.05,10.0,all_scenarios,n,642661.0,642661.0,0.0,False
1,P0,72,0.05,50.0,all_scenarios,n,642661.0,642661.0,0.0,False
1,P0,72,0.05,100.0,all_scenarios,n,642661.0,642661.0,0.0,False
1,P0,72,0.05,500.0,all_scenarios,n,642661.0,642661.0,0.0,False
1,P0,72,0.05,1000.0,all_scenarios,n,642661.0,642661.0,0.0,False
1,P0,72,0.1,10.0,all_scenarios,n,642661.0,642661.0,0.0,False
1,P0,72,0.1,50.0,all_scenarios,n,642661.0,642661.0,0.0,False
1,P0,72,0.1,100.0,all_scenarios,n,642661.0,642661.0,0.0,False
1,P0,72,0.1,500.0,all_scenarios,n,642661.0,642661.0,0.0,False
1,P0,72,0.1,1000.0,all_scenarios,n,642661.0,642661.0,0.0,False
1,P0,82,0.01,10.0,all_scenarios,n,642661.0,642661.0,0.0,False
1,P0,82,0.01,50.0,all_scenarios,n,642661.0,642661.0,0.0,False
1,P0,82,0.01,100.0,all_scenarios,n,642661.0,642661.0,0.0,False
1,P0,82,0.01,500.0,all_scenarios,n,642661.0,642661.0,0.0,False
1,P0,82,0.01,1000.0,all_scenarios,n,642661.0,642661.0,0.0,False
1,P0,82,0.03,10.0,all_scenarios,n,642661.0,642661.0,0.0,False
1,P0,82,0.03,50.0,all_scenarios,n,642661.0,642661.0,0.0,False
1,P0,82,0.03,100.0,all_scenarios,n,642661.0,642661.0,0.0,False
1,P0,82,0.03,500.0,all_scenarios,n,642661.0,642661.0,0.0,False
1,P0,82,0.03,1000.0,all_scenarios,n,642661.0,642661.0,0.0,False
1,P0,82,0.05,10.0,all_scenarios,n,642661.0,642661.0,0.0,False
1,P0,82,0.05,50.0,all_scenarios,n,642661.0,642661.0,0.0,False
1,P0,82,0.05,100.0,all_scenarios,n,642661.0,642661.0,0.0,False
1,P0,82,0.05,500.0,all_scenarios,n,642661.0,642661.0,0.0,False
1,P0,82,0.05,1000.0,all_scenarios,n,642661.0,642661.0,0.0,False
1,P0,82,0.1,10.0,all_scenarios,n,642661.0,642661.0,0.0,False
1,P0,82,0.1,50.0,all_scenarios,n,642661.0,642661.0,0.0,False
1,P0,82,0.1,100.0,all_scenarios,n,642661.0,642661.0,0.0,False
1,P0,82,0.1,500.0,all_scenarios,n,642661.0,642661.0,0.0,False
1,P0,82,0.1,1000.0,all_scenarios,n,642661.0,642661.0,0.0,False
1,PH,42,0.03,100.0,all_scenarios,n,642661.0,642661.0,0.0,False
1,PH,52,0.03,100.0,all_scenarios,n,642661.0,642661.0,0.0,False
1,PH,62,0.03,100.0,all_scenarios,n,642661.0,642661.0,0.0,False
1,PH,72,0.03,100.0,all_scenarios,n,642661.0,642661.0,0.0,False
1,PH,82,0.03,100.0,all_scenarios,n,642661.0,642661.0,0.0,False
1,PT,42,0.03,100.0,all_scenarios,n,642661.0,642661.0,0.0,False
1,PT,52,0.03,100.0,all_scenarios,n,642661.0,642661.0,0.0,False
1,PT,62,0.03,100.0,all_scenarios,n,642661.0,642661.0,0.0,False
1,PT,72,0.03,100.0,all_scenarios,n,642661.0,642661.0,0.0,False
1,PT,82,0.03,100.0,all_scenarios,n,642661.0,642661.0,0.0,False
1,PTH,42,0.03,100.0,all_scenarios,n,642661.0,642661.0,0.0,False
1,PTH,52,0.03,100.0,all_scenarios,n,642661.0,642661.0,0.0,False
1,PTH,62,0.03,100.0,all_scenarios,n,642661.0,642661.0,0.0,False
1,PTH,72,0.03,100.0,all_scenarios,n,642661.0,642661.0,0.0,False
1,PTH,82,0.03,100.0,all_scenarios,n,642661.0,642661.0,0.0,False
1,PTHW,42,0.01,10.0,all_scenarios,n,642661.0,642661.0,0.0,False
1,PTHW,42,0.01,50.0,all_scenarios,n,642661.0,642661.0,0.0,False
1,PTHW,42,0.01,100.0,all_scenarios,n,642661.0,642661.0,0.0,False
1,PTHW,42,0.01,500.0,all_scenarios,n,642661.0,642661.0,0.0,False
1,PTHW,42,0.01,1000.0,all_scenarios,n,642661.0,642661.0,0.0,False
1,PTHW,42,0.03,10.0,all_scenarios,n,642661.0,642661.0,0.0,False
1,PTHW,42,0.03,50.0,all_scenarios,n,642661.0,642661.0,0.0,False
1,PTHW,42,0.03,100.0,all_scenarios,n,642661.0,642661.0,0.0,False
1,PTHW,42,0.03,500.0,all_scenarios,n,642661.0,642661.0,0.0,False
1,PTHW,42,0.03,1000.0,all_scenarios,n,642661.0,642661.0,0.0,False
1,PTHW,42,0.05,10.0,all_scenarios,n,642661.0,642661.0,0.0,False
1,PTHW,42,0.05,50.0,all_scenarios,n,642661.0,642661.0,0.0,False
1,PTHW,42,0.05,100.0,all_scenarios,n,642661.0,642661.0,0.0,False
1,PTHW,42,0.05,500.0,all_scenarios,n,642661.0,642661.0,0.0,False
1,PTHW,42,0.05,1000.0,all_scenarios,n,642661.0,642661.0,0.0,False
1,PTHW,42,0.1,10.0,all_scenarios,n,642661.0,642661.0,0.0,False
1,PTHW,42,0.1,50.0,all_scenarios,n,642661.0,642661.0,0.0,False
1,PTHW,42,0.1,100.0,all_scenarios,n,642661.0,642661.0,0.0,False
1,PTHW,42,0.1,500.0,all_scenarios,n,642661.0,642661.0,0.0,False
1,PTHW,42,0.1,1000.0,all_scenarios,n,642661.0,642661.0,0.0,False
1,PTHW,52,0.01,10.0,all_scenarios,n,642661.0,642661.0,0.0,False
1,PTHW,52,0.01,50.0,all_scenarios,n,642661.0,642661.0,0.0,False
1,PTHW,52,0.01,100.0,all_scenarios,n,642661.0,642661.0,0.0,False
1,PTHW,52,0.01,500.0,all_scenarios,n,642661.0,642661.0,0.0,False
1,PTHW,52,0.01,1000.0,all_scenarios,n,642661.0,642661.0,0.0,False
1,PTHW,52,0.03,10.0,all_scenarios,n,642661.0,642661.0,0.0,False
1,PTHW,52,0.03,50.0,all_scenarios,n,642661.0,642661.0,0.0,False
1,PTHW,52,0.03,100.0,all_scenarios,n,642661.0,642661.0,0.0,False
1,PTHW,52,0.03,500.0,all_scenarios,n,642661.0,642661.0,0.0,False
1,PTHW,52,0.03,1000.0,all_scenarios,n,642661.0,642661.0,0.0,False
1,PTHW,52,0.05,10.0,all_scenarios,n,642661.0,642661.0,0.0,False
1,PTHW,52,0.05,50.0,all_scenarios,n,642661.0,642661.0,0.0,False
1,PTHW,52,0.05,100.0,all_scenarios,n,642661.0,642661.0,0.0,False
1,PTHW,52,0.05,500.0,all_scenarios,n,642661.0,642661.0,0.0,False
1,PTHW,52,0.05,1000.0,all_scenarios,n,642661.0,642661.0,0.0,False
1,PTHW,52,0.1,10.0,all_scenarios,n,642661.0,642661.0,0.0,False
1,PTHW,52,0.1,50.0,all_scenarios,n,642661.0,642661.0,0.0,False
1,PTHW,52,0.1,100.0,all_scenarios,n,642661.0,642661.0,0.0,False
1,PTHW,52,0.1,500.0,all_scenarios,n,642661.0,642661.0,0.0,False
1,PTHW,52,0.1,1000.0,all_scenarios,n,642661.0,642661.0,0.0,False
1,PTHW,62,0.01,10.0,all_scenarios,n,642661.0,642661.0,0.0,False
1,PTHW,62,0.01,50.0,all_scenarios,n,642661.0,642661.0,0.0,False
1,PTHW,62,0.01,100.0,all_scenarios,n,642661.0,642661.0,0.0,False
1,PTHW,62,0.01,500.0,all_scenarios,n,642661.0,642661.0,0.0,False
1,PTHW,62,0.01,1000.0,all_scenarios,n,642661.0,642661.0,0.0,False
1,PTHW,62,0.03,10.0,all_scenarios,n,642661.0,642661.0,0.0,False
1,PTHW,62,0.03,50.0,all_scenarios,n,642661.0,642661.0,0.0,False
1,PTHW,62,0.03,100.0,all_scenarios,n,642661.0,642661.0,0.0,False
1,PTHW,62,0.03,500.0,all_scenarios,n,642661.0,642661.0,0.0,False
1,PTHW,62,0.03,1000.0,all_scenarios,n,642661.0,642661.0,0.0,False
1,PTHW,62,0.05,10.0,all_scenarios,n,642661.0,642661.0,0.0,False
1,PTHW,62,0.05,50.0,all_scenarios,n,642661.0,642661.0,0.0,False
1,PTHW,62,0.05,100.0,all_scenarios,n,642661.0,642661.0,0.0,False
1,PTHW,62,0.05,500.0,all_scenarios,n,642661.0,642661.0,0.0,False
1,PTHW,62,0.05,1000.0,all_scenarios,n,642661.0,642661.0,0.0,False
1,PTHW,62,0.1,10.0,all_scenarios,n,642661.0,642661.0,0.0,False
1,PTHW,62,0.1,50.0,all_scenarios,n,642661.0,642661.0,0.0,False
1,PTHW,62,0.1,100.0,all_scenarios,n,642661.0,642661.0,0.0,False
1,PTHW,62,0.1,500.0,all_scenarios,n,642661.0,642661.0,0.0,False
1,PTHW,62,0.1,1000.0,all_scenarios,n,642661.0,642661.0,0.0,False
1,PTHW,72,0.01,10.0,all_scenarios,n,642661.0,642661.0,0.0,False
1,PTHW,72,0.01,50.0,all_scenarios,n,642661.0,642661.0,0.0,False
1,PTHW,72,0.01,100.0,all_scenarios,n,642661.0,642661.0,0.0,False
1,PTHW,72,0.01,500.0,all_scenarios,n,642661.0,642661.0,0.0,False
1,PTHW,72,0.01,1000.0,all_scenarios,n,642661.0,642661.0,0.0,False
1,PTHW,72,0.03,10.0,all_scenarios,n,642661.0,642661.0,0.0,False
1,PTHW,72,0.03,50.0,all_scenarios,n,642661.0,642661.0,0.0,False
1,PTHW,72,0.03,100.0,all_scenarios,n,642661.0,642661.0,0.0,False
1,PTHW,72,0.03,500.0,all_scenarios,n,642661.0,642661.0,0.0,False
1,PTHW,72,0.03,1000.0,all_scenarios,n,642661.0,642661.0,0.0,False
1,PTHW,72,0.05,10.0,all_scenarios,n,642661.0,642661.0,0.0,False
1,PTHW,72,0.05,50.0,all_scenarios,n,642661.0,642661.0,0.0,False
1,PTHW,72,0.05,100.0,all_scenarios,n,642661.0,642661.0,0.0,False
1,PTHW,72,0.05,500.0,all_scenarios,n,642661.0,642661.0,0.0,False
1,PTHW,72,0.05,1000.0,all_scenarios,n,642661.0,642661.0,0.0,False
1,PTHW,72,0.1,10.0,all_scenarios,n,642661.0,642661.0,0.0,False
1,PTHW,72,0.1,50.0,all_scenarios,n,642661.0,642661.0,0.0,False
1,PTHW,72,0.1,100.0,all_scenarios,n,642661.0,642661.0,0.0,False
1,PTHW,72,0.1,500.0,all_scenarios,n,642661.0,642661.0,0.0,False
1,PTHW,72,0.1,1000.0,all_scenarios,n,642661.0,642661.0,0.0,False
1,PTHW,82,0.01,10.0,all_scenarios,n,642661.0,642661.0,0.0,False
1,PTHW,82,0.01,50.0,all_scenarios,n,642661.0,642661.0,0.0,False
1,PTHW,82,0.01,100.0,all_scenarios,n,642661.0,642661.0,0.0,False
1,PTHW,82,0.01,500.0,all_scenarios,n,642661.0,642661.0,0.0,False
1,PTHW,82,0.01,1000.0,all_scenarios,n,642661.0,642661.0,0.0,False
1,PTHW,82,0.03,10.0,all_scenarios,n,642661.0,642661.0,0.0,False
1,PTHW,82,0.03,50.0,all_scenarios,n,642661.0,642661.0,0.0,False
1,PTHW,82,0.03,100.0,all_scenarios,n,642661.0,642661.0,0.0,False
1,PTHW,82,0.03,500.0,all_scenarios,n,642661.0,642661.0,0.0,False
1,PTHW,82,0.03,1000.0,all_scenarios,n,642661.0,642661.0,0.0,False
1,PTHW,82,0.05,10.0,all_scenarios,n,642661.0,642661.0,0.0,False
1,PTHW,82,0.05,50.0,all_scenarios,n,642661.0,642661.0,0.0,False
1,PTHW,82,0.05,100.0,all_scenarios,n,642661.0,642661.0,0.0,False
1,PTHW,82,0.05,500.0,all_scenarios,n,642661.0,642661.0,0.0,False
1,PTHW,82,0.05,1000.0,all_scenarios,n,642661.0,642661.0,0.0,False
1,PTHW,82,0.1,10.0,all_scenarios,n,642661.0,642661.0,0.0,False
1,PTHW,82,0.1,50.0,all_scenarios,n,642661.0,642661.0,0.0,False
1,PTHW,82,0.1,100.0,all_scenarios,n,642661.0,642661.0,0.0,False
1,PTHW,82,0.1,500.0,all_scenarios,n,642661.0,642661.0,0.0,False
1,PTHW,82,0.1,1000.0,all_scenarios,n,642661.0,642661.0,0.0,False
1,PTHW5,42,0.03,100.0,all_scenarios,n,642661.0,642661.0,0.0,False
1,PTHW5,52,0.03,100.0,all_scenarios,n,642661.0,642661.0,0.0,False
1,PTHW5,62,0.03,100.0,all_scenarios,n,642661.0,642661.0,0.0,False
1,PTHW5,72,0.03,100.0,all_scenarios,n,642661.0,642661.0,0.0,False
1,PTHW5,82,0.03,100.0,all_scenarios,n,642661.0,642661.0,0.0,False
2,P0,42,0.01,10.0,all_scenarios,n,605510.0,605510.0,0.0,False
2,P0,42,0.01,50.0,all_scenarios,n,605510.0,605510.0,0.0,False
2,P0,42,0.01,100.0,all_scenarios,n,605510.0,605510.0,0.0,False
2,P0,42,0.01,500.0,all_scenarios,n,605510.0,605510.0,0.0,False
2,P0,42,0.01,1000.0,all_scenarios,n,605510.0,605510.0,0.0,False
2,P0,42,0.03,10.0,all_scenarios,n,605510.0,605510.0,0.0,False
2,P0,42,0.03,50.0,all_scenarios,n,605510.0,605510.0,0.0,False
2,P0,42,0.03,100.0,all_scenarios,n,605510.0,605510.0,0.0,False
2,P0,42,0.03,500.0,all_scenarios,n,605510.0,605510.0,0.0,False
2,P0,42,0.03,1000.0,all_scenarios,n,605510.0,605510.0,0.0,False
2,P0,42,0.05,10.0,all_scenarios,n,605510.0,605510.0,0.0,False
2,P0,42,0.05,50.0,all_scenarios,n,605510.0,605510.0,0.0,False
2,P0,42,0.05,100.0,all_scenarios,n,605510.0,605510.0,0.0,False
2,P0,42,0.05,500.0,all_scenarios,n,605510.0,605510.0,0.0,False
2,P0,42,0.05,1000.0,all_scenarios,n,605510.0,605510.0,0.0,False
2,P0,42,0.1,10.0,all_scenarios,n,605510.0,605510.0,0.0,False
2,P0,42,0.1,50.0,all_scenarios,n,605510.0,605510.0,0.0,False
2,P0,42,0.1,100.0,all_scenarios,n,605510.0,605510.0,0.0,False
2,P0,42,0.1,500.0,all_scenarios,n,605510.0,605510.0,0.0,False
2,P0,42,0.1,1000.0,all_scenarios,n,605510.0,605510.0,0.0,False
2,P0,52,0.01,10.0,all_scenarios,n,605510.0,605510.0,0.0,False
2,P0,52,0.01,50.0,all_scenarios,n,605510.0,605510.0,0.0,False
2,P0,52,0.01,100.0,all_scenarios,n,605510.0,605510.0,0.0,False
2,P0,52,0.01,500.0,all_scenarios,n,605510.0,605510.0,0.0,False
2,P0,52,0.01,1000.0,all_scenarios,n,605510.0,605510.0,0.0,False
2,P0,52,0.03,10.0,all_scenarios,n,605510.0,605510.0,0.0,False
2,P0,52,0.03,50.0,all_scenarios,n,605510.0,605510.0,0.0,False
2,P0,52,0.03,100.0,all_scenarios,n,605510.0,605510.0,0.0,False
2,P0,52,0.03,500.0,all_scenarios,n,605510.0,605510.0,0.0,False
2,P0,52,0.03,1000.0,all_scenarios,n,605510.0,605510.0,0.0,False
2,P0,52,0.05,10.0,all_scenarios,n,605510.0,605510.0,0.0,False
2,P0,52,0.05,50.0,all_scenarios,n,605510.0,605510.0,0.0,False
2,P0,52,0.05,100.0,all_scenarios,n,605510.0,605510.0,0.0,False
2,P0,52,0.05,500.0,all_scenarios,n,605510.0,605510.0,0.0,False
2,P0,52,0.05,1000.0,all_scenarios,n,605510.0,605510.0,0.0,False
2,P0,52,0.1,10.0,all_scenarios,n,605510.0,605510.0,0.0,False
2,P0,52,0.1,50.0,all_scenarios,n,605510.0,605510.0,0.0,False
2,P0,52,0.1,100.0,all_scenarios,n,605510.0,605510.0,0.0,False
2,P0,52,0.1,500.0,all_scenarios,n,605510.0,605510.0,0.0,False
2,P0,52,0.1,1000.0,all_scenarios,n,605510.0,605510.0,0.0,False
2,P0,62,0.01,10.0,all_scenarios,n,605510.0,605510.0,0.0,False
2,P0,62,0.01,50.0,all_scenarios,n,605510.0,605510.0,0.0,False
2,P0,62,0.01,100.0,all_scenarios,n,605510.0,605510.0,0.0,False
2,P0,62,0.01,500.0,all_scenarios,n,605510.0,605510.0,0.0,False
2,P0,62,0.01,1000.0,all_scenarios,n,605510.0,605510.0,0.0,False
2,P0,62,0.03,10.0,all_scenarios,n,605510.0,605510.0,0.0,False
2,P0,62,0.03,50.0,all_scenarios,n,605510.0,605510.0,0.0,False
2,P0,62,0.03,100.0,all_scenarios,n,605510.0,605510.0,0.0,False
2,P0,62,0.03,500.0,all_scenarios,n,605510.0,605510.0,0.0,False
2,P0,62,0.03,1000.0,all_scenarios,n,605510.0,605510.0,0.0,False
2,P0,62,0.05,10.0,all_scenarios,n,605510.0,605510.0,0.0,False
2,P0,62,0.05,50.0,all_scenarios,n,605510.0,605510.0,0.0,False
2,P0,62,0.05,100.0,all_scenarios,n,605510.0,605510.0,0.0,False
2,P0,62,0.05,500.0,all_scenarios,n,605510.0,605510.0,0.0,False
2,P0,62,0.05,1000.0,all_scenarios,n,605510.0,605510.0,0.0,False
2,P0,62,0.1,10.0,all_scenarios,n,605510.0,605510.0,0.0,False
2,P0,62,0.1,50.0,all_scenarios,n,605510.0,605510.0,0.0,False
2,P0,62,0.1,100.0,all_scenarios,n,605510.0,605510.0,0.0,False
2,P0,62,0.1,500.0,all_scenarios,n,605510.0,605510.0,0.0,False
2,P0,62,0.1,1000.0,all_scenarios,n,605510.0,605510.0,0.0,False
2,P0,72,0.01,10.0,all_scenarios,n,605510.0,605510.0,0.0,False
2,P0,72,0.01,50.0,all_scenarios,n,605510.0,605510.0,0.0,False
2,P0,72,0.01,100.0,all_scenarios,n,605510.0,605510.0,0.0,False
2,P0,72,0.01,500.0,all_scenarios,n,605510.0,605510.0,0.0,False
2,P0,72,0.01,1000.0,all_scenarios,n,605510.0,605510.0,0.0,False
2,P0,72,0.03,10.0,all_scenarios,n,605510.0,605510.0,0.0,False
2,P0,72,0.03,50.0,all_scenarios,n,605510.0,605510.0,0.0,False
2,P0,72,0.03,100.0,all_scenarios,n,605510.0,605510.0,0.0,False
2,P0,72,0.03,500.0,all_scenarios,n,605510.0,605510.0,0.0,False
2,P0,72,0.03,1000.0,all_scenarios,n,605510.0,605510.0,0.0,False
2,P0,72,0.05,10.0,all_scenarios,n,605510.0,605510.0,0.0,False
2,P0,72,0.05,50.0,all_scenarios,n,605510.0,605510.0,0.0,False
2,P0,72,0.05,100.0,all_scenarios,n,605510.0,605510.0,0.0,False
2,P0,72,0.05,500.0,all_scenarios,n,605510.0,605510.0,0.0,False
2,P0,72,0.05,1000.0,all_scenarios,n,605510.0,605510.0,0.0,False
2,P0,72,0.1,10.0,all_scenarios,n,605510.0,605510.0,0.0,False
2,P0,72,0.1,50.0,all_scenarios,n,605510.0,605510.0,0.0,False
2,P0,72,0.1,100.0,all_scenarios,n,605510.0,605510.0,0.0,False
2,P0,72,0.1,500.0,all_scenarios,n,605510.0,605510.0,0.0,False
2,P0,72,0.1,1000.0,all_scenarios,n,605510.0,605510.0,0.0,False
2,P0,82,0.01,10.0,all_scenarios,n,605510.0,605510.0,0.0,False
2,P0,82,0.01,50.0,all_scenarios,n,605510.0,605510.0,0.0,False
2,P0,82,0.01,100.0,all_scenarios,n,605510.0,605510.0,0.0,False
2,P0,82,0.01,500.0,all_scenarios,n,605510.0,605510.0,0.0,False
2,P0,82,0.01,1000.0,all_scenarios,n,605510.0,605510.0,0.0,False
2,P0,82,0.03,10.0,all_scenarios,n,605510.0,605510.0,0.0,False
2,P0,82,0.03,50.0,all_scenarios,n,605510.0,605510.0,0.0,False
2,P0,82,0.03,100.0,all_scenarios,n,605510.0,605510.0,0.0,False
2,P0,82,0.03,500.0,all_scenarios,n,605510.0,605510.0,0.0,False
2,P0,82,0.03,1000.0,all_scenarios,n,605510.0,605510.0,0.0,False
2,P0,82,0.05,10.0,all_scenarios,n,605510.0,605510.0,0.0,False
2,P0,82,0.05,50.0,all_scenarios,n,605510.0,605510.0,0.0,False
2,P0,82,0.05,100.0,all_scenarios,n,605510.0,605510.0,0.0,False
2,P0,82,0.05,500.0,all_scenarios,n,605510.0,605510.0,0.0,False
2,P0,82,0.05,1000.0,all_scenarios,n,605510.0,605510.0,0.0,False
2,P0,82,0.1,10.0,all_scenarios,n,605510.0,605510.0,0.0,False
2,P0,82,0.1,50.0,all_scenarios,n,605510.0,605510.0,0.0,False
2,P0,82,0.1,100.0,all_scenarios,n,605510.0,605510.0,0.0,False
2,P0,82,0.1,500.0,all_scenarios,n,605510.0,605510.0,0.0,False
2,P0,82,0.1,1000.0,all_scenarios,n,605510.0,605510.0,0.0,False
2,PH,42,0.03,100.0,all_scenarios,n,605510.0,605510.0,0.0,False
2,PH,52,0.03,100.0,all_scenarios,n,605510.0,605510.0,0.0,False
2,PH,62,0.03,100.0,all_scenarios,n,605510.0,605510.0,0.0,False
2,PH,72,0.03,100.0,all_scenarios,n,605510.0,605510.0,0.0,False
2,PH,82,0.03,100.0,all_scenarios,n,605510.0,605510.0,0.0,False
2,PT,42,0.03,100.0,all_scenarios,n,605510.0,605510.0,0.0,False
2,PT,52,0.03,100.0,all_scenarios,n,605510.0,605510.0,0.0,False
2,PT,62,0.03,100.0,all_scenarios,n,605510.0,605510.0,0.0,False
2,PT,72,0.03,100.0,all_scenarios,n,605510.0,605510.0,0.0,False
2,PT,82,0.03,100.0,all_scenarios,n,605510.0,605510.0,0.0,False
2,PTH,42,0.03,100.0,all_scenarios,n,605510.0,605510.0,0.0,False
2,PTH,52,0.03,100.0,all_scenarios,n,605510.0,605510.0,0.0,False
2,PTH,62,0.03,100.0,all_scenarios,n,605510.0,605510.0,0.0,False
2,PTH,72,0.03,100.0,all_scenarios,n,605510.0,605510.0,0.0,False
2,PTH,82,0.03,100.0,all_scenarios,n,605510.0,605510.0,0.0,False
2,PTHW,42,0.01,10.0,all_scenarios,n,605510.0,605510.0,0.0,False
2,PTHW,42,0.01,50.0,all_scenarios,n,605510.0,605510.0,0.0,False
2,PTHW,42,0.01,100.0,all_scenarios,n,605510.0,605510.0,0.0,False
2,PTHW,42,0.01,500.0,all_scenarios,n,605510.0,605510.0,0.0,False
2,PTHW,42,0.01,1000.0,all_scenarios,n,605510.0,605510.0,0.0,False
2,PTHW,42,0.03,10.0,all_scenarios,n,605510.0,605510.0,0.0,False
2,PTHW,42,0.03,50.0,all_scenarios,n,605510.0,605510.0,0.0,False
2,PTHW,42,0.03,100.0,all_scenarios,n,605510.0,605510.0,0.0,False
2,PTHW,42,0.03,500.0,all_scenarios,n,605510.0,605510.0,0.0,False
2,PTHW,42,0.03,1000.0,all_scenarios,n,605510.0,605510.0,0.0,False
2,PTHW,42,0.05,10.0,all_scenarios,n,605510.0,605510.0,0.0,False
2,PTHW,42,0.05,50.0,all_scenarios,n,605510.0,605510.0,0.0,False
2,PTHW,42,0.05,100.0,all_scenarios,n,605510.0,605510.0,0.0,False
2,PTHW,42,0.05,500.0,all_scenarios,n,605510.0,605510.0,0.0,False
2,PTHW,42,0.05,1000.0,all_scenarios,n,605510.0,605510.0,0.0,False
2,PTHW,42,0.1,10.0,all_scenarios,n,605510.0,605510.0,0.0,False
2,PTHW,42,0.1,50.0,all_scenarios,n,605510.0,605510.0,0.0,False
2,PTHW,42,0.1,100.0,all_scenarios,n,605510.0,605510.0,0.0,False
2,PTHW,42,0.1,500.0,all_scenarios,n,605510.0,605510.0,0.0,False
2,PTHW,42,0.1,1000.0,all_scenarios,n,605510.0,605510.0,0.0,False
2,PTHW,52,0.01,10.0,all_scenarios,n,605510.0,605510.0,0.0,False
2,PTHW,52,0.01,50.0,all_scenarios,n,605510.0,605510.0,0.0,False
2,PTHW,52,0.01,100.0,all_scenarios,n,605510.0,605510.0,0.0,False
2,PTHW,52,0.01,500.0,all_scenarios,n,605510.0,605510.0,0.0,False
2,PTHW,52,0.01,1000.0,all_scenarios,n,605510.0,605510.0,0.0,False
2,PTHW,52,0.03,10.0,all_scenarios,n,605510.0,605510.0,0.0,False
2,PTHW,52,0.03,50.0,all_scenarios,n,605510.0,605510.0,0.0,False
2,PTHW,52,0.03,100.0,all_scenarios,n,605510.0,605510.0,0.0,False
2,PTHW,52,0.03,500.0,all_scenarios,n,605510.0,605510.0,0.0,False
2,PTHW,52,0.03,1000.0,all_scenarios,n,605510.0,605510.0,0.0,False
2,PTHW,52,0.05,10.0,all_scenarios,n,605510.0,605510.0,0.0,False
2,PTHW,52,0.05,50.0,all_scenarios,n,605510.0,605510.0,0.0,False
2,PTHW,52,0.05,100.0,all_scenarios,n,605510.0,605510.0,0.0,False
2,PTHW,52,0.05,500.0,all_scenarios,n,605510.0,605510.0,0.0,False
2,PTHW,52,0.05,1000.0,all_scenarios,n,605510.0,605510.0,0.0,False
2,PTHW,52,0.1,10.0,all_scenarios,n,605510.0,605510.0,0.0,False
2,PTHW,52,0.1,50.0,all_scenarios,n,605510.0,605510.0,0.0,False
2,PTHW,52,0.1,100.0,all_scenarios,n,605510.0,605510.0,0.0,False
2,PTHW,52,0.1,500.0,all_scenarios,n,605510.0,605510.0,0.0,False
2,PTHW,52,0.1,1000.0,all_scenarios,n,605510.0,605510.0,0.0,False
2,PTHW,62,0.01,10.0,all_scenarios,n,605510.0,605510.0,0.0,False
2,PTHW,62,0.01,50.0,all_scenarios,n,605510.0,605510.0,0.0,False
2,PTHW,62,0.01,100.0,all_scenarios,n,605510.0,605510.0,0.0,False
2,PTHW,62,0.01,500.0,all_scenarios,n,605510.0,605510.0,0.0,False
2,PTHW,62,0.01,1000.0,all_scenarios,n,605510.0,605510.0,0.0,False
2,PTHW,62,0.03,10.0,all_scenarios,n,605510.0,605510.0,0.0,False
2,PTHW,62,0.03,50.0,all_scenarios,n,605510.0,605510.0,0.0,False
2,PTHW,62,0.03,100.0,all_scenarios,n,605510.0,605510.0,0.0,False
2,PTHW,62,0.03,500.0,all_scenarios,n,605510.0,605510.0,0.0,False
2,PTHW,62,0.03,1000.0,all_scenarios,n,605510.0,605510.0,0.0,False
2,PTHW,62,0.05,10.0,all_scenarios,n,605510.0,605510.0,0.0,False
2,PTHW,62,0.05,50.0,all_scenarios,n,605510.0,605510.0,0.0,False
2,PTHW,62,0.05,100.0,all_scenarios,n,605510.0,605510.0,0.0,False
2,PTHW,62,0.05,500.0,all_scenarios,n,605510.0,605510.0,0.0,False
2,PTHW,62,0.05,1000.0,all_scenarios,n,605510.0,605510.0,0.0,False
2,PTHW,62,0.1,10.0,all_scenarios,n,605510.0,605510.0,0.0,False
2,PTHW,62,0.1,50.0,all_scenarios,n,605510.0,605510.0,0.0,False
2,PTHW,62,0.1,100.0,all_scenarios,n,605510.0,605510.0,0.0,False
2,PTHW,62,0.1,500.0,all_scenarios,n,605510.0,605510.0,0.0,False
2,PTHW,62,0.1,1000.0,all_scenarios,n,605510.0,605510.0,0.0,False
2,PTHW,72,0.01,10.0,all_scenarios,n,605510.0,605510.0,0.0,False
2,PTHW,72,0.01,50.0,all_scenarios,n,605510.0,605510.0,0.0,False
2,PTHW,72,0.01,100.0,all_scenarios,n,605510.0,605510.0,0.0,False
2,PTHW,72,0.01,500.0,all_scenarios,n,605510.0,605510.0,0.0,False
2,PTHW,72,0.01,1000.0,all_scenarios,n,605510.0,605510.0,0.0,False
2,PTHW,72,0.03,10.0,all_scenarios,n,605510.0,605510.0,0.0,False
2,PTHW,72,0.03,50.0,all_scenarios,n,605510.0,605510.0,0.0,False
2,PTHW,72,0.03,100.0,all_scenarios,n,605510.0,605510.0,0.0,False
2,PTHW,72,0.03,500.0,all_scenarios,n,605510.0,605510.0,0.0,False
2,PTHW,72,0.03,1000.0,all_scenarios,n,605510.0,605510.0,0.0,False
2,PTHW,72,0.05,10.0,all_scenarios,n,605510.0,605510.0,0.0,False
2,PTHW,72,0.05,50.0,all_scenarios,n,605510.0,605510.0,0.0,False
2,PTHW,72,0.05,100.0,all_scenarios,n,605510.0,605510.0,0.0,False
2,PTHW,72,0.05,500.0,all_scenarios,n,605510.0,605510.0,0.0,False
2,PTHW,72,0.05,1000.0,all_scenarios,n,605510.0,605510.0,0.0,False
2,PTHW,72,0.1,10.0,all_scenarios,n,605510.0,605510.0,0.0,False
2,PTHW,72,0.1,50.0,all_scenarios,n,605510.0,605510.0,0.0,False
2,PTHW,72,0.1,100.0,all_scenarios,n,605510.0,605510.0,0.0,False
2,PTHW,72,0.1,500.0,all_scenarios,n,605510.0,605510.0,0.0,False
2,PTHW,72,0.1,1000.0,all_scenarios,n,605510.0,605510.0,0.0,False
2,PTHW,82,0.01,10.0,all_scenarios,n,605510.0,605510.0,0.0,False
2,PTHW,82,0.01,50.0,all_scenarios,n,605510.0,605510.0,0.0,False
2,PTHW,82,0.01,100.0,all_scenarios,n,605510.0,605510.0,0.0,False
2,PTHW,82,0.01,500.0,all_scenarios,n,605510.0,605510.0,0.0,False
2,PTHW,82,0.01,1000.0,all_scenarios,n,605510.0,605510.0,0.0,False
2,PTHW,82,0.03,10.0,all_scenarios,n,605510.0,605510.0,0.0,False
2,PTHW,82,0.03,50.0,all_scenarios,n,605510.0,605510.0,0.0,False
2,PTHW,82,0.03,100.0,all_scenarios,n,605510.0,605510.0,0.0,False
2,PTHW,82,0.03,500.0,all_scenarios,n,605510.0,605510.0,0.0,False
2,PTHW,82,0.03,1000.0,all_scenarios,n,605510.0,605510.0,0.0,False
2,PTHW,82,0.05,10.0,all_scenarios,n,605510.0,605510.0,0.0,False
2,PTHW,82,0.05,50.0,all_scenarios,n,605510.0,605510.0,0.0,False
2,PTHW,82,0.05,100.0,all_scenarios,n,605510.0,605510.0,0.0,False
2,PTHW,82,0.05,500.0,all_scenarios,n,605510.0,605510.0,0.0,False
2,PTHW,82,0.05,1000.0,all_scenarios,n,605510.0,605510.0,0.0,False
2,PTHW,82,0.1,10.0,all_scenarios,n,605510.0,605510.0,0.0,False
2,PTHW,82,0.1,50.0,all_scenarios,n,605510.0,605510.0,0.0,False
2,PTHW,82,0.1,100.0,all_scenarios,n,605510.0,605510.0,0.0,False
2,PTHW,82,0.1,500.0,all_scenarios,n,605510.0,605510.0,0.0,False
2,PTHW,82,0.1,1000.0,all_scenarios,n,605510.0,605510.0,0.0,False
2,PTHW5,42,0.03,100.0,all_scenarios,n,605510.0,605510.0,0.0,False
2,PTHW5,52,0.03,100.0,all_scenarios,n,605510.0,605510.0,0.0,False
2,PTHW5,62,0.03,100.0,all_scenarios,n,605510.0,605510.0,0.0,False
2,PTHW5,72,0.03,100.0,all_scenarios,n,605510.0,605510.0,0.0,False
2,PTHW5,82,0.03,100.0,all_scenarios,n,605510.0,605510.0,0.0,False
3,P0,42,0.01,10.0,all_scenarios,n,636723.0,636723.0,0.0,False
3,P0,42,0.01,50.0,all_scenarios,n,636723.0,636723.0,0.0,False
3,P0,42,0.01,100.0,all_scenarios,n,636723.0,636723.0,0.0,False
3,P0,42,0.01,500.0,all_scenarios,n,636723.0,636723.0,0.0,False
3,P0,42,0.01,1000.0,all_scenarios,n,636723.0,636723.0,0.0,False
3,P0,42,0.03,10.0,all_scenarios,n,636723.0,636723.0,0.0,False
3,P0,42,0.03,50.0,all_scenarios,n,636723.0,636723.0,0.0,False
3,P0,42,0.03,100.0,all_scenarios,n,636723.0,636723.0,0.0,False
3,P0,42,0.03,500.0,all_scenarios,n,636723.0,636723.0,0.0,False
3,P0,42,0.03,1000.0,all_scenarios,n,636723.0,636723.0,0.0,False
3,P0,42,0.05,10.0,all_scenarios,n,636723.0,636723.0,0.0,False
3,P0,42,0.05,50.0,all_scenarios,n,636723.0,636723.0,0.0,False
3,P0,42,0.05,100.0,all_scenarios,n,636723.0,636723.0,0.0,False
3,P0,42,0.05,500.0,all_scenarios,n,636723.0,636723.0,0.0,False
3,P0,42,0.05,1000.0,all_scenarios,n,636723.0,636723.0,0.0,False
3,P0,42,0.1,10.0,all_scenarios,n,636723.0,636723.0,0.0,False
3,P0,42,0.1,50.0,all_scenarios,n,636723.0,636723.0,0.0,False
3,P0,42,0.1,100.0,all_scenarios,n,636723.0,636723.0,0.0,False
3,P0,42,0.1,500.0,all_scenarios,n,636723.0,636723.0,0.0,False
3,P0,42,0.1,1000.0,all_scenarios,n,636723.0,636723.0,0.0,False
3,P0,52,0.01,10.0,all_scenarios,n,636723.0,636723.0,0.0,False
3,P0,52,0.01,50.0,all_scenarios,n,636723.0,636723.0,0.0,False
3,P0,52,0.01,100.0,all_scenarios,n,636723.0,636723.0,0.0,False
3,P0,52,0.01,500.0,all_scenarios,n,636723.0,636723.0,0.0,False
3,P0,52,0.01,1000.0,all_scenarios,n,636723.0,636723.0,0.0,False
3,P0,52,0.03,10.0,all_scenarios,n,636723.0,636723.0,0.0,False
3,P0,52,0.03,50.0,all_scenarios,n,636723.0,636723.0,0.0,False
3,P0,52,0.03,100.0,all_scenarios,n,636723.0,636723.0,0.0,False
3,P0,52,0.03,500.0,all_scenarios,n,636723.0,636723.0,0.0,False
3,P0,52,0.03,1000.0,all_scenarios,n,636723.0,636723.0,0.0,False
3,P0,52,0.05,10.0,all_scenarios,n,636723.0,636723.0,0.0,False
3,P0,52,0.05,50.0,all_scenarios,n,636723.0,636723.0,0.0,False
3,P0,52,0.05,100.0,all_scenarios,n,636723.0,636723.0,0.0,False
3,P0,52,0.05,500.0,all_scenarios,n,636723.0,636723.0,0.0,False
3,P0,52,0.05,1000.0,all_scenarios,n,636723.0,636723.0,0.0,False
3,P0,52,0.1,10.0,all_scenarios,n,636723.0,636723.0,0.0,False
3,P0,52,0.1,50.0,all_scenarios,n,636723.0,636723.0,0.0,False
3,P0,52,0.1,100.0,all_scenarios,n,636723.0,636723.0,0.0,False
3,P0,52,0.1,500.0,all_scenarios,n,636723.0,636723.0,0.0,False
3,P0,52,0.1,1000.0,all_scenarios,n,636723.0,636723.0,0.0,False
3,P0,62,0.01,10.0,all_scenarios,n,636723.0,636723.0,0.0,False
3,P0,62,0.01,50.0,all_scenarios,n,636723.0,636723.0,0.0,False
3,P0,62,0.01,100.0,all_scenarios,n,636723.0,636723.0,0.0,False
3,P0,62,0.01,500.0,all_scenarios,n,636723.0,636723.0,0.0,False
3,P0,62,0.01,1000.0,all_scenarios,n,636723.0,636723.0,0.0,False
3,P0,62,0.03,10.0,all_scenarios,n,636723.0,636723.0,0.0,False
3,P0,62,0.03,50.0,all_scenarios,n,636723.0,636723.0,0.0,False
3,P0,62,0.03,100.0,all_scenarios,n,636723.0,636723.0,0.0,False
3,P0,62,0.03,500.0,all_scenarios,n,636723.0,636723.0,0.0,False
3,P0,62,0.03,1000.0,all_scenarios,n,636723.0,636723.0,0.0,False
3,P0,62,0.05,10.0,all_scenarios,n,636723.0,636723.0,0.0,False
3,P0,62,0.05,50.0,all_scenarios,n,636723.0,636723.0,0.0,False
3,P0,62,0.05,100.0,all_scenarios,n,636723.0,636723.0,0.0,False
3,P0,62,0.05,500.0,all_scenarios,n,636723.0,636723.0,0.0,False
3,P0,62,0.05,1000.0,all_scenarios,n,636723.0,636723.0,0.0,False
3,P0,62,0.1,10.0,all_scenarios,n,636723.0,636723.0,0.0,False
3,P0,62,0.1,50.0,all_scenarios,n,636723.0,636723.0,0.0,False
3,P0,62,0.1,100.0,all_scenarios,n,636723.0,636723.0,0.0,False
3,P0,62,0.1,500.0,all_scenarios,n,636723.0,636723.0,0.0,False
3,P0,62,0.1,1000.0,all_scenarios,n,636723.0,636723.0,0.0,False
3,P0,72,0.01,10.0,all_scenarios,n,636723.0,636723.0,0.0,False
3,P0,72,0.01,50.0,all_scenarios,n,636723.0,636723.0,0.0,False
3,P0,72,0.01,100.0,all_scenarios,n,636723.0,636723.0,0.0,False
3,P0,72,0.01,500.0,all_scenarios,n,636723.0,636723.0,0.0,False
3,P0,72,0.01,1000.0,all_scenarios,n,636723.0,636723.0,0.0,False
3,P0,72,0.03,10.0,all_scenarios,n,636723.0,636723.0,0.0,False
3,P0,72,0.03,50.0,all_scenarios,n,636723.0,636723.0,0.0,False
3,P0,72,0.03,100.0,all_scenarios,n,636723.0,636723.0,0.0,False
3,P0,72,0.03,500.0,all_scenarios,n,636723.0,636723.0,0.0,False
3,P0,72,0.03,1000.0,all_scenarios,n,636723.0,636723.0,0.0,False
3,P0,72,0.05,10.0,all_scenarios,n,636723.0,636723.0,0.0,False
3,P0,72,0.05,50.0,all_scenarios,n,636723.0,636723.0,0.0,False
3,P0,72,0.05,100.0,all_scenarios,n,636723.0,636723.0,0.0,False
3,P0,72,0.05,500.0,all_scenarios,n,636723.0,636723.0,0.0,False
3,P0,72,0.05,1000.0,all_scenarios,n,636723.0,636723.0,0.0,False
3,P0,72,0.1,10.0,all_scenarios,n,636723.0,636723.0,0.0,False
3,P0,72,0.1,50.0,all_scenarios,n,636723.0,636723.0,0.0,False
3,P0,72,0.1,100.0,all_scenarios,n,636723.0,636723.0,0.0,False
3,P0,72,0.1,500.0,all_scenarios,n,636723.0,636723.0,0.0,False
3,P0,72,0.1,1000.0,all_scenarios,n,636723.0,636723.0,0.0,False
3,P0,82,0.01,10.0,all_scenarios,n,636723.0,636723.0,0.0,False
3,P0,82,0.01,50.0,all_scenarios,n,636723.0,636723.0,0.0,False
3,P0,82,0.01,100.0,all_scenarios,n,636723.0,636723.0,0.0,False
3,P0,82,0.01,500.0,all_scenarios,n,636723.0,636723.0,0.0,False
3,P0,82,0.01,1000.0,all_scenarios,n,636723.0,636723.0,0.0,False
3,P0,82,0.03,10.0,all_scenarios,n,636723.0,636723.0,0.0,False
3,P0,82,0.03,50.0,all_scenarios,n,636723.0,636723.0,0.0,False
3,P0,82,0.03,100.0,all_scenarios,n,636723.0,636723.0,0.0,False
3,P0,82,0.03,500.0,all_scenarios,n,636723.0,636723.0,0.0,False
3,P0,82,0.03,1000.0,all_scenarios,n,636723.0,636723.0,0.0,False
3,P0,82,0.05,10.0,all_scenarios,n,636723.0,636723.0,0.0,False
3,P0,82,0.05,50.0,all_scenarios,n,636723.0,636723.0,0.0,False
3,P0,82,0.05,100.0,all_scenarios,n,636723.0,636723.0,0.0,False
3,P0,82,0.05,500.0,all_scenarios,n,636723.0,636723.0,0.0,False
3,P0,82,0.05,1000.0,all_scenarios,n,636723.0,636723.0,0.0,False
3,P0,82,0.1,10.0,all_scenarios,n,636723.0,636723.0,0.0,False
3,P0,82,0.1,50.0,all_scenarios,n,636723.0,636723.0,0.0,False
3,P0,82,0.1,100.0,all_scenarios,n,636723.0,636723.0,0.0,False
3,P0,82,0.1,500.0,all_scenarios,n,636723.0,636723.0,0.0,False
3,P0,82,0.1,1000.0,all_scenarios,n,636723.0,636723.0,0.0,False
3,PH,42,0.03,100.0,all_scenarios,n,636723.0,636723.0,0.0,False
3,PH,52,0.03,100.0,all_scenarios,n,636723.0,636723.0,0.0,False
3,PH,62,0.03,100.0,all_scenarios,n,636723.0,636723.0,0.0,False
3,PH,72,0.03,100.0,all_scenarios,n,636723.0,636723.0,0.0,False
3,PH,82,0.03,100.0,all_scenarios,n,636723.0,636723.0,0.0,False
3,PT,42,0.03,100.0,all_scenarios,n,636723.0,636723.0,0.0,False
3,PT,52,0.03,100.0,all_scenarios,n,636723.0,636723.0,0.0,False
3,PT,62,0.03,100.0,all_scenarios,n,636723.0,636723.0,0.0,False
3,PT,72,0.03,100.0,all_scenarios,n,636723.0,636723.0,0.0,False
3,PT,82,0.03,100.0,all_scenarios,n,636723.0,636723.0,0.0,False
3,PTH,42,0.03,100.0,all_scenarios,n,636723.0,636723.0,0.0,False
3,PTH,52,0.03,100.0,all_scenarios,n,636723.0,636723.0,0.0,False
3,PTH,62,0.03,100.0,all_scenarios,n,636723.0,636723.0,0.0,False
3,PTH,72,0.03,100.0,all_scenarios,n,636723.0,636723.0,0.0,False
3,PTH,82,0.03,100.0,all_scenarios,n,636723.0,636723.0,0.0,False
3,PTHW,42,0.01,10.0,all_scenarios,n,636723.0,636723.0,0.0,False
3,PTHW,42,0.01,50.0,all_scenarios,n,636723.0,636723.0,0.0,False
3,PTHW,42,0.01,100.0,all_scenarios,n,636723.0,636723.0,0.0,False
3,PTHW,42,0.01,500.0,all_scenarios,n,636723.0,636723.0,0.0,False
3,PTHW,42,0.01,1000.0,all_scenarios,n,636723.0,636723.0,0.0,False
3,PTHW,42,0.03,10.0,all_scenarios,n,636723.0,636723.0,0.0,False
3,PTHW,42,0.03,50.0,all_scenarios,n,636723.0,636723.0,0.0,False
3,PTHW,42,0.03,100.0,all_scenarios,n,636723.0,636723.0,0.0,False
3,PTHW,42,0.03,500.0,all_scenarios,n,636723.0,636723.0,0.0,False
3,PTHW,42,0.03,1000.0,all_scenarios,n,636723.0,636723.0,0.0,False
3,PTHW,42,0.05,10.0,all_scenarios,n,636723.0,636723.0,0.0,False
3,PTHW,42,0.05,50.0,all_scenarios,n,636723.0,636723.0,0.0,False
3,PTHW,42,0.05,100.0,all_scenarios,n,636723.0,636723.0,0.0,False
3,PTHW,42,0.05,500.0,all_scenarios,n,636723.0,636723.0,0.0,False
3,PTHW,42,0.05,1000.0,all_scenarios,n,636723.0,636723.0,0.0,False
3,PTHW,42,0.1,10.0,all_scenarios,n,636723.0,636723.0,0.0,False
3,PTHW,42,0.1,50.0,all_scenarios,n,636723.0,636723.0,0.0,False
3,PTHW,42,0.1,100.0,all_scenarios,n,636723.0,636723.0,0.0,False
3,PTHW,42,0.1,500.0,all_scenarios,n,636723.0,636723.0,0.0,False
3,PTHW,42,0.1,1000.0,all_scenarios,n,636723.0,636723.0,0.0,False
3,PTHW,52,0.01,10.0,all_scenarios,n,636723.0,636723.0,0.0,False
3,PTHW,52,0.01,50.0,all_scenarios,n,636723.0,636723.0,0.0,False
3,PTHW,52,0.01,100.0,all_scenarios,n,636723.0,636723.0,0.0,False
3,PTHW,52,0.01,500.0,all_scenarios,n,636723.0,636723.0,0.0,False
3,PTHW,52,0.01,1000.0,all_scenarios,n,636723.0,636723.0,0.0,False
3,PTHW,52,0.03,10.0,all_scenarios,n,636723.0,636723.0,0.0,False
3,PTHW,52,0.03,50.0,all_scenarios,n,636723.0,636723.0,0.0,False
3,PTHW,52,0.03,100.0,all_scenarios,n,636723.0,636723.0,0.0,False
3,PTHW,52,0.03,500.0,all_scenarios,n,636723.0,636723.0,0.0,False
3,PTHW,52,0.03,1000.0,all_scenarios,n,636723.0,636723.0,0.0,False
3,PTHW,52,0.05,10.0,all_scenarios,n,636723.0,636723.0,0.0,False
3,PTHW,52,0.05,50.0,all_scenarios,n,636723.0,636723.0,0.0,False
3,PTHW,52,0.05,100.0,all_scenarios,n,636723.0,636723.0,0.0,False
3,PTHW,52,0.05,500.0,all_scenarios,n,636723.0,636723.0,0.0,False
3,PTHW,52,0.05,1000.0,all_scenarios,n,636723.0,636723.0,0.0,False
3,PTHW,52,0.1,10.0,all_scenarios,n,636723.0,636723.0,0.0,False
3,PTHW,52,0.1,50.0,all_scenarios,n,636723.0,636723.0,0.0,False
3,PTHW,52,0.1,100.0,all_scenarios,n,636723.0,636723.0,0.0,False
3,PTHW,52,0.1,500.0,all_scenarios,n,636723.0,636723.0,0.0,False
3,PTHW,52,0.1,1000.0,all_scenarios,n,636723.0,636723.0,0.0,False
3,PTHW,62,0.01,10.0,all_scenarios,n,636723.0,636723.0,0.0,False
3,PTHW,62,0.01,50.0,all_scenarios,n,636723.0,636723.0,0.0,False
3,PTHW,62,0.01,100.0,all_scenarios,n,636723.0,636723.0,0.0,False
3,PTHW,62,0.01,500.0,all_scenarios,n,636723.0,636723.0,0.0,False
3,PTHW,62,0.01,1000.0,all_scenarios,n,636723.0,636723.0,0.0,False
3,PTHW,62,0.03,10.0,all_scenarios,n,636723.0,636723.0,0.0,False
3,PTHW,62,0.03,50.0,all_scenarios,n,636723.0,636723.0,0.0,False
3,PTHW,62,0.03,100.0,all_scenarios,n,636723.0,636723.0,0.0,False
3,PTHW,62,0.03,500.0,all_scenarios,n,636723.0,636723.0,0.0,False
3,PTHW,62,0.03,1000.0,all_scenarios,n,636723.0,636723.0,0.0,False
3,PTHW,62,0.05,10.0,all_scenarios,n,636723.0,636723.0,0.0,False
3,PTHW,62,0.05,50.0,all_scenarios,n,636723.0,636723.0,0.0,False
3,PTHW,62,0.05,100.0,all_scenarios,n,636723.0,636723.0,0.0,False
3,PTHW,62,0.05,500.0,all_scenarios,n,636723.0,636723.0,0.0,False
3,PTHW,62,0.05,1000.0,all_scenarios,n,636723.0,636723.0,0.0,False
3,PTHW,62,0.1,10.0,all_scenarios,n,636723.0,636723.0,0.0,False
3,PTHW,62,0.1,50.0,all_scenarios,n,636723.0,636723.0,0.0,False
3,PTHW,62,0.1,100.0,all_scenarios,n,636723.0,636723.0,0.0,False
3,PTHW,62,0.1,500.0,all_scenarios,n,636723.0,636723.0,0.0,False
3,PTHW,62,0.1,1000.0,all_scenarios,n,636723.0,636723.0,0.0,False
3,PTHW,72,0.01,10.0,all_scenarios,n,636723.0,636723.0,0.0,False
3,PTHW,72,0.01,50.0,all_scenarios,n,636723.0,636723.0,0.0,False
3,PTHW,72,0.01,100.0,all_scenarios,n,636723.0,636723.0,0.0,False
3,PTHW,72,0.01,500.0,all_scenarios,n,636723.0,636723.0,0.0,False
3,PTHW,72,0.01,1000.0,all_scenarios,n,636723.0,636723.0,0.0,False
3,PTHW,72,0.03,10.0,all_scenarios,n,636723.0,636723.0,0.0,False
3,PTHW,72,0.03,50.0,all_scenarios,n,636723.0,636723.0,0.0,False
3,PTHW,72,0.03,100.0,all_scenarios,n,636723.0,636723.0,0.0,False
3,PTHW,72,0.03,500.0,all_scenarios,n,636723.0,636723.0,0.0,False
3,PTHW,72,0.03,1000.0,all_scenarios,n,636723.0,636723.0,0.0,False
3,PTHW,72,0.05,10.0,all_scenarios,n,636723.0,636723.0,0.0,False
3,PTHW,72,0.05,50.0,all_scenarios,n,636723.0,636723.0,0.0,False
3,PTHW,72,0.05,100.0,all_scenarios,n,636723.0,636723.0,0.0,False
3,PTHW,72,0.05,500.0,all_scenarios,n,636723.0,636723.0,0.0,False
3,PTHW,72,0.05,1000.0,all_scenarios,n,636723.0,636723.0,0.0,False
3,PTHW,72,0.1,10.0,all_scenarios,n,636723.0,636723.0,0.0,False
3,PTHW,72,0.1,50.0,all_scenarios,n,636723.0,636723.0,0.0,False
3,PTHW,72,0.1,100.0,all_scenarios,n,636723.0,636723.0,0.0,False
3,PTHW,72,0.1,500.0,all_scenarios,n,636723.0,636723.0,0.0,False
3,PTHW,72,0.1,1000.0,all_scenarios,n,636723.0,636723.0,0.0,False
3,PTHW,82,0.01,10.0,all_scenarios,n,636723.0,636723.0,0.0,False
3,PTHW,82,0.01,50.0,all_scenarios,n,636723.0,636723.0,0.0,False
3,PTHW,82,0.01,100.0,all_scenarios,n,636723.0,636723.0,0.0,False
3,PTHW,82,0.01,500.0,all_scenarios,n,636723.0,636723.0,0.0,False
3,PTHW,82,0.01,1000.0,all_scenarios,n,636723.0,636723.0,0.0,False
3,PTHW,82,0.03,10.0,all_scenarios,n,636723.0,636723.0,0.0,False
3,PTHW,82,0.03,50.0,all_scenarios,n,636723.0,636723.0,0.0,False
3,PTHW,82,0.03,100.0,all_scenarios,n,636723.0,636723.0,0.0,False
3,PTHW,82,0.03,500.0,all_scenarios,n,636723.0,636723.0,0.0,False
3,PTHW,82,0.03,1000.0,all_scenarios,n,636723.0,636723.0,0.0,False
3,PTHW,82,0.05,10.0,all_scenarios,n,636723.0,636723.0,0.0,False
3,PTHW,82,0.05,50.0,all_scenarios,n,636723.0,636723.0,0.0,False
3,PTHW,82,0.05,100.0,all_scenarios,n,636723.0,636723.0,0.0,False
3,PTHW,82,0.05,500.0,all_scenarios,n,636723.0,636723.0,0.0,False
3,PTHW,82,0.05,1000.0,all_scenarios,n,636723.0,636723.0,0.0,False
3,PTHW,82,0.1,10.0,all_scenarios,n,636723.0,636723.0,0.0,False
3,PTHW,82,0.1,50.0,all_scenarios,n,636723.0,636723.0,0.0,False
3,PTHW,82,0.1,100.0,all_scenarios,n,636723.0,636723.0,0.0,False
3,PTHW,82,0.1,500.0,all_scenarios,n,636723.0,636723.0,0.0,False
3,PTHW,82,0.1,1000.0,all_scenarios,n,636723.0,636723.0,0.0,False
3,PTHW5,42,0.03,100.0,all_scenarios,n,636723.0,636723.0,0.0,False
3,PTHW5,52,0.03,100.0,all_scenarios,n,636723.0,636723.0,0.0,False
3,PTHW5,62,0.03,100.0,all_scenarios,n,636723.0,636723.0,0.0,False
3,PTHW5,72,0.03,100.0,all_scenarios,n,636723.0,636723.0,0.0,False
3,PTHW5,82,0.03,100.0,all_scenarios,n,636723.0,636723.0,0.0,False
1,P0,42,0.01,10.0,all_scenarios,frauds,498.0,498.0,0.0,False
1,P0,42,0.01,50.0,all_scenarios,frauds,498.0,498.0,0.0,False
1,P0,42,0.01,100.0,all_scenarios,frauds,498.0,498.0,0.0,False
1,P0,42,0.01,500.0,all_scenarios,frauds,498.0,498.0,0.0,False
1,P0,42,0.01,1000.0,all_scenarios,frauds,498.0,498.0,0.0,False
1,P0,42,0.03,10.0,all_scenarios,frauds,498.0,498.0,0.0,False
1,P0,42,0.03,50.0,all_scenarios,frauds,498.0,498.0,0.0,False
1,P0,42,0.03,100.0,all_scenarios,frauds,498.0,498.0,0.0,False
1,P0,42,0.03,500.0,all_scenarios,frauds,498.0,498.0,0.0,False
1,P0,42,0.03,1000.0,all_scenarios,frauds,498.0,498.0,0.0,False
1,P0,42,0.05,10.0,all_scenarios,frauds,498.0,498.0,0.0,False
1,P0,42,0.05,50.0,all_scenarios,frauds,498.0,498.0,0.0,False
1,P0,42,0.05,100.0,all_scenarios,frauds,498.0,498.0,0.0,False
1,P0,42,0.05,500.0,all_scenarios,frauds,498.0,498.0,0.0,False
1,P0,42,0.05,1000.0,all_scenarios,frauds,498.0,498.0,0.0,False
1,P0,42,0.1,10.0,all_scenarios,frauds,498.0,498.0,0.0,False
1,P0,42,0.1,50.0,all_scenarios,frauds,498.0,498.0,0.0,False
1,P0,42,0.1,100.0,all_scenarios,frauds,498.0,498.0,0.0,False
1,P0,42,0.1,500.0,all_scenarios,frauds,498.0,498.0,0.0,False
1,P0,42,0.1,1000.0,all_scenarios,frauds,498.0,498.0,0.0,False
1,P0,52,0.01,10.0,all_scenarios,frauds,498.0,498.0,0.0,False
1,P0,52,0.01,50.0,all_scenarios,frauds,498.0,498.0,0.0,False
1,P0,52,0.01,100.0,all_scenarios,frauds,498.0,498.0,0.0,False
1,P0,52,0.01,500.0,all_scenarios,frauds,498.0,498.0,0.0,False
1,P0,52,0.01,1000.0,all_scenarios,frauds,498.0,498.0,0.0,False
1,P0,52,0.03,10.0,all_scenarios,frauds,498.0,498.0,0.0,False
1,P0,52,0.03,50.0,all_scenarios,frauds,498.0,498.0,0.0,False
1,P0,52,0.03,100.0,all_scenarios,frauds,498.0,498.0,0.0,False
1,P0,52,0.03,500.0,all_scenarios,frauds,498.0,498.0,0.0,False
1,P0,52,0.03,1000.0,all_scenarios,frauds,498.0,498.0,0.0,False
1,P0,52,0.05,10.0,all_scenarios,frauds,498.0,498.0,0.0,False
1,P0,52,0.05,50.0,all_scenarios,frauds,498.0,498.0,0.0,False
1,P0,52,0.05,100.0,all_scenarios,frauds,498.0,498.0,0.0,False
1,P0,52,0.05,500.0,all_scenarios,frauds,498.0,498.0,0.0,False
1,P0,52,0.05,1000.0,all_scenarios,frauds,498.0,498.0,0.0,False
1,P0,52,0.1,10.0,all_scenarios,frauds,498.0,498.0,0.0,False
1,P0,52,0.1,50.0,all_scenarios,frauds,498.0,498.0,0.0,False
1,P0,52,0.1,100.0,all_scenarios,frauds,498.0,498.0,0.0,False
1,P0,52,0.1,500.0,all_scenarios,frauds,498.0,498.0,0.0,False
1,P0,52,0.1,1000.0,all_scenarios,frauds,498.0,498.0,0.0,False
1,P0,62,0.01,10.0,all_scenarios,frauds,498.0,498.0,0.0,False
1,P0,62,0.01,50.0,all_scenarios,frauds,498.0,498.0,0.0,False
1,P0,62,0.01,100.0,all_scenarios,frauds,498.0,498.0,0.0,False
1,P0,62,0.01,500.0,all_scenarios,frauds,498.0,498.0,0.0,False
1,P0,62,0.01,1000.0,all_scenarios,frauds,498.0,498.0,0.0,False
1,P0,62,0.03,10.0,all_scenarios,frauds,498.0,498.0,0.0,False
1,P0,62,0.03,50.0,all_scenarios,frauds,498.0,498.0,0.0,False
1,P0,62,0.03,100.0,all_scenarios,frauds,498.0,498.0,0.0,False
1,P0,62,0.03,500.0,all_scenarios,frauds,498.0,498.0,0.0,False
1,P0,62,0.03,1000.0,all_scenarios,frauds,498.0,498.0,0.0,False
1,P0,62,0.05,10.0,all_scenarios,frauds,498.0,498.0,0.0,False
1,P0,62,0.05,50.0,all_scenarios,frauds,498.0,498.0,0.0,False
1,P0,62,0.05,100.0,all_scenarios,frauds,498.0,498.0,0.0,False
1,P0,62,0.05,500.0,all_scenarios,frauds,498.0,498.0,0.0,False
1,P0,62,0.05,1000.0,all_scenarios,frauds,498.0,498.0,0.0,False
1,P0,62,0.1,10.0,all_scenarios,frauds,498.0,498.0,0.0,False
1,P0,62,0.1,50.0,all_scenarios,frauds,498.0,498.0,0.0,False
1,P0,62,0.1,100.0,all_scenarios,frauds,498.0,498.0,0.0,False
1,P0,62,0.1,500.0,all_scenarios,frauds,498.0,498.0,0.0,False
1,P0,62,0.1,1000.0,all_scenarios,frauds,498.0,498.0,0.0,False
1,P0,72,0.01,10.0,all_scenarios,frauds,498.0,498.0,0.0,False
1,P0,72,0.01,50.0,all_scenarios,frauds,498.0,498.0,0.0,False
1,P0,72,0.01,100.0,all_scenarios,frauds,498.0,498.0,0.0,False
1,P0,72,0.01,500.0,all_scenarios,frauds,498.0,498.0,0.0,False
1,P0,72,0.01,1000.0,all_scenarios,frauds,498.0,498.0,0.0,False
1,P0,72,0.03,10.0,all_scenarios,frauds,498.0,498.0,0.0,False
1,P0,72,0.03,50.0,all_scenarios,frauds,498.0,498.0,0.0,False
1,P0,72,0.03,100.0,all_scenarios,frauds,498.0,498.0,0.0,False
1,P0,72,0.03,500.0,all_scenarios,frauds,498.0,498.0,0.0,False
1,P0,72,0.03,1000.0,all_scenarios,frauds,498.0,498.0,0.0,False
1,P0,72,0.05,10.0,all_scenarios,frauds,498.0,498.0,0.0,False
1,P0,72,0.05,50.0,all_scenarios,frauds,498.0,498.0,0.0,False
1,P0,72,0.05,100.0,all_scenarios,frauds,498.0,498.0,0.0,False
1,P0,72,0.05,500.0,all_scenarios,frauds,498.0,498.0,0.0,False
1,P0,72,0.05,1000.0,all_scenarios,frauds,498.0,498.0,0.0,False
1,P0,72,0.1,10.0,all_scenarios,frauds,498.0,498.0,0.0,False
1,P0,72,0.1,50.0,all_scenarios,frauds,498.0,498.0,0.0,False
1,P0,72,0.1,100.0,all_scenarios,frauds,498.0,498.0,0.0,False
1,P0,72,0.1,500.0,all_scenarios,frauds,498.0,498.0,0.0,False
1,P0,72,0.1,1000.0,all_scenarios,frauds,498.0,498.0,0.0,False
1,P0,82,0.01,10.0,all_scenarios,frauds,498.0,498.0,0.0,False
1,P0,82,0.01,50.0,all_scenarios,frauds,498.0,498.0,0.0,False
1,P0,82,0.01,100.0,all_scenarios,frauds,498.0,498.0,0.0,False
1,P0,82,0.01,500.0,all_scenarios,frauds,498.0,498.0,0.0,False
1,P0,82,0.01,1000.0,all_scenarios,frauds,498.0,498.0,0.0,False
1,P0,82,0.03,10.0,all_scenarios,frauds,498.0,498.0,0.0,False
1,P0,82,0.03,50.0,all_scenarios,frauds,498.0,498.0,0.0,False
1,P0,82,0.03,100.0,all_scenarios,frauds,498.0,498.0,0.0,False
1,P0,82,0.03,500.0,all_scenarios,frauds,498.0,498.0,0.0,False
1,P0,82,0.03,1000.0,all_scenarios,frauds,498.0,498.0,0.0,False
1,P0,82,0.05,10.0,all_scenarios,frauds,498.0,498.0,0.0,False
1,P0,82,0.05,50.0,all_scenarios,frauds,498.0,498.0,0.0,False
1,P0,82,0.05,100.0,all_scenarios,frauds,498.0,498.0,0.0,False
1,P0,82,0.05,500.0,all_scenarios,frauds,498.0,498.0,0.0,False
1,P0,82,0.05,1000.0,all_scenarios,frauds,498.0,498.0,0.0,False
1,P0,82,0.1,10.0,all_scenarios,frauds,498.0,498.0,0.0,False
1,P0,82,0.1,50.0,all_scenarios,frauds,498.0,498.0,0.0,False
1,P0,82,0.1,100.0,all_scenarios,frauds,498.0,498.0,0.0,False
1,P0,82,0.1,500.0,all_scenarios,frauds,498.0,498.0,0.0,False
1,P0,82,0.1,1000.0,all_scenarios,frauds,498.0,498.0,0.0,False
1,PH,42,0.03,100.0,all_scenarios,frauds,498.0,498.0,0.0,False
1,PH,52,0.03,100.0,all_scenarios,frauds,498.0,498.0,0.0,False
1,PH,62,0.03,100.0,all_scenarios,frauds,498.0,498.0,0.0,False
1,PH,72,0.03,100.0,all_scenarios,frauds,498.0,498.0,0.0,False
1,PH,82,0.03,100.0,all_scenarios,frauds,498.0,498.0,0.0,False
1,PT,42,0.03,100.0,all_scenarios,frauds,498.0,498.0,0.0,False
1,PT,52,0.03,100.0,all_scenarios,frauds,498.0,498.0,0.0,False
1,PT,62,0.03,100.0,all_scenarios,frauds,498.0,498.0,0.0,False
1,PT,72,0.03,100.0,all_scenarios,frauds,498.0,498.0,0.0,False
1,PT,82,0.03,100.0,all_scenarios,frauds,498.0,498.0,0.0,False
1,PTH,42,0.03,100.0,all_scenarios,frauds,498.0,498.0,0.0,False
1,PTH,52,0.03,100.0,all_scenarios,frauds,498.0,498.0,0.0,False
1,PTH,62,0.03,100.0,all_scenarios,frauds,498.0,498.0,0.0,False
1,PTH,72,0.03,100.0,all_scenarios,frauds,498.0,498.0,0.0,False
1,PTH,82,0.03,100.0,all_scenarios,frauds,498.0,498.0,0.0,False
1,PTHW,42,0.01,10.0,all_scenarios,frauds,498.0,498.0,0.0,False
1,PTHW,42,0.01,50.0,all_scenarios,frauds,498.0,498.0,0.0,False
1,PTHW,42,0.01,100.0,all_scenarios,frauds,498.0,498.0,0.0,False
1,PTHW,42,0.01,500.0,all_scenarios,frauds,498.0,498.0,0.0,False
1,PTHW,42,0.01,1000.0,all_scenarios,frauds,498.0,498.0,0.0,False
1,PTHW,42,0.03,10.0,all_scenarios,frauds,498.0,498.0,0.0,False
1,PTHW,42,0.03,50.0,all_scenarios,frauds,498.0,498.0,0.0,False
1,PTHW,42,0.03,100.0,all_scenarios,frauds,498.0,498.0,0.0,False
1,PTHW,42,0.03,500.0,all_scenarios,frauds,498.0,498.0,0.0,False
1,PTHW,42,0.03,1000.0,all_scenarios,frauds,498.0,498.0,0.0,False
1,PTHW,42,0.05,10.0,all_scenarios,frauds,498.0,498.0,0.0,False
1,PTHW,42,0.05,50.0,all_scenarios,frauds,498.0,498.0,0.0,False
1,PTHW,42,0.05,100.0,all_scenarios,frauds,498.0,498.0,0.0,False
1,PTHW,42,0.05,500.0,all_scenarios,frauds,498.0,498.0,0.0,False
1,PTHW,42,0.05,1000.0,all_scenarios,frauds,498.0,498.0,0.0,False
1,PTHW,42,0.1,10.0,all_scenarios,frauds,498.0,498.0,0.0,False
1,PTHW,42,0.1,50.0,all_scenarios,frauds,498.0,498.0,0.0,False
1,PTHW,42,0.1,100.0,all_scenarios,frauds,498.0,498.0,0.0,False
1,PTHW,42,0.1,500.0,all_scenarios,frauds,498.0,498.0,0.0,False
1,PTHW,42,0.1,1000.0,all_scenarios,frauds,498.0,498.0,0.0,False
1,PTHW,52,0.01,10.0,all_scenarios,frauds,498.0,498.0,0.0,False
1,PTHW,52,0.01,50.0,all_scenarios,frauds,498.0,498.0,0.0,False
1,PTHW,52,0.01,100.0,all_scenarios,frauds,498.0,498.0,0.0,False
1,PTHW,52,0.01,500.0,all_scenarios,frauds,498.0,498.0,0.0,False
1,PTHW,52,0.01,1000.0,all_scenarios,frauds,498.0,498.0,0.0,False
1,PTHW,52,0.03,10.0,all_scenarios,frauds,498.0,498.0,0.0,False
1,PTHW,52,0.03,50.0,all_scenarios,frauds,498.0,498.0,0.0,False
1,PTHW,52,0.03,100.0,all_scenarios,frauds,498.0,498.0,0.0,False
1,PTHW,52,0.03,500.0,all_scenarios,frauds,498.0,498.0,0.0,False
1,PTHW,52,0.03,1000.0,all_scenarios,frauds,498.0,498.0,0.0,False
1,PTHW,52,0.05,10.0,all_scenarios,frauds,498.0,498.0,0.0,False
1,PTHW,52,0.05,50.0,all_scenarios,frauds,498.0,498.0,0.0,False
1,PTHW,52,0.05,100.0,all_scenarios,frauds,498.0,498.0,0.0,False
1,PTHW,52,0.05,500.0,all_scenarios,frauds,498.0,498.0,0.0,False
1,PTHW,52,0.05,1000.0,all_scenarios,frauds,498.0,498.0,0.0,False
1,PTHW,52,0.1,10.0,all_scenarios,frauds,498.0,498.0,0.0,False
1,PTHW,52,0.1,50.0,all_scenarios,frauds,498.0,498.0,0.0,False
1,PTHW,52,0.1,100.0,all_scenarios,frauds,498.0,498.0,0.0,False
1,PTHW,52,0.1,500.0,all_scenarios,frauds,498.0,498.0,0.0,False
1,PTHW,52,0.1,1000.0,all_scenarios,frauds,498.0,498.0,0.0,False
1,PTHW,62,0.01,10.0,all_scenarios,frauds,498.0,498.0,0.0,False
1,PTHW,62,0.01,50.0,all_scenarios,frauds,498.0,498.0,0.0,False
1,PTHW,62,0.01,100.0,all_scenarios,frauds,498.0,498.0,0.0,False
1,PTHW,62,0.01,500.0,all_scenarios,frauds,498.0,498.0,0.0,False
1,PTHW,62,0.01,1000.0,all_scenarios,frauds,498.0,498.0,0.0,False
1,PTHW,62,0.03,10.0,all_scenarios,frauds,498.0,498.0,0.0,False
1,PTHW,62,0.03,50.0,all_scenarios,frauds,498.0,498.0,0.0,False
1,PTHW,62,0.03,100.0,all_scenarios,frauds,498.0,498.0,0.0,False
1,PTHW,62,0.03,500.0,all_scenarios,frauds,498.0,498.0,0.0,False
1,PTHW,62,0.03,1000.0,all_scenarios,frauds,498.0,498.0,0.0,False
1,PTHW,62,0.05,10.0,all_scenarios,frauds,498.0,498.0,0.0,False
1,PTHW,62,0.05,50.0,all_scenarios,frauds,498.0,498.0,0.0,False
1,PTHW,62,0.05,100.0,all_scenarios,frauds,498.0,498.0,0.0,False
1,PTHW,62,0.05,500.0,all_scenarios,frauds,498.0,498.0,0.0,False
1,PTHW,62,0.05,1000.0,all_scenarios,frauds,498.0,498.0,0.0,False
1,PTHW,62,0.1,10.0,all_scenarios,frauds,498.0,498.0,0.0,False
1,PTHW,62,0.1,50.0,all_scenarios,frauds,498.0,498.0,0.0,False
1,PTHW,62,0.1,100.0,all_scenarios,frauds,498.0,498.0,0.0,False
1,PTHW,62,0.1,500.0,all_scenarios,frauds,498.0,498.0,0.0,False
1,PTHW,62,0.1,1000.0,all_scenarios,frauds,498.0,498.0,0.0,False
1,PTHW,72,0.01,10.0,all_scenarios,frauds,498.0,498.0,0.0,False
1,PTHW,72,0.01,50.0,all_scenarios,frauds,498.0,498.0,0.0,False
1,PTHW,72,0.01,100.0,all_scenarios,frauds,498.0,498.0,0.0,False
1,PTHW,72,0.01,500.0,all_scenarios,frauds,498.0,498.0,0.0,False
1,PTHW,72,0.01,1000.0,all_scenarios,frauds,498.0,498.0,0.0,False
1,PTHW,72,0.03,10.0,all_scenarios,frauds,498.0,498.0,0.0,False
1,PTHW,72,0.03,50.0,all_scenarios,frauds,498.0,498.0,0.0,False
1,PTHW,72,0.03,100.0,all_scenarios,frauds,498.0,498.0,0.0,False
1,PTHW,72,0.03,500.0,all_scenarios,frauds,498.0,498.0,0.0,False
1,PTHW,72,0.03,1000.0,all_scenarios,frauds,498.0,498.0,0.0,False
1,PTHW,72,0.05,10.0,all_scenarios,frauds,498.0,498.0,0.0,False
1,PTHW,72,0.05,50.0,all_scenarios,frauds,498.0,498.0,0.0,False
1,PTHW,72,0.05,100.0,all_scenarios,frauds,498.0,498.0,0.0,False
1,PTHW,72,0.05,500.0,all_scenarios,frauds,498.0,498.0,0.0,False
1,PTHW,72,0.05,1000.0,all_scenarios,frauds,498.0,498.0,0.0,False
1,PTHW,72,0.1,10.0,all_scenarios,frauds,498.0,498.0,0.0,False
1,PTHW,72,0.1,50.0,all_scenarios,frauds,498.0,498.0,0.0,False
1,PTHW,72,0.1,100.0,all_scenarios,frauds,498.0,498.0,0.0,False
1,PTHW,72,0.1,500.0,all_scenarios,frauds,498.0,498.0,0.0,False
1,PTHW,72,0.1,1000.0,all_scenarios,frauds,498.0,498.0,0.0,False
1,PTHW,82,0.01,10.0,all_scenarios,frauds,498.0,498.0,0.0,False
1,PTHW,82,0.01,50.0,all_scenarios,frauds,498.0,498.0,0.0,False
1,PTHW,82,0.01,100.0,all_scenarios,frauds,498.0,498.0,0.0,False
1,PTHW,82,0.01,500.0,all_scenarios,frauds,498.0,498.0,0.0,False
1,PTHW,82,0.01,1000.0,all_scenarios,frauds,498.0,498.0,0.0,False
1,PTHW,82,0.03,10.0,all_scenarios,frauds,498.0,498.0,0.0,False
1,PTHW,82,0.03,50.0,all_scenarios,frauds,498.0,498.0,0.0,False
1,PTHW,82,0.03,100.0,all_scenarios,frauds,498.0,498.0,0.0,False
1,PTHW,82,0.03,500.0,all_scenarios,frauds,498.0,498.0,0.0,False
1,PTHW,82,0.03,1000.0,all_scenarios,frauds,498.0,498.0,0.0,False
1,PTHW,82,0.05,10.0,all_scenarios,frauds,498.0,498.0,0.0,False
1,PTHW,82,0.05,50.0,all_scenarios,frauds,498.0,498.0,0.0,False
1,PTHW,82,0.05,100.0,all_scenarios,frauds,498.0,498.0,0.0,False
1,PTHW,82,0.05,500.0,all_scenarios,frauds,498.0,498.0,0.0,False
1,PTHW,82,0.05,1000.0,all_scenarios,frauds,498.0,498.0,0.0,False
1,PTHW,82,0.1,10.0,all_scenarios,frauds,498.0,498.0,0.0,False
1,PTHW,82,0.1,50.0,all_scenarios,frauds,498.0,498.0,0.0,False
1,PTHW,82,0.1,100.0,all_scenarios,frauds,498.0,498.0,0.0,False
1,PTHW,82,0.1,500.0,all_scenarios,frauds,498.0,498.0,0.0,False
1,PTHW,82,0.1,1000.0,all_scenarios,frauds,498.0,498.0,0.0,False
1,PTHW5,42,0.03,100.0,all_scenarios,frauds,498.0,498.0,0.0,False
1,PTHW5,52,0.03,100.0,all_scenarios,frauds,498.0,498.0,0.0,False
1,PTHW5,62,0.03,100.0,all_scenarios,frauds,498.0,498.0,0.0,False
1,PTHW5,72,0.03,100.0,all_scenarios,frauds,498.0,498.0,0.0,False
1,PTHW5,82,0.03,100.0,all_scenarios,frauds,498.0,498.0,0.0,False
2,P0,42,0.01,10.0,all_scenarios,frauds,312.0,312.0,0.0,False
2,P0,42,0.01,50.0,all_scenarios,frauds,312.0,312.0,0.0,False
2,P0,42,0.01,100.0,all_scenarios,frauds,312.0,312.0,0.0,False
2,P0,42,0.01,500.0,all_scenarios,frauds,312.0,312.0,0.0,False
2,P0,42,0.01,1000.0,all_scenarios,frauds,312.0,312.0,0.0,False
2,P0,42,0.03,10.0,all_scenarios,frauds,312.0,312.0,0.0,False
2,P0,42,0.03,50.0,all_scenarios,frauds,312.0,312.0,0.0,False
2,P0,42,0.03,100.0,all_scenarios,frauds,312.0,312.0,0.0,False
2,P0,42,0.03,500.0,all_scenarios,frauds,312.0,312.0,0.0,False
2,P0,42,0.03,1000.0,all_scenarios,frauds,312.0,312.0,0.0,False
2,P0,42,0.05,10.0,all_scenarios,frauds,312.0,312.0,0.0,False
2,P0,42,0.05,50.0,all_scenarios,frauds,312.0,312.0,0.0,False
2,P0,42,0.05,100.0,all_scenarios,frauds,312.0,312.0,0.0,False
2,P0,42,0.05,500.0,all_scenarios,frauds,312.0,312.0,0.0,False
2,P0,42,0.05,1000.0,all_scenarios,frauds,312.0,312.0,0.0,False
2,P0,42,0.1,10.0,all_scenarios,frauds,312.0,312.0,0.0,False
2,P0,42,0.1,50.0,all_scenarios,frauds,312.0,312.0,0.0,False
2,P0,42,0.1,100.0,all_scenarios,frauds,312.0,312.0,0.0,False
2,P0,42,0.1,500.0,all_scenarios,frauds,312.0,312.0,0.0,False
2,P0,42,0.1,1000.0,all_scenarios,frauds,312.0,312.0,0.0,False
2,P0,52,0.01,10.0,all_scenarios,frauds,312.0,312.0,0.0,False
2,P0,52,0.01,50.0,all_scenarios,frauds,312.0,312.0,0.0,False
2,P0,52,0.01,100.0,all_scenarios,frauds,312.0,312.0,0.0,False
2,P0,52,0.01,500.0,all_scenarios,frauds,312.0,312.0,0.0,False
2,P0,52,0.01,1000.0,all_scenarios,frauds,312.0,312.0,0.0,False
2,P0,52,0.03,10.0,all_scenarios,frauds,312.0,312.0,0.0,False
2,P0,52,0.03,50.0,all_scenarios,frauds,312.0,312.0,0.0,False
2,P0,52,0.03,100.0,all_scenarios,frauds,312.0,312.0,0.0,False
2,P0,52,0.03,500.0,all_scenarios,frauds,312.0,312.0,0.0,False
2,P0,52,0.03,1000.0,all_scenarios,frauds,312.0,312.0,0.0,False
2,P0,52,0.05,10.0,all_scenarios,frauds,312.0,312.0,0.0,False
2,P0,52,0.05,50.0,all_scenarios,frauds,312.0,312.0,0.0,False
2,P0,52,0.05,100.0,all_scenarios,frauds,312.0,312.0,0.0,False
2,P0,52,0.05,500.0,all_scenarios,frauds,312.0,312.0,0.0,False
2,P0,52,0.05,1000.0,all_scenarios,frauds,312.0,312.0,0.0,False
2,P0,52,0.1,10.0,all_scenarios,frauds,312.0,312.0,0.0,False
2,P0,52,0.1,50.0,all_scenarios,frauds,312.0,312.0,0.0,False
2,P0,52,0.1,100.0,all_scenarios,frauds,312.0,312.0,0.0,False
2,P0,52,0.1,500.0,all_scenarios,frauds,312.0,312.0,0.0,False
2,P0,52,0.1,1000.0,all_scenarios,frauds,312.0,312.0,0.0,False
2,P0,62,0.01,10.0,all_scenarios,frauds,312.0,312.0,0.0,False
2,P0,62,0.01,50.0,all_scenarios,frauds,312.0,312.0,0.0,False
2,P0,62,0.01,100.0,all_scenarios,frauds,312.0,312.0,0.0,False
2,P0,62,0.01,500.0,all_scenarios,frauds,312.0,312.0,0.0,False
2,P0,62,0.01,1000.0,all_scenarios,frauds,312.0,312.0,0.0,False
2,P0,62,0.03,10.0,all_scenarios,frauds,312.0,312.0,0.0,False
2,P0,62,0.03,50.0,all_scenarios,frauds,312.0,312.0,0.0,False
2,P0,62,0.03,100.0,all_scenarios,frauds,312.0,312.0,0.0,False
2,P0,62,0.03,500.0,all_scenarios,frauds,312.0,312.0,0.0,False
2,P0,62,0.03,1000.0,all_scenarios,frauds,312.0,312.0,0.0,False
2,P0,62,0.05,10.0,all_scenarios,frauds,312.0,312.0,0.0,False
2,P0,62,0.05,50.0,all_scenarios,frauds,312.0,312.0,0.0,False
2,P0,62,0.05,100.0,all_scenarios,frauds,312.0,312.0,0.0,False
2,P0,62,0.05,500.0,all_scenarios,frauds,312.0,312.0,0.0,False
2,P0,62,0.05,1000.0,all_scenarios,frauds,312.0,312.0,0.0,False
2,P0,62,0.1,10.0,all_scenarios,frauds,312.0,312.0,0.0,False
2,P0,62,0.1,50.0,all_scenarios,frauds,312.0,312.0,0.0,False
2,P0,62,0.1,100.0,all_scenarios,frauds,312.0,312.0,0.0,False
2,P0,62,0.1,500.0,all_scenarios,frauds,312.0,312.0,0.0,False
2,P0,62,0.1,1000.0,all_scenarios,frauds,312.0,312.0,0.0,False
2,P0,72,0.01,10.0,all_scenarios,frauds,312.0,312.0,0.0,False
2,P0,72,0.01,50.0,all_scenarios,frauds,312.0,312.0,0.0,False
2,P0,72,0.01,100.0,all_scenarios,frauds,312.0,312.0,0.0,False
2,P0,72,0.01,500.0,all_scenarios,frauds,312.0,312.0,0.0,False
2,P0,72,0.01,1000.0,all_scenarios,frauds,312.0,312.0,0.0,False
2,P0,72,0.03,10.0,all_scenarios,frauds,312.0,312.0,0.0,False
2,P0,72,0.03,50.0,all_scenarios,frauds,312.0,312.0,0.0,False
2,P0,72,0.03,100.0,all_scenarios,frauds,312.0,312.0,0.0,False
2,P0,72,0.03,500.0,all_scenarios,frauds,312.0,312.0,0.0,False
2,P0,72,0.03,1000.0,all_scenarios,frauds,312.0,312.0,0.0,False
2,P0,72,0.05,10.0,all_scenarios,frauds,312.0,312.0,0.0,False
2,P0,72,0.05,50.0,all_scenarios,frauds,312.0,312.0,0.0,False
2,P0,72,0.05,100.0,all_scenarios,frauds,312.0,312.0,0.0,False
2,P0,72,0.05,500.0,all_scenarios,frauds,312.0,312.0,0.0,False
2,P0,72,0.05,1000.0,all_scenarios,frauds,312.0,312.0,0.0,False
2,P0,72,0.1,10.0,all_scenarios,frauds,312.0,312.0,0.0,False
2,P0,72,0.1,50.0,all_scenarios,frauds,312.0,312.0,0.0,False
2,P0,72,0.1,100.0,all_scenarios,frauds,312.0,312.0,0.0,False
2,P0,72,0.1,500.0,all_scenarios,frauds,312.0,312.0,0.0,False
2,P0,72,0.1,1000.0,all_scenarios,frauds,312.0,312.0,0.0,False
2,P0,82,0.01,10.0,all_scenarios,frauds,312.0,312.0,0.0,False
2,P0,82,0.01,50.0,all_scenarios,frauds,312.0,312.0,0.0,False
2,P0,82,0.01,100.0,all_scenarios,frauds,312.0,312.0,0.0,False
2,P0,82,0.01,500.0,all_scenarios,frauds,312.0,312.0,0.0,False
2,P0,82,0.01,1000.0,all_scenarios,frauds,312.0,312.0,0.0,False
2,P0,82,0.03,10.0,all_scenarios,frauds,312.0,312.0,0.0,False
2,P0,82,0.03,50.0,all_scenarios,frauds,312.0,312.0,0.0,False
2,P0,82,0.03,100.0,all_scenarios,frauds,312.0,312.0,0.0,False
2,P0,82,0.03,500.0,all_scenarios,frauds,312.0,312.0,0.0,False
2,P0,82,0.03,1000.0,all_scenarios,frauds,312.0,312.0,0.0,False
2,P0,82,0.05,10.0,all_scenarios,frauds,312.0,312.0,0.0,False
2,P0,82,0.05,50.0,all_scenarios,frauds,312.0,312.0,0.0,False
2,P0,82,0.05,100.0,all_scenarios,frauds,312.0,312.0,0.0,False
2,P0,82,0.05,500.0,all_scenarios,frauds,312.0,312.0,0.0,False
2,P0,82,0.05,1000.0,all_scenarios,frauds,312.0,312.0,0.0,False
2,P0,82,0.1,10.0,all_scenarios,frauds,312.0,312.0,0.0,False
2,P0,82,0.1,50.0,all_scenarios,frauds,312.0,312.0,0.0,False
2,P0,82,0.1,100.0,all_scenarios,frauds,312.0,312.0,0.0,False
2,P0,82,0.1,500.0,all_scenarios,frauds,312.0,312.0,0.0,False
2,P0,82,0.1,1000.0,all_scenarios,frauds,312.0,312.0,0.0,False
2,PH,42,0.03,100.0,all_scenarios,frauds,312.0,312.0,0.0,False
2,PH,52,0.03,100.0,all_scenarios,frauds,312.0,312.0,0.0,False
2,PH,62,0.03,100.0,all_scenarios,frauds,312.0,312.0,0.0,False
2,PH,72,0.03,100.0,all_scenarios,frauds,312.0,312.0,0.0,False
2,PH,82,0.03,100.0,all_scenarios,frauds,312.0,312.0,0.0,False
2,PT,42,0.03,100.0,all_scenarios,frauds,312.0,312.0,0.0,False
2,PT,52,0.03,100.0,all_scenarios,frauds,312.0,312.0,0.0,False
2,PT,62,0.03,100.0,all_scenarios,frauds,312.0,312.0,0.0,False
2,PT,72,0.03,100.0,all_scenarios,frauds,312.0,312.0,0.0,False
2,PT,82,0.03,100.0,all_scenarios,frauds,312.0,312.0,0.0,False
2,PTH,42,0.03,100.0,all_scenarios,frauds,312.0,312.0,0.0,False
2,PTH,52,0.03,100.0,all_scenarios,frauds,312.0,312.0,0.0,False
2,PTH,62,0.03,100.0,all_scenarios,frauds,312.0,312.0,0.0,False
2,PTH,72,0.03,100.0,all_scenarios,frauds,312.0,312.0,0.0,False
2,PTH,82,0.03,100.0,all_scenarios,frauds,312.0,312.0,0.0,False
2,PTHW,42,0.01,10.0,all_scenarios,frauds,312.0,312.0,0.0,False
2,PTHW,42,0.01,50.0,all_scenarios,frauds,312.0,312.0,0.0,False
2,PTHW,42,0.01,100.0,all_scenarios,frauds,312.0,312.0,0.0,False
2,PTHW,42,0.01,500.0,all_scenarios,frauds,312.0,312.0,0.0,False
2,PTHW,42,0.01,1000.0,all_scenarios,frauds,312.0,312.0,0.0,False
2,PTHW,42,0.03,10.0,all_scenarios,frauds,312.0,312.0,0.0,False
2,PTHW,42,0.03,50.0,all_scenarios,frauds,312.0,312.0,0.0,False
2,PTHW,42,0.03,100.0,all_scenarios,frauds,312.0,312.0,0.0,False
2,PTHW,42,0.03,500.0,all_scenarios,frauds,312.0,312.0,0.0,False
2,PTHW,42,0.03,1000.0,all_scenarios,frauds,312.0,312.0,0.0,False
2,PTHW,42,0.05,10.0,all_scenarios,frauds,312.0,312.0,0.0,False
2,PTHW,42,0.05,50.0,all_scenarios,frauds,312.0,312.0,0.0,False
2,PTHW,42,0.05,100.0,all_scenarios,frauds,312.0,312.0,0.0,False
2,PTHW,42,0.05,500.0,all_scenarios,frauds,312.0,312.0,0.0,False
2,PTHW,42,0.05,1000.0,all_scenarios,frauds,312.0,312.0,0.0,False
2,PTHW,42,0.1,10.0,all_scenarios,frauds,312.0,312.0,0.0,False
2,PTHW,42,0.1,50.0,all_scenarios,frauds,312.0,312.0,0.0,False
2,PTHW,42,0.1,100.0,all_scenarios,frauds,312.0,312.0,0.0,False
2,PTHW,42,0.1,500.0,all_scenarios,frauds,312.0,312.0,0.0,False
2,PTHW,42,0.1,1000.0,all_scenarios,frauds,312.0,312.0,0.0,False
2,PTHW,52,0.01,10.0,all_scenarios,frauds,312.0,312.0,0.0,False
2,PTHW,52,0.01,50.0,all_scenarios,frauds,312.0,312.0,0.0,False
2,PTHW,52,0.01,100.0,all_scenarios,frauds,312.0,312.0,0.0,False
2,PTHW,52,0.01,500.0,all_scenarios,frauds,312.0,312.0,0.0,False
2,PTHW,52,0.01,1000.0,all_scenarios,frauds,312.0,312.0,0.0,False
2,PTHW,52,0.03,10.0,all_scenarios,frauds,312.0,312.0,0.0,False
2,PTHW,52,0.03,50.0,all_scenarios,frauds,312.0,312.0,0.0,False
2,PTHW,52,0.03,100.0,all_scenarios,frauds,312.0,312.0,0.0,False
2,PTHW,52,0.03,500.0,all_scenarios,frauds,312.0,312.0,0.0,False
2,PTHW,52,0.03,1000.0,all_scenarios,frauds,312.0,312.0,0.0,False
2,PTHW,52,0.05,10.0,all_scenarios,frauds,312.0,312.0,0.0,False
2,PTHW,52,0.05,50.0,all_scenarios,frauds,312.0,312.0,0.0,False
2,PTHW,52,0.05,100.0,all_scenarios,frauds,312.0,312.0,0.0,False
2,PTHW,52,0.05,500.0,all_scenarios,frauds,312.0,312.0,0.0,False
2,PTHW,52,0.05,1000.0,all_scenarios,frauds,312.0,312.0,0.0,False
2,PTHW,52,0.1,10.0,all_scenarios,frauds,312.0,312.0,0.0,False
2,PTHW,52,0.1,50.0,all_scenarios,frauds,312.0,312.0,0.0,False
2,PTHW,52,0.1,100.0,all_scenarios,frauds,312.0,312.0,0.0,False
2,PTHW,52,0.1,500.0,all_scenarios,frauds,312.0,312.0,0.0,False
2,PTHW,52,0.1,1000.0,all_scenarios,frauds,312.0,312.0,0.0,False
2,PTHW,62,0.01,10.0,all_scenarios,frauds,312.0,312.0,0.0,False
2,PTHW,62,0.01,50.0,all_scenarios,frauds,312.0,312.0,0.0,False
2,PTHW,62,0.01,100.0,all_scenarios,frauds,312.0,312.0,0.0,False
2,PTHW,62,0.01,500.0,all_scenarios,frauds,312.0,312.0,0.0,False
2,PTHW,62,0.01,1000.0,all_scenarios,frauds,312.0,312.0,0.0,False
2,PTHW,62,0.03,10.0,all_scenarios,frauds,312.0,312.0,0.0,False
2,PTHW,62,0.03,50.0,all_scenarios,frauds,312.0,312.0,0.0,False
2,PTHW,62,0.03,100.0,all_scenarios,frauds,312.0,312.0,0.0,False
2,PTHW,62,0.03,500.0,all_scenarios,frauds,312.0,312.0,0.0,False
2,PTHW,62,0.03,1000.0,all_scenarios,frauds,312.0,312.0,0.0,False
2,PTHW,62,0.05,10.0,all_scenarios,frauds,312.0,312.0,0.0,False
2,PTHW,62,0.05,50.0,all_scenarios,frauds,312.0,312.0,0.0,False
2,PTHW,62,0.05,100.0,all_scenarios,frauds,312.0,312.0,0.0,False
2,PTHW,62,0.05,500.0,all_scenarios,frauds,312.0,312.0,0.0,False
2,PTHW,62,0.05,1000.0,all_scenarios,frauds,312.0,312.0,0.0,False
2,PTHW,62,0.1,10.0,all_scenarios,frauds,312.0,312.0,0.0,False
2,PTHW,62,0.1,50.0,all_scenarios,frauds,312.0,312.0,0.0,False
2,PTHW,62,0.1,100.0,all_scenarios,frauds,312.0,312.0,0.0,False
2,PTHW,62,0.1,500.0,all_scenarios,frauds,312.0,312.0,0.0,False
2,PTHW,62,0.1,1000.0,all_scenarios,frauds,312.0,312.0,0.0,False
2,PTHW,72,0.01,10.0,all_scenarios,frauds,312.0,312.0,0.0,False
2,PTHW,72,0.01,50.0,all_scenarios,frauds,312.0,312.0,0.0,False
2,PTHW,72,0.01,100.0,all_scenarios,frauds,312.0,312.0,0.0,False
2,PTHW,72,0.01,500.0,all_scenarios,frauds,312.0,312.0,0.0,False
2,PTHW,72,0.01,1000.0,all_scenarios,frauds,312.0,312.0,0.0,False
2,PTHW,72,0.03,10.0,all_scenarios,frauds,312.0,312.0,0.0,False
2,PTHW,72,0.03,50.0,all_scenarios,frauds,312.0,312.0,0.0,False
2,PTHW,72,0.03,100.0,all_scenarios,frauds,312.0,312.0,0.0,False
2,PTHW,72,0.03,500.0,all_scenarios,frauds,312.0,312.0,0.0,False
2,PTHW,72,0.03,1000.0,all_scenarios,frauds,312.0,312.0,0.0,False
2,PTHW,72,0.05,10.0,all_scenarios,frauds,312.0,312.0,0.0,False
2,PTHW,72,0.05,50.0,all_scenarios,frauds,312.0,312.0,0.0,False
2,PTHW,72,0.05,100.0,all_scenarios,frauds,312.0,312.0,0.0,False
2,PTHW,72,0.05,500.0,all_scenarios,frauds,312.0,312.0,0.0,False
2,PTHW,72,0.05,1000.0,all_scenarios,frauds,312.0,312.0,0.0,False
2,PTHW,72,0.1,10.0,all_scenarios,frauds,312.0,312.0,0.0,False
2,PTHW,72,0.1,50.0,all_scenarios,frauds,312.0,312.0,0.0,False
2,PTHW,72,0.1,100.0,all_scenarios,frauds,312.0,312.0,0.0,False
2,PTHW,72,0.1,500.0,all_scenarios,frauds,312.0,312.0,0.0,False
2,PTHW,72,0.1,1000.0,all_scenarios,frauds,312.0,312.0,0.0,False
2,PTHW,82,0.01,10.0,all_scenarios,frauds,312.0,312.0,0.0,False
2,PTHW,82,0.01,50.0,all_scenarios,frauds,312.0,312.0,0.0,False
2,PTHW,82,0.01,100.0,all_scenarios,frauds,312.0,312.0,0.0,False
2,PTHW,82,0.01,500.0,all_scenarios,frauds,312.0,312.0,0.0,False
2,PTHW,82,0.01,1000.0,all_scenarios,frauds,312.0,312.0,0.0,False
2,PTHW,82,0.03,10.0,all_scenarios,frauds,312.0,312.0,0.0,False
2,PTHW,82,0.03,50.0,all_scenarios,frauds,312.0,312.0,0.0,False
2,PTHW,82,0.03,100.0,all_scenarios,frauds,312.0,312.0,0.0,False
2,PTHW,82,0.03,500.0,all_scenarios,frauds,312.0,312.0,0.0,False
2,PTHW,82,0.03,1000.0,all_scenarios,frauds,312.0,312.0,0.0,False
2,PTHW,82,0.05,10.0,all_scenarios,frauds,312.0,312.0,0.0,False
2,PTHW,82,0.05,50.0,all_scenarios,frauds,312.0,312.0,0.0,False
2,PTHW,82,0.05,100.0,all_scenarios,frauds,312.0,312.0,0.0,False
2,PTHW,82,0.05,500.0,all_scenarios,frauds,312.0,312.0,0.0,False
2,PTHW,82,0.05,1000.0,all_scenarios,frauds,312.0,312.0,0.0,False
2,PTHW,82,0.1,10.0,all_scenarios,frauds,312.0,312.0,0.0,False
2,PTHW,82,0.1,50.0,all_scenarios,frauds,312.0,312.0,0.0,False
2,PTHW,82,0.1,100.0,all_scenarios,frauds,312.0,312.0,0.0,False
2,PTHW,82,0.1,500.0,all_scenarios,frauds,312.0,312.0,0.0,False
2,PTHW,82,0.1,1000.0,all_scenarios,frauds,312.0,312.0,0.0,False
2,PTHW5,42,0.03,100.0,all_scenarios,frauds,312.0,312.0,0.0,False
2,PTHW5,52,0.03,100.0,all_scenarios,frauds,312.0,312.0,0.0,False
2,PTHW5,62,0.03,100.0,all_scenarios,frauds,312.0,312.0,0.0,False
2,PTHW5,72,0.03,100.0,all_scenarios,frauds,312.0,312.0,0.0,False
2,PTHW5,82,0.03,100.0,all_scenarios,frauds,312.0,312.0,0.0,False
3,P0,42,0.01,10.0,all_scenarios,frauds,3764.0,3764.0,0.0,False
3,P0,42,0.01,50.0,all_scenarios,frauds,3764.0,3764.0,0.0,False
3,P0,42,0.01,100.0,all_scenarios,frauds,3764.0,3764.0,0.0,False
3,P0,42,0.01,500.0,all_scenarios,frauds,3764.0,3764.0,0.0,False
3,P0,42,0.01,1000.0,all_scenarios,frauds,3764.0,3764.0,0.0,False
3,P0,42,0.03,10.0,all_scenarios,frauds,3764.0,3764.0,0.0,False
3,P0,42,0.03,50.0,all_scenarios,frauds,3764.0,3764.0,0.0,False
3,P0,42,0.03,100.0,all_scenarios,frauds,3764.0,3764.0,0.0,False
3,P0,42,0.03,500.0,all_scenarios,frauds,3764.0,3764.0,0.0,False
3,P0,42,0.03,1000.0,all_scenarios,frauds,3764.0,3764.0,0.0,False
3,P0,42,0.05,10.0,all_scenarios,frauds,3764.0,3764.0,0.0,False
3,P0,42,0.05,50.0,all_scenarios,frauds,3764.0,3764.0,0.0,False
3,P0,42,0.05,100.0,all_scenarios,frauds,3764.0,3764.0,0.0,False
3,P0,42,0.05,500.0,all_scenarios,frauds,3764.0,3764.0,0.0,False
3,P0,42,0.05,1000.0,all_scenarios,frauds,3764.0,3764.0,0.0,False
3,P0,42,0.1,10.0,all_scenarios,frauds,3764.0,3764.0,0.0,False
3,P0,42,0.1,50.0,all_scenarios,frauds,3764.0,3764.0,0.0,False
3,P0,42,0.1,100.0,all_scenarios,frauds,3764.0,3764.0,0.0,False
3,P0,42,0.1,500.0,all_scenarios,frauds,3764.0,3764.0,0.0,False
3,P0,42,0.1,1000.0,all_scenarios,frauds,3764.0,3764.0,0.0,False
3,P0,52,0.01,10.0,all_scenarios,frauds,3764.0,3764.0,0.0,False
3,P0,52,0.01,50.0,all_scenarios,frauds,3764.0,3764.0,0.0,False
3,P0,52,0.01,100.0,all_scenarios,frauds,3764.0,3764.0,0.0,False
3,P0,52,0.01,500.0,all_scenarios,frauds,3764.0,3764.0,0.0,False
3,P0,52,0.01,1000.0,all_scenarios,frauds,3764.0,3764.0,0.0,False
3,P0,52,0.03,10.0,all_scenarios,frauds,3764.0,3764.0,0.0,False
3,P0,52,0.03,50.0,all_scenarios,frauds,3764.0,3764.0,0.0,False
3,P0,52,0.03,100.0,all_scenarios,frauds,3764.0,3764.0,0.0,False
3,P0,52,0.03,500.0,all_scenarios,frauds,3764.0,3764.0,0.0,False
3,P0,52,0.03,1000.0,all_scenarios,frauds,3764.0,3764.0,0.0,False
3,P0,52,0.05,10.0,all_scenarios,frauds,3764.0,3764.0,0.0,False
3,P0,52,0.05,50.0,all_scenarios,frauds,3764.0,3764.0,0.0,False
3,P0,52,0.05,100.0,all_scenarios,frauds,3764.0,3764.0,0.0,False
3,P0,52,0.05,500.0,all_scenarios,frauds,3764.0,3764.0,0.0,False
3,P0,52,0.05,1000.0,all_scenarios,frauds,3764.0,3764.0,0.0,False
3,P0,52,0.1,10.0,all_scenarios,frauds,3764.0,3764.0,0.0,False
3,P0,52,0.1,50.0,all_scenarios,frauds,3764.0,3764.0,0.0,False
3,P0,52,0.1,100.0,all_scenarios,frauds,3764.0,3764.0,0.0,False
3,P0,52,0.1,500.0,all_scenarios,frauds,3764.0,3764.0,0.0,False
3,P0,52,0.1,1000.0,all_scenarios,frauds,3764.0,3764.0,0.0,False
3,P0,62,0.01,10.0,all_scenarios,frauds,3764.0,3764.0,0.0,False
3,P0,62,0.01,50.0,all_scenarios,frauds,3764.0,3764.0,0.0,False
3,P0,62,0.01,100.0,all_scenarios,frauds,3764.0,3764.0,0.0,False
3,P0,62,0.01,500.0,all_scenarios,frauds,3764.0,3764.0,0.0,False
3,P0,62,0.01,1000.0,all_scenarios,frauds,3764.0,3764.0,0.0,False
3,P0,62,0.03,10.0,all_scenarios,frauds,3764.0,3764.0,0.0,False
3,P0,62,0.03,50.0,all_scenarios,frauds,3764.0,3764.0,0.0,False
3,P0,62,0.03,100.0,all_scenarios,frauds,3764.0,3764.0,0.0,False
3,P0,62,0.03,500.0,all_scenarios,frauds,3764.0,3764.0,0.0,False
3,P0,62,0.03,1000.0,all_scenarios,frauds,3764.0,3764.0,0.0,False
3,P0,62,0.05,10.0,all_scenarios,frauds,3764.0,3764.0,0.0,False
3,P0,62,0.05,50.0,all_scenarios,frauds,3764.0,3764.0,0.0,False
3,P0,62,0.05,100.0,all_scenarios,frauds,3764.0,3764.0,0.0,False
3,P0,62,0.05,500.0,all_scenarios,frauds,3764.0,3764.0,0.0,False
3,P0,62,0.05,1000.0,all_scenarios,frauds,3764.0,3764.0,0.0,False
3,P0,62,0.1,10.0,all_scenarios,frauds,3764.0,3764.0,0.0,False
3,P0,62,0.1,50.0,all_scenarios,frauds,3764.0,3764.0,0.0,False
3,P0,62,0.1,100.0,all_scenarios,frauds,3764.0,3764.0,0.0,False
3,P0,62,0.1,500.0,all_scenarios,frauds,3764.0,3764.0,0.0,False
3,P0,62,0.1,1000.0,all_scenarios,frauds,3764.0,3764.0,0.0,False
3,P0,72,0.01,10.0,all_scenarios,frauds,3764.0,3764.0,0.0,False
3,P0,72,0.01,50.0,all_scenarios,frauds,3764.0,3764.0,0.0,False
3,P0,72,0.01,100.0,all_scenarios,frauds,3764.0,3764.0,0.0,False
3,P0,72,0.01,500.0,all_scenarios,frauds,3764.0,3764.0,0.0,False
3,P0,72,0.01,1000.0,all_scenarios,frauds,3764.0,3764.0,0.0,False
3,P0,72,0.03,10.0,all_scenarios,frauds,3764.0,3764.0,0.0,False
3,P0,72,0.03,50.0,all_scenarios,frauds,3764.0,3764.0,0.0,False
3,P0,72,0.03,100.0,all_scenarios,frauds,3764.0,3764.0,0.0,False
3,P0,72,0.03,500.0,all_scenarios,frauds,3764.0,3764.0,0.0,False
3,P0,72,0.03,1000.0,all_scenarios,frauds,3764.0,3764.0,0.0,False
3,P0,72,0.05,10.0,all_scenarios,frauds,3764.0,3764.0,0.0,False
3,P0,72,0.05,50.0,all_scenarios,frauds,3764.0,3764.0,0.0,False
3,P0,72,0.05,100.0,all_scenarios,frauds,3764.0,3764.0,0.0,False
3,P0,72,0.05,500.0,all_scenarios,frauds,3764.0,3764.0,0.0,False
3,P0,72,0.05,1000.0,all_scenarios,frauds,3764.0,3764.0,0.0,False
3,P0,72,0.1,10.0,all_scenarios,frauds,3764.0,3764.0,0.0,False
3,P0,72,0.1,50.0,all_scenarios,frauds,3764.0,3764.0,0.0,False
3,P0,72,0.1,100.0,all_scenarios,frauds,3764.0,3764.0,0.0,False
3,P0,72,0.1,500.0,all_scenarios,frauds,3764.0,3764.0,0.0,False
3,P0,72,0.1,1000.0,all_scenarios,frauds,3764.0,3764.0,0.0,False
3,P0,82,0.01,10.0,all_scenarios,frauds,3764.0,3764.0,0.0,False
3,P0,82,0.01,50.0,all_scenarios,frauds,3764.0,3764.0,0.0,False
3,P0,82,0.01,100.0,all_scenarios,frauds,3764.0,3764.0,0.0,False
3,P0,82,0.01,500.0,all_scenarios,frauds,3764.0,3764.0,0.0,False
3,P0,82,0.01,1000.0,all_scenarios,frauds,3764.0,3764.0,0.0,False
3,P0,82,0.03,10.0,all_scenarios,frauds,3764.0,3764.0,0.0,False
3,P0,82,0.03,50.0,all_scenarios,frauds,3764.0,3764.0,0.0,False
3,P0,82,0.03,100.0,all_scenarios,frauds,3764.0,3764.0,0.0,False
3,P0,82,0.03,500.0,all_scenarios,frauds,3764.0,3764.0,0.0,False
3,P0,82,0.03,1000.0,all_scenarios,frauds,3764.0,3764.0,0.0,False
3,P0,82,0.05,10.0,all_scenarios,frauds,3764.0,3764.0,0.0,False
3,P0,82,0.05,50.0,all_scenarios,frauds,3764.0,3764.0,0.0,False
3,P0,82,0.05,100.0,all_scenarios,frauds,3764.0,3764.0,0.0,False
3,P0,82,0.05,500.0,all_scenarios,frauds,3764.0,3764.0,0.0,False
3,P0,82,0.05,1000.0,all_scenarios,frauds,3764.0,3764.0,0.0,False
3,P0,82,0.1,10.0,all_scenarios,frauds,3764.0,3764.0,0.0,False
3,P0,82,0.1,50.0,all_scenarios,frauds,3764.0,3764.0,0.0,False
3,P0,82,0.1,100.0,all_scenarios,frauds,3764.0,3764.0,0.0,False
3,P0,82,0.1,500.0,all_scenarios,frauds,3764.0,3764.0,0.0,False
3,P0,82,0.1,1000.0,all_scenarios,frauds,3764.0,3764.0,0.0,False
3,PH,42,0.03,100.0,all_scenarios,frauds,3764.0,3764.0,0.0,False
3,PH,52,0.03,100.0,all_scenarios,frauds,3764.0,3764.0,0.0,False
3,PH,62,0.03,100.0,all_scenarios,frauds,3764.0,3764.0,0.0,False
3,PH,72,0.03,100.0,all_scenarios,frauds,3764.0,3764.0,0.0,False
3,PH,82,0.03,100.0,all_scenarios,frauds,3764.0,3764.0,0.0,False
3,PT,42,0.03,100.0,all_scenarios,frauds,3764.0,3764.0,0.0,False
3,PT,52,0.03,100.0,all_scenarios,frauds,3764.0,3764.0,0.0,False
3,PT,62,0.03,100.0,all_scenarios,frauds,3764.0,3764.0,0.0,False
3,PT,72,0.03,100.0,all_scenarios,frauds,3764.0,3764.0,0.0,False
3,PT,82,0.03,100.0,all_scenarios,frauds,3764.0,3764.0,0.0,False
3,PTH,42,0.03,100.0,all_scenarios,frauds,3764.0,3764.0,0.0,False
3,PTH,52,0.03,100.0,all_scenarios,frauds,3764.0,3764.0,0.0,False
3,PTH,62,0.03,100.0,all_scenarios,frauds,3764.0,3764.0,0.0,False
3,PTH,72,0.03,100.0,all_scenarios,frauds,3764.0,3764.0,0.0,False
3,PTH,82,0.03,100.0,all_scenarios,frauds,3764.0,3764.0,0.0,False
3,PTHW,42,0.01,10.0,all_scenarios,frauds,3764.0,3764.0,0.0,False
3,PTHW,42,0.01,50.0,all_scenarios,frauds,3764.0,3764.0,0.0,False
3,PTHW,42,0.01,100.0,all_scenarios,frauds,3764.0,3764.0,0.0,False
3,PTHW,42,0.01,500.0,all_scenarios,frauds,3764.0,3764.0,0.0,False
3,PTHW,42,0.01,1000.0,all_scenarios,frauds,3764.0,3764.0,0.0,False
3,PTHW,42,0.03,10.0,all_scenarios,frauds,3764.0,3764.0,0.0,False
3,PTHW,42,0.03,50.0,all_scenarios,frauds,3764.0,3764.0,0.0,False
3,PTHW,42,0.03,100.0,all_scenarios,frauds,3764.0,3764.0,0.0,False
3,PTHW,42,0.03,500.0,all_scenarios,frauds,3764.0,3764.0,0.0,False
3,PTHW,42,0.03,1000.0,all_scenarios,frauds,3764.0,3764.0,0.0,False
3,PTHW,42,0.05,10.0,all_scenarios,frauds,3764.0,3764.0,0.0,False
3,PTHW,42,0.05,50.0,all_scenarios,frauds,3764.0,3764.0,0.0,False
3,PTHW,42,0.05,100.0,all_scenarios,frauds,3764.0,3764.0,0.0,False
3,PTHW,42,0.05,500.0,all_scenarios,frauds,3764.0,3764.0,0.0,False
3,PTHW,42,0.05,1000.0,all_scenarios,frauds,3764.0,3764.0,0.0,False
3,PTHW,42,0.1,10.0,all_scenarios,frauds,3764.0,3764.0,0.0,False
3,PTHW,42,0.1,50.0,all_scenarios,frauds,3764.0,3764.0,0.0,False
3,PTHW,42,0.1,100.0,all_scenarios,frauds,3764.0,3764.0,0.0,False
3,PTHW,42,0.1,500.0,all_scenarios,frauds,3764.0,3764.0,0.0,False
3,PTHW,42,0.1,1000.0,all_scenarios,frauds,3764.0,3764.0,0.0,False
3,PTHW,52,0.01,10.0,all_scenarios,frauds,3764.0,3764.0,0.0,False
3,PTHW,52,0.01,50.0,all_scenarios,frauds,3764.0,3764.0,0.0,False
3,PTHW,52,0.01,100.0,all_scenarios,frauds,3764.0,3764.0,0.0,False
3,PTHW,52,0.01,500.0,all_scenarios,frauds,3764.0,3764.0,0.0,False
3,PTHW,52,0.01,1000.0,all_scenarios,frauds,3764.0,3764.0,0.0,False
3,PTHW,52,0.03,10.0,all_scenarios,frauds,3764.0,3764.0,0.0,False
3,PTHW,52,0.03,50.0,all_scenarios,frauds,3764.0,3764.0,0.0,False
3,PTHW,52,0.03,100.0,all_scenarios,frauds,3764.0,3764.0,0.0,False
3,PTHW,52,0.03,500.0,all_scenarios,frauds,3764.0,3764.0,0.0,False
3,PTHW,52,0.03,1000.0,all_scenarios,frauds,3764.0,3764.0,0.0,False
3,PTHW,52,0.05,10.0,all_scenarios,frauds,3764.0,3764.0,0.0,False
3,PTHW,52,0.05,50.0,all_scenarios,frauds,3764.0,3764.0,0.0,False
3,PTHW,52,0.05,100.0,all_scenarios,frauds,3764.0,3764.0,0.0,False
3,PTHW,52,0.05,500.0,all_scenarios,frauds,3764.0,3764.0,0.0,False
3,PTHW,52,0.05,1000.0,all_scenarios,frauds,3764.0,3764.0,0.0,False
3,PTHW,52,0.1,10.0,all_scenarios,frauds,3764.0,3764.0,0.0,False
3,PTHW,52,0.1,50.0,all_scenarios,frauds,3764.0,3764.0,0.0,False
3,PTHW,52,0.1,100.0,all_scenarios,frauds,3764.0,3764.0,0.0,False
3,PTHW,52,0.1,500.0,all_scenarios,frauds,3764.0,3764.0,0.0,False
3,PTHW,52,0.1,1000.0,all_scenarios,frauds,3764.0,3764.0,0.0,False
3,PTHW,62,0.01,10.0,all_scenarios,frauds,3764.0,3764.0,0.0,False
3,PTHW,62,0.01,50.0,all_scenarios,frauds,3764.0,3764.0,0.0,False
3,PTHW,62,0.01,100.0,all_scenarios,frauds,3764.0,3764.0,0.0,False
3,PTHW,62,0.01,500.0,all_scenarios,frauds,3764.0,3764.0,0.0,False
3,PTHW,62,0.01,1000.0,all_scenarios,frauds,3764.0,3764.0,0.0,False
3,PTHW,62,0.03,10.0,all_scenarios,frauds,3764.0,3764.0,0.0,False
3,PTHW,62,0.03,50.0,all_scenarios,frauds,3764.0,3764.0,0.0,False
3,PTHW,62,0.03,100.0,all_scenarios,frauds,3764.0,3764.0,0.0,False
3,PTHW,62,0.03,500.0,all_scenarios,frauds,3764.0,3764.0,0.0,False
3,PTHW,62,0.03,1000.0,all_scenarios,frauds,3764.0,3764.0,0.0,False
3,PTHW,62,0.05,10.0,all_scenarios,frauds,3764.0,3764.0,0.0,False
3,PTHW,62,0.05,50.0,all_scenarios,frauds,3764.0,3764.0,0.0,False
3,PTHW,62,0.05,100.0,all_scenarios,frauds,3764.0,3764.0,0.0,False
3,PTHW,62,0.05,500.0,all_scenarios,frauds,3764.0,3764.0,0.0,False
3,PTHW,62,0.05,1000.0,all_scenarios,frauds,3764.0,3764.0,0.0,False
3,PTHW,62,0.1,10.0,all_scenarios,frauds,3764.0,3764.0,0.0,False
3,PTHW,62,0.1,50.0,all_scenarios,frauds,3764.0,3764.0,0.0,False
3,PTHW,62,0.1,100.0,all_scenarios,frauds,3764.0,3764.0,0.0,False
3,PTHW,62,0.1,500.0,all_scenarios,frauds,3764.0,3764.0,0.0,False
3,PTHW,62,0.1,1000.0,all_scenarios,frauds,3764.0,3764.0,0.0,False
3,PTHW,72,0.01,10.0,all_scenarios,frauds,3764.0,3764.0,0.0,False
3,PTHW,72,0.01,50.0,all_scenarios,frauds,3764.0,3764.0,0.0,False
3,PTHW,72,0.01,100.0,all_scenarios,frauds,3764.0,3764.0,0.0,False
3,PTHW,72,0.01,500.0,all_scenarios,frauds,3764.0,3764.0,0.0,False
3,PTHW,72,0.01,1000.0,all_scenarios,frauds,3764.0,3764.0,0.0,False
3,PTHW,72,0.03,10.0,all_scenarios,frauds,3764.0,3764.0,0.0,False
3,PTHW,72,0.03,50.0,all_scenarios,frauds,3764.0,3764.0,0.0,False
3,PTHW,72,0.03,100.0,all_scenarios,frauds,3764.0,3764.0,0.0,False
3,PTHW,72,0.03,500.0,all_scenarios,frauds,3764.0,3764.0,0.0,False
3,PTHW,72,0.03,1000.0,all_scenarios,frauds,3764.0,3764.0,0.0,False
3,PTHW,72,0.05,10.0,all_scenarios,frauds,3764.0,3764.0,0.0,False
3,PTHW,72,0.05,50.0,all_scenarios,frauds,3764.0,3764.0,0.0,False
3,PTHW,72,0.05,100.0,all_scenarios,frauds,3764.0,3764.0,0.0,False
3,PTHW,72,0.05,500.0,all_scenarios,frauds,3764.0,3764.0,0.0,False
3,PTHW,72,0.05,1000.0,all_scenarios,frauds,3764.0,3764.0,0.0,False
3,PTHW,72,0.1,10.0,all_scenarios,frauds,3764.0,3764.0,0.0,False
3,PTHW,72,0.1,50.0,all_scenarios,frauds,3764.0,3764.0,0.0,False
3,PTHW,72,0.1,100.0,all_scenarios,frauds,3764.0,3764.0,0.0,False
3,PTHW,72,0.1,500.0,all_scenarios,frauds,3764.0,3764.0,0.0,False
3,PTHW,72,0.1,1000.0,all_scenarios,frauds,3764.0,3764.0,0.0,False
3,PTHW,82,0.01,10.0,all_scenarios,frauds,3764.0,3764.0,0.0,False
3,PTHW,82,0.01,50.0,all_scenarios,frauds,3764.0,3764.0,0.0,False
3,PTHW,82,0.01,100.0,all_scenarios,frauds,3764.0,3764.0,0.0,False
3,PTHW,82,0.01,500.0,all_scenarios,frauds,3764.0,3764.0,0.0,False
3,PTHW,82,0.01,1000.0,all_scenarios,frauds,3764.0,3764.0,0.0,False
3,PTHW,82,0.03,10.0,all_scenarios,frauds,3764.0,3764.0,0.0,False
3,PTHW,82,0.03,50.0,all_scenarios,frauds,3764.0,3764.0,0.0,False
3,PTHW,82,0.03,100.0,all_scenarios,frauds,3764.0,3764.0,0.0,False
3,PTHW,82,0.03,500.0,all_scenarios,frauds,3764.0,3764.0,0.0,False
3,PTHW,82,0.03,1000.0,all_scenarios,frauds,3764.0,3764.0,0.0,False
3,PTHW,82,0.05,10.0,all_scenarios,frauds,3764.0,3764.0,0.0,False
3,PTHW,82,0.05,50.0,all_scenarios,frauds,3764.0,3764.0,0.0,False
3,PTHW,82,0.05,100.0,all_scenarios,frauds,3764.0,3764.0,0.0,False
3,PTHW,82,0.05,500.0,all_scenarios,frauds,3764.0,3764.0,0.0,False
3,PTHW,82,0.05,1000.0,all_scenarios,frauds,3764.0,3764.0,0.0,False
3,PTHW,82,0.1,10.0,all_scenarios,frauds,3764.0,3764.0,0.0,False
3,PTHW,82,0.1,50.0,all_scenarios,frauds,3764.0,3764.0,0.0,False
3,PTHW,82,0.1,100.0,all_scenarios,frauds,3764.0,3764.0,0.0,False
3,PTHW,82,0.1,500.0,all_scenarios,frauds,3764.0,3764.0,0.0,False
3,PTHW,82,0.1,1000.0,all_scenarios,frauds,3764.0,3764.0,0.0,False
3,PTHW5,42,0.03,100.0,all_scenarios,frauds,3764.0,3764.0,0.0,False
3,PTHW5,52,0.03,100.0,all_scenarios,frauds,3764.0,3764.0,0.0,False
3,PTHW5,62,0.03,100.0,all_scenarios,frauds,3764.0,3764.0,0.0,False
3,PTHW5,72,0.03,100.0,all_scenarios,frauds,3764.0,3764.0,0.0,False
3,PTHW5,82,0.03,100.0,all_scenarios,frauds,3764.0,3764.0,0.0,False
1,P0,42,0.01,10.0,all_scenarios,tp,67.0,67.0,0.0,False
1,P0,42,0.01,50.0,all_scenarios,tp,71.0,71.0,0.0,False
1,P0,42,0.01,100.0,all_scenarios,tp,71.0,71.0,0.0,False
1,P0,42,0.01,500.0,all_scenarios,tp,71.0,97.0,26.0,True
1,P0,42,0.01,1000.0,all_scenarios,tp,85.0,97.0,12.0,True
1,P0,42,0.03,10.0,all_scenarios,tp,67.0,67.0,0.0,False
1,P0,42,0.03,50.0,all_scenarios,tp,71.0,71.0,0.0,False
1,P0,42,0.03,100.0,all_scenarios,tp,71.0,71.0,0.0,False
1,P0,42,0.03,500.0,all_scenarios,tp,191.0,150.0,-41.0,True
1,P0,42,0.03,1000.0,all_scenarios,tp,191.0,150.0,-41.0,True
1,P0,42,0.05,10.0,all_scenarios,tp,67.0,67.0,0.0,False
1,P0,42,0.05,50.0,all_scenarios,tp,71.0,71.0,0.0,False
1,P0,42,0.05,100.0,all_scenarios,tp,71.0,71.0,0.0,False
1,P0,42,0.05,500.0,all_scenarios,tp,191.0,206.0,15.0,True
1,P0,42,0.05,1000.0,all_scenarios,tp,246.0,206.0,-40.0,True
1,P0,42,0.1,10.0,all_scenarios,tp,67.0,67.0,0.0,False
1,P0,42,0.1,50.0,all_scenarios,tp,71.0,71.0,0.0,False
1,P0,42,0.1,100.0,all_scenarios,tp,71.0,71.0,0.0,False
1,P0,42,0.1,500.0,all_scenarios,tp,289.0,206.0,-83.0,True
1,P0,42,0.1,1000.0,all_scenarios,tp,327.0,290.0,-37.0,True
1,P0,52,0.01,10.0,all_scenarios,tp,67.0,0.0,-67.0,True
1,P0,52,0.01,50.0,all_scenarios,tp,67.0,8.0,-59.0,True
1,P0,52,0.01,100.0,all_scenarios,tp,67.0,8.0,-59.0,True
1,P0,52,0.01,500.0,all_scenarios,tp,67.0,8.0,-59.0,True
1,P0,52,0.01,1000.0,all_scenarios,tp,79.0,15.0,-64.0,True
1,P0,52,0.03,10.0,all_scenarios,tp,67.0,0.0,-67.0,True
1,P0,52,0.03,50.0,all_scenarios,tp,67.0,8.0,-59.0,True
1,P0,52,0.03,100.0,all_scenarios,tp,67.0,8.0,-59.0,True
1,P0,52,0.03,500.0,all_scenarios,tp,195.0,130.0,-65.0,True
1,P0,52,0.03,1000.0,all_scenarios,tp,195.0,130.0,-65.0,True
1,P0,52,0.05,10.0,all_scenarios,tp,67.0,0.0,-67.0,True
1,P0,52,0.05,50.0,all_scenarios,tp,67.0,8.0,-59.0,True
1,P0,52,0.05,100.0,all_scenarios,tp,67.0,8.0,-59.0,True
1,P0,52,0.05,500.0,all_scenarios,tp,225.0,171.0,-54.0,True
1,P0,52,0.05,1000.0,all_scenarios,tp,237.0,183.0,-54.0,True
1,P0,52,0.1,10.0,all_scenarios,tp,67.0,0.0,-67.0,True
1,P0,52,0.1,50.0,all_scenarios,tp,67.0,8.0,-59.0,True
1,P0,52,0.1,100.0,all_scenarios,tp,67.0,8.0,-59.0,True
1,P0,52,0.1,500.0,all_scenarios,tp,225.0,228.0,3.0,True
1,P0,52,0.1,1000.0,all_scenarios,tp,341.0,282.0,-59.0,True
1,P0,62,0.01,10.0,all_scenarios,tp,72.0,67.0,-5.0,True
1,P0,62,0.01,50.0,all_scenarios,tp,76.0,67.0,-9.0,True
1,P0,62,0.01,100.0,all_scenarios,tp,76.0,67.0,-9.0,True
1,P0,62,0.01,500.0,all_scenarios,tp,103.0,85.0,-18.0,True
1,P0,62,0.01,1000.0,all_scenarios,tp,103.0,85.0,-18.0,True
1,P0,62,0.03,10.0,all_scenarios,tp,72.0,67.0,-5.0,True
1,P0,62,0.03,50.0,all_scenarios,tp,76.0,67.0,-9.0,True
1,P0,62,0.03,100.0,all_scenarios,tp,76.0,67.0,-9.0,True
1,P0,62,0.03,500.0,all_scenarios,tp,170.0,160.0,-10.0,True
1,P0,62,0.03,1000.0,all_scenarios,tp,188.0,160.0,-28.0,True
1,P0,62,0.05,10.0,all_scenarios,tp,72.0,67.0,-5.0,True
1,P0,62,0.05,50.0,all_scenarios,tp,76.0,67.0,-9.0,True
1,P0,62,0.05,100.0,all_scenarios,tp,76.0,67.0,-9.0,True
1,P0,62,0.05,500.0,all_scenarios,tp,170.0,222.0,52.0,True
1,P0,62,0.05,1000.0,all_scenarios,tp,224.0,222.0,-2.0,True
1,P0,62,0.1,10.0,all_scenarios,tp,72.0,67.0,-5.0,True
1,P0,62,0.1,50.0,all_scenarios,tp,76.0,67.0,-9.0,True
1,P0,62,0.1,100.0,all_scenarios,tp,76.0,67.0,-9.0,True
1,P0,62,0.1,500.0,all_scenarios,tp,170.0,222.0,52.0,True
1,P0,62,0.1,1000.0,all_scenarios,tp,348.0,323.0,-25.0,True
1,P0,72,0.01,10.0,all_scenarios,tp,67.0,72.0,5.0,True
1,P0,72,0.01,50.0,all_scenarios,tp,67.0,72.0,5.0,True
1,P0,72,0.01,100.0,all_scenarios,tp,67.0,72.0,5.0,True
1,P0,72,0.01,500.0,all_scenarios,tp,79.0,72.0,-7.0,True
1,P0,72,0.01,1000.0,all_scenarios,tp,84.0,80.0,-4.0,True
1,P0,72,0.03,10.0,all_scenarios,tp,67.0,72.0,5.0,True
1,P0,72,0.03,50.0,all_scenarios,tp,67.0,72.0,5.0,True
1,P0,72,0.03,100.0,all_scenarios,tp,67.0,72.0,5.0,True
1,P0,72,0.03,500.0,all_scenarios,tp,79.0,72.0,-7.0,True
1,P0,72,0.03,1000.0,all_scenarios,tp,117.0,117.0,0.0,False
1,P0,72,0.05,10.0,all_scenarios,tp,67.0,72.0,5.0,True
1,P0,72,0.05,50.0,all_scenarios,tp,67.0,72.0,5.0,True
1,P0,72,0.05,100.0,all_scenarios,tp,67.0,72.0,5.0,True
1,P0,72,0.05,500.0,all_scenarios,tp,79.0,72.0,-7.0,True
1,P0,72,0.05,1000.0,all_scenarios,tp,174.0,166.0,-8.0,True
1,P0,72,0.1,10.0,all_scenarios,tp,67.0,72.0,5.0,True
1,P0,72,0.1,50.0,all_scenarios,tp,67.0,72.0,5.0,True
1,P0,72,0.1,100.0,all_scenarios,tp,67.0,72.0,5.0,True
1,P0,72,0.1,500.0,all_scenarios,tp,282.0,221.0,-61.0,True
1,P0,72,0.1,1000.0,all_scenarios,tp,338.0,270.0,-68.0,True
1,P0,82,0.01,10.0,all_scenarios,tp,67.0,0.0,-67.0,True
1,P0,82,0.01,50.0,all_scenarios,tp,71.0,70.0,-1.0,True
1,P0,82,0.01,100.0,all_scenarios,tp,82.0,70.0,-12.0,True
1,P0,82,0.01,500.0,all_scenarios,tp,100.0,76.0,-24.0,True
1,P0,82,0.01,1000.0,all_scenarios,tp,102.0,76.0,-26.0,True
1,P0,82,0.03,10.0,all_scenarios,tp,67.0,0.0,-67.0,True
1,P0,82,0.03,50.0,all_scenarios,tp,71.0,70.0,-1.0,True
1,P0,82,0.03,100.0,all_scenarios,tp,82.0,70.0,-12.0,True
1,P0,82,0.03,500.0,all_scenarios,tp,135.0,76.0,-59.0,True
1,P0,82,0.03,1000.0,all_scenarios,tp,135.0,118.0,-17.0,True
1,P0,82,0.05,10.0,all_scenarios,tp,67.0,0.0,-67.0,True
1,P0,82,0.05,50.0,all_scenarios,tp,71.0,70.0,-1.0,True
1,P0,82,0.05,100.0,all_scenarios,tp,82.0,70.0,-12.0,True
1,P0,82,0.05,500.0,all_scenarios,tp,205.0,247.0,42.0,True
1,P0,82,0.05,1000.0,all_scenarios,tp,205.0,252.0,47.0,True
1,P0,82,0.1,10.0,all_scenarios,tp,67.0,0.0,-67.0,True
1,P0,82,0.1,50.0,all_scenarios,tp,71.0,70.0,-1.0,True
1,P0,82,0.1,100.0,all_scenarios,tp,82.0,70.0,-12.0,True
1,P0,82,0.1,500.0,all_scenarios,tp,357.0,286.0,-71.0,True
1,P0,82,0.1,1000.0,all_scenarios,tp,357.0,295.0,-62.0,True
1,PH,42,0.03,100.0,all_scenarios,tp,328.0,325.0,-3.0,True
1,PH,52,0.03,100.0,all_scenarios,tp,273.0,318.0,45.0,True
1,PH,62,0.03,100.0,all_scenarios,tp,262.0,212.0,-50.0,True
1,PH,72,0.03,100.0,all_scenarios,tp,317.0,252.0,-65.0,True
1,PH,82,0.03,100.0,all_scenarios,tp,312.0,326.0,14.0,True
1,PT,42,0.03,100.0,all_scenarios,tp,150.0,135.0,-15.0,True
1,PT,52,0.03,100.0,all_scenarios,tp,201.0,164.0,-37.0,True
1,PT,62,0.03,100.0,all_scenarios,tp,230.0,152.0,-78.0,True
1,PT,72,0.03,100.0,all_scenarios,tp,223.0,146.0,-77.0,True
1,PT,82,0.03,100.0,all_scenarios,tp,146.0,158.0,12.0,True
1,PTH,42,0.03,100.0,all_scenarios,tp,322.0,337.0,15.0,True
1,PTH,52,0.03,100.0,all_scenarios,tp,327.0,322.0,-5.0,True
1,PTH,62,0.03,100.0,all_scenarios,tp,338.0,339.0,1.0,True
1,PTH,72,0.03,100.0,all_scenarios,tp,323.0,326.0,3.0,True
1,PTH,82,0.03,100.0,all_scenarios,tp,338.0,381.0,43.0,True
1,PTHW,42,0.01,10.0,all_scenarios,tp,0.0,0.0,0.0,False
1,PTHW,42,0.01,50.0,all_scenarios,tp,251.0,312.0,61.0,True
1,PTHW,42,0.01,100.0,all_scenarios,tp,251.0,337.0,86.0,True
1,PTHW,42,0.01,500.0,all_scenarios,tp,256.0,340.0,84.0,True
1,PTHW,42,0.01,1000.0,all_scenarios,tp,256.0,340.0,84.0,True
1,PTHW,42,0.03,10.0,all_scenarios,tp,0.0,0.0,0.0,False
1,PTHW,42,0.03,50.0,all_scenarios,tp,251.0,312.0,61.0,True
1,PTHW,42,0.03,100.0,all_scenarios,tp,251.0,342.0,91.0,True
1,PTHW,42,0.03,500.0,all_scenarios,tp,288.0,370.0,82.0,True
1,PTHW,42,0.03,1000.0,all_scenarios,tp,290.0,370.0,80.0,True
1,PTHW,42,0.05,10.0,all_scenarios,tp,0.0,0.0,0.0,False
1,PTHW,42,0.05,50.0,all_scenarios,tp,251.0,312.0,61.0,True
1,PTHW,42,0.05,100.0,all_scenarios,tp,251.0,342.0,91.0,True
1,PTHW,42,0.05,500.0,all_scenarios,tp,288.0,370.0,82.0,True
1,PTHW,42,0.05,1000.0,all_scenarios,tp,290.0,370.0,80.0,True
1,PTHW,42,0.1,10.0,all_scenarios,tp,0.0,0.0,0.0,False
1,PTHW,42,0.1,50.0,all_scenarios,tp,251.0,312.0,61.0,True
1,PTHW,42,0.1,100.0,all_scenarios,tp,251.0,342.0,91.0,True
1,PTHW,42,0.1,500.0,all_scenarios,tp,288.0,370.0,82.0,True
1,PTHW,42,0.1,1000.0,all_scenarios,tp,290.0,370.0,80.0,True
1,PTHW,52,0.01,10.0,all_scenarios,tp,169.0,174.0,5.0,True
1,PTHW,52,0.01,50.0,all_scenarios,tp,329.0,308.0,-21.0,True
1,PTHW,52,0.01,100.0,all_scenarios,tp,345.0,343.0,-2.0,True
1,PTHW,52,0.01,500.0,all_scenarios,tp,357.0,343.0,-14.0,True
1,PTHW,52,0.01,1000.0,all_scenarios,tp,357.0,343.0,-14.0,True
1,PTHW,52,0.03,10.0,all_scenarios,tp,169.0,174.0,5.0,True
1,PTHW,52,0.03,50.0,all_scenarios,tp,329.0,308.0,-21.0,True
1,PTHW,52,0.03,100.0,all_scenarios,tp,345.0,363.0,18.0,True
1,PTHW,52,0.03,500.0,all_scenarios,tp,387.0,382.0,-5.0,True
1,PTHW,52,0.03,1000.0,all_scenarios,tp,387.0,382.0,-5.0,True
1,PTHW,52,0.05,10.0,all_scenarios,tp,169.0,174.0,5.0,True
1,PTHW,52,0.05,50.0,all_scenarios,tp,329.0,308.0,-21.0,True
1,PTHW,52,0.05,100.0,all_scenarios,tp,345.0,363.0,18.0,True
1,PTHW,52,0.05,500.0,all_scenarios,tp,387.0,382.0,-5.0,True
1,PTHW,52,0.05,1000.0,all_scenarios,tp,387.0,400.0,13.0,True
1,PTHW,52,0.1,10.0,all_scenarios,tp,169.0,174.0,5.0,True
1,PTHW,52,0.1,50.0,all_scenarios,tp,329.0,308.0,-21.0,True
1,PTHW,52,0.1,100.0,all_scenarios,tp,345.0,363.0,18.0,True
1,PTHW,52,0.1,500.0,all_scenarios,tp,387.0,382.0,-5.0,True
1,PTHW,52,0.1,1000.0,all_scenarios,tp,387.0,400.0,13.0,True
1,PTHW,62,0.01,10.0,all_scenarios,tp,168.0,176.0,8.0,True
1,PTHW,62,0.01,50.0,all_scenarios,tp,310.0,301.0,-9.0,True
1,PTHW,62,0.01,100.0,all_scenarios,tp,333.0,324.0,-9.0,True
1,PTHW,62,0.01,500.0,all_scenarios,tp,345.0,324.0,-21.0,True
1,PTHW,62,0.01,1000.0,all_scenarios,tp,345.0,324.0,-21.0,True
1,PTHW,62,0.03,10.0,all_scenarios,tp,168.0,176.0,8.0,True
1,PTHW,62,0.03,50.0,all_scenarios,tp,310.0,301.0,-9.0,True
1,PTHW,62,0.03,100.0,all_scenarios,tp,333.0,346.0,13.0,True
1,PTHW,62,0.03,500.0,all_scenarios,tp,364.0,374.0,10.0,True
1,PTHW,62,0.03,1000.0,all_scenarios,tp,364.0,379.0,15.0,True
1,PTHW,62,0.05,10.0,all_scenarios,tp,168.0,176.0,8.0,True
1,PTHW,62,0.05,50.0,all_scenarios,tp,310.0,301.0,-9.0,True
1,PTHW,62,0.05,100.0,all_scenarios,tp,333.0,346.0,13.0,True
1,PTHW,62,0.05,500.0,all_scenarios,tp,364.0,374.0,10.0,True
1,PTHW,62,0.05,1000.0,all_scenarios,tp,364.0,379.0,15.0,True
1,PTHW,62,0.1,10.0,all_scenarios,tp,168.0,176.0,8.0,True
1,PTHW,62,0.1,50.0,all_scenarios,tp,310.0,301.0,-9.0,True
1,PTHW,62,0.1,100.0,all_scenarios,tp,333.0,346.0,13.0,True
1,PTHW,62,0.1,500.0,all_scenarios,tp,364.0,374.0,10.0,True
1,PTHW,62,0.1,1000.0,all_scenarios,tp,364.0,379.0,15.0,True
1,PTHW,72,0.01,10.0,all_scenarios,tp,142.0,111.0,-31.0,True
1,PTHW,72,0.01,50.0,all_scenarios,tp,146.0,262.0,116.0,True
1,PTHW,72,0.01,100.0,all_scenarios,tp,280.0,329.0,49.0,True
1,PTHW,72,0.01,500.0,all_scenarios,tp,280.0,329.0,49.0,True
1,PTHW,72,0.01,1000.0,all_scenarios,tp,280.0,329.0,49.0,True
1,PTHW,72,0.03,10.0,all_scenarios,tp,142.0,111.0,-31.0,True
1,PTHW,72,0.03,50.0,all_scenarios,tp,146.0,262.0,116.0,True
1,PTHW,72,0.03,100.0,all_scenarios,tp,298.0,329.0,31.0,True
1,PTHW,72,0.03,500.0,all_scenarios,tp,316.0,333.0,17.0,True
1,PTHW,72,0.03,1000.0,all_scenarios,tp,316.0,342.0,26.0,True
1,PTHW,72,0.05,10.0,all_scenarios,tp,142.0,111.0,-31.0,True
1,PTHW,72,0.05,50.0,all_scenarios,tp,146.0,262.0,116.0,True
1,PTHW,72,0.05,100.0,all_scenarios,tp,298.0,329.0,31.0,True
1,PTHW,72,0.05,500.0,all_scenarios,tp,316.0,333.0,17.0,True
1,PTHW,72,0.05,1000.0,all_scenarios,tp,316.0,342.0,26.0,True
1,PTHW,72,0.1,10.0,all_scenarios,tp,142.0,111.0,-31.0,True
1,PTHW,72,0.1,50.0,all_scenarios,tp,146.0,262.0,116.0,True
1,PTHW,72,0.1,100.0,all_scenarios,tp,298.0,329.0,31.0,True
1,PTHW,72,0.1,500.0,all_scenarios,tp,316.0,333.0,17.0,True
1,PTHW,72,0.1,1000.0,all_scenarios,tp,316.0,342.0,26.0,True
1,PTHW,82,0.01,10.0,all_scenarios,tp,167.0,147.0,-20.0,True
1,PTHW,82,0.01,50.0,all_scenarios,tp,303.0,289.0,-14.0,True
1,PTHW,82,0.01,100.0,all_scenarios,tp,322.0,315.0,-7.0,True
1,PTHW,82,0.01,500.0,all_scenarios,tp,322.0,315.0,-7.0,True
1,PTHW,82,0.01,1000.0,all_scenarios,tp,322.0,315.0,-7.0,True
1,PTHW,82,0.03,10.0,all_scenarios,tp,167.0,147.0,-20.0,True
1,PTHW,82,0.03,50.0,all_scenarios,tp,303.0,289.0,-14.0,True
1,PTHW,82,0.03,100.0,all_scenarios,tp,352.0,360.0,8.0,True
1,PTHW,82,0.03,500.0,all_scenarios,tp,382.0,383.0,1.0,True
1,PTHW,82,0.03,1000.0,all_scenarios,tp,383.0,383.0,0.0,False
1,PTHW,82,0.05,10.0,all_scenarios,tp,167.0,147.0,-20.0,True
1,PTHW,82,0.05,50.0,all_scenarios,tp,303.0,289.0,-14.0,True
1,PTHW,82,0.05,100.0,all_scenarios,tp,352.0,360.0,8.0,True
1,PTHW,82,0.05,500.0,all_scenarios,tp,382.0,383.0,1.0,True
1,PTHW,82,0.05,1000.0,all_scenarios,tp,383.0,383.0,0.0,False
1,PTHW,82,0.1,10.0,all_scenarios,tp,167.0,147.0,-20.0,True
1,PTHW,82,0.1,50.0,all_scenarios,tp,303.0,289.0,-14.0,True
1,PTHW,82,0.1,100.0,all_scenarios,tp,352.0,360.0,8.0,True
1,PTHW,82,0.1,500.0,all_scenarios,tp,382.0,383.0,1.0,True
1,PTHW,82,0.1,1000.0,all_scenarios,tp,383.0,383.0,0.0,False
1,PTHW5,42,0.03,100.0,all_scenarios,tp,343.0,348.0,5.0,True
1,PTHW5,52,0.03,100.0,all_scenarios,tp,311.0,338.0,27.0,True
1,PTHW5,62,0.03,100.0,all_scenarios,tp,354.0,305.0,-49.0,True
1,PTHW5,72,0.03,100.0,all_scenarios,tp,316.0,345.0,29.0,True
1,PTHW5,82,0.03,100.0,all_scenarios,tp,292.0,310.0,18.0,True
2,P0,42,0.01,10.0,all_scenarios,tp,45.0,37.0,-8.0,True
2,P0,42,0.01,50.0,all_scenarios,tp,45.0,49.0,4.0,True
2,P0,42,0.01,100.0,all_scenarios,tp,45.0,49.0,4.0,True
2,P0,42,0.01,500.0,all_scenarios,tp,45.0,54.0,9.0,True
2,P0,42,0.01,1000.0,all_scenarios,tp,46.0,54.0,8.0,True
2,P0,42,0.03,10.0,all_scenarios,tp,45.0,37.0,-8.0,True
2,P0,42,0.03,50.0,all_scenarios,tp,45.0,49.0,4.0,True
2,P0,42,0.03,100.0,all_scenarios,tp,45.0,49.0,4.0,True
2,P0,42,0.03,500.0,all_scenarios,tp,73.0,88.0,15.0,True
2,P0,42,0.03,1000.0,all_scenarios,tp,73.0,88.0,15.0,True
2,P0,42,0.05,10.0,all_scenarios,tp,45.0,37.0,-8.0,True
2,P0,42,0.05,50.0,all_scenarios,tp,45.0,49.0,4.0,True
2,P0,42,0.05,100.0,all_scenarios,tp,45.0,49.0,4.0,True
2,P0,42,0.05,500.0,all_scenarios,tp,106.0,119.0,13.0,True
2,P0,42,0.05,1000.0,all_scenarios,tp,107.0,119.0,12.0,True
2,P0,42,0.1,10.0,all_scenarios,tp,45.0,37.0,-8.0,True
2,P0,42,0.1,50.0,all_scenarios,tp,45.0,49.0,4.0,True
2,P0,42,0.1,100.0,all_scenarios,tp,45.0,49.0,4.0,True
2,P0,42,0.1,500.0,all_scenarios,tp,205.0,215.0,10.0,True
2,P0,42,0.1,1000.0,all_scenarios,tp,205.0,215.0,10.0,True
2,P0,52,0.01,10.0,all_scenarios,tp,31.0,35.0,4.0,True
2,P0,52,0.01,50.0,all_scenarios,tp,31.0,35.0,4.0,True
2,P0,52,0.01,100.0,all_scenarios,tp,44.0,35.0,-9.0,True
2,P0,52,0.01,500.0,all_scenarios,tp,49.0,56.0,7.0,True
2,P0,52,0.01,1000.0,all_scenarios,tp,49.0,56.0,7.0,True
2,P0,52,0.03,10.0,all_scenarios,tp,31.0,35.0,4.0,True
2,P0,52,0.03,50.0,all_scenarios,tp,31.0,35.0,4.0,True
2,P0,52,0.03,100.0,all_scenarios,tp,44.0,35.0,-9.0,True
2,P0,52,0.03,500.0,all_scenarios,tp,49.0,56.0,7.0,True
2,P0,52,0.03,1000.0,all_scenarios,tp,49.0,56.0,7.0,True
2,P0,52,0.05,10.0,all_scenarios,tp,31.0,35.0,4.0,True
2,P0,52,0.05,50.0,all_scenarios,tp,31.0,35.0,4.0,True
2,P0,52,0.05,100.0,all_scenarios,tp,44.0,35.0,-9.0,True
2,P0,52,0.05,500.0,all_scenarios,tp,84.0,139.0,55.0,True
2,P0,52,0.05,1000.0,all_scenarios,tp,101.0,139.0,38.0,True
2,P0,52,0.1,10.0,all_scenarios,tp,31.0,35.0,4.0,True
2,P0,52,0.1,50.0,all_scenarios,tp,31.0,35.0,4.0,True
2,P0,52,0.1,100.0,all_scenarios,tp,44.0,35.0,-9.0,True
2,P0,52,0.1,500.0,all_scenarios,tp,199.0,207.0,8.0,True
2,P0,52,0.1,1000.0,all_scenarios,tp,199.0,207.0,8.0,True
2,P0,62,0.01,10.0,all_scenarios,tp,45.0,37.0,-8.0,True
2,P0,62,0.01,50.0,all_scenarios,tp,45.0,37.0,-8.0,True
2,P0,62,0.01,100.0,all_scenarios,tp,49.0,49.0,0.0,False
2,P0,62,0.01,500.0,all_scenarios,tp,52.0,58.0,6.0,True
2,P0,62,0.01,1000.0,all_scenarios,tp,52.0,58.0,6.0,True
2,P0,62,0.03,10.0,all_scenarios,tp,45.0,37.0,-8.0,True
2,P0,62,0.03,50.0,all_scenarios,tp,45.0,37.0,-8.0,True
2,P0,62,0.03,100.0,all_scenarios,tp,49.0,49.0,0.0,False
2,P0,62,0.03,500.0,all_scenarios,tp,80.0,58.0,-22.0,True
2,P0,62,0.03,1000.0,all_scenarios,tp,80.0,58.0,-22.0,True
2,P0,62,0.05,10.0,all_scenarios,tp,45.0,37.0,-8.0,True
2,P0,62,0.05,50.0,all_scenarios,tp,45.0,37.0,-8.0,True
2,P0,62,0.05,100.0,all_scenarios,tp,49.0,49.0,0.0,False
2,P0,62,0.05,500.0,all_scenarios,tp,114.0,91.0,-23.0,True
2,P0,62,0.05,1000.0,all_scenarios,tp,114.0,99.0,-15.0,True
2,P0,62,0.1,10.0,all_scenarios,tp,45.0,37.0,-8.0,True
2,P0,62,0.1,50.0,all_scenarios,tp,45.0,37.0,-8.0,True
2,P0,62,0.1,100.0,all_scenarios,tp,49.0,49.0,0.0,False
2,P0,62,0.1,500.0,all_scenarios,tp,199.0,185.0,-14.0,True
2,P0,62,0.1,1000.0,all_scenarios,tp,199.0,189.0,-10.0,True
2,P0,72,0.01,10.0,all_scenarios,tp,37.0,45.0,8.0,True
2,P0,72,0.01,50.0,all_scenarios,tp,37.0,49.0,12.0,True
2,P0,72,0.01,100.0,all_scenarios,tp,37.0,49.0,12.0,True
2,P0,72,0.01,500.0,all_scenarios,tp,50.0,50.0,0.0,False
2,P0,72,0.01,1000.0,all_scenarios,tp,50.0,50.0,0.0,False
2,P0,72,0.03,10.0,all_scenarios,tp,37.0,45.0,8.0,True
2,P0,72,0.03,50.0,all_scenarios,tp,37.0,49.0,12.0,True
2,P0,72,0.03,100.0,all_scenarios,tp,37.0,49.0,12.0,True
2,P0,72,0.03,500.0,all_scenarios,tp,78.0,79.0,1.0,True
2,P0,72,0.03,1000.0,all_scenarios,tp,78.0,79.0,1.0,True
2,P0,72,0.05,10.0,all_scenarios,tp,37.0,45.0,8.0,True
2,P0,72,0.05,50.0,all_scenarios,tp,37.0,49.0,12.0,True
2,P0,72,0.05,100.0,all_scenarios,tp,37.0,49.0,12.0,True
2,P0,72,0.05,500.0,all_scenarios,tp,114.0,131.0,17.0,True
2,P0,72,0.05,1000.0,all_scenarios,tp,114.0,131.0,17.0,True
2,P0,72,0.1,10.0,all_scenarios,tp,37.0,45.0,8.0,True
2,P0,72,0.1,50.0,all_scenarios,tp,37.0,49.0,12.0,True
2,P0,72,0.1,100.0,all_scenarios,tp,37.0,49.0,12.0,True
2,P0,72,0.1,500.0,all_scenarios,tp,198.0,218.0,20.0,True
2,P0,72,0.1,1000.0,all_scenarios,tp,198.0,220.0,22.0,True
2,P0,82,0.01,10.0,all_scenarios,tp,37.0,31.0,-6.0,True
2,P0,82,0.01,50.0,all_scenarios,tp,37.0,31.0,-6.0,True
2,P0,82,0.01,100.0,all_scenarios,tp,37.0,31.0,-6.0,True
2,P0,82,0.01,500.0,all_scenarios,tp,49.0,46.0,-3.0,True
2,P0,82,0.01,1000.0,all_scenarios,tp,52.0,46.0,-6.0,True
2,P0,82,0.03,10.0,all_scenarios,tp,37.0,31.0,-6.0,True
2,P0,82,0.03,50.0,all_scenarios,tp,37.0,31.0,-6.0,True
2,P0,82,0.03,100.0,all_scenarios,tp,37.0,31.0,-6.0,True
2,P0,82,0.03,500.0,all_scenarios,tp,49.0,78.0,29.0,True
2,P0,82,0.03,1000.0,all_scenarios,tp,52.0,78.0,26.0,True
2,P0,82,0.05,10.0,all_scenarios,tp,37.0,31.0,-6.0,True
2,P0,82,0.05,50.0,all_scenarios,tp,37.0,31.0,-6.0,True
2,P0,82,0.05,100.0,all_scenarios,tp,37.0,31.0,-6.0,True
2,P0,82,0.05,500.0,all_scenarios,tp,114.0,116.0,2.0,True
2,P0,82,0.05,1000.0,all_scenarios,tp,114.0,116.0,2.0,True
2,P0,82,0.1,10.0,all_scenarios,tp,37.0,31.0,-6.0,True
2,P0,82,0.1,50.0,all_scenarios,tp,37.0,31.0,-6.0,True
2,P0,82,0.1,100.0,all_scenarios,tp,37.0,31.0,-6.0,True
2,P0,82,0.1,500.0,all_scenarios,tp,190.0,183.0,-7.0,True
2,P0,82,0.1,1000.0,all_scenarios,tp,211.0,205.0,-6.0,True
2,PH,42,0.03,100.0,all_scenarios,tp,203.0,184.0,-19.0,True
2,PH,52,0.03,100.0,all_scenarios,tp,211.0,187.0,-24.0,True
2,PH,62,0.03,100.0,all_scenarios,tp,189.0,201.0,12.0,True
2,PH,72,0.03,100.0,all_scenarios,tp,164.0,182.0,18.0,True
2,PH,82,0.03,100.0,all_scenarios,tp,196.0,202.0,6.0,True
2,PT,42,0.03,100.0,all_scenarios,tp,112.0,84.0,-28.0,True
2,PT,52,0.03,100.0,all_scenarios,tp,103.0,112.0,9.0,True
2,PT,62,0.03,100.0,all_scenarios,tp,103.0,89.0,-14.0,True
2,PT,72,0.03,100.0,all_scenarios,tp,86.0,101.0,15.0,True
2,PT,82,0.03,100.0,all_scenarios,tp,106.0,99.0,-7.0,True
2,PTH,42,0.03,100.0,all_scenarios,tp,182.0,224.0,42.0,True
2,PTH,52,0.03,100.0,all_scenarios,tp,197.0,217.0,20.0,True
2,PTH,62,0.03,100.0,all_scenarios,tp,172.0,201.0,29.0,True
2,PTH,72,0.03,100.0,all_scenarios,tp,181.0,194.0,13.0,True
2,PTH,82,0.03,100.0,all_scenarios,tp,206.0,209.0,3.0,True
2,PTHW,42,0.01,10.0,all_scenarios,tp,99.0,78.0,-21.0,True
2,PTHW,42,0.01,50.0,all_scenarios,tp,169.0,110.0,-59.0,True
2,PTHW,42,0.01,100.0,all_scenarios,tp,169.0,148.0,-21.0,True
2,PTHW,42,0.01,500.0,all_scenarios,tp,169.0,150.0,-19.0,True
2,PTHW,42,0.01,1000.0,all_scenarios,tp,169.0,150.0,-19.0,True
2,PTHW,42,0.03,10.0,all_scenarios,tp,99.0,78.0,-21.0,True
2,PTHW,42,0.03,50.0,all_scenarios,tp,189.0,110.0,-79.0,True
2,PTHW,42,0.03,100.0,all_scenarios,tp,203.0,210.0,7.0,True
2,PTHW,42,0.03,500.0,all_scenarios,tp,219.0,224.0,5.0,True
2,PTHW,42,0.03,1000.0,all_scenarios,tp,219.0,225.0,6.0,True
2,PTHW,42,0.05,10.0,all_scenarios,tp,99.0,78.0,-21.0,True
2,PTHW,42,0.05,50.0,all_scenarios,tp,189.0,110.0,-79.0,True
2,PTHW,42,0.05,100.0,all_scenarios,tp,203.0,210.0,7.0,True
2,PTHW,42,0.05,500.0,all_scenarios,tp,219.0,224.0,5.0,True
2,PTHW,42,0.05,1000.0,all_scenarios,tp,219.0,226.0,7.0,True
2,PTHW,42,0.1,10.0,all_scenarios,tp,99.0,78.0,-21.0,True
2,PTHW,42,0.1,50.0,all_scenarios,tp,189.0,110.0,-79.0,True
2,PTHW,42,0.1,100.0,all_scenarios,tp,203.0,210.0,7.0,True
2,PTHW,42,0.1,500.0,all_scenarios,tp,219.0,224.0,5.0,True
2,PTHW,42,0.1,1000.0,all_scenarios,tp,219.0,226.0,7.0,True
2,PTHW,52,0.01,10.0,all_scenarios,tp,86.0,98.0,12.0,True
2,PTHW,52,0.01,50.0,all_scenarios,tp,87.0,98.0,11.0,True
2,PTHW,52,0.01,100.0,all_scenarios,tp,87.0,98.0,11.0,True
2,PTHW,52,0.01,500.0,all_scenarios,tp,113.0,100.0,-13.0,True
2,PTHW,52,0.01,1000.0,all_scenarios,tp,113.0,100.0,-13.0,True
2,PTHW,52,0.03,10.0,all_scenarios,tp,86.0,98.0,12.0,True
2,PTHW,52,0.03,50.0,all_scenarios,tp,87.0,98.0,11.0,True
2,PTHW,52,0.03,100.0,all_scenarios,tp,210.0,214.0,4.0,True
2,PTHW,52,0.03,500.0,all_scenarios,tp,210.0,219.0,9.0,True
2,PTHW,52,0.03,1000.0,all_scenarios,tp,211.0,219.0,8.0,True
2,PTHW,52,0.05,10.0,all_scenarios,tp,86.0,98.0,12.0,True
2,PTHW,52,0.05,50.0,all_scenarios,tp,87.0,98.0,11.0,True
2,PTHW,52,0.05,100.0,all_scenarios,tp,210.0,214.0,4.0,True
2,PTHW,52,0.05,500.0,all_scenarios,tp,210.0,219.0,9.0,True
2,PTHW,52,0.05,1000.0,all_scenarios,tp,211.0,220.0,9.0,True
2,PTHW,52,0.1,10.0,all_scenarios,tp,86.0,98.0,12.0,True
2,PTHW,52,0.1,50.0,all_scenarios,tp,87.0,98.0,11.0,True
2,PTHW,52,0.1,100.0,all_scenarios,tp,210.0,214.0,4.0,True
2,PTHW,52,0.1,500.0,all_scenarios,tp,210.0,219.0,9.0,True
2,PTHW,52,0.1,1000.0,all_scenarios,tp,211.0,220.0,9.0,True
2,PTHW,62,0.01,10.0,all_scenarios,tp,0.0,0.0,0.0,False
2,PTHW,62,0.01,50.0,all_scenarios,tp,153.0,187.0,34.0,True
2,PTHW,62,0.01,100.0,all_scenarios,tp,160.0,187.0,27.0,True
2,PTHW,62,0.01,500.0,all_scenarios,tp,160.0,187.0,27.0,True
2,PTHW,62,0.01,1000.0,all_scenarios,tp,160.0,187.0,27.0,True
2,PTHW,62,0.03,10.0,all_scenarios,tp,0.0,0.0,0.0,False
2,PTHW,62,0.03,50.0,all_scenarios,tp,172.0,187.0,15.0,True
2,PTHW,62,0.03,100.0,all_scenarios,tp,209.0,196.0,-13.0,True
2,PTHW,62,0.03,500.0,all_scenarios,tp,209.0,215.0,6.0,True
2,PTHW,62,0.03,1000.0,all_scenarios,tp,217.0,215.0,-2.0,True
2,PTHW,62,0.05,10.0,all_scenarios,tp,0.0,0.0,0.0,False
2,PTHW,62,0.05,50.0,all_scenarios,tp,172.0,187.0,15.0,True
2,PTHW,62,0.05,100.0,all_scenarios,tp,209.0,196.0,-13.0,True
2,PTHW,62,0.05,500.0,all_scenarios,tp,209.0,215.0,6.0,True
2,PTHW,62,0.05,1000.0,all_scenarios,tp,217.0,215.0,-2.0,True
2,PTHW,62,0.1,10.0,all_scenarios,tp,0.0,0.0,0.0,False
2,PTHW,62,0.1,50.0,all_scenarios,tp,172.0,187.0,15.0,True
2,PTHW,62,0.1,100.0,all_scenarios,tp,209.0,196.0,-13.0,True
2,PTHW,62,0.1,500.0,all_scenarios,tp,209.0,215.0,6.0,True
2,PTHW,62,0.1,1000.0,all_scenarios,tp,217.0,215.0,-2.0,True
2,PTHW,72,0.01,10.0,all_scenarios,tp,0.0,0.0,0.0,False
2,PTHW,72,0.01,50.0,all_scenarios,tp,99.0,129.0,30.0,True
2,PTHW,72,0.01,100.0,all_scenarios,tp,115.0,132.0,17.0,True
2,PTHW,72,0.01,500.0,all_scenarios,tp,115.0,132.0,17.0,True
2,PTHW,72,0.01,1000.0,all_scenarios,tp,115.0,132.0,17.0,True
2,PTHW,72,0.03,10.0,all_scenarios,tp,0.0,0.0,0.0,False
2,PTHW,72,0.03,50.0,all_scenarios,tp,99.0,129.0,30.0,True
2,PTHW,72,0.03,100.0,all_scenarios,tp,196.0,219.0,23.0,True
2,PTHW,72,0.03,500.0,all_scenarios,tp,197.0,231.0,34.0,True
2,PTHW,72,0.03,1000.0,all_scenarios,tp,202.0,234.0,32.0,True
2,PTHW,72,0.05,10.0,all_scenarios,tp,0.0,0.0,0.0,False
2,PTHW,72,0.05,50.0,all_scenarios,tp,99.0,129.0,30.0,True
2,PTHW,72,0.05,100.0,all_scenarios,tp,196.0,219.0,23.0,True
2,PTHW,72,0.05,500.0,all_scenarios,tp,197.0,231.0,34.0,True
2,PTHW,72,0.05,1000.0,all_scenarios,tp,202.0,238.0,36.0,True
2,PTHW,72,0.1,10.0,all_scenarios,tp,0.0,0.0,0.0,False
2,PTHW,72,0.1,50.0,all_scenarios,tp,99.0,129.0,30.0,True
2,PTHW,72,0.1,100.0,all_scenarios,tp,196.0,219.0,23.0,True
2,PTHW,72,0.1,500.0,all_scenarios,tp,197.0,231.0,34.0,True
2,PTHW,72,0.1,1000.0,all_scenarios,tp,202.0,238.0,36.0,True
2,PTHW,82,0.01,10.0,all_scenarios,tp,84.0,89.0,5.0,True
2,PTHW,82,0.01,50.0,all_scenarios,tp,89.0,104.0,15.0,True
2,PTHW,82,0.01,100.0,all_scenarios,tp,109.0,154.0,45.0,True
2,PTHW,82,0.01,500.0,all_scenarios,tp,142.0,154.0,12.0,True
2,PTHW,82,0.01,1000.0,all_scenarios,tp,142.0,154.0,12.0,True
2,PTHW,82,0.03,10.0,all_scenarios,tp,84.0,89.0,5.0,True
2,PTHW,82,0.03,50.0,all_scenarios,tp,89.0,104.0,15.0,True
2,PTHW,82,0.03,100.0,all_scenarios,tp,200.0,233.0,33.0,True
2,PTHW,82,0.03,500.0,all_scenarios,tp,212.0,237.0,25.0,True
2,PTHW,82,0.03,1000.0,all_scenarios,tp,212.0,237.0,25.0,True
2,PTHW,82,0.05,10.0,all_scenarios,tp,84.0,89.0,5.0,True
2,PTHW,82,0.05,50.0,all_scenarios,tp,89.0,104.0,15.0,True
2,PTHW,82,0.05,100.0,all_scenarios,tp,200.0,233.0,33.0,True
2,PTHW,82,0.05,500.0,all_scenarios,tp,212.0,237.0,25.0,True
2,PTHW,82,0.05,1000.0,all_scenarios,tp,212.0,237.0,25.0,True
2,PTHW,82,0.1,10.0,all_scenarios,tp,84.0,89.0,5.0,True
2,PTHW,82,0.1,50.0,all_scenarios,tp,89.0,104.0,15.0,True
2,PTHW,82,0.1,100.0,all_scenarios,tp,200.0,233.0,33.0,True
2,PTHW,82,0.1,500.0,all_scenarios,tp,212.0,237.0,25.0,True
2,PTHW,82,0.1,1000.0,all_scenarios,tp,212.0,237.0,25.0,True
2,PTHW5,42,0.03,100.0,all_scenarios,tp,208.0,221.0,13.0,True
2,PTHW5,52,0.03,100.0,all_scenarios,tp,183.0,129.0,-54.0,True
2,PTHW5,62,0.03,100.0,all_scenarios,tp,192.0,156.0,-36.0,True
2,PTHW5,72,0.03,100.0,all_scenarios,tp,210.0,193.0,-17.0,True
2,PTHW5,82,0.03,100.0,all_scenarios,tp,216.0,190.0,-26.0,True
3,P0,42,0.01,10.0,all_scenarios,tp,698.0,625.0,-73.0,True
3,P0,42,0.01,50.0,all_scenarios,tp,747.0,1009.0,262.0,True
3,P0,42,0.01,100.0,all_scenarios,tp,1241.0,1128.0,-113.0,True
3,P0,42,0.01,500.0,all_scenarios,tp,1280.0,1183.0,-97.0,True
3,P0,42,0.01,1000.0,all_scenarios,tp,1280.0,1183.0,-97.0,True
3,P0,42,0.03,10.0,all_scenarios,tp,698.0,625.0,-73.0,True
3,P0,42,0.03,50.0,all_scenarios,tp,747.0,1009.0,262.0,True
3,P0,42,0.03,100.0,all_scenarios,tp,1241.0,1128.0,-113.0,True
3,P0,42,0.03,500.0,all_scenarios,tp,1693.0,1707.0,14.0,True
3,P0,42,0.03,1000.0,all_scenarios,tp,1736.0,1707.0,-29.0,True
3,P0,42,0.05,10.0,all_scenarios,tp,698.0,625.0,-73.0,True
3,P0,42,0.05,50.0,all_scenarios,tp,747.0,1009.0,262.0,True
3,P0,42,0.05,100.0,all_scenarios,tp,1241.0,1128.0,-113.0,True
3,P0,42,0.05,500.0,all_scenarios,tp,1953.0,2013.0,60.0,True
3,P0,42,0.05,1000.0,all_scenarios,tp,2136.0,2022.0,-114.0,True
3,P0,42,0.1,10.0,all_scenarios,tp,698.0,625.0,-73.0,True
3,P0,42,0.1,50.0,all_scenarios,tp,747.0,1009.0,262.0,True
3,P0,42,0.1,100.0,all_scenarios,tp,1241.0,1128.0,-113.0,True
3,P0,42,0.1,500.0,all_scenarios,tp,2827.0,2758.0,-69.0,True
3,P0,42,0.1,1000.0,all_scenarios,tp,2827.0,2758.0,-69.0,True
3,P0,52,0.01,10.0,all_scenarios,tp,703.0,700.0,-3.0,True
3,P0,52,0.01,50.0,all_scenarios,tp,1076.0,1067.0,-9.0,True
3,P0,52,0.01,100.0,all_scenarios,tp,1076.0,1180.0,104.0,True
3,P0,52,0.01,500.0,all_scenarios,tp,1211.0,1284.0,73.0,True
3,P0,52,0.01,1000.0,all_scenarios,tp,1211.0,1284.0,73.0,True
3,P0,52,0.03,10.0,all_scenarios,tp,703.0,700.0,-3.0,True
3,P0,52,0.03,50.0,all_scenarios,tp,1076.0,1067.0,-9.0,True
3,P0,52,0.03,100.0,all_scenarios,tp,1076.0,1180.0,104.0,True
3,P0,52,0.03,500.0,all_scenarios,tp,1788.0,1733.0,-55.0,True
3,P0,52,0.03,1000.0,all_scenarios,tp,1788.0,1733.0,-55.0,True
3,P0,52,0.05,10.0,all_scenarios,tp,703.0,700.0,-3.0,True
3,P0,52,0.05,50.0,all_scenarios,tp,1076.0,1067.0,-9.0,True
3,P0,52,0.05,100.0,all_scenarios,tp,1076.0,1180.0,104.0,True
3,P0,52,0.05,500.0,all_scenarios,tp,2208.0,2139.0,-69.0,True
3,P0,52,0.05,1000.0,all_scenarios,tp,2208.0,2139.0,-69.0,True
3,P0,52,0.1,10.0,all_scenarios,tp,703.0,700.0,-3.0,True
3,P0,52,0.1,50.0,all_scenarios,tp,1076.0,1067.0,-9.0,True
3,P0,52,0.1,100.0,all_scenarios,tp,1076.0,1180.0,104.0,True
3,P0,52,0.1,500.0,all_scenarios,tp,2801.0,2777.0,-24.0,True
3,P0,52,0.1,1000.0,all_scenarios,tp,2854.0,2854.0,0.0,False
3,P0,62,0.01,10.0,all_scenarios,tp,480.0,693.0,213.0,True
3,P0,62,0.01,50.0,all_scenarios,tp,531.0,744.0,213.0,True
3,P0,62,0.01,100.0,all_scenarios,tp,531.0,1263.0,732.0,True
3,P0,62,0.01,500.0,all_scenarios,tp,873.0,1263.0,390.0,True
3,P0,62,0.01,1000.0,all_scenarios,tp,873.0,1263.0,390.0,True
3,P0,62,0.03,10.0,all_scenarios,tp,480.0,693.0,213.0,True
3,P0,62,0.03,50.0,all_scenarios,tp,531.0,744.0,213.0,True
3,P0,62,0.03,100.0,all_scenarios,tp,1177.0,1263.0,86.0,True
3,P0,62,0.03,500.0,all_scenarios,tp,1630.0,1792.0,162.0,True
3,P0,62,0.03,1000.0,all_scenarios,tp,1630.0,1792.0,162.0,True
3,P0,62,0.05,10.0,all_scenarios,tp,480.0,693.0,213.0,True
3,P0,62,0.05,50.0,all_scenarios,tp,531.0,744.0,213.0,True
3,P0,62,0.05,100.0,all_scenarios,tp,1177.0,1263.0,86.0,True
3,P0,62,0.05,500.0,all_scenarios,tp,1894.0,2175.0,281.0,True
3,P0,62,0.05,1000.0,all_scenarios,tp,1935.0,2175.0,240.0,True
3,P0,62,0.1,10.0,all_scenarios,tp,480.0,693.0,213.0,True
3,P0,62,0.1,50.0,all_scenarios,tp,531.0,744.0,213.0,True
3,P0,62,0.1,100.0,all_scenarios,tp,1177.0,1263.0,86.0,True
3,P0,62,0.1,500.0,all_scenarios,tp,2597.0,2795.0,198.0,True
3,P0,62,0.1,1000.0,all_scenarios,tp,2597.0,2849.0,252.0,True
3,P0,72,0.01,10.0,all_scenarios,tp,700.0,691.0,-9.0,True
3,P0,72,0.01,50.0,all_scenarios,tp,1089.0,1083.0,-6.0,True
3,P0,72,0.01,100.0,all_scenarios,tp,1097.0,1261.0,164.0,True
3,P0,72,0.01,500.0,all_scenarios,tp,1159.0,1261.0,102.0,True
3,P0,72,0.01,1000.0,all_scenarios,tp,1159.0,1261.0,102.0,True
3,P0,72,0.03,10.0,all_scenarios,tp,700.0,691.0,-9.0,True
3,P0,72,0.03,50.0,all_scenarios,tp,1089.0,1083.0,-6.0,True
3,P0,72,0.03,100.0,all_scenarios,tp,1097.0,1261.0,164.0,True
3,P0,72,0.03,500.0,all_scenarios,tp,1701.0,1697.0,-4.0,True
3,P0,72,0.03,1000.0,all_scenarios,tp,1757.0,1703.0,-54.0,True
3,P0,72,0.05,10.0,all_scenarios,tp,700.0,691.0,-9.0,True
3,P0,72,0.05,50.0,all_scenarios,tp,1089.0,1083.0,-6.0,True
3,P0,72,0.05,100.0,all_scenarios,tp,1097.0,1261.0,164.0,True
3,P0,72,0.05,500.0,all_scenarios,tp,2155.0,2048.0,-107.0,True
3,P0,72,0.05,1000.0,all_scenarios,tp,2155.0,2048.0,-107.0,True
3,P0,72,0.1,10.0,all_scenarios,tp,700.0,691.0,-9.0,True
3,P0,72,0.1,50.0,all_scenarios,tp,1089.0,1083.0,-6.0,True
3,P0,72,0.1,100.0,all_scenarios,tp,1097.0,1261.0,164.0,True
3,P0,72,0.1,500.0,all_scenarios,tp,2788.0,2791.0,3.0,True
3,P0,72,0.1,1000.0,all_scenarios,tp,2839.0,2791.0,-48.0,True
3,P0,82,0.01,10.0,all_scenarios,tp,687.0,698.0,11.0,True
3,P0,82,0.01,50.0,all_scenarios,tp,742.0,746.0,4.0,True
3,P0,82,0.01,100.0,all_scenarios,tp,742.0,1152.0,410.0,True
3,P0,82,0.01,500.0,all_scenarios,tp,1033.0,1263.0,230.0,True
3,P0,82,0.01,1000.0,all_scenarios,tp,1033.0,1263.0,230.0,True
3,P0,82,0.03,10.0,all_scenarios,tp,687.0,698.0,11.0,True
3,P0,82,0.03,50.0,all_scenarios,tp,742.0,746.0,4.0,True
3,P0,82,0.03,100.0,all_scenarios,tp,1360.0,1152.0,-208.0,True
3,P0,82,0.03,500.0,all_scenarios,tp,1816.0,1775.0,-41.0,True
3,P0,82,0.03,1000.0,all_scenarios,tp,1816.0,1826.0,10.0,True
3,P0,82,0.05,10.0,all_scenarios,tp,687.0,698.0,11.0,True
3,P0,82,0.05,50.0,all_scenarios,tp,742.0,746.0,4.0,True
3,P0,82,0.05,100.0,all_scenarios,tp,1360.0,1152.0,-208.0,True
3,P0,82,0.05,500.0,all_scenarios,tp,2078.0,1996.0,-82.0,True
3,P0,82,0.05,1000.0,all_scenarios,tp,2078.0,2187.0,109.0,True
3,P0,82,0.1,10.0,all_scenarios,tp,687.0,698.0,11.0,True
3,P0,82,0.1,50.0,all_scenarios,tp,742.0,746.0,4.0,True
3,P0,82,0.1,100.0,all_scenarios,tp,1360.0,1152.0,-208.0,True
3,P0,82,0.1,500.0,all_scenarios,tp,2807.0,2810.0,3.0,True
3,P0,82,0.1,1000.0,all_scenarios,tp,2807.0,2810.0,3.0,True
3,PH,42,0.03,100.0,all_scenarios,tp,2641.0,2689.0,48.0,True
3,PH,52,0.03,100.0,all_scenarios,tp,2729.0,2646.0,-83.0,True
3,PH,62,0.03,100.0,all_scenarios,tp,2574.0,2662.0,88.0,True
3,PH,72,0.03,100.0,all_scenarios,tp,2104.0,2594.0,490.0,True
3,PH,82,0.03,100.0,all_scenarios,tp,2599.0,2620.0,21.0,True
3,PT,42,0.03,100.0,all_scenarios,tp,1695.0,1755.0,60.0,True
3,PT,52,0.03,100.0,all_scenarios,tp,1674.0,1843.0,169.0,True
3,PT,62,0.03,100.0,all_scenarios,tp,1594.0,1845.0,251.0,True
3,PT,72,0.03,100.0,all_scenarios,tp,1487.0,1679.0,192.0,True
3,PT,82,0.03,100.0,all_scenarios,tp,1783.0,1798.0,15.0,True
3,PTH,42,0.03,100.0,all_scenarios,tp,2939.0,2902.0,-37.0,True
3,PTH,52,0.03,100.0,all_scenarios,tp,2528.0,2604.0,76.0,True
3,PTH,62,0.03,100.0,all_scenarios,tp,2548.0,2935.0,387.0,True
3,PTH,72,0.03,100.0,all_scenarios,tp,2707.0,2290.0,-417.0,True
3,PTH,82,0.03,100.0,all_scenarios,tp,2565.0,2873.0,308.0,True
3,PTHW,42,0.01,10.0,all_scenarios,tp,1628.0,1760.0,132.0,True
3,PTHW,42,0.01,50.0,all_scenarios,tp,2540.0,2632.0,92.0,True
3,PTHW,42,0.01,100.0,all_scenarios,tp,2540.0,2891.0,351.0,True
3,PTHW,42,0.01,500.0,all_scenarios,tp,2759.0,2933.0,174.0,True
3,PTHW,42,0.01,1000.0,all_scenarios,tp,2759.0,2933.0,174.0,True
3,PTHW,42,0.03,10.0,all_scenarios,tp,1628.0,1760.0,132.0,True
3,PTHW,42,0.03,50.0,all_scenarios,tp,2540.0,2632.0,92.0,True
3,PTHW,42,0.03,100.0,all_scenarios,tp,2540.0,2891.0,351.0,True
3,PTHW,42,0.03,500.0,all_scenarios,tp,2958.0,3074.0,116.0,True
3,PTHW,42,0.03,1000.0,all_scenarios,tp,3043.0,3096.0,53.0,True
3,PTHW,42,0.05,10.0,all_scenarios,tp,1628.0,1760.0,132.0,True
3,PTHW,42,0.05,50.0,all_scenarios,tp,2540.0,2632.0,92.0,True
3,PTHW,42,0.05,100.0,all_scenarios,tp,2540.0,2891.0,351.0,True
3,PTHW,42,0.05,500.0,all_scenarios,tp,2958.0,3074.0,116.0,True
3,PTHW,42,0.05,1000.0,all_scenarios,tp,3043.0,3096.0,53.0,True
3,PTHW,42,0.1,10.0,all_scenarios,tp,1628.0,1760.0,132.0,True
3,PTHW,42,0.1,50.0,all_scenarios,tp,2540.0,2632.0,92.0,True
3,PTHW,42,0.1,100.0,all_scenarios,tp,2540.0,2891.0,351.0,True
3,PTHW,42,0.1,500.0,all_scenarios,tp,2958.0,3074.0,116.0,True
3,PTHW,42,0.1,1000.0,all_scenarios,tp,3043.0,3096.0,53.0,True
3,PTHW,52,0.01,10.0,all_scenarios,tp,1463.0,1566.0,103.0,True
3,PTHW,52,0.01,50.0,all_scenarios,tp,2031.0,2113.0,82.0,True
3,PTHW,52,0.01,100.0,all_scenarios,tp,2305.0,2113.0,-192.0,True
3,PTHW,52,0.01,500.0,all_scenarios,tp,2488.0,2608.0,120.0,True
3,PTHW,52,0.01,1000.0,all_scenarios,tp,2488.0,2608.0,120.0,True
3,PTHW,52,0.03,10.0,all_scenarios,tp,1463.0,1566.0,103.0,True
3,PTHW,52,0.03,50.0,all_scenarios,tp,2031.0,2113.0,82.0,True
3,PTHW,52,0.03,100.0,all_scenarios,tp,2305.0,2897.0,592.0,True
3,PTHW,52,0.03,500.0,all_scenarios,tp,2588.0,2937.0,349.0,True
3,PTHW,52,0.03,1000.0,all_scenarios,tp,2606.0,2937.0,331.0,True
3,PTHW,52,0.05,10.0,all_scenarios,tp,1463.0,1566.0,103.0,True
3,PTHW,52,0.05,50.0,all_scenarios,tp,2031.0,2113.0,82.0,True
3,PTHW,52,0.05,100.0,all_scenarios,tp,2305.0,2897.0,592.0,True
3,PTHW,52,0.05,500.0,all_scenarios,tp,2588.0,2937.0,349.0,True
3,PTHW,52,0.05,1000.0,all_scenarios,tp,2606.0,2937.0,331.0,True
3,PTHW,52,0.1,10.0,all_scenarios,tp,1463.0,1566.0,103.0,True
3,PTHW,52,0.1,50.0,all_scenarios,tp,2031.0,2113.0,82.0,True
3,PTHW,52,0.1,100.0,all_scenarios,tp,2305.0,2897.0,592.0,True
3,PTHW,52,0.1,500.0,all_scenarios,tp,2588.0,2937.0,349.0,True
3,PTHW,52,0.1,1000.0,all_scenarios,tp,2606.0,2937.0,331.0,True
3,PTHW,62,0.01,10.0,all_scenarios,tp,1421.0,1222.0,-199.0,True
3,PTHW,62,0.01,50.0,all_scenarios,tp,2206.0,1916.0,-290.0,True
3,PTHW,62,0.01,100.0,all_scenarios,tp,2494.0,2100.0,-394.0,True
3,PTHW,62,0.01,500.0,all_scenarios,tp,2560.0,2181.0,-379.0,True
3,PTHW,62,0.01,1000.0,all_scenarios,tp,2560.0,2181.0,-379.0,True
3,PTHW,62,0.03,10.0,all_scenarios,tp,1421.0,1222.0,-199.0,True
3,PTHW,62,0.03,50.0,all_scenarios,tp,2206.0,1916.0,-290.0,True
3,PTHW,62,0.03,100.0,all_scenarios,tp,2494.0,2315.0,-179.0,True
3,PTHW,62,0.03,500.0,all_scenarios,tp,2736.0,2385.0,-351.0,True
3,PTHW,62,0.03,1000.0,all_scenarios,tp,2824.0,2462.0,-362.0,True
3,PTHW,62,0.05,10.0,all_scenarios,tp,1421.0,1222.0,-199.0,True
3,PTHW,62,0.05,50.0,all_scenarios,tp,2206.0,1916.0,-290.0,True
3,PTHW,62,0.05,100.0,all_scenarios,tp,2494.0,2315.0,-179.0,True
3,PTHW,62,0.05,500.0,all_scenarios,tp,2736.0,2385.0,-351.0,True
3,PTHW,62,0.05,1000.0,all_scenarios,tp,2824.0,2462.0,-362.0,True
3,PTHW,62,0.1,10.0,all_scenarios,tp,1421.0,1222.0,-199.0,True
3,PTHW,62,0.1,50.0,all_scenarios,tp,2206.0,1916.0,-290.0,True
3,PTHW,62,0.1,100.0,all_scenarios,tp,2494.0,2315.0,-179.0,True
3,PTHW,62,0.1,500.0,all_scenarios,tp,2736.0,2385.0,-351.0,True
3,PTHW,62,0.1,1000.0,all_scenarios,tp,2824.0,2462.0,-362.0,True
3,PTHW,72,0.01,10.0,all_scenarios,tp,1553.0,1496.0,-57.0,True
3,PTHW,72,0.01,50.0,all_scenarios,tp,2242.0,2257.0,15.0,True
3,PTHW,72,0.01,100.0,all_scenarios,tp,2793.0,2836.0,43.0,True
3,PTHW,72,0.01,500.0,all_scenarios,tp,2793.0,2836.0,43.0,True
3,PTHW,72,0.01,1000.0,all_scenarios,tp,2793.0,2836.0,43.0,True
3,PTHW,72,0.03,10.0,all_scenarios,tp,1553.0,1496.0,-57.0,True
3,PTHW,72,0.03,50.0,all_scenarios,tp,2242.0,2257.0,15.0,True
3,PTHW,72,0.03,100.0,all_scenarios,tp,2916.0,2876.0,-40.0,True
3,PTHW,72,0.03,500.0,all_scenarios,tp,2961.0,3060.0,99.0,True
3,PTHW,72,0.03,1000.0,all_scenarios,tp,3015.0,3060.0,45.0,True
3,PTHW,72,0.05,10.0,all_scenarios,tp,1553.0,1496.0,-57.0,True
3,PTHW,72,0.05,50.0,all_scenarios,tp,2242.0,2257.0,15.0,True
3,PTHW,72,0.05,100.0,all_scenarios,tp,2916.0,2876.0,-40.0,True
3,PTHW,72,0.05,500.0,all_scenarios,tp,2961.0,3060.0,99.0,True
3,PTHW,72,0.05,1000.0,all_scenarios,tp,3042.0,3060.0,18.0,True
3,PTHW,72,0.1,10.0,all_scenarios,tp,1553.0,1496.0,-57.0,True
3,PTHW,72,0.1,50.0,all_scenarios,tp,2242.0,2257.0,15.0,True
3,PTHW,72,0.1,100.0,all_scenarios,tp,2916.0,2876.0,-40.0,True
3,PTHW,72,0.1,500.0,all_scenarios,tp,2961.0,3060.0,99.0,True
3,PTHW,72,0.1,1000.0,all_scenarios,tp,3042.0,3060.0,18.0,True
3,PTHW,82,0.01,10.0,all_scenarios,tp,1342.0,1465.0,123.0,True
3,PTHW,82,0.01,50.0,all_scenarios,tp,2035.0,2200.0,165.0,True
3,PTHW,82,0.01,100.0,all_scenarios,tp,2725.0,2651.0,-74.0,True
3,PTHW,82,0.01,500.0,all_scenarios,tp,2725.0,2651.0,-74.0,True
3,PTHW,82,0.01,1000.0,all_scenarios,tp,2725.0,2651.0,-74.0,True
3,PTHW,82,0.03,10.0,all_scenarios,tp,1342.0,1465.0,123.0,True
3,PTHW,82,0.03,50.0,all_scenarios,tp,2035.0,2200.0,165.0,True
3,PTHW,82,0.03,100.0,all_scenarios,tp,2919.0,2727.0,-192.0,True
3,PTHW,82,0.03,500.0,all_scenarios,tp,3013.0,2976.0,-37.0,True
3,PTHW,82,0.03,1000.0,all_scenarios,tp,3068.0,3014.0,-54.0,True
3,PTHW,82,0.05,10.0,all_scenarios,tp,1342.0,1465.0,123.0,True
3,PTHW,82,0.05,50.0,all_scenarios,tp,2035.0,2200.0,165.0,True
3,PTHW,82,0.05,100.0,all_scenarios,tp,2919.0,2727.0,-192.0,True
3,PTHW,82,0.05,500.0,all_scenarios,tp,3013.0,2976.0,-37.0,True
3,PTHW,82,0.05,1000.0,all_scenarios,tp,3068.0,3014.0,-54.0,True
3,PTHW,82,0.1,10.0,all_scenarios,tp,1342.0,1465.0,123.0,True
3,PTHW,82,0.1,50.0,all_scenarios,tp,2035.0,2200.0,165.0,True
3,PTHW,82,0.1,100.0,all_scenarios,tp,2919.0,2727.0,-192.0,True
3,PTHW,82,0.1,500.0,all_scenarios,tp,3013.0,2976.0,-37.0,True
3,PTHW,82,0.1,1000.0,all_scenarios,tp,3068.0,3014.0,-54.0,True
3,PTHW5,42,0.03,100.0,all_scenarios,tp,2693.0,2790.0,97.0,True
3,PTHW5,52,0.03,100.0,all_scenarios,tp,2187.0,2518.0,331.0,True
3,PTHW5,62,0.03,100.0,all_scenarios,tp,2757.0,2797.0,40.0,True
3,PTHW5,72,0.03,100.0,all_scenarios,tp,2807.0,2383.0,-424.0,True
3,PTHW5,82,0.03,100.0,all_scenarios,tp,2133.0,2553.0,420.0,True
1,P0,42,0.01,10.0,all_scenarios,fp,0.0,0.0,0.0,False
1,P0,42,0.01,50.0,all_scenarios,fp,1.0,1.0,0.0,False
1,P0,42,0.01,100.0,all_scenarios,fp,1.0,1.0,0.0,False
1,P0,42,0.01,500.0,all_scenarios,fp,1.0,4199.0,4198.0,True
1,P0,42,0.01,1000.0,all_scenarios,fp,1305.0,4199.0,2894.0,True
1,P0,42,0.03,10.0,all_scenarios,fp,0.0,0.0,0.0,False
1,P0,42,0.03,50.0,all_scenarios,fp,1.0,1.0,0.0,False
1,P0,42,0.03,100.0,all_scenarios,fp,1.0,1.0,0.0,False
1,P0,42,0.03,500.0,all_scenarios,fp,13838.0,17065.0,3227.0,True
1,P0,42,0.03,1000.0,all_scenarios,fp,13838.0,17065.0,3227.0,True
1,P0,42,0.05,10.0,all_scenarios,fp,0.0,0.0,0.0,False
1,P0,42,0.05,50.0,all_scenarios,fp,1.0,1.0,0.0,False
1,P0,42,0.05,100.0,all_scenarios,fp,1.0,1.0,0.0,False
1,P0,42,0.05,500.0,all_scenarios,fp,13838.0,31730.0,17892.0,True
1,P0,42,0.05,1000.0,all_scenarios,fp,30277.0,31730.0,1453.0,True
1,P0,42,0.1,10.0,all_scenarios,fp,0.0,0.0,0.0,False
1,P0,42,0.1,50.0,all_scenarios,fp,1.0,1.0,0.0,False
1,P0,42,0.1,100.0,all_scenarios,fp,1.0,1.0,0.0,False
1,P0,42,0.1,500.0,all_scenarios,fp,41836.0,31730.0,-10106.0,True
1,P0,42,0.1,1000.0,all_scenarios,fp,53421.0,58318.0,4897.0,True
1,P0,52,0.01,10.0,all_scenarios,fp,0.0,0.0,0.0,False
1,P0,52,0.01,50.0,all_scenarios,fp,0.0,157.0,157.0,True
1,P0,52,0.01,100.0,all_scenarios,fp,0.0,157.0,157.0,True
1,P0,52,0.01,500.0,all_scenarios,fp,0.0,157.0,157.0,True
1,P0,52,0.01,1000.0,all_scenarios,fp,3557.0,720.0,-2837.0,True
1,P0,52,0.03,10.0,all_scenarios,fp,0.0,0.0,0.0,False
1,P0,52,0.03,50.0,all_scenarios,fp,0.0,157.0,157.0,True
1,P0,52,0.03,100.0,all_scenarios,fp,0.0,157.0,157.0,True
1,P0,52,0.03,500.0,all_scenarios,fp,18700.0,17071.0,-1629.0,True
1,P0,52,0.03,1000.0,all_scenarios,fp,18700.0,17071.0,-1629.0,True
1,P0,52,0.05,10.0,all_scenarios,fp,0.0,0.0,0.0,False
1,P0,52,0.05,50.0,all_scenarios,fp,0.0,157.0,157.0,True
1,P0,52,0.05,100.0,all_scenarios,fp,0.0,157.0,157.0,True
1,P0,52,0.05,500.0,all_scenarios,fp,28157.0,25771.0,-2386.0,True
1,P0,52,0.05,1000.0,all_scenarios,fp,31085.0,29084.0,-2001.0,True
1,P0,52,0.1,10.0,all_scenarios,fp,0.0,0.0,0.0,False
1,P0,52,0.1,50.0,all_scenarios,fp,0.0,157.0,157.0,True
1,P0,52,0.1,100.0,all_scenarios,fp,0.0,157.0,157.0,True
1,P0,52,0.1,500.0,all_scenarios,fp,28157.0,39554.0,11397.0,True
1,P0,52,0.1,1000.0,all_scenarios,fp,59161.0,57673.0,-1488.0,True
1,P0,62,0.01,10.0,all_scenarios,fp,0.0,0.0,0.0,False
1,P0,62,0.01,50.0,all_scenarios,fp,1.0,0.0,-1.0,True
1,P0,62,0.01,100.0,all_scenarios,fp,1.0,0.0,-1.0,True
1,P0,62,0.01,500.0,all_scenarios,fp,2700.0,854.0,-1846.0,True
1,P0,62,0.01,1000.0,all_scenarios,fp,2700.0,854.0,-1846.0,True
1,P0,62,0.03,10.0,all_scenarios,fp,0.0,0.0,0.0,False
1,P0,62,0.03,50.0,all_scenarios,fp,1.0,0.0,-1.0,True
1,P0,62,0.03,100.0,all_scenarios,fp,1.0,0.0,-1.0,True
1,P0,62,0.03,500.0,all_scenarios,fp,4651.0,7093.0,2442.0,True
1,P0,62,0.03,1000.0,all_scenarios,fp,11744.0,7093.0,-4651.0,True
1,P0,62,0.05,10.0,all_scenarios,fp,0.0,0.0,0.0,False
1,P0,62,0.05,50.0,all_scenarios,fp,1.0,0.0,-1.0,True
1,P0,62,0.05,100.0,all_scenarios,fp,1.0,0.0,-1.0,True
1,P0,62,0.05,500.0,all_scenarios,fp,4651.0,29135.0,24484.0,True
1,P0,62,0.05,1000.0,all_scenarios,fp,27972.0,29135.0,1163.0,True
1,P0,62,0.1,10.0,all_scenarios,fp,0.0,0.0,0.0,False
1,P0,62,0.1,50.0,all_scenarios,fp,1.0,0.0,-1.0,True
1,P0,62,0.1,100.0,all_scenarios,fp,1.0,0.0,-1.0,True
1,P0,62,0.1,500.0,all_scenarios,fp,4651.0,29135.0,24484.0,True
1,P0,62,0.1,1000.0,all_scenarios,fp,60837.0,58670.0,-2167.0,True
1,P0,72,0.01,10.0,all_scenarios,fp,0.0,0.0,0.0,False
1,P0,72,0.01,50.0,all_scenarios,fp,0.0,0.0,0.0,False
1,P0,72,0.01,100.0,all_scenarios,fp,0.0,0.0,0.0,False
1,P0,72,0.01,500.0,all_scenarios,fp,1302.0,0.0,-1302.0,True
1,P0,72,0.01,1000.0,all_scenarios,fp,4016.0,2280.0,-1736.0,True
1,P0,72,0.03,10.0,all_scenarios,fp,0.0,0.0,0.0,False
1,P0,72,0.03,50.0,all_scenarios,fp,0.0,0.0,0.0,False
1,P0,72,0.03,100.0,all_scenarios,fp,0.0,0.0,0.0,False
1,P0,72,0.03,500.0,all_scenarios,fp,1302.0,0.0,-1302.0,True
1,P0,72,0.03,1000.0,all_scenarios,fp,14241.0,15595.0,1354.0,True
1,P0,72,0.05,10.0,all_scenarios,fp,0.0,0.0,0.0,False
1,P0,72,0.05,50.0,all_scenarios,fp,0.0,0.0,0.0,False
1,P0,72,0.05,100.0,all_scenarios,fp,0.0,0.0,0.0,False
1,P0,72,0.05,500.0,all_scenarios,fp,1302.0,0.0,-1302.0,True
1,P0,72,0.05,1000.0,all_scenarios,fp,31947.0,32758.0,811.0,True
1,P0,72,0.1,10.0,all_scenarios,fp,0.0,0.0,0.0,False
1,P0,72,0.1,50.0,all_scenarios,fp,0.0,0.0,0.0,False
1,P0,72,0.1,100.0,all_scenarios,fp,0.0,0.0,0.0,False
1,P0,72,0.1,500.0,all_scenarios,fp,45713.0,44401.0,-1312.0,True
1,P0,72,0.1,1000.0,all_scenarios,fp,59749.0,59231.0,-518.0,True
1,P0,82,0.01,10.0,all_scenarios,fp,0.0,0.0,0.0,False
1,P0,82,0.01,50.0,all_scenarios,fp,1.0,502.0,501.0,True
1,P0,82,0.01,100.0,all_scenarios,fp,179.0,502.0,323.0,True
1,P0,82,0.01,500.0,all_scenarios,fp,2042.0,2355.0,313.0,True
1,P0,82,0.01,1000.0,all_scenarios,fp,2800.0,2355.0,-445.0,True
1,P0,82,0.03,10.0,all_scenarios,fp,0.0,0.0,0.0,False
1,P0,82,0.03,50.0,all_scenarios,fp,1.0,502.0,501.0,True
1,P0,82,0.03,100.0,all_scenarios,fp,179.0,502.0,323.0,True
1,P0,82,0.03,500.0,all_scenarios,fp,14999.0,2355.0,-12644.0,True
1,P0,82,0.03,1000.0,all_scenarios,fp,14999.0,15838.0,839.0,True
1,P0,82,0.05,10.0,all_scenarios,fp,0.0,0.0,0.0,False
1,P0,82,0.05,50.0,all_scenarios,fp,1.0,502.0,501.0,True
1,P0,82,0.05,100.0,all_scenarios,fp,179.0,502.0,323.0,True
1,P0,82,0.05,500.0,all_scenarios,fp,33694.0,31668.0,-2026.0,True
1,P0,82,0.05,1000.0,all_scenarios,fp,33694.0,33044.0,-650.0,True
1,P0,82,0.1,10.0,all_scenarios,fp,0.0,0.0,0.0,False
1,P0,82,0.1,50.0,all_scenarios,fp,1.0,502.0,501.0,True
1,P0,82,0.1,100.0,all_scenarios,fp,179.0,502.0,323.0,True
1,P0,82,0.1,500.0,all_scenarios,fp,58277.0,42461.0,-15816.0,True
1,P0,82,0.1,1000.0,all_scenarios,fp,58277.0,46992.0,-11285.0,True
1,PH,42,0.03,100.0,all_scenarios,fp,6583.0,7211.0,628.0,True
1,PH,52,0.03,100.0,all_scenarios,fp,6244.0,6467.0,223.0,True
1,PH,62,0.03,100.0,all_scenarios,fp,6329.0,4458.0,-1871.0,True
1,PH,72,0.03,100.0,all_scenarios,fp,7034.0,7055.0,21.0,True
1,PH,82,0.03,100.0,all_scenarios,fp,6407.0,8686.0,2279.0,True
1,PT,42,0.03,100.0,all_scenarios,fp,296.0,1667.0,1371.0,True
1,PT,52,0.03,100.0,all_scenarios,fp,3109.0,146.0,-2963.0,True
1,PT,62,0.03,100.0,all_scenarios,fp,3922.0,942.0,-2980.0,True
1,PT,72,0.03,100.0,all_scenarios,fp,3500.0,22.0,-3478.0,True
1,PT,82,0.03,100.0,all_scenarios,fp,10.0,10.0,0.0,False
1,PTH,42,0.03,100.0,all_scenarios,fp,6425.0,7181.0,756.0,True
1,PTH,52,0.03,100.0,all_scenarios,fp,6416.0,6112.0,-304.0,True
1,PTH,62,0.03,100.0,all_scenarios,fp,7330.0,6704.0,-626.0,True
1,PTH,72,0.03,100.0,all_scenarios,fp,7361.0,7839.0,478.0,True
1,PTH,82,0.03,100.0,all_scenarios,fp,6160.0,7681.0,1521.0,True
1,PTHW,42,0.01,10.0,all_scenarios,fp,0.0,0.0,0.0,False
1,PTHW,42,0.01,50.0,all_scenarios,fp,5096.0,4995.0,-101.0,True
1,PTHW,42,0.01,100.0,all_scenarios,fp,5096.0,5780.0,684.0,True
1,PTHW,42,0.01,500.0,all_scenarios,fp,5581.0,6269.0,688.0,True
1,PTHW,42,0.01,1000.0,all_scenarios,fp,5581.0,6269.0,688.0,True
1,PTHW,42,0.03,10.0,all_scenarios,fp,0.0,0.0,0.0,False
1,PTHW,42,0.03,50.0,all_scenarios,fp,5096.0,4995.0,-101.0,True
1,PTHW,42,0.03,100.0,all_scenarios,fp,5096.0,6551.0,1455.0,True
1,PTHW,42,0.03,500.0,all_scenarios,fp,8931.0,10045.0,1114.0,True
1,PTHW,42,0.03,1000.0,all_scenarios,fp,9506.0,10045.0,539.0,True
1,PTHW,42,0.05,10.0,all_scenarios,fp,0.0,0.0,0.0,False
1,PTHW,42,0.05,50.0,all_scenarios,fp,5096.0,4995.0,-101.0,True
1,PTHW,42,0.05,100.0,all_scenarios,fp,5096.0,6551.0,1455.0,True
1,PTHW,42,0.05,500.0,all_scenarios,fp,8931.0,10045.0,1114.0,True
1,PTHW,42,0.05,1000.0,all_scenarios,fp,9506.0,10045.0,539.0,True
1,PTHW,42,0.1,10.0,all_scenarios,fp,0.0,0.0,0.0,False
1,PTHW,42,0.1,50.0,all_scenarios,fp,5096.0,4995.0,-101.0,True
1,PTHW,42,0.1,100.0,all_scenarios,fp,5096.0,6551.0,1455.0,True
1,PTHW,42,0.1,500.0,all_scenarios,fp,8931.0,10045.0,1114.0,True
1,PTHW,42,0.1,1000.0,all_scenarios,fp,9506.0,10045.0,539.0,True
1,PTHW,52,0.01,10.0,all_scenarios,fp,71.0,241.0,170.0,True
1,PTHW,52,0.01,50.0,all_scenarios,fp,3870.0,3925.0,55.0,True
1,PTHW,52,0.01,100.0,all_scenarios,fp,5262.0,6680.0,1418.0,True
1,PTHW,52,0.01,500.0,all_scenarios,fp,6434.0,6680.0,246.0,True
1,PTHW,52,0.01,1000.0,all_scenarios,fp,6434.0,6680.0,246.0,True
1,PTHW,52,0.03,10.0,all_scenarios,fp,71.0,241.0,170.0,True
1,PTHW,52,0.03,50.0,all_scenarios,fp,3870.0,3925.0,55.0,True
1,PTHW,52,0.03,100.0,all_scenarios,fp,5262.0,7916.0,2654.0,True
1,PTHW,52,0.03,500.0,all_scenarios,fp,12987.0,13479.0,492.0,True
1,PTHW,52,0.03,1000.0,all_scenarios,fp,12987.0,13479.0,492.0,True
1,PTHW,52,0.05,10.0,all_scenarios,fp,71.0,241.0,170.0,True
1,PTHW,52,0.05,50.0,all_scenarios,fp,3870.0,3925.0,55.0,True
1,PTHW,52,0.05,100.0,all_scenarios,fp,5262.0,7916.0,2654.0,True
1,PTHW,52,0.05,500.0,all_scenarios,fp,12987.0,13479.0,492.0,True
1,PTHW,52,0.05,1000.0,all_scenarios,fp,12987.0,31400.0,18413.0,True
1,PTHW,52,0.1,10.0,all_scenarios,fp,71.0,241.0,170.0,True
1,PTHW,52,0.1,50.0,all_scenarios,fp,3870.0,3925.0,55.0,True
1,PTHW,52,0.1,100.0,all_scenarios,fp,5262.0,7916.0,2654.0,True
1,PTHW,52,0.1,500.0,all_scenarios,fp,12987.0,13479.0,492.0,True
1,PTHW,52,0.1,1000.0,all_scenarios,fp,12987.0,31400.0,18413.0,True
1,PTHW,62,0.01,10.0,all_scenarios,fp,83.0,65.0,-18.0,True
1,PTHW,62,0.01,50.0,all_scenarios,fp,3909.0,3033.0,-876.0,True
1,PTHW,62,0.01,100.0,all_scenarios,fp,5277.0,4800.0,-477.0,True
1,PTHW,62,0.01,500.0,all_scenarios,fp,6637.0,4800.0,-1837.0,True
1,PTHW,62,0.01,1000.0,all_scenarios,fp,6637.0,4800.0,-1837.0,True
1,PTHW,62,0.03,10.0,all_scenarios,fp,83.0,65.0,-18.0,True
1,PTHW,62,0.03,50.0,all_scenarios,fp,3909.0,3033.0,-876.0,True
1,PTHW,62,0.03,100.0,all_scenarios,fp,5277.0,6754.0,1477.0,True
1,PTHW,62,0.03,500.0,all_scenarios,fp,11906.0,10792.0,-1114.0,True
1,PTHW,62,0.03,1000.0,all_scenarios,fp,11906.0,16076.0,4170.0,True
1,PTHW,62,0.05,10.0,all_scenarios,fp,83.0,65.0,-18.0,True
1,PTHW,62,0.05,50.0,all_scenarios,fp,3909.0,3033.0,-876.0,True
1,PTHW,62,0.05,100.0,all_scenarios,fp,5277.0,6754.0,1477.0,True
1,PTHW,62,0.05,500.0,all_scenarios,fp,11906.0,10792.0,-1114.0,True
1,PTHW,62,0.05,1000.0,all_scenarios,fp,11906.0,16076.0,4170.0,True
1,PTHW,62,0.1,10.0,all_scenarios,fp,83.0,65.0,-18.0,True
1,PTHW,62,0.1,50.0,all_scenarios,fp,3909.0,3033.0,-876.0,True
1,PTHW,62,0.1,100.0,all_scenarios,fp,5277.0,6754.0,1477.0,True
1,PTHW,62,0.1,500.0,all_scenarios,fp,11906.0,10792.0,-1114.0,True
1,PTHW,62,0.1,1000.0,all_scenarios,fp,11906.0,16076.0,4170.0,True
1,PTHW,72,0.01,10.0,all_scenarios,fp,113.0,26.0,-87.0,True
1,PTHW,72,0.01,50.0,all_scenarios,fp,124.0,2170.0,2046.0,True
1,PTHW,72,0.01,100.0,all_scenarios,fp,6049.0,6714.0,665.0,True
1,PTHW,72,0.01,500.0,all_scenarios,fp,6049.0,6714.0,665.0,True
1,PTHW,72,0.01,1000.0,all_scenarios,fp,6049.0,6714.0,665.0,True
1,PTHW,72,0.03,10.0,all_scenarios,fp,113.0,26.0,-87.0,True
1,PTHW,72,0.03,50.0,all_scenarios,fp,124.0,2170.0,2046.0,True
1,PTHW,72,0.03,100.0,all_scenarios,fp,6982.0,6714.0,-268.0,True
1,PTHW,72,0.03,500.0,all_scenarios,fp,10949.0,7806.0,-3143.0,True
1,PTHW,72,0.03,1000.0,all_scenarios,fp,10949.0,10860.0,-89.0,True
1,PTHW,72,0.05,10.0,all_scenarios,fp,113.0,26.0,-87.0,True
1,PTHW,72,0.05,50.0,all_scenarios,fp,124.0,2170.0,2046.0,True
1,PTHW,72,0.05,100.0,all_scenarios,fp,6982.0,6714.0,-268.0,True
1,PTHW,72,0.05,500.0,all_scenarios,fp,10949.0,7806.0,-3143.0,True
1,PTHW,72,0.05,1000.0,all_scenarios,fp,10949.0,10860.0,-89.0,True
1,PTHW,72,0.1,10.0,all_scenarios,fp,113.0,26.0,-87.0,True
1,PTHW,72,0.1,50.0,all_scenarios,fp,124.0,2170.0,2046.0,True
1,PTHW,72,0.1,100.0,all_scenarios,fp,6982.0,6714.0,-268.0,True
1,PTHW,72,0.1,500.0,all_scenarios,fp,10949.0,7806.0,-3143.0,True
1,PTHW,72,0.1,1000.0,all_scenarios,fp,10949.0,10860.0,-89.0,True
1,PTHW,82,0.01,10.0,all_scenarios,fp,125.0,173.0,48.0,True
1,PTHW,82,0.01,50.0,all_scenarios,fp,4099.0,3618.0,-481.0,True
1,PTHW,82,0.01,100.0,all_scenarios,fp,5517.0,5854.0,337.0,True
1,PTHW,82,0.01,500.0,all_scenarios,fp,5610.0,5854.0,244.0,True
1,PTHW,82,0.01,1000.0,all_scenarios,fp,5610.0,5854.0,244.0,True
1,PTHW,82,0.03,10.0,all_scenarios,fp,125.0,173.0,48.0,True
1,PTHW,82,0.03,50.0,all_scenarios,fp,4099.0,3618.0,-481.0,True
1,PTHW,82,0.03,100.0,all_scenarios,fp,7196.0,7465.0,269.0,True
1,PTHW,82,0.03,500.0,all_scenarios,fp,8672.0,9698.0,1026.0,True
1,PTHW,82,0.03,1000.0,all_scenarios,fp,9814.0,9698.0,-116.0,True
1,PTHW,82,0.05,10.0,all_scenarios,fp,125.0,173.0,48.0,True
1,PTHW,82,0.05,50.0,all_scenarios,fp,4099.0,3618.0,-481.0,True
1,PTHW,82,0.05,100.0,all_scenarios,fp,7196.0,7465.0,269.0,True
1,PTHW,82,0.05,500.0,all_scenarios,fp,8672.0,9698.0,1026.0,True
1,PTHW,82,0.05,1000.0,all_scenarios,fp,9814.0,9698.0,-116.0,True
1,PTHW,82,0.1,10.0,all_scenarios,fp,125.0,173.0,48.0,True
1,PTHW,82,0.1,50.0,all_scenarios,fp,4099.0,3618.0,-481.0,True
1,PTHW,82,0.1,100.0,all_scenarios,fp,7196.0,7465.0,269.0,True
1,PTHW,82,0.1,500.0,all_scenarios,fp,8672.0,9698.0,1026.0,True
1,PTHW,82,0.1,1000.0,all_scenarios,fp,9814.0,9698.0,-116.0,True
1,PTHW5,42,0.03,100.0,all_scenarios,fp,6038.0,8026.0,1988.0,True
1,PTHW5,52,0.03,100.0,all_scenarios,fp,7974.0,6927.0,-1047.0,True
1,PTHW5,62,0.03,100.0,all_scenarios,fp,7449.0,22918.0,15469.0,True
1,PTHW5,72,0.03,100.0,all_scenarios,fp,8509.0,10500.0,1991.0,True
1,PTHW5,82,0.03,100.0,all_scenarios,fp,6890.0,7598.0,708.0,True
2,P0,42,0.01,10.0,all_scenarios,fp,31.0,2.0,-29.0,True
2,P0,42,0.01,50.0,all_scenarios,fp,31.0,131.0,100.0,True
2,P0,42,0.01,100.0,all_scenarios,fp,31.0,131.0,100.0,True
2,P0,42,0.01,500.0,all_scenarios,fp,31.0,1820.0,1789.0,True
2,P0,42,0.01,1000.0,all_scenarios,fp,2247.0,1820.0,-427.0,True
2,P0,42,0.03,10.0,all_scenarios,fp,31.0,2.0,-29.0,True
2,P0,42,0.03,50.0,all_scenarios,fp,31.0,131.0,100.0,True
2,P0,42,0.03,100.0,all_scenarios,fp,31.0,131.0,100.0,True
2,P0,42,0.03,500.0,all_scenarios,fp,12856.0,12963.0,107.0,True
2,P0,42,0.03,1000.0,all_scenarios,fp,12856.0,12963.0,107.0,True
2,P0,42,0.05,10.0,all_scenarios,fp,31.0,2.0,-29.0,True
2,P0,42,0.05,50.0,all_scenarios,fp,31.0,131.0,100.0,True
2,P0,42,0.05,100.0,all_scenarios,fp,31.0,131.0,100.0,True
2,P0,42,0.05,500.0,all_scenarios,fp,24558.0,25840.0,1282.0,True
2,P0,42,0.05,1000.0,all_scenarios,fp,25861.0,25840.0,-21.0,True
2,P0,42,0.1,10.0,all_scenarios,fp,31.0,2.0,-29.0,True
2,P0,42,0.1,50.0,all_scenarios,fp,31.0,131.0,100.0,True
2,P0,42,0.1,100.0,all_scenarios,fp,31.0,131.0,100.0,True
2,P0,42,0.1,500.0,all_scenarios,fp,59069.0,57658.0,-1411.0,True
2,P0,42,0.1,1000.0,all_scenarios,fp,59069.0,57658.0,-1411.0,True
2,P0,52,0.01,10.0,all_scenarios,fp,2.0,19.0,17.0,True
2,P0,52,0.01,50.0,all_scenarios,fp,2.0,19.0,17.0,True
2,P0,52,0.01,100.0,all_scenarios,fp,397.0,19.0,-378.0,True
2,P0,52,0.01,500.0,all_scenarios,fp,3396.0,6312.0,2916.0,True
2,P0,52,0.01,1000.0,all_scenarios,fp,3396.0,6312.0,2916.0,True
2,P0,52,0.03,10.0,all_scenarios,fp,2.0,19.0,17.0,True
2,P0,52,0.03,50.0,all_scenarios,fp,2.0,19.0,17.0,True
2,P0,52,0.03,100.0,all_scenarios,fp,397.0,19.0,-378.0,True
2,P0,52,0.03,500.0,all_scenarios,fp,3396.0,6312.0,2916.0,True
2,P0,52,0.03,1000.0,all_scenarios,fp,3396.0,6312.0,2916.0,True
2,P0,52,0.05,10.0,all_scenarios,fp,2.0,19.0,17.0,True
2,P0,52,0.05,50.0,all_scenarios,fp,2.0,19.0,17.0,True
2,P0,52,0.05,100.0,all_scenarios,fp,397.0,19.0,-378.0,True
2,P0,52,0.05,500.0,all_scenarios,fp,15616.0,26111.0,10495.0,True
2,P0,52,0.05,1000.0,all_scenarios,fp,23613.0,26111.0,2498.0,True
2,P0,52,0.1,10.0,all_scenarios,fp,2.0,19.0,17.0,True
2,P0,52,0.1,50.0,all_scenarios,fp,2.0,19.0,17.0,True
2,P0,52,0.1,100.0,all_scenarios,fp,397.0,19.0,-378.0,True
2,P0,52,0.1,500.0,all_scenarios,fp,58586.0,57145.0,-1441.0,True
2,P0,52,0.1,1000.0,all_scenarios,fp,58586.0,57145.0,-1441.0,True
2,P0,62,0.01,10.0,all_scenarios,fp,28.0,2.0,-26.0,True
2,P0,62,0.01,50.0,all_scenarios,fp,28.0,2.0,-26.0,True
2,P0,62,0.01,100.0,all_scenarios,fp,243.0,309.0,66.0,True
2,P0,62,0.01,500.0,all_scenarios,fp,1578.0,2973.0,1395.0,True
2,P0,62,0.01,1000.0,all_scenarios,fp,1578.0,2973.0,1395.0,True
2,P0,62,0.03,10.0,all_scenarios,fp,28.0,2.0,-26.0,True
2,P0,62,0.03,50.0,all_scenarios,fp,28.0,2.0,-26.0,True
2,P0,62,0.03,100.0,all_scenarios,fp,243.0,309.0,66.0,True
2,P0,62,0.03,500.0,all_scenarios,fp,12920.0,2973.0,-9947.0,True
2,P0,62,0.03,1000.0,all_scenarios,fp,12920.0,2973.0,-9947.0,True
2,P0,62,0.05,10.0,all_scenarios,fp,28.0,2.0,-26.0,True
2,P0,62,0.05,50.0,all_scenarios,fp,28.0,2.0,-26.0,True
2,P0,62,0.05,100.0,all_scenarios,fp,243.0,309.0,66.0,True
2,P0,62,0.05,500.0,all_scenarios,fp,23966.0,15846.0,-8120.0,True
2,P0,62,0.05,1000.0,all_scenarios,fp,23966.0,22704.0,-1262.0,True
2,P0,62,0.1,10.0,all_scenarios,fp,28.0,2.0,-26.0,True
2,P0,62,0.1,50.0,all_scenarios,fp,28.0,2.0,-26.0,True
2,P0,62,0.1,100.0,all_scenarios,fp,243.0,309.0,66.0,True
2,P0,62,0.1,500.0,all_scenarios,fp,54142.0,57438.0,3296.0,True
2,P0,62,0.1,1000.0,all_scenarios,fp,54142.0,58651.0,4509.0,True
2,P0,72,0.01,10.0,all_scenarios,fp,2.0,30.0,28.0,True
2,P0,72,0.01,50.0,all_scenarios,fp,34.0,129.0,95.0,True
2,P0,72,0.01,100.0,all_scenarios,fp,34.0,129.0,95.0,True
2,P0,72,0.01,500.0,all_scenarios,fp,725.0,677.0,-48.0,True
2,P0,72,0.01,1000.0,all_scenarios,fp,725.0,677.0,-48.0,True
2,P0,72,0.03,10.0,all_scenarios,fp,2.0,30.0,28.0,True
2,P0,72,0.03,50.0,all_scenarios,fp,34.0,129.0,95.0,True
2,P0,72,0.03,100.0,all_scenarios,fp,34.0,129.0,95.0,True
2,P0,72,0.03,500.0,all_scenarios,fp,12629.0,11756.0,-873.0,True
2,P0,72,0.03,1000.0,all_scenarios,fp,12629.0,11756.0,-873.0,True
2,P0,72,0.05,10.0,all_scenarios,fp,2.0,30.0,28.0,True
2,P0,72,0.05,50.0,all_scenarios,fp,34.0,129.0,95.0,True
2,P0,72,0.05,100.0,all_scenarios,fp,34.0,129.0,95.0,True
2,P0,72,0.05,500.0,all_scenarios,fp,25833.0,25583.0,-250.0,True
2,P0,72,0.05,1000.0,all_scenarios,fp,25833.0,25583.0,-250.0,True
2,P0,72,0.1,10.0,all_scenarios,fp,2.0,30.0,28.0,True
2,P0,72,0.1,50.0,all_scenarios,fp,34.0,129.0,95.0,True
2,P0,72,0.1,100.0,all_scenarios,fp,34.0,129.0,95.0,True
2,P0,72,0.1,500.0,all_scenarios,fp,58552.0,55620.0,-2932.0,True
2,P0,72,0.1,1000.0,all_scenarios,fp,58552.0,59270.0,718.0,True
2,P0,82,0.01,10.0,all_scenarios,fp,2.0,2.0,0.0,False
2,P0,82,0.01,50.0,all_scenarios,fp,2.0,34.0,32.0,True
2,P0,82,0.01,100.0,all_scenarios,fp,2.0,34.0,32.0,True
2,P0,82,0.01,500.0,all_scenarios,fp,364.0,1801.0,1437.0,True
2,P0,82,0.01,1000.0,all_scenarios,fp,2560.0,1801.0,-759.0,True
2,P0,82,0.03,10.0,all_scenarios,fp,2.0,2.0,0.0,False
2,P0,82,0.03,50.0,all_scenarios,fp,2.0,34.0,32.0,True
2,P0,82,0.03,100.0,all_scenarios,fp,2.0,34.0,32.0,True
2,P0,82,0.03,500.0,all_scenarios,fp,364.0,12945.0,12581.0,True
2,P0,82,0.03,1000.0,all_scenarios,fp,2560.0,12945.0,10385.0,True
2,P0,82,0.05,10.0,all_scenarios,fp,2.0,2.0,0.0,False
2,P0,82,0.05,50.0,all_scenarios,fp,2.0,34.0,32.0,True
2,P0,82,0.05,100.0,all_scenarios,fp,2.0,34.0,32.0,True
2,P0,82,0.05,500.0,all_scenarios,fp,25179.0,23873.0,-1306.0,True
2,P0,82,0.05,1000.0,all_scenarios,fp,25179.0,23873.0,-1306.0,True
2,P0,82,0.1,10.0,all_scenarios,fp,2.0,2.0,0.0,False
2,P0,82,0.1,50.0,all_scenarios,fp,2.0,34.0,32.0,True
2,P0,82,0.1,100.0,all_scenarios,fp,2.0,34.0,32.0,True
2,P0,82,0.1,500.0,all_scenarios,fp,51063.0,49028.0,-2035.0,True
2,P0,82,0.1,1000.0,all_scenarios,fp,57982.0,58134.0,152.0,True
2,PH,42,0.03,100.0,all_scenarios,fp,8481.0,8181.0,-300.0,True
2,PH,52,0.03,100.0,all_scenarios,fp,16348.0,6704.0,-9644.0,True
2,PH,62,0.03,100.0,all_scenarios,fp,7143.0,8769.0,1626.0,True
2,PH,72,0.03,100.0,all_scenarios,fp,7450.0,7649.0,199.0,True
2,PH,82,0.03,100.0,all_scenarios,fp,8735.0,8493.0,-242.0,True
2,PT,42,0.03,100.0,all_scenarios,fp,1431.0,919.0,-512.0,True
2,PT,52,0.03,100.0,all_scenarios,fp,632.0,1109.0,477.0,True
2,PT,62,0.03,100.0,all_scenarios,fp,457.0,550.0,93.0,True
2,PT,72,0.03,100.0,all_scenarios,fp,272.0,1770.0,1498.0,True
2,PT,82,0.03,100.0,all_scenarios,fp,687.0,859.0,172.0,True
2,PTH,42,0.03,100.0,all_scenarios,fp,7089.0,8865.0,1776.0,True
2,PTH,52,0.03,100.0,all_scenarios,fp,7946.0,8765.0,819.0,True
2,PTH,62,0.03,100.0,all_scenarios,fp,4638.0,6308.0,1670.0,True
2,PTH,72,0.03,100.0,all_scenarios,fp,5097.0,7530.0,2433.0,True
2,PTH,82,0.03,100.0,all_scenarios,fp,7662.0,8702.0,1040.0,True
2,PTHW,42,0.01,10.0,all_scenarios,fp,439.0,31.0,-408.0,True
2,PTHW,42,0.01,50.0,all_scenarios,fp,3437.0,1458.0,-1979.0,True
2,PTHW,42,0.01,100.0,all_scenarios,fp,3437.0,3240.0,-197.0,True
2,PTHW,42,0.01,500.0,all_scenarios,fp,3437.0,3341.0,-96.0,True
2,PTHW,42,0.01,1000.0,all_scenarios,fp,3437.0,3341.0,-96.0,True
2,PTHW,42,0.03,10.0,all_scenarios,fp,439.0,31.0,-408.0,True
2,PTHW,42,0.03,50.0,all_scenarios,fp,4425.0,1458.0,-2967.0,True
2,PTHW,42,0.03,100.0,all_scenarios,fp,5727.0,6252.0,525.0,True
2,PTHW,42,0.03,500.0,all_scenarios,fp,8494.0,8215.0,-279.0,True
2,PTHW,42,0.03,1000.0,all_scenarios,fp,8494.0,12779.0,4285.0,True
2,PTHW,42,0.05,10.0,all_scenarios,fp,439.0,31.0,-408.0,True
2,PTHW,42,0.05,50.0,all_scenarios,fp,4425.0,1458.0,-2967.0,True
2,PTHW,42,0.05,100.0,all_scenarios,fp,5727.0,6252.0,525.0,True
2,PTHW,42,0.05,500.0,all_scenarios,fp,8494.0,8215.0,-279.0,True
2,PTHW,42,0.05,1000.0,all_scenarios,fp,8494.0,13665.0,5171.0,True
2,PTHW,42,0.1,10.0,all_scenarios,fp,439.0,31.0,-408.0,True
2,PTHW,42,0.1,50.0,all_scenarios,fp,4425.0,1458.0,-2967.0,True
2,PTHW,42,0.1,100.0,all_scenarios,fp,5727.0,6252.0,525.0,True
2,PTHW,42,0.1,500.0,all_scenarios,fp,8494.0,8215.0,-279.0,True
2,PTHW,42,0.1,1000.0,all_scenarios,fp,8494.0,13665.0,5171.0,True
2,PTHW,52,0.01,10.0,all_scenarios,fp,894.0,787.0,-107.0,True
2,PTHW,52,0.01,50.0,all_scenarios,fp,905.0,787.0,-118.0,True
2,PTHW,52,0.01,100.0,all_scenarios,fp,905.0,787.0,-118.0,True
2,PTHW,52,0.01,500.0,all_scenarios,fp,2595.0,1599.0,-996.0,True
2,PTHW,52,0.01,1000.0,all_scenarios,fp,2595.0,1599.0,-996.0,True
2,PTHW,52,0.03,10.0,all_scenarios,fp,894.0,787.0,-107.0,True
2,PTHW,52,0.03,50.0,all_scenarios,fp,905.0,787.0,-118.0,True
2,PTHW,52,0.03,100.0,all_scenarios,fp,9044.0,8940.0,-104.0,True
2,PTHW,52,0.03,500.0,all_scenarios,fp,9467.0,11013.0,1546.0,True
2,PTHW,52,0.03,1000.0,all_scenarios,fp,10148.0,11013.0,865.0,True
2,PTHW,52,0.05,10.0,all_scenarios,fp,894.0,787.0,-107.0,True
2,PTHW,52,0.05,50.0,all_scenarios,fp,905.0,787.0,-118.0,True
2,PTHW,52,0.05,100.0,all_scenarios,fp,9044.0,8940.0,-104.0,True
2,PTHW,52,0.05,500.0,all_scenarios,fp,9467.0,11013.0,1546.0,True
2,PTHW,52,0.05,1000.0,all_scenarios,fp,10148.0,12953.0,2805.0,True
2,PTHW,52,0.1,10.0,all_scenarios,fp,894.0,787.0,-107.0,True
2,PTHW,52,0.1,50.0,all_scenarios,fp,905.0,787.0,-118.0,True
2,PTHW,52,0.1,100.0,all_scenarios,fp,9044.0,8940.0,-104.0,True
2,PTHW,52,0.1,500.0,all_scenarios,fp,9467.0,11013.0,1546.0,True
2,PTHW,52,0.1,1000.0,all_scenarios,fp,10148.0,12953.0,2805.0,True
2,PTHW,62,0.01,10.0,all_scenarios,fp,0.0,0.0,0.0,False
2,PTHW,62,0.01,50.0,all_scenarios,fp,3817.0,4430.0,613.0,True
2,PTHW,62,0.01,100.0,all_scenarios,fp,4157.0,4430.0,273.0,True
2,PTHW,62,0.01,500.0,all_scenarios,fp,4157.0,4430.0,273.0,True
2,PTHW,62,0.01,1000.0,all_scenarios,fp,4157.0,4430.0,273.0,True
2,PTHW,62,0.03,10.0,all_scenarios,fp,0.0,0.0,0.0,False
2,PTHW,62,0.03,50.0,all_scenarios,fp,4833.0,4430.0,-403.0,True
2,PTHW,62,0.03,100.0,all_scenarios,fp,7831.0,5003.0,-2828.0,True
2,PTHW,62,0.03,500.0,all_scenarios,fp,7831.0,7178.0,-653.0,True
2,PTHW,62,0.03,1000.0,all_scenarios,fp,12325.0,7178.0,-5147.0,True
2,PTHW,62,0.05,10.0,all_scenarios,fp,0.0,0.0,0.0,False
2,PTHW,62,0.05,50.0,all_scenarios,fp,4833.0,4430.0,-403.0,True
2,PTHW,62,0.05,100.0,all_scenarios,fp,7831.0,5003.0,-2828.0,True
2,PTHW,62,0.05,500.0,all_scenarios,fp,7831.0,7178.0,-653.0,True
2,PTHW,62,0.05,1000.0,all_scenarios,fp,12325.0,7178.0,-5147.0,True
2,PTHW,62,0.1,10.0,all_scenarios,fp,0.0,0.0,0.0,False
2,PTHW,62,0.1,50.0,all_scenarios,fp,4833.0,4430.0,-403.0,True
2,PTHW,62,0.1,100.0,all_scenarios,fp,7831.0,5003.0,-2828.0,True
2,PTHW,62,0.1,500.0,all_scenarios,fp,7831.0,7178.0,-653.0,True
2,PTHW,62,0.1,1000.0,all_scenarios,fp,12325.0,7178.0,-5147.0,True
2,PTHW,72,0.01,10.0,all_scenarios,fp,0.0,0.0,0.0,False
2,PTHW,72,0.01,50.0,all_scenarios,fp,2591.0,4592.0,2001.0,True
2,PTHW,72,0.01,100.0,all_scenarios,fp,4194.0,4669.0,475.0,True
2,PTHW,72,0.01,500.0,all_scenarios,fp,4194.0,4834.0,640.0,True
2,PTHW,72,0.01,1000.0,all_scenarios,fp,4194.0,4834.0,640.0,True
2,PTHW,72,0.03,10.0,all_scenarios,fp,0.0,0.0,0.0,False
2,PTHW,72,0.03,50.0,all_scenarios,fp,2591.0,4592.0,2001.0,True
2,PTHW,72,0.03,100.0,all_scenarios,fp,8165.0,11227.0,3062.0,True
2,PTHW,72,0.03,500.0,all_scenarios,fp,9071.0,14704.0,5633.0,True
2,PTHW,72,0.03,1000.0,all_scenarios,fp,12792.0,16199.0,3407.0,True
2,PTHW,72,0.05,10.0,all_scenarios,fp,0.0,0.0,0.0,False
2,PTHW,72,0.05,50.0,all_scenarios,fp,2591.0,4592.0,2001.0,True
2,PTHW,72,0.05,100.0,all_scenarios,fp,8165.0,11227.0,3062.0,True
2,PTHW,72,0.05,500.0,all_scenarios,fp,9071.0,14704.0,5633.0,True
2,PTHW,72,0.05,1000.0,all_scenarios,fp,12792.0,25258.0,12466.0,True
2,PTHW,72,0.1,10.0,all_scenarios,fp,0.0,0.0,0.0,False
2,PTHW,72,0.1,50.0,all_scenarios,fp,2591.0,4592.0,2001.0,True
2,PTHW,72,0.1,100.0,all_scenarios,fp,8165.0,11227.0,3062.0,True
2,PTHW,72,0.1,500.0,all_scenarios,fp,9071.0,14704.0,5633.0,True
2,PTHW,72,0.1,1000.0,all_scenarios,fp,12792.0,25258.0,12466.0,True
2,PTHW,82,0.01,10.0,all_scenarios,fp,167.0,647.0,480.0,True
2,PTHW,82,0.01,50.0,all_scenarios,fp,376.0,908.0,532.0,True
2,PTHW,82,0.01,100.0,all_scenarios,fp,2053.0,4538.0,2485.0,True
2,PTHW,82,0.01,500.0,all_scenarios,fp,4754.0,4538.0,-216.0,True
2,PTHW,82,0.01,1000.0,all_scenarios,fp,4754.0,4538.0,-216.0,True
2,PTHW,82,0.03,10.0,all_scenarios,fp,167.0,647.0,480.0,True
2,PTHW,82,0.03,50.0,all_scenarios,fp,376.0,908.0,532.0,True
2,PTHW,82,0.03,100.0,all_scenarios,fp,8122.0,8001.0,-121.0,True
2,PTHW,82,0.03,500.0,all_scenarios,fp,11389.0,9403.0,-1986.0,True
2,PTHW,82,0.03,1000.0,all_scenarios,fp,11389.0,9403.0,-1986.0,True
2,PTHW,82,0.05,10.0,all_scenarios,fp,167.0,647.0,480.0,True
2,PTHW,82,0.05,50.0,all_scenarios,fp,376.0,908.0,532.0,True
2,PTHW,82,0.05,100.0,all_scenarios,fp,8122.0,8001.0,-121.0,True
2,PTHW,82,0.05,500.0,all_scenarios,fp,11389.0,9403.0,-1986.0,True
2,PTHW,82,0.05,1000.0,all_scenarios,fp,11389.0,9403.0,-1986.0,True
2,PTHW,82,0.1,10.0,all_scenarios,fp,167.0,647.0,480.0,True
2,PTHW,82,0.1,50.0,all_scenarios,fp,376.0,908.0,532.0,True
2,PTHW,82,0.1,100.0,all_scenarios,fp,8122.0,8001.0,-121.0,True
2,PTHW,82,0.1,500.0,all_scenarios,fp,11389.0,9403.0,-1986.0,True
2,PTHW,82,0.1,1000.0,all_scenarios,fp,11389.0,9403.0,-1986.0,True
2,PTHW5,42,0.03,100.0,all_scenarios,fp,6413.0,10829.0,4416.0,True
2,PTHW5,52,0.03,100.0,all_scenarios,fp,7432.0,4023.0,-3409.0,True
2,PTHW5,62,0.03,100.0,all_scenarios,fp,7906.0,4179.0,-3727.0,True
2,PTHW5,72,0.03,100.0,all_scenarios,fp,9877.0,5986.0,-3891.0,True
2,PTHW5,82,0.03,100.0,all_scenarios,fp,8036.0,3979.0,-4057.0,True
3,P0,42,0.01,10.0,all_scenarios,fp,16.0,3.0,-13.0,True
3,P0,42,0.01,50.0,all_scenarios,fp,94.0,2446.0,2352.0,True
3,P0,42,0.01,100.0,all_scenarios,fp,4916.0,4081.0,-835.0,True
3,P0,42,0.01,500.0,all_scenarios,fp,5815.0,5440.0,-375.0,True
3,P0,42,0.01,1000.0,all_scenarios,fp,5815.0,5440.0,-375.0,True
3,P0,42,0.03,10.0,all_scenarios,fp,16.0,3.0,-13.0,True
3,P0,42,0.03,50.0,all_scenarios,fp,94.0,2446.0,2352.0,True
3,P0,42,0.03,100.0,all_scenarios,fp,4916.0,4081.0,-835.0,True
3,P0,42,0.03,500.0,all_scenarios,fp,15829.0,19501.0,3672.0,True
3,P0,42,0.03,1000.0,all_scenarios,fp,20013.0,19501.0,-512.0,True
3,P0,42,0.05,10.0,all_scenarios,fp,16.0,3.0,-13.0,True
3,P0,42,0.05,50.0,all_scenarios,fp,94.0,2446.0,2352.0,True
3,P0,42,0.05,100.0,all_scenarios,fp,4916.0,4081.0,-835.0,True
3,P0,42,0.05,500.0,all_scenarios,fp,25383.0,29193.0,3810.0,True
3,P0,42,0.05,1000.0,all_scenarios,fp,32571.0,30743.0,-1828.0,True
3,P0,42,0.1,10.0,all_scenarios,fp,16.0,3.0,-13.0,True
3,P0,42,0.1,50.0,all_scenarios,fp,94.0,2446.0,2352.0,True
3,P0,42,0.1,100.0,all_scenarios,fp,4916.0,4081.0,-835.0,True
3,P0,42,0.1,500.0,all_scenarios,fp,63567.0,62253.0,-1314.0,True
3,P0,42,0.1,1000.0,all_scenarios,fp,63567.0,62253.0,-1314.0,True
3,P0,52,0.01,10.0,all_scenarios,fp,17.0,17.0,0.0,False
3,P0,52,0.01,50.0,all_scenarios,fp,2464.0,2243.0,-221.0,True
3,P0,52,0.01,100.0,all_scenarios,fp,2464.0,3631.0,1167.0,True
3,P0,52,0.01,500.0,all_scenarios,fp,5847.0,5686.0,-161.0,True
3,P0,52,0.01,1000.0,all_scenarios,fp,5847.0,5686.0,-161.0,True
3,P0,52,0.03,10.0,all_scenarios,fp,17.0,17.0,0.0,False
3,P0,52,0.03,50.0,all_scenarios,fp,2464.0,2243.0,-221.0,True
3,P0,52,0.03,100.0,all_scenarios,fp,2464.0,3631.0,1167.0,True
3,P0,52,0.03,500.0,all_scenarios,fp,19155.0,17606.0,-1549.0,True
3,P0,52,0.03,1000.0,all_scenarios,fp,19155.0,17606.0,-1549.0,True
3,P0,52,0.05,10.0,all_scenarios,fp,17.0,17.0,0.0,False
3,P0,52,0.05,50.0,all_scenarios,fp,2464.0,2243.0,-221.0,True
3,P0,52,0.05,100.0,all_scenarios,fp,2464.0,3631.0,1167.0,True
3,P0,52,0.05,500.0,all_scenarios,fp,32573.0,31818.0,-755.0,True
3,P0,52,0.05,1000.0,all_scenarios,fp,32573.0,31818.0,-755.0,True
3,P0,52,0.1,10.0,all_scenarios,fp,17.0,17.0,0.0,False
3,P0,52,0.1,50.0,all_scenarios,fp,2464.0,2243.0,-221.0,True
3,P0,52,0.1,100.0,all_scenarios,fp,2464.0,3631.0,1167.0,True
3,P0,52,0.1,500.0,all_scenarios,fp,58808.0,58694.0,-114.0,True
3,P0,52,0.1,1000.0,all_scenarios,fp,62468.0,62252.0,-216.0,True
3,P0,62,0.01,10.0,all_scenarios,fp,11.0,15.0,4.0,True
3,P0,62,0.01,50.0,all_scenarios,fp,105.0,104.0,-1.0,True
3,P0,62,0.01,100.0,all_scenarios,fp,105.0,5449.0,5344.0,True
3,P0,62,0.01,500.0,all_scenarios,fp,6096.0,5449.0,-647.0,True
3,P0,62,0.01,1000.0,all_scenarios,fp,6096.0,5449.0,-647.0,True
3,P0,62,0.03,10.0,all_scenarios,fp,11.0,15.0,4.0,True
3,P0,62,0.03,50.0,all_scenarios,fp,105.0,104.0,-1.0,True
3,P0,62,0.03,100.0,all_scenarios,fp,8167.0,5449.0,-2718.0,True
3,P0,62,0.03,500.0,all_scenarios,fp,19501.0,18757.0,-744.0,True
3,P0,62,0.03,1000.0,all_scenarios,fp,19501.0,18757.0,-744.0,True
3,P0,62,0.05,10.0,all_scenarios,fp,11.0,15.0,4.0,True
3,P0,62,0.05,50.0,all_scenarios,fp,105.0,104.0,-1.0,True
3,P0,62,0.05,100.0,all_scenarios,fp,8167.0,5449.0,-2718.0,True
3,P0,62,0.05,500.0,all_scenarios,fp,28508.0,31259.0,2751.0,True
3,P0,62,0.05,1000.0,all_scenarios,fp,30505.0,31259.0,754.0,True
3,P0,62,0.1,10.0,all_scenarios,fp,11.0,15.0,4.0,True
3,P0,62,0.1,50.0,all_scenarios,fp,105.0,104.0,-1.0,True
3,P0,62,0.1,100.0,all_scenarios,fp,8167.0,5449.0,-2718.0,True
3,P0,62,0.1,500.0,all_scenarios,fp,59423.0,58413.0,-1010.0,True
3,P0,62,0.1,1000.0,all_scenarios,fp,59423.0,62026.0,2603.0,True
3,P0,72,0.01,10.0,all_scenarios,fp,17.0,14.0,-3.0,True
3,P0,72,0.01,50.0,all_scenarios,fp,2610.0,3141.0,531.0,True
3,P0,72,0.01,100.0,all_scenarios,fp,2757.0,5171.0,2414.0,True
3,P0,72,0.01,500.0,all_scenarios,fp,4079.0,5171.0,1092.0,True
3,P0,72,0.01,1000.0,all_scenarios,fp,4079.0,5171.0,1092.0,True
3,P0,72,0.03,10.0,all_scenarios,fp,17.0,14.0,-3.0,True
3,P0,72,0.03,50.0,all_scenarios,fp,2610.0,3141.0,531.0,True
3,P0,72,0.03,100.0,all_scenarios,fp,2757.0,5171.0,2414.0,True
3,P0,72,0.03,500.0,all_scenarios,fp,17866.0,17688.0,-178.0,True
3,P0,72,0.03,1000.0,all_scenarios,fp,19936.0,18908.0,-1028.0,True
3,P0,72,0.05,10.0,all_scenarios,fp,17.0,14.0,-3.0,True
3,P0,72,0.05,50.0,all_scenarios,fp,2610.0,3141.0,531.0,True
3,P0,72,0.05,100.0,all_scenarios,fp,2757.0,5171.0,2414.0,True
3,P0,72,0.05,500.0,all_scenarios,fp,32352.0,30222.0,-2130.0,True
3,P0,72,0.05,1000.0,all_scenarios,fp,32352.0,30222.0,-2130.0,True
3,P0,72,0.1,10.0,all_scenarios,fp,17.0,14.0,-3.0,True
3,P0,72,0.1,50.0,all_scenarios,fp,2610.0,3141.0,531.0,True
3,P0,72,0.1,100.0,all_scenarios,fp,2757.0,5171.0,2414.0,True
3,P0,72,0.1,500.0,all_scenarios,fp,59208.0,62028.0,2820.0,True
3,P0,72,0.1,1000.0,all_scenarios,fp,61991.0,62028.0,37.0,True
3,P0,82,0.01,10.0,all_scenarios,fp,12.0,16.0,4.0,True
3,P0,82,0.01,50.0,all_scenarios,fp,113.0,108.0,-5.0,True
3,P0,82,0.01,100.0,all_scenarios,fp,113.0,3326.0,3213.0,True
3,P0,82,0.01,500.0,all_scenarios,fp,5686.0,5070.0,-616.0,True
3,P0,82,0.01,1000.0,all_scenarios,fp,5686.0,5070.0,-616.0,True
3,P0,82,0.03,10.0,all_scenarios,fp,12.0,16.0,4.0,True
3,P0,82,0.03,50.0,all_scenarios,fp,113.0,108.0,-5.0,True
3,P0,82,0.03,100.0,all_scenarios,fp,8068.0,3326.0,-4742.0,True
3,P0,82,0.03,500.0,all_scenarios,fp,19074.0,16838.0,-2236.0,True
3,P0,82,0.03,1000.0,all_scenarios,fp,19074.0,18899.0,-175.0,True
3,P0,82,0.05,10.0,all_scenarios,fp,12.0,16.0,4.0,True
3,P0,82,0.05,50.0,all_scenarios,fp,113.0,108.0,-5.0,True
3,P0,82,0.05,100.0,all_scenarios,fp,8068.0,3326.0,-4742.0,True
3,P0,82,0.05,500.0,all_scenarios,fp,27563.0,24736.0,-2827.0,True
3,P0,82,0.05,1000.0,all_scenarios,fp,27563.0,32323.0,4760.0,True
3,P0,82,0.1,10.0,all_scenarios,fp,12.0,16.0,4.0,True
3,P0,82,0.1,50.0,all_scenarios,fp,113.0,108.0,-5.0,True
3,P0,82,0.1,100.0,all_scenarios,fp,8068.0,3326.0,-4742.0,True
3,P0,82,0.1,500.0,all_scenarios,fp,59549.0,59775.0,226.0,True
3,P0,82,0.1,1000.0,all_scenarios,fp,59549.0,59775.0,226.0,True
3,PH,42,0.03,100.0,all_scenarios,fp,7976.0,12991.0,5015.0,True
3,PH,52,0.03,100.0,all_scenarios,fp,9227.0,7100.0,-2127.0,True
3,PH,62,0.03,100.0,all_scenarios,fp,7027.0,7086.0,59.0,True
3,PH,72,0.03,100.0,all_scenarios,fp,6835.0,7576.0,741.0,True
3,PH,82,0.03,100.0,all_scenarios,fp,7016.0,7519.0,503.0,True
3,PT,42,0.03,100.0,all_scenarios,fp,11318.0,15124.0,3806.0,True
3,PT,52,0.03,100.0,all_scenarios,fp,11328.0,14666.0,3338.0,True
3,PT,62,0.03,100.0,all_scenarios,fp,11387.0,13139.0,1752.0,True
3,PT,72,0.03,100.0,all_scenarios,fp,16644.0,11061.0,-5583.0,True
3,PT,82,0.03,100.0,all_scenarios,fp,12057.0,12992.0,935.0,True
3,PTH,42,0.03,100.0,all_scenarios,fp,16064.0,12917.0,-3147.0,True
3,PTH,52,0.03,100.0,all_scenarios,fp,24704.0,16123.0,-8581.0,True
3,PTH,62,0.03,100.0,all_scenarios,fp,12780.0,22042.0,9262.0,True
3,PTH,72,0.03,100.0,all_scenarios,fp,13027.0,13029.0,2.0,True
3,PTH,82,0.03,100.0,all_scenarios,fp,9100.0,18037.0,8937.0,True
3,PTHW,42,0.01,10.0,all_scenarios,fp,3479.0,6163.0,2684.0,True
3,PTHW,42,0.01,50.0,all_scenarios,fp,8139.0,10922.0,2783.0,True
3,PTHW,42,0.01,100.0,all_scenarios,fp,8139.0,12621.0,4482.0,True
3,PTHW,42,0.01,500.0,all_scenarios,fp,10028.0,12985.0,2957.0,True
3,PTHW,42,0.01,1000.0,all_scenarios,fp,10028.0,12985.0,2957.0,True
3,PTHW,42,0.03,10.0,all_scenarios,fp,3479.0,6163.0,2684.0,True
3,PTHW,42,0.03,50.0,all_scenarios,fp,8139.0,10922.0,2783.0,True
3,PTHW,42,0.03,100.0,all_scenarios,fp,8139.0,12621.0,4482.0,True
3,PTHW,42,0.03,500.0,all_scenarios,fp,15400.0,16137.0,737.0,True
3,PTHW,42,0.03,1000.0,all_scenarios,fp,22553.0,17840.0,-4713.0,True
3,PTHW,42,0.05,10.0,all_scenarios,fp,3479.0,6163.0,2684.0,True
3,PTHW,42,0.05,50.0,all_scenarios,fp,8139.0,10922.0,2783.0,True
3,PTHW,42,0.05,100.0,all_scenarios,fp,8139.0,12621.0,4482.0,True
3,PTHW,42,0.05,500.0,all_scenarios,fp,15400.0,16137.0,737.0,True
3,PTHW,42,0.05,1000.0,all_scenarios,fp,22553.0,17840.0,-4713.0,True
3,PTHW,42,0.1,10.0,all_scenarios,fp,3479.0,6163.0,2684.0,True
3,PTHW,42,0.1,50.0,all_scenarios,fp,8139.0,10922.0,2783.0,True
3,PTHW,42,0.1,100.0,all_scenarios,fp,8139.0,12621.0,4482.0,True
3,PTHW,42,0.1,500.0,all_scenarios,fp,15400.0,16137.0,737.0,True
3,PTHW,42,0.1,1000.0,all_scenarios,fp,22553.0,17840.0,-4713.0,True
3,PTHW,52,0.01,10.0,all_scenarios,fp,5968.0,7889.0,1921.0,True
3,PTHW,52,0.01,50.0,all_scenarios,fp,8301.0,13682.0,5381.0,True
3,PTHW,52,0.01,100.0,all_scenarios,fp,10427.0,13682.0,3255.0,True
3,PTHW,52,0.01,500.0,all_scenarios,fp,11953.0,44879.0,32926.0,True
3,PTHW,52,0.01,1000.0,all_scenarios,fp,11953.0,44879.0,32926.0,True
3,PTHW,52,0.03,10.0,all_scenarios,fp,5968.0,7889.0,1921.0,True
3,PTHW,52,0.03,50.0,all_scenarios,fp,8301.0,13682.0,5381.0,True
3,PTHW,52,0.03,100.0,all_scenarios,fp,10427.0,46350.0,35923.0,True
3,PTHW,52,0.03,500.0,all_scenarios,fp,12731.0,47528.0,34797.0,True
3,PTHW,52,0.03,1000.0,all_scenarios,fp,13607.0,47528.0,33921.0,True
3,PTHW,52,0.05,10.0,all_scenarios,fp,5968.0,7889.0,1921.0,True
3,PTHW,52,0.05,50.0,all_scenarios,fp,8301.0,13682.0,5381.0,True
3,PTHW,52,0.05,100.0,all_scenarios,fp,10427.0,46350.0,35923.0,True
3,PTHW,52,0.05,500.0,all_scenarios,fp,12731.0,47528.0,34797.0,True
3,PTHW,52,0.05,1000.0,all_scenarios,fp,13607.0,47528.0,33921.0,True
3,PTHW,52,0.1,10.0,all_scenarios,fp,5968.0,7889.0,1921.0,True
3,PTHW,52,0.1,50.0,all_scenarios,fp,8301.0,13682.0,5381.0,True
3,PTHW,52,0.1,100.0,all_scenarios,fp,10427.0,46350.0,35923.0,True
3,PTHW,52,0.1,500.0,all_scenarios,fp,12731.0,47528.0,34797.0,True
3,PTHW,52,0.1,1000.0,all_scenarios,fp,13607.0,47528.0,33921.0,True
3,PTHW,62,0.01,10.0,all_scenarios,fp,9102.0,1781.0,-7321.0,True
3,PTHW,62,0.01,50.0,all_scenarios,fp,16450.0,8021.0,-8429.0,True
3,PTHW,62,0.01,100.0,all_scenarios,fp,18644.0,10117.0,-8527.0,True
3,PTHW,62,0.01,500.0,all_scenarios,fp,19318.0,10630.0,-8688.0,True
3,PTHW,62,0.01,1000.0,all_scenarios,fp,19318.0,10630.0,-8688.0,True
3,PTHW,62,0.03,10.0,all_scenarios,fp,9102.0,1781.0,-7321.0,True
3,PTHW,62,0.03,50.0,all_scenarios,fp,16450.0,8021.0,-8429.0,True
3,PTHW,62,0.03,100.0,all_scenarios,fp,18644.0,13000.0,-5644.0,True
3,PTHW,62,0.03,500.0,all_scenarios,fp,20646.0,15209.0,-5437.0,True
3,PTHW,62,0.03,1000.0,all_scenarios,fp,30584.0,24601.0,-5983.0,True
3,PTHW,62,0.05,10.0,all_scenarios,fp,9102.0,1781.0,-7321.0,True
3,PTHW,62,0.05,50.0,all_scenarios,fp,16450.0,8021.0,-8429.0,True
3,PTHW,62,0.05,100.0,all_scenarios,fp,18644.0,13000.0,-5644.0,True
3,PTHW,62,0.05,500.0,all_scenarios,fp,20646.0,15209.0,-5437.0,True
3,PTHW,62,0.05,1000.0,all_scenarios,fp,30584.0,24601.0,-5983.0,True
3,PTHW,62,0.1,10.0,all_scenarios,fp,9102.0,1781.0,-7321.0,True
3,PTHW,62,0.1,50.0,all_scenarios,fp,16450.0,8021.0,-8429.0,True
3,PTHW,62,0.1,100.0,all_scenarios,fp,18644.0,13000.0,-5644.0,True
3,PTHW,62,0.1,500.0,all_scenarios,fp,20646.0,15209.0,-5437.0,True
3,PTHW,62,0.1,1000.0,all_scenarios,fp,30584.0,24601.0,-5983.0,True
3,PTHW,72,0.01,10.0,all_scenarios,fp,5129.0,2323.0,-2806.0,True
3,PTHW,72,0.01,50.0,all_scenarios,fp,7699.0,6817.0,-882.0,True
3,PTHW,72,0.01,100.0,all_scenarios,fp,11927.0,11341.0,-586.0,True
3,PTHW,72,0.01,500.0,all_scenarios,fp,11927.0,11341.0,-586.0,True
3,PTHW,72,0.01,1000.0,all_scenarios,fp,11927.0,11341.0,-586.0,True
3,PTHW,72,0.03,10.0,all_scenarios,fp,5129.0,2323.0,-2806.0,True
3,PTHW,72,0.03,50.0,all_scenarios,fp,7699.0,6817.0,-882.0,True
3,PTHW,72,0.03,100.0,all_scenarios,fp,12997.0,11664.0,-1333.0,True
3,PTHW,72,0.03,500.0,all_scenarios,fp,16216.0,16216.0,0.0,False
3,PTHW,72,0.03,1000.0,all_scenarios,fp,22060.0,16216.0,-5844.0,True
3,PTHW,72,0.05,10.0,all_scenarios,fp,5129.0,2323.0,-2806.0,True
3,PTHW,72,0.05,50.0,all_scenarios,fp,7699.0,6817.0,-882.0,True
3,PTHW,72,0.05,100.0,all_scenarios,fp,12997.0,11664.0,-1333.0,True
3,PTHW,72,0.05,500.0,all_scenarios,fp,16216.0,16216.0,0.0,False
3,PTHW,72,0.05,1000.0,all_scenarios,fp,28171.0,16216.0,-11955.0,True
3,PTHW,72,0.1,10.0,all_scenarios,fp,5129.0,2323.0,-2806.0,True
3,PTHW,72,0.1,50.0,all_scenarios,fp,7699.0,6817.0,-882.0,True
3,PTHW,72,0.1,100.0,all_scenarios,fp,12997.0,11664.0,-1333.0,True
3,PTHW,72,0.1,500.0,all_scenarios,fp,16216.0,16216.0,0.0,False
3,PTHW,72,0.1,1000.0,all_scenarios,fp,28171.0,16216.0,-11955.0,True
3,PTHW,82,0.01,10.0,all_scenarios,fp,3433.0,5900.0,2467.0,True
3,PTHW,82,0.01,50.0,all_scenarios,fp,10560.0,11507.0,947.0,True
3,PTHW,82,0.01,100.0,all_scenarios,fp,14978.0,15217.0,239.0,True
3,PTHW,82,0.01,500.0,all_scenarios,fp,14978.0,15217.0,239.0,True
3,PTHW,82,0.01,1000.0,all_scenarios,fp,14978.0,15217.0,239.0,True
3,PTHW,82,0.03,10.0,all_scenarios,fp,3433.0,5900.0,2467.0,True
3,PTHW,82,0.03,50.0,all_scenarios,fp,10560.0,11507.0,947.0,True
3,PTHW,82,0.03,100.0,all_scenarios,fp,16071.0,15406.0,-665.0,True
3,PTHW,82,0.03,500.0,all_scenarios,fp,18347.0,19711.0,1364.0,True
3,PTHW,82,0.03,1000.0,all_scenarios,fp,22717.0,21946.0,-771.0,True
3,PTHW,82,0.05,10.0,all_scenarios,fp,3433.0,5900.0,2467.0,True
3,PTHW,82,0.05,50.0,all_scenarios,fp,10560.0,11507.0,947.0,True
3,PTHW,82,0.05,100.0,all_scenarios,fp,16071.0,15406.0,-665.0,True
3,PTHW,82,0.05,500.0,all_scenarios,fp,18347.0,19711.0,1364.0,True
3,PTHW,82,0.05,1000.0,all_scenarios,fp,22717.0,21946.0,-771.0,True
3,PTHW,82,0.1,10.0,all_scenarios,fp,3433.0,5900.0,2467.0,True
3,PTHW,82,0.1,50.0,all_scenarios,fp,10560.0,11507.0,947.0,True
3,PTHW,82,0.1,100.0,all_scenarios,fp,16071.0,15406.0,-665.0,True
3,PTHW,82,0.1,500.0,all_scenarios,fp,18347.0,19711.0,1364.0,True
3,PTHW,82,0.1,1000.0,all_scenarios,fp,22717.0,21946.0,-771.0,True
3,PTHW5,42,0.03,100.0,all_scenarios,fp,17558.0,12028.0,-5530.0,True
3,PTHW5,52,0.03,100.0,all_scenarios,fp,8040.0,10845.0,2805.0,True
3,PTHW5,62,0.03,100.0,all_scenarios,fp,15126.0,18063.0,2937.0,True
3,PTHW5,72,0.03,100.0,all_scenarios,fp,9292.0,16071.0,6779.0,True
3,PTHW5,82,0.03,100.0,all_scenarios,fp,14056.0,13694.0,-362.0,True
1,P0,42,0.01,10.0,all_scenarios,fn,431.0,431.0,0.0,False
1,P0,42,0.01,50.0,all_scenarios,fn,427.0,427.0,0.0,False
1,P0,42,0.01,100.0,all_scenarios,fn,427.0,427.0,0.0,False
1,P0,42,0.01,500.0,all_scenarios,fn,427.0,401.0,-26.0,True
1,P0,42,0.01,1000.0,all_scenarios,fn,413.0,401.0,-12.0,True
1,P0,42,0.03,10.0,all_scenarios,fn,431.0,431.0,0.0,False
1,P0,42,0.03,50.0,all_scenarios,fn,427.0,427.0,0.0,False
1,P0,42,0.03,100.0,all_scenarios,fn,427.0,427.0,0.0,False
1,P0,42,0.03,500.0,all_scenarios,fn,307.0,348.0,41.0,True
1,P0,42,0.03,1000.0,all_scenarios,fn,307.0,348.0,41.0,True
1,P0,42,0.05,10.0,all_scenarios,fn,431.0,431.0,0.0,False
1,P0,42,0.05,50.0,all_scenarios,fn,427.0,427.0,0.0,False
1,P0,42,0.05,100.0,all_scenarios,fn,427.0,427.0,0.0,False
1,P0,42,0.05,500.0,all_scenarios,fn,307.0,292.0,-15.0,True
1,P0,42,0.05,1000.0,all_scenarios,fn,252.0,292.0,40.0,True
1,P0,42,0.1,10.0,all_scenarios,fn,431.0,431.0,0.0,False
1,P0,42,0.1,50.0,all_scenarios,fn,427.0,427.0,0.0,False
1,P0,42,0.1,100.0,all_scenarios,fn,427.0,427.0,0.0,False
1,P0,42,0.1,500.0,all_scenarios,fn,209.0,292.0,83.0,True
1,P0,42,0.1,1000.0,all_scenarios,fn,171.0,208.0,37.0,True
1,P0,52,0.01,10.0,all_scenarios,fn,431.0,498.0,67.0,True
1,P0,52,0.01,50.0,all_scenarios,fn,431.0,490.0,59.0,True
1,P0,52,0.01,100.0,all_scenarios,fn,431.0,490.0,59.0,True
1,P0,52,0.01,500.0,all_scenarios,fn,431.0,490.0,59.0,True
1,P0,52,0.01,1000.0,all_scenarios,fn,419.0,483.0,64.0,True
1,P0,52,0.03,10.0,all_scenarios,fn,431.0,498.0,67.0,True
1,P0,52,0.03,50.0,all_scenarios,fn,431.0,490.0,59.0,True
1,P0,52,0.03,100.0,all_scenarios,fn,431.0,490.0,59.0,True
1,P0,52,0.03,500.0,all_scenarios,fn,303.0,368.0,65.0,True
1,P0,52,0.03,1000.0,all_scenarios,fn,303.0,368.0,65.0,True
1,P0,52,0.05,10.0,all_scenarios,fn,431.0,498.0,67.0,True
1,P0,52,0.05,50.0,all_scenarios,fn,431.0,490.0,59.0,True
1,P0,52,0.05,100.0,all_scenarios,fn,431.0,490.0,59.0,True
1,P0,52,0.05,500.0,all_scenarios,fn,273.0,327.0,54.0,True
1,P0,52,0.05,1000.0,all_scenarios,fn,261.0,315.0,54.0,True
1,P0,52,0.1,10.0,all_scenarios,fn,431.0,498.0,67.0,True
1,P0,52,0.1,50.0,all_scenarios,fn,431.0,490.0,59.0,True
1,P0,52,0.1,100.0,all_scenarios,fn,431.0,490.0,59.0,True
1,P0,52,0.1,500.0,all_scenarios,fn,273.0,270.0,-3.0,True
1,P0,52,0.1,1000.0,all_scenarios,fn,157.0,216.0,59.0,True
1,P0,62,0.01,10.0,all_scenarios,fn,426.0,431.0,5.0,True
1,P0,62,0.01,50.0,all_scenarios,fn,422.0,431.0,9.0,True
1,P0,62,0.01,100.0,all_scenarios,fn,422.0,431.0,9.0,True
1,P0,62,0.01,500.0,all_scenarios,fn,395.0,413.0,18.0,True
1,P0,62,0.01,1000.0,all_scenarios,fn,395.0,413.0,18.0,True
1,P0,62,0.03,10.0,all_scenarios,fn,426.0,431.0,5.0,True
1,P0,62,0.03,50.0,all_scenarios,fn,422.0,431.0,9.0,True
1,P0,62,0.03,100.0,all_scenarios,fn,422.0,431.0,9.0,True
1,P0,62,0.03,500.0,all_scenarios,fn,328.0,338.0,10.0,True
1,P0,62,0.03,1000.0,all_scenarios,fn,310.0,338.0,28.0,True
1,P0,62,0.05,10.0,all_scenarios,fn,426.0,431.0,5.0,True
1,P0,62,0.05,50.0,all_scenarios,fn,422.0,431.0,9.0,True
1,P0,62,0.05,100.0,all_scenarios,fn,422.0,431.0,9.0,True
1,P0,62,0.05,500.0,all_scenarios,fn,328.0,276.0,-52.0,True
1,P0,62,0.05,1000.0,all_scenarios,fn,274.0,276.0,2.0,True
1,P0,62,0.1,10.0,all_scenarios,fn,426.0,431.0,5.0,True
1,P0,62,0.1,50.0,all_scenarios,fn,422.0,431.0,9.0,True
1,P0,62,0.1,100.0,all_scenarios,fn,422.0,431.0,9.0,True
1,P0,62,0.1,500.0,all_scenarios,fn,328.0,276.0,-52.0,True
1,P0,62,0.1,1000.0,all_scenarios,fn,150.0,175.0,25.0,True
1,P0,72,0.01,10.0,all_scenarios,fn,431.0,426.0,-5.0,True
1,P0,72,0.01,50.0,all_scenarios,fn,431.0,426.0,-5.0,True
1,P0,72,0.01,100.0,all_scenarios,fn,431.0,426.0,-5.0,True
1,P0,72,0.01,500.0,all_scenarios,fn,419.0,426.0,7.0,True
1,P0,72,0.01,1000.0,all_scenarios,fn,414.0,418.0,4.0,True
1,P0,72,0.03,10.0,all_scenarios,fn,431.0,426.0,-5.0,True
1,P0,72,0.03,50.0,all_scenarios,fn,431.0,426.0,-5.0,True
1,P0,72,0.03,100.0,all_scenarios,fn,431.0,426.0,-5.0,True
1,P0,72,0.03,500.0,all_scenarios,fn,419.0,426.0,7.0,True
1,P0,72,0.03,1000.0,all_scenarios,fn,381.0,381.0,0.0,False
1,P0,72,0.05,10.0,all_scenarios,fn,431.0,426.0,-5.0,True
1,P0,72,0.05,50.0,all_scenarios,fn,431.0,426.0,-5.0,True
1,P0,72,0.05,100.0,all_scenarios,fn,431.0,426.0,-5.0,True
1,P0,72,0.05,500.0,all_scenarios,fn,419.0,426.0,7.0,True
1,P0,72,0.05,1000.0,all_scenarios,fn,324.0,332.0,8.0,True
1,P0,72,0.1,10.0,all_scenarios,fn,431.0,426.0,-5.0,True
1,P0,72,0.1,50.0,all_scenarios,fn,431.0,426.0,-5.0,True
1,P0,72,0.1,100.0,all_scenarios,fn,431.0,426.0,-5.0,True
1,P0,72,0.1,500.0,all_scenarios,fn,216.0,277.0,61.0,True
1,P0,72,0.1,1000.0,all_scenarios,fn,160.0,228.0,68.0,True
1,P0,82,0.01,10.0,all_scenarios,fn,431.0,498.0,67.0,True
1,P0,82,0.01,50.0,all_scenarios,fn,427.0,428.0,1.0,True
1,P0,82,0.01,100.0,all_scenarios,fn,416.0,428.0,12.0,True
1,P0,82,0.01,500.0,all_scenarios,fn,398.0,422.0,24.0,True
1,P0,82,0.01,1000.0,all_scenarios,fn,396.0,422.0,26.0,True
1,P0,82,0.03,10.0,all_scenarios,fn,431.0,498.0,67.0,True
1,P0,82,0.03,50.0,all_scenarios,fn,427.0,428.0,1.0,True
1,P0,82,0.03,100.0,all_scenarios,fn,416.0,428.0,12.0,True
1,P0,82,0.03,500.0,all_scenarios,fn,363.0,422.0,59.0,True
1,P0,82,0.03,1000.0,all_scenarios,fn,363.0,380.0,17.0,True
1,P0,82,0.05,10.0,all_scenarios,fn,431.0,498.0,67.0,True
1,P0,82,0.05,50.0,all_scenarios,fn,427.0,428.0,1.0,True
1,P0,82,0.05,100.0,all_scenarios,fn,416.0,428.0,12.0,True
1,P0,82,0.05,500.0,all_scenarios,fn,293.0,251.0,-42.0,True
1,P0,82,0.05,1000.0,all_scenarios,fn,293.0,246.0,-47.0,True
1,P0,82,0.1,10.0,all_scenarios,fn,431.0,498.0,67.0,True
1,P0,82,0.1,50.0,all_scenarios,fn,427.0,428.0,1.0,True
1,P0,82,0.1,100.0,all_scenarios,fn,416.0,428.0,12.0,True
1,P0,82,0.1,500.0,all_scenarios,fn,141.0,212.0,71.0,True
1,P0,82,0.1,1000.0,all_scenarios,fn,141.0,203.0,62.0,True
1,PH,42,0.03,100.0,all_scenarios,fn,170.0,173.0,3.0,True
1,PH,52,0.03,100.0,all_scenarios,fn,225.0,180.0,-45.0,True
1,PH,62,0.03,100.0,all_scenarios,fn,236.0,286.0,50.0,True
1,PH,72,0.03,100.0,all_scenarios,fn,181.0,246.0,65.0,True
1,PH,82,0.03,100.0,all_scenarios,fn,186.0,172.0,-14.0,True
1,PT,42,0.03,100.0,all_scenarios,fn,348.0,363.0,15.0,True
1,PT,52,0.03,100.0,all_scenarios,fn,297.0,334.0,37.0,True
1,PT,62,0.03,100.0,all_scenarios,fn,268.0,346.0,78.0,True
1,PT,72,0.03,100.0,all_scenarios,fn,275.0,352.0,77.0,True
1,PT,82,0.03,100.0,all_scenarios,fn,352.0,340.0,-12.0,True
1,PTH,42,0.03,100.0,all_scenarios,fn,176.0,161.0,-15.0,True
1,PTH,52,0.03,100.0,all_scenarios,fn,171.0,176.0,5.0,True
1,PTH,62,0.03,100.0,all_scenarios,fn,160.0,159.0,-1.0,True
1,PTH,72,0.03,100.0,all_scenarios,fn,175.0,172.0,-3.0,True
1,PTH,82,0.03,100.0,all_scenarios,fn,160.0,117.0,-43.0,True
1,PTHW,42,0.01,10.0,all_scenarios,fn,498.0,498.0,0.0,False
1,PTHW,42,0.01,50.0,all_scenarios,fn,247.0,186.0,-61.0,True
1,PTHW,42,0.01,100.0,all_scenarios,fn,247.0,161.0,-86.0,True
1,PTHW,42,0.01,500.0,all_scenarios,fn,242.0,158.0,-84.0,True
1,PTHW,42,0.01,1000.0,all_scenarios,fn,242.0,158.0,-84.0,True
1,PTHW,42,0.03,10.0,all_scenarios,fn,498.0,498.0,0.0,False
1,PTHW,42,0.03,50.0,all_scenarios,fn,247.0,186.0,-61.0,True
1,PTHW,42,0.03,100.0,all_scenarios,fn,247.0,156.0,-91.0,True
1,PTHW,42,0.03,500.0,all_scenarios,fn,210.0,128.0,-82.0,True
1,PTHW,42,0.03,1000.0,all_scenarios,fn,208.0,128.0,-80.0,True
1,PTHW,42,0.05,10.0,all_scenarios,fn,498.0,498.0,0.0,False
1,PTHW,42,0.05,50.0,all_scenarios,fn,247.0,186.0,-61.0,True
1,PTHW,42,0.05,100.0,all_scenarios,fn,247.0,156.0,-91.0,True
1,PTHW,42,0.05,500.0,all_scenarios,fn,210.0,128.0,-82.0,True
1,PTHW,42,0.05,1000.0,all_scenarios,fn,208.0,128.0,-80.0,True
1,PTHW,42,0.1,10.0,all_scenarios,fn,498.0,498.0,0.0,False
1,PTHW,42,0.1,50.0,all_scenarios,fn,247.0,186.0,-61.0,True
1,PTHW,42,0.1,100.0,all_scenarios,fn,247.0,156.0,-91.0,True
1,PTHW,42,0.1,500.0,all_scenarios,fn,210.0,128.0,-82.0,True
1,PTHW,42,0.1,1000.0,all_scenarios,fn,208.0,128.0,-80.0,True
1,PTHW,52,0.01,10.0,all_scenarios,fn,329.0,324.0,-5.0,True
1,PTHW,52,0.01,50.0,all_scenarios,fn,169.0,190.0,21.0,True
1,PTHW,52,0.01,100.0,all_scenarios,fn,153.0,155.0,2.0,True
1,PTHW,52,0.01,500.0,all_scenarios,fn,141.0,155.0,14.0,True
1,PTHW,52,0.01,1000.0,all_scenarios,fn,141.0,155.0,14.0,True
1,PTHW,52,0.03,10.0,all_scenarios,fn,329.0,324.0,-5.0,True
1,PTHW,52,0.03,50.0,all_scenarios,fn,169.0,190.0,21.0,True
1,PTHW,52,0.03,100.0,all_scenarios,fn,153.0,135.0,-18.0,True
1,PTHW,52,0.03,500.0,all_scenarios,fn,111.0,116.0,5.0,True
1,PTHW,52,0.03,1000.0,all_scenarios,fn,111.0,116.0,5.0,True
1,PTHW,52,0.05,10.0,all_scenarios,fn,329.0,324.0,-5.0,True
1,PTHW,52,0.05,50.0,all_scenarios,fn,169.0,190.0,21.0,True
1,PTHW,52,0.05,100.0,all_scenarios,fn,153.0,135.0,-18.0,True
1,PTHW,52,0.05,500.0,all_scenarios,fn,111.0,116.0,5.0,True
1,PTHW,52,0.05,1000.0,all_scenarios,fn,111.0,98.0,-13.0,True
1,PTHW,52,0.1,10.0,all_scenarios,fn,329.0,324.0,-5.0,True
1,PTHW,52,0.1,50.0,all_scenarios,fn,169.0,190.0,21.0,True
1,PTHW,52,0.1,100.0,all_scenarios,fn,153.0,135.0,-18.0,True
1,PTHW,52,0.1,500.0,all_scenarios,fn,111.0,116.0,5.0,True
1,PTHW,52,0.1,1000.0,all_scenarios,fn,111.0,98.0,-13.0,True
1,PTHW,62,0.01,10.0,all_scenarios,fn,330.0,322.0,-8.0,True
1,PTHW,62,0.01,50.0,all_scenarios,fn,188.0,197.0,9.0,True
1,PTHW,62,0.01,100.0,all_scenarios,fn,165.0,174.0,9.0,True
1,PTHW,62,0.01,500.0,all_scenarios,fn,153.0,174.0,21.0,True
1,PTHW,62,0.01,1000.0,all_scenarios,fn,153.0,174.0,21.0,True
1,PTHW,62,0.03,10.0,all_scenarios,fn,330.0,322.0,-8.0,True
1,PTHW,62,0.03,50.0,all_scenarios,fn,188.0,197.0,9.0,True
1,PTHW,62,0.03,100.0,all_scenarios,fn,165.0,152.0,-13.0,True
1,PTHW,62,0.03,500.0,all_scenarios,fn,134.0,124.0,-10.0,True
1,PTHW,62,0.03,1000.0,all_scenarios,fn,134.0,119.0,-15.0,True
1,PTHW,62,0.05,10.0,all_scenarios,fn,330.0,322.0,-8.0,True
1,PTHW,62,0.05,50.0,all_scenarios,fn,188.0,197.0,9.0,True
1,PTHW,62,0.05,100.0,all_scenarios,fn,165.0,152.0,-13.0,True
1,PTHW,62,0.05,500.0,all_scenarios,fn,134.0,124.0,-10.0,True
1,PTHW,62,0.05,1000.0,all_scenarios,fn,134.0,119.0,-15.0,True
1,PTHW,62,0.1,10.0,all_scenarios,fn,330.0,322.0,-8.0,True
1,PTHW,62,0.1,50.0,all_scenarios,fn,188.0,197.0,9.0,True
1,PTHW,62,0.1,100.0,all_scenarios,fn,165.0,152.0,-13.0,True
1,PTHW,62,0.1,500.0,all_scenarios,fn,134.0,124.0,-10.0,True
1,PTHW,62,0.1,1000.0,all_scenarios,fn,134.0,119.0,-15.0,True
1,PTHW,72,0.01,10.0,all_scenarios,fn,356.0,387.0,31.0,True
1,PTHW,72,0.01,50.0,all_scenarios,fn,352.0,236.0,-116.0,True
1,PTHW,72,0.01,100.0,all_scenarios,fn,218.0,169.0,-49.0,True
1,PTHW,72,0.01,500.0,all_scenarios,fn,218.0,169.0,-49.0,True
1,PTHW,72,0.01,1000.0,all_scenarios,fn,218.0,169.0,-49.0,True
1,PTHW,72,0.03,10.0,all_scenarios,fn,356.0,387.0,31.0,True
1,PTHW,72,0.03,50.0,all_scenarios,fn,352.0,236.0,-116.0,True
1,PTHW,72,0.03,100.0,all_scenarios,fn,200.0,169.0,-31.0,True
1,PTHW,72,0.03,500.0,all_scenarios,fn,182.0,165.0,-17.0,True
1,PTHW,72,0.03,1000.0,all_scenarios,fn,182.0,156.0,-26.0,True
1,PTHW,72,0.05,10.0,all_scenarios,fn,356.0,387.0,31.0,True
1,PTHW,72,0.05,50.0,all_scenarios,fn,352.0,236.0,-116.0,True
1,PTHW,72,0.05,100.0,all_scenarios,fn,200.0,169.0,-31.0,True
1,PTHW,72,0.05,500.0,all_scenarios,fn,182.0,165.0,-17.0,True
1,PTHW,72,0.05,1000.0,all_scenarios,fn,182.0,156.0,-26.0,True
1,PTHW,72,0.1,10.0,all_scenarios,fn,356.0,387.0,31.0,True
1,PTHW,72,0.1,50.0,all_scenarios,fn,352.0,236.0,-116.0,True
1,PTHW,72,0.1,100.0,all_scenarios,fn,200.0,169.0,-31.0,True
1,PTHW,72,0.1,500.0,all_scenarios,fn,182.0,165.0,-17.0,True
1,PTHW,72,0.1,1000.0,all_scenarios,fn,182.0,156.0,-26.0,True
1,PTHW,82,0.01,10.0,all_scenarios,fn,331.0,351.0,20.0,True
1,PTHW,82,0.01,50.0,all_scenarios,fn,195.0,209.0,14.0,True
1,PTHW,82,0.01,100.0,all_scenarios,fn,176.0,183.0,7.0,True
1,PTHW,82,0.01,500.0,all_scenarios,fn,176.0,183.0,7.0,True
1,PTHW,82,0.01,1000.0,all_scenarios,fn,176.0,183.0,7.0,True
1,PTHW,82,0.03,10.0,all_scenarios,fn,331.0,351.0,20.0,True
1,PTHW,82,0.03,50.0,all_scenarios,fn,195.0,209.0,14.0,True
1,PTHW,82,0.03,100.0,all_scenarios,fn,146.0,138.0,-8.0,True
1,PTHW,82,0.03,500.0,all_scenarios,fn,116.0,115.0,-1.0,True
1,PTHW,82,0.03,1000.0,all_scenarios,fn,115.0,115.0,0.0,False
1,PTHW,82,0.05,10.0,all_scenarios,fn,331.0,351.0,20.0,True
1,PTHW,82,0.05,50.0,all_scenarios,fn,195.0,209.0,14.0,True
1,PTHW,82,0.05,100.0,all_scenarios,fn,146.0,138.0,-8.0,True
1,PTHW,82,0.05,500.0,all_scenarios,fn,116.0,115.0,-1.0,True
1,PTHW,82,0.05,1000.0,all_scenarios,fn,115.0,115.0,0.0,False
1,PTHW,82,0.1,10.0,all_scenarios,fn,331.0,351.0,20.0,True
1,PTHW,82,0.1,50.0,all_scenarios,fn,195.0,209.0,14.0,True
1,PTHW,82,0.1,100.0,all_scenarios,fn,146.0,138.0,-8.0,True
1,PTHW,82,0.1,500.0,all_scenarios,fn,116.0,115.0,-1.0,True
1,PTHW,82,0.1,1000.0,all_scenarios,fn,115.0,115.0,0.0,False
1,PTHW5,42,0.03,100.0,all_scenarios,fn,155.0,150.0,-5.0,True
1,PTHW5,52,0.03,100.0,all_scenarios,fn,187.0,160.0,-27.0,True
1,PTHW5,62,0.03,100.0,all_scenarios,fn,144.0,193.0,49.0,True
1,PTHW5,72,0.03,100.0,all_scenarios,fn,182.0,153.0,-29.0,True
1,PTHW5,82,0.03,100.0,all_scenarios,fn,206.0,188.0,-18.0,True
2,P0,42,0.01,10.0,all_scenarios,fn,267.0,275.0,8.0,True
2,P0,42,0.01,50.0,all_scenarios,fn,267.0,263.0,-4.0,True
2,P0,42,0.01,100.0,all_scenarios,fn,267.0,263.0,-4.0,True
2,P0,42,0.01,500.0,all_scenarios,fn,267.0,258.0,-9.0,True
2,P0,42,0.01,1000.0,all_scenarios,fn,266.0,258.0,-8.0,True
2,P0,42,0.03,10.0,all_scenarios,fn,267.0,275.0,8.0,True
2,P0,42,0.03,50.0,all_scenarios,fn,267.0,263.0,-4.0,True
2,P0,42,0.03,100.0,all_scenarios,fn,267.0,263.0,-4.0,True
2,P0,42,0.03,500.0,all_scenarios,fn,239.0,224.0,-15.0,True
2,P0,42,0.03,1000.0,all_scenarios,fn,239.0,224.0,-15.0,True
2,P0,42,0.05,10.0,all_scenarios,fn,267.0,275.0,8.0,True
2,P0,42,0.05,50.0,all_scenarios,fn,267.0,263.0,-4.0,True
2,P0,42,0.05,100.0,all_scenarios,fn,267.0,263.0,-4.0,True
2,P0,42,0.05,500.0,all_scenarios,fn,206.0,193.0,-13.0,True
2,P0,42,0.05,1000.0,all_scenarios,fn,205.0,193.0,-12.0,True
2,P0,42,0.1,10.0,all_scenarios,fn,267.0,275.0,8.0,True
2,P0,42,0.1,50.0,all_scenarios,fn,267.0,263.0,-4.0,True
2,P0,42,0.1,100.0,all_scenarios,fn,267.0,263.0,-4.0,True
2,P0,42,0.1,500.0,all_scenarios,fn,107.0,97.0,-10.0,True
2,P0,42,0.1,1000.0,all_scenarios,fn,107.0,97.0,-10.0,True
2,P0,52,0.01,10.0,all_scenarios,fn,281.0,277.0,-4.0,True
2,P0,52,0.01,50.0,all_scenarios,fn,281.0,277.0,-4.0,True
2,P0,52,0.01,100.0,all_scenarios,fn,268.0,277.0,9.0,True
2,P0,52,0.01,500.0,all_scenarios,fn,263.0,256.0,-7.0,True
2,P0,52,0.01,1000.0,all_scenarios,fn,263.0,256.0,-7.0,True
2,P0,52,0.03,10.0,all_scenarios,fn,281.0,277.0,-4.0,True
2,P0,52,0.03,50.0,all_scenarios,fn,281.0,277.0,-4.0,True
2,P0,52,0.03,100.0,all_scenarios,fn,268.0,277.0,9.0,True
2,P0,52,0.03,500.0,all_scenarios,fn,263.0,256.0,-7.0,True
2,P0,52,0.03,1000.0,all_scenarios,fn,263.0,256.0,-7.0,True
2,P0,52,0.05,10.0,all_scenarios,fn,281.0,277.0,-4.0,True
2,P0,52,0.05,50.0,all_scenarios,fn,281.0,277.0,-4.0,True
2,P0,52,0.05,100.0,all_scenarios,fn,268.0,277.0,9.0,True
2,P0,52,0.05,500.0,all_scenarios,fn,228.0,173.0,-55.0,True
2,P0,52,0.05,1000.0,all_scenarios,fn,211.0,173.0,-38.0,True
2,P0,52,0.1,10.0,all_scenarios,fn,281.0,277.0,-4.0,True
2,P0,52,0.1,50.0,all_scenarios,fn,281.0,277.0,-4.0,True
2,P0,52,0.1,100.0,all_scenarios,fn,268.0,277.0,9.0,True
2,P0,52,0.1,500.0,all_scenarios,fn,113.0,105.0,-8.0,True
2,P0,52,0.1,1000.0,all_scenarios,fn,113.0,105.0,-8.0,True
2,P0,62,0.01,10.0,all_scenarios,fn,267.0,275.0,8.0,True
2,P0,62,0.01,50.0,all_scenarios,fn,267.0,275.0,8.0,True
2,P0,62,0.01,100.0,all_scenarios,fn,263.0,263.0,0.0,False
2,P0,62,0.01,500.0,all_scenarios,fn,260.0,254.0,-6.0,True
2,P0,62,0.01,1000.0,all_scenarios,fn,260.0,254.0,-6.0,True
2,P0,62,0.03,10.0,all_scenarios,fn,267.0,275.0,8.0,True
2,P0,62,0.03,50.0,all_scenarios,fn,267.0,275.0,8.0,True
2,P0,62,0.03,100.0,all_scenarios,fn,263.0,263.0,0.0,False
2,P0,62,0.03,500.0,all_scenarios,fn,232.0,254.0,22.0,True
2,P0,62,0.03,1000.0,all_scenarios,fn,232.0,254.0,22.0,True
2,P0,62,0.05,10.0,all_scenarios,fn,267.0,275.0,8.0,True
2,P0,62,0.05,50.0,all_scenarios,fn,267.0,275.0,8.0,True
2,P0,62,0.05,100.0,all_scenarios,fn,263.0,263.0,0.0,False
2,P0,62,0.05,500.0,all_scenarios,fn,198.0,221.0,23.0,True
2,P0,62,0.05,1000.0,all_scenarios,fn,198.0,213.0,15.0,True
2,P0,62,0.1,10.0,all_scenarios,fn,267.0,275.0,8.0,True
2,P0,62,0.1,50.0,all_scenarios,fn,267.0,275.0,8.0,True
2,P0,62,0.1,100.0,all_scenarios,fn,263.0,263.0,0.0,False
2,P0,62,0.1,500.0,all_scenarios,fn,113.0,127.0,14.0,True
2,P0,62,0.1,1000.0,all_scenarios,fn,113.0,123.0,10.0,True
2,P0,72,0.01,10.0,all_scenarios,fn,275.0,267.0,-8.0,True
2,P0,72,0.01,50.0,all_scenarios,fn,275.0,263.0,-12.0,True
2,P0,72,0.01,100.0,all_scenarios,fn,275.0,263.0,-12.0,True
2,P0,72,0.01,500.0,all_scenarios,fn,262.0,262.0,0.0,False
2,P0,72,0.01,1000.0,all_scenarios,fn,262.0,262.0,0.0,False
2,P0,72,0.03,10.0,all_scenarios,fn,275.0,267.0,-8.0,True
2,P0,72,0.03,50.0,all_scenarios,fn,275.0,263.0,-12.0,True
2,P0,72,0.03,100.0,all_scenarios,fn,275.0,263.0,-12.0,True
2,P0,72,0.03,500.0,all_scenarios,fn,234.0,233.0,-1.0,True
2,P0,72,0.03,1000.0,all_scenarios,fn,234.0,233.0,-1.0,True
2,P0,72,0.05,10.0,all_scenarios,fn,275.0,267.0,-8.0,True
2,P0,72,0.05,50.0,all_scenarios,fn,275.0,263.0,-12.0,True
2,P0,72,0.05,100.0,all_scenarios,fn,275.0,263.0,-12.0,True
2,P0,72,0.05,500.0,all_scenarios,fn,198.0,181.0,-17.0,True
2,P0,72,0.05,1000.0,all_scenarios,fn,198.0,181.0,-17.0,True
2,P0,72,0.1,10.0,all_scenarios,fn,275.0,267.0,-8.0,True
2,P0,72,0.1,50.0,all_scenarios,fn,275.0,263.0,-12.0,True
2,P0,72,0.1,100.0,all_scenarios,fn,275.0,263.0,-12.0,True
2,P0,72,0.1,500.0,all_scenarios,fn,114.0,94.0,-20.0,True
2,P0,72,0.1,1000.0,all_scenarios,fn,114.0,92.0,-22.0,True
2,P0,82,0.01,10.0,all_scenarios,fn,275.0,281.0,6.0,True
2,P0,82,0.01,50.0,all_scenarios,fn,275.0,281.0,6.0,True
2,P0,82,0.01,100.0,all_scenarios,fn,275.0,281.0,6.0,True
2,P0,82,0.01,500.0,all_scenarios,fn,263.0,266.0,3.0,True
2,P0,82,0.01,1000.0,all_scenarios,fn,260.0,266.0,6.0,True
2,P0,82,0.03,10.0,all_scenarios,fn,275.0,281.0,6.0,True
2,P0,82,0.03,50.0,all_scenarios,fn,275.0,281.0,6.0,True
2,P0,82,0.03,100.0,all_scenarios,fn,275.0,281.0,6.0,True
2,P0,82,0.03,500.0,all_scenarios,fn,263.0,234.0,-29.0,True
2,P0,82,0.03,1000.0,all_scenarios,fn,260.0,234.0,-26.0,True
2,P0,82,0.05,10.0,all_scenarios,fn,275.0,281.0,6.0,True
2,P0,82,0.05,50.0,all_scenarios,fn,275.0,281.0,6.0,True
2,P0,82,0.05,100.0,all_scenarios,fn,275.0,281.0,6.0,True
2,P0,82,0.05,500.0,all_scenarios,fn,198.0,196.0,-2.0,True
2,P0,82,0.05,1000.0,all_scenarios,fn,198.0,196.0,-2.0,True
2,P0,82,0.1,10.0,all_scenarios,fn,275.0,281.0,6.0,True
2,P0,82,0.1,50.0,all_scenarios,fn,275.0,281.0,6.0,True
2,P0,82,0.1,100.0,all_scenarios,fn,275.0,281.0,6.0,True
2,P0,82,0.1,500.0,all_scenarios,fn,122.0,129.0,7.0,True
2,P0,82,0.1,1000.0,all_scenarios,fn,101.0,107.0,6.0,True
2,PH,42,0.03,100.0,all_scenarios,fn,109.0,128.0,19.0,True
2,PH,52,0.03,100.0,all_scenarios,fn,101.0,125.0,24.0,True
2,PH,62,0.03,100.0,all_scenarios,fn,123.0,111.0,-12.0,True
2,PH,72,0.03,100.0,all_scenarios,fn,148.0,130.0,-18.0,True
2,PH,82,0.03,100.0,all_scenarios,fn,116.0,110.0,-6.0,True
2,PT,42,0.03,100.0,all_scenarios,fn,200.0,228.0,28.0,True
2,PT,52,0.03,100.0,all_scenarios,fn,209.0,200.0,-9.0,True
2,PT,62,0.03,100.0,all_scenarios,fn,209.0,223.0,14.0,True
2,PT,72,0.03,100.0,all_scenarios,fn,226.0,211.0,-15.0,True
2,PT,82,0.03,100.0,all_scenarios,fn,206.0,213.0,7.0,True
2,PTH,42,0.03,100.0,all_scenarios,fn,130.0,88.0,-42.0,True
2,PTH,52,0.03,100.0,all_scenarios,fn,115.0,95.0,-20.0,True
2,PTH,62,0.03,100.0,all_scenarios,fn,140.0,111.0,-29.0,True
2,PTH,72,0.03,100.0,all_scenarios,fn,131.0,118.0,-13.0,True
2,PTH,82,0.03,100.0,all_scenarios,fn,106.0,103.0,-3.0,True
2,PTHW,42,0.01,10.0,all_scenarios,fn,213.0,234.0,21.0,True
2,PTHW,42,0.01,50.0,all_scenarios,fn,143.0,202.0,59.0,True
2,PTHW,42,0.01,100.0,all_scenarios,fn,143.0,164.0,21.0,True
2,PTHW,42,0.01,500.0,all_scenarios,fn,143.0,162.0,19.0,True
2,PTHW,42,0.01,1000.0,all_scenarios,fn,143.0,162.0,19.0,True
2,PTHW,42,0.03,10.0,all_scenarios,fn,213.0,234.0,21.0,True
2,PTHW,42,0.03,50.0,all_scenarios,fn,123.0,202.0,79.0,True
2,PTHW,42,0.03,100.0,all_scenarios,fn,109.0,102.0,-7.0,True
2,PTHW,42,0.03,500.0,all_scenarios,fn,93.0,88.0,-5.0,True
2,PTHW,42,0.03,1000.0,all_scenarios,fn,93.0,87.0,-6.0,True
2,PTHW,42,0.05,10.0,all_scenarios,fn,213.0,234.0,21.0,True
2,PTHW,42,0.05,50.0,all_scenarios,fn,123.0,202.0,79.0,True
2,PTHW,42,0.05,100.0,all_scenarios,fn,109.0,102.0,-7.0,True
2,PTHW,42,0.05,500.0,all_scenarios,fn,93.0,88.0,-5.0,True
2,PTHW,42,0.05,1000.0,all_scenarios,fn,93.0,86.0,-7.0,True
2,PTHW,42,0.1,10.0,all_scenarios,fn,213.0,234.0,21.0,True
2,PTHW,42,0.1,50.0,all_scenarios,fn,123.0,202.0,79.0,True
2,PTHW,42,0.1,100.0,all_scenarios,fn,109.0,102.0,-7.0,True
2,PTHW,42,0.1,500.0,all_scenarios,fn,93.0,88.0,-5.0,True
2,PTHW,42,0.1,1000.0,all_scenarios,fn,93.0,86.0,-7.0,True
2,PTHW,52,0.01,10.0,all_scenarios,fn,226.0,214.0,-12.0,True
2,PTHW,52,0.01,50.0,all_scenarios,fn,225.0,214.0,-11.0,True
2,PTHW,52,0.01,100.0,all_scenarios,fn,225.0,214.0,-11.0,True
2,PTHW,52,0.01,500.0,all_scenarios,fn,199.0,212.0,13.0,True
2,PTHW,52,0.01,1000.0,all_scenarios,fn,199.0,212.0,13.0,True
2,PTHW,52,0.03,10.0,all_scenarios,fn,226.0,214.0,-12.0,True
2,PTHW,52,0.03,50.0,all_scenarios,fn,225.0,214.0,-11.0,True
2,PTHW,52,0.03,100.0,all_scenarios,fn,102.0,98.0,-4.0,True
2,PTHW,52,0.03,500.0,all_scenarios,fn,102.0,93.0,-9.0,True
2,PTHW,52,0.03,1000.0,all_scenarios,fn,101.0,93.0,-8.0,True
2,PTHW,52,0.05,10.0,all_scenarios,fn,226.0,214.0,-12.0,True
2,PTHW,52,0.05,50.0,all_scenarios,fn,225.0,214.0,-11.0,True
2,PTHW,52,0.05,100.0,all_scenarios,fn,102.0,98.0,-4.0,True
2,PTHW,52,0.05,500.0,all_scenarios,fn,102.0,93.0,-9.0,True
2,PTHW,52,0.05,1000.0,all_scenarios,fn,101.0,92.0,-9.0,True
2,PTHW,52,0.1,10.0,all_scenarios,fn,226.0,214.0,-12.0,True
2,PTHW,52,0.1,50.0,all_scenarios,fn,225.0,214.0,-11.0,True
2,PTHW,52,0.1,100.0,all_scenarios,fn,102.0,98.0,-4.0,True
2,PTHW,52,0.1,500.0,all_scenarios,fn,102.0,93.0,-9.0,True
2,PTHW,52,0.1,1000.0,all_scenarios,fn,101.0,92.0,-9.0,True
2,PTHW,62,0.01,10.0,all_scenarios,fn,312.0,312.0,0.0,False
2,PTHW,62,0.01,50.0,all_scenarios,fn,159.0,125.0,-34.0,True
2,PTHW,62,0.01,100.0,all_scenarios,fn,152.0,125.0,-27.0,True
2,PTHW,62,0.01,500.0,all_scenarios,fn,152.0,125.0,-27.0,True
2,PTHW,62,0.01,1000.0,all_scenarios,fn,152.0,125.0,-27.0,True
2,PTHW,62,0.03,10.0,all_scenarios,fn,312.0,312.0,0.0,False
2,PTHW,62,0.03,50.0,all_scenarios,fn,140.0,125.0,-15.0,True
2,PTHW,62,0.03,100.0,all_scenarios,fn,103.0,116.0,13.0,True
2,PTHW,62,0.03,500.0,all_scenarios,fn,103.0,97.0,-6.0,True
2,PTHW,62,0.03,1000.0,all_scenarios,fn,95.0,97.0,2.0,True
2,PTHW,62,0.05,10.0,all_scenarios,fn,312.0,312.0,0.0,False
2,PTHW,62,0.05,50.0,all_scenarios,fn,140.0,125.0,-15.0,True
2,PTHW,62,0.05,100.0,all_scenarios,fn,103.0,116.0,13.0,True
2,PTHW,62,0.05,500.0,all_scenarios,fn,103.0,97.0,-6.0,True
2,PTHW,62,0.05,1000.0,all_scenarios,fn,95.0,97.0,2.0,True
2,PTHW,62,0.1,10.0,all_scenarios,fn,312.0,312.0,0.0,False
2,PTHW,62,0.1,50.0,all_scenarios,fn,140.0,125.0,-15.0,True
2,PTHW,62,0.1,100.0,all_scenarios,fn,103.0,116.0,13.0,True
2,PTHW,62,0.1,500.0,all_scenarios,fn,103.0,97.0,-6.0,True
2,PTHW,62,0.1,1000.0,all_scenarios,fn,95.0,97.0,2.0,True
2,PTHW,72,0.01,10.0,all_scenarios,fn,312.0,312.0,0.0,False
2,PTHW,72,0.01,50.0,all_scenarios,fn,213.0,183.0,-30.0,True
2,PTHW,72,0.01,100.0,all_scenarios,fn,197.0,180.0,-17.0,True
2,PTHW,72,0.01,500.0,all_scenarios,fn,197.0,180.0,-17.0,True
2,PTHW,72,0.01,1000.0,all_scenarios,fn,197.0,180.0,-17.0,True
2,PTHW,72,0.03,10.0,all_scenarios,fn,312.0,312.0,0.0,False
2,PTHW,72,0.03,50.0,all_scenarios,fn,213.0,183.0,-30.0,True
2,PTHW,72,0.03,100.0,all_scenarios,fn,116.0,93.0,-23.0,True
2,PTHW,72,0.03,500.0,all_scenarios,fn,115.0,81.0,-34.0,True
2,PTHW,72,0.03,1000.0,all_scenarios,fn,110.0,78.0,-32.0,True
2,PTHW,72,0.05,10.0,all_scenarios,fn,312.0,312.0,0.0,False
2,PTHW,72,0.05,50.0,all_scenarios,fn,213.0,183.0,-30.0,True
2,PTHW,72,0.05,100.0,all_scenarios,fn,116.0,93.0,-23.0,True
2,PTHW,72,0.05,500.0,all_scenarios,fn,115.0,81.0,-34.0,True
2,PTHW,72,0.05,1000.0,all_scenarios,fn,110.0,74.0,-36.0,True
2,PTHW,72,0.1,10.0,all_scenarios,fn,312.0,312.0,0.0,False
2,PTHW,72,0.1,50.0,all_scenarios,fn,213.0,183.0,-30.0,True
2,PTHW,72,0.1,100.0,all_scenarios,fn,116.0,93.0,-23.0,True
2,PTHW,72,0.1,500.0,all_scenarios,fn,115.0,81.0,-34.0,True
2,PTHW,72,0.1,1000.0,all_scenarios,fn,110.0,74.0,-36.0,True
2,PTHW,82,0.01,10.0,all_scenarios,fn,228.0,223.0,-5.0,True
2,PTHW,82,0.01,50.0,all_scenarios,fn,223.0,208.0,-15.0,True
2,PTHW,82,0.01,100.0,all_scenarios,fn,203.0,158.0,-45.0,True
2,PTHW,82,0.01,500.0,all_scenarios,fn,170.0,158.0,-12.0,True
2,PTHW,82,0.01,1000.0,all_scenarios,fn,170.0,158.0,-12.0,True
2,PTHW,82,0.03,10.0,all_scenarios,fn,228.0,223.0,-5.0,True
2,PTHW,82,0.03,50.0,all_scenarios,fn,223.0,208.0,-15.0,True
2,PTHW,82,0.03,100.0,all_scenarios,fn,112.0,79.0,-33.0,True
2,PTHW,82,0.03,500.0,all_scenarios,fn,100.0,75.0,-25.0,True
2,PTHW,82,0.03,1000.0,all_scenarios,fn,100.0,75.0,-25.0,True
2,PTHW,82,0.05,10.0,all_scenarios,fn,228.0,223.0,-5.0,True
2,PTHW,82,0.05,50.0,all_scenarios,fn,223.0,208.0,-15.0,True
2,PTHW,82,0.05,100.0,all_scenarios,fn,112.0,79.0,-33.0,True
2,PTHW,82,0.05,500.0,all_scenarios,fn,100.0,75.0,-25.0,True
2,PTHW,82,0.05,1000.0,all_scenarios,fn,100.0,75.0,-25.0,True
2,PTHW,82,0.1,10.0,all_scenarios,fn,228.0,223.0,-5.0,True
2,PTHW,82,0.1,50.0,all_scenarios,fn,223.0,208.0,-15.0,True
2,PTHW,82,0.1,100.0,all_scenarios,fn,112.0,79.0,-33.0,True
2,PTHW,82,0.1,500.0,all_scenarios,fn,100.0,75.0,-25.0,True
2,PTHW,82,0.1,1000.0,all_scenarios,fn,100.0,75.0,-25.0,True
2,PTHW5,42,0.03,100.0,all_scenarios,fn,104.0,91.0,-13.0,True
2,PTHW5,52,0.03,100.0,all_scenarios,fn,129.0,183.0,54.0,True
2,PTHW5,62,0.03,100.0,all_scenarios,fn,120.0,156.0,36.0,True
2,PTHW5,72,0.03,100.0,all_scenarios,fn,102.0,119.0,17.0,True
2,PTHW5,82,0.03,100.0,all_scenarios,fn,96.0,122.0,26.0,True
3,P0,42,0.01,10.0,all_scenarios,fn,3066.0,3139.0,73.0,True
3,P0,42,0.01,50.0,all_scenarios,fn,3017.0,2755.0,-262.0,True
3,P0,42,0.01,100.0,all_scenarios,fn,2523.0,2636.0,113.0,True
3,P0,42,0.01,500.0,all_scenarios,fn,2484.0,2581.0,97.0,True
3,P0,42,0.01,1000.0,all_scenarios,fn,2484.0,2581.0,97.0,True
3,P0,42,0.03,10.0,all_scenarios,fn,3066.0,3139.0,73.0,True
3,P0,42,0.03,50.0,all_scenarios,fn,3017.0,2755.0,-262.0,True
3,P0,42,0.03,100.0,all_scenarios,fn,2523.0,2636.0,113.0,True
3,P0,42,0.03,500.0,all_scenarios,fn,2071.0,2057.0,-14.0,True
3,P0,42,0.03,1000.0,all_scenarios,fn,2028.0,2057.0,29.0,True
3,P0,42,0.05,10.0,all_scenarios,fn,3066.0,3139.0,73.0,True
3,P0,42,0.05,50.0,all_scenarios,fn,3017.0,2755.0,-262.0,True
3,P0,42,0.05,100.0,all_scenarios,fn,2523.0,2636.0,113.0,True
3,P0,42,0.05,500.0,all_scenarios,fn,1811.0,1751.0,-60.0,True
3,P0,42,0.05,1000.0,all_scenarios,fn,1628.0,1742.0,114.0,True
3,P0,42,0.1,10.0,all_scenarios,fn,3066.0,3139.0,73.0,True
3,P0,42,0.1,50.0,all_scenarios,fn,3017.0,2755.0,-262.0,True
3,P0,42,0.1,100.0,all_scenarios,fn,2523.0,2636.0,113.0,True
3,P0,42,0.1,500.0,all_scenarios,fn,937.0,1006.0,69.0,True
3,P0,42,0.1,1000.0,all_scenarios,fn,937.0,1006.0,69.0,True
3,P0,52,0.01,10.0,all_scenarios,fn,3061.0,3064.0,3.0,True
3,P0,52,0.01,50.0,all_scenarios,fn,2688.0,2697.0,9.0,True
3,P0,52,0.01,100.0,all_scenarios,fn,2688.0,2584.0,-104.0,True
3,P0,52,0.01,500.0,all_scenarios,fn,2553.0,2480.0,-73.0,True
3,P0,52,0.01,1000.0,all_scenarios,fn,2553.0,2480.0,-73.0,True
3,P0,52,0.03,10.0,all_scenarios,fn,3061.0,3064.0,3.0,True
3,P0,52,0.03,50.0,all_scenarios,fn,2688.0,2697.0,9.0,True
3,P0,52,0.03,100.0,all_scenarios,fn,2688.0,2584.0,-104.0,True
3,P0,52,0.03,500.0,all_scenarios,fn,1976.0,2031.0,55.0,True
3,P0,52,0.03,1000.0,all_scenarios,fn,1976.0,2031.0,55.0,True
3,P0,52,0.05,10.0,all_scenarios,fn,3061.0,3064.0,3.0,True
3,P0,52,0.05,50.0,all_scenarios,fn,2688.0,2697.0,9.0,True
3,P0,52,0.05,100.0,all_scenarios,fn,2688.0,2584.0,-104.0,True
3,P0,52,0.05,500.0,all_scenarios,fn,1556.0,1625.0,69.0,True
3,P0,52,0.05,1000.0,all_scenarios,fn,1556.0,1625.0,69.0,True
3,P0,52,0.1,10.0,all_scenarios,fn,3061.0,3064.0,3.0,True
3,P0,52,0.1,50.0,all_scenarios,fn,2688.0,2697.0,9.0,True
3,P0,52,0.1,100.0,all_scenarios,fn,2688.0,2584.0,-104.0,True
3,P0,52,0.1,500.0,all_scenarios,fn,963.0,987.0,24.0,True
3,P0,52,0.1,1000.0,all_scenarios,fn,910.0,910.0,0.0,False
3,P0,62,0.01,10.0,all_scenarios,fn,3284.0,3071.0,-213.0,True
3,P0,62,0.01,50.0,all_scenarios,fn,3233.0,3020.0,-213.0,True
3,P0,62,0.01,100.0,all_scenarios,fn,3233.0,2501.0,-732.0,True
3,P0,62,0.01,500.0,all_scenarios,fn,2891.0,2501.0,-390.0,True
3,P0,62,0.01,1000.0,all_scenarios,fn,2891.0,2501.0,-390.0,True
3,P0,62,0.03,10.0,all_scenarios,fn,3284.0,3071.0,-213.0,True
3,P0,62,0.03,50.0,all_scenarios,fn,3233.0,3020.0,-213.0,True
3,P0,62,0.03,100.0,all_scenarios,fn,2587.0,2501.0,-86.0,True
3,P0,62,0.03,500.0,all_scenarios,fn,2134.0,1972.0,-162.0,True
3,P0,62,0.03,1000.0,all_scenarios,fn,2134.0,1972.0,-162.0,True
3,P0,62,0.05,10.0,all_scenarios,fn,3284.0,3071.0,-213.0,True
3,P0,62,0.05,50.0,all_scenarios,fn,3233.0,3020.0,-213.0,True
3,P0,62,0.05,100.0,all_scenarios,fn,2587.0,2501.0,-86.0,True
3,P0,62,0.05,500.0,all_scenarios,fn,1870.0,1589.0,-281.0,True
3,P0,62,0.05,1000.0,all_scenarios,fn,1829.0,1589.0,-240.0,True
3,P0,62,0.1,10.0,all_scenarios,fn,3284.0,3071.0,-213.0,True
3,P0,62,0.1,50.0,all_scenarios,fn,3233.0,3020.0,-213.0,True
3,P0,62,0.1,100.0,all_scenarios,fn,2587.0,2501.0,-86.0,True
3,P0,62,0.1,500.0,all_scenarios,fn,1167.0,969.0,-198.0,True
3,P0,62,0.1,1000.0,all_scenarios,fn,1167.0,915.0,-252.0,True
3,P0,72,0.01,10.0,all_scenarios,fn,3064.0,3073.0,9.0,True
3,P0,72,0.01,50.0,all_scenarios,fn,2675.0,2681.0,6.0,True
3,P0,72,0.01,100.0,all_scenarios,fn,2667.0,2503.0,-164.0,True
3,P0,72,0.01,500.0,all_scenarios,fn,2605.0,2503.0,-102.0,True
3,P0,72,0.01,1000.0,all_scenarios,fn,2605.0,2503.0,-102.0,True
3,P0,72,0.03,10.0,all_scenarios,fn,3064.0,3073.0,9.0,True
3,P0,72,0.03,50.0,all_scenarios,fn,2675.0,2681.0,6.0,True
3,P0,72,0.03,100.0,all_scenarios,fn,2667.0,2503.0,-164.0,True
3,P0,72,0.03,500.0,all_scenarios,fn,2063.0,2067.0,4.0,True
3,P0,72,0.03,1000.0,all_scenarios,fn,2007.0,2061.0,54.0,True
3,P0,72,0.05,10.0,all_scenarios,fn,3064.0,3073.0,9.0,True
3,P0,72,0.05,50.0,all_scenarios,fn,2675.0,2681.0,6.0,True
3,P0,72,0.05,100.0,all_scenarios,fn,2667.0,2503.0,-164.0,True
3,P0,72,0.05,500.0,all_scenarios,fn,1609.0,1716.0,107.0,True
3,P0,72,0.05,1000.0,all_scenarios,fn,1609.0,1716.0,107.0,True
3,P0,72,0.1,10.0,all_scenarios,fn,3064.0,3073.0,9.0,True
3,P0,72,0.1,50.0,all_scenarios,fn,2675.0,2681.0,6.0,True
3,P0,72,0.1,100.0,all_scenarios,fn,2667.0,2503.0,-164.0,True
3,P0,72,0.1,500.0,all_scenarios,fn,976.0,973.0,-3.0,True
3,P0,72,0.1,1000.0,all_scenarios,fn,925.0,973.0,48.0,True
3,P0,82,0.01,10.0,all_scenarios,fn,3077.0,3066.0,-11.0,True
3,P0,82,0.01,50.0,all_scenarios,fn,3022.0,3018.0,-4.0,True
3,P0,82,0.01,100.0,all_scenarios,fn,3022.0,2612.0,-410.0,True
3,P0,82,0.01,500.0,all_scenarios,fn,2731.0,2501.0,-230.0,True
3,P0,82,0.01,1000.0,all_scenarios,fn,2731.0,2501.0,-230.0,True
3,P0,82,0.03,10.0,all_scenarios,fn,3077.0,3066.0,-11.0,True
3,P0,82,0.03,50.0,all_scenarios,fn,3022.0,3018.0,-4.0,True
3,P0,82,0.03,100.0,all_scenarios,fn,2404.0,2612.0,208.0,True
3,P0,82,0.03,500.0,all_scenarios,fn,1948.0,1989.0,41.0,True
3,P0,82,0.03,1000.0,all_scenarios,fn,1948.0,1938.0,-10.0,True
3,P0,82,0.05,10.0,all_scenarios,fn,3077.0,3066.0,-11.0,True
3,P0,82,0.05,50.0,all_scenarios,fn,3022.0,3018.0,-4.0,True
3,P0,82,0.05,100.0,all_scenarios,fn,2404.0,2612.0,208.0,True
3,P0,82,0.05,500.0,all_scenarios,fn,1686.0,1768.0,82.0,True
3,P0,82,0.05,1000.0,all_scenarios,fn,1686.0,1577.0,-109.0,True
3,P0,82,0.1,10.0,all_scenarios,fn,3077.0,3066.0,-11.0,True
3,P0,82,0.1,50.0,all_scenarios,fn,3022.0,3018.0,-4.0,True
3,P0,82,0.1,100.0,all_scenarios,fn,2404.0,2612.0,208.0,True
3,P0,82,0.1,500.0,all_scenarios,fn,957.0,954.0,-3.0,True
3,P0,82,0.1,1000.0,all_scenarios,fn,957.0,954.0,-3.0,True
3,PH,42,0.03,100.0,all_scenarios,fn,1123.0,1075.0,-48.0,True
3,PH,52,0.03,100.0,all_scenarios,fn,1035.0,1118.0,83.0,True
3,PH,62,0.03,100.0,all_scenarios,fn,1190.0,1102.0,-88.0,True
3,PH,72,0.03,100.0,all_scenarios,fn,1660.0,1170.0,-490.0,True
3,PH,82,0.03,100.0,all_scenarios,fn,1165.0,1144.0,-21.0,True
3,PT,42,0.03,100.0,all_scenarios,fn,2069.0,2009.0,-60.0,True
3,PT,52,0.03,100.0,all_scenarios,fn,2090.0,1921.0,-169.0,True
3,PT,62,0.03,100.0,all_scenarios,fn,2170.0,1919.0,-251.0,True
3,PT,72,0.03,100.0,all_scenarios,fn,2277.0,2085.0,-192.0,True
3,PT,82,0.03,100.0,all_scenarios,fn,1981.0,1966.0,-15.0,True
3,PTH,42,0.03,100.0,all_scenarios,fn,825.0,862.0,37.0,True
3,PTH,52,0.03,100.0,all_scenarios,fn,1236.0,1160.0,-76.0,True
3,PTH,62,0.03,100.0,all_scenarios,fn,1216.0,829.0,-387.0,True
3,PTH,72,0.03,100.0,all_scenarios,fn,1057.0,1474.0,417.0,True
3,PTH,82,0.03,100.0,all_scenarios,fn,1199.0,891.0,-308.0,True
3,PTHW,42,0.01,10.0,all_scenarios,fn,2136.0,2004.0,-132.0,True
3,PTHW,42,0.01,50.0,all_scenarios,fn,1224.0,1132.0,-92.0,True
3,PTHW,42,0.01,100.0,all_scenarios,fn,1224.0,873.0,-351.0,True
3,PTHW,42,0.01,500.0,all_scenarios,fn,1005.0,831.0,-174.0,True
3,PTHW,42,0.01,1000.0,all_scenarios,fn,1005.0,831.0,-174.0,True
3,PTHW,42,0.03,10.0,all_scenarios,fn,2136.0,2004.0,-132.0,True
3,PTHW,42,0.03,50.0,all_scenarios,fn,1224.0,1132.0,-92.0,True
3,PTHW,42,0.03,100.0,all_scenarios,fn,1224.0,873.0,-351.0,True
3,PTHW,42,0.03,500.0,all_scenarios,fn,806.0,690.0,-116.0,True
3,PTHW,42,0.03,1000.0,all_scenarios,fn,721.0,668.0,-53.0,True
3,PTHW,42,0.05,10.0,all_scenarios,fn,2136.0,2004.0,-132.0,True
3,PTHW,42,0.05,50.0,all_scenarios,fn,1224.0,1132.0,-92.0,True
3,PTHW,42,0.05,100.0,all_scenarios,fn,1224.0,873.0,-351.0,True
3,PTHW,42,0.05,500.0,all_scenarios,fn,806.0,690.0,-116.0,True
3,PTHW,42,0.05,1000.0,all_scenarios,fn,721.0,668.0,-53.0,True
3,PTHW,42,0.1,10.0,all_scenarios,fn,2136.0,2004.0,-132.0,True
3,PTHW,42,0.1,50.0,all_scenarios,fn,1224.0,1132.0,-92.0,True
3,PTHW,42,0.1,100.0,all_scenarios,fn,1224.0,873.0,-351.0,True
3,PTHW,42,0.1,500.0,all_scenarios,fn,806.0,690.0,-116.0,True
3,PTHW,42,0.1,1000.0,all_scenarios,fn,721.0,668.0,-53.0,True
3,PTHW,52,0.01,10.0,all_scenarios,fn,2301.0,2198.0,-103.0,True
3,PTHW,52,0.01,50.0,all_scenarios,fn,1733.0,1651.0,-82.0,True
3,PTHW,52,0.01,100.0,all_scenarios,fn,1459.0,1651.0,192.0,True
3,PTHW,52,0.01,500.0,all_scenarios,fn,1276.0,1156.0,-120.0,True
3,PTHW,52,0.01,1000.0,all_scenarios,fn,1276.0,1156.0,-120.0,True
3,PTHW,52,0.03,10.0,all_scenarios,fn,2301.0,2198.0,-103.0,True
3,PTHW,52,0.03,50.0,all_scenarios,fn,1733.0,1651.0,-82.0,True
3,PTHW,52,0.03,100.0,all_scenarios,fn,1459.0,867.0,-592.0,True
3,PTHW,52,0.03,500.0,all_scenarios,fn,1176.0,827.0,-349.0,True
3,PTHW,52,0.03,1000.0,all_scenarios,fn,1158.0,827.0,-331.0,True
3,PTHW,52,0.05,10.0,all_scenarios,fn,2301.0,2198.0,-103.0,True
3,PTHW,52,0.05,50.0,all_scenarios,fn,1733.0,1651.0,-82.0,True
3,PTHW,52,0.05,100.0,all_scenarios,fn,1459.0,867.0,-592.0,True
3,PTHW,52,0.05,500.0,all_scenarios,fn,1176.0,827.0,-349.0,True
3,PTHW,52,0.05,1000.0,all_scenarios,fn,1158.0,827.0,-331.0,True
3,PTHW,52,0.1,10.0,all_scenarios,fn,2301.0,2198.0,-103.0,True
3,PTHW,52,0.1,50.0,all_scenarios,fn,1733.0,1651.0,-82.0,True
3,PTHW,52,0.1,100.0,all_scenarios,fn,1459.0,867.0,-592.0,True
3,PTHW,52,0.1,500.0,all_scenarios,fn,1176.0,827.0,-349.0,True
3,PTHW,52,0.1,1000.0,all_scenarios,fn,1158.0,827.0,-331.0,True
3,PTHW,62,0.01,10.0,all_scenarios,fn,2343.0,2542.0,199.0,True
3,PTHW,62,0.01,50.0,all_scenarios,fn,1558.0,1848.0,290.0,True
3,PTHW,62,0.01,100.0,all_scenarios,fn,1270.0,1664.0,394.0,True
3,PTHW,62,0.01,500.0,all_scenarios,fn,1204.0,1583.0,379.0,True
3,PTHW,62,0.01,1000.0,all_scenarios,fn,1204.0,1583.0,379.0,True
3,PTHW,62,0.03,10.0,all_scenarios,fn,2343.0,2542.0,199.0,True
3,PTHW,62,0.03,50.0,all_scenarios,fn,1558.0,1848.0,290.0,True
3,PTHW,62,0.03,100.0,all_scenarios,fn,1270.0,1449.0,179.0,True
3,PTHW,62,0.03,500.0,all_scenarios,fn,1028.0,1379.0,351.0,True
3,PTHW,62,0.03,1000.0,all_scenarios,fn,940.0,1302.0,362.0,True
3,PTHW,62,0.05,10.0,all_scenarios,fn,2343.0,2542.0,199.0,True
3,PTHW,62,0.05,50.0,all_scenarios,fn,1558.0,1848.0,290.0,True
3,PTHW,62,0.05,100.0,all_scenarios,fn,1270.0,1449.0,179.0,True
3,PTHW,62,0.05,500.0,all_scenarios,fn,1028.0,1379.0,351.0,True
3,PTHW,62,0.05,1000.0,all_scenarios,fn,940.0,1302.0,362.0,True
3,PTHW,62,0.1,10.0,all_scenarios,fn,2343.0,2542.0,199.0,True
3,PTHW,62,0.1,50.0,all_scenarios,fn,1558.0,1848.0,290.0,True
3,PTHW,62,0.1,100.0,all_scenarios,fn,1270.0,1449.0,179.0,True
3,PTHW,62,0.1,500.0,all_scenarios,fn,1028.0,1379.0,351.0,True
3,PTHW,62,0.1,1000.0,all_scenarios,fn,940.0,1302.0,362.0,True
3,PTHW,72,0.01,10.0,all_scenarios,fn,2211.0,2268.0,57.0,True
3,PTHW,72,0.01,50.0,all_scenarios,fn,1522.0,1507.0,-15.0,True
3,PTHW,72,0.01,100.0,all_scenarios,fn,971.0,928.0,-43.0,True
3,PTHW,72,0.01,500.0,all_scenarios,fn,971.0,928.0,-43.0,True
3,PTHW,72,0.01,1000.0,all_scenarios,fn,971.0,928.0,-43.0,True
3,PTHW,72,0.03,10.0,all_scenarios,fn,2211.0,2268.0,57.0,True
3,PTHW,72,0.03,50.0,all_scenarios,fn,1522.0,1507.0,-15.0,True
3,PTHW,72,0.03,100.0,all_scenarios,fn,848.0,888.0,40.0,True
3,PTHW,72,0.03,500.0,all_scenarios,fn,803.0,704.0,-99.0,True
3,PTHW,72,0.03,1000.0,all_scenarios,fn,749.0,704.0,-45.0,True
3,PTHW,72,0.05,10.0,all_scenarios,fn,2211.0,2268.0,57.0,True
3,PTHW,72,0.05,50.0,all_scenarios,fn,1522.0,1507.0,-15.0,True
3,PTHW,72,0.05,100.0,all_scenarios,fn,848.0,888.0,40.0,True
3,PTHW,72,0.05,500.0,all_scenarios,fn,803.0,704.0,-99.0,True
3,PTHW,72,0.05,1000.0,all_scenarios,fn,722.0,704.0,-18.0,True
3,PTHW,72,0.1,10.0,all_scenarios,fn,2211.0,2268.0,57.0,True
3,PTHW,72,0.1,50.0,all_scenarios,fn,1522.0,1507.0,-15.0,True
3,PTHW,72,0.1,100.0,all_scenarios,fn,848.0,888.0,40.0,True
3,PTHW,72,0.1,500.0,all_scenarios,fn,803.0,704.0,-99.0,True
3,PTHW,72,0.1,1000.0,all_scenarios,fn,722.0,704.0,-18.0,True
3,PTHW,82,0.01,10.0,all_scenarios,fn,2422.0,2299.0,-123.0,True
3,PTHW,82,0.01,50.0,all_scenarios,fn,1729.0,1564.0,-165.0,True
3,PTHW,82,0.01,100.0,all_scenarios,fn,1039.0,1113.0,74.0,True
3,PTHW,82,0.01,500.0,all_scenarios,fn,1039.0,1113.0,74.0,True
3,PTHW,82,0.01,1000.0,all_scenarios,fn,1039.0,1113.0,74.0,True
3,PTHW,82,0.03,10.0,all_scenarios,fn,2422.0,2299.0,-123.0,True
3,PTHW,82,0.03,50.0,all_scenarios,fn,1729.0,1564.0,-165.0,True
3,PTHW,82,0.03,100.0,all_scenarios,fn,845.0,1037.0,192.0,True
3,PTHW,82,0.03,500.0,all_scenarios,fn,751.0,788.0,37.0,True
3,PTHW,82,0.03,1000.0,all_scenarios,fn,696.0,750.0,54.0,True
3,PTHW,82,0.05,10.0,all_scenarios,fn,2422.0,2299.0,-123.0,True
3,PTHW,82,0.05,50.0,all_scenarios,fn,1729.0,1564.0,-165.0,True
3,PTHW,82,0.05,100.0,all_scenarios,fn,845.0,1037.0,192.0,True
3,PTHW,82,0.05,500.0,all_scenarios,fn,751.0,788.0,37.0,True
3,PTHW,82,0.05,1000.0,all_scenarios,fn,696.0,750.0,54.0,True
3,PTHW,82,0.1,10.0,all_scenarios,fn,2422.0,2299.0,-123.0,True
3,PTHW,82,0.1,50.0,all_scenarios,fn,1729.0,1564.0,-165.0,True
3,PTHW,82,0.1,100.0,all_scenarios,fn,845.0,1037.0,192.0,True
3,PTHW,82,0.1,500.0,all_scenarios,fn,751.0,788.0,37.0,True
3,PTHW,82,0.1,1000.0,all_scenarios,fn,696.0,750.0,54.0,True
3,PTHW5,42,0.03,100.0,all_scenarios,fn,1071.0,974.0,-97.0,True
3,PTHW5,52,0.03,100.0,all_scenarios,fn,1577.0,1246.0,-331.0,True
3,PTHW5,62,0.03,100.0,all_scenarios,fn,1007.0,967.0,-40.0,True
3,PTHW5,72,0.03,100.0,all_scenarios,fn,957.0,1381.0,424.0,True
3,PTHW5,82,0.03,100.0,all_scenarios,fn,1631.0,1211.0,-420.0,True
1,P0,42,0.01,10.0,all_scenarios,alerts,67.0,67.0,0.0,False
1,P0,42,0.01,50.0,all_scenarios,alerts,72.0,72.0,0.0,False
1,P0,42,0.01,100.0,all_scenarios,alerts,72.0,72.0,0.0,False
1,P0,42,0.01,500.0,all_scenarios,alerts,72.0,4296.0,4224.0,True
1,P0,42,0.01,1000.0,all_scenarios,alerts,1390.0,4296.0,2906.0,True
1,P0,42,0.03,10.0,all_scenarios,alerts,67.0,67.0,0.0,False
1,P0,42,0.03,50.0,all_scenarios,alerts,72.0,72.0,0.0,False
1,P0,42,0.03,100.0,all_scenarios,alerts,72.0,72.0,0.0,False
1,P0,42,0.03,500.0,all_scenarios,alerts,14029.0,17215.0,3186.0,True
1,P0,42,0.03,1000.0,all_scenarios,alerts,14029.0,17215.0,3186.0,True
1,P0,42,0.05,10.0,all_scenarios,alerts,67.0,67.0,0.0,False
1,P0,42,0.05,50.0,all_scenarios,alerts,72.0,72.0,0.0,False
1,P0,42,0.05,100.0,all_scenarios,alerts,72.0,72.0,0.0,False
1,P0,42,0.05,500.0,all_scenarios,alerts,14029.0,31936.0,17907.0,True
1,P0,42,0.05,1000.0,all_scenarios,alerts,30523.0,31936.0,1413.0,True
1,P0,42,0.1,10.0,all_scenarios,alerts,67.0,67.0,0.0,False
1,P0,42,0.1,50.0,all_scenarios,alerts,72.0,72.0,0.0,False
1,P0,42,0.1,100.0,all_scenarios,alerts,72.0,72.0,0.0,False
1,P0,42,0.1,500.0,all_scenarios,alerts,42125.0,31936.0,-10189.0,True
1,P0,42,0.1,1000.0,all_scenarios,alerts,53748.0,58608.0,4860.0,True
1,P0,52,0.01,10.0,all_scenarios,alerts,67.0,0.0,-67.0,True
1,P0,52,0.01,50.0,all_scenarios,alerts,67.0,165.0,98.0,True
1,P0,52,0.01,100.0,all_scenarios,alerts,67.0,165.0,98.0,True
1,P0,52,0.01,500.0,all_scenarios,alerts,67.0,165.0,98.0,True
1,P0,52,0.01,1000.0,all_scenarios,alerts,3636.0,735.0,-2901.0,True
1,P0,52,0.03,10.0,all_scenarios,alerts,67.0,0.0,-67.0,True
1,P0,52,0.03,50.0,all_scenarios,alerts,67.0,165.0,98.0,True
1,P0,52,0.03,100.0,all_scenarios,alerts,67.0,165.0,98.0,True
1,P0,52,0.03,500.0,all_scenarios,alerts,18895.0,17201.0,-1694.0,True
1,P0,52,0.03,1000.0,all_scenarios,alerts,18895.0,17201.0,-1694.0,True
1,P0,52,0.05,10.0,all_scenarios,alerts,67.0,0.0,-67.0,True
1,P0,52,0.05,50.0,all_scenarios,alerts,67.0,165.0,98.0,True
1,P0,52,0.05,100.0,all_scenarios,alerts,67.0,165.0,98.0,True
1,P0,52,0.05,500.0,all_scenarios,alerts,28382.0,25942.0,-2440.0,True
1,P0,52,0.05,1000.0,all_scenarios,alerts,31322.0,29267.0,-2055.0,True
1,P0,52,0.1,10.0,all_scenarios,alerts,67.0,0.0,-67.0,True
1,P0,52,0.1,50.0,all_scenarios,alerts,67.0,165.0,98.0,True
1,P0,52,0.1,100.0,all_scenarios,alerts,67.0,165.0,98.0,True
1,P0,52,0.1,500.0,all_scenarios,alerts,28382.0,39782.0,11400.0,True
1,P0,52,0.1,1000.0,all_scenarios,alerts,59502.0,57955.0,-1547.0,True
1,P0,62,0.01,10.0,all_scenarios,alerts,72.0,67.0,-5.0,True
1,P0,62,0.01,50.0,all_scenarios,alerts,77.0,67.0,-10.0,True
1,P0,62,0.01,100.0,all_scenarios,alerts,77.0,67.0,-10.0,True
1,P0,62,0.01,500.0,all_scenarios,alerts,2803.0,939.0,-1864.0,True
1,P0,62,0.01,1000.0,all_scenarios,alerts,2803.0,939.0,-1864.0,True
1,P0,62,0.03,10.0,all_scenarios,alerts,72.0,67.0,-5.0,True
1,P0,62,0.03,50.0,all_scenarios,alerts,77.0,67.0,-10.0,True
1,P0,62,0.03,100.0,all_scenarios,alerts,77.0,67.0,-10.0,True
1,P0,62,0.03,500.0,all_scenarios,alerts,4821.0,7253.0,2432.0,True
1,P0,62,0.03,1000.0,all_scenarios,alerts,11932.0,7253.0,-4679.0,True
1,P0,62,0.05,10.0,all_scenarios,alerts,72.0,67.0,-5.0,True
1,P0,62,0.05,50.0,all_scenarios,alerts,77.0,67.0,-10.0,True
1,P0,62,0.05,100.0,all_scenarios,alerts,77.0,67.0,-10.0,True
1,P0,62,0.05,500.0,all_scenarios,alerts,4821.0,29357.0,24536.0,True
1,P0,62,0.05,1000.0,all_scenarios,alerts,28196.0,29357.0,1161.0,True
1,P0,62,0.1,10.0,all_scenarios,alerts,72.0,67.0,-5.0,True
1,P0,62,0.1,50.0,all_scenarios,alerts,77.0,67.0,-10.0,True
1,P0,62,0.1,100.0,all_scenarios,alerts,77.0,67.0,-10.0,True
1,P0,62,0.1,500.0,all_scenarios,alerts,4821.0,29357.0,24536.0,True
1,P0,62,0.1,1000.0,all_scenarios,alerts,61185.0,58993.0,-2192.0,True
1,P0,72,0.01,10.0,all_scenarios,alerts,67.0,72.0,5.0,True
1,P0,72,0.01,50.0,all_scenarios,alerts,67.0,72.0,5.0,True
1,P0,72,0.01,100.0,all_scenarios,alerts,67.0,72.0,5.0,True
1,P0,72,0.01,500.0,all_scenarios,alerts,1381.0,72.0,-1309.0,True
1,P0,72,0.01,1000.0,all_scenarios,alerts,4100.0,2360.0,-1740.0,True
1,P0,72,0.03,10.0,all_scenarios,alerts,67.0,72.0,5.0,True
1,P0,72,0.03,50.0,all_scenarios,alerts,67.0,72.0,5.0,True
1,P0,72,0.03,100.0,all_scenarios,alerts,67.0,72.0,5.0,True
1,P0,72,0.03,500.0,all_scenarios,alerts,1381.0,72.0,-1309.0,True
1,P0,72,0.03,1000.0,all_scenarios,alerts,14358.0,15712.0,1354.0,True
1,P0,72,0.05,10.0,all_scenarios,alerts,67.0,72.0,5.0,True
1,P0,72,0.05,50.0,all_scenarios,alerts,67.0,72.0,5.0,True
1,P0,72,0.05,100.0,all_scenarios,alerts,67.0,72.0,5.0,True
1,P0,72,0.05,500.0,all_scenarios,alerts,1381.0,72.0,-1309.0,True
1,P0,72,0.05,1000.0,all_scenarios,alerts,32121.0,32924.0,803.0,True
1,P0,72,0.1,10.0,all_scenarios,alerts,67.0,72.0,5.0,True
1,P0,72,0.1,50.0,all_scenarios,alerts,67.0,72.0,5.0,True
1,P0,72,0.1,100.0,all_scenarios,alerts,67.0,72.0,5.0,True
1,P0,72,0.1,500.0,all_scenarios,alerts,45995.0,44622.0,-1373.0,True
1,P0,72,0.1,1000.0,all_scenarios,alerts,60087.0,59501.0,-586.0,True
1,P0,82,0.01,10.0,all_scenarios,alerts,67.0,0.0,-67.0,True
1,P0,82,0.01,50.0,all_scenarios,alerts,72.0,572.0,500.0,True
1,P0,82,0.01,100.0,all_scenarios,alerts,261.0,572.0,311.0,True
1,P0,82,0.01,500.0,all_scenarios,alerts,2142.0,2431.0,289.0,True
1,P0,82,0.01,1000.0,all_scenarios,alerts,2902.0,2431.0,-471.0,True
1,P0,82,0.03,10.0,all_scenarios,alerts,67.0,0.0,-67.0,True
1,P0,82,0.03,50.0,all_scenarios,alerts,72.0,572.0,500.0,True
1,P0,82,0.03,100.0,all_scenarios,alerts,261.0,572.0,311.0,True
1,P0,82,0.03,500.0,all_scenarios,alerts,15134.0,2431.0,-12703.0,True
1,P0,82,0.03,1000.0,all_scenarios,alerts,15134.0,15956.0,822.0,True
1,P0,82,0.05,10.0,all_scenarios,alerts,67.0,0.0,-67.0,True
1,P0,82,0.05,50.0,all_scenarios,alerts,72.0,572.0,500.0,True
1,P0,82,0.05,100.0,all_scenarios,alerts,261.0,572.0,311.0,True
1,P0,82,0.05,500.0,all_scenarios,alerts,33899.0,31915.0,-1984.0,True
1,P0,82,0.05,1000.0,all_scenarios,alerts,33899.0,33296.0,-603.0,True
1,P0,82,0.1,10.0,all_scenarios,alerts,67.0,0.0,-67.0,True
1,P0,82,0.1,50.0,all_scenarios,alerts,72.0,572.0,500.0,True
1,P0,82,0.1,100.0,all_scenarios,alerts,261.0,572.0,311.0,True
1,P0,82,0.1,500.0,all_scenarios,alerts,58634.0,42747.0,-15887.0,True
1,P0,82,0.1,1000.0,all_scenarios,alerts,58634.0,47287.0,-11347.0,True
1,PH,42,0.03,100.0,all_scenarios,alerts,6911.0,7536.0,625.0,True
1,PH,52,0.03,100.0,all_scenarios,alerts,6517.0,6785.0,268.0,True
1,PH,62,0.03,100.0,all_scenarios,alerts,6591.0,4670.0,-1921.0,True
1,PH,72,0.03,100.0,all_scenarios,alerts,7351.0,7307.0,-44.0,True
1,PH,82,0.03,100.0,all_scenarios,alerts,6719.0,9012.0,2293.0,True
1,PT,42,0.03,100.0,all_scenarios,alerts,446.0,1802.0,1356.0,True
1,PT,52,0.03,100.0,all_scenarios,alerts,3310.0,310.0,-3000.0,True
1,PT,62,0.03,100.0,all_scenarios,alerts,4152.0,1094.0,-3058.0,True
1,PT,72,0.03,100.0,all_scenarios,alerts,3723.0,168.0,-3555.0,True
1,PT,82,0.03,100.0,all_scenarios,alerts,156.0,168.0,12.0,True
1,PTH,42,0.03,100.0,all_scenarios,alerts,6747.0,7518.0,771.0,True
1,PTH,52,0.03,100.0,all_scenarios,alerts,6743.0,6434.0,-309.0,True
1,PTH,62,0.03,100.0,all_scenarios,alerts,7668.0,7043.0,-625.0,True
1,PTH,72,0.03,100.0,all_scenarios,alerts,7684.0,8165.0,481.0,True
1,PTH,82,0.03,100.0,all_scenarios,alerts,6498.0,8062.0,1564.0,True
1,PTHW,42,0.01,10.0,all_scenarios,alerts,0.0,0.0,0.0,False
1,PTHW,42,0.01,50.0,all_scenarios,alerts,5347.0,5307.0,-40.0,True
1,PTHW,42,0.01,100.0,all_scenarios,alerts,5347.0,6117.0,770.0,True
1,PTHW,42,0.01,500.0,all_scenarios,alerts,5837.0,6609.0,772.0,True
1,PTHW,42,0.01,1000.0,all_scenarios,alerts,5837.0,6609.0,772.0,True
1,PTHW,42,0.03,10.0,all_scenarios,alerts,0.0,0.0,0.0,False
1,PTHW,42,0.03,50.0,all_scenarios,alerts,5347.0,5307.0,-40.0,True
1,PTHW,42,0.03,100.0,all_scenarios,alerts,5347.0,6893.0,1546.0,True
1,PTHW,42,0.03,500.0,all_scenarios,alerts,9219.0,10415.0,1196.0,True
1,PTHW,42,0.03,1000.0,all_scenarios,alerts,9796.0,10415.0,619.0,True
1,PTHW,42,0.05,10.0,all_scenarios,alerts,0.0,0.0,0.0,False
1,PTHW,42,0.05,50.0,all_scenarios,alerts,5347.0,5307.0,-40.0,True
1,PTHW,42,0.05,100.0,all_scenarios,alerts,5347.0,6893.0,1546.0,True
1,PTHW,42,0.05,500.0,all_scenarios,alerts,9219.0,10415.0,1196.0,True
1,PTHW,42,0.05,1000.0,all_scenarios,alerts,9796.0,10415.0,619.0,True
1,PTHW,42,0.1,10.0,all_scenarios,alerts,0.0,0.0,0.0,False
1,PTHW,42,0.1,50.0,all_scenarios,alerts,5347.0,5307.0,-40.0,True
1,PTHW,42,0.1,100.0,all_scenarios,alerts,5347.0,6893.0,1546.0,True
1,PTHW,42,0.1,500.0,all_scenarios,alerts,9219.0,10415.0,1196.0,True
1,PTHW,42,0.1,1000.0,all_scenarios,alerts,9796.0,10415.0,619.0,True
1,PTHW,52,0.01,10.0,all_scenarios,alerts,240.0,415.0,175.0,True
1,PTHW,52,0.01,50.0,all_scenarios,alerts,4199.0,4233.0,34.0,True
1,PTHW,52,0.01,100.0,all_scenarios,alerts,5607.0,7023.0,1416.0,True
1,PTHW,52,0.01,500.0,all_scenarios,alerts,6791.0,7023.0,232.0,True
1,PTHW,52,0.01,1000.0,all_scenarios,alerts,6791.0,7023.0,232.0,True
1,PTHW,52,0.03,10.0,all_scenarios,alerts,240.0,415.0,175.0,True
1,PTHW,52,0.03,50.0,all_scenarios,alerts,4199.0,4233.0,34.0,True
1,PTHW,52,0.03,100.0,all_scenarios,alerts,5607.0,8279.0,2672.0,True
1,PTHW,52,0.03,500.0,all_scenarios,alerts,13374.0,13861.0,487.0,True
1,PTHW,52,0.03,1000.0,all_scenarios,alerts,13374.0,13861.0,487.0,True
1,PTHW,52,0.05,10.0,all_scenarios,alerts,240.0,415.0,175.0,True
1,PTHW,52,0.05,50.0,all_scenarios,alerts,4199.0,4233.0,34.0,True
1,PTHW,52,0.05,100.0,all_scenarios,alerts,5607.0,8279.0,2672.0,True
1,PTHW,52,0.05,500.0,all_scenarios,alerts,13374.0,13861.0,487.0,True
1,PTHW,52,0.05,1000.0,all_scenarios,alerts,13374.0,31800.0,18426.0,True
1,PTHW,52,0.1,10.0,all_scenarios,alerts,240.0,415.0,175.0,True
1,PTHW,52,0.1,50.0,all_scenarios,alerts,4199.0,4233.0,34.0,True
1,PTHW,52,0.1,100.0,all_scenarios,alerts,5607.0,8279.0,2672.0,True
1,PTHW,52,0.1,500.0,all_scenarios,alerts,13374.0,13861.0,487.0,True
1,PTHW,52,0.1,1000.0,all_scenarios,alerts,13374.0,31800.0,18426.0,True
1,PTHW,62,0.01,10.0,all_scenarios,alerts,251.0,241.0,-10.0,True
1,PTHW,62,0.01,50.0,all_scenarios,alerts,4219.0,3334.0,-885.0,True
1,PTHW,62,0.01,100.0,all_scenarios,alerts,5610.0,5124.0,-486.0,True
1,PTHW,62,0.01,500.0,all_scenarios,alerts,6982.0,5124.0,-1858.0,True
1,PTHW,62,0.01,1000.0,all_scenarios,alerts,6982.0,5124.0,-1858.0,True
1,PTHW,62,0.03,10.0,all_scenarios,alerts,251.0,241.0,-10.0,True
1,PTHW,62,0.03,50.0,all_scenarios,alerts,4219.0,3334.0,-885.0,True
1,PTHW,62,0.03,100.0,all_scenarios,alerts,5610.0,7100.0,1490.0,True
1,PTHW,62,0.03,500.0,all_scenarios,alerts,12270.0,11166.0,-1104.0,True
1,PTHW,62,0.03,1000.0,all_scenarios,alerts,12270.0,16455.0,4185.0,True
1,PTHW,62,0.05,10.0,all_scenarios,alerts,251.0,241.0,-10.0,True
1,PTHW,62,0.05,50.0,all_scenarios,alerts,4219.0,3334.0,-885.0,True
1,PTHW,62,0.05,100.0,all_scenarios,alerts,5610.0,7100.0,1490.0,True
1,PTHW,62,0.05,500.0,all_scenarios,alerts,12270.0,11166.0,-1104.0,True
1,PTHW,62,0.05,1000.0,all_scenarios,alerts,12270.0,16455.0,4185.0,True
1,PTHW,62,0.1,10.0,all_scenarios,alerts,251.0,241.0,-10.0,True
1,PTHW,62,0.1,50.0,all_scenarios,alerts,4219.0,3334.0,-885.0,True
1,PTHW,62,0.1,100.0,all_scenarios,alerts,5610.0,7100.0,1490.0,True
1,PTHW,62,0.1,500.0,all_scenarios,alerts,12270.0,11166.0,-1104.0,True
1,PTHW,62,0.1,1000.0,all_scenarios,alerts,12270.0,16455.0,4185.0,True
1,PTHW,72,0.01,10.0,all_scenarios,alerts,255.0,137.0,-118.0,True
1,PTHW,72,0.01,50.0,all_scenarios,alerts,270.0,2432.0,2162.0,True
1,PTHW,72,0.01,100.0,all_scenarios,alerts,6329.0,7043.0,714.0,True
1,PTHW,72,0.01,500.0,all_scenarios,alerts,6329.0,7043.0,714.0,True
1,PTHW,72,0.01,1000.0,all_scenarios,alerts,6329.0,7043.0,714.0,True
1,PTHW,72,0.03,10.0,all_scenarios,alerts,255.0,137.0,-118.0,True
1,PTHW,72,0.03,50.0,all_scenarios,alerts,270.0,2432.0,2162.0,True
1,PTHW,72,0.03,100.0,all_scenarios,alerts,7280.0,7043.0,-237.0,True
1,PTHW,72,0.03,500.0,all_scenarios,alerts,11265.0,8139.0,-3126.0,True
1,PTHW,72,0.03,1000.0,all_scenarios,alerts,11265.0,11202.0,-63.0,True
1,PTHW,72,0.05,10.0,all_scenarios,alerts,255.0,137.0,-118.0,True
1,PTHW,72,0.05,50.0,all_scenarios,alerts,270.0,2432.0,2162.0,True
1,PTHW,72,0.05,100.0,all_scenarios,alerts,7280.0,7043.0,-237.0,True
1,PTHW,72,0.05,500.0,all_scenarios,alerts,11265.0,8139.0,-3126.0,True
1,PTHW,72,0.05,1000.0,all_scenarios,alerts,11265.0,11202.0,-63.0,True
1,PTHW,72,0.1,10.0,all_scenarios,alerts,255.0,137.0,-118.0,True
1,PTHW,72,0.1,50.0,all_scenarios,alerts,270.0,2432.0,2162.0,True
1,PTHW,72,0.1,100.0,all_scenarios,alerts,7280.0,7043.0,-237.0,True
1,PTHW,72,0.1,500.0,all_scenarios,alerts,11265.0,8139.0,-3126.0,True
1,PTHW,72,0.1,1000.0,all_scenarios,alerts,11265.0,11202.0,-63.0,True
1,PTHW,82,0.01,10.0,all_scenarios,alerts,292.0,320.0,28.0,True
1,PTHW,82,0.01,50.0,all_scenarios,alerts,4402.0,3907.0,-495.0,True
1,PTHW,82,0.01,100.0,all_scenarios,alerts,5839.0,6169.0,330.0,True
1,PTHW,82,0.01,500.0,all_scenarios,alerts,5932.0,6169.0,237.0,True
1,PTHW,82,0.01,1000.0,all_scenarios,alerts,5932.0,6169.0,237.0,True
1,PTHW,82,0.03,10.0,all_scenarios,alerts,292.0,320.0,28.0,True
1,PTHW,82,0.03,50.0,all_scenarios,alerts,4402.0,3907.0,-495.0,True
1,PTHW,82,0.03,100.0,all_scenarios,alerts,7548.0,7825.0,277.0,True
1,PTHW,82,0.03,500.0,all_scenarios,alerts,9054.0,10081.0,1027.0,True
1,PTHW,82,0.03,1000.0,all_scenarios,alerts,10197.0,10081.0,-116.0,True
1,PTHW,82,0.05,10.0,all_scenarios,alerts,292.0,320.0,28.0,True
1,PTHW,82,0.05,50.0,all_scenarios,alerts,4402.0,3907.0,-495.0,True
1,PTHW,82,0.05,100.0,all_scenarios,alerts,7548.0,7825.0,277.0,True
1,PTHW,82,0.05,500.0,all_scenarios,alerts,9054.0,10081.0,1027.0,True
1,PTHW,82,0.05,1000.0,all_scenarios,alerts,10197.0,10081.0,-116.0,True
1,PTHW,82,0.1,10.0,all_scenarios,alerts,292.0,320.0,28.0,True
1,PTHW,82,0.1,50.0,all_scenarios,alerts,4402.0,3907.0,-495.0,True
1,PTHW,82,0.1,100.0,all_scenarios,alerts,7548.0,7825.0,277.0,True
1,PTHW,82,0.1,500.0,all_scenarios,alerts,9054.0,10081.0,1027.0,True
1,PTHW,82,0.1,1000.0,all_scenarios,alerts,10197.0,10081.0,-116.0,True
1,PTHW5,42,0.03,100.0,all_scenarios,alerts,6381.0,8374.0,1993.0,True
1,PTHW5,52,0.03,100.0,all_scenarios,alerts,8285.0,7265.0,-1020.0,True
1,PTHW5,62,0.03,100.0,all_scenarios,alerts,7803.0,23223.0,15420.0,True
1,PTHW5,72,0.03,100.0,all_scenarios,alerts,8825.0,10845.0,2020.0,True
1,PTHW5,82,0.03,100.0,all_scenarios,alerts,7182.0,7908.0,726.0,True
2,P0,42,0.01,10.0,all_scenarios,alerts,76.0,39.0,-37.0,True
2,P0,42,0.01,50.0,all_scenarios,alerts,76.0,180.0,104.0,True
2,P0,42,0.01,100.0,all_scenarios,alerts,76.0,180.0,104.0,True
2,P0,42,0.01,500.0,all_scenarios,alerts,76.0,1874.0,1798.0,True
2,P0,42,0.01,1000.0,all_scenarios,alerts,2293.0,1874.0,-419.0,True
2,P0,42,0.03,10.0,all_scenarios,alerts,76.0,39.0,-37.0,True
2,P0,42,0.03,50.0,all_scenarios,alerts,76.0,180.0,104.0,True
2,P0,42,0.03,100.0,all_scenarios,alerts,76.0,180.0,104.0,True
2,P0,42,0.03,500.0,all_scenarios,alerts,12929.0,13051.0,122.0,True
2,P0,42,0.03,1000.0,all_scenarios,alerts,12929.0,13051.0,122.0,True
2,P0,42,0.05,10.0,all_scenarios,alerts,76.0,39.0,-37.0,True
2,P0,42,0.05,50.0,all_scenarios,alerts,76.0,180.0,104.0,True
2,P0,42,0.05,100.0,all_scenarios,alerts,76.0,180.0,104.0,True
2,P0,42,0.05,500.0,all_scenarios,alerts,24664.0,25959.0,1295.0,True
2,P0,42,0.05,1000.0,all_scenarios,alerts,25968.0,25959.0,-9.0,True
2,P0,42,0.1,10.0,all_scenarios,alerts,76.0,39.0,-37.0,True
2,P0,42,0.1,50.0,all_scenarios,alerts,76.0,180.0,104.0,True
2,P0,42,0.1,100.0,all_scenarios,alerts,76.0,180.0,104.0,True
2,P0,42,0.1,500.0,all_scenarios,alerts,59274.0,57873.0,-1401.0,True
2,P0,42,0.1,1000.0,all_scenarios,alerts,59274.0,57873.0,-1401.0,True
2,P0,52,0.01,10.0,all_scenarios,alerts,33.0,54.0,21.0,True
2,P0,52,0.01,50.0,all_scenarios,alerts,33.0,54.0,21.0,True
2,P0,52,0.01,100.0,all_scenarios,alerts,441.0,54.0,-387.0,True
2,P0,52,0.01,500.0,all_scenarios,alerts,3445.0,6368.0,2923.0,True
2,P0,52,0.01,1000.0,all_scenarios,alerts,3445.0,6368.0,2923.0,True
2,P0,52,0.03,10.0,all_scenarios,alerts,33.0,54.0,21.0,True
2,P0,52,0.03,50.0,all_scenarios,alerts,33.0,54.0,21.0,True
2,P0,52,0.03,100.0,all_scenarios,alerts,441.0,54.0,-387.0,True
2,P0,52,0.03,500.0,all_scenarios,alerts,3445.0,6368.0,2923.0,True
2,P0,52,0.03,1000.0,all_scenarios,alerts,3445.0,6368.0,2923.0,True
2,P0,52,0.05,10.0,all_scenarios,alerts,33.0,54.0,21.0,True
2,P0,52,0.05,50.0,all_scenarios,alerts,33.0,54.0,21.0,True
2,P0,52,0.05,100.0,all_scenarios,alerts,441.0,54.0,-387.0,True
2,P0,52,0.05,500.0,all_scenarios,alerts,15700.0,26250.0,10550.0,True
2,P0,52,0.05,1000.0,all_scenarios,alerts,23714.0,26250.0,2536.0,True
2,P0,52,0.1,10.0,all_scenarios,alerts,33.0,54.0,21.0,True
2,P0,52,0.1,50.0,all_scenarios,alerts,33.0,54.0,21.0,True
2,P0,52,0.1,100.0,all_scenarios,alerts,441.0,54.0,-387.0,True
2,P0,52,0.1,500.0,all_scenarios,alerts,58785.0,57352.0,-1433.0,True
2,P0,52,0.1,1000.0,all_scenarios,alerts,58785.0,57352.0,-1433.0,True
2,P0,62,0.01,10.0,all_scenarios,alerts,73.0,39.0,-34.0,True
2,P0,62,0.01,50.0,all_scenarios,alerts,73.0,39.0,-34.0,True
2,P0,62,0.01,100.0,all_scenarios,alerts,292.0,358.0,66.0,True
2,P0,62,0.01,500.0,all_scenarios,alerts,1630.0,3031.0,1401.0,True
2,P0,62,0.01,1000.0,all_scenarios,alerts,1630.0,3031.0,1401.0,True
2,P0,62,0.03,10.0,all_scenarios,alerts,73.0,39.0,-34.0,True
2,P0,62,0.03,50.0,all_scenarios,alerts,73.0,39.0,-34.0,True
2,P0,62,0.03,100.0,all_scenarios,alerts,292.0,358.0,66.0,True
2,P0,62,0.03,500.0,all_scenarios,alerts,13000.0,3031.0,-9969.0,True
2,P0,62,0.03,1000.0,all_scenarios,alerts,13000.0,3031.0,-9969.0,True
2,P0,62,0.05,10.0,all_scenarios,alerts,73.0,39.0,-34.0,True
2,P0,62,0.05,50.0,all_scenarios,alerts,73.0,39.0,-34.0,True
2,P0,62,0.05,100.0,all_scenarios,alerts,292.0,358.0,66.0,True
2,P0,62,0.05,500.0,all_scenarios,alerts,24080.0,15937.0,-8143.0,True
2,P0,62,0.05,1000.0,all_scenarios,alerts,24080.0,22803.0,-1277.0,True
2,P0,62,0.1,10.0,all_scenarios,alerts,73.0,39.0,-34.0,True
2,P0,62,0.1,50.0,all_scenarios,alerts,73.0,39.0,-34.0,True
2,P0,62,0.1,100.0,all_scenarios,alerts,292.0,358.0,66.0,True
2,P0,62,0.1,500.0,all_scenarios,alerts,54341.0,57623.0,3282.0,True
2,P0,62,0.1,1000.0,all_scenarios,alerts,54341.0,58840.0,4499.0,True
2,P0,72,0.01,10.0,all_scenarios,alerts,39.0,75.0,36.0,True
2,P0,72,0.01,50.0,all_scenarios,alerts,71.0,178.0,107.0,True
2,P0,72,0.01,100.0,all_scenarios,alerts,71.0,178.0,107.0,True
2,P0,72,0.01,500.0,all_scenarios,alerts,775.0,727.0,-48.0,True
2,P0,72,0.01,1000.0,all_scenarios,alerts,775.0,727.0,-48.0,True
2,P0,72,0.03,10.0,all_scenarios,alerts,39.0,75.0,36.0,True
2,P0,72,0.03,50.0,all_scenarios,alerts,71.0,178.0,107.0,True
2,P0,72,0.03,100.0,all_scenarios,alerts,71.0,178.0,107.0,True
2,P0,72,0.03,500.0,all_scenarios,alerts,12707.0,11835.0,-872.0,True
2,P0,72,0.03,1000.0,all_scenarios,alerts,12707.0,11835.0,-872.0,True
2,P0,72,0.05,10.0,all_scenarios,alerts,39.0,75.0,36.0,True
2,P0,72,0.05,50.0,all_scenarios,alerts,71.0,178.0,107.0,True
2,P0,72,0.05,100.0,all_scenarios,alerts,71.0,178.0,107.0,True
2,P0,72,0.05,500.0,all_scenarios,alerts,25947.0,25714.0,-233.0,True
2,P0,72,0.05,1000.0,all_scenarios,alerts,25947.0,25714.0,-233.0,True
2,P0,72,0.1,10.0,all_scenarios,alerts,39.0,75.0,36.0,True
2,P0,72,0.1,50.0,all_scenarios,alerts,71.0,178.0,107.0,True
2,P0,72,0.1,100.0,all_scenarios,alerts,71.0,178.0,107.0,True
2,P0,72,0.1,500.0,all_scenarios,alerts,58750.0,55838.0,-2912.0,True
2,P0,72,0.1,1000.0,all_scenarios,alerts,58750.0,59490.0,740.0,True
2,P0,82,0.01,10.0,all_scenarios,alerts,39.0,33.0,-6.0,True
2,P0,82,0.01,50.0,all_scenarios,alerts,39.0,65.0,26.0,True
2,P0,82,0.01,100.0,all_scenarios,alerts,39.0,65.0,26.0,True
2,P0,82,0.01,500.0,all_scenarios,alerts,413.0,1847.0,1434.0,True
2,P0,82,0.01,1000.0,all_scenarios,alerts,2612.0,1847.0,-765.0,True
2,P0,82,0.03,10.0,all_scenarios,alerts,39.0,33.0,-6.0,True
2,P0,82,0.03,50.0,all_scenarios,alerts,39.0,65.0,26.0,True
2,P0,82,0.03,100.0,all_scenarios,alerts,39.0,65.0,26.0,True
2,P0,82,0.03,500.0,all_scenarios,alerts,413.0,13023.0,12610.0,True
2,P0,82,0.03,1000.0,all_scenarios,alerts,2612.0,13023.0,10411.0,True
2,P0,82,0.05,10.0,all_scenarios,alerts,39.0,33.0,-6.0,True
2,P0,82,0.05,50.0,all_scenarios,alerts,39.0,65.0,26.0,True
2,P0,82,0.05,100.0,all_scenarios,alerts,39.0,65.0,26.0,True
2,P0,82,0.05,500.0,all_scenarios,alerts,25293.0,23989.0,-1304.0,True
2,P0,82,0.05,1000.0,all_scenarios,alerts,25293.0,23989.0,-1304.0,True
2,P0,82,0.1,10.0,all_scenarios,alerts,39.0,33.0,-6.0,True
2,P0,82,0.1,50.0,all_scenarios,alerts,39.0,65.0,26.0,True
2,P0,82,0.1,100.0,all_scenarios,alerts,39.0,65.0,26.0,True
2,P0,82,0.1,500.0,all_scenarios,alerts,51253.0,49211.0,-2042.0,True
2,P0,82,0.1,1000.0,all_scenarios,alerts,58193.0,58339.0,146.0,True
2,PH,42,0.03,100.0,all_scenarios,alerts,8684.0,8365.0,-319.0,True
2,PH,52,0.03,100.0,all_scenarios,alerts,16559.0,6891.0,-9668.0,True
2,PH,62,0.03,100.0,all_scenarios,alerts,7332.0,8970.0,1638.0,True
2,PH,72,0.03,100.0,all_scenarios,alerts,7614.0,7831.0,217.0,True
2,PH,82,0.03,100.0,all_scenarios,alerts,8931.0,8695.0,-236.0,True
2,PT,42,0.03,100.0,all_scenarios,alerts,1543.0,1003.0,-540.0,True
2,PT,52,0.03,100.0,all_scenarios,alerts,735.0,1221.0,486.0,True
2,PT,62,0.03,100.0,all_scenarios,alerts,560.0,639.0,79.0,True
2,PT,72,0.03,100.0,all_scenarios,alerts,358.0,1871.0,1513.0,True
2,PT,82,0.03,100.0,all_scenarios,alerts,793.0,958.0,165.0,True
2,PTH,42,0.03,100.0,all_scenarios,alerts,7271.0,9089.0,1818.0,True
2,PTH,52,0.03,100.0,all_scenarios,alerts,8143.0,8982.0,839.0,True
2,PTH,62,0.03,100.0,all_scenarios,alerts,4810.0,6509.0,1699.0,True
2,PTH,72,0.03,100.0,all_scenarios,alerts,5278.0,7724.0,2446.0,True
2,PTH,82,0.03,100.0,all_scenarios,alerts,7868.0,8911.0,1043.0,True
2,PTHW,42,0.01,10.0,all_scenarios,alerts,538.0,109.0,-429.0,True
2,PTHW,42,0.01,50.0,all_scenarios,alerts,3606.0,1568.0,-2038.0,True
2,PTHW,42,0.01,100.0,all_scenarios,alerts,3606.0,3388.0,-218.0,True
2,PTHW,42,0.01,500.0,all_scenarios,alerts,3606.0,3491.0,-115.0,True
2,PTHW,42,0.01,1000.0,all_scenarios,alerts,3606.0,3491.0,-115.0,True
2,PTHW,42,0.03,10.0,all_scenarios,alerts,538.0,109.0,-429.0,True
2,PTHW,42,0.03,50.0,all_scenarios,alerts,4614.0,1568.0,-3046.0,True
2,PTHW,42,0.03,100.0,all_scenarios,alerts,5930.0,6462.0,532.0,True
2,PTHW,42,0.03,500.0,all_scenarios,alerts,8713.0,8439.0,-274.0,True
2,PTHW,42,0.03,1000.0,all_scenarios,alerts,8713.0,13004.0,4291.0,True
2,PTHW,42,0.05,10.0,all_scenarios,alerts,538.0,109.0,-429.0,True
2,PTHW,42,0.05,50.0,all_scenarios,alerts,4614.0,1568.0,-3046.0,True
2,PTHW,42,0.05,100.0,all_scenarios,alerts,5930.0,6462.0,532.0,True
2,PTHW,42,0.05,500.0,all_scenarios,alerts,8713.0,8439.0,-274.0,True
2,PTHW,42,0.05,1000.0,all_scenarios,alerts,8713.0,13891.0,5178.0,True
2,PTHW,42,0.1,10.0,all_scenarios,alerts,538.0,109.0,-429.0,True
2,PTHW,42,0.1,50.0,all_scenarios,alerts,4614.0,1568.0,-3046.0,True
2,PTHW,42,0.1,100.0,all_scenarios,alerts,5930.0,6462.0,532.0,True
2,PTHW,42,0.1,500.0,all_scenarios,alerts,8713.0,8439.0,-274.0,True
2,PTHW,42,0.1,1000.0,all_scenarios,alerts,8713.0,13891.0,5178.0,True
2,PTHW,52,0.01,10.0,all_scenarios,alerts,980.0,885.0,-95.0,True
2,PTHW,52,0.01,50.0,all_scenarios,alerts,992.0,885.0,-107.0,True
2,PTHW,52,0.01,100.0,all_scenarios,alerts,992.0,885.0,-107.0,True
2,PTHW,52,0.01,500.0,all_scenarios,alerts,2708.0,1699.0,-1009.0,True
2,PTHW,52,0.01,1000.0,all_scenarios,alerts,2708.0,1699.0,-1009.0,True
2,PTHW,52,0.03,10.0,all_scenarios,alerts,980.0,885.0,-95.0,True
2,PTHW,52,0.03,50.0,all_scenarios,alerts,992.0,885.0,-107.0,True
2,PTHW,52,0.03,100.0,all_scenarios,alerts,9254.0,9154.0,-100.0,True
2,PTHW,52,0.03,500.0,all_scenarios,alerts,9677.0,11232.0,1555.0,True
2,PTHW,52,0.03,1000.0,all_scenarios,alerts,10359.0,11232.0,873.0,True
2,PTHW,52,0.05,10.0,all_scenarios,alerts,980.0,885.0,-95.0,True
2,PTHW,52,0.05,50.0,all_scenarios,alerts,992.0,885.0,-107.0,True
2,PTHW,52,0.05,100.0,all_scenarios,alerts,9254.0,9154.0,-100.0,True
2,PTHW,52,0.05,500.0,all_scenarios,alerts,9677.0,11232.0,1555.0,True
2,PTHW,52,0.05,1000.0,all_scenarios,alerts,10359.0,13173.0,2814.0,True
2,PTHW,52,0.1,10.0,all_scenarios,alerts,980.0,885.0,-95.0,True
2,PTHW,52,0.1,50.0,all_scenarios,alerts,992.0,885.0,-107.0,True
2,PTHW,52,0.1,100.0,all_scenarios,alerts,9254.0,9154.0,-100.0,True
2,PTHW,52,0.1,500.0,all_scenarios,alerts,9677.0,11232.0,1555.0,True
2,PTHW,52,0.1,1000.0,all_scenarios,alerts,10359.0,13173.0,2814.0,True
2,PTHW,62,0.01,10.0,all_scenarios,alerts,0.0,0.0,0.0,False
2,PTHW,62,0.01,50.0,all_scenarios,alerts,3970.0,4617.0,647.0,True
2,PTHW,62,0.01,100.0,all_scenarios,alerts,4317.0,4617.0,300.0,True
2,PTHW,62,0.01,500.0,all_scenarios,alerts,4317.0,4617.0,300.0,True
2,PTHW,62,0.01,1000.0,all_scenarios,alerts,4317.0,4617.0,300.0,True
2,PTHW,62,0.03,10.0,all_scenarios,alerts,0.0,0.0,0.0,False
2,PTHW,62,0.03,50.0,all_scenarios,alerts,5005.0,4617.0,-388.0,True
2,PTHW,62,0.03,100.0,all_scenarios,alerts,8040.0,5199.0,-2841.0,True
2,PTHW,62,0.03,500.0,all_scenarios,alerts,8040.0,7393.0,-647.0,True
2,PTHW,62,0.03,1000.0,all_scenarios,alerts,12542.0,7393.0,-5149.0,True
2,PTHW,62,0.05,10.0,all_scenarios,alerts,0.0,0.0,0.0,False
2,PTHW,62,0.05,50.0,all_scenarios,alerts,5005.0,4617.0,-388.0,True
2,PTHW,62,0.05,100.0,all_scenarios,alerts,8040.0,5199.0,-2841.0,True
2,PTHW,62,0.05,500.0,all_scenarios,alerts,8040.0,7393.0,-647.0,True
2,PTHW,62,0.05,1000.0,all_scenarios,alerts,12542.0,7393.0,-5149.0,True
2,PTHW,62,0.1,10.0,all_scenarios,alerts,0.0,0.0,0.0,False
2,PTHW,62,0.1,50.0,all_scenarios,alerts,5005.0,4617.0,-388.0,True
2,PTHW,62,0.1,100.0,all_scenarios,alerts,8040.0,5199.0,-2841.0,True
2,PTHW,62,0.1,500.0,all_scenarios,alerts,8040.0,7393.0,-647.0,True
2,PTHW,62,0.1,1000.0,all_scenarios,alerts,12542.0,7393.0,-5149.0,True
2,PTHW,72,0.01,10.0,all_scenarios,alerts,0.0,0.0,0.0,False
2,PTHW,72,0.01,50.0,all_scenarios,alerts,2690.0,4721.0,2031.0,True
2,PTHW,72,0.01,100.0,all_scenarios,alerts,4309.0,4801.0,492.0,True
2,PTHW,72,0.01,500.0,all_scenarios,alerts,4309.0,4966.0,657.0,True
2,PTHW,72,0.01,1000.0,all_scenarios,alerts,4309.0,4966.0,657.0,True
2,PTHW,72,0.03,10.0,all_scenarios,alerts,0.0,0.0,0.0,False
2,PTHW,72,0.03,50.0,all_scenarios,alerts,2690.0,4721.0,2031.0,True
2,PTHW,72,0.03,100.0,all_scenarios,alerts,8361.0,11446.0,3085.0,True
2,PTHW,72,0.03,500.0,all_scenarios,alerts,9268.0,14935.0,5667.0,True
2,PTHW,72,0.03,1000.0,all_scenarios,alerts,12994.0,16433.0,3439.0,True
2,PTHW,72,0.05,10.0,all_scenarios,alerts,0.0,0.0,0.0,False
2,PTHW,72,0.05,50.0,all_scenarios,alerts,2690.0,4721.0,2031.0,True
2,PTHW,72,0.05,100.0,all_scenarios,alerts,8361.0,11446.0,3085.0,True
2,PTHW,72,0.05,500.0,all_scenarios,alerts,9268.0,14935.0,5667.0,True
2,PTHW,72,0.05,1000.0,all_scenarios,alerts,12994.0,25496.0,12502.0,True
2,PTHW,72,0.1,10.0,all_scenarios,alerts,0.0,0.0,0.0,False
2,PTHW,72,0.1,50.0,all_scenarios,alerts,2690.0,4721.0,2031.0,True
2,PTHW,72,0.1,100.0,all_scenarios,alerts,8361.0,11446.0,3085.0,True
2,PTHW,72,0.1,500.0,all_scenarios,alerts,9268.0,14935.0,5667.0,True
2,PTHW,72,0.1,1000.0,all_scenarios,alerts,12994.0,25496.0,12502.0,True
2,PTHW,82,0.01,10.0,all_scenarios,alerts,251.0,736.0,485.0,True
2,PTHW,82,0.01,50.0,all_scenarios,alerts,465.0,1012.0,547.0,True
2,PTHW,82,0.01,100.0,all_scenarios,alerts,2162.0,4692.0,2530.0,True
2,PTHW,82,0.01,500.0,all_scenarios,alerts,4896.0,4692.0,-204.0,True
2,PTHW,82,0.01,1000.0,all_scenarios,alerts,4896.0,4692.0,-204.0,True
2,PTHW,82,0.03,10.0,all_scenarios,alerts,251.0,736.0,485.0,True
2,PTHW,82,0.03,50.0,all_scenarios,alerts,465.0,1012.0,547.0,True
2,PTHW,82,0.03,100.0,all_scenarios,alerts,8322.0,8234.0,-88.0,True
2,PTHW,82,0.03,500.0,all_scenarios,alerts,11601.0,9640.0,-1961.0,True
2,PTHW,82,0.03,1000.0,all_scenarios,alerts,11601.0,9640.0,-1961.0,True
2,PTHW,82,0.05,10.0,all_scenarios,alerts,251.0,736.0,485.0,True
2,PTHW,82,0.05,50.0,all_scenarios,alerts,465.0,1012.0,547.0,True
2,PTHW,82,0.05,100.0,all_scenarios,alerts,8322.0,8234.0,-88.0,True
2,PTHW,82,0.05,500.0,all_scenarios,alerts,11601.0,9640.0,-1961.0,True
2,PTHW,82,0.05,1000.0,all_scenarios,alerts,11601.0,9640.0,-1961.0,True
2,PTHW,82,0.1,10.0,all_scenarios,alerts,251.0,736.0,485.0,True
2,PTHW,82,0.1,50.0,all_scenarios,alerts,465.0,1012.0,547.0,True
2,PTHW,82,0.1,100.0,all_scenarios,alerts,8322.0,8234.0,-88.0,True
2,PTHW,82,0.1,500.0,all_scenarios,alerts,11601.0,9640.0,-1961.0,True
2,PTHW,82,0.1,1000.0,all_scenarios,alerts,11601.0,9640.0,-1961.0,True
2,PTHW5,42,0.03,100.0,all_scenarios,alerts,6621.0,11050.0,4429.0,True
2,PTHW5,52,0.03,100.0,all_scenarios,alerts,7615.0,4152.0,-3463.0,True
2,PTHW5,62,0.03,100.0,all_scenarios,alerts,8098.0,4335.0,-3763.0,True
2,PTHW5,72,0.03,100.0,all_scenarios,alerts,10087.0,6179.0,-3908.0,True
2,PTHW5,82,0.03,100.0,all_scenarios,alerts,8252.0,4169.0,-4083.0,True
3,P0,42,0.01,10.0,all_scenarios,alerts,714.0,628.0,-86.0,True
3,P0,42,0.01,50.0,all_scenarios,alerts,841.0,3455.0,2614.0,True
3,P0,42,0.01,100.0,all_scenarios,alerts,6157.0,5209.0,-948.0,True
3,P0,42,0.01,500.0,all_scenarios,alerts,7095.0,6623.0,-472.0,True
3,P0,42,0.01,1000.0,all_scenarios,alerts,7095.0,6623.0,-472.0,True
3,P0,42,0.03,10.0,all_scenarios,alerts,714.0,628.0,-86.0,True
3,P0,42,0.03,50.0,all_scenarios,alerts,841.0,3455.0,2614.0,True
3,P0,42,0.03,100.0,all_scenarios,alerts,6157.0,5209.0,-948.0,True
3,P0,42,0.03,500.0,all_scenarios,alerts,17522.0,21208.0,3686.0,True
3,P0,42,0.03,1000.0,all_scenarios,alerts,21749.0,21208.0,-541.0,True
3,P0,42,0.05,10.0,all_scenarios,alerts,714.0,628.0,-86.0,True
3,P0,42,0.05,50.0,all_scenarios,alerts,841.0,3455.0,2614.0,True
3,P0,42,0.05,100.0,all_scenarios,alerts,6157.0,5209.0,-948.0,True
3,P0,42,0.05,500.0,all_scenarios,alerts,27336.0,31206.0,3870.0,True
3,P0,42,0.05,1000.0,all_scenarios,alerts,34707.0,32765.0,-1942.0,True
3,P0,42,0.1,10.0,all_scenarios,alerts,714.0,628.0,-86.0,True
3,P0,42,0.1,50.0,all_scenarios,alerts,841.0,3455.0,2614.0,True
3,P0,42,0.1,100.0,all_scenarios,alerts,6157.0,5209.0,-948.0,True
3,P0,42,0.1,500.0,all_scenarios,alerts,66394.0,65011.0,-1383.0,True
3,P0,42,0.1,1000.0,all_scenarios,alerts,66394.0,65011.0,-1383.0,True
3,P0,52,0.01,10.0,all_scenarios,alerts,720.0,717.0,-3.0,True
3,P0,52,0.01,50.0,all_scenarios,alerts,3540.0,3310.0,-230.0,True
3,P0,52,0.01,100.0,all_scenarios,alerts,3540.0,4811.0,1271.0,True
3,P0,52,0.01,500.0,all_scenarios,alerts,7058.0,6970.0,-88.0,True
3,P0,52,0.01,1000.0,all_scenarios,alerts,7058.0,6970.0,-88.0,True
3,P0,52,0.03,10.0,all_scenarios,alerts,720.0,717.0,-3.0,True
3,P0,52,0.03,50.0,all_scenarios,alerts,3540.0,3310.0,-230.0,True
3,P0,52,0.03,100.0,all_scenarios,alerts,3540.0,4811.0,1271.0,True
3,P0,52,0.03,500.0,all_scenarios,alerts,20943.0,19339.0,-1604.0,True
3,P0,52,0.03,1000.0,all_scenarios,alerts,20943.0,19339.0,-1604.0,True
3,P0,52,0.05,10.0,all_scenarios,alerts,720.0,717.0,-3.0,True
3,P0,52,0.05,50.0,all_scenarios,alerts,3540.0,3310.0,-230.0,True
3,P0,52,0.05,100.0,all_scenarios,alerts,3540.0,4811.0,1271.0,True
3,P0,52,0.05,500.0,all_scenarios,alerts,34781.0,33957.0,-824.0,True
3,P0,52,0.05,1000.0,all_scenarios,alerts,34781.0,33957.0,-824.0,True
3,P0,52,0.1,10.0,all_scenarios,alerts,720.0,717.0,-3.0,True
3,P0,52,0.1,50.0,all_scenarios,alerts,3540.0,3310.0,-230.0,True
3,P0,52,0.1,100.0,all_scenarios,alerts,3540.0,4811.0,1271.0,True
3,P0,52,0.1,500.0,all_scenarios,alerts,61609.0,61471.0,-138.0,True
3,P0,52,0.1,1000.0,all_scenarios,alerts,65322.0,65106.0,-216.0,True
3,P0,62,0.01,10.0,all_scenarios,alerts,491.0,708.0,217.0,True
3,P0,62,0.01,50.0,all_scenarios,alerts,636.0,848.0,212.0,True
3,P0,62,0.01,100.0,all_scenarios,alerts,636.0,6712.0,6076.0,True
3,P0,62,0.01,500.0,all_scenarios,alerts,6969.0,6712.0,-257.0,True
3,P0,62,0.01,1000.0,all_scenarios,alerts,6969.0,6712.0,-257.0,True
3,P0,62,0.03,10.0,all_scenarios,alerts,491.0,708.0,217.0,True
3,P0,62,0.03,50.0,all_scenarios,alerts,636.0,848.0,212.0,True
3,P0,62,0.03,100.0,all_scenarios,alerts,9344.0,6712.0,-2632.0,True
3,P0,62,0.03,500.0,all_scenarios,alerts,21131.0,20549.0,-582.0,True
3,P0,62,0.03,1000.0,all_scenarios,alerts,21131.0,20549.0,-582.0,True
3,P0,62,0.05,10.0,all_scenarios,alerts,491.0,708.0,217.0,True
3,P0,62,0.05,50.0,all_scenarios,alerts,636.0,848.0,212.0,True
3,P0,62,0.05,100.0,all_scenarios,alerts,9344.0,6712.0,-2632.0,True
3,P0,62,0.05,500.0,all_scenarios,alerts,30402.0,33434.0,3032.0,True
3,P0,62,0.05,1000.0,all_scenarios,alerts,32440.0,33434.0,994.0,True
3,P0,62,0.1,10.0,all_scenarios,alerts,491.0,708.0,217.0,True
3,P0,62,0.1,50.0,all_scenarios,alerts,636.0,848.0,212.0,True
3,P0,62,0.1,100.0,all_scenarios,alerts,9344.0,6712.0,-2632.0,True
3,P0,62,0.1,500.0,all_scenarios,alerts,62020.0,61208.0,-812.0,True
3,P0,62,0.1,1000.0,all_scenarios,alerts,62020.0,64875.0,2855.0,True
3,P0,72,0.01,10.0,all_scenarios,alerts,717.0,705.0,-12.0,True
3,P0,72,0.01,50.0,all_scenarios,alerts,3699.0,4224.0,525.0,True
3,P0,72,0.01,100.0,all_scenarios,alerts,3854.0,6432.0,2578.0,True
3,P0,72,0.01,500.0,all_scenarios,alerts,5238.0,6432.0,1194.0,True
3,P0,72,0.01,1000.0,all_scenarios,alerts,5238.0,6432.0,1194.0,True
3,P0,72,0.03,10.0,all_scenarios,alerts,717.0,705.0,-12.0,True
3,P0,72,0.03,50.0,all_scenarios,alerts,3699.0,4224.0,525.0,True
3,P0,72,0.03,100.0,all_scenarios,alerts,3854.0,6432.0,2578.0,True
3,P0,72,0.03,500.0,all_scenarios,alerts,19567.0,19385.0,-182.0,True
3,P0,72,0.03,1000.0,all_scenarios,alerts,21693.0,20611.0,-1082.0,True
3,P0,72,0.05,10.0,all_scenarios,alerts,717.0,705.0,-12.0,True
3,P0,72,0.05,50.0,all_scenarios,alerts,3699.0,4224.0,525.0,True
3,P0,72,0.05,100.0,all_scenarios,alerts,3854.0,6432.0,2578.0,True
3,P0,72,0.05,500.0,all_scenarios,alerts,34507.0,32270.0,-2237.0,True
3,P0,72,0.05,1000.0,all_scenarios,alerts,34507.0,32270.0,-2237.0,True
3,P0,72,0.1,10.0,all_scenarios,alerts,717.0,705.0,-12.0,True
3,P0,72,0.1,50.0,all_scenarios,alerts,3699.0,4224.0,525.0,True
3,P0,72,0.1,100.0,all_scenarios,alerts,3854.0,6432.0,2578.0,True
3,P0,72,0.1,500.0,all_scenarios,alerts,61996.0,64819.0,2823.0,True
3,P0,72,0.1,1000.0,all_scenarios,alerts,64830.0,64819.0,-11.0,True
3,P0,82,0.01,10.0,all_scenarios,alerts,699.0,714.0,15.0,True
3,P0,82,0.01,50.0,all_scenarios,alerts,855.0,854.0,-1.0,True
3,P0,82,0.01,100.0,all_scenarios,alerts,855.0,4478.0,3623.0,True
3,P0,82,0.01,500.0,all_scenarios,alerts,6719.0,6333.0,-386.0,True
3,P0,82,0.01,1000.0,all_scenarios,alerts,6719.0,6333.0,-386.0,True
3,P0,82,0.03,10.0,all_scenarios,alerts,699.0,714.0,15.0,True
3,P0,82,0.03,50.0,all_scenarios,alerts,855.0,854.0,-1.0,True
3,P0,82,0.03,100.0,all_scenarios,alerts,9428.0,4478.0,-4950.0,True
3,P0,82,0.03,500.0,all_scenarios,alerts,20890.0,18613.0,-2277.0,True
3,P0,82,0.03,1000.0,all_scenarios,alerts,20890.0,20725.0,-165.0,True
3,P0,82,0.05,10.0,all_scenarios,alerts,699.0,714.0,15.0,True
3,P0,82,0.05,50.0,all_scenarios,alerts,855.0,854.0,-1.0,True
3,P0,82,0.05,100.0,all_scenarios,alerts,9428.0,4478.0,-4950.0,True
3,P0,82,0.05,500.0,all_scenarios,alerts,29641.0,26732.0,-2909.0,True
3,P0,82,0.05,1000.0,all_scenarios,alerts,29641.0,34510.0,4869.0,True
3,P0,82,0.1,10.0,all_scenarios,alerts,699.0,714.0,15.0,True
3,P0,82,0.1,50.0,all_scenarios,alerts,855.0,854.0,-1.0,True
3,P0,82,0.1,100.0,all_scenarios,alerts,9428.0,4478.0,-4950.0,True
3,P0,82,0.1,500.0,all_scenarios,alerts,62356.0,62585.0,229.0,True
3,P0,82,0.1,1000.0,all_scenarios,alerts,62356.0,62585.0,229.0,True
3,PH,42,0.03,100.0,all_scenarios,alerts,10617.0,15680.0,5063.0,True
3,PH,52,0.03,100.0,all_scenarios,alerts,11956.0,9746.0,-2210.0,True
3,PH,62,0.03,100.0,all_scenarios,alerts,9601.0,9748.0,147.0,True
3,PH,72,0.03,100.0,all_scenarios,alerts,8939.0,10170.0,1231.0,True
3,PH,82,0.03,100.0,all_scenarios,alerts,9615.0,10139.0,524.0,True
3,PT,42,0.03,100.0,all_scenarios,alerts,13013.0,16879.0,3866.0,True
3,PT,52,0.03,100.0,all_scenarios,alerts,13002.0,16509.0,3507.0,True
3,PT,62,0.03,100.0,all_scenarios,alerts,12981.0,14984.0,2003.0,True
3,PT,72,0.03,100.0,all_scenarios,alerts,18131.0,12740.0,-5391.0,True
3,PT,82,0.03,100.0,all_scenarios,alerts,13840.0,14790.0,950.0,True
3,PTH,42,0.03,100.0,all_scenarios,alerts,19003.0,15819.0,-3184.0,True
3,PTH,52,0.03,100.0,all_scenarios,alerts,27232.0,18727.0,-8505.0,True
3,PTH,62,0.03,100.0,all_scenarios,alerts,15328.0,24977.0,9649.0,True
3,PTH,72,0.03,100.0,all_scenarios,alerts,15734.0,15319.0,-415.0,True
3,PTH,82,0.03,100.0,all_scenarios,alerts,11665.0,20910.0,9245.0,True
3,PTHW,42,0.01,10.0,all_scenarios,alerts,5107.0,7923.0,2816.0,True
3,PTHW,42,0.01,50.0,all_scenarios,alerts,10679.0,13554.0,2875.0,True
3,PTHW,42,0.01,100.0,all_scenarios,alerts,10679.0,15512.0,4833.0,True
3,PTHW,42,0.01,500.0,all_scenarios,alerts,12787.0,15918.0,3131.0,True
3,PTHW,42,0.01,1000.0,all_scenarios,alerts,12787.0,15918.0,3131.0,True
3,PTHW,42,0.03,10.0,all_scenarios,alerts,5107.0,7923.0,2816.0,True
3,PTHW,42,0.03,50.0,all_scenarios,alerts,10679.0,13554.0,2875.0,True
3,PTHW,42,0.03,100.0,all_scenarios,alerts,10679.0,15512.0,4833.0,True
3,PTHW,42,0.03,500.0,all_scenarios,alerts,18358.0,19211.0,853.0,True
3,PTHW,42,0.03,1000.0,all_scenarios,alerts,25596.0,20936.0,-4660.0,True
3,PTHW,42,0.05,10.0,all_scenarios,alerts,5107.0,7923.0,2816.0,True
3,PTHW,42,0.05,50.0,all_scenarios,alerts,10679.0,13554.0,2875.0,True
3,PTHW,42,0.05,100.0,all_scenarios,alerts,10679.0,15512.0,4833.0,True
3,PTHW,42,0.05,500.0,all_scenarios,alerts,18358.0,19211.0,853.0,True
3,PTHW,42,0.05,1000.0,all_scenarios,alerts,25596.0,20936.0,-4660.0,True
3,PTHW,42,0.1,10.0,all_scenarios,alerts,5107.0,7923.0,2816.0,True
3,PTHW,42,0.1,50.0,all_scenarios,alerts,10679.0,13554.0,2875.0,True
3,PTHW,42,0.1,100.0,all_scenarios,alerts,10679.0,15512.0,4833.0,True
3,PTHW,42,0.1,500.0,all_scenarios,alerts,18358.0,19211.0,853.0,True
3,PTHW,42,0.1,1000.0,all_scenarios,alerts,25596.0,20936.0,-4660.0,True
3,PTHW,52,0.01,10.0,all_scenarios,alerts,7431.0,9455.0,2024.0,True
3,PTHW,52,0.01,50.0,all_scenarios,alerts,10332.0,15795.0,5463.0,True
3,PTHW,52,0.01,100.0,all_scenarios,alerts,12732.0,15795.0,3063.0,True
3,PTHW,52,0.01,500.0,all_scenarios,alerts,14441.0,47487.0,33046.0,True
3,PTHW,52,0.01,1000.0,all_scenarios,alerts,14441.0,47487.0,33046.0,True
3,PTHW,52,0.03,10.0,all_scenarios,alerts,7431.0,9455.0,2024.0,True
3,PTHW,52,0.03,50.0,all_scenarios,alerts,10332.0,15795.0,5463.0,True
3,PTHW,52,0.03,100.0,all_scenarios,alerts,12732.0,49247.0,36515.0,True
3,PTHW,52,0.03,500.0,all_scenarios,alerts,15319.0,50465.0,35146.0,True
3,PTHW,52,0.03,1000.0,all_scenarios,alerts,16213.0,50465.0,34252.0,True
3,PTHW,52,0.05,10.0,all_scenarios,alerts,7431.0,9455.0,2024.0,True
3,PTHW,52,0.05,50.0,all_scenarios,alerts,10332.0,15795.0,5463.0,True
3,PTHW,52,0.05,100.0,all_scenarios,alerts,12732.0,49247.0,36515.0,True
3,PTHW,52,0.05,500.0,all_scenarios,alerts,15319.0,50465.0,35146.0,True
3,PTHW,52,0.05,1000.0,all_scenarios,alerts,16213.0,50465.0,34252.0,True
3,PTHW,52,0.1,10.0,all_scenarios,alerts,7431.0,9455.0,2024.0,True
3,PTHW,52,0.1,50.0,all_scenarios,alerts,10332.0,15795.0,5463.0,True
3,PTHW,52,0.1,100.0,all_scenarios,alerts,12732.0,49247.0,36515.0,True
3,PTHW,52,0.1,500.0,all_scenarios,alerts,15319.0,50465.0,35146.0,True
3,PTHW,52,0.1,1000.0,all_scenarios,alerts,16213.0,50465.0,34252.0,True
3,PTHW,62,0.01,10.0,all_scenarios,alerts,10523.0,3003.0,-7520.0,True
3,PTHW,62,0.01,50.0,all_scenarios,alerts,18656.0,9937.0,-8719.0,True
3,PTHW,62,0.01,100.0,all_scenarios,alerts,21138.0,12217.0,-8921.0,True
3,PTHW,62,0.01,500.0,all_scenarios,alerts,21878.0,12811.0,-9067.0,True
3,PTHW,62,0.01,1000.0,all_scenarios,alerts,21878.0,12811.0,-9067.0,True
3,PTHW,62,0.03,10.0,all_scenarios,alerts,10523.0,3003.0,-7520.0,True
3,PTHW,62,0.03,50.0,all_scenarios,alerts,18656.0,9937.0,-8719.0,True
3,PTHW,62,0.03,100.0,all_scenarios,alerts,21138.0,15315.0,-5823.0,True
3,PTHW,62,0.03,500.0,all_scenarios,alerts,23382.0,17594.0,-5788.0,True
3,PTHW,62,0.03,1000.0,all_scenarios,alerts,33408.0,27063.0,-6345.0,True
3,PTHW,62,0.05,10.0,all_scenarios,alerts,10523.0,3003.0,-7520.0,True
3,PTHW,62,0.05,50.0,all_scenarios,alerts,18656.0,9937.0,-8719.0,True
3,PTHW,62,0.05,100.0,all_scenarios,alerts,21138.0,15315.0,-5823.0,True
3,PTHW,62,0.05,500.0,all_scenarios,alerts,23382.0,17594.0,-5788.0,True
3,PTHW,62,0.05,1000.0,all_scenarios,alerts,33408.0,27063.0,-6345.0,True
3,PTHW,62,0.1,10.0,all_scenarios,alerts,10523.0,3003.0,-7520.0,True
3,PTHW,62,0.1,50.0,all_scenarios,alerts,18656.0,9937.0,-8719.0,True
3,PTHW,62,0.1,100.0,all_scenarios,alerts,21138.0,15315.0,-5823.0,True
3,PTHW,62,0.1,500.0,all_scenarios,alerts,23382.0,17594.0,-5788.0,True
3,PTHW,62,0.1,1000.0,all_scenarios,alerts,33408.0,27063.0,-6345.0,True
3,PTHW,72,0.01,10.0,all_scenarios,alerts,6682.0,3819.0,-2863.0,True
3,PTHW,72,0.01,50.0,all_scenarios,alerts,9941.0,9074.0,-867.0,True
3,PTHW,72,0.01,100.0,all_scenarios,alerts,14720.0,14177.0,-543.0,True
3,PTHW,72,0.01,500.0,all_scenarios,alerts,14720.0,14177.0,-543.0,True
3,PTHW,72,0.01,1000.0,all_scenarios,alerts,14720.0,14177.0,-543.0,True
3,PTHW,72,0.03,10.0,all_scenarios,alerts,6682.0,3819.0,-2863.0,True
3,PTHW,72,0.03,50.0,all_scenarios,alerts,9941.0,9074.0,-867.0,True
3,PTHW,72,0.03,100.0,all_scenarios,alerts,15913.0,14540.0,-1373.0,True
3,PTHW,72,0.03,500.0,all_scenarios,alerts,19177.0,19276.0,99.0,True
3,PTHW,72,0.03,1000.0,all_scenarios,alerts,25075.0,19276.0,-5799.0,True
3,PTHW,72,0.05,10.0,all_scenarios,alerts,6682.0,3819.0,-2863.0,True
3,PTHW,72,0.05,50.0,all_scenarios,alerts,9941.0,9074.0,-867.0,True
3,PTHW,72,0.05,100.0,all_scenarios,alerts,15913.0,14540.0,-1373.0,True
3,PTHW,72,0.05,500.0,all_scenarios,alerts,19177.0,19276.0,99.0,True
3,PTHW,72,0.05,1000.0,all_scenarios,alerts,31213.0,19276.0,-11937.0,True
3,PTHW,72,0.1,10.0,all_scenarios,alerts,6682.0,3819.0,-2863.0,True
3,PTHW,72,0.1,50.0,all_scenarios,alerts,9941.0,9074.0,-867.0,True
3,PTHW,72,0.1,100.0,all_scenarios,alerts,15913.0,14540.0,-1373.0,True
3,PTHW,72,0.1,500.0,all_scenarios,alerts,19177.0,19276.0,99.0,True
3,PTHW,72,0.1,1000.0,all_scenarios,alerts,31213.0,19276.0,-11937.0,True
3,PTHW,82,0.01,10.0,all_scenarios,alerts,4775.0,7365.0,2590.0,True
3,PTHW,82,0.01,50.0,all_scenarios,alerts,12595.0,13707.0,1112.0,True
3,PTHW,82,0.01,100.0,all_scenarios,alerts,17703.0,17868.0,165.0,True
3,PTHW,82,0.01,500.0,all_scenarios,alerts,17703.0,17868.0,165.0,True
3,PTHW,82,0.01,1000.0,all_scenarios,alerts,17703.0,17868.0,165.0,True
3,PTHW,82,0.03,10.0,all_scenarios,alerts,4775.0,7365.0,2590.0,True
3,PTHW,82,0.03,50.0,all_scenarios,alerts,12595.0,13707.0,1112.0,True
3,PTHW,82,0.03,100.0,all_scenarios,alerts,18990.0,18133.0,-857.0,True
3,PTHW,82,0.03,500.0,all_scenarios,alerts,21360.0,22687.0,1327.0,True
3,PTHW,82,0.03,1000.0,all_scenarios,alerts,25785.0,24960.0,-825.0,True
3,PTHW,82,0.05,10.0,all_scenarios,alerts,4775.0,7365.0,2590.0,True
3,PTHW,82,0.05,50.0,all_scenarios,alerts,12595.0,13707.0,1112.0,True
3,PTHW,82,0.05,100.0,all_scenarios,alerts,18990.0,18133.0,-857.0,True
3,PTHW,82,0.05,500.0,all_scenarios,alerts,21360.0,22687.0,1327.0,True
3,PTHW,82,0.05,1000.0,all_scenarios,alerts,25785.0,24960.0,-825.0,True
3,PTHW,82,0.1,10.0,all_scenarios,alerts,4775.0,7365.0,2590.0,True
3,PTHW,82,0.1,50.0,all_scenarios,alerts,12595.0,13707.0,1112.0,True
3,PTHW,82,0.1,100.0,all_scenarios,alerts,18990.0,18133.0,-857.0,True
3,PTHW,82,0.1,500.0,all_scenarios,alerts,21360.0,22687.0,1327.0,True
3,PTHW,82,0.1,1000.0,all_scenarios,alerts,25785.0,24960.0,-825.0,True
3,PTHW5,42,0.03,100.0,all_scenarios,alerts,20251.0,14818.0,-5433.0,True
3,PTHW5,52,0.03,100.0,all_scenarios,alerts,10227.0,13363.0,3136.0,True
3,PTHW5,62,0.03,100.0,all_scenarios,alerts,17883.0,20860.0,2977.0,True
3,PTHW5,72,0.03,100.0,all_scenarios,alerts,12099.0,18454.0,6355.0,True
3,PTHW5,82,0.03,100.0,all_scenarios,alerts,16189.0,16247.0,58.0,True
1,P0,42,0.01,10.0,all_scenarios,recall,0.13453815261044177,0.13453815261044177,0.0,False
1,P0,42,0.01,50.0,all_scenarios,recall,0.142570281124498,0.142570281124498,0.0,False
1,P0,42,0.01,100.0,all_scenarios,recall,0.142570281124498,0.142570281124498,0.0,False
1,P0,42,0.01,500.0,all_scenarios,recall,0.142570281124498,0.19477911646586346,0.05220883534136547,True
1,P0,42,0.01,1000.0,all_scenarios,recall,0.1706827309236948,0.19477911646586346,0.02409638554216867,True
1,P0,42,0.03,10.0,all_scenarios,recall,0.13453815261044177,0.13453815261044177,0.0,False
1,P0,42,0.03,50.0,all_scenarios,recall,0.142570281124498,0.142570281124498,0.0,False
1,P0,42,0.03,100.0,all_scenarios,recall,0.142570281124498,0.142570281124498,0.0,False
1,P0,42,0.03,500.0,all_scenarios,recall,0.38353413654618473,0.30120481927710846,-0.08232931726907627,True
1,P0,42,0.03,1000.0,all_scenarios,recall,0.38353413654618473,0.30120481927710846,-0.08232931726907627,True
1,P0,42,0.05,10.0,all_scenarios,recall,0.13453815261044177,0.13453815261044177,0.0,False
1,P0,42,0.05,50.0,all_scenarios,recall,0.142570281124498,0.142570281124498,0.0,False
1,P0,42,0.05,100.0,all_scenarios,recall,0.142570281124498,0.142570281124498,0.0,False
1,P0,42,0.05,500.0,all_scenarios,recall,0.38353413654618473,0.41365461847389556,0.03012048192771083,True
1,P0,42,0.05,1000.0,all_scenarios,recall,0.4939759036144578,0.41365461847389556,-0.08032128514056225,True
1,P0,42,0.1,10.0,all_scenarios,recall,0.13453815261044177,0.13453815261044177,0.0,False
1,P0,42,0.1,50.0,all_scenarios,recall,0.142570281124498,0.142570281124498,0.0,False
1,P0,42,0.1,100.0,all_scenarios,recall,0.142570281124498,0.142570281124498,0.0,False
1,P0,42,0.1,500.0,all_scenarios,recall,0.5803212851405622,0.41365461847389556,-0.16666666666666669,True
1,P0,42,0.1,1000.0,all_scenarios,recall,0.6566265060240963,0.5823293172690763,-0.07429718875502,True
1,P0,52,0.01,10.0,all_scenarios,recall,0.13453815261044177,0.0,-0.13453815261044177,True
1,P0,52,0.01,50.0,all_scenarios,recall,0.13453815261044177,0.01606425702811245,-0.11847389558232932,True
1,P0,52,0.01,100.0,all_scenarios,recall,0.13453815261044177,0.01606425702811245,-0.11847389558232932,True
1,P0,52,0.01,500.0,all_scenarios,recall,0.13453815261044177,0.01606425702811245,-0.11847389558232932,True
1,P0,52,0.01,1000.0,all_scenarios,recall,0.15863453815261044,0.030120481927710843,-0.1285140562248996,True
1,P0,52,0.03,10.0,all_scenarios,recall,0.13453815261044177,0.0,-0.13453815261044177,True
1,P0,52,0.03,50.0,all_scenarios,recall,0.13453815261044177,0.01606425702811245,-0.11847389558232932,True
1,P0,52,0.03,100.0,all_scenarios,recall,0.13453815261044177,0.01606425702811245,-0.11847389558232932,True
1,P0,52,0.03,500.0,all_scenarios,recall,0.39156626506024095,0.26104417670682734,-0.1305220883534136,True
1,P0,52,0.03,1000.0,all_scenarios,recall,0.39156626506024095,0.26104417670682734,-0.1305220883534136,True
1,P0,52,0.05,10.0,all_scenarios,recall,0.13453815261044177,0.0,-0.13453815261044177,True
1,P0,52,0.05,50.0,all_scenarios,recall,0.13453815261044177,0.01606425702811245,-0.11847389558232932,True
1,P0,52,0.05,100.0,all_scenarios,recall,0.13453815261044177,0.01606425702811245,-0.11847389558232932,True
1,P0,52,0.05,500.0,all_scenarios,recall,0.45180722891566266,0.3433734939759036,-0.10843373493975905,True
1,P0,52,0.05,1000.0,all_scenarios,recall,0.4759036144578313,0.3674698795180723,-0.108433734939759,True
1,P0,52,0.1,10.0,all_scenarios,recall,0.13453815261044177,0.0,-0.13453815261044177,True
1,P0,52,0.1,50.0,all_scenarios,recall,0.13453815261044177,0.01606425702811245,-0.11847389558232932,True
1,P0,52,0.1,100.0,all_scenarios,recall,0.13453815261044177,0.01606425702811245,-0.11847389558232932,True
1,P0,52,0.1,500.0,all_scenarios,recall,0.45180722891566266,0.4578313253012048,0.0060240963855421326,True
1,P0,52,0.1,1000.0,all_scenarios,recall,0.6847389558232931,0.5662650602409639,-0.11847389558232924,True
1,P0,62,0.01,10.0,all_scenarios,recall,0.14457831325301204,0.13453815261044177,-0.010040160642570267,True
1,P0,62,0.01,50.0,all_scenarios,recall,0.15261044176706828,0.13453815261044177,-0.01807228915662651,True
1,P0,62,0.01,100.0,all_scenarios,recall,0.15261044176706828,0.13453815261044177,-0.01807228915662651,True
1,P0,62,0.01,500.0,all_scenarios,recall,0.20682730923694778,0.1706827309236948,-0.03614457831325299,True
1,P0,62,0.01,1000.0,all_scenarios,recall,0.20682730923694778,0.1706827309236948,-0.03614457831325299,True
1,P0,62,0.03,10.0,all_scenarios,recall,0.14457831325301204,0.13453815261044177,-0.010040160642570267,True
1,P0,62,0.03,50.0,all_scenarios,recall,0.15261044176706828,0.13453815261044177,-0.01807228915662651,True
1,P0,62,0.03,100.0,all_scenarios,recall,0.15261044176706828,0.13453815261044177,-0.01807228915662651,True
1,P0,62,0.03,500.0,all_scenarios,recall,0.3413654618473896,0.321285140562249,-0.02008032128514059,True
1,P0,62,0.03,1000.0,all_scenarios,recall,0.37751004016064255,0.321285140562249,-0.05622489959839355,True
1,P0,62,0.05,10.0,all_scenarios,recall,0.14457831325301204,0.13453815261044177,-0.010040160642570267,True
1,P0,62,0.05,50.0,all_scenarios,recall,0.15261044176706828,0.13453815261044177,-0.01807228915662651,True
1,P0,62,0.05,100.0,all_scenarios,recall,0.15261044176706828,0.13453815261044177,-0.01807228915662651,True
1,P0,62,0.05,500.0,all_scenarios,recall,0.3413654618473896,0.4457831325301205,0.10441767068273089,True
1,P0,62,0.05,1000.0,all_scenarios,recall,0.4497991967871486,0.4457831325301205,-0.004016064257028107,True
1,P0,62,0.1,10.0,all_scenarios,recall,0.14457831325301204,0.13453815261044177,-0.010040160642570267,True
1,P0,62,0.1,50.0,all_scenarios,recall,0.15261044176706828,0.13453815261044177,-0.01807228915662651,True
1,P0,62,0.1,100.0,all_scenarios,recall,0.15261044176706828,0.13453815261044177,-0.01807228915662651,True
1,P0,62,0.1,500.0,all_scenarios,recall,0.3413654618473896,0.4457831325301205,0.10441767068273089,True
1,P0,62,0.1,1000.0,all_scenarios,recall,0.6987951807228916,0.6485943775100401,-0.050200803212851475,True
1,P0,72,0.01,10.0,all_scenarios,recall,0.13453815261044177,0.14457831325301204,0.010040160642570267,True
1,P0,72,0.01,50.0,all_scenarios,recall,0.13453815261044177,0.14457831325301204,0.010040160642570267,True
1,P0,72,0.01,100.0,all_scenarios,recall,0.13453815261044177,0.14457831325301204,0.010040160642570267,True
1,P0,72,0.01,500.0,all_scenarios,recall,0.15863453815261044,0.14457831325301204,-0.014056224899598402,True
1,P0,72,0.01,1000.0,all_scenarios,recall,0.1686746987951807,0.1606425702811245,-0.008032128514056214,True
1,P0,72,0.03,10.0,all_scenarios,recall,0.13453815261044177,0.14457831325301204,0.010040160642570267,True
1,P0,72,0.03,50.0,all_scenarios,recall,0.13453815261044177,0.14457831325301204,0.010040160642570267,True
1,P0,72,0.03,100.0,all_scenarios,recall,0.13453815261044177,0.14457831325301204,0.010040160642570267,True
1,P0,72,0.03,500.0,all_scenarios,recall,0.15863453815261044,0.14457831325301204,-0.014056224899598402,True
1,P0,72,0.03,1000.0,all_scenarios,recall,0.23493975903614459,0.23493975903614459,0.0,False
1,P0,72,0.05,10.0,all_scenarios,recall,0.13453815261044177,0.14457831325301204,0.010040160642570267,True
1,P0,72,0.05,50.0,all_scenarios,recall,0.13453815261044177,0.14457831325301204,0.010040160642570267,True
1,P0,72,0.05,100.0,all_scenarios,recall,0.13453815261044177,0.14457831325301204,0.010040160642570267,True
1,P0,72,0.05,500.0,all_scenarios,recall,0.15863453815261044,0.14457831325301204,-0.014056224899598402,True
1,P0,72,0.05,1000.0,all_scenarios,recall,0.3493975903614458,0.3333333333333333,-0.016064257028112483,True
1,P0,72,0.1,10.0,all_scenarios,recall,0.13453815261044177,0.14457831325301204,0.010040160642570267,True
1,P0,72,0.1,50.0,all_scenarios,recall,0.13453815261044177,0.14457831325301204,0.010040160642570267,True
1,P0,72,0.1,100.0,all_scenarios,recall,0.13453815261044177,0.14457831325301204,0.010040160642570267,True
1,P0,72,0.1,500.0,all_scenarios,recall,0.5662650602409639,0.44377510040160645,-0.12248995983935745,True
1,P0,72,0.1,1000.0,all_scenarios,recall,0.678714859437751,0.5421686746987951,-0.13654618473895586,True
1,P0,82,0.01,10.0,all_scenarios,recall,0.13453815261044177,0.0,-0.13453815261044177,True
1,P0,82,0.01,50.0,all_scenarios,recall,0.142570281124498,0.14056224899598393,-0.0020080321285140534,True
1,P0,82,0.01,100.0,all_scenarios,recall,0.1646586345381526,0.14056224899598393,-0.02409638554216867,True
1,P0,82,0.01,500.0,all_scenarios,recall,0.20080321285140562,0.15261044176706828,-0.04819277108433734,True
1,P0,82,0.01,1000.0,all_scenarios,recall,0.20481927710843373,0.15261044176706828,-0.052208835341365445,True
1,P0,82,0.03,10.0,all_scenarios,recall,0.13453815261044177,0.0,-0.13453815261044177,True
1,P0,82,0.03,50.0,all_scenarios,recall,0.142570281124498,0.14056224899598393,-0.0020080321285140534,True
1,P0,82,0.03,100.0,all_scenarios,recall,0.1646586345381526,0.14056224899598393,-0.02409638554216867,True
1,P0,82,0.03,500.0,all_scenarios,recall,0.2710843373493976,0.15261044176706828,-0.11847389558232929,True
1,P0,82,0.03,1000.0,all_scenarios,recall,0.2710843373493976,0.23694779116465864,-0.034136546184738936,True
1,P0,82,0.05,10.0,all_scenarios,recall,0.13453815261044177,0.0,-0.13453815261044177,True
1,P0,82,0.05,50.0,all_scenarios,recall,0.142570281124498,0.14056224899598393,-0.0020080321285140534,True
1,P0,82,0.05,100.0,all_scenarios,recall,0.1646586345381526,0.14056224899598393,-0.02409638554216867,True
1,P0,82,0.05,500.0,all_scenarios,recall,0.41164658634538154,0.4959839357429719,0.08433734939759036,True
1,P0,82,0.05,1000.0,all_scenarios,recall,0.41164658634538154,0.5060240963855421,0.0943775100401606,True
1,P0,82,0.1,10.0,all_scenarios,recall,0.13453815261044177,0.0,-0.13453815261044177,True
1,P0,82,0.1,50.0,all_scenarios,recall,0.142570281124498,0.14056224899598393,-0.0020080321285140534,True
1,P0,82,0.1,100.0,all_scenarios,recall,0.1646586345381526,0.14056224899598393,-0.02409638554216867,True
1,P0,82,0.1,500.0,all_scenarios,recall,0.7168674698795181,0.5742971887550201,-0.142570281124498,True
1,P0,82,0.1,1000.0,all_scenarios,recall,0.7168674698795181,0.5923694779116466,-0.12449799196787148,True
1,PH,42,0.03,100.0,all_scenarios,recall,0.6586345381526104,0.6526104417670683,-0.0060240963855421326,True
1,PH,52,0.03,100.0,all_scenarios,recall,0.5481927710843374,0.6385542168674698,0.09036144578313243,True
1,PH,62,0.03,100.0,all_scenarios,recall,0.5261044176706827,0.42570281124497994,-0.10040160642570278,True
1,PH,72,0.03,100.0,all_scenarios,recall,0.6365461847389559,0.5060240963855421,-0.13052208835341372,True
1,PH,82,0.03,100.0,all_scenarios,recall,0.6265060240963856,0.6546184738955824,0.028112449799196804,True
1,PT,42,0.03,100.0,all_scenarios,recall,0.30120481927710846,0.2710843373493976,-0.030120481927710885,True
1,PT,52,0.03,100.0,all_scenarios,recall,0.4036144578313253,0.3293172690763052,-0.07429718875502012,True
1,PT,62,0.03,100.0,all_scenarios,recall,0.46184738955823296,0.30522088353413657,-0.1566265060240964,True
1,PT,72,0.03,100.0,all_scenarios,recall,0.44779116465863456,0.2931726907630522,-0.15461847389558236,True
1,PT,82,0.03,100.0,all_scenarios,recall,0.2931726907630522,0.3172690763052209,0.024096385542168697,True
1,PTH,42,0.03,100.0,all_scenarios,recall,0.6465863453815262,0.6767068273092369,0.030120481927710774,True
1,PTH,52,0.03,100.0,all_scenarios,recall,0.6566265060240963,0.6465863453815262,-0.010040160642570184,True
1,PTH,62,0.03,100.0,all_scenarios,recall,0.678714859437751,0.6807228915662651,0.002008032128514081,True
1,PTH,72,0.03,100.0,all_scenarios,recall,0.6485943775100401,0.6546184738955824,0.006024096385542244,True
1,PTH,82,0.03,100.0,all_scenarios,recall,0.678714859437751,0.7650602409638554,0.08634538152610438,True
1,PTHW,42,0.01,10.0,all_scenarios,recall,0.0,0.0,0.0,False
1,PTHW,42,0.01,50.0,all_scenarios,recall,0.5040160642570282,0.6265060240963856,0.1224899598393574,True
1,PTHW,42,0.01,100.0,all_scenarios,recall,0.5040160642570282,0.6767068273092369,0.17269076305220876,True
1,PTHW,42,0.01,500.0,all_scenarios,recall,0.5140562248995983,0.6827309236947792,0.16867469879518082,True
1,PTHW,42,0.01,1000.0,all_scenarios,recall,0.5140562248995983,0.6827309236947792,0.16867469879518082,True
1,PTHW,42,0.03,10.0,all_scenarios,recall,0.0,0.0,0.0,False
1,PTHW,42,0.03,50.0,all_scenarios,recall,0.5040160642570282,0.6265060240963856,0.1224899598393574,True
1,PTHW,42,0.03,100.0,all_scenarios,recall,0.5040160642570282,0.6867469879518072,0.18273092369477906,True
1,PTHW,42,0.03,500.0,all_scenarios,recall,0.5783132530120482,0.7429718875502008,0.16465863453815266,True
1,PTHW,42,0.03,1000.0,all_scenarios,recall,0.5823293172690763,0.7429718875502008,0.1606425702811245,True
1,PTHW,42,0.05,10.0,all_scenarios,recall,0.0,0.0,0.0,False
1,PTHW,42,0.05,50.0,all_scenarios,recall,0.5040160642570282,0.6265060240963856,0.1224899598393574,True
1,PTHW,42,0.05,100.0,all_scenarios,recall,0.5040160642570282,0.6867469879518072,0.18273092369477906,True
1,PTHW,42,0.05,500.0,all_scenarios,recall,0.5783132530120482,0.7429718875502008,0.16465863453815266,True
1,PTHW,42,0.05,1000.0,all_scenarios,recall,0.5823293172690763,0.7429718875502008,0.1606425702811245,True
1,PTHW,42,0.1,10.0,all_scenarios,recall,0.0,0.0,0.0,False
1,PTHW,42,0.1,50.0,all_scenarios,recall,0.5040160642570282,0.6265060240963856,0.1224899598393574,True
1,PTHW,42,0.1,100.0,all_scenarios,recall,0.5040160642570282,0.6867469879518072,0.18273092369477906,True
1,PTHW,42,0.1,500.0,all_scenarios,recall,0.5783132530120482,0.7429718875502008,0.16465863453815266,True
1,PTHW,42,0.1,1000.0,all_scenarios,recall,0.5823293172690763,0.7429718875502008,0.1606425702811245,True
1,PTHW,52,0.01,10.0,all_scenarios,recall,0.3393574297188755,0.3493975903614458,0.010040160642570295,True
1,PTHW,52,0.01,50.0,all_scenarios,recall,0.6606425702811245,0.6184738955823293,-0.04216867469879515,True
1,PTHW,52,0.01,100.0,all_scenarios,recall,0.6927710843373494,0.6887550200803213,-0.004016064257028051,True
1,PTHW,52,0.01,500.0,all_scenarios,recall,0.7168674698795181,0.6887550200803213,-0.028112449799196804,True
1,PTHW,52,0.01,1000.0,all_scenarios,recall,0.7168674698795181,0.6887550200803213,-0.028112449799196804,True
1,PTHW,52,0.03,10.0,all_scenarios,recall,0.3393574297188755,0.3493975903614458,0.010040160642570295,True
1,PTHW,52,0.03,50.0,all_scenarios,recall,0.6606425702811245,0.6184738955823293,-0.04216867469879515,True
1,PTHW,52,0.03,100.0,all_scenarios,recall,0.6927710843373494,0.7289156626506024,0.03614457831325302,True
1,PTHW,52,0.03,500.0,all_scenarios,recall,0.7771084337349398,0.7670682730923695,-0.010040160642570295,True
1,PTHW,52,0.03,1000.0,all_scenarios,recall,0.7771084337349398,0.7670682730923695,-0.010040160642570295,True
1,PTHW,52,0.05,10.0,all_scenarios,recall,0.3393574297188755,0.3493975903614458,0.010040160642570295,True
1,PTHW,52,0.05,50.0,all_scenarios,recall,0.6606425702811245,0.6184738955823293,-0.04216867469879515,True
1,PTHW,52,0.05,100.0,all_scenarios,recall,0.6927710843373494,0.7289156626506024,0.03614457831325302,True
1,PTHW,52,0.05,500.0,all_scenarios,recall,0.7771084337349398,0.7670682730923695,-0.010040160642570295,True
1,PTHW,52,0.05,1000.0,all_scenarios,recall,0.7771084337349398,0.8032128514056225,0.026104417670682722,True
1,PTHW,52,0.1,10.0,all_scenarios,recall,0.3393574297188755,0.3493975903614458,0.010040160642570295,True
1,PTHW,52,0.1,50.0,all_scenarios,recall,0.6606425702811245,0.6184738955823293,-0.04216867469879515,True
1,PTHW,52,0.1,100.0,all_scenarios,recall,0.6927710843373494,0.7289156626506024,0.03614457831325302,True
1,PTHW,52,0.1,500.0,all_scenarios,recall,0.7771084337349398,0.7670682730923695,-0.010040160642570295,True
1,PTHW,52,0.1,1000.0,all_scenarios,recall,0.7771084337349398,0.8032128514056225,0.026104417670682722,True
1,PTHW,62,0.01,10.0,all_scenarios,recall,0.3373493975903614,0.3534136546184739,0.016064257028112483,True
1,PTHW,62,0.01,50.0,all_scenarios,recall,0.6224899598393574,0.6044176706827309,-0.01807228915662651,True
1,PTHW,62,0.01,100.0,all_scenarios,recall,0.6686746987951807,0.6506024096385542,-0.01807228915662651,True
1,PTHW,62,0.01,500.0,all_scenarios,recall,0.6927710843373494,0.6506024096385542,-0.04216867469879515,True
1,PTHW,62,0.01,1000.0,all_scenarios,recall,0.6927710843373494,0.6506024096385542,-0.04216867469879515,True
1,PTHW,62,0.03,10.0,all_scenarios,recall,0.3373493975903614,0.3534136546184739,0.016064257028112483,True
1,PTHW,62,0.03,50.0,all_scenarios,recall,0.6224899598393574,0.6044176706827309,-0.01807228915662651,True
1,PTHW,62,0.03,100.0,all_scenarios,recall,0.6686746987951807,0.6947791164658634,0.026104417670682722,True
1,PTHW,62,0.03,500.0,all_scenarios,recall,0.7309236947791165,0.751004016064257,0.02008032128514059,True
1,PTHW,62,0.03,1000.0,all_scenarios,recall,0.7309236947791165,0.7610441767068273,0.030120481927710885,True
1,PTHW,62,0.05,10.0,all_scenarios,recall,0.3373493975903614,0.3534136546184739,0.016064257028112483,True
1,PTHW,62,0.05,50.0,all_scenarios,recall,0.6224899598393574,0.6044176706827309,-0.01807228915662651,True
1,PTHW,62,0.05,100.0,all_scenarios,recall,0.6686746987951807,0.6947791164658634,0.026104417670682722,True
1,PTHW,62,0.05,500.0,all_scenarios,recall,0.7309236947791165,0.751004016064257,0.02008032128514059,True
1,PTHW,62,0.05,1000.0,all_scenarios,recall,0.7309236947791165,0.7610441767068273,0.030120481927710885,True
1,PTHW,62,0.1,10.0,all_scenarios,recall,0.3373493975903614,0.3534136546184739,0.016064257028112483,True
1,PTHW,62,0.1,50.0,all_scenarios,recall,0.6224899598393574,0.6044176706827309,-0.01807228915662651,True
1,PTHW,62,0.1,100.0,all_scenarios,recall,0.6686746987951807,0.6947791164658634,0.026104417670682722,True
1,PTHW,62,0.1,500.0,all_scenarios,recall,0.7309236947791165,0.751004016064257,0.02008032128514059,True
1,PTHW,62,0.1,1000.0,all_scenarios,recall,0.7309236947791165,0.7610441767068273,0.030120481927710885,True
1,PTHW,72,0.01,10.0,all_scenarios,recall,0.285140562248996,0.22289156626506024,-0.06224899598393574,True
1,PTHW,72,0.01,50.0,all_scenarios,recall,0.2931726907630522,0.5261044176706827,0.23293172690763053,True
1,PTHW,72,0.01,100.0,all_scenarios,recall,0.5622489959839357,0.6606425702811245,0.09839357429718876,True
1,PTHW,72,0.01,500.0,all_scenarios,recall,0.5622489959839357,0.6606425702811245,0.09839357429718876,True
1,PTHW,72,0.01,1000.0,all_scenarios,recall,0.5622489959839357,0.6606425702811245,0.09839357429718876,True
1,PTHW,72,0.03,10.0,all_scenarios,recall,0.285140562248996,0.22289156626506024,-0.06224899598393574,True
1,PTHW,72,0.03,50.0,all_scenarios,recall,0.2931726907630522,0.5261044176706827,0.23293172690763053,True
1,PTHW,72,0.03,100.0,all_scenarios,recall,0.5983935742971888,0.6606425702811245,0.06224899598393574,True
1,PTHW,72,0.03,500.0,all_scenarios,recall,0.6345381526104418,0.6686746987951807,0.034136546184738936,True
1,PTHW,72,0.03,1000.0,all_scenarios,recall,0.6345381526104418,0.6867469879518072,0.052208835341365445,True
1,PTHW,72,0.05,10.0,all_scenarios,recall,0.285140562248996,0.22289156626506024,-0.06224899598393574,True
1,PTHW,72,0.05,50.0,all_scenarios,recall,0.2931726907630522,0.5261044176706827,0.23293172690763053,True
1,PTHW,72,0.05,100.0,all_scenarios,recall,0.5983935742971888,0.6606425702811245,0.06224899598393574,True
1,PTHW,72,0.05,500.0,all_scenarios,recall,0.6345381526104418,0.6686746987951807,0.034136546184738936,True
1,PTHW,72,0.05,1000.0,all_scenarios,recall,0.6345381526104418,0.6867469879518072,0.052208835341365445,True
1,PTHW,72,0.1,10.0,all_scenarios,recall,0.285140562248996,0.22289156626506024,-0.06224899598393574,True
1,PTHW,72,0.1,50.0,all_scenarios,recall,0.2931726907630522,0.5261044176706827,0.23293172690763053,True
1,PTHW,72,0.1,100.0,all_scenarios,recall,0.5983935742971888,0.6606425702811245,0.06224899598393574,True
1,PTHW,72,0.1,500.0,all_scenarios,recall,0.6345381526104418,0.6686746987951807,0.034136546184738936,True
1,PTHW,72,0.1,1000.0,all_scenarios,recall,0.6345381526104418,0.6867469879518072,0.052208835341365445,True
1,PTHW,82,0.01,10.0,all_scenarios,recall,0.3353413654618474,0.29518072289156627,-0.040160642570281124,True
1,PTHW,82,0.01,50.0,all_scenarios,recall,0.608433734939759,0.5803212851405622,-0.028112449799196804,True
1,PTHW,82,0.01,100.0,all_scenarios,recall,0.6465863453815262,0.6325301204819277,-0.014056224899598457,True
1,PTHW,82,0.01,500.0,all_scenarios,recall,0.6465863453815262,0.6325301204819277,-0.014056224899598457,True
1,PTHW,82,0.01,1000.0,all_scenarios,recall,0.6465863453815262,0.6325301204819277,-0.014056224899598457,True
1,PTHW,82,0.03,10.0,all_scenarios,recall,0.3353413654618474,0.29518072289156627,-0.040160642570281124,True
1,PTHW,82,0.03,50.0,all_scenarios,recall,0.608433734939759,0.5803212851405622,-0.028112449799196804,True
1,PTHW,82,0.03,100.0,all_scenarios,recall,0.7068273092369478,0.7228915662650602,0.016064257028112428,True
1,PTHW,82,0.03,500.0,all_scenarios,recall,0.7670682730923695,0.7690763052208835,0.002008032128514081,True
1,PTHW,82,0.03,1000.0,all_scenarios,recall,0.7690763052208835,0.7690763052208835,0.0,False
1,PTHW,82,0.05,10.0,all_scenarios,recall,0.3353413654618474,0.29518072289156627,-0.040160642570281124,True
1,PTHW,82,0.05,50.0,all_scenarios,recall,0.608433734939759,0.5803212851405622,-0.028112449799196804,True
1,PTHW,82,0.05,100.0,all_scenarios,recall,0.7068273092369478,0.7228915662650602,0.016064257028112428,True
1,PTHW,82,0.05,500.0,all_scenarios,recall,0.7670682730923695,0.7690763052208835,0.002008032128514081,True
1,PTHW,82,0.05,1000.0,all_scenarios,recall,0.7690763052208835,0.7690763052208835,0.0,False
1,PTHW,82,0.1,10.0,all_scenarios,recall,0.3353413654618474,0.29518072289156627,-0.040160642570281124,True
1,PTHW,82,0.1,50.0,all_scenarios,recall,0.608433734939759,0.5803212851405622,-0.028112449799196804,True
1,PTHW,82,0.1,100.0,all_scenarios,recall,0.7068273092369478,0.7228915662650602,0.016064257028112428,True
1,PTHW,82,0.1,500.0,all_scenarios,recall,0.7670682730923695,0.7690763052208835,0.002008032128514081,True
1,PTHW,82,0.1,1000.0,all_scenarios,recall,0.7690763052208835,0.7690763052208835,0.0,False
1,PTHW5,42,0.03,100.0,all_scenarios,recall,0.6887550200803213,0.6987951807228916,0.010040160642570295,True
1,PTHW5,52,0.03,100.0,all_scenarios,recall,0.6244979919678715,0.678714859437751,0.054216867469879526,True
1,PTHW5,62,0.03,100.0,all_scenarios,recall,0.7108433734939759,0.6124497991967871,-0.09839357429718876,True
1,PTHW5,72,0.03,100.0,all_scenarios,recall,0.6345381526104418,0.6927710843373494,0.05823293172690758,True
1,PTHW5,82,0.03,100.0,all_scenarios,recall,0.5863453815261044,0.6224899598393574,0.03614457831325302,True
2,P0,42,0.01,10.0,all_scenarios,recall,0.14423076923076922,0.11858974358974358,-0.025641025641025633,True
2,P0,42,0.01,50.0,all_scenarios,recall,0.14423076923076922,0.15705128205128205,0.01282051282051283,True
2,P0,42,0.01,100.0,all_scenarios,recall,0.14423076923076922,0.15705128205128205,0.01282051282051283,True
2,P0,42,0.01,500.0,all_scenarios,recall,0.14423076923076922,0.17307692307692307,0.028846153846153855,True
2,P0,42,0.01,1000.0,all_scenarios,recall,0.14743589743589744,0.17307692307692307,0.025641025641025633,True
2,P0,42,0.03,10.0,all_scenarios,recall,0.14423076923076922,0.11858974358974358,-0.025641025641025633,True
2,P0,42,0.03,50.0,all_scenarios,recall,0.14423076923076922,0.15705128205128205,0.01282051282051283,True
2,P0,42,0.03,100.0,all_scenarios,recall,0.14423076923076922,0.15705128205128205,0.01282051282051283,True
2,P0,42,0.03,500.0,all_scenarios,recall,0.23397435897435898,0.28205128205128205,0.04807692307692307,True
2,P0,42,0.03,1000.0,all_scenarios,recall,0.23397435897435898,0.28205128205128205,0.04807692307692307,True
2,P0,42,0.05,10.0,all_scenarios,recall,0.14423076923076922,0.11858974358974358,-0.025641025641025633,True
2,P0,42,0.05,50.0,all_scenarios,recall,0.14423076923076922,0.15705128205128205,0.01282051282051283,True
2,P0,42,0.05,100.0,all_scenarios,recall,0.14423076923076922,0.15705128205128205,0.01282051282051283,True
2,P0,42,0.05,500.0,all_scenarios,recall,0.33974358974358976,0.3814102564102564,0.04166666666666663,True
2,P0,42,0.05,1000.0,all_scenarios,recall,0.34294871794871795,0.3814102564102564,0.038461538461538436,True
2,P0,42,0.1,10.0,all_scenarios,recall,0.14423076923076922,0.11858974358974358,-0.025641025641025633,True
2,P0,42,0.1,50.0,all_scenarios,recall,0.14423076923076922,0.15705128205128205,0.01282051282051283,True
2,P0,42,0.1,100.0,all_scenarios,recall,0.14423076923076922,0.15705128205128205,0.01282051282051283,True
2,P0,42,0.1,500.0,all_scenarios,recall,0.657051282051282,0.6891025641025641,0.03205128205128205,True
2,P0,42,0.1,1000.0,all_scenarios,recall,0.657051282051282,0.6891025641025641,0.03205128205128205,True
2,P0,52,0.01,10.0,all_scenarios,recall,0.09935897435897435,0.11217948717948718,0.01282051282051283,True
2,P0,52,0.01,50.0,all_scenarios,recall,0.09935897435897435,0.11217948717948718,0.01282051282051283,True
2,P0,52,0.01,100.0,all_scenarios,recall,0.14102564102564102,0.11217948717948718,-0.02884615384615384,True
2,P0,52,0.01,500.0,all_scenarios,recall,0.15705128205128205,0.1794871794871795,0.02243589743589744,True
2,P0,52,0.01,1000.0,all_scenarios,recall,0.15705128205128205,0.1794871794871795,0.02243589743589744,True
2,P0,52,0.03,10.0,all_scenarios,recall,0.09935897435897435,0.11217948717948718,0.01282051282051283,True
2,P0,52,0.03,50.0,all_scenarios,recall,0.09935897435897435,0.11217948717948718,0.01282051282051283,True
2,P0,52,0.03,100.0,all_scenarios,recall,0.14102564102564102,0.11217948717948718,-0.02884615384615384,True
2,P0,52,0.03,500.0,all_scenarios,recall,0.15705128205128205,0.1794871794871795,0.02243589743589744,True
2,P0,52,0.03,1000.0,all_scenarios,recall,0.15705128205128205,0.1794871794871795,0.02243589743589744,True
2,P0,52,0.05,10.0,all_scenarios,recall,0.09935897435897435,0.11217948717948718,0.01282051282051283,True
2,P0,52,0.05,50.0,all_scenarios,recall,0.09935897435897435,0.11217948717948718,0.01282051282051283,True
2,P0,52,0.05,100.0,all_scenarios,recall,0.14102564102564102,0.11217948717948718,-0.02884615384615384,True
2,P0,52,0.05,500.0,all_scenarios,recall,0.2692307692307692,0.44551282051282054,0.17628205128205132,True
2,P0,52,0.05,1000.0,all_scenarios,recall,0.32371794871794873,0.44551282051282054,0.1217948717948718,True
2,P0,52,0.1,10.0,all_scenarios,recall,0.09935897435897435,0.11217948717948718,0.01282051282051283,True
2,P0,52,0.1,50.0,all_scenarios,recall,0.09935897435897435,0.11217948717948718,0.01282051282051283,True
2,P0,52,0.1,100.0,all_scenarios,recall,0.14102564102564102,0.11217948717948718,-0.02884615384615384,True
2,P0,52,0.1,500.0,all_scenarios,recall,0.6378205128205128,0.6634615384615384,0.02564102564102566,True
2,P0,52,0.1,1000.0,all_scenarios,recall,0.6378205128205128,0.6634615384615384,0.02564102564102566,True
2,P0,62,0.01,10.0,all_scenarios,recall,0.14423076923076922,0.11858974358974358,-0.025641025641025633,True
2,P0,62,0.01,50.0,all_scenarios,recall,0.14423076923076922,0.11858974358974358,-0.025641025641025633,True
2,P0,62,0.01,100.0,all_scenarios,recall,0.15705128205128205,0.15705128205128205,0.0,False
2,P0,62,0.01,500.0,all_scenarios,recall,0.16666666666666666,0.1858974358974359,0.019230769230769246,True
2,P0,62,0.01,1000.0,all_scenarios,recall,0.16666666666666666,0.1858974358974359,0.019230769230769246,True
2,P0,62,0.03,10.0,all_scenarios,recall,0.14423076923076922,0.11858974358974358,-0.025641025641025633,True
2,P0,62,0.03,50.0,all_scenarios,recall,0.14423076923076922,0.11858974358974358,-0.025641025641025633,True
2,P0,62,0.03,100.0,all_scenarios,recall,0.15705128205128205,0.15705128205128205,0.0,False
2,P0,62,0.03,500.0,all_scenarios,recall,0.2564102564102564,0.1858974358974359,-0.07051282051282048,True
2,P0,62,0.03,1000.0,all_scenarios,recall,0.2564102564102564,0.1858974358974359,-0.07051282051282048,True
2,P0,62,0.05,10.0,all_scenarios,recall,0.14423076923076922,0.11858974358974358,-0.025641025641025633,True
2,P0,62,0.05,50.0,all_scenarios,recall,0.14423076923076922,0.11858974358974358,-0.025641025641025633,True
2,P0,62,0.05,100.0,all_scenarios,recall,0.15705128205128205,0.15705128205128205,0.0,False
2,P0,62,0.05,500.0,all_scenarios,recall,0.36538461538461536,0.2916666666666667,-0.07371794871794868,True
2,P0,62,0.05,1000.0,all_scenarios,recall,0.36538461538461536,0.3173076923076923,-0.04807692307692307,True
2,P0,62,0.1,10.0,all_scenarios,recall,0.14423076923076922,0.11858974358974358,-0.025641025641025633,True
2,P0,62,0.1,50.0,all_scenarios,recall,0.14423076923076922,0.11858974358974358,-0.025641025641025633,True
2,P0,62,0.1,100.0,all_scenarios,recall,0.15705128205128205,0.15705128205128205,0.0,False
2,P0,62,0.1,500.0,all_scenarios,recall,0.6378205128205128,0.592948717948718,-0.04487179487179482,True
2,P0,62,0.1,1000.0,all_scenarios,recall,0.6378205128205128,0.6057692307692307,-0.03205128205128205,True
2,P0,72,0.01,10.0,all_scenarios,recall,0.11858974358974358,0.14423076923076922,0.025641025641025633,True
2,P0,72,0.01,50.0,all_scenarios,recall,0.11858974358974358,0.15705128205128205,0.038461538461538464,True
2,P0,72,0.01,100.0,all_scenarios,recall,0.11858974358974358,0.15705128205128205,0.038461538461538464,True
2,P0,72,0.01,500.0,all_scenarios,recall,0.16025641025641027,0.16025641025641027,0.0,False
2,P0,72,0.01,1000.0,all_scenarios,recall,0.16025641025641027,0.16025641025641027,0.0,False
2,P0,72,0.03,10.0,all_scenarios,recall,0.11858974358974358,0.14423076923076922,0.025641025641025633,True
2,P0,72,0.03,50.0,all_scenarios,recall,0.11858974358974358,0.15705128205128205,0.038461538461538464,True
2,P0,72,0.03,100.0,all_scenarios,recall,0.11858974358974358,0.15705128205128205,0.038461538461538464,True
2,P0,72,0.03,500.0,all_scenarios,recall,0.25,0.2532051282051282,0.0032051282051281937,True
2,P0,72,0.03,1000.0,all_scenarios,recall,0.25,0.2532051282051282,0.0032051282051281937,True
2,P0,72,0.05,10.0,all_scenarios,recall,0.11858974358974358,0.14423076923076922,0.025641025641025633,True
2,P0,72,0.05,50.0,all_scenarios,recall,0.11858974358974358,0.15705128205128205,0.038461538461538464,True
2,P0,72,0.05,100.0,all_scenarios,recall,0.11858974358974358,0.15705128205128205,0.038461538461538464,True
2,P0,72,0.05,500.0,all_scenarios,recall,0.36538461538461536,0.4198717948717949,0.054487179487179516,True
2,P0,72,0.05,1000.0,all_scenarios,recall,0.36538461538461536,0.4198717948717949,0.054487179487179516,True
2,P0,72,0.1,10.0,all_scenarios,recall,0.11858974358974358,0.14423076923076922,0.025641025641025633,True
2,P0,72,0.1,50.0,all_scenarios,recall,0.11858974358974358,0.15705128205128205,0.038461538461538464,True
2,P0,72,0.1,100.0,all_scenarios,recall,0.11858974358974358,0.15705128205128205,0.038461538461538464,True
2,P0,72,0.1,500.0,all_scenarios,recall,0.6346153846153846,0.6987179487179487,0.0641025641025641,True
2,P0,72,0.1,1000.0,all_scenarios,recall,0.6346153846153846,0.7051282051282052,0.0705128205128206,True
2,P0,82,0.01,10.0,all_scenarios,recall,0.11858974358974358,0.09935897435897435,-0.019230769230769232,True
2,P0,82,0.01,50.0,all_scenarios,recall,0.11858974358974358,0.09935897435897435,-0.019230769230769232,True
2,P0,82,0.01,100.0,all_scenarios,recall,0.11858974358974358,0.09935897435897435,-0.019230769230769232,True
2,P0,82,0.01,500.0,all_scenarios,recall,0.15705128205128205,0.14743589743589744,-0.009615384615384609,True
2,P0,82,0.01,1000.0,all_scenarios,recall,0.16666666666666666,0.14743589743589744,-0.019230769230769218,True
2,P0,82,0.03,10.0,all_scenarios,recall,0.11858974358974358,0.09935897435897435,-0.019230769230769232,True
2,P0,82,0.03,50.0,all_scenarios,recall,0.11858974358974358,0.09935897435897435,-0.019230769230769232,True
2,P0,82,0.03,100.0,all_scenarios,recall,0.11858974358974358,0.09935897435897435,-0.019230769230769232,True
2,P0,82,0.03,500.0,all_scenarios,recall,0.15705128205128205,0.25,0.09294871794871795,True
2,P0,82,0.03,1000.0,all_scenarios,recall,0.16666666666666666,0.25,0.08333333333333334,True
2,P0,82,0.05,10.0,all_scenarios,recall,0.11858974358974358,0.09935897435897435,-0.019230769230769232,True
2,P0,82,0.05,50.0,all_scenarios,recall,0.11858974358974358,0.09935897435897435,-0.019230769230769232,True
2,P0,82,0.05,100.0,all_scenarios,recall,0.11858974358974358,0.09935897435897435,-0.019230769230769232,True
2,P0,82,0.05,500.0,all_scenarios,recall,0.36538461538461536,0.3717948717948718,0.006410256410256443,True
2,P0,82,0.05,1000.0,all_scenarios,recall,0.36538461538461536,0.3717948717948718,0.006410256410256443,True
2,P0,82,0.1,10.0,all_scenarios,recall,0.11858974358974358,0.09935897435897435,-0.019230769230769232,True
2,P0,82,0.1,50.0,all_scenarios,recall,0.11858974358974358,0.09935897435897435,-0.019230769230769232,True
2,P0,82,0.1,100.0,all_scenarios,recall,0.11858974358974358,0.09935897435897435,-0.019230769230769232,True
2,P0,82,0.1,500.0,all_scenarios,recall,0.6089743589743589,0.5865384615384616,-0.022435897435897356,True
2,P0,82,0.1,1000.0,all_scenarios,recall,0.6762820512820513,0.657051282051282,-0.019230769230769273,True
2,PH,42,0.03,100.0,all_scenarios,recall,0.6506410256410257,0.5897435897435898,-0.0608974358974359,True
2,PH,52,0.03,100.0,all_scenarios,recall,0.6762820512820513,0.5993589743589743,-0.07692307692307698,True
2,PH,62,0.03,100.0,all_scenarios,recall,0.6057692307692307,0.6442307692307693,0.03846153846153855,True
2,PH,72,0.03,100.0,all_scenarios,recall,0.5256410256410257,0.5833333333333334,0.05769230769230771,True
2,PH,82,0.03,100.0,all_scenarios,recall,0.6282051282051282,0.6474358974358975,0.019230769230769273,True
2,PT,42,0.03,100.0,all_scenarios,recall,0.358974358974359,0.2692307692307692,-0.08974358974358976,True
2,PT,52,0.03,100.0,all_scenarios,recall,0.3301282051282051,0.358974358974359,0.028846153846153855,True
2,PT,62,0.03,100.0,all_scenarios,recall,0.3301282051282051,0.28525641025641024,-0.04487179487179488,True
2,PT,72,0.03,100.0,all_scenarios,recall,0.27564102564102566,0.32371794871794873,0.04807692307692307,True
2,PT,82,0.03,100.0,all_scenarios,recall,0.33974358974358976,0.3173076923076923,-0.022435897435897467,True
2,PTH,42,0.03,100.0,all_scenarios,recall,0.5833333333333334,0.717948717948718,0.13461538461538458,True
2,PTH,52,0.03,100.0,all_scenarios,recall,0.6314102564102564,0.6955128205128205,0.0641025641025641,True
2,PTH,62,0.03,100.0,all_scenarios,recall,0.5512820512820513,0.6442307692307693,0.09294871794871795,True
2,PTH,72,0.03,100.0,all_scenarios,recall,0.5801282051282052,0.6217948717948718,0.04166666666666663,True
2,PTH,82,0.03,100.0,all_scenarios,recall,0.6602564102564102,0.6698717948717948,0.009615384615384581,True
2,PTHW,42,0.01,10.0,all_scenarios,recall,0.3173076923076923,0.25,-0.06730769230769229,True
2,PTHW,42,0.01,50.0,all_scenarios,recall,0.5416666666666666,0.3525641025641026,-0.18910256410256404,True
2,PTHW,42,0.01,100.0,all_scenarios,recall,0.5416666666666666,0.47435897435897434,-0.06730769230769229,True
2,PTHW,42,0.01,500.0,all_scenarios,recall,0.5416666666666666,0.4807692307692308,-0.06089743589743585,True
2,PTHW,42,0.01,1000.0,all_scenarios,recall,0.5416666666666666,0.4807692307692308,-0.06089743589743585,True
2,PTHW,42,0.03,10.0,all_scenarios,recall,0.3173076923076923,0.25,-0.06730769230769229,True
2,PTHW,42,0.03,50.0,all_scenarios,recall,0.6057692307692307,0.3525641025641026,-0.25320512820512814,True
2,PTHW,42,0.03,100.0,all_scenarios,recall,0.6506410256410257,0.6730769230769231,0.022435897435897467,True
2,PTHW,42,0.03,500.0,all_scenarios,recall,0.7019230769230769,0.717948717948718,0.01602564102564108,True
2,PTHW,42,0.03,1000.0,all_scenarios,recall,0.7019230769230769,0.7211538461538461,0.019230769230769273,True
2,PTHW,42,0.05,10.0,all_scenarios,recall,0.3173076923076923,0.25,-0.06730769230769229,True
2,PTHW,42,0.05,50.0,all_scenarios,recall,0.6057692307692307,0.3525641025641026,-0.25320512820512814,True
2,PTHW,42,0.05,100.0,all_scenarios,recall,0.6506410256410257,0.6730769230769231,0.022435897435897467,True
2,PTHW,42,0.05,500.0,all_scenarios,recall,0.7019230769230769,0.717948717948718,0.01602564102564108,True
2,PTHW,42,0.05,1000.0,all_scenarios,recall,0.7019230769230769,0.7243589743589743,0.022435897435897467,True
2,PTHW,42,0.1,10.0,all_scenarios,recall,0.3173076923076923,0.25,-0.06730769230769229,True
2,PTHW,42,0.1,50.0,all_scenarios,recall,0.6057692307692307,0.3525641025641026,-0.25320512820512814,True
2,PTHW,42,0.1,100.0,all_scenarios,recall,0.6506410256410257,0.6730769230769231,0.022435897435897467,True
2,PTHW,42,0.1,500.0,all_scenarios,recall,0.7019230769230769,0.717948717948718,0.01602564102564108,True
2,PTHW,42,0.1,1000.0,all_scenarios,recall,0.7019230769230769,0.7243589743589743,0.022435897435897467,True
2,PTHW,52,0.01,10.0,all_scenarios,recall,0.27564102564102566,0.3141025641025641,0.038461538461538436,True
2,PTHW,52,0.01,50.0,all_scenarios,recall,0.27884615384615385,0.3141025641025641,0.03525641025641024,True
2,PTHW,52,0.01,100.0,all_scenarios,recall,0.27884615384615385,0.3141025641025641,0.03525641025641024,True
2,PTHW,52,0.01,500.0,all_scenarios,recall,0.36217948717948717,0.32051282051282054,-0.04166666666666663,True
2,PTHW,52,0.01,1000.0,all_scenarios,recall,0.36217948717948717,0.32051282051282054,-0.04166666666666663,True
2,PTHW,52,0.03,10.0,all_scenarios,recall,0.27564102564102566,0.3141025641025641,0.038461538461538436,True
2,PTHW,52,0.03,50.0,all_scenarios,recall,0.27884615384615385,0.3141025641025641,0.03525641025641024,True
2,PTHW,52,0.03,100.0,all_scenarios,recall,0.6730769230769231,0.6858974358974359,0.012820512820512775,True
2,PTHW,52,0.03,500.0,all_scenarios,recall,0.6730769230769231,0.7019230769230769,0.028846153846153744,True
2,PTHW,52,0.03,1000.0,all_scenarios,recall,0.6762820512820513,0.7019230769230769,0.02564102564102555,True
2,PTHW,52,0.05,10.0,all_scenarios,recall,0.27564102564102566,0.3141025641025641,0.038461538461538436,True
2,PTHW,52,0.05,50.0,all_scenarios,recall,0.27884615384615385,0.3141025641025641,0.03525641025641024,True
2,PTHW,52,0.05,100.0,all_scenarios,recall,0.6730769230769231,0.6858974358974359,0.012820512820512775,True
2,PTHW,52,0.05,500.0,all_scenarios,recall,0.6730769230769231,0.7019230769230769,0.028846153846153744,True
2,PTHW,52,0.05,1000.0,all_scenarios,recall,0.6762820512820513,0.7051282051282052,0.028846153846153855,True
2,PTHW,52,0.1,10.0,all_scenarios,recall,0.27564102564102566,0.3141025641025641,0.038461538461538436,True
2,PTHW,52,0.1,50.0,all_scenarios,recall,0.27884615384615385,0.3141025641025641,0.03525641025641024,True
2,PTHW,52,0.1,100.0,all_scenarios,recall,0.6730769230769231,0.6858974358974359,0.012820512820512775,True
2,PTHW,52,0.1,500.0,all_scenarios,recall,0.6730769230769231,0.7019230769230769,0.028846153846153744,True
2,PTHW,52,0.1,1000.0,all_scenarios,recall,0.6762820512820513,0.7051282051282052,0.028846153846153855,True
2,PTHW,62,0.01,10.0,all_scenarios,recall,0.0,0.0,0.0,False
2,PTHW,62,0.01,50.0,all_scenarios,recall,0.49038461538461536,0.5993589743589743,0.10897435897435898,True
2,PTHW,62,0.01,100.0,all_scenarios,recall,0.5128205128205128,0.5993589743589743,0.08653846153846156,True
2,PTHW,62,0.01,500.0,all_scenarios,recall,0.5128205128205128,0.5993589743589743,0.08653846153846156,True
2,PTHW,62,0.01,1000.0,all_scenarios,recall,0.5128205128205128,0.5993589743589743,0.08653846153846156,True
2,PTHW,62,0.03,10.0,all_scenarios,recall,0.0,0.0,0.0,False
2,PTHW,62,0.03,50.0,all_scenarios,recall,0.5512820512820513,0.5993589743589743,0.04807692307692302,True
2,PTHW,62,0.03,100.0,all_scenarios,recall,0.6698717948717948,0.6282051282051282,-0.04166666666666663,True
2,PTHW,62,0.03,500.0,all_scenarios,recall,0.6698717948717948,0.6891025641025641,0.019230769230769273,True
2,PTHW,62,0.03,1000.0,all_scenarios,recall,0.6955128205128205,0.6891025641025641,-0.0064102564102563875,True
2,PTHW,62,0.05,10.0,all_scenarios,recall,0.0,0.0,0.0,False
2,PTHW,62,0.05,50.0,all_scenarios,recall,0.5512820512820513,0.5993589743589743,0.04807692307692302,True
2,PTHW,62,0.05,100.0,all_scenarios,recall,0.6698717948717948,0.6282051282051282,-0.04166666666666663,True
2,PTHW,62,0.05,500.0,all_scenarios,recall,0.6698717948717948,0.6891025641025641,0.019230769230769273,True
2,PTHW,62,0.05,1000.0,all_scenarios,recall,0.6955128205128205,0.6891025641025641,-0.0064102564102563875,True
2,PTHW,62,0.1,10.0,all_scenarios,recall,0.0,0.0,0.0,False
2,PTHW,62,0.1,50.0,all_scenarios,recall,0.5512820512820513,0.5993589743589743,0.04807692307692302,True
2,PTHW,62,0.1,100.0,all_scenarios,recall,0.6698717948717948,0.6282051282051282,-0.04166666666666663,True
2,PTHW,62,0.1,500.0,all_scenarios,recall,0.6698717948717948,0.6891025641025641,0.019230769230769273,True
2,PTHW,62,0.1,1000.0,all_scenarios,recall,0.6955128205128205,0.6891025641025641,-0.0064102564102563875,True
2,PTHW,72,0.01,10.0,all_scenarios,recall,0.0,0.0,0.0,False
2,PTHW,72,0.01,50.0,all_scenarios,recall,0.3173076923076923,0.41346153846153844,0.09615384615384615,True
2,PTHW,72,0.01,100.0,all_scenarios,recall,0.3685897435897436,0.4230769230769231,0.05448717948717946,True
2,PTHW,72,0.01,500.0,all_scenarios,recall,0.3685897435897436,0.4230769230769231,0.05448717948717946,True
2,PTHW,72,0.01,1000.0,all_scenarios,recall,0.3685897435897436,0.4230769230769231,0.05448717948717946,True
2,PTHW,72,0.03,10.0,all_scenarios,recall,0.0,0.0,0.0,False
2,PTHW,72,0.03,50.0,all_scenarios,recall,0.3173076923076923,0.41346153846153844,0.09615384615384615,True
2,PTHW,72,0.03,100.0,all_scenarios,recall,0.6282051282051282,0.7019230769230769,0.07371794871794868,True
2,PTHW,72,0.03,500.0,all_scenarios,recall,0.6314102564102564,0.7403846153846154,0.10897435897435903,True
2,PTHW,72,0.03,1000.0,all_scenarios,recall,0.6474358974358975,0.75,0.10256410256410253,True
2,PTHW,72,0.05,10.0,all_scenarios,recall,0.0,0.0,0.0,False
2,PTHW,72,0.05,50.0,all_scenarios,recall,0.3173076923076923,0.41346153846153844,0.09615384615384615,True
2,PTHW,72,0.05,100.0,all_scenarios,recall,0.6282051282051282,0.7019230769230769,0.07371794871794868,True
2,PTHW,72,0.05,500.0,all_scenarios,recall,0.6314102564102564,0.7403846153846154,0.10897435897435903,True
2,PTHW,72,0.05,1000.0,all_scenarios,recall,0.6474358974358975,0.7628205128205128,0.11538461538461531,True
2,PTHW,72,0.1,10.0,all_scenarios,recall,0.0,0.0,0.0,False
2,PTHW,72,0.1,50.0,all_scenarios,recall,0.3173076923076923,0.41346153846153844,0.09615384615384615,True
2,PTHW,72,0.1,100.0,all_scenarios,recall,0.6282051282051282,0.7019230769230769,0.07371794871794868,True
2,PTHW,72,0.1,500.0,all_scenarios,recall,0.6314102564102564,0.7403846153846154,0.10897435897435903,True
2,PTHW,72,0.1,1000.0,all_scenarios,recall,0.6474358974358975,0.7628205128205128,0.11538461538461531,True
2,PTHW,82,0.01,10.0,all_scenarios,recall,0.2692307692307692,0.28525641025641024,0.016025641025641024,True
2,PTHW,82,0.01,50.0,all_scenarios,recall,0.28525641025641024,0.3333333333333333,0.04807692307692307,True
2,PTHW,82,0.01,100.0,all_scenarios,recall,0.34935897435897434,0.4935897435897436,0.14423076923076927,True
2,PTHW,82,0.01,500.0,all_scenarios,recall,0.4551282051282051,0.4935897435897436,0.03846153846153849,True
2,PTHW,82,0.01,1000.0,all_scenarios,recall,0.4551282051282051,0.4935897435897436,0.03846153846153849,True
2,PTHW,82,0.03,10.0,all_scenarios,recall,0.2692307692307692,0.28525641025641024,0.016025641025641024,True
2,PTHW,82,0.03,50.0,all_scenarios,recall,0.28525641025641024,0.3333333333333333,0.04807692307692307,True
2,PTHW,82,0.03,100.0,all_scenarios,recall,0.6410256410256411,0.7467948717948718,0.10576923076923073,True
2,PTHW,82,0.03,500.0,all_scenarios,recall,0.6794871794871795,0.7596153846153846,0.08012820512820507,True
2,PTHW,82,0.03,1000.0,all_scenarios,recall,0.6794871794871795,0.7596153846153846,0.08012820512820507,True
2,PTHW,82,0.05,10.0,all_scenarios,recall,0.2692307692307692,0.28525641025641024,0.016025641025641024,True
2,PTHW,82,0.05,50.0,all_scenarios,recall,0.28525641025641024,0.3333333333333333,0.04807692307692307,True
2,PTHW,82,0.05,100.0,all_scenarios,recall,0.6410256410256411,0.7467948717948718,0.10576923076923073,True
2,PTHW,82,0.05,500.0,all_scenarios,recall,0.6794871794871795,0.7596153846153846,0.08012820512820507,True
2,PTHW,82,0.05,1000.0,all_scenarios,recall,0.6794871794871795,0.7596153846153846,0.08012820512820507,True
2,PTHW,82,0.1,10.0,all_scenarios,recall,0.2692307692307692,0.28525641025641024,0.016025641025641024,True
2,PTHW,82,0.1,50.0,all_scenarios,recall,0.28525641025641024,0.3333333333333333,0.04807692307692307,True
2,PTHW,82,0.1,100.0,all_scenarios,recall,0.6410256410256411,0.7467948717948718,0.10576923076923073,True
2,PTHW,82,0.1,500.0,all_scenarios,recall,0.6794871794871795,0.7596153846153846,0.08012820512820507,True
2,PTHW,82,0.1,1000.0,all_scenarios,recall,0.6794871794871795,0.7596153846153846,0.08012820512820507,True
2,PTHW5,42,0.03,100.0,all_scenarios,recall,0.6666666666666666,0.7083333333333334,0.04166666666666674,True
2,PTHW5,52,0.03,100.0,all_scenarios,recall,0.5865384615384616,0.41346153846153844,-0.17307692307692313,True
2,PTHW5,62,0.03,100.0,all_scenarios,recall,0.6153846153846154,0.5,-0.11538461538461542,True
2,PTHW5,72,0.03,100.0,all_scenarios,recall,0.6730769230769231,0.6185897435897436,-0.054487179487179516,True
2,PTHW5,82,0.03,100.0,all_scenarios,recall,0.6923076923076923,0.6089743589743589,-0.08333333333333337,True
3,P0,42,0.01,10.0,all_scenarios,recall,0.18544102019128586,0.16604675876726888,-0.019394261424016984,True
3,P0,42,0.01,50.0,all_scenarios,recall,0.19845908607863974,0.2680658873538789,0.06960680127523913,True
3,P0,42,0.01,100.0,all_scenarios,recall,0.32970244420828904,0.29968119022316686,-0.030021253985122176,True
3,P0,42,0.01,500.0,all_scenarios,recall,0.34006376195536664,0.3142933049946865,-0.025770456960680144,True
3,P0,42,0.01,1000.0,all_scenarios,recall,0.34006376195536664,0.3142933049946865,-0.025770456960680144,True
3,P0,42,0.03,10.0,all_scenarios,recall,0.18544102019128586,0.16604675876726888,-0.019394261424016984,True
3,P0,42,0.03,50.0,all_scenarios,recall,0.19845908607863974,0.2680658873538789,0.06960680127523913,True
3,P0,42,0.03,100.0,all_scenarios,recall,0.32970244420828904,0.29968119022316686,-0.030021253985122176,True
3,P0,42,0.03,500.0,all_scenarios,recall,0.4497874601487779,0.4535069075451647,0.003719447396386799,True
3,P0,42,0.03,1000.0,all_scenarios,recall,0.461211477151966,0.4535069075451647,-0.00770456960680127,True
3,P0,42,0.05,10.0,all_scenarios,recall,0.18544102019128586,0.16604675876726888,-0.019394261424016984,True
3,P0,42,0.05,50.0,all_scenarios,recall,0.19845908607863974,0.2680658873538789,0.06960680127523913,True
3,P0,42,0.05,100.0,all_scenarios,recall,0.32970244420828904,0.29968119022316686,-0.030021253985122176,True
3,P0,42,0.05,500.0,all_scenarios,recall,0.5188629117959618,0.5348034006376196,0.015940488841657774,True
3,P0,42,0.05,1000.0,all_scenarios,recall,0.5674814027630181,0.5371944739638682,-0.030286928799149848,True
3,P0,42,0.1,10.0,all_scenarios,recall,0.18544102019128586,0.16604675876726888,-0.019394261424016984,True
3,P0,42,0.1,50.0,all_scenarios,recall,0.19845908607863974,0.2680658873538789,0.06960680127523913,True
3,P0,42,0.1,100.0,all_scenarios,recall,0.32970244420828904,0.29968119022316686,-0.030021253985122176,True
3,P0,42,0.1,500.0,all_scenarios,recall,0.7510626992561105,0.732731137088204,-0.018331562167906434,True
3,P0,42,0.1,1000.0,all_scenarios,recall,0.7510626992561105,0.732731137088204,-0.018331562167906434,True
3,P0,52,0.01,10.0,all_scenarios,recall,0.18676939426142403,0.18597236981934112,-0.0007970244420829053,True
3,P0,52,0.01,50.0,all_scenarios,recall,0.2858660998937301,0.2834750265674814,-0.0023910733262486605,True
3,P0,52,0.01,100.0,all_scenarios,recall,0.2858660998937301,0.3134962805526036,0.027630180658873515,True
3,P0,52,0.01,500.0,all_scenarios,recall,0.32173219978746015,0.34112646121147716,0.019394261424017012,True
3,P0,52,0.01,1000.0,all_scenarios,recall,0.32173219978746015,0.34112646121147716,0.019394261424017012,True
3,P0,52,0.03,10.0,all_scenarios,recall,0.18676939426142403,0.18597236981934112,-0.0007970244420829053,True
3,P0,52,0.03,50.0,all_scenarios,recall,0.2858660998937301,0.2834750265674814,-0.0023910733262486605,True
3,P0,52,0.03,100.0,all_scenarios,recall,0.2858660998937301,0.3134962805526036,0.027630180658873515,True
3,P0,52,0.03,500.0,all_scenarios,recall,0.47502656748140276,0.4604144527098831,-0.014612114771519635,True
3,P0,52,0.03,1000.0,all_scenarios,recall,0.47502656748140276,0.4604144527098831,-0.014612114771519635,True
3,P0,52,0.05,10.0,all_scenarios,recall,0.18676939426142403,0.18597236981934112,-0.0007970244420829053,True
3,P0,52,0.05,50.0,all_scenarios,recall,0.2858660998937301,0.2834750265674814,-0.0023910733262486605,True
3,P0,52,0.05,100.0,all_scenarios,recall,0.2858660998937301,0.3134962805526036,0.027630180658873515,True
3,P0,52,0.05,500.0,all_scenarios,recall,0.5866099893730075,0.5682784272051009,-0.018331562167906545,True
3,P0,52,0.05,1000.0,all_scenarios,recall,0.5866099893730075,0.5682784272051009,-0.018331562167906545,True
3,P0,52,0.1,10.0,all_scenarios,recall,0.18676939426142403,0.18597236981934112,-0.0007970244420829053,True
3,P0,52,0.1,50.0,all_scenarios,recall,0.2858660998937301,0.2834750265674814,-0.0023910733262486605,True
3,P0,52,0.1,100.0,all_scenarios,recall,0.2858660998937301,0.3134962805526036,0.027630180658873515,True
3,P0,52,0.1,500.0,all_scenarios,recall,0.7441551540913921,0.737778958554729,-0.006376195536663132,True
3,P0,52,0.1,1000.0,all_scenarios,recall,0.7582359192348566,0.7582359192348566,0.0,False
3,P0,62,0.01,10.0,all_scenarios,recall,0.1275239107332625,0.18411264612114772,0.056588735387885225,True
3,P0,62,0.01,50.0,all_scenarios,recall,0.14107332624867164,0.19766206163655686,0.056588735387885225,True
3,P0,62,0.01,100.0,all_scenarios,recall,0.14107332624867164,0.33554729011689693,0.1944739638682253,True
3,P0,62,0.01,500.0,all_scenarios,recall,0.23193411264612115,0.33554729011689693,0.10361317747077578,True
3,P0,62,0.01,1000.0,all_scenarios,recall,0.23193411264612115,0.33554729011689693,0.10361317747077578,True
3,P0,62,0.03,10.0,all_scenarios,recall,0.1275239107332625,0.18411264612114772,0.056588735387885225,True
3,P0,62,0.03,50.0,all_scenarios,recall,0.14107332624867164,0.19766206163655686,0.056588735387885225,True
3,P0,62,0.03,100.0,all_scenarios,recall,0.31269925611052074,0.33554729011689693,0.022848034006376194,True
3,P0,62,0.03,500.0,all_scenarios,recall,0.43304994686503717,0.4760892667375133,0.04303931987247611,True
3,P0,62,0.03,1000.0,all_scenarios,recall,0.43304994686503717,0.4760892667375133,0.04303931987247611,True
3,P0,62,0.05,10.0,all_scenarios,recall,0.1275239107332625,0.18411264612114772,0.056588735387885225,True
3,P0,62,0.05,50.0,all_scenarios,recall,0.14107332624867164,0.19766206163655686,0.056588735387885225,True
3,P0,62,0.05,100.0,all_scenarios,recall,0.31269925611052074,0.33554729011689693,0.022848034006376194,True
3,P0,62,0.05,500.0,all_scenarios,recall,0.5031880977683315,0.5778427205100957,0.07465462274176415,True
3,P0,62,0.05,1000.0,all_scenarios,recall,0.5140807651434643,0.5778427205100957,0.06376195536663132,True
3,P0,62,0.1,10.0,all_scenarios,recall,0.1275239107332625,0.18411264612114772,0.056588735387885225,True
3,P0,62,0.1,50.0,all_scenarios,recall,0.14107332624867164,0.19766206163655686,0.056588735387885225,True
3,P0,62,0.1,100.0,all_scenarios,recall,0.31269925611052074,0.33554729011689693,0.022848034006376194,True
3,P0,62,0.1,500.0,all_scenarios,recall,0.6899574920297555,0.7425611052072264,0.052603613177470865,True
3,P0,62,0.1,1000.0,all_scenarios,recall,0.6899574920297555,0.7569075451647184,0.06695005313496283,True
3,P0,72,0.01,10.0,all_scenarios,recall,0.18597236981934112,0.18358129649309246,-0.0023910733262486605,True
3,P0,72,0.01,50.0,all_scenarios,recall,0.28931987247608926,0.2877258235919235,-0.0015940488841657552,True
3,P0,72,0.01,100.0,all_scenarios,recall,0.2914452709883103,0.33501594048884165,0.043570669500531345,True
3,P0,72,0.01,500.0,all_scenarios,recall,0.30791710945802336,0.33501594048884165,0.027098831030818282,True
3,P0,72,0.01,1000.0,all_scenarios,recall,0.30791710945802336,0.33501594048884165,0.027098831030818282,True
3,P0,72,0.03,10.0,all_scenarios,recall,0.18597236981934112,0.18358129649309246,-0.0023910733262486605,True
3,P0,72,0.03,50.0,all_scenarios,recall,0.28931987247608926,0.2877258235919235,-0.0015940488841657552,True
3,P0,72,0.03,100.0,all_scenarios,recall,0.2914452709883103,0.33501594048884165,0.043570669500531345,True
3,P0,72,0.03,500.0,all_scenarios,recall,0.45191285866099895,0.45085015940488843,-0.001062699256110522,True
3,P0,72,0.03,1000.0,all_scenarios,recall,0.4667906482465462,0.4524442082890542,-0.014346439957492019,True
3,P0,72,0.05,10.0,all_scenarios,recall,0.18597236981934112,0.18358129649309246,-0.0023910733262486605,True
3,P0,72,0.05,50.0,all_scenarios,recall,0.28931987247608926,0.2877258235919235,-0.0015940488841657552,True
3,P0,72,0.05,100.0,all_scenarios,recall,0.2914452709883103,0.33501594048884165,0.043570669500531345,True
3,P0,72,0.05,500.0,all_scenarios,recall,0.572529224229543,0.5441020191285866,-0.02842720510095642,True
3,P0,72,0.05,1000.0,all_scenarios,recall,0.572529224229543,0.5441020191285866,-0.02842720510095642,True
3,P0,72,0.1,10.0,all_scenarios,recall,0.18597236981934112,0.18358129649309246,-0.0023910733262486605,True
3,P0,72,0.1,50.0,all_scenarios,recall,0.28931987247608926,0.2877258235919235,-0.0015940488841657552,True
3,P0,72,0.1,100.0,all_scenarios,recall,0.2914452709883103,0.33501594048884165,0.043570669500531345,True
3,P0,72,0.1,500.0,all_scenarios,recall,0.740701381509033,0.7414984059511158,0.0007970244420828498,True
3,P0,72,0.1,1000.0,all_scenarios,recall,0.7542507970244421,0.7414984059511158,-0.012752391073326264,True
3,P0,82,0.01,10.0,all_scenarios,recall,0.18251859723698194,0.18544102019128586,0.0029224229543039215,True
3,P0,82,0.01,50.0,all_scenarios,recall,0.1971307120085016,0.19819341126461212,0.001062699256110522,True
3,P0,82,0.01,100.0,all_scenarios,recall,0.1971307120085016,0.30605738575983,0.10892667375132839,True
3,P0,82,0.01,500.0,all_scenarios,recall,0.27444208289054195,0.33554729011689693,0.061105207226354985,True
3,P0,82,0.01,1000.0,all_scenarios,recall,0.27444208289054195,0.33554729011689693,0.061105207226354985,True
3,P0,82,0.03,10.0,all_scenarios,recall,0.18251859723698194,0.18544102019128586,0.0029224229543039215,True
3,P0,82,0.03,50.0,all_scenarios,recall,0.1971307120085016,0.19819341126461212,0.001062699256110522,True
3,P0,82,0.03,100.0,all_scenarios,recall,0.361317747077577,0.30605738575983,-0.05526036131774703,True
3,P0,82,0.03,500.0,all_scenarios,recall,0.4824654622741764,0.4715727948990436,-0.010892667375132836,True
3,P0,82,0.03,1000.0,all_scenarios,recall,0.4824654622741764,0.4851222104144527,0.002656748140276277,True
3,P0,82,0.05,10.0,all_scenarios,recall,0.18251859723698194,0.18544102019128586,0.0029224229543039215,True
3,P0,82,0.05,50.0,all_scenarios,recall,0.1971307120085016,0.19819341126461212,0.001062699256110522,True
3,P0,82,0.05,100.0,all_scenarios,recall,0.361317747077577,0.30605738575983,-0.05526036131774703,True
3,P0,82,0.05,500.0,all_scenarios,recall,0.5520722635494155,0.5302869287991498,-0.021785334750265672,True
3,P0,82,0.05,1000.0,all_scenarios,recall,0.5520722635494155,0.5810308182784272,0.028958554729011654,True
3,P0,82,0.1,10.0,all_scenarios,recall,0.18251859723698194,0.18544102019128586,0.0029224229543039215,True
3,P0,82,0.1,50.0,all_scenarios,recall,0.1971307120085016,0.19819341126461212,0.001062699256110522,True
3,P0,82,0.1,100.0,all_scenarios,recall,0.361317747077577,0.30605738575983,-0.05526036131774703,True
3,P0,82,0.1,500.0,all_scenarios,recall,0.7457492029755579,0.7465462274176408,0.0007970244420828498,True
3,P0,82,0.1,1000.0,all_scenarios,recall,0.7457492029755579,0.7465462274176408,0.0007970244420828498,True
3,PH,42,0.03,100.0,all_scenarios,recall,0.7016471838469713,0.7143995749202976,0.012752391073326264,True
3,PH,52,0.03,100.0,all_scenarios,recall,0.7250265674814028,0.7029755579171094,-0.0220510095642934,True
3,PH,62,0.03,100.0,all_scenarios,recall,0.6838469713071201,0.7072263549415515,0.023379383634431372,True
3,PH,72,0.03,100.0,all_scenarios,recall,0.5589798087141339,0.6891604675876727,0.1301806588735388,True
3,PH,82,0.03,100.0,all_scenarios,recall,0.6904888416578109,0.696068012752391,0.005579171094580171,True
3,PT,42,0.03,100.0,all_scenarios,recall,0.45031880977683314,0.46625929861849097,0.01594048884165783,True
3,PT,52,0.03,100.0,all_scenarios,recall,0.4447396386822529,0.4896386822529224,0.044899043570669483,True
3,PT,62,0.03,100.0,all_scenarios,recall,0.42348565356004253,0.4901700318809777,0.06668437832093516,True
3,PT,72,0.03,100.0,all_scenarios,recall,0.39505844845908605,0.44606801275239105,0.051009564293305,True
3,PT,82,0.03,100.0,all_scenarios,recall,0.4736981934112646,0.47768331562167904,0.003985122210414416,True
3,PTH,42,0.03,100.0,all_scenarios,recall,0.7808182784272051,0.7709883103081828,-0.009829968119022259,True
3,PTH,52,0.03,100.0,all_scenarios,recall,0.6716259298618491,0.691817215727949,0.020191285866099862,True
3,PTH,62,0.03,100.0,all_scenarios,recall,0.6769394261424017,0.7797555791710946,0.10281615302869296,True
3,PTH,72,0.03,100.0,all_scenarios,recall,0.7191817215727949,0.6083953241232731,-0.11078639744952179,True
3,PTH,82,0.03,100.0,all_scenarios,recall,0.6814558979808714,0.7632837407013815,0.08182784272051014,True
3,PTHW,42,0.01,10.0,all_scenarios,recall,0.43251859723698194,0.4675876726886291,0.03506907545164717,True
3,PTHW,42,0.01,50.0,all_scenarios,recall,0.6748140276301806,0.6992561105207227,0.02444208289054206,True
3,PTHW,42,0.01,100.0,all_scenarios,recall,0.6748140276301806,0.7680658873538788,0.0932518597236982,True
3,PTHW,42,0.01,500.0,all_scenarios,recall,0.7329968119022316,0.7792242295430393,0.04622741764080762,True
3,PTHW,42,0.01,1000.0,all_scenarios,recall,0.7329968119022316,0.7792242295430393,0.04622741764080762,True
3,PTHW,42,0.03,10.0,all_scenarios,recall,0.43251859723698194,0.4675876726886291,0.03506907545164717,True
3,PTHW,42,0.03,50.0,all_scenarios,recall,0.6748140276301806,0.6992561105207227,0.02444208289054206,True
3,PTHW,42,0.03,100.0,all_scenarios,recall,0.6748140276301806,0.7680658873538788,0.0932518597236982,True
3,PTHW,42,0.03,500.0,all_scenarios,recall,0.78586609989373,0.8166843783209352,0.030818278427205192,True
3,PTHW,42,0.03,1000.0,all_scenarios,recall,0.8084484590860787,0.822529224229543,0.014080765143464347,True
3,PTHW,42,0.05,10.0,all_scenarios,recall,0.43251859723698194,0.4675876726886291,0.03506907545164717,True
3,PTHW,42,0.05,50.0,all_scenarios,recall,0.6748140276301806,0.6992561105207227,0.02444208289054206,True
3,PTHW,42,0.05,100.0,all_scenarios,recall,0.6748140276301806,0.7680658873538788,0.0932518597236982,True
3,PTHW,42,0.05,500.0,all_scenarios,recall,0.78586609989373,0.8166843783209352,0.030818278427205192,True
3,PTHW,42,0.05,1000.0,all_scenarios,recall,0.8084484590860787,0.822529224229543,0.014080765143464347,True
3,PTHW,42,0.1,10.0,all_scenarios,recall,0.43251859723698194,0.4675876726886291,0.03506907545164717,True
3,PTHW,42,0.1,50.0,all_scenarios,recall,0.6748140276301806,0.6992561105207227,0.02444208289054206,True
3,PTHW,42,0.1,100.0,all_scenarios,recall,0.6748140276301806,0.7680658873538788,0.0932518597236982,True
3,PTHW,42,0.1,500.0,all_scenarios,recall,0.78586609989373,0.8166843783209352,0.030818278427205192,True
3,PTHW,42,0.1,1000.0,all_scenarios,recall,0.8084484590860787,0.822529224229543,0.014080765143464347,True
3,PTHW,52,0.01,10.0,all_scenarios,recall,0.388682252922423,0.4160467587672689,0.0273645058448459,True
3,PTHW,52,0.01,50.0,all_scenarios,recall,0.5395855472901169,0.5613708820403825,0.021785334750265672,True
3,PTHW,52,0.01,100.0,all_scenarios,recall,0.6123804463336876,0.5613708820403825,-0.051009564293305054,True
3,PTHW,52,0.01,500.0,all_scenarios,recall,0.6609989373007439,0.6928799149840595,0.03188097768331566,True
3,PTHW,52,0.01,1000.0,all_scenarios,recall,0.6609989373007439,0.6928799149840595,0.03188097768331566,True
3,PTHW,52,0.03,10.0,all_scenarios,recall,0.388682252922423,0.4160467587672689,0.0273645058448459,True
3,PTHW,52,0.03,50.0,all_scenarios,recall,0.5395855472901169,0.5613708820403825,0.021785334750265672,True
3,PTHW,52,0.03,100.0,all_scenarios,recall,0.6123804463336876,0.7696599362380446,0.15727948990435703,True
3,PTHW,52,0.03,500.0,all_scenarios,recall,0.6875664187035069,0.7802869287991498,0.09272051009564297,True
3,PTHW,52,0.03,1000.0,all_scenarios,recall,0.6923485653560042,0.7802869287991498,0.08793836344314565,True
3,PTHW,52,0.05,10.0,all_scenarios,recall,0.388682252922423,0.4160467587672689,0.0273645058448459,True
3,PTHW,52,0.05,50.0,all_scenarios,recall,0.5395855472901169,0.5613708820403825,0.021785334750265672,True
3,PTHW,52,0.05,100.0,all_scenarios,recall,0.6123804463336876,0.7696599362380446,0.15727948990435703,True
3,PTHW,52,0.05,500.0,all_scenarios,recall,0.6875664187035069,0.7802869287991498,0.09272051009564297,True
3,PTHW,52,0.05,1000.0,all_scenarios,recall,0.6923485653560042,0.7802869287991498,0.08793836344314565,True
3,PTHW,52,0.1,10.0,all_scenarios,recall,0.388682252922423,0.4160467587672689,0.0273645058448459,True
3,PTHW,52,0.1,50.0,all_scenarios,recall,0.5395855472901169,0.5613708820403825,0.021785334750265672,True
3,PTHW,52,0.1,100.0,all_scenarios,recall,0.6123804463336876,0.7696599362380446,0.15727948990435703,True
3,PTHW,52,0.1,500.0,all_scenarios,recall,0.6875664187035069,0.7802869287991498,0.09272051009564297,True
3,PTHW,52,0.1,1000.0,all_scenarios,recall,0.6923485653560042,0.7802869287991498,0.08793836344314565,True
3,PTHW,62,0.01,10.0,all_scenarios,recall,0.37752391073326247,0.3246546227417641,-0.05286928799149837,True
3,PTHW,62,0.01,50.0,all_scenarios,recall,0.5860786397449522,0.5090329436769394,-0.07704569606801281,True
3,PTHW,62,0.01,100.0,all_scenarios,recall,0.6625929861849097,0.5579171094580234,-0.10467587672688627,True
3,PTHW,62,0.01,500.0,all_scenarios,recall,0.6801275239107333,0.5794367693942615,-0.1006907545164718,True
3,PTHW,62,0.01,1000.0,all_scenarios,recall,0.6801275239107333,0.5794367693942615,-0.1006907545164718,True
3,PTHW,62,0.03,10.0,all_scenarios,recall,0.37752391073326247,0.3246546227417641,-0.05286928799149837,True
3,PTHW,62,0.03,50.0,all_scenarios,recall,0.5860786397449522,0.5090329436769394,-0.07704569606801281,True
3,PTHW,62,0.03,100.0,all_scenarios,recall,0.6625929861849097,0.6150371944739639,-0.047555791710945816,True
3,PTHW,62,0.03,500.0,all_scenarios,recall,0.7268862911795961,0.6336344314558979,-0.0932518597236982,True
3,PTHW,62,0.03,1000.0,all_scenarios,recall,0.7502656748140276,0.6540913921360255,-0.0961742826780021,True
3,PTHW,62,0.05,10.0,all_scenarios,recall,0.37752391073326247,0.3246546227417641,-0.05286928799149837,True
3,PTHW,62,0.05,50.0,all_scenarios,recall,0.5860786397449522,0.5090329436769394,-0.07704569606801281,True
3,PTHW,62,0.05,100.0,all_scenarios,recall,0.6625929861849097,0.6150371944739639,-0.047555791710945816,True
3,PTHW,62,0.05,500.0,all_scenarios,recall,0.7268862911795961,0.6336344314558979,-0.0932518597236982,True
3,PTHW,62,0.05,1000.0,all_scenarios,recall,0.7502656748140276,0.6540913921360255,-0.0961742826780021,True
3,PTHW,62,0.1,10.0,all_scenarios,recall,0.37752391073326247,0.3246546227417641,-0.05286928799149837,True
3,PTHW,62,0.1,50.0,all_scenarios,recall,0.5860786397449522,0.5090329436769394,-0.07704569606801281,True
3,PTHW,62,0.1,100.0,all_scenarios,recall,0.6625929861849097,0.6150371944739639,-0.047555791710945816,True
3,PTHW,62,0.1,500.0,all_scenarios,recall,0.7268862911795961,0.6336344314558979,-0.0932518597236982,True
3,PTHW,62,0.1,1000.0,all_scenarios,recall,0.7502656748140276,0.6540913921360255,-0.0961742826780021,True
3,PTHW,72,0.01,10.0,all_scenarios,recall,0.4125929861849097,0.39744952178533477,-0.015143464399574924,True
3,PTHW,72,0.01,50.0,all_scenarios,recall,0.5956429330499469,0.5996280552603613,0.003985122210414471,True
3,PTHW,72,0.01,100.0,all_scenarios,recall,0.7420297555791711,0.7534537725823592,0.01142401700318818,True
3,PTHW,72,0.01,500.0,all_scenarios,recall,0.7420297555791711,0.7534537725823592,0.01142401700318818,True
3,PTHW,72,0.01,1000.0,all_scenarios,recall,0.7420297555791711,0.7534537725823592,0.01142401700318818,True
3,PTHW,72,0.03,10.0,all_scenarios,recall,0.4125929861849097,0.39744952178533477,-0.015143464399574924,True
3,PTHW,72,0.03,50.0,all_scenarios,recall,0.5956429330499469,0.5996280552603613,0.003985122210414471,True
3,PTHW,72,0.03,100.0,all_scenarios,recall,0.7747077577045696,0.7640807651434643,-0.01062699256110522,True
3,PTHW,72,0.03,500.0,all_scenarios,recall,0.786663124335813,0.8129649309245484,0.026301806588735377,True
3,PTHW,72,0.03,1000.0,all_scenarios,recall,0.8010095642933049,0.8129649309245484,0.011955366631243414,True
3,PTHW,72,0.05,10.0,all_scenarios,recall,0.4125929861849097,0.39744952178533477,-0.015143464399574924,True
3,PTHW,72,0.05,50.0,all_scenarios,recall,0.5956429330499469,0.5996280552603613,0.003985122210414471,True
3,PTHW,72,0.05,100.0,all_scenarios,recall,0.7747077577045696,0.7640807651434643,-0.01062699256110522,True
3,PTHW,72,0.05,500.0,all_scenarios,recall,0.786663124335813,0.8129649309245484,0.026301806588735377,True
3,PTHW,72,0.05,1000.0,all_scenarios,recall,0.808182784272051,0.8129649309245484,0.004782146652497321,True
3,PTHW,72,0.1,10.0,all_scenarios,recall,0.4125929861849097,0.39744952178533477,-0.015143464399574924,True
3,PTHW,72,0.1,50.0,all_scenarios,recall,0.5956429330499469,0.5996280552603613,0.003985122210414471,True
3,PTHW,72,0.1,100.0,all_scenarios,recall,0.7747077577045696,0.7640807651434643,-0.01062699256110522,True
3,PTHW,72,0.1,500.0,all_scenarios,recall,0.786663124335813,0.8129649309245484,0.026301806588735377,True
3,PTHW,72,0.1,1000.0,all_scenarios,recall,0.808182784272051,0.8129649309245484,0.004782146652497321,True
3,PTHW,82,0.01,10.0,all_scenarios,recall,0.3565356004250797,0.3892136025504782,0.03267800212539851,True
3,PTHW,82,0.01,50.0,all_scenarios,recall,0.5406482465462275,0.5844845908607864,0.04383634431455896,True
3,PTHW,82,0.01,100.0,all_scenarios,recall,0.7239638682252922,0.7043039319872476,-0.01965993623804463,True
3,PTHW,82,0.01,500.0,all_scenarios,recall,0.7239638682252922,0.7043039319872476,-0.01965993623804463,True
3,PTHW,82,0.01,1000.0,all_scenarios,recall,0.7239638682252922,0.7043039319872476,-0.01965993623804463,True
3,PTHW,82,0.03,10.0,all_scenarios,recall,0.3565356004250797,0.3892136025504782,0.03267800212539851,True
3,PTHW,82,0.03,50.0,all_scenarios,recall,0.5406482465462275,0.5844845908607864,0.04383634431455896,True
3,PTHW,82,0.03,100.0,all_scenarios,recall,0.7755047821466525,0.7244952178533475,-0.051009564293305054,True
3,PTHW,82,0.03,500.0,all_scenarios,recall,0.8004782146652497,0.7906482465462275,-0.009829968119022259,True
3,PTHW,82,0.03,1000.0,all_scenarios,recall,0.8150903294367694,0.8007438894792773,-0.014346439957492074,True
3,PTHW,82,0.05,10.0,all_scenarios,recall,0.3565356004250797,0.3892136025504782,0.03267800212539851,True
3,PTHW,82,0.05,50.0,all_scenarios,recall,0.5406482465462275,0.5844845908607864,0.04383634431455896,True
3,PTHW,82,0.05,100.0,all_scenarios,recall,0.7755047821466525,0.7244952178533475,-0.051009564293305054,True
3,PTHW,82,0.05,500.0,all_scenarios,recall,0.8004782146652497,0.7906482465462275,-0.009829968119022259,True
3,PTHW,82,0.05,1000.0,all_scenarios,recall,0.8150903294367694,0.8007438894792773,-0.014346439957492074,True
3,PTHW,82,0.1,10.0,all_scenarios,recall,0.3565356004250797,0.3892136025504782,0.03267800212539851,True
3,PTHW,82,0.1,50.0,all_scenarios,recall,0.5406482465462275,0.5844845908607864,0.04383634431455896,True
3,PTHW,82,0.1,100.0,all_scenarios,recall,0.7755047821466525,0.7244952178533475,-0.051009564293305054,True
3,PTHW,82,0.1,500.0,all_scenarios,recall,0.8004782146652497,0.7906482465462275,-0.009829968119022259,True
3,PTHW,82,0.1,1000.0,all_scenarios,recall,0.8150903294367694,0.8007438894792773,-0.014346439957492074,True
3,PTHW5,42,0.03,100.0,all_scenarios,recall,0.7154622741764081,0.7412327311370882,0.025770456960680144,True
3,PTHW5,52,0.03,100.0,all_scenarios,recall,0.5810308182784272,0.6689691817215728,0.08793836344314565,True
3,PTHW5,62,0.03,100.0,all_scenarios,recall,0.7324654622741764,0.7430924548352816,0.01062699256110522,True
3,PTHW5,72,0.03,100.0,all_scenarios,recall,0.7457492029755579,0.6331030818278427,-0.11264612114771522,True
3,PTHW5,82,0.03,100.0,all_scenarios,recall,0.5666843783209352,0.6782678002125399,0.11158342189160464,True
1,P0,42,0.01,10.0,all_scenarios,precision,1.0,1.0,0.0,False
1,P0,42,0.01,50.0,all_scenarios,precision,0.9861111111111112,0.9861111111111112,0.0,False
1,P0,42,0.01,100.0,all_scenarios,precision,0.9861111111111112,0.9861111111111112,0.0,False
1,P0,42,0.01,500.0,all_scenarios,precision,0.9861111111111112,0.022579143389199256,-0.9635319677219119,True
1,P0,42,0.01,1000.0,all_scenarios,precision,0.06115107913669065,0.022579143389199256,-0.03857193574749139,True
1,P0,42,0.03,10.0,all_scenarios,precision,1.0,1.0,0.0,False
1,P0,42,0.03,50.0,all_scenarios,precision,0.9861111111111112,0.9861111111111112,0.0,False
1,P0,42,0.03,100.0,all_scenarios,precision,0.9861111111111112,0.9861111111111112,0.0,False
1,P0,42,0.03,500.0,all_scenarios,precision,0.013614655356760996,0.008713331397037467,-0.004901323959723529,True
1,P0,42,0.03,1000.0,all_scenarios,precision,0.013614655356760996,0.008713331397037467,-0.004901323959723529,True
1,P0,42,0.05,10.0,all_scenarios,precision,1.0,1.0,0.0,False
1,P0,42,0.05,50.0,all_scenarios,precision,0.9861111111111112,0.9861111111111112,0.0,False
1,P0,42,0.05,100.0,all_scenarios,precision,0.9861111111111112,0.9861111111111112,0.0,False
1,P0,42,0.05,500.0,all_scenarios,precision,0.013614655356760996,0.006450400801603207,-0.007164254555157789,True
1,P0,42,0.05,1000.0,all_scenarios,precision,0.008059496117681747,0.006450400801603207,-0.0016090953160785406,True
1,P0,42,0.1,10.0,all_scenarios,precision,1.0,1.0,0.0,False
1,P0,42,0.1,50.0,all_scenarios,precision,0.9861111111111112,0.9861111111111112,0.0,False
1,P0,42,0.1,100.0,all_scenarios,precision,0.9861111111111112,0.9861111111111112,0.0,False
1,P0,42,0.1,500.0,all_scenarios,precision,0.00686053412462908,0.006450400801603207,-0.00041013332302587344,True
1,P0,42,0.1,1000.0,all_scenarios,precision,0.006083947309667336,0.004948129948129948,-0.0011358173615373885,True
1,P0,52,0.01,10.0,all_scenarios,precision,1.0,0.0,-1.0,True
1,P0,52,0.01,50.0,all_scenarios,precision,1.0,0.048484848484848485,-0.9515151515151515,True
1,P0,52,0.01,100.0,all_scenarios,precision,1.0,0.048484848484848485,-0.9515151515151515,True
1,P0,52,0.01,500.0,all_scenarios,precision,1.0,0.048484848484848485,-0.9515151515151515,True
1,P0,52,0.01,1000.0,all_scenarios,precision,0.021727172717271728,0.02040816326530612,-0.0013190094519656068,True
1,P0,52,0.03,10.0,all_scenarios,precision,1.0,0.0,-1.0,True
1,P0,52,0.03,50.0,all_scenarios,precision,1.0,0.048484848484848485,-0.9515151515151515,True
1,P0,52,0.03,100.0,all_scenarios,precision,1.0,0.048484848484848485,-0.9515151515151515,True
1,P0,52,0.03,500.0,all_scenarios,precision,0.010320190526594337,0.0075577001337131565,-0.002762490392881181,True
1,P0,52,0.03,1000.0,all_scenarios,precision,0.010320190526594337,0.0075577001337131565,-0.002762490392881181,True
1,P0,52,0.05,10.0,all_scenarios,precision,1.0,0.0,-1.0,True
1,P0,52,0.05,50.0,all_scenarios,precision,1.0,0.048484848484848485,-0.9515151515151515,True
1,P0,52,0.05,100.0,all_scenarios,precision,1.0,0.048484848484848485,-0.9515151515151515,True
1,P0,52,0.05,500.0,all_scenarios,precision,0.007927559720949898,0.006591627476678745,-0.0013359322442711525,True
1,P0,52,0.05,1000.0,all_scenarios,precision,0.007566566630483366,0.006252776164280589,-0.0013137904662027773,True
1,P0,52,0.1,10.0,all_scenarios,precision,1.0,0.0,-1.0,True
1,P0,52,0.1,50.0,all_scenarios,precision,1.0,0.048484848484848485,-0.9515151515151515,True
1,P0,52,0.1,100.0,all_scenarios,precision,1.0,0.048484848484848485,-0.9515151515151515,True
1,P0,52,0.1,500.0,all_scenarios,precision,0.007927559720949898,0.005731235232014479,-0.0021963244889354186,True
1,P0,52,0.1,1000.0,all_scenarios,precision,0.005730899801687338,0.004865844189457337,-0.0008650556122300011,True
1,P0,62,0.01,10.0,all_scenarios,precision,1.0,1.0,0.0,False
1,P0,62,0.01,50.0,all_scenarios,precision,0.987012987012987,1.0,0.012987012987012991,True
1,P0,62,0.01,100.0,all_scenarios,precision,0.987012987012987,1.0,0.012987012987012991,True
1,P0,62,0.01,500.0,all_scenarios,precision,0.03674634320371031,0.09052183173588925,0.053775488532178936,True
1,P0,62,0.01,1000.0,all_scenarios,precision,0.03674634320371031,0.09052183173588925,0.053775488532178936,True
1,P0,62,0.03,10.0,all_scenarios,precision,1.0,1.0,0.0,False
1,P0,62,0.03,50.0,all_scenarios,precision,0.987012987012987,1.0,0.012987012987012991,True
1,P0,62,0.03,100.0,all_scenarios,precision,0.987012987012987,1.0,0.012987012987012991,True
1,P0,62,0.03,500.0,all_scenarios,precision,0.0352623936942543,0.02205983730869985,-0.013202556385554454,True
1,P0,62,0.03,1000.0,all_scenarios,precision,0.015755950385517935,0.02205983730869985,0.0063038869231819145,True
1,P0,62,0.05,10.0,all_scenarios,precision,1.0,1.0,0.0,False
1,P0,62,0.05,50.0,all_scenarios,precision,0.987012987012987,1.0,0.012987012987012991,True
1,P0,62,0.05,100.0,all_scenarios,precision,0.987012987012987,1.0,0.012987012987012991,True
1,P0,62,0.05,500.0,all_scenarios,precision,0.0352623936942543,0.007562080594066151,-0.027700313100188154,True
1,P0,62,0.05,1000.0,all_scenarios,precision,0.007944389275074478,0.007562080594066151,-0.00038230868100832746,True
1,P0,62,0.1,10.0,all_scenarios,precision,1.0,1.0,0.0,False
1,P0,62,0.1,50.0,all_scenarios,precision,0.987012987012987,1.0,0.012987012987012991,True
1,P0,62,0.1,100.0,all_scenarios,precision,0.987012987012987,1.0,0.012987012987012991,True
1,P0,62,0.1,500.0,all_scenarios,precision,0.0352623936942543,0.007562080594066151,-0.027700313100188154,True
1,P0,62,0.1,1000.0,all_scenarios,precision,0.005687668546212307,0.0054752258742562674,-0.0002124426719560396,True
1,P0,72,0.01,10.0,all_scenarios,precision,1.0,1.0,0.0,False
1,P0,72,0.01,50.0,all_scenarios,precision,1.0,1.0,0.0,False
1,P0,72,0.01,100.0,all_scenarios,precision,1.0,1.0,0.0,False
1,P0,72,0.01,500.0,all_scenarios,precision,0.05720492396813903,1.0,0.942795076031861,True
1,P0,72,0.01,1000.0,all_scenarios,precision,0.02048780487804878,0.03389830508474576,0.013410500206696981,True
1,P0,72,0.03,10.0,all_scenarios,precision,1.0,1.0,0.0,False
1,P0,72,0.03,50.0,all_scenarios,precision,1.0,1.0,0.0,False
1,P0,72,0.03,100.0,all_scenarios,precision,1.0,1.0,0.0,False
1,P0,72,0.03,500.0,all_scenarios,precision,0.05720492396813903,1.0,0.942795076031861,True
1,P0,72,0.03,1000.0,all_scenarios,precision,0.00814876723777685,0.00744653767820774,-0.0007022295595691102,True
1,P0,72,0.05,10.0,all_scenarios,precision,1.0,1.0,0.0,False
1,P0,72,0.05,50.0,all_scenarios,precision,1.0,1.0,0.0,False
1,P0,72,0.05,100.0,all_scenarios,precision,1.0,1.0,0.0,False
1,P0,72,0.05,500.0,all_scenarios,precision,0.05720492396813903,1.0,0.942795076031861,True
1,P0,72,0.05,1000.0,all_scenarios,precision,0.005417016904828617,0.005041914712671607,-0.0003751021921570095,True
1,P0,72,0.1,10.0,all_scenarios,precision,1.0,1.0,0.0,False
1,P0,72,0.1,50.0,all_scenarios,precision,1.0,1.0,0.0,False
1,P0,72,0.1,100.0,all_scenarios,precision,1.0,1.0,0.0,False
1,P0,72,0.1,500.0,all_scenarios,precision,0.006131101206652897,0.004952713907937788,-0.0011783872987151086,True
1,P0,72,0.1,1000.0,all_scenarios,precision,0.005625176826934279,0.004537738861531739,-0.0010874379654025402,True
1,P0,82,0.01,10.0,all_scenarios,precision,1.0,0.0,-1.0,True
1,P0,82,0.01,50.0,all_scenarios,precision,0.9861111111111112,0.12237762237762238,-0.8637334887334888,True
1,P0,82,0.01,100.0,all_scenarios,precision,0.31417624521072796,0.12237762237762238,-0.19179862283310556,True
1,P0,82,0.01,500.0,all_scenarios,precision,0.04668534080298786,0.03126285479226656,-0.015422486010721305,True
1,P0,82,0.01,1000.0,all_scenarios,precision,0.03514817367332874,0.03126285479226656,-0.0038853188810621803,True
1,P0,82,0.03,10.0,all_scenarios,precision,1.0,0.0,-1.0,True
1,P0,82,0.03,50.0,all_scenarios,precision,0.9861111111111112,0.12237762237762238,-0.8637334887334888,True
1,P0,82,0.03,100.0,all_scenarios,precision,0.31417624521072796,0.12237762237762238,-0.19179862283310556,True
1,P0,82,0.03,500.0,all_scenarios,precision,0.008920311880533898,0.03126285479226656,0.02234254291173266,True
1,P0,82,0.03,1000.0,all_scenarios,precision,0.008920311880533898,0.007395337177237403,-0.001524974703296495,True
1,P0,82,0.05,10.0,all_scenarios,precision,1.0,0.0,-1.0,True
1,P0,82,0.05,50.0,all_scenarios,precision,0.9861111111111112,0.12237762237762238,-0.8637334887334888,True
1,P0,82,0.05,100.0,all_scenarios,precision,0.31417624521072796,0.12237762237762238,-0.19179862283310556,True
1,P0,82,0.05,500.0,all_scenarios,precision,0.0060473760287914095,0.007739307535641548,0.001691931506850138,True
1,P0,82,0.05,1000.0,all_scenarios,precision,0.0060473760287914095,0.007568476693897165,0.0015211006651057552,True
1,P0,82,0.1,10.0,all_scenarios,precision,1.0,0.0,-1.0,True
1,P0,82,0.1,50.0,all_scenarios,precision,0.9861111111111112,0.12237762237762238,-0.8637334887334888,True
1,P0,82,0.1,100.0,all_scenarios,precision,0.31417624521072796,0.12237762237762238,-0.19179862283310556,True
1,P0,82,0.1,500.0,all_scenarios,precision,0.006088617525667701,0.006690527990268323,0.0006019104646006216,True
1,P0,82,0.1,1000.0,all_scenarios,precision,0.006088617525667701,0.006238501067946793,0.00014988354227909138,True
1,PH,42,0.03,100.0,all_scenarios,precision,0.04746057010562871,0.04312632696390658,-0.004334243141722129,True
1,PH,52,0.03,100.0,all_scenarios,precision,0.04189044038668099,0.046868091378039795,0.004977650991358808,True
1,PH,62,0.03,100.0,all_scenarios,precision,0.0397511758458504,0.045396145610278375,0.005644969764427972,True
1,PH,72,0.03,100.0,all_scenarios,precision,0.043123384573527414,0.034487477761051044,-0.00863590681247637,True
1,PH,82,0.03,100.0,all_scenarios,precision,0.04643548147045691,0.0361739902352419,-0.010261491235215012,True
1,PT,42,0.03,100.0,all_scenarios,precision,0.336322869955157,0.07491675915649279,-0.26140611079866416,True
1,PT,52,0.03,100.0,all_scenarios,precision,0.060725075528700906,0.5290322580645161,0.46830718253581527,True
1,PT,62,0.03,100.0,all_scenarios,precision,0.05539499036608863,0.13893967093235832,0.08354468056626968,True
1,PT,72,0.03,100.0,all_scenarios,precision,0.05989793177544991,0.8690476190476191,0.8091496872721692,True
1,PT,82,0.03,100.0,all_scenarios,precision,0.9358974358974359,0.9404761904761905,0.0045787545787545625,True
1,PTH,42,0.03,100.0,all_scenarios,precision,0.047724914776937896,0.044825751529662144,-0.0028991632472757517,True
1,PTH,52,0.03,100.0,all_scenarios,precision,0.04849473528103218,0.05004662729250855,0.0015518920114763676,True
1,PTH,62,0.03,100.0,all_scenarios,precision,0.0440792905581638,0.04813289791282124,0.004053607354657443,True
1,PTH,72,0.03,100.0,all_scenarios,precision,0.0420353982300885,0.03992651561543172,-0.0021088826146567763,True
1,PTH,82,0.03,100.0,all_scenarios,precision,0.052016004924592185,0.04725874472835525,-0.004757260196236936,True
1,PTHW,42,0.01,10.0,all_scenarios,precision,0.0,0.0,0.0,False
1,PTHW,42,0.01,50.0,all_scenarios,precision,0.046942210585374976,0.058790276992651214,0.011848066407276238,True
1,PTHW,42,0.01,100.0,all_scenarios,precision,0.046942210585374976,0.055092365538662744,0.008150154953287768,True
1,PTHW,42,0.01,500.0,all_scenarios,precision,0.04385814630803495,0.05144499924345589,0.00758685293542094,True
1,PTHW,42,0.01,1000.0,all_scenarios,precision,0.04385814630803495,0.05144499924345589,0.00758685293542094,True
1,PTHW,42,0.03,10.0,all_scenarios,precision,0.0,0.0,0.0,False
1,PTHW,42,0.03,50.0,all_scenarios,precision,0.046942210585374976,0.058790276992651214,0.011848066407276238,True
1,PTHW,42,0.03,100.0,all_scenarios,precision,0.046942210585374976,0.04961555200928478,0.0026733414239098058,True
1,PTHW,42,0.03,500.0,all_scenarios,precision,0.031239830784249918,0.035525684109457514,0.004285853325207596,True
1,PTHW,42,0.03,1000.0,all_scenarios,precision,0.029603919967333605,0.035525684109457514,0.005921764142123909,True
1,PTHW,42,0.05,10.0,all_scenarios,precision,0.0,0.0,0.0,False
1,PTHW,42,0.05,50.0,all_scenarios,precision,0.046942210585374976,0.058790276992651214,0.011848066407276238,True
1,PTHW,42,0.05,100.0,all_scenarios,precision,0.046942210585374976,0.04961555200928478,0.0026733414239098058,True
1,PTHW,42,0.05,500.0,all_scenarios,precision,0.031239830784249918,0.035525684109457514,0.004285853325207596,True
1,PTHW,42,0.05,1000.0,all_scenarios,precision,0.029603919967333605,0.035525684109457514,0.005921764142123909,True
1,PTHW,42,0.1,10.0,all_scenarios,precision,0.0,0.0,0.0,False
1,PTHW,42,0.1,50.0,all_scenarios,precision,0.046942210585374976,0.058790276992651214,0.011848066407276238,True
1,PTHW,42,0.1,100.0,all_scenarios,precision,0.046942210585374976,0.04961555200928478,0.0026733414239098058,True
1,PTHW,42,0.1,500.0,all_scenarios,precision,0.031239830784249918,0.035525684109457514,0.004285853325207596,True
1,PTHW,42,0.1,1000.0,all_scenarios,precision,0.029603919967333605,0.035525684109457514,0.005921764142123909,True
1,PTHW,52,0.01,10.0,all_scenarios,precision,0.7041666666666667,0.41927710843373495,-0.28488955823293177,True
1,PTHW,52,0.01,50.0,all_scenarios,precision,0.07835198856870683,0.07276163477439168,-0.005590353794315148,True
1,PTHW,52,0.01,100.0,all_scenarios,precision,0.061530230069555915,0.04883952726754948,-0.012690702802006432,True
1,PTHW,52,0.01,500.0,all_scenarios,precision,0.052569577381828894,0.04883952726754948,-0.003730050114279411,True
1,PTHW,52,0.01,1000.0,all_scenarios,precision,0.052569577381828894,0.04883952726754948,-0.003730050114279411,True
1,PTHW,52,0.03,10.0,all_scenarios,precision,0.7041666666666667,0.41927710843373495,-0.28488955823293177,True
1,PTHW,52,0.03,50.0,all_scenarios,precision,0.07835198856870683,0.07276163477439168,-0.005590353794315148,True
1,PTHW,52,0.03,100.0,all_scenarios,precision,0.061530230069555915,0.043845875105689096,-0.01768435496386682,True
1,PTHW,52,0.03,500.0,all_scenarios,precision,0.028936742934051143,0.027559339153019263,-0.0013774037810318808,True
1,PTHW,52,0.03,1000.0,all_scenarios,precision,0.028936742934051143,0.027559339153019263,-0.0013774037810318808,True
1,PTHW,52,0.05,10.0,all_scenarios,precision,0.7041666666666667,0.41927710843373495,-0.28488955823293177,True
1,PTHW,52,0.05,50.0,all_scenarios,precision,0.07835198856870683,0.07276163477439168,-0.005590353794315148,True
1,PTHW,52,0.05,100.0,all_scenarios,precision,0.061530230069555915,0.043845875105689096,-0.01768435496386682,True
1,PTHW,52,0.05,500.0,all_scenarios,precision,0.028936742934051143,0.027559339153019263,-0.0013774037810318808,True
1,PTHW,52,0.05,1000.0,all_scenarios,precision,0.028936742934051143,0.012578616352201259,-0.016358126581849885,True
1,PTHW,52,0.1,10.0,all_scenarios,precision,0.7041666666666667,0.41927710843373495,-0.28488955823293177,True
1,PTHW,52,0.1,50.0,all_scenarios,precision,0.07835198856870683,0.07276163477439168,-0.005590353794315148,True
1,PTHW,52,0.1,100.0,all_scenarios,precision,0.061530230069555915,0.043845875105689096,-0.01768435496386682,True
1,PTHW,52,0.1,500.0,all_scenarios,precision,0.028936742934051143,0.027559339153019263,-0.0013774037810318808,True
1,PTHW,52,0.1,1000.0,all_scenarios,precision,0.028936742934051143,0.012578616352201259,-0.016358126581849885,True
1,PTHW,62,0.01,10.0,all_scenarios,precision,0.6693227091633466,0.7302904564315352,0.060967747268188655,True
1,PTHW,62,0.01,50.0,all_scenarios,precision,0.0734771272813463,0.09028194361127774,0.016804816329931443,True
1,PTHW,62,0.01,100.0,all_scenarios,precision,0.059358288770053474,0.06323185011709602,0.003873561347042545,True
1,PTHW,62,0.01,500.0,all_scenarios,precision,0.04941277570896591,0.06323185011709602,0.013819074408130107,True
1,PTHW,62,0.01,1000.0,all_scenarios,precision,0.04941277570896591,0.06323185011709602,0.013819074408130107,True
1,PTHW,62,0.03,10.0,all_scenarios,precision,0.6693227091633466,0.7302904564315352,0.060967747268188655,True
1,PTHW,62,0.03,50.0,all_scenarios,precision,0.0734771272813463,0.09028194361127774,0.016804816329931443,True
1,PTHW,62,0.03,100.0,all_scenarios,precision,0.059358288770053474,0.04873239436619718,-0.010625894403856292,True
1,PTHW,62,0.03,500.0,all_scenarios,precision,0.029665851670741646,0.03349453698728282,0.003828685316541177,True
1,PTHW,62,0.03,1000.0,all_scenarios,precision,0.029665851670741646,0.0230325129140079,-0.006633338756733748,True
1,PTHW,62,0.05,10.0,all_scenarios,precision,0.6693227091633466,0.7302904564315352,0.060967747268188655,True
1,PTHW,62,0.05,50.0,all_scenarios,precision,0.0734771272813463,0.09028194361127774,0.016804816329931443,True
1,PTHW,62,0.05,100.0,all_scenarios,precision,0.059358288770053474,0.04873239436619718,-0.010625894403856292,True
1,PTHW,62,0.05,500.0,all_scenarios,precision,0.029665851670741646,0.03349453698728282,0.003828685316541177,True
1,PTHW,62,0.05,1000.0,all_scenarios,precision,0.029665851670741646,0.0230325129140079,-0.006633338756733748,True
1,PTHW,62,0.1,10.0,all_scenarios,precision,0.6693227091633466,0.7302904564315352,0.060967747268188655,True
1,PTHW,62,0.1,50.0,all_scenarios,precision,0.0734771272813463,0.09028194361127774,0.016804816329931443,True
1,PTHW,62,0.1,100.0,all_scenarios,precision,0.059358288770053474,0.04873239436619718,-0.010625894403856292,True
1,PTHW,62,0.1,500.0,all_scenarios,precision,0.029665851670741646,0.03349453698728282,0.003828685316541177,True
1,PTHW,62,0.1,1000.0,all_scenarios,precision,0.029665851670741646,0.0230325129140079,-0.006633338756733748,True
1,PTHW,72,0.01,10.0,all_scenarios,precision,0.5568627450980392,0.8102189781021898,0.25335623300415056,True
1,PTHW,72,0.01,50.0,all_scenarios,precision,0.5407407407407407,0.10773026315789473,-0.433010477582846,True
1,PTHW,72,0.01,100.0,all_scenarios,precision,0.04424079633433402,0.04671304841686781,0.0024722520825337935,True
1,PTHW,72,0.01,500.0,all_scenarios,precision,0.04424079633433402,0.04671304841686781,0.0024722520825337935,True
1,PTHW,72,0.01,1000.0,all_scenarios,precision,0.04424079633433402,0.04671304841686781,0.0024722520825337935,True
1,PTHW,72,0.03,10.0,all_scenarios,precision,0.5568627450980392,0.8102189781021898,0.25335623300415056,True
1,PTHW,72,0.03,50.0,all_scenarios,precision,0.5407407407407407,0.10773026315789473,-0.433010477582846,True
1,PTHW,72,0.03,100.0,all_scenarios,precision,0.040934065934065934,0.04671304841686781,0.005778982482801877,True
1,PTHW,72,0.03,500.0,all_scenarios,precision,0.02805148690634709,0.04091411721341688,0.01286263030706979,True
1,PTHW,72,0.03,1000.0,all_scenarios,precision,0.02805148690634709,0.03053026245313337,0.0024787755467862785,True
1,PTHW,72,0.05,10.0,all_scenarios,precision,0.5568627450980392,0.8102189781021898,0.25335623300415056,True
1,PTHW,72,0.05,50.0,all_scenarios,precision,0.5407407407407407,0.10773026315789473,-0.433010477582846,True
1,PTHW,72,0.05,100.0,all_scenarios,precision,0.040934065934065934,0.04671304841686781,0.005778982482801877,True
1,PTHW,72,0.05,500.0,all_scenarios,precision,0.02805148690634709,0.04091411721341688,0.01286263030706979,True
1,PTHW,72,0.05,1000.0,all_scenarios,precision,0.02805148690634709,0.03053026245313337,0.0024787755467862785,True
1,PTHW,72,0.1,10.0,all_scenarios,precision,0.5568627450980392,0.8102189781021898,0.25335623300415056,True
1,PTHW,72,0.1,50.0,all_scenarios,precision,0.5407407407407407,0.10773026315789473,-0.433010477582846,True
1,PTHW,72,0.1,100.0,all_scenarios,precision,0.040934065934065934,0.04671304841686781,0.005778982482801877,True
1,PTHW,72,0.1,500.0,all_scenarios,precision,0.02805148690634709,0.04091411721341688,0.01286263030706979,True
1,PTHW,72,0.1,1000.0,all_scenarios,precision,0.02805148690634709,0.03053026245313337,0.0024787755467862785,True
1,PTHW,82,0.01,10.0,all_scenarios,precision,0.571917808219178,0.459375,-0.11254280821917806,True
1,PTHW,82,0.01,50.0,all_scenarios,precision,0.0688323489323035,0.07396979779882262,0.005137448866519123,True
1,PTHW,82,0.01,100.0,all_scenarios,precision,0.05514642918307929,0.05106176041497812,-0.004084668768101173,True
1,PTHW,82,0.01,500.0,all_scenarios,precision,0.05428186109238031,0.05106176041497812,-0.0032201006774021934,True
1,PTHW,82,0.01,1000.0,all_scenarios,precision,0.05428186109238031,0.05106176041497812,-0.0032201006774021934,True
1,PTHW,82,0.03,10.0,all_scenarios,precision,0.571917808219178,0.459375,-0.11254280821917806,True
1,PTHW,82,0.03,50.0,all_scenarios,precision,0.0688323489323035,0.07396979779882262,0.005137448866519123,True
1,PTHW,82,0.03,100.0,all_scenarios,precision,0.04663487016428193,0.04600638977635783,-0.0006284803879241033,True
1,PTHW,82,0.03,500.0,all_scenarios,precision,0.0421912966644577,0.037992262672353935,-0.004199033992103765,True
1,PTHW,82,0.03,1000.0,all_scenarios,precision,0.03756006668628028,0.037992262672353935,0.00043219598607365656,True
1,PTHW,82,0.05,10.0,all_scenarios,precision,0.571917808219178,0.459375,-0.11254280821917806,True
1,PTHW,82,0.05,50.0,all_scenarios,precision,0.0688323489323035,0.07396979779882262,0.005137448866519123,True
1,PTHW,82,0.05,100.0,all_scenarios,precision,0.04663487016428193,0.04600638977635783,-0.0006284803879241033,True
1,PTHW,82,0.05,500.0,all_scenarios,precision,0.0421912966644577,0.037992262672353935,-0.004199033992103765,True
1,PTHW,82,0.05,1000.0,all_scenarios,precision,0.03756006668628028,0.037992262672353935,0.00043219598607365656,True
1,PTHW,82,0.1,10.0,all_scenarios,precision,0.571917808219178,0.459375,-0.11254280821917806,True
1,PTHW,82,0.1,50.0,all_scenarios,precision,0.0688323489323035,0.07396979779882262,0.005137448866519123,True
1,PTHW,82,0.1,100.0,all_scenarios,precision,0.04663487016428193,0.04600638977635783,-0.0006284803879241033,True
1,PTHW,82,0.1,500.0,all_scenarios,precision,0.0421912966644577,0.037992262672353935,-0.004199033992103765,True
1,PTHW,82,0.1,1000.0,all_scenarios,precision,0.03756006668628028,0.037992262672353935,0.00043219598607365656,True
1,PTHW5,42,0.03,100.0,all_scenarios,precision,0.053753330199028365,0.041557200859804154,-0.012196129339224211,True
1,PTHW5,52,0.03,100.0,all_scenarios,precision,0.037537718768859384,0.0465244322092223,0.008986713440362913,True
1,PTHW5,62,0.03,100.0,all_scenarios,precision,0.04536716647443291,0.013133531412823495,-0.032233635061609416,True
1,PTHW5,72,0.03,100.0,all_scenarios,precision,0.035807365439093485,0.0318118948824343,-0.003995470556659185,True
1,PTHW5,82,0.03,100.0,all_scenarios,precision,0.04065719855193539,0.039200809307030855,-0.0014563892449045365,True
2,P0,42,0.01,10.0,all_scenarios,precision,0.5921052631578947,0.9487179487179487,0.356612685560054,True
2,P0,42,0.01,50.0,all_scenarios,precision,0.5921052631578947,0.2722222222222222,-0.3198830409356725,True
2,P0,42,0.01,100.0,all_scenarios,precision,0.5921052631578947,0.2722222222222222,-0.3198830409356725,True
2,P0,42,0.01,500.0,all_scenarios,precision,0.5921052631578947,0.0288153681963714,-0.5632898949615233,True
2,P0,42,0.01,1000.0,all_scenarios,precision,0.02006105538595726,0.0288153681963714,0.008754312810414139,True
2,P0,42,0.03,10.0,all_scenarios,precision,0.5921052631578947,0.9487179487179487,0.356612685560054,True
2,P0,42,0.03,50.0,all_scenarios,precision,0.5921052631578947,0.2722222222222222,-0.3198830409356725,True
2,P0,42,0.03,100.0,all_scenarios,precision,0.5921052631578947,0.2722222222222222,-0.3198830409356725,True
2,P0,42,0.03,500.0,all_scenarios,precision,0.005646221672209761,0.006742778331162363,0.001096556658952602,True
2,P0,42,0.03,1000.0,all_scenarios,precision,0.005646221672209761,0.006742778331162363,0.001096556658952602,True
2,P0,42,0.05,10.0,all_scenarios,precision,0.5921052631578947,0.9487179487179487,0.356612685560054,True
2,P0,42,0.05,50.0,all_scenarios,precision,0.5921052631578947,0.2722222222222222,-0.3198830409356725,True
2,P0,42,0.05,100.0,all_scenarios,precision,0.5921052631578947,0.2722222222222222,-0.3198830409356725,True
2,P0,42,0.05,500.0,all_scenarios,precision,0.00429776192020759,0.0045841519318926,0.0002863900116850107,True
2,P0,42,0.05,1000.0,all_scenarios,precision,0.004120455945779421,0.0045841519318926,0.00046369598611317904,True
2,P0,42,0.1,10.0,all_scenarios,precision,0.5921052631578947,0.9487179487179487,0.356612685560054,True
2,P0,42,0.1,50.0,all_scenarios,precision,0.5921052631578947,0.2722222222222222,-0.3198830409356725,True
2,P0,42,0.1,100.0,all_scenarios,precision,0.5921052631578947,0.2722222222222222,-0.3198830409356725,True
2,P0,42,0.1,500.0,all_scenarios,precision,0.0034585146944697506,0.0037150311889827727,0.00025651649451302215,True
2,P0,42,0.1,1000.0,all_scenarios,precision,0.0034585146944697506,0.0037150311889827727,0.00025651649451302215,True
2,P0,52,0.01,10.0,all_scenarios,precision,0.9393939393939394,0.6481481481481481,-0.2912457912457913,True
2,P0,52,0.01,50.0,all_scenarios,precision,0.9393939393939394,0.6481481481481481,-0.2912457912457913,True
2,P0,52,0.01,100.0,all_scenarios,precision,0.09977324263038549,0.6481481481481481,0.5483749055177627,True
2,P0,52,0.01,500.0,all_scenarios,precision,0.014223512336719884,0.008793969849246231,-0.0054295424874736525,True
2,P0,52,0.01,1000.0,all_scenarios,precision,0.014223512336719884,0.008793969849246231,-0.0054295424874736525,True
2,P0,52,0.03,10.0,all_scenarios,precision,0.9393939393939394,0.6481481481481481,-0.2912457912457913,True
2,P0,52,0.03,50.0,all_scenarios,precision,0.9393939393939394,0.6481481481481481,-0.2912457912457913,True
2,P0,52,0.03,100.0,all_scenarios,precision,0.09977324263038549,0.6481481481481481,0.5483749055177627,True
2,P0,52,0.03,500.0,all_scenarios,precision,0.014223512336719884,0.008793969849246231,-0.0054295424874736525,True
2,P0,52,0.03,1000.0,all_scenarios,precision,0.014223512336719884,0.008793969849246231,-0.0054295424874736525,True
2,P0,52,0.05,10.0,all_scenarios,precision,0.9393939393939394,0.6481481481481481,-0.2912457912457913,True
2,P0,52,0.05,50.0,all_scenarios,precision,0.9393939393939394,0.6481481481481481,-0.2912457912457913,True
2,P0,52,0.05,100.0,all_scenarios,precision,0.09977324263038549,0.6481481481481481,0.5483749055177627,True
2,P0,52,0.05,500.0,all_scenarios,precision,0.00535031847133758,0.005295238095238095,-5.5080376099484775e-05,True
2,P0,52,0.05,1000.0,all_scenarios,precision,0.004259087458885047,0.005295238095238095,0.001036150636353048,True
2,P0,52,0.1,10.0,all_scenarios,precision,0.9393939393939394,0.6481481481481481,-0.2912457912457913,True
2,P0,52,0.1,50.0,all_scenarios,precision,0.9393939393939394,0.6481481481481481,-0.2912457912457913,True
2,P0,52,0.1,100.0,all_scenarios,precision,0.09977324263038549,0.6481481481481481,0.5483749055177627,True
2,P0,52,0.1,500.0,all_scenarios,precision,0.0033852173173428597,0.003609289998605105,0.00022407268126224547,True
2,P0,52,0.1,1000.0,all_scenarios,precision,0.0033852173173428597,0.003609289998605105,0.00022407268126224547,True
2,P0,62,0.01,10.0,all_scenarios,precision,0.6164383561643836,0.9487179487179487,0.3322795925535651,True
2,P0,62,0.01,50.0,all_scenarios,precision,0.6164383561643836,0.9487179487179487,0.3322795925535651,True
2,P0,62,0.01,100.0,all_scenarios,precision,0.1678082191780822,0.13687150837988826,-0.030936710798193934,True
2,P0,62,0.01,500.0,all_scenarios,precision,0.03190184049079755,0.019135598812273176,-0.012766241678524373,True
2,P0,62,0.01,1000.0,all_scenarios,precision,0.03190184049079755,0.019135598812273176,-0.012766241678524373,True
2,P0,62,0.03,10.0,all_scenarios,precision,0.6164383561643836,0.9487179487179487,0.3322795925535651,True
2,P0,62,0.03,50.0,all_scenarios,precision,0.6164383561643836,0.9487179487179487,0.3322795925535651,True
2,P0,62,0.03,100.0,all_scenarios,precision,0.1678082191780822,0.13687150837988826,-0.030936710798193934,True
2,P0,62,0.03,500.0,all_scenarios,precision,0.006153846153846154,0.019135598812273176,0.012981752658427022,True
2,P0,62,0.03,1000.0,all_scenarios,precision,0.006153846153846154,0.019135598812273176,0.012981752658427022,True
2,P0,62,0.05,10.0,all_scenarios,precision,0.6164383561643836,0.9487179487179487,0.3322795925535651,True
2,P0,62,0.05,50.0,all_scenarios,precision,0.6164383561643836,0.9487179487179487,0.3322795925535651,True
2,P0,62,0.05,100.0,all_scenarios,precision,0.1678082191780822,0.13687150837988826,-0.030936710798193934,True
2,P0,62,0.05,500.0,all_scenarios,precision,0.00473421926910299,0.005709983058292025,0.0009757637891890346,True
2,P0,62,0.05,1000.0,all_scenarios,precision,0.00473421926910299,0.004341534008683068,-0.000392685260419922,True
2,P0,62,0.1,10.0,all_scenarios,precision,0.6164383561643836,0.9487179487179487,0.3322795925535651,True
2,P0,62,0.1,50.0,all_scenarios,precision,0.6164383561643836,0.9487179487179487,0.3322795925535651,True
2,P0,62,0.1,100.0,all_scenarios,precision,0.1678082191780822,0.13687150837988826,-0.030936710798193934,True
2,P0,62,0.1,500.0,all_scenarios,precision,0.003662059954730314,0.0032105235756555543,-0.00045153637907475964,True
2,P0,62,0.1,1000.0,all_scenarios,precision,0.003662059954730314,0.003212100611828688,-0.00044995934290162614,True
2,P0,72,0.01,10.0,all_scenarios,precision,0.9487179487179487,0.6,-0.3487179487179487,True
2,P0,72,0.01,50.0,all_scenarios,precision,0.5211267605633803,0.2752808988764045,-0.24584586168697575,True
2,P0,72,0.01,100.0,all_scenarios,precision,0.5211267605633803,0.2752808988764045,-0.24584586168697575,True
2,P0,72,0.01,500.0,all_scenarios,precision,0.06451612903225806,0.0687757909215956,0.004259661889337532,True
2,P0,72,0.01,1000.0,all_scenarios,precision,0.06451612903225806,0.0687757909215956,0.004259661889337532,True
2,P0,72,0.03,10.0,all_scenarios,precision,0.9487179487179487,0.6,-0.3487179487179487,True
2,P0,72,0.03,50.0,all_scenarios,precision,0.5211267605633803,0.2752808988764045,-0.24584586168697575,True
2,P0,72,0.03,100.0,all_scenarios,precision,0.5211267605633803,0.2752808988764045,-0.24584586168697575,True
2,P0,72,0.03,500.0,all_scenarios,precision,0.006138348941528291,0.006675116180819603,0.0005367672392913121,True
2,P0,72,0.03,1000.0,all_scenarios,precision,0.006138348941528291,0.006675116180819603,0.0005367672392913121,True
2,P0,72,0.05,10.0,all_scenarios,precision,0.9487179487179487,0.6,-0.3487179487179487,True
2,P0,72,0.05,50.0,all_scenarios,precision,0.5211267605633803,0.2752808988764045,-0.24584586168697575,True
2,P0,72,0.05,100.0,all_scenarios,precision,0.5211267605633803,0.2752808988764045,-0.24584586168697575,True
2,P0,72,0.05,500.0,all_scenarios,precision,0.004393571511157359,0.005094501050011667,0.0007009295388543078,True
2,P0,72,0.05,1000.0,all_scenarios,precision,0.004393571511157359,0.005094501050011667,0.0007009295388543078,True
2,P0,72,0.1,10.0,all_scenarios,precision,0.9487179487179487,0.6,-0.3487179487179487,True
2,P0,72,0.1,50.0,all_scenarios,precision,0.5211267605633803,0.2752808988764045,-0.24584586168697575,True
2,P0,72,0.1,100.0,all_scenarios,precision,0.5211267605633803,0.2752808988764045,-0.24584586168697575,True
2,P0,72,0.1,500.0,all_scenarios,precision,0.003370212765957447,0.0039041512948171497,0.0005339385288597029,True
2,P0,72,0.1,1000.0,all_scenarios,precision,0.003370212765957447,0.0036981005210959825,0.0003278877551385357,True
2,P0,82,0.01,10.0,all_scenarios,precision,0.9487179487179487,0.9393939393939394,-0.00932400932400923,True
2,P0,82,0.01,50.0,all_scenarios,precision,0.9487179487179487,0.47692307692307695,-0.47179487179487173,True
2,P0,82,0.01,100.0,all_scenarios,precision,0.9487179487179487,0.47692307692307695,-0.47179487179487173,True
2,P0,82,0.01,500.0,all_scenarios,precision,0.11864406779661017,0.02490525175961018,-0.09373881603699999,True
2,P0,82,0.01,1000.0,all_scenarios,precision,0.019908116385911178,0.02490525175961018,0.004997135373699002,True
2,P0,82,0.03,10.0,all_scenarios,precision,0.9487179487179487,0.9393939393939394,-0.00932400932400923,True
2,P0,82,0.03,50.0,all_scenarios,precision,0.9487179487179487,0.47692307692307695,-0.47179487179487173,True
2,P0,82,0.03,100.0,all_scenarios,precision,0.9487179487179487,0.47692307692307695,-0.47179487179487173,True
2,P0,82,0.03,500.0,all_scenarios,precision,0.11864406779661017,0.00598940336328035,-0.11265466443332982,True
2,P0,82,0.03,1000.0,all_scenarios,precision,0.019908116385911178,0.00598940336328035,-0.013918713022630827,True
2,P0,82,0.05,10.0,all_scenarios,precision,0.9487179487179487,0.9393939393939394,-0.00932400932400923,True
2,P0,82,0.05,50.0,all_scenarios,precision,0.9487179487179487,0.47692307692307695,-0.47179487179487173,True
2,P0,82,0.05,100.0,all_scenarios,precision,0.9487179487179487,0.47692307692307695,-0.47179487179487173,True
2,P0,82,0.05,500.0,all_scenarios,precision,0.0045071758984699326,0.004835549626912335,0.0003283737284424026,True
2,P0,82,0.05,1000.0,all_scenarios,precision,0.0045071758984699326,0.004835549626912335,0.0003283737284424026,True
2,P0,82,0.1,10.0,all_scenarios,precision,0.9487179487179487,0.9393939393939394,-0.00932400932400923,True
2,P0,82,0.1,50.0,all_scenarios,precision,0.9487179487179487,0.47692307692307695,-0.47179487179487173,True
2,P0,82,0.1,100.0,all_scenarios,precision,0.9487179487179487,0.47692307692307695,-0.47179487179487173,True
2,P0,82,0.1,500.0,all_scenarios,precision,0.003707100072190896,0.0037186807827518237,1.1580710560927555e-05,True
2,P0,82,0.1,1000.0,all_scenarios,precision,0.0036258656539446326,0.003513944359690773,-0.00011192129425385963,True
2,PH,42,0.03,100.0,all_scenarios,precision,0.023376324274527866,0.02199641362821279,-0.001379910646315076,True
2,PH,52,0.03,100.0,all_scenarios,precision,0.012742315357207561,0.027136845160354084,0.014394529803146523,True
2,PH,62,0.03,100.0,all_scenarios,precision,0.025777414075286414,0.022408026755852843,-0.0033693873194335713,True
2,PH,72,0.03,100.0,all_scenarios,precision,0.021539269766220122,0.023240965393947134,0.0017016956277270123,True
2,PH,82,0.03,100.0,all_scenarios,precision,0.021946030679655133,0.02323174238067855,0.0012857117010234183,True
2,PT,42,0.03,100.0,all_scenarios,precision,0.07258587167854828,0.08374875373878365,0.011162882060235371,True
2,PT,52,0.03,100.0,all_scenarios,precision,0.1401360544217687,0.09172809172809172,-0.04840796269367699,True
2,PT,62,0.03,100.0,all_scenarios,precision,0.18392857142857144,0.13928012519561817,-0.044648446232953276,True
2,PT,72,0.03,100.0,all_scenarios,precision,0.24022346368715083,0.053981827899518976,-0.18624163578763187,True
2,PT,82,0.03,100.0,all_scenarios,precision,0.13366960907944514,0.10334029227557412,-0.03032931680387102,True
2,PTH,42,0.03,100.0,all_scenarios,precision,0.025030944849401732,0.024645175486852237,-0.000385769362549495,True
2,PTH,52,0.03,100.0,all_scenarios,precision,0.0241925580252978,0.024159429971053217,-3.312805424458484e-05,True
2,PTH,62,0.03,100.0,all_scenarios,precision,0.03575883575883576,0.03088031955753572,-0.004878516201300042,True
2,PTH,72,0.03,100.0,all_scenarios,precision,0.034293292913982566,0.025116519937856033,-0.009176772976126533,True
2,PTH,82,0.03,100.0,all_scenarios,precision,0.026182003050330454,0.023454157782515993,-0.002727845267814461,True
2,PTHW,42,0.01,10.0,all_scenarios,precision,0.18401486988847585,0.7155963302752294,0.5315814603867536,True
2,PTHW,42,0.01,50.0,all_scenarios,precision,0.046866333887964504,0.07015306122448979,0.023286727336525287,True
2,PTHW,42,0.01,100.0,all_scenarios,precision,0.046866333887964504,0.043683589138134596,-0.0031827447498299077,True
2,PTHW,42,0.01,500.0,all_scenarios,precision,0.046866333887964504,0.042967631051274706,-0.0038987028366897977,True
2,PTHW,42,0.01,1000.0,all_scenarios,precision,0.046866333887964504,0.042967631051274706,-0.0038987028366897977,True
2,PTHW,42,0.03,10.0,all_scenarios,precision,0.18401486988847585,0.7155963302752294,0.5315814603867536,True
2,PTHW,42,0.03,50.0,all_scenarios,precision,0.04096228868660598,0.07015306122448979,0.02919077253788381,True
2,PTHW,42,0.03,100.0,all_scenarios,precision,0.034232715008431704,0.032497678737233054,-0.0017350362711986492,True
2,PTHW,42,0.03,500.0,all_scenarios,precision,0.025134855962355103,0.0265434293162697,0.0014085733539145988,True
2,PTHW,42,0.03,1000.0,all_scenarios,precision,0.025134855962355103,0.017302368501999385,-0.007832487460355718,True
2,PTHW,42,0.05,10.0,all_scenarios,precision,0.18401486988847585,0.7155963302752294,0.5315814603867536,True
2,PTHW,42,0.05,50.0,all_scenarios,precision,0.04096228868660598,0.07015306122448979,0.02919077253788381,True
2,PTHW,42,0.05,100.0,all_scenarios,precision,0.034232715008431704,0.032497678737233054,-0.0017350362711986492,True
2,PTHW,42,0.05,500.0,all_scenarios,precision,0.025134855962355103,0.0265434293162697,0.0014085733539145988,True
2,PTHW,42,0.05,1000.0,all_scenarios,precision,0.025134855962355103,0.016269527031891152,-0.008865328930463951,True
2,PTHW,42,0.1,10.0,all_scenarios,precision,0.18401486988847585,0.7155963302752294,0.5315814603867536,True
2,PTHW,42,0.1,50.0,all_scenarios,precision,0.04096228868660598,0.07015306122448979,0.02919077253788381,True
2,PTHW,42,0.1,100.0,all_scenarios,precision,0.034232715008431704,0.032497678737233054,-0.0017350362711986492,True
2,PTHW,42,0.1,500.0,all_scenarios,precision,0.025134855962355103,0.0265434293162697,0.0014085733539145988,True
2,PTHW,42,0.1,1000.0,all_scenarios,precision,0.025134855962355103,0.016269527031891152,-0.008865328930463951,True
2,PTHW,52,0.01,10.0,all_scenarios,precision,0.08775510204081632,0.11073446327683616,0.022979361236019832,True
2,PTHW,52,0.01,50.0,all_scenarios,precision,0.08770161290322581,0.11073446327683616,0.023032850373610345,True
2,PTHW,52,0.01,100.0,all_scenarios,precision,0.08770161290322581,0.11073446327683616,0.023032850373610345,True
2,PTHW,52,0.01,500.0,all_scenarios,precision,0.04172821270310192,0.05885815185403178,0.017129939150929863,True
2,PTHW,52,0.01,1000.0,all_scenarios,precision,0.04172821270310192,0.05885815185403178,0.017129939150929863,True
2,PTHW,52,0.03,10.0,all_scenarios,precision,0.08775510204081632,0.11073446327683616,0.022979361236019832,True
2,PTHW,52,0.03,50.0,all_scenarios,precision,0.08770161290322581,0.11073446327683616,0.023032850373610345,True
2,PTHW,52,0.03,100.0,all_scenarios,precision,0.0226928895612708,0.023377758357002402,0.0006848687957316003,True
2,PTHW,52,0.03,500.0,all_scenarios,precision,0.021700940374082878,0.019497863247863248,-0.0022030771262196297,True
2,PTHW,52,0.03,1000.0,all_scenarios,precision,0.020368761463461723,0.019497863247863248,-0.000870898215598475,True
2,PTHW,52,0.05,10.0,all_scenarios,precision,0.08775510204081632,0.11073446327683616,0.022979361236019832,True
2,PTHW,52,0.05,50.0,all_scenarios,precision,0.08770161290322581,0.11073446327683616,0.023032850373610345,True
2,PTHW,52,0.05,100.0,all_scenarios,precision,0.0226928895612708,0.023377758357002402,0.0006848687957316003,True
2,PTHW,52,0.05,500.0,all_scenarios,precision,0.021700940374082878,0.019497863247863248,-0.0022030771262196297,True
2,PTHW,52,0.05,1000.0,all_scenarios,precision,0.020368761463461723,0.0167008274500873,-0.0036679340133744243,True
2,PTHW,52,0.1,10.0,all_scenarios,precision,0.08775510204081632,0.11073446327683616,0.022979361236019832,True
2,PTHW,52,0.1,50.0,all_scenarios,precision,0.08770161290322581,0.11073446327683616,0.023032850373610345,True
2,PTHW,52,0.1,100.0,all_scenarios,precision,0.0226928895612708,0.023377758357002402,0.0006848687957316003,True
2,PTHW,52,0.1,500.0,all_scenarios,precision,0.021700940374082878,0.019497863247863248,-0.0022030771262196297,True
2,PTHW,52,0.1,1000.0,all_scenarios,precision,0.020368761463461723,0.0167008274500873,-0.0036679340133744243,True
2,PTHW,62,0.01,10.0,all_scenarios,precision,0.0,0.0,0.0,False
2,PTHW,62,0.01,50.0,all_scenarios,precision,0.03853904282115869,0.040502490794888456,0.0019634479737297636,True
2,PTHW,62,0.01,100.0,all_scenarios,precision,0.037062775075283765,0.040502490794888456,0.0034397157196046912,True
2,PTHW,62,0.01,500.0,all_scenarios,precision,0.037062775075283765,0.040502490794888456,0.0034397157196046912,True
2,PTHW,62,0.01,1000.0,all_scenarios,precision,0.037062775075283765,0.040502490794888456,0.0034397157196046912,True
2,PTHW,62,0.03,10.0,all_scenarios,precision,0.0,0.0,0.0,False
2,PTHW,62,0.03,50.0,all_scenarios,precision,0.03436563436563437,0.040502490794888456,0.006136856429254087,True
2,PTHW,62,0.03,100.0,all_scenarios,precision,0.02599502487562189,0.03769955760723216,0.011704532731610272,True
2,PTHW,62,0.03,500.0,all_scenarios,precision,0.02599502487562189,0.029081563641282292,0.003086538765660403,True
2,PTHW,62,0.03,1000.0,all_scenarios,precision,0.017301865731143357,0.029081563641282292,0.011779697910138935,True
2,PTHW,62,0.05,10.0,all_scenarios,precision,0.0,0.0,0.0,False
2,PTHW,62,0.05,50.0,all_scenarios,precision,0.03436563436563437,0.040502490794888456,0.006136856429254087,True
2,PTHW,62,0.05,100.0,all_scenarios,precision,0.02599502487562189,0.03769955760723216,0.011704532731610272,True
2,PTHW,62,0.05,500.0,all_scenarios,precision,0.02599502487562189,0.029081563641282292,0.003086538765660403,True
2,PTHW,62,0.05,1000.0,all_scenarios,precision,0.017301865731143357,0.029081563641282292,0.011779697910138935,True
2,PTHW,62,0.1,10.0,all_scenarios,precision,0.0,0.0,0.0,False
2,PTHW,62,0.1,50.0,all_scenarios,precision,0.03436563436563437,0.040502490794888456,0.006136856429254087,True
2,PTHW,62,0.1,100.0,all_scenarios,precision,0.02599502487562189,0.03769955760723216,0.011704532731610272,True
2,PTHW,62,0.1,500.0,all_scenarios,precision,0.02599502487562189,0.029081563641282292,0.003086538765660403,True
2,PTHW,62,0.1,1000.0,all_scenarios,precision,0.017301865731143357,0.029081563641282292,0.011779697910138935,True
2,PTHW,72,0.01,10.0,all_scenarios,precision,0.0,0.0,0.0,False
2,PTHW,72,0.01,50.0,all_scenarios,precision,0.03680297397769517,0.027324719339123067,-0.009478254638572103,True
2,PTHW,72,0.01,100.0,all_scenarios,precision,0.02668832675794848,0.02749427202666111,0.0008059452687126309,True
2,PTHW,72,0.01,500.0,all_scenarios,precision,0.02668832675794848,0.026580749093838098,-0.00010757766411038233,True
2,PTHW,72,0.01,1000.0,all_scenarios,precision,0.02668832675794848,0.026580749093838098,-0.00010757766411038233,True
2,PTHW,72,0.03,10.0,all_scenarios,precision,0.0,0.0,0.0,False
2,PTHW,72,0.03,50.0,all_scenarios,precision,0.03680297397769517,0.027324719339123067,-0.009478254638572103,True
2,PTHW,72,0.03,100.0,all_scenarios,precision,0.02344217198899653,0.019133321684431243,-0.004308850304565289,True
2,PTHW,72,0.03,500.0,all_scenarios,precision,0.021255934397928354,0.015467023769668563,-0.005788910628259791,True
2,PTHW,72,0.03,1000.0,all_scenarios,precision,0.015545636447591197,0.014239639749284976,-0.0013059966983062204,True
2,PTHW,72,0.05,10.0,all_scenarios,precision,0.0,0.0,0.0,False
2,PTHW,72,0.05,50.0,all_scenarios,precision,0.03680297397769517,0.027324719339123067,-0.009478254638572103,True
2,PTHW,72,0.05,100.0,all_scenarios,precision,0.02344217198899653,0.019133321684431243,-0.004308850304565289,True
2,PTHW,72,0.05,500.0,all_scenarios,precision,0.021255934397928354,0.015467023769668563,-0.005788910628259791,True
2,PTHW,72,0.05,1000.0,all_scenarios,precision,0.015545636447591197,0.009334797615312206,-0.00621083883227899,True
2,PTHW,72,0.1,10.0,all_scenarios,precision,0.0,0.0,0.0,False
2,PTHW,72,0.1,50.0,all_scenarios,precision,0.03680297397769517,0.027324719339123067,-0.009478254638572103,True
2,PTHW,72,0.1,100.0,all_scenarios,precision,0.02344217198899653,0.019133321684431243,-0.004308850304565289,True
2,PTHW,72,0.1,500.0,all_scenarios,precision,0.021255934397928354,0.015467023769668563,-0.005788910628259791,True
2,PTHW,72,0.1,1000.0,all_scenarios,precision,0.015545636447591197,0.009334797615312206,-0.00621083883227899,True
2,PTHW,82,0.01,10.0,all_scenarios,precision,0.3346613545816733,0.12092391304347826,-0.21373744153819502,True
2,PTHW,82,0.01,50.0,all_scenarios,precision,0.1913978494623656,0.10276679841897234,-0.08863105104339326,True
2,PTHW,82,0.01,100.0,all_scenarios,precision,0.05041628122109158,0.032821824381926684,-0.0175944568391649,True
2,PTHW,82,0.01,500.0,all_scenarios,precision,0.02900326797385621,0.032821824381926684,0.003818556408070474,True
2,PTHW,82,0.01,1000.0,all_scenarios,precision,0.02900326797385621,0.032821824381926684,0.003818556408070474,True
2,PTHW,82,0.03,10.0,all_scenarios,precision,0.3346613545816733,0.12092391304347826,-0.21373744153819502,True
2,PTHW,82,0.03,50.0,all_scenarios,precision,0.1913978494623656,0.10276679841897234,-0.08863105104339326,True
2,PTHW,82,0.03,100.0,all_scenarios,precision,0.02403268445085316,0.028297303862035463,0.004264619411182304,True
2,PTHW,82,0.03,500.0,all_scenarios,precision,0.018274286699422465,0.0245850622406639,0.006310775541241435,True
2,PTHW,82,0.03,1000.0,all_scenarios,precision,0.018274286699422465,0.0245850622406639,0.006310775541241435,True
2,PTHW,82,0.05,10.0,all_scenarios,precision,0.3346613545816733,0.12092391304347826,-0.21373744153819502,True
2,PTHW,82,0.05,50.0,all_scenarios,precision,0.1913978494623656,0.10276679841897234,-0.08863105104339326,True
2,PTHW,82,0.05,100.0,all_scenarios,precision,0.02403268445085316,0.028297303862035463,0.004264619411182304,True
2,PTHW,82,0.05,500.0,all_scenarios,precision,0.018274286699422465,0.0245850622406639,0.006310775541241435,True
2,PTHW,82,0.05,1000.0,all_scenarios,precision,0.018274286699422465,0.0245850622406639,0.006310775541241435,True
2,PTHW,82,0.1,10.0,all_scenarios,precision,0.3346613545816733,0.12092391304347826,-0.21373744153819502,True
2,PTHW,82,0.1,50.0,all_scenarios,precision,0.1913978494623656,0.10276679841897234,-0.08863105104339326,True
2,PTHW,82,0.1,100.0,all_scenarios,precision,0.02403268445085316,0.028297303862035463,0.004264619411182304,True
2,PTHW,82,0.1,500.0,all_scenarios,precision,0.018274286699422465,0.0245850622406639,0.006310775541241435,True
2,PTHW,82,0.1,1000.0,all_scenarios,precision,0.018274286699422465,0.0245850622406639,0.006310775541241435,True
2,PTHW5,42,0.03,100.0,all_scenarios,precision,0.031415194079444195,0.02,-0.011415194079444194,True
2,PTHW5,52,0.03,100.0,all_scenarios,precision,0.02403151674326986,0.03106936416184971,0.007037847418579848,True
2,PTHW5,62,0.03,100.0,all_scenarios,precision,0.0237095579155347,0.035986159169550176,0.012276601254015477,True
2,PTHW5,72,0.03,100.0,all_scenarios,precision,0.020818875780707843,0.031234827642013272,0.01041595186130543,True
2,PTHW5,82,0.03,100.0,all_scenarios,precision,0.02617547261269995,0.04557447829215639,0.01939900567945644,True
3,P0,42,0.01,10.0,all_scenarios,precision,0.9775910364145658,0.9952229299363057,0.017631893521739883,True
3,P0,42,0.01,50.0,all_scenarios,precision,0.8882282996432818,0.29204052098408106,-0.5961877786592007,True
3,P0,42,0.01,100.0,all_scenarios,precision,0.20155920090953386,0.21654828181992705,0.014989080910393193,True
3,P0,42,0.01,500.0,all_scenarios,precision,0.18040873854827344,0.17861996074286576,-0.0017887778054076764,True
3,P0,42,0.01,1000.0,all_scenarios,precision,0.18040873854827344,0.17861996074286576,-0.0017887778054076764,True
3,P0,42,0.03,10.0,all_scenarios,precision,0.9775910364145658,0.9952229299363057,0.017631893521739883,True
3,P0,42,0.03,50.0,all_scenarios,precision,0.8882282996432818,0.29204052098408106,-0.5961877786592007,True
3,P0,42,0.03,100.0,all_scenarios,precision,0.20155920090953386,0.21654828181992705,0.014989080910393193,True
3,P0,42,0.03,500.0,all_scenarios,precision,0.0966213902522543,0.08048849490758204,-0.016132895344672257,True
3,P0,42,0.03,1000.0,all_scenarios,precision,0.07981976182813003,0.08048849490758204,0.0006687330794520191,True
3,P0,42,0.05,10.0,all_scenarios,precision,0.9775910364145658,0.9952229299363057,0.017631893521739883,True
3,P0,42,0.05,50.0,all_scenarios,precision,0.8882282996432818,0.29204052098408106,-0.5961877786592007,True
3,P0,42,0.05,100.0,all_scenarios,precision,0.20155920090953386,0.21654828181992705,0.014989080910393193,True
3,P0,42,0.05,500.0,all_scenarios,precision,0.07144424934152765,0.06450682561045953,-0.006937423731068121,True
3,P0,42,0.05,1000.0,all_scenarios,precision,0.06154378079349987,0.061712192888753244,0.00016841209525337436,True
3,P0,42,0.1,10.0,all_scenarios,precision,0.9775910364145658,0.9952229299363057,0.017631893521739883,True
3,P0,42,0.1,50.0,all_scenarios,precision,0.8882282996432818,0.29204052098408106,-0.5961877786592007,True
3,P0,42,0.1,100.0,all_scenarios,precision,0.20155920090953386,0.21654828181992705,0.014989080910393193,True
3,P0,42,0.1,500.0,all_scenarios,precision,0.04257914871825767,0.0424235898540247,-0.00015555886423297,True
3,P0,42,0.1,1000.0,all_scenarios,precision,0.04257914871825767,0.0424235898540247,-0.00015555886423297,True
3,P0,52,0.01,10.0,all_scenarios,precision,0.9763888888888889,0.9762900976290098,-9.87912598791052e-05,True
3,P0,52,0.01,50.0,all_scenarios,precision,0.303954802259887,0.32235649546827794,0.018401693208390912,True
3,P0,52,0.01,100.0,all_scenarios,precision,0.303954802259887,0.24527125337767616,-0.05868354888221086,True
3,P0,52,0.01,500.0,all_scenarios,precision,0.17157835080759423,0.18421807747489238,0.012639726667298151,True
3,P0,52,0.01,1000.0,all_scenarios,precision,0.17157835080759423,0.18421807747489238,0.012639726667298151,True
3,P0,52,0.03,10.0,all_scenarios,precision,0.9763888888888889,0.9762900976290098,-9.87912598791052e-05,True
3,P0,52,0.03,50.0,all_scenarios,precision,0.303954802259887,0.32235649546827794,0.018401693208390912,True
3,P0,52,0.03,100.0,all_scenarios,precision,0.303954802259887,0.24527125337767616,-0.05868354888221086,True
3,P0,52,0.03,500.0,all_scenarios,precision,0.08537458816788426,0.0896116655463054,0.0042370773784211335,True
3,P0,52,0.03,1000.0,all_scenarios,precision,0.08537458816788426,0.0896116655463054,0.0042370773784211335,True
3,P0,52,0.05,10.0,all_scenarios,precision,0.9763888888888889,0.9762900976290098,-9.87912598791052e-05,True
3,P0,52,0.05,50.0,all_scenarios,precision,0.303954802259887,0.32235649546827794,0.018401693208390912,True
3,P0,52,0.05,100.0,all_scenarios,precision,0.303954802259887,0.24527125337767616,-0.05868354888221086,True
3,P0,52,0.05,500.0,all_scenarios,precision,0.06348293608579397,0.06299143033836911,-0.0004915057474248613,True
3,P0,52,0.05,1000.0,all_scenarios,precision,0.06348293608579397,0.06299143033836911,-0.0004915057474248613,True
3,P0,52,0.1,10.0,all_scenarios,precision,0.9763888888888889,0.9762900976290098,-9.87912598791052e-05,True
3,P0,52,0.1,50.0,all_scenarios,precision,0.303954802259887,0.32235649546827794,0.018401693208390912,True
3,P0,52,0.1,100.0,all_scenarios,precision,0.303954802259887,0.24527125337767616,-0.05868354888221086,True
3,P0,52,0.1,500.0,all_scenarios,precision,0.04546413673326949,0.04517577394218412,-0.00028836279108537116,True
3,P0,52,0.1,1000.0,all_scenarios,precision,0.04369125256422032,0.04383620557245108,0.00014495300823075957,True
3,P0,62,0.01,10.0,all_scenarios,precision,0.9775967413441955,0.9788135593220338,0.001216817977838347,True
3,P0,62,0.01,50.0,all_scenarios,precision,0.8349056603773585,0.8773584905660378,0.04245283018867929,True
3,P0,62,0.01,100.0,all_scenarios,precision,0.8349056603773585,0.1881704410011919,-0.6467352193761666,True
3,P0,62,0.01,500.0,all_scenarios,precision,0.12526904864399482,0.1881704410011919,0.06290139235719708,True
3,P0,62,0.01,1000.0,all_scenarios,precision,0.12526904864399482,0.1881704410011919,0.06290139235719708,True
3,P0,62,0.03,10.0,all_scenarios,precision,0.9775967413441955,0.9788135593220338,0.001216817977838347,True
3,P0,62,0.03,50.0,all_scenarios,precision,0.8349056603773585,0.8773584905660378,0.04245283018867929,True
3,P0,62,0.03,100.0,all_scenarios,precision,0.12596318493150685,0.1881704410011919,0.06220725606968505,True
3,P0,62,0.03,500.0,all_scenarios,precision,0.07713785433722967,0.08720619008224244,0.010068335745012771,True
3,P0,62,0.03,1000.0,all_scenarios,precision,0.07713785433722967,0.08720619008224244,0.010068335745012771,True
3,P0,62,0.05,10.0,all_scenarios,precision,0.9775967413441955,0.9788135593220338,0.001216817977838347,True
3,P0,62,0.05,50.0,all_scenarios,precision,0.8349056603773585,0.8773584905660378,0.04245283018867929,True
3,P0,62,0.05,100.0,all_scenarios,precision,0.12596318493150685,0.1881704410011919,0.06220725606968505,True
3,P0,62,0.05,500.0,all_scenarios,precision,0.06229853299125058,0.06505353831429084,0.002755005323040259,True
3,P0,62,0.05,1000.0,all_scenarios,precision,0.05964858199753391,0.06505353831429084,0.005404956316756929,True
3,P0,62,0.1,10.0,all_scenarios,precision,0.9775967413441955,0.9788135593220338,0.001216817977838347,True
3,P0,62,0.1,50.0,all_scenarios,precision,0.8349056603773585,0.8773584905660378,0.04245283018867929,True
3,P0,62,0.1,100.0,all_scenarios,precision,0.12596318493150685,0.1881704410011919,0.06220725606968505,True
3,P0,62,0.1,500.0,all_scenarios,precision,0.041873589164785556,0.045663965494706575,0.003790376329921019,True
3,P0,62,0.1,1000.0,all_scenarios,precision,0.041873589164785556,0.043915221579961465,0.002041632415175909,True
3,P0,72,0.01,10.0,all_scenarios,precision,0.9762900976290098,0.9801418439716312,0.0038517463426214205,True
3,P0,72,0.01,50.0,all_scenarios,precision,0.2944038929440389,0.25639204545454547,-0.03801184748949343,True
3,P0,72,0.01,100.0,all_scenarios,precision,0.2846393357550597,0.19605099502487564,-0.08858834073018404,True
3,P0,72,0.01,500.0,all_scenarios,precision,0.2212676594119893,0.19605099502487564,-0.025216664387113674,True
3,P0,72,0.01,1000.0,all_scenarios,precision,0.2212676594119893,0.19605099502487564,-0.025216664387113674,True
3,P0,72,0.03,10.0,all_scenarios,precision,0.9762900976290098,0.9801418439716312,0.0038517463426214205,True
3,P0,72,0.03,50.0,all_scenarios,precision,0.2944038929440389,0.25639204545454547,-0.03801184748949343,True
3,P0,72,0.03,100.0,all_scenarios,precision,0.2846393357550597,0.19605099502487564,-0.08858834073018404,True
3,P0,72,0.03,500.0,all_scenarios,precision,0.08693207952164358,0.08754191385091566,0.0006098343292720715,True
3,P0,72,0.03,1000.0,all_scenarios,precision,0.08099386898999678,0.082625782349231,0.0016319133592342244,True
3,P0,72,0.05,10.0,all_scenarios,precision,0.9762900976290098,0.9801418439716312,0.0038517463426214205,True
3,P0,72,0.05,50.0,all_scenarios,precision,0.2944038929440389,0.25639204545454547,-0.03801184748949343,True
3,P0,72,0.05,100.0,all_scenarios,precision,0.2846393357550597,0.19605099502487564,-0.08858834073018404,True
3,P0,72,0.05,500.0,all_scenarios,precision,0.062451096878894136,0.06346451812829253,0.0010134212493983913,True
3,P0,72,0.05,1000.0,all_scenarios,precision,0.062451096878894136,0.06346451812829253,0.0010134212493983913,True
3,P0,72,0.1,10.0,all_scenarios,precision,0.9762900976290098,0.9801418439716312,0.0038517463426214205,True
3,P0,72,0.1,50.0,all_scenarios,precision,0.2944038929440389,0.25639204545454547,-0.03801184748949343,True
3,P0,72,0.1,100.0,all_scenarios,precision,0.2846393357550597,0.19605099502487564,-0.08858834073018404,True
3,P0,72,0.1,500.0,all_scenarios,precision,0.04497064326730757,0.043058362517163176,-0.0019122807501443934,True
3,P0,72,0.1,1000.0,all_scenarios,precision,0.04379145457349992,0.043058362517163176,-0.0007330920563367455,True
3,P0,82,0.01,10.0,all_scenarios,precision,0.9828326180257511,0.9775910364145658,-0.005241581611185264,True
3,P0,82,0.01,50.0,all_scenarios,precision,0.8678362573099415,0.8735362997658079,0.0057000424558664164,True
3,P0,82,0.01,100.0,all_scenarios,precision,0.8678362573099415,0.2572577043322912,-0.6105785529776503,True
3,P0,82,0.01,500.0,all_scenarios,precision,0.1537431165351987,0.19943154902889626,0.045688432493697556,True
3,P0,82,0.01,1000.0,all_scenarios,precision,0.1537431165351987,0.19943154902889626,0.045688432493697556,True
3,P0,82,0.03,10.0,all_scenarios,precision,0.9828326180257511,0.9775910364145658,-0.005241581611185264,True
3,P0,82,0.03,50.0,all_scenarios,precision,0.8678362573099415,0.8735362997658079,0.0057000424558664164,True
3,P0,82,0.03,100.0,all_scenarios,precision,0.14425116673737803,0.2572577043322912,0.11300653759491319,True
3,P0,82,0.03,500.0,all_scenarios,precision,0.08693154619435137,0.09536345564927738,0.008431909454926015,True
3,P0,82,0.03,1000.0,all_scenarios,precision,0.08693154619435137,0.08810615199034982,0.0011746057959984568,True
3,P0,82,0.05,10.0,all_scenarios,precision,0.9828326180257511,0.9775910364145658,-0.005241581611185264,True
3,P0,82,0.05,50.0,all_scenarios,precision,0.8678362573099415,0.8735362997658079,0.0057000424558664164,True
3,P0,82,0.05,100.0,all_scenarios,precision,0.14425116673737803,0.2572577043322912,0.11300653759491319,True
3,P0,82,0.05,500.0,all_scenarios,precision,0.07010559697716001,0.0746670656890618,0.004561468711901787,True
3,P0,82,0.05,1000.0,all_scenarios,precision,0.07010559697716001,0.06337293538104898,-0.006732661596111036,True
3,P0,82,0.1,10.0,all_scenarios,precision,0.9828326180257511,0.9775910364145658,-0.005241581611185264,True
3,P0,82,0.1,50.0,all_scenarios,precision,0.8678362573099415,0.8735362997658079,0.0057000424558664164,True
3,P0,82,0.1,100.0,all_scenarios,precision,0.14425116673737803,0.2572577043322912,0.11300653759491319,True
3,P0,82,0.1,500.0,all_scenarios,precision,0.04501571621014818,0.0448989374450747,-0.00011677876507348167,True
3,P0,82,0.1,1000.0,all_scenarios,precision,0.04501571621014818,0.0448989374450747,-0.00011677876507348167,True
3,PH,42,0.03,100.0,all_scenarios,precision,0.24875200150701704,0.17149234693877552,-0.07725965456824152,True
3,PH,52,0.03,100.0,all_scenarios,precision,0.22825359652057545,0.27149599835830085,0.0432424018377254,True
3,PH,62,0.03,100.0,all_scenarios,precision,0.2680970732215394,0.27308165777595406,0.0049845845544146394,True
3,PH,72,0.03,100.0,all_scenarios,precision,0.23537308423761047,0.2550639134709931,0.01969082923338264,True
3,PH,82,0.03,100.0,all_scenarios,precision,0.2703068122724909,0.2584081270342243,-0.011898685238266649,True
3,PT,42,0.03,100.0,all_scenarios,precision,0.13025436102359178,0.10397535399016529,-0.02627900703342649,True
3,PT,52,0.03,100.0,all_scenarios,precision,0.12874942316566682,0.11163607729117452,-0.0171133458744923,True
3,PT,62,0.03,100.0,all_scenarios,precision,0.12279485401741005,0.1231313400961025,0.0003364860786924523,True
3,PT,72,0.03,100.0,all_scenarios,precision,0.08201422977221334,0.13178963893249607,0.049775409160282724,True
3,PT,82,0.03,100.0,all_scenarios,precision,0.12882947976878611,0.12156862745098039,-0.007260852317805724,True
3,PTH,42,0.03,100.0,all_scenarios,precision,0.15465979055938536,0.18345028130728872,0.028790490747903352,True
3,PTH,52,0.03,100.0,all_scenarios,precision,0.09283196239717979,0.1390505686976024,0.04621860630042261,True
3,PTH,62,0.03,100.0,all_scenarios,precision,0.16623173277661796,0.11750810745886216,-0.0487236253177558,True
3,PTH,72,0.03,100.0,all_scenarios,precision,0.1720477945849752,0.14948756446243228,-0.022560230122542935,True
3,PTH,82,0.03,100.0,all_scenarios,precision,0.2198885555079297,0.13739837398373983,-0.08249018152418988,True
3,PTHW,42,0.01,10.0,all_scenarios,precision,0.31877814764049345,0.22213807901047583,-0.09664006863001762,True
3,PTHW,42,0.01,50.0,all_scenarios,precision,0.237849985953741,0.19418621809060055,-0.04366376786314044,True
3,PTHW,42,0.01,100.0,all_scenarios,precision,0.237849985953741,0.18637184115523467,-0.05147814479850632,True
3,PTHW,42,0.01,500.0,all_scenarios,precision,0.21576601235629936,0.18425681618293754,-0.031509196173361814,True
3,PTHW,42,0.01,1000.0,all_scenarios,precision,0.21576601235629936,0.18425681618293754,-0.031509196173361814,True
3,PTHW,42,0.03,10.0,all_scenarios,precision,0.31877814764049345,0.22213807901047583,-0.09664006863001762,True
3,PTHW,42,0.03,50.0,all_scenarios,precision,0.237849985953741,0.19418621809060055,-0.04366376786314044,True
3,PTHW,42,0.03,100.0,all_scenarios,precision,0.237849985953741,0.18637184115523467,-0.05147814479850632,True
3,PTHW,42,0.03,500.0,all_scenarios,precision,0.16112866325307768,0.16001249284264224,-0.0011161704104354353,True
3,PTHW,42,0.03,1000.0,all_scenarios,precision,0.11888576340053134,0.14787925105082156,0.028993487650290223,True
3,PTHW,42,0.05,10.0,all_scenarios,precision,0.31877814764049345,0.22213807901047583,-0.09664006863001762,True
3,PTHW,42,0.05,50.0,all_scenarios,precision,0.237849985953741,0.19418621809060055,-0.04366376786314044,True
3,PTHW,42,0.05,100.0,all_scenarios,precision,0.237849985953741,0.18637184115523467,-0.05147814479850632,True
3,PTHW,42,0.05,500.0,all_scenarios,precision,0.16112866325307768,0.16001249284264224,-0.0011161704104354353,True
3,PTHW,42,0.05,1000.0,all_scenarios,precision,0.11888576340053134,0.14787925105082156,0.028993487650290223,True
3,PTHW,42,0.1,10.0,all_scenarios,precision,0.31877814764049345,0.22213807901047583,-0.09664006863001762,True
3,PTHW,42,0.1,50.0,all_scenarios,precision,0.237849985953741,0.19418621809060055,-0.04366376786314044,True
3,PTHW,42,0.1,100.0,all_scenarios,precision,0.237849985953741,0.18637184115523467,-0.05147814479850632,True
3,PTHW,42,0.1,500.0,all_scenarios,precision,0.16112866325307768,0.16001249284264224,-0.0011161704104354353,True
3,PTHW,42,0.1,1000.0,all_scenarios,precision,0.11888576340053134,0.14787925105082156,0.028993487650290223,True
3,PTHW,52,0.01,10.0,all_scenarios,precision,0.19687794374915893,0.16562665256478054,-0.03125129118437839,True
3,PTHW,52,0.01,50.0,all_scenarios,precision,0.19657375145180023,0.13377651155428932,-0.0627972398975109,True
3,PTHW,52,0.01,100.0,all_scenarios,precision,0.18103989946591267,0.13377651155428932,-0.04726338791162335,True
3,PTHW,52,0.01,500.0,all_scenarios,precision,0.17228723772591925,0.05492029397519321,-0.11736694375072604,True
3,PTHW,52,0.01,1000.0,all_scenarios,precision,0.17228723772591925,0.05492029397519321,-0.11736694375072604,True
3,PTHW,52,0.03,10.0,all_scenarios,precision,0.19687794374915893,0.16562665256478054,-0.03125129118437839,True
3,PTHW,52,0.03,50.0,all_scenarios,precision,0.19657375145180023,0.13377651155428932,-0.0627972398975109,True
3,PTHW,52,0.03,100.0,all_scenarios,precision,0.18103989946591267,0.05882591833005056,-0.12221398113586211,True
3,PTHW,52,0.03,500.0,all_scenarios,precision,0.16894053136627718,0.05819875161002675,-0.11074177975625044,True
3,PTHW,52,0.03,1000.0,all_scenarios,precision,0.1607352124838093,0.05819875161002675,-0.10253646087378254,True
3,PTHW,52,0.05,10.0,all_scenarios,precision,0.19687794374915893,0.16562665256478054,-0.03125129118437839,True
3,PTHW,52,0.05,50.0,all_scenarios,precision,0.19657375145180023,0.13377651155428932,-0.0627972398975109,True
3,PTHW,52,0.05,100.0,all_scenarios,precision,0.18103989946591267,0.05882591833005056,-0.12221398113586211,True
3,PTHW,52,0.05,500.0,all_scenarios,precision,0.16894053136627718,0.05819875161002675,-0.11074177975625044,True
3,PTHW,52,0.05,1000.0,all_scenarios,precision,0.1607352124838093,0.05819875161002675,-0.10253646087378254,True
3,PTHW,52,0.1,10.0,all_scenarios,precision,0.19687794374915893,0.16562665256478054,-0.03125129118437839,True
3,PTHW,52,0.1,50.0,all_scenarios,precision,0.19657375145180023,0.13377651155428932,-0.0627972398975109,True
3,PTHW,52,0.1,100.0,all_scenarios,precision,0.18103989946591267,0.05882591833005056,-0.12221398113586211,True
3,PTHW,52,0.1,500.0,all_scenarios,precision,0.16894053136627718,0.05819875161002675,-0.11074177975625044,True
3,PTHW,52,0.1,1000.0,all_scenarios,precision,0.1607352124838093,0.05819875161002675,-0.10253646087378254,True
3,PTHW,62,0.01,10.0,all_scenarios,precision,0.13503753682409958,0.4069264069264069,0.27188887010230733,True
3,PTHW,62,0.01,50.0,all_scenarios,precision,0.11824614065180103,0.1928147328167455,0.07456859216494446,True
3,PTHW,62,0.01,100.0,all_scenarios,precision,0.11798656448102943,0.17189162642219857,0.05390506194116915,True
3,PTHW,62,0.01,500.0,all_scenarios,precision,0.11701252399670903,0.1702443212863945,0.05323179728968547,True
3,PTHW,62,0.01,1000.0,all_scenarios,precision,0.11701252399670903,0.1702443212863945,0.05323179728968547,True
3,PTHW,62,0.03,10.0,all_scenarios,precision,0.13503753682409958,0.4069264069264069,0.27188887010230733,True
3,PTHW,62,0.03,50.0,all_scenarios,precision,0.11824614065180103,0.1928147328167455,0.07456859216494446,True
3,PTHW,62,0.03,100.0,all_scenarios,precision,0.11798656448102943,0.15115899444988573,0.033172429968856304,True
3,PTHW,62,0.03,500.0,all_scenarios,precision,0.1170130869899923,0.13555757644651587,0.018544489456523566,True
3,PTHW,62,0.03,1000.0,all_scenarios,precision,0.08453065134099617,0.09097291505006835,0.00644226370907218,True
3,PTHW,62,0.05,10.0,all_scenarios,precision,0.13503753682409958,0.4069264069264069,0.27188887010230733,True
3,PTHW,62,0.05,50.0,all_scenarios,precision,0.11824614065180103,0.1928147328167455,0.07456859216494446,True
3,PTHW,62,0.05,100.0,all_scenarios,precision,0.11798656448102943,0.15115899444988573,0.033172429968856304,True
3,PTHW,62,0.05,500.0,all_scenarios,precision,0.1170130869899923,0.13555757644651587,0.018544489456523566,True
3,PTHW,62,0.05,1000.0,all_scenarios,precision,0.08453065134099617,0.09097291505006835,0.00644226370907218,True
3,PTHW,62,0.1,10.0,all_scenarios,precision,0.13503753682409958,0.4069264069264069,0.27188887010230733,True
3,PTHW,62,0.1,50.0,all_scenarios,precision,0.11824614065180103,0.1928147328167455,0.07456859216494446,True
3,PTHW,62,0.1,100.0,all_scenarios,precision,0.11798656448102943,0.15115899444988573,0.033172429968856304,True
3,PTHW,62,0.1,500.0,all_scenarios,precision,0.1170130869899923,0.13555757644651587,0.018544489456523566,True
3,PTHW,62,0.1,1000.0,all_scenarios,precision,0.08453065134099617,0.09097291505006835,0.00644226370907218,True
3,PTHW,72,0.01,10.0,all_scenarios,precision,0.2324154444777013,0.3917255826132495,0.15931013813554823,True
3,PTHW,72,0.01,50.0,all_scenarios,precision,0.2255306307212554,0.24873264271545073,0.023202011994195332,True
3,PTHW,72,0.01,100.0,all_scenarios,precision,0.18974184782608697,0.20004232207096,0.010300474244873042,True
3,PTHW,72,0.01,500.0,all_scenarios,precision,0.18974184782608697,0.20004232207096,0.010300474244873042,True
3,PTHW,72,0.01,1000.0,all_scenarios,precision,0.18974184782608697,0.20004232207096,0.010300474244873042,True
3,PTHW,72,0.03,10.0,all_scenarios,precision,0.2324154444777013,0.3917255826132495,0.15931013813554823,True
3,PTHW,72,0.03,50.0,all_scenarios,precision,0.2255306307212554,0.24873264271545073,0.023202011994195332,True
3,PTHW,72,0.03,100.0,all_scenarios,precision,0.18324640231257464,0.19779917469050895,0.014552772377934314,True
3,PTHW,72,0.03,500.0,all_scenarios,precision,0.1544037127809355,0.15874662793110603,0.004342915150170518,True
3,PTHW,72,0.03,1000.0,all_scenarios,precision,0.12023928215353938,0.15874662793110603,0.03850734577756665,True
3,PTHW,72,0.05,10.0,all_scenarios,precision,0.2324154444777013,0.3917255826132495,0.15931013813554823,True
3,PTHW,72,0.05,50.0,all_scenarios,precision,0.2255306307212554,0.24873264271545073,0.023202011994195332,True
3,PTHW,72,0.05,100.0,all_scenarios,precision,0.18324640231257464,0.19779917469050895,0.014552772377934314,True
3,PTHW,72,0.05,500.0,all_scenarios,precision,0.1544037127809355,0.15874662793110603,0.004342915150170518,True
3,PTHW,72,0.05,1000.0,all_scenarios,precision,0.09745939192003332,0.15874662793110603,0.06128723601107271,True
3,PTHW,72,0.1,10.0,all_scenarios,precision,0.2324154444777013,0.3917255826132495,0.15931013813554823,True
3,PTHW,72,0.1,50.0,all_scenarios,precision,0.2255306307212554,0.24873264271545073,0.023202011994195332,True
3,PTHW,72,0.1,100.0,all_scenarios,precision,0.18324640231257464,0.19779917469050895,0.014552772377934314,True
3,PTHW,72,0.1,500.0,all_scenarios,precision,0.1544037127809355,0.15874662793110603,0.004342915150170518,True
3,PTHW,72,0.1,1000.0,all_scenarios,precision,0.09745939192003332,0.15874662793110603,0.06128723601107271,True
3,PTHW,82,0.01,10.0,all_scenarios,precision,0.28104712041884816,0.19891378139850646,-0.0821333390203417,True
3,PTHW,82,0.01,50.0,all_scenarios,precision,0.1615720524017467,0.16050193331874224,-0.0010701190830044727,True
3,PTHW,82,0.01,100.0,all_scenarios,precision,0.15392871264757385,0.14836579359749272,-0.005562919050081133,True
3,PTHW,82,0.01,500.0,all_scenarios,precision,0.15392871264757385,0.14836579359749272,-0.005562919050081133,True
3,PTHW,82,0.01,1000.0,all_scenarios,precision,0.15392871264757385,0.14836579359749272,-0.005562919050081133,True
3,PTHW,82,0.03,10.0,all_scenarios,precision,0.28104712041884816,0.19891378139850646,-0.0821333390203417,True
3,PTHW,82,0.03,50.0,all_scenarios,precision,0.1615720524017467,0.16050193331874224,-0.0010701190830044727,True
3,PTHW,82,0.03,100.0,all_scenarios,precision,0.1537124802527646,0.15038879391165277,-0.0033236863411118256,True
3,PTHW,82,0.03,500.0,all_scenarios,precision,0.14105805243445693,0.1311764446599374,-0.009881607774519519,True
3,PTHW,82,0.03,1000.0,all_scenarios,precision,0.11898390537133993,0.12075320512820513,0.0017692997568651975,True
3,PTHW,82,0.05,10.0,all_scenarios,precision,0.28104712041884816,0.19891378139850646,-0.0821333390203417,True
3,PTHW,82,0.05,50.0,all_scenarios,precision,0.1615720524017467,0.16050193331874224,-0.0010701190830044727,True
3,PTHW,82,0.05,100.0,all_scenarios,precision,0.1537124802527646,0.15038879391165277,-0.0033236863411118256,True
3,PTHW,82,0.05,500.0,all_scenarios,precision,0.14105805243445693,0.1311764446599374,-0.009881607774519519,True
3,PTHW,82,0.05,1000.0,all_scenarios,precision,0.11898390537133993,0.12075320512820513,0.0017692997568651975,True
3,PTHW,82,0.1,10.0,all_scenarios,precision,0.28104712041884816,0.19891378139850646,-0.0821333390203417,True
3,PTHW,82,0.1,50.0,all_scenarios,precision,0.1615720524017467,0.16050193331874224,-0.0010701190830044727,True
3,PTHW,82,0.1,100.0,all_scenarios,precision,0.1537124802527646,0.15038879391165277,-0.0033236863411118256,True
3,PTHW,82,0.1,500.0,all_scenarios,precision,0.14105805243445693,0.1311764446599374,-0.009881607774519519,True
3,PTHW,82,0.1,1000.0,all_scenarios,precision,0.11898390537133993,0.12075320512820513,0.0017692997568651975,True
3,PTHW5,42,0.03,100.0,all_scenarios,precision,0.13298108735371092,0.18828451882845187,0.055303431474740955,True
3,PTHW5,52,0.03,100.0,all_scenarios,precision,0.21384570255206806,0.18843074159994014,-0.02541496095212792,True
3,PTHW5,62,0.03,100.0,all_scenarios,precision,0.15416876363026338,0.13408437200383508,-0.020084391626428305,True
3,PTHW5,72,0.03,100.0,all_scenarios,precision,0.23200264484668154,0.12913189552400564,-0.1028707493226759,True
3,PTHW5,82,0.03,100.0,all_scenarios,precision,0.13175613070603495,0.15713670216039885,0.0253805714543639,True
1,P0,42,0.01,10.0,all_scenarios,alert_rate,0.00010425403128554557,0.00010425403128554557,0.0,False
1,P0,42,0.01,50.0,all_scenarios,alert_rate,0.00011203418287401911,0.00011203418287401911,0.0,False
1,P0,42,0.01,100.0,all_scenarios,alert_rate,0.00011203418287401911,0.00011203418287401911,0.0,False
1,P0,42,0.01,500.0,all_scenarios,alert_rate,0.00011203418287401911,0.006684706244816474,0.0065726720619424545,True
1,P0,42,0.01,1000.0,all_scenarios,alert_rate,0.0021628821415956468,0.006684706244816474,0.004521824103220827,True
1,P0,42,0.03,10.0,all_scenarios,alert_rate,0.00010425403128554557,0.00010425403128554557,0.0,False
1,P0,42,0.03,50.0,all_scenarios,alert_rate,0.00011203418287401911,0.00011203418287401911,0.0,False
1,P0,42,0.03,100.0,all_scenarios,alert_rate,0.00011203418287401911,0.00011203418287401911,0.0,False
1,P0,42,0.03,500.0,all_scenarios,alert_rate,0.021829549326939087,0.02678706191911443,0.004957512592175344,True
1,P0,42,0.03,1000.0,all_scenarios,alert_rate,0.021829549326939087,0.02678706191911443,0.004957512592175344,True
1,P0,42,0.05,10.0,all_scenarios,alert_rate,0.00010425403128554557,0.00010425403128554557,0.0,False
1,P0,42,0.05,50.0,all_scenarios,alert_rate,0.00011203418287401911,0.00011203418287401911,0.0,False
1,P0,42,0.05,100.0,all_scenarios,alert_rate,0.00011203418287401911,0.00011203418287401911,0.0,False
1,P0,42,0.05,500.0,all_scenarios,alert_rate,0.021829549326939087,0.04969338422589826,0.02786383489895917,True
1,P0,42,0.05,1000.0,all_scenarios,alert_rate,0.04749471338699563,0.04969338422589826,0.0021986708389026277,True
1,P0,42,0.1,10.0,all_scenarios,alert_rate,0.00010425403128554557,0.00010425403128554557,0.0,False
1,P0,42,0.1,50.0,all_scenarios,alert_rate,0.00011203418287401911,0.00011203418287401911,0.0,False
1,P0,42,0.1,100.0,all_scenarios,alert_rate,0.00011203418287401911,0.00011203418287401911,0.0,False
1,P0,42,0.1,500.0,all_scenarios,alert_rate,0.06554777713288966,0.04969338422589826,-0.0158543929069914,True
1,P0,42,0.1,1000.0,all_scenarios,alert_rate,0.08363351751545527,0.09119582485945156,0.007562307343996294,True
1,P0,52,0.01,10.0,all_scenarios,alert_rate,0.00010425403128554557,0.0,-0.00010425403128554557,True
1,P0,52,0.01,50.0,all_scenarios,alert_rate,0.00010425403128554557,0.00025674500241962717,0.0001524909711340816,True
1,P0,52,0.01,100.0,all_scenarios,alert_rate,0.00010425403128554557,0.00025674500241962717,0.0001524909711340816,True
1,P0,52,0.01,500.0,all_scenarios,alert_rate,0.00010425403128554557,0.00025674500241962717,0.0001524909711340816,True
1,P0,52,0.01,1000.0,all_scenarios,alert_rate,0.005657726235137966,0.0011436822835056118,-0.004514043951632353,True
1,P0,52,0.03,10.0,all_scenarios,alert_rate,0.00010425403128554557,0.0,-0.00010425403128554557,True
1,P0,52,0.03,50.0,all_scenarios,alert_rate,0.00010425403128554557,0.00025674500241962717,0.0001524909711340816,True
1,P0,52,0.03,100.0,all_scenarios,alert_rate,0.00010425403128554557,0.00025674500241962717,0.0001524909711340816,True
1,P0,52,0.03,500.0,all_scenarios,alert_rate,0.029401192852841544,0.026765277494666707,-0.002635915358174836,True
1,P0,52,0.03,1000.0,all_scenarios,alert_rate,0.029401192852841544,0.026765277494666707,-0.002635915358174836,True
1,P0,52,0.05,10.0,all_scenarios,alert_rate,0.00010425403128554557,0.0,-0.00010425403128554557,True
1,P0,52,0.05,50.0,all_scenarios,alert_rate,0.00010425403128554557,0.00025674500241962717,0.0001524909711340816,True
1,P0,52,0.05,100.0,all_scenarios,alert_rate,0.00010425403128554557,0.00025674500241962717,0.0001524909711340816,True
1,P0,52,0.05,500.0,all_scenarios,alert_rate,0.04416325247681126,0.040366538501636164,-0.0037967139751750936,True
1,P0,52,0.05,1000.0,all_scenarios,alert_rate,0.0487379816108337,0.04554033930797108,-0.0031976423028626244,True
1,P0,52,0.1,10.0,all_scenarios,alert_rate,0.00010425403128554557,0.0,-0.00010425403128554557,True
1,P0,52,0.1,50.0,all_scenarios,alert_rate,0.00010425403128554557,0.00025674500241962717,0.0001524909711340816,True
1,P0,52,0.1,100.0,all_scenarios,alert_rate,0.00010425403128554557,0.00025674500241962717,0.0001524909711340816,True
1,P0,52,0.1,500.0,all_scenarios,alert_rate,0.04416325247681126,0.061901998098530954,0.017738745621719697,True
1,P0,52,0.1,1000.0,all_scenarios,alert_rate,0.09258691596347063,0.09017973706199692,-0.002407178901473711,True
1,P0,62,0.01,10.0,all_scenarios,alert_rate,0.00011203418287401911,0.00010425403128554557,-7.780151588473541e-06,True
1,P0,62,0.01,50.0,all_scenarios,alert_rate,0.00011981433446249267,0.00010425403128554557,-1.5560303176947096e-05,True
1,P0,62,0.01,100.0,all_scenarios,alert_rate,0.00011981433446249267,0.00010425403128554557,-1.5560303176947096e-05,True
1,P0,62,0.01,500.0,all_scenarios,alert_rate,0.004361552980498272,0.0014611124683153326,-0.00290044051218294,True
1,P0,62,0.01,1000.0,all_scenarios,alert_rate,0.004361552980498272,0.0014611124683153326,-0.00290044051218294,True
1,P0,62,0.03,10.0,all_scenarios,alert_rate,0.00011203418287401911,0.00010425403128554557,-7.780151588473541e-06,True
1,P0,62,0.03,50.0,all_scenarios,alert_rate,0.00011981433446249267,0.00010425403128554557,-1.5560303176947096e-05,True
1,P0,62,0.03,100.0,all_scenarios,alert_rate,0.00011981433446249267,0.00010425403128554557,-1.5560303176947096e-05,True
1,P0,62,0.03,500.0,all_scenarios,alert_rate,0.007501622161606197,0.01128588789423973,0.003784265732633534,True
1,P0,62,0.03,1000.0,all_scenarios,alert_rate,0.01856655375073328,0.01128588789423973,-0.00728066585649355,True
1,P0,62,0.05,10.0,all_scenarios,alert_rate,0.00011203418287401911,0.00010425403128554557,-7.780151588473541e-06,True
1,P0,62,0.05,50.0,all_scenarios,alert_rate,0.00011981433446249267,0.00010425403128554557,-1.5560303176947096e-05,True
1,P0,62,0.05,100.0,all_scenarios,alert_rate,0.00011981433446249267,0.00010425403128554557,-1.5560303176947096e-05,True
1,P0,62,0.05,500.0,all_scenarios,alert_rate,0.007501622161606197,0.0456803820365636,0.038178759874957405,True
1,P0,62,0.05,1000.0,all_scenarios,alert_rate,0.04387383083772004,0.0456803820365636,0.0018065511988435562,True
1,P0,62,0.1,10.0,all_scenarios,alert_rate,0.00011203418287401911,0.00010425403128554557,-7.780151588473541e-06,True
1,P0,62,0.1,50.0,all_scenarios,alert_rate,0.00011981433446249267,0.00010425403128554557,-1.5560303176947096e-05,True
1,P0,62,0.1,100.0,all_scenarios,alert_rate,0.00011981433446249267,0.00010425403128554557,-1.5560303176947096e-05,True
1,P0,62,0.1,500.0,all_scenarios,alert_rate,0.007501622161606197,0.0456803820365636,0.038178759874957405,True
1,P0,62,0.1,1000.0,all_scenarios,alert_rate,0.09520571498815084,0.09179489653176402,-0.0034108184563868132,True
1,P0,72,0.01,10.0,all_scenarios,alert_rate,0.00010425403128554557,0.00011203418287401911,7.780151588473541e-06,True
1,P0,72,0.01,50.0,all_scenarios,alert_rate,0.00010425403128554557,0.00011203418287401911,7.780151588473541e-06,True
1,P0,72,0.01,100.0,all_scenarios,alert_rate,0.00010425403128554557,0.00011203418287401911,7.780151588473541e-06,True
1,P0,72,0.01,500.0,all_scenarios,alert_rate,0.0021488778687363944,0.00011203418287401911,-0.002036843685862375,True
1,P0,72,0.01,1000.0,all_scenarios,alert_rate,0.006379724302548311,0.0036722315497595154,-0.0027074927527887954,True
1,P0,72,0.03,10.0,all_scenarios,alert_rate,0.00010425403128554557,0.00011203418287401911,7.780151588473541e-06,True
1,P0,72,0.03,50.0,all_scenarios,alert_rate,0.00010425403128554557,0.00011203418287401911,7.780151588473541e-06,True
1,P0,72,0.03,100.0,all_scenarios,alert_rate,0.00010425403128554557,0.00011203418287401911,7.780151588473541e-06,True
1,P0,72,0.03,500.0,all_scenarios,alert_rate,0.0021488778687363944,0.00011203418287401911,-0.002036843685862375,True
1,P0,72,0.03,1000.0,all_scenarios,alert_rate,0.022341483301460647,0.024448348351619284,0.002106865050158637,True
1,P0,72,0.05,10.0,all_scenarios,alert_rate,0.00010425403128554557,0.00011203418287401911,7.780151588473541e-06,True
1,P0,72,0.05,50.0,all_scenarios,alert_rate,0.00010425403128554557,0.00011203418287401911,7.780151588473541e-06,True
1,P0,72,0.05,100.0,all_scenarios,alert_rate,0.00010425403128554557,0.00011203418287401911,7.780151588473541e-06,True
1,P0,72,0.05,500.0,all_scenarios,alert_rate,0.0021488778687363944,0.00011203418287401911,-0.002036843685862375,True
1,P0,72,0.05,1000.0,all_scenarios,alert_rate,0.04998124983467178,0.05123074217978063,0.001249492345108849,True
1,P0,72,0.1,10.0,all_scenarios,alert_rate,0.00010425403128554557,0.00011203418287401911,7.780151588473541e-06,True
1,P0,72,0.1,50.0,all_scenarios,alert_rate,0.00010425403128554557,0.00011203418287401911,7.780151588473541e-06,True
1,P0,72,0.1,100.0,all_scenarios,alert_rate,0.00010425403128554557,0.00011203418287401911,7.780151588473541e-06,True
1,P0,72,0.1,500.0,all_scenarios,alert_rate,0.07156961446236819,0.06943318483617335,-0.0021364296261948412,True
1,P0,72,0.1,1000.0,all_scenarios,alert_rate,0.09349719369932204,0.09258535993315294,-0.0009118337661691012,True
1,P0,82,0.01,10.0,all_scenarios,alert_rate,0.00010425403128554557,0.0,-0.00010425403128554557,True
1,P0,82,0.01,50.0,all_scenarios,alert_rate,0.00011203418287401911,0.0008900493417213741,0.000778015158847355,True
1,P0,82,0.01,100.0,all_scenarios,alert_rate,0.0004061239129183193,0.0008900493417213741,0.0004839254288030548,True
1,P0,82,0.01,500.0,all_scenarios,alert_rate,0.003333016940502069,0.00378270970231584,0.00044969276181377115,True
1,P0,82,0.01,1000.0,all_scenarios,alert_rate,0.0045155999819500485,0.00378270970231584,-0.0007328902796342085,True
1,P0,82,0.03,10.0,all_scenarios,alert_rate,0.00010425403128554557,0.0,-0.00010425403128554557,True
1,P0,82,0.03,50.0,all_scenarios,alert_rate,0.00011203418287401911,0.0008900493417213741,0.000778015158847355,True
1,P0,82,0.03,100.0,all_scenarios,alert_rate,0.0004061239129183193,0.0008900493417213741,0.0004839254288030548,True
1,P0,82,0.03,500.0,all_scenarios,alert_rate,0.02354896282799174,0.00378270970231584,-0.0197662531256759,True
1,P0,82,0.03,1000.0,all_scenarios,alert_rate,0.02354896282799174,0.02482801974913679,0.0012790569211450498,True
1,P0,82,0.05,10.0,all_scenarios,alert_rate,0.00010425403128554557,0.0,-0.00010425403128554557,True
1,P0,82,0.05,50.0,all_scenarios,alert_rate,0.00011203418287401911,0.0008900493417213741,0.000778015158847355,True
1,P0,82,0.05,100.0,all_scenarios,alert_rate,0.0004061239129183193,0.0008900493417213741,0.0004839254288030548,True
1,P0,82,0.05,500.0,all_scenarios,alert_rate,0.05274787173953297,0.049660707589226666,-0.0030871641503063055,True
1,P0,82,0.05,1000.0,all_scenarios,alert_rate,0.05274787173953297,0.05180958545796306,-0.0009382862815699097,True
1,P0,82,0.1,10.0,all_scenarios,alert_rate,0.00010425403128554557,0.0,-0.00010425403128554557,True
1,P0,82,0.1,50.0,all_scenarios,alert_rate,0.00011203418287401911,0.0008900493417213741,0.000778015158847355,True
1,P0,82,0.1,100.0,all_scenarios,alert_rate,0.0004061239129183193,0.0008900493417213741,0.0004839254288030548,True
1,P0,82,0.1,500.0,all_scenarios,alert_rate,0.09123628164771162,0.06651562799049576,-0.02472065365721586,True
1,P0,82,0.1,1000.0,all_scenarios,alert_rate,0.09123628164771162,0.07358000563282975,-0.017656276014881872,True
1,PH,42,0.03,100.0,all_scenarios,alert_rate,0.010753725525588141,0.011726244474147334,0.0009725189485591933,True
1,PH,52,0.03,100.0,all_scenarios,alert_rate,0.010140649580416425,0.010557665705558607,0.0004170161251421823,True
1,PH,62,0.03,100.0,all_scenarios,alert_rate,0.010255795823925834,0.007266661583634295,-0.0029891342402915385,True
1,PH,72,0.03,100.0,all_scenarios,alert_rate,0.011438378865373813,0.011369913531395246,-6.846533397856722e-05,True
1,PH,82,0.03,100.0,all_scenarios,alert_rate,0.010454967704590756,0.014022945223064727,0.0035679775184739703,True
1,PT,42,0.03,100.0,all_scenarios,alert_rate,0.0006939895216918407,0.0028039666324858672,0.0021099771107940266,True
1,PT,52,0.03,100.0,all_scenarios,alert_rate,0.00515046035156949,0.00048236939848536007,-0.00466809095308413,True
1,PT,62,0.03,100.0,all_scenarios,alert_rate,0.006460637879068436,0.0017022971675580128,-0.004758340711510423,True
1,PT,72,0.03,100.0,all_scenarios,alert_rate,0.005793100872777405,0.00026141309337271125,-0.005531687779404694,True
1,PT,82,0.03,100.0,all_scenarios,alert_rate,0.00024274072956037476,0.00026141309337271125,1.86723638123365e-05,True
1,PTH,42,0.03,100.0,all_scenarios,alert_rate,0.010498536553486208,0.01169823592842883,0.0011996993749426223,True
1,PTH,52,0.03,100.0,all_scenarios,alert_rate,0.010492312432215429,0.010011499064047764,-0.00048081336816766483,True
1,PTH,62,0.03,100.0,all_scenarios,alert_rate,0.011931640476083036,0.010959121527523843,-0.0009725189485591933,True
1,PTH,72,0.03,100.0,all_scenarios,alert_rate,0.011956536961166152,0.012704987543977307,0.0007484505828111547,True
1,PTH,82,0.03,100.0,all_scenarios,alert_rate,0.010111085004380226,0.012544716421254752,0.0024336314168745266,True
1,PTHW,42,0.01,10.0,all_scenarios,alert_rate,0.0,0.0,0.0,False
1,PTHW,42,0.01,50.0,all_scenarios,alert_rate,0.008320094108713615,0.008257852896005826,-6.224121270778822e-05,True
1,PTHW,42,0.01,100.0,all_scenarios,alert_rate,0.008320094108713615,0.009518237453338541,0.0011981433446249263,True
1,PTHW,42,0.01,500.0,all_scenarios,alert_rate,0.009082548964384022,0.010283804369644338,0.0012012554052603167,True
1,PTHW,42,0.01,1000.0,all_scenarios,alert_rate,0.009082548964384022,0.010283804369644338,0.0012012554052603167,True
1,PTHW,42,0.03,10.0,all_scenarios,alert_rate,0.0,0.0,0.0,False
1,PTHW,42,0.03,50.0,all_scenarios,alert_rate,0.008320094108713615,0.008257852896005826,-6.224121270778822e-05,True
1,PTHW,42,0.03,100.0,all_scenarios,alert_rate,0.008320094108713615,0.010725716979869637,0.002405622871156022,True
1,PTHW,42,0.03,500.0,all_scenarios,alert_rate,0.014345043498827531,0.016206055758790406,0.0018610122599628746,True
1,PTHW,42,0.03,1000.0,all_scenarios,alert_rate,0.015242872992137379,0.016206055758790406,0.0009631827666530274,True
1,PTHW,42,0.05,10.0,all_scenarios,alert_rate,0.0,0.0,0.0,False
1,PTHW,42,0.05,50.0,all_scenarios,alert_rate,0.008320094108713615,0.008257852896005826,-6.224121270778822e-05,True
1,PTHW,42,0.05,100.0,all_scenarios,alert_rate,0.008320094108713615,0.010725716979869637,0.002405622871156022,True
1,PTHW,42,0.05,500.0,all_scenarios,alert_rate,0.014345043498827531,0.016206055758790406,0.0018610122599628746,True
1,PTHW,42,0.05,1000.0,all_scenarios,alert_rate,0.015242872992137379,0.016206055758790406,0.0009631827666530274,True
1,PTHW,42,0.1,10.0,all_scenarios,alert_rate,0.0,0.0,0.0,False
1,PTHW,42,0.1,50.0,all_scenarios,alert_rate,0.008320094108713615,0.008257852896005826,-6.224121270778822e-05,True
1,PTHW,42,0.1,100.0,all_scenarios,alert_rate,0.008320094108713615,0.010725716979869637,0.002405622871156022,True
1,PTHW,42,0.1,500.0,all_scenarios,alert_rate,0.014345043498827531,0.016206055758790406,0.0018610122599628746,True
1,PTHW,42,0.1,1000.0,all_scenarios,alert_rate,0.015242872992137379,0.016206055758790406,0.0009631827666530274,True
1,PTHW,52,0.01,10.0,all_scenarios,alert_rate,0.0003734472762467304,0.0006457525818433046,0.0002723053055965742,True
1,PTHW,52,0.01,50.0,all_scenarios,alert_rate,0.006533771304000087,0.006586676334801708,5.2905030801620595e-05,True
1,PTHW,52,0.01,100.0,all_scenarios,alert_rate,0.008724661991314239,0.010928000921169948,0.002203338929855709,True
1,PTHW,52,0.01,500.0,all_scenarios,alert_rate,0.010567001887464775,0.010928000921169948,0.00036099903370517307,True
1,PTHW,52,0.01,1000.0,all_scenarios,alert_rate,0.010567001887464775,0.010928000921169948,0.00036099903370517307,True
1,PTHW,52,0.03,10.0,all_scenarios,alert_rate,0.0003734472762467304,0.0006457525818433046,0.0002723053055965742,True
1,PTHW,52,0.03,50.0,all_scenarios,alert_rate,0.006533771304000087,0.006586676334801708,5.2905030801620595e-05,True
1,PTHW,52,0.03,100.0,all_scenarios,alert_rate,0.008724661991314239,0.012882375000194504,0.004157713008880265,True
1,PTHW,52,0.03,500.0,all_scenarios,alert_rate,0.020810349468849052,0.021568136233566376,0.0007577867647173241,True
1,PTHW,52,0.03,1000.0,all_scenarios,alert_rate,0.020810349468849052,0.021568136233566376,0.0007577867647173241,True
1,PTHW,52,0.05,10.0,all_scenarios,alert_rate,0.0003734472762467304,0.0006457525818433046,0.0002723053055965742,True
1,PTHW,52,0.05,50.0,all_scenarios,alert_rate,0.006533771304000087,0.006586676334801708,5.2905030801620595e-05,True
1,PTHW,52,0.05,100.0,all_scenarios,alert_rate,0.008724661991314239,0.012882375000194504,0.004157713008880265,True
1,PTHW,52,0.05,500.0,all_scenarios,alert_rate,0.020810349468849052,0.021568136233566376,0.0007577867647173241,True
1,PTHW,52,0.05,1000.0,all_scenarios,alert_rate,0.020810349468849052,0.049481764102691776,0.028671414633842724,True
1,PTHW,52,0.1,10.0,all_scenarios,alert_rate,0.0003734472762467304,0.0006457525818433046,0.0002723053055965742,True
1,PTHW,52,0.1,50.0,all_scenarios,alert_rate,0.006533771304000087,0.006586676334801708,5.2905030801620595e-05,True
1,PTHW,52,0.1,100.0,all_scenarios,alert_rate,0.008724661991314239,0.012882375000194504,0.004157713008880265,True
1,PTHW,52,0.1,500.0,all_scenarios,alert_rate,0.020810349468849052,0.021568136233566376,0.0007577867647173241,True
1,PTHW,52,0.1,1000.0,all_scenarios,alert_rate,0.020810349468849052,0.049481764102691776,0.028671414633842724,True
1,PTHW,62,0.01,10.0,all_scenarios,alert_rate,0.0003905636097413722,0.0003750033065644251,-1.556030317694711e-05,True
1,PTHW,62,0.01,50.0,all_scenarios,alert_rate,0.006564891910353981,0.005187805079194163,-0.0013770868311598185,True
1,PTHW,62,0.01,100.0,all_scenarios,alert_rate,0.008729330082267324,0.007973099347867694,-0.0007562307343996297,True
1,PTHW,62,0.01,500.0,all_scenarios,alert_rate,0.010864203678144465,0.007973099347867694,-0.0028911043302767715,True
1,PTHW,62,0.01,1000.0,all_scenarios,alert_rate,0.010864203678144465,0.007973099347867694,-0.0028911043302767715,True
1,PTHW,62,0.03,10.0,all_scenarios,alert_rate,0.0003905636097413722,0.0003750033065644251,-1.556030317694711e-05,True
1,PTHW,62,0.03,50.0,all_scenarios,alert_rate,0.006564891910353981,0.005187805079194163,-0.0013770868311598185,True
1,PTHW,62,0.03,100.0,all_scenarios,alert_rate,0.008729330082267324,0.011047815255632441,0.0023184851733651177,True
1,PTHW,62,0.03,500.0,all_scenarios,alert_rate,0.01909249199811409,0.01737463452737913,-0.0017178574707349611,True
1,PTHW,62,0.03,1000.0,all_scenarios,alert_rate,0.01909249199811409,0.025604478877666453,0.006511986879552362,True
1,PTHW,62,0.05,10.0,all_scenarios,alert_rate,0.0003905636097413722,0.0003750033065644251,-1.556030317694711e-05,True
1,PTHW,62,0.05,50.0,all_scenarios,alert_rate,0.006564891910353981,0.005187805079194163,-0.0013770868311598185,True
1,PTHW,62,0.05,100.0,all_scenarios,alert_rate,0.008729330082267324,0.011047815255632441,0.0023184851733651177,True
1,PTHW,62,0.05,500.0,all_scenarios,alert_rate,0.01909249199811409,0.01737463452737913,-0.0017178574707349611,True
1,PTHW,62,0.05,1000.0,all_scenarios,alert_rate,0.01909249199811409,0.025604478877666453,0.006511986879552362,True
1,PTHW,62,0.1,10.0,all_scenarios,alert_rate,0.0003905636097413722,0.0003750033065644251,-1.556030317694711e-05,True
1,PTHW,62,0.1,50.0,all_scenarios,alert_rate,0.006564891910353981,0.005187805079194163,-0.0013770868311598185,True
1,PTHW,62,0.1,100.0,all_scenarios,alert_rate,0.008729330082267324,0.011047815255632441,0.0023184851733651177,True
1,PTHW,62,0.1,500.0,all_scenarios,alert_rate,0.01909249199811409,0.01737463452737913,-0.0017178574707349611,True
1,PTHW,62,0.1,1000.0,all_scenarios,alert_rate,0.01909249199811409,0.025604478877666453,0.006511986879552362,True
1,PTHW,72,0.01,10.0,all_scenarios,alert_rate,0.00039678773101215105,0.00021317615352417526,-0.0001836115774879758,True
1,PTHW,72,0.01,50.0,all_scenarios,alert_rate,0.0004201281857775717,0.0037842657326335348,0.003364137546855963,True
1,PTHW,72,0.01,100.0,all_scenarios,alert_rate,0.009848115880689819,0.010959121527523843,0.0011110056468340238,True
1,PTHW,72,0.01,500.0,all_scenarios,alert_rate,0.009848115880689819,0.010959121527523843,0.0011110056468340238,True
1,PTHW,72,0.01,1000.0,all_scenarios,alert_rate,0.009848115880689819,0.010959121527523843,0.0011110056468340238,True
1,PTHW,72,0.03,10.0,all_scenarios,alert_rate,0.00039678773101215105,0.00021317615352417526,-0.0001836115774879758,True
1,PTHW,72,0.03,50.0,all_scenarios,alert_rate,0.0004201281857775717,0.0037842657326335348,0.003364137546855963,True
1,PTHW,72,0.03,100.0,all_scenarios,alert_rate,0.01132790071281749,0.010959121527523843,-0.0003687791852936464,True
1,PTHW,72,0.03,500.0,all_scenarios,alert_rate,0.017528681528830907,0.012664530755717244,-0.004864150773113663,True
1,PTHW,72,0.03,1000.0,all_scenarios,alert_rate,0.017528681528830907,0.017430651618816143,-9.802991001476441e-05,True
1,PTHW,72,0.05,10.0,all_scenarios,alert_rate,0.00039678773101215105,0.00021317615352417526,-0.0001836115774879758,True
1,PTHW,72,0.05,50.0,all_scenarios,alert_rate,0.0004201281857775717,0.0037842657326335348,0.003364137546855963,True
1,PTHW,72,0.05,100.0,all_scenarios,alert_rate,0.01132790071281749,0.010959121527523843,-0.0003687791852936464,True
1,PTHW,72,0.05,500.0,all_scenarios,alert_rate,0.017528681528830907,0.012664530755717244,-0.004864150773113663,True
1,PTHW,72,0.05,1000.0,all_scenarios,alert_rate,0.017528681528830907,0.017430651618816143,-9.802991001476441e-05,True
1,PTHW,72,0.1,10.0,all_scenarios,alert_rate,0.00039678773101215105,0.00021317615352417526,-0.0001836115774879758,True
1,PTHW,72,0.1,50.0,all_scenarios,alert_rate,0.0004201281857775717,0.0037842657326335348,0.003364137546855963,True
1,PTHW,72,0.1,100.0,all_scenarios,alert_rate,0.01132790071281749,0.010959121527523843,-0.0003687791852936464,True
1,PTHW,72,0.1,500.0,all_scenarios,alert_rate,0.017528681528830907,0.012664530755717244,-0.004864150773113663,True
1,PTHW,72,0.1,1000.0,all_scenarios,alert_rate,0.017528681528830907,0.017430651618816143,-9.802991001476441e-05,True
1,PTHW,82,0.01,10.0,all_scenarios,alert_rate,0.0004543608527668553,0.0004979297016623072,4.3568848895451885e-05,True
1,PTHW,82,0.01,50.0,all_scenarios,alert_rate,0.006849645458492113,0.006079410451233232,-0.0007702350072588812,True
1,PTHW,82,0.01,100.0,all_scenarios,alert_rate,0.009085661025019412,0.009599151029858666,0.0005134900048392541,True
1,PTHW,82,0.01,500.0,all_scenarios,alert_rate,0.00923037184456502,0.009599151029858666,0.0003687791852936464,True
1,PTHW,82,0.01,1000.0,all_scenarios,alert_rate,0.00923037184456502,0.009599151029858666,0.0003687791852936464,True
1,PTHW,82,0.03,10.0,all_scenarios,alert_rate,0.0004543608527668553,0.0004979297016623072,4.3568848895451885e-05,True
1,PTHW,82,0.03,50.0,all_scenarios,alert_rate,0.006849645458492113,0.006079410451233232,-0.0007702350072588812,True
1,PTHW,82,0.03,100.0,all_scenarios,alert_rate,0.011744916837959671,0.012175937235961106,0.0004310203980014346,True
1,PTHW,82,0.03,500.0,all_scenarios,alert_rate,0.014088298496407903,0.015686341632680373,0.0015980431362724694,True
1,PTHW,82,0.03,1000.0,all_scenarios,alert_rate,0.01586684114953296,0.015686341632680373,-0.00018049951685258567,True
1,PTHW,82,0.05,10.0,all_scenarios,alert_rate,0.0004543608527668553,0.0004979297016623072,4.3568848895451885e-05,True
1,PTHW,82,0.05,50.0,all_scenarios,alert_rate,0.006849645458492113,0.006079410451233232,-0.0007702350072588812,True
1,PTHW,82,0.05,100.0,all_scenarios,alert_rate,0.011744916837959671,0.012175937235961106,0.0004310203980014346,True
1,PTHW,82,0.05,500.0,all_scenarios,alert_rate,0.014088298496407903,0.015686341632680373,0.0015980431362724694,True
1,PTHW,82,0.05,1000.0,all_scenarios,alert_rate,0.01586684114953296,0.015686341632680373,-0.00018049951685258567,True
1,PTHW,82,0.1,10.0,all_scenarios,alert_rate,0.0004543608527668553,0.0004979297016623072,4.3568848895451885e-05,True
1,PTHW,82,0.1,50.0,all_scenarios,alert_rate,0.006849645458492113,0.006079410451233232,-0.0007702350072588812,True
1,PTHW,82,0.1,100.0,all_scenarios,alert_rate,0.011744916837959671,0.012175937235961106,0.0004310203980014346,True
1,PTHW,82,0.1,500.0,all_scenarios,alert_rate,0.014088298496407903,0.015686341632680373,0.0015980431362724694,True
1,PTHW,82,0.1,1000.0,all_scenarios,alert_rate,0.01586684114953296,0.015686341632680373,-0.00018049951685258567,True
1,PTHW5,42,0.03,100.0,all_scenarios,alert_rate,0.009929029457209944,0.013030197880375502,0.0031011684231655578,True
1,PTHW5,52,0.03,100.0,all_scenarios,alert_rate,0.012891711182100671,0.011304560258052068,-0.001587150924048604,True
1,PTHW5,62,0.03,100.0,all_scenarios,alert_rate,0.012141704568971822,0.03613569206782425,0.023993987498852426,True
1,PTHW5,72,0.03,100.0,all_scenarios,alert_rate,0.013731967553655815,0.016875148795399128,0.003143181241743313,True
1,PTHW5,82,0.03,100.0,all_scenarios,alert_rate,0.011175409741683406,0.012305087752329767,0.0011296780106463608,True
2,P0,42,0.01,10.0,all_scenarios,alert_rate,0.00012551402949579694,6.440851513600106e-05,-6.110551435979588e-05,True
2,P0,42,0.01,50.0,all_scenarios,alert_rate,0.00012551402949579694,0.00029727006985846643,0.0001717560403626695,True
2,P0,42,0.01,100.0,all_scenarios,alert_rate,0.00012551402949579694,0.00029727006985846643,0.0001717560403626695,True
2,P0,42,0.01,500.0,all_scenarios,alert_rate,0.00012551402949579694,0.003094911727304256,0.002969397697808459,True
2,P0,42,0.01,1000.0,all_scenarios,alert_rate,0.0037868903899192416,0.003094911727304256,-0.0006919786626149857,True
2,P0,42,0.03,10.0,all_scenarios,alert_rate,0.00012551402949579694,6.440851513600106e-05,-6.110551435979588e-05,True
2,P0,42,0.03,50.0,all_scenarios,alert_rate,0.00012551402949579694,0.00029727006985846643,0.0001717560403626695,True
2,P0,42,0.03,100.0,all_scenarios,alert_rate,0.00012551402949579694,0.00029727006985846643,0.0001717560403626695,True
2,P0,42,0.03,500.0,all_scenarios,alert_rate,0.0213522485177784,0.021553731565126917,0.0002014830473485163,True
2,P0,42,0.03,1000.0,all_scenarios,alert_rate,0.0213522485177784,0.021553731565126917,0.0002014830473485163,True
2,P0,42,0.05,10.0,all_scenarios,alert_rate,0.00012551402949579694,6.440851513600106e-05,-6.110551435979588e-05,True
2,P0,42,0.05,50.0,all_scenarios,alert_rate,0.00012551402949579694,0.00029727006985846643,0.0001717560403626695,True
2,P0,42,0.05,100.0,all_scenarios,alert_rate,0.00012551402949579694,0.00029727006985846643,0.0001717560403626695,True
2,P0,42,0.05,500.0,all_scenarios,alert_rate,0.04073260557216231,0.04287129857475516,0.0021386930025928536,True
2,P0,42,0.05,1000.0,all_scenarios,alert_rate,0.04288616207824809,0.04287129857475516,-1.4863503492924812e-05,True
2,P0,42,0.1,10.0,all_scenarios,alert_rate,0.00012551402949579694,6.440851513600106e-05,-6.110551435979588e-05,True
2,P0,42,0.1,50.0,all_scenarios,alert_rate,0.00012551402949579694,0.00029727006985846643,0.0001717560403626695,True
2,P0,42,0.1,100.0,all_scenarios,alert_rate,0.00012551402949579694,0.00029727006985846643,0.0001717560403626695,True
2,P0,42,0.1,500.0,all_scenarios,alert_rate,0.09789103400439299,0.09557728196066126,-0.002313752043731729,True
2,P0,42,0.1,1000.0,all_scenarios,alert_rate,0.09789103400439299,0.09557728196066126,-0.002313752043731729,True
2,P0,52,0.01,10.0,all_scenarios,alert_rate,5.449951280738551e-05,8.918102095753993e-05,3.468150815015442e-05,True
2,P0,52,0.01,50.0,all_scenarios,alert_rate,5.449951280738551e-05,8.918102095753993e-05,3.468150815015442e-05,True
2,P0,52,0.01,100.0,all_scenarios,alert_rate,0.0007283116711532427,8.918102095753993e-05,-0.0006391306501957027,True
2,P0,52,0.01,500.0,all_scenarios,alert_rate,0.005689418837013426,0.0105167544714373,0.004827335634423874,True
2,P0,52,0.01,1000.0,all_scenarios,alert_rate,0.005689418837013426,0.0105167544714373,0.004827335634423874,True
2,P0,52,0.03,10.0,all_scenarios,alert_rate,5.449951280738551e-05,8.918102095753993e-05,3.468150815015442e-05,True
2,P0,52,0.03,50.0,all_scenarios,alert_rate,5.449951280738551e-05,8.918102095753993e-05,3.468150815015442e-05,True
2,P0,52,0.03,100.0,all_scenarios,alert_rate,0.0007283116711532427,8.918102095753993e-05,-0.0006391306501957027,True
2,P0,52,0.03,500.0,all_scenarios,alert_rate,0.005689418837013426,0.0105167544714373,0.004827335634423874,True
2,P0,52,0.03,1000.0,all_scenarios,alert_rate,0.005689418837013426,0.0105167544714373,0.004827335634423874,True
2,P0,52,0.05,10.0,all_scenarios,alert_rate,5.449951280738551e-05,8.918102095753993e-05,3.468150815015442e-05,True
2,P0,52,0.05,50.0,all_scenarios,alert_rate,5.449951280738551e-05,8.918102095753993e-05,3.468150815015442e-05,True
2,P0,52,0.05,100.0,all_scenarios,alert_rate,0.0007283116711532427,8.918102095753993e-05,-0.0006391306501957027,True
2,P0,52,0.05,500.0,all_scenarios,alert_rate,0.02592855609321068,0.04335188518769302,0.01742332909448234,True
2,P0,52,0.05,1000.0,all_scenarios,alert_rate,0.03916368020346485,0.04335188518769302,0.004188204984228172,True
2,P0,52,0.1,10.0,all_scenarios,alert_rate,5.449951280738551e-05,8.918102095753993e-05,3.468150815015442e-05,True
2,P0,52,0.1,50.0,all_scenarios,alert_rate,5.449951280738551e-05,8.918102095753993e-05,3.468150815015442e-05,True
2,P0,52,0.1,100.0,all_scenarios,alert_rate,0.0007283116711532427,8.918102095753993e-05,-0.0006391306501957027,True
2,P0,52,0.1,500.0,all_scenarios,alert_rate,0.09708345031461083,0.09471685025845981,-0.002366600056151011,True
2,P0,52,0.1,1000.0,all_scenarios,alert_rate,0.09708345031461083,0.09471685025845981,-0.002366600056151011,True
2,P0,62,0.01,10.0,all_scenarios,alert_rate,0.00012055952833148916,6.440851513600106e-05,-5.61510131954881e-05,True
2,P0,62,0.01,50.0,all_scenarios,alert_rate,0.00012055952833148916,6.440851513600106e-05,-5.61510131954881e-05,True
2,P0,62,0.01,100.0,all_scenarios,alert_rate,0.00048223811332595665,0.0005912371389407276,0.00010899902561477097,True
2,P0,62,0.01,500.0,all_scenarios,alert_rate,0.002691945632607224,0.0050056976763389535,0.0023137520437317297,True
2,P0,62,0.01,1000.0,all_scenarios,alert_rate,0.002691945632607224,0.0050056976763389535,0.0023137520437317297,True
2,P0,62,0.03,10.0,all_scenarios,alert_rate,0.00012055952833148916,6.440851513600106e-05,-5.61510131954881e-05,True
2,P0,62,0.03,50.0,all_scenarios,alert_rate,0.00012055952833148916,6.440851513600106e-05,-5.61510131954881e-05,True
2,P0,62,0.03,100.0,all_scenarios,alert_rate,0.00048223811332595665,0.0005912371389407276,0.00010899902561477097,True
2,P0,62,0.03,500.0,all_scenarios,alert_rate,0.021469505045333685,0.0050056976763389535,-0.01646380736899473,True
2,P0,62,0.03,1000.0,all_scenarios,alert_rate,0.021469505045333685,0.0050056976763389535,-0.01646380736899473,True
2,P0,62,0.05,10.0,all_scenarios,alert_rate,0.00012055952833148916,6.440851513600106e-05,-5.61510131954881e-05,True
2,P0,62,0.05,50.0,all_scenarios,alert_rate,0.00012055952833148916,6.440851513600106e-05,-5.61510131954881e-05,True
2,P0,62,0.05,100.0,all_scenarios,alert_rate,0.00048223811332595665,0.0005912371389407276,0.00010899902561477097,True
2,P0,62,0.05,500.0,all_scenarios,alert_rate,0.0397681293455104,0.026319961685190997,-0.0134481676603194,True
2,P0,62,0.05,1000.0,all_scenarios,alert_rate,0.0397681293455104,0.037659163349903386,-0.002108965995607011,True
2,P0,62,0.1,10.0,all_scenarios,alert_rate,0.00012055952833148916,6.440851513600106e-05,-5.61510131954881e-05,True
2,P0,62,0.1,50.0,all_scenarios,alert_rate,0.00012055952833148916,6.440851513600106e-05,-5.61510131954881e-05,True
2,P0,62,0.1,100.0,all_scenarios,alert_rate,0.00048223811332595665,0.0005912371389407276,0.00010899902561477097,True
2,P0,62,0.1,500.0,all_scenarios,alert_rate,0.08974418258988291,0.09516440686363561,0.005420224273752702,True
2,P0,62,0.1,1000.0,all_scenarios,alert_rate,0.08974418258988291,0.09717428283595647,0.007430100246073559,True
2,P0,72,0.01,10.0,all_scenarios,alert_rate,6.440851513600106e-05,0.00012386252910769435,5.9454013971693286e-05,True
2,P0,72,0.01,50.0,all_scenarios,alert_rate,0.00011725652755528398,0.00029396706908226125,0.00017671054152697727,True
2,P0,72,0.01,100.0,all_scenarios,alert_rate,0.00011725652755528398,0.00029396706908226125,0.00017671054152697727,True
2,P0,72,0.01,500.0,all_scenarios,alert_rate,0.0012799128007795083,0.0012006407821505839,-7.927201862892438e-05,True
2,P0,72,0.01,1000.0,all_scenarios,alert_rate,0.0012799128007795083,0.0012006407821505839,-7.927201862892438e-05,True
2,P0,72,0.03,10.0,all_scenarios,alert_rate,6.440851513600106e-05,0.00012386252910769435,5.9454013971693286e-05,True
2,P0,72,0.03,50.0,all_scenarios,alert_rate,0.00011725652755528398,0.00029396706908226125,0.00017671054152697727,True
2,P0,72,0.03,100.0,all_scenarios,alert_rate,0.00011725652755528398,0.00029396706908226125,0.00017671054152697727,True
2,P0,72,0.03,500.0,all_scenarios,alert_rate,0.020985615431619628,0.019545507093194168,-0.0014401083384254602,True
2,P0,72,0.03,1000.0,all_scenarios,alert_rate,0.020985615431619628,0.019545507093194168,-0.0014401083384254602,True
2,P0,72,0.05,10.0,all_scenarios,alert_rate,6.440851513600106e-05,0.00012386252910769435,5.9454013971693286e-05,True
2,P0,72,0.05,50.0,all_scenarios,alert_rate,0.00011725652755528398,0.00029396706908226125,0.00017671054152697727,True
2,P0,72,0.05,100.0,all_scenarios,alert_rate,0.00011725652755528398,0.00029396706908226125,0.00017671054152697727,True
2,P0,72,0.05,500.0,all_scenarios,alert_rate,0.04285148057009793,0.04246668097967003,-0.0003847995904278992,True
2,P0,72,0.05,1000.0,all_scenarios,alert_rate,0.04285148057009793,0.04246668097967003,-0.0003847995904278992,True
2,P0,72,0.1,10.0,all_scenarios,alert_rate,6.440851513600106e-05,0.00012386252910769435,5.9454013971693286e-05,True
2,P0,72,0.1,50.0,all_scenarios,alert_rate,0.00011725652755528398,0.00029396706908226125,0.00017671054152697727,True
2,P0,72,0.1,100.0,all_scenarios,alert_rate,0.00011725652755528398,0.00029396706908226125,0.00017671054152697727,True
2,P0,72,0.1,500.0,all_scenarios,alert_rate,0.09702564780102724,0.09221647867087249,-0.00480916913015475,True
2,P0,72,0.1,1000.0,all_scenarios,alert_rate,0.09702564780102724,0.09824775808822316,0.0012221102871959183,True
2,P0,82,0.01,10.0,all_scenarios,alert_rate,6.440851513600106e-05,5.449951280738551e-05,-9.909002328615548e-06,True
2,P0,82,0.01,50.0,all_scenarios,alert_rate,6.440851513600106e-05,0.00010734752522666843,4.293901009066737e-05,True
2,P0,82,0.01,100.0,all_scenarios,alert_rate,6.440851513600106e-05,0.00010734752522666843,4.293901009066737e-05,True
2,P0,82,0.01,500.0,all_scenarios,alert_rate,0.0006820696602863702,0.003050321216825486,0.0023682515565391156,True
2,P0,82,0.01,1000.0,all_scenarios,alert_rate,0.004313719013723968,0.003050321216825486,-0.001263397796898482,True
2,P0,82,0.03,10.0,all_scenarios,alert_rate,6.440851513600106e-05,5.449951280738551e-05,-9.909002328615548e-06,True
2,P0,82,0.03,50.0,all_scenarios,alert_rate,6.440851513600106e-05,0.00010734752522666843,4.293901009066737e-05,True
2,P0,82,0.03,100.0,all_scenarios,alert_rate,6.440851513600106e-05,0.00010734752522666843,4.293901009066737e-05,True
2,P0,82,0.03,500.0,all_scenarios,alert_rate,0.0006820696602863702,0.021507489554260045,0.020825419893973674,True
2,P0,82,0.03,1000.0,all_scenarios,alert_rate,0.004313719013723968,0.021507489554260045,0.01719377054053608,True
2,P0,82,0.05,10.0,all_scenarios,alert_rate,6.440851513600106e-05,5.449951280738551e-05,-9.909002328615548e-06,True
2,P0,82,0.05,50.0,all_scenarios,alert_rate,6.440851513600106e-05,0.00010734752522666843,4.293901009066737e-05,True
2,P0,82,0.05,100.0,all_scenarios,alert_rate,6.440851513600106e-05,0.00010734752522666843,4.293901009066737e-05,True
2,P0,82,0.05,500.0,all_scenarios,alert_rate,0.04177139931627884,0.03961784281019306,-0.0021535565060857784,True
2,P0,82,0.05,1000.0,all_scenarios,alert_rate,0.04177139931627884,0.03961784281019306,-0.0021535565060857784,True
2,P0,82,0.1,10.0,all_scenarios,alert_rate,6.440851513600106e-05,5.449951280738551e-05,-9.909002328615548e-06,True
2,P0,82,0.1,50.0,all_scenarios,alert_rate,6.440851513600106e-05,0.00010734752522666843,4.293901009066737e-05,True
2,P0,82,0.1,100.0,all_scenarios,alert_rate,6.440851513600106e-05,0.00010734752522666843,4.293901009066737e-05,True
2,P0,82,0.1,500.0,all_scenarios,alert_rate,0.08464434939142211,0.08127198559891662,-0.003372363792505495,True
2,P0,82,0.1,1000.0,all_scenarios,alert_rate,0.0961057620848541,0.09634688114151707,0.00024111905666297784,True
2,PH,42,0.03,100.0,all_scenarios,alert_rate,0.014341629370282901,0.013814800746478175,-0.0005268286238047266,True
2,PH,52,0.03,100.0,all_scenarios,alert_rate,0.02734719492659081,0.011380489174414955,-0.015966705752175854,True
2,PH,62,0.03,100.0,all_scenarios,alert_rate,0.012108800845568198,0.014813958481280243,0.002705157635712045,True
2,PH,72,0.03,100.0,all_scenarios,alert_rate,0.01257452395501313,0.012932899539231392,0.00035837558421826163,True
2,PH,82,0.03,100.0,all_scenarios,alert_rate,0.014749549966144242,0.014359795874552031,-0.00038975409159221035,True
2,PT,42,0.03,100.0,all_scenarios,alert_rate,0.002548265098842298,0.001656454889266899,-0.0008918102095753992,True
2,PT,52,0.03,100.0,all_scenarios,alert_rate,0.0012138527852554046,0.002016481973873264,0.0008026291886178592,True
2,PT,62,0.03,100.0,all_scenarios,alert_rate,0.0009248402173374511,0.0010553087479975558,0.00013046853066010474,True
2,PT,72,0.03,100.0,all_scenarios,alert_rate,0.0005912371389407276,0.0030899572261399483,0.0024987200871992208,True
2,PT,82,0.03,100.0,all_scenarios,alert_rate,0.0013096398077653549,0.0015821373718022823,0.0002724975640369274,True
2,PTH,42,0.03,100.0,all_scenarios,alert_rate,0.01200805932189394,0.015010487027464452,0.003002427705570512,True
2,PTH,52,0.03,100.0,all_scenarios,alert_rate,0.0134481676603194,0.014833776485937474,0.0013856088256180739,True
2,PTH,62,0.03,100.0,all_scenarios,alert_rate,0.007943716866773464,0.010749616026159765,0.0028058991593863016,True
2,PTH,72,0.03,100.0,all_scenarios,alert_rate,0.008716619048405476,0.012756188997704414,0.004039569949298938,True
2,PTH,82,0.03,100.0,all_scenarios,alert_rate,0.012994005053591188,0.01471651995838219,0.0017225149047910022,True
2,PTHW,42,0.01,10.0,all_scenarios,alert_rate,0.000888507208799194,0.00018001354230318245,-0.0007084936664960116,True
2,PTHW,42,0.01,50.0,all_scenarios,alert_rate,0.0059553103994979435,0.002589552608544863,-0.0033657577909530804,True
2,PTHW,42,0.01,100.0,all_scenarios,alert_rate,0.0059553103994979435,0.005595283314891579,-0.0003600270846063642,True
2,PTHW,42,0.01,500.0,all_scenarios,alert_rate,0.0059553103994979435,0.005765387854866146,-0.00018992254463179748,True
2,PTHW,42,0.01,1000.0,all_scenarios,alert_rate,0.0059553103994979435,0.005765387854866146,-0.00018992254463179748,True
2,PTHW,42,0.03,10.0,all_scenarios,alert_rate,0.000888507208799194,0.00018001354230318245,-0.0007084936664960116,True
2,PTHW,42,0.03,50.0,all_scenarios,alert_rate,0.007620022790705356,0.002589552608544863,-0.005030470182160493,True
2,PTHW,42,0.03,100.0,all_scenarios,alert_rate,0.009793397301448365,0.010671995507918945,0.0008785982064705797,True
2,PTHW,42,0.03,500.0,all_scenarios,alert_rate,0.014389522881537877,0.013937011775197768,-0.0004525111063401095,True
2,PTHW,42,0.03,1000.0,all_scenarios,alert_rate,0.014389522881537877,0.021476111046886095,0.007086588165348217,True
2,PTHW,42,0.05,10.0,all_scenarios,alert_rate,0.000888507208799194,0.00018001354230318245,-0.0007084936664960116,True
2,PTHW,42,0.05,50.0,all_scenarios,alert_rate,0.007620022790705356,0.002589552608544863,-0.005030470182160493,True
2,PTHW,42,0.05,100.0,all_scenarios,alert_rate,0.009793397301448365,0.010671995507918945,0.0008785982064705797,True
2,PTHW,42,0.05,500.0,all_scenarios,alert_rate,0.014389522881537877,0.013937011775197768,-0.0004525111063401095,True
2,PTHW,42,0.05,1000.0,all_scenarios,alert_rate,0.014389522881537877,0.022940991891133095,0.008551469009595218,True
2,PTHW,42,0.1,10.0,all_scenarios,alert_rate,0.000888507208799194,0.00018001354230318245,-0.0007084936664960116,True
2,PTHW,42,0.1,50.0,all_scenarios,alert_rate,0.007620022790705356,0.002589552608544863,-0.005030470182160493,True
2,PTHW,42,0.1,100.0,all_scenarios,alert_rate,0.009793397301448365,0.010671995507918945,0.0008785982064705797,True
2,PTHW,42,0.1,500.0,all_scenarios,alert_rate,0.014389522881537877,0.013937011775197768,-0.0004525111063401095,True
2,PTHW,42,0.1,1000.0,all_scenarios,alert_rate,0.014389522881537877,0.022940991891133095,0.008551469009595218,True
2,PTHW,52,0.01,10.0,all_scenarios,alert_rate,0.0016184703803405393,0.0014615778434707931,-0.0001568925368697462,True
2,PTHW,52,0.01,50.0,all_scenarios,alert_rate,0.0016382883849977705,0.0014615778434707931,-0.0001767105415269774,True
2,PTHW,52,0.01,100.0,all_scenarios,alert_rate,0.0016382883849977705,0.0014615778434707931,-0.0001767105415269774,True
2,PTHW,52,0.01,500.0,all_scenarios,alert_rate,0.004472263050981817,0.0028058991593863025,-0.0016663638915955141,True
2,PTHW,52,0.01,1000.0,all_scenarios,alert_rate,0.004472263050981817,0.0028058991593863025,-0.0016663638915955141,True
2,PTHW,52,0.03,10.0,all_scenarios,alert_rate,0.0016184703803405393,0.0014615778434707931,-0.0001568925368697462,True
2,PTHW,52,0.03,50.0,all_scenarios,alert_rate,0.0016382883849977705,0.0014615778434707931,-0.0001767105415269774,True
2,PTHW,52,0.03,100.0,all_scenarios,alert_rate,0.015282984591501379,0.01511783455269112,-0.00016515003881025815,True
2,PTHW,52,0.03,500.0,all_scenarios,alert_rate,0.015981569255668775,0.018549652359168306,0.0025680831034995306,True
2,PTHW,52,0.03,1000.0,all_scenarios,alert_rate,0.01710789252035474,0.018549652359168306,0.0014417598388135645,True
2,PTHW,52,0.05,10.0,all_scenarios,alert_rate,0.0016184703803405393,0.0014615778434707931,-0.0001568925368697462,True
2,PTHW,52,0.05,50.0,all_scenarios,alert_rate,0.0016382883849977705,0.0014615778434707931,-0.0001767105415269774,True
2,PTHW,52,0.05,100.0,all_scenarios,alert_rate,0.015282984591501379,0.01511783455269112,-0.00016515003881025815,True
2,PTHW,52,0.05,500.0,all_scenarios,alert_rate,0.015981569255668775,0.018549652359168306,0.0025680831034995306,True
2,PTHW,52,0.05,1000.0,all_scenarios,alert_rate,0.01710789252035474,0.021755214612475433,0.004647322092120692,True
2,PTHW,52,0.1,10.0,all_scenarios,alert_rate,0.0016184703803405393,0.0014615778434707931,-0.0001568925368697462,True
2,PTHW,52,0.1,50.0,all_scenarios,alert_rate,0.0016382883849977705,0.0014615778434707931,-0.0001767105415269774,True
2,PTHW,52,0.1,100.0,all_scenarios,alert_rate,0.015282984591501379,0.01511783455269112,-0.00016515003881025815,True
2,PTHW,52,0.1,500.0,all_scenarios,alert_rate,0.015981569255668775,0.018549652359168306,0.0025680831034995306,True
2,PTHW,52,0.1,1000.0,all_scenarios,alert_rate,0.01710789252035474,0.021755214612475433,0.004647322092120692,True
2,PTHW,62,0.01,10.0,all_scenarios,alert_rate,0.0,0.0,0.0,False
2,PTHW,62,0.01,50.0,all_scenarios,alert_rate,0.006556456540767287,0.007624977291869664,0.0010685207511023764,True
2,PTHW,62,0.01,100.0,all_scenarios,alert_rate,0.007129527175438887,0.007624977291869664,0.0004954501164307771,True
2,PTHW,62,0.01,500.0,all_scenarios,alert_rate,0.007129527175438887,0.007624977291869664,0.0004954501164307771,True
2,PTHW,62,0.01,1000.0,all_scenarios,alert_rate,0.007129527175438887,0.007624977291869664,0.0004954501164307771,True
2,PTHW,62,0.03,10.0,all_scenarios,alert_rate,0.0,0.0,0.0,False
2,PTHW,62,0.03,50.0,all_scenarios,alert_rate,0.008265759442453469,0.007624977291869664,-0.0006407821505838053,True
2,PTHW,62,0.03,100.0,all_scenarios,alert_rate,0.013278063120344833,0.008586150517745372,-0.004691912602599461,True
2,PTHW,62,0.03,500.0,all_scenarios,alert_rate,0.013278063120344833,0.012209542369242456,-0.0010685207511023764,True
2,PTHW,62,0.03,1000.0,all_scenarios,alert_rate,0.0207131178675827,0.012209542369242456,-0.008503575498340243,True
2,PTHW,62,0.05,10.0,all_scenarios,alert_rate,0.0,0.0,0.0,False
2,PTHW,62,0.05,50.0,all_scenarios,alert_rate,0.008265759442453469,0.007624977291869664,-0.0006407821505838053,True
2,PTHW,62,0.05,100.0,all_scenarios,alert_rate,0.013278063120344833,0.008586150517745372,-0.004691912602599461,True
2,PTHW,62,0.05,500.0,all_scenarios,alert_rate,0.013278063120344833,0.012209542369242456,-0.0010685207511023764,True
2,PTHW,62,0.05,1000.0,all_scenarios,alert_rate,0.0207131178675827,0.012209542369242456,-0.008503575498340243,True
2,PTHW,62,0.1,10.0,all_scenarios,alert_rate,0.0,0.0,0.0,False
2,PTHW,62,0.1,50.0,all_scenarios,alert_rate,0.008265759442453469,0.007624977291869664,-0.0006407821505838053,True
2,PTHW,62,0.1,100.0,all_scenarios,alert_rate,0.013278063120344833,0.008586150517745372,-0.004691912602599461,True
2,PTHW,62,0.1,500.0,all_scenarios,alert_rate,0.013278063120344833,0.012209542369242456,-0.0010685207511023764,True
2,PTHW,62,0.1,1000.0,all_scenarios,alert_rate,0.0207131178675827,0.012209542369242456,-0.008503575498340243,True
2,PTHW,72,0.01,10.0,all_scenarios,alert_rate,0.0,0.0,0.0,False
2,PTHW,72,0.01,50.0,all_scenarios,alert_rate,0.0044425360439959705,0.007796733332232333,0.0033541972882363625,True
2,PTHW,72,0.01,100.0,all_scenarios,alert_rate,0.007116315172334065,0.00792885336328054,0.0008125381909464754,True
2,PTHW,72,0.01,500.0,all_scenarios,alert_rate,0.007116315172334065,0.008201350927317467,0.001085035754983402,True
2,PTHW,72,0.01,1000.0,all_scenarios,alert_rate,0.007116315172334065,0.008201350927317467,0.001085035754983402,True
2,PTHW,72,0.03,10.0,all_scenarios,alert_rate,0.0,0.0,0.0,False
2,PTHW,72,0.03,50.0,all_scenarios,alert_rate,0.0044425360439959705,0.007796733332232333,0.0033541972882363625,True
2,PTHW,72,0.03,100.0,all_scenarios,alert_rate,0.013808194744925764,0.018903073442222258,0.005094878697296494,True
2,PTHW,72,0.03,500.0,all_scenarios,alert_rate,0.015306105596934814,0.0246651582963122,0.009359052699377386,True
2,PTHW,72,0.03,1000.0,all_scenarios,alert_rate,0.02145959604300507,0.027139105877689883,0.005679509834684814,True
2,PTHW,72,0.05,10.0,all_scenarios,alert_rate,0.0,0.0,0.0,False
2,PTHW,72,0.05,50.0,all_scenarios,alert_rate,0.0044425360439959705,0.007796733332232333,0.0033541972882363625,True
2,PTHW,72,0.05,100.0,all_scenarios,alert_rate,0.013808194744925764,0.018903073442222258,0.005094878697296494,True
2,PTHW,72,0.05,500.0,all_scenarios,alert_rate,0.015306105596934814,0.0246651582963122,0.009359052699377386,True
2,PTHW,72,0.05,1000.0,all_scenarios,alert_rate,0.02145959604300507,0.04210665389506366,0.020647057852058594,True
2,PTHW,72,0.1,10.0,all_scenarios,alert_rate,0.0,0.0,0.0,False
2,PTHW,72,0.1,50.0,all_scenarios,alert_rate,0.0044425360439959705,0.007796733332232333,0.0033541972882363625,True
2,PTHW,72,0.1,100.0,all_scenarios,alert_rate,0.013808194744925764,0.018903073442222258,0.005094878697296494,True
2,PTHW,72,0.1,500.0,all_scenarios,alert_rate,0.015306105596934814,0.0246651582963122,0.009359052699377386,True
2,PTHW,72,0.1,1000.0,all_scenarios,alert_rate,0.02145959604300507,0.04210665389506366,0.020647057852058594,True
2,PTHW,82,0.01,10.0,all_scenarios,alert_rate,0.0004145265974137504,0.0012155042856435072,0.0008009776882297568,True
2,PTHW,82,0.01,50.0,all_scenarios,alert_rate,0.0007679476804677049,0.0016713183927598223,0.0009033707122921173,True
2,PTHW,82,0.01,100.0,all_scenarios,alert_rate,0.0035705438390778023,0.007748839820977358,0.004178295981899555,True
2,PTHW,82,0.01,500.0,all_scenarios,alert_rate,0.008085745900150286,0.007748839820977358,-0.0003369060791729283,True
2,PTHW,82,0.01,1000.0,all_scenarios,alert_rate,0.008085745900150286,0.007748839820977358,-0.0003369060791729283,True
2,PTHW,82,0.03,10.0,all_scenarios,alert_rate,0.0004145265974137504,0.0012155042856435072,0.0008009776882297568,True
2,PTHW,82,0.03,50.0,all_scenarios,alert_rate,0.0007679476804677049,0.0016713183927598223,0.0009033707122921173,True
2,PTHW,82,0.03,100.0,all_scenarios,alert_rate,0.013743786229789764,0.013598454195636735,-0.00014533203415302912,True
2,PTHW,82,0.03,500.0,all_scenarios,alert_rate,0.01915905600237816,0.01592046374130898,-0.003238592261069182,True
2,PTHW,82,0.03,1000.0,all_scenarios,alert_rate,0.01915905600237816,0.01592046374130898,-0.003238592261069182,True
2,PTHW,82,0.05,10.0,all_scenarios,alert_rate,0.0004145265974137504,0.0012155042856435072,0.0008009776882297568,True
2,PTHW,82,0.05,50.0,all_scenarios,alert_rate,0.0007679476804677049,0.0016713183927598223,0.0009033707122921173,True
2,PTHW,82,0.05,100.0,all_scenarios,alert_rate,0.013743786229789764,0.013598454195636735,-0.00014533203415302912,True
2,PTHW,82,0.05,500.0,all_scenarios,alert_rate,0.01915905600237816,0.01592046374130898,-0.003238592261069182,True
2,PTHW,82,0.05,1000.0,all_scenarios,alert_rate,0.01915905600237816,0.01592046374130898,-0.003238592261069182,True
2,PTHW,82,0.1,10.0,all_scenarios,alert_rate,0.0004145265974137504,0.0012155042856435072,0.0008009776882297568,True
2,PTHW,82,0.1,50.0,all_scenarios,alert_rate,0.0007679476804677049,0.0016713183927598223,0.0009033707122921173,True
2,PTHW,82,0.1,100.0,all_scenarios,alert_rate,0.013743786229789764,0.013598454195636735,-0.00014533203415302912,True
2,PTHW,82,0.1,500.0,all_scenarios,alert_rate,0.01915905600237816,0.01592046374130898,-0.003238592261069182,True
2,PTHW,82,0.1,1000.0,all_scenarios,alert_rate,0.01915905600237816,0.01592046374130898,-0.003238592261069182,True
2,PTHW5,42,0.03,100.0,all_scenarios,alert_rate,0.010934584069627256,0.018249079288533632,0.007314495218906376,True
2,PTHW5,52,0.03,100.0,all_scenarios,alert_rate,0.012576175455401233,0.006857029611401958,-0.005719145843999274,True
2,PTHW5,62,0.03,100.0,all_scenarios,alert_rate,0.013373850142854783,0.007159254182424733,-0.0062145959604300504,True
2,PTHW5,72,0.03,100.0,all_scenarios,alert_rate,0.016658684414790837,0.01020462089808591,-0.006454063516704927,True
2,PTHW5,82,0.03,100.0,all_scenarios,alert_rate,0.013628181202622583,0.006885105117999703,-0.0067430760846228805,True
3,P0,42,0.01,10.0,all_scenarios,alert_rate,0.001121366748177779,0.000986300165063929,-0.00013506658311385005,True
3,P0,42,0.01,50.0,all_scenarios,alert_rate,0.0013208255395203252,0.005426221449515723,0.004105395909995398,True
3,P0,42,0.01,100.0,all_scenarios,alert_rate,0.009669825025953201,0.00818095152837262,-0.0014888734975805808,True
3,P0,42,0.01,500.0,all_scenarios,alert_rate,0.011142993106892636,0.010401697441430576,-0.0007412956654620599,True
3,P0,42,0.01,1000.0,all_scenarios,alert_rate,0.011142993106892636,0.010401697441430576,-0.0007412956654620599,True
3,P0,42,0.03,10.0,all_scenarios,alert_rate,0.001121366748177779,0.000986300165063929,-0.00013506658311385005,True
3,P0,42,0.03,50.0,all_scenarios,alert_rate,0.0013208255395203252,0.005426221449515723,0.004105395909995398,True
3,P0,42,0.03,100.0,all_scenarios,alert_rate,0.009669825025953201,0.00818095152837262,-0.0014888734975805808,True
3,P0,42,0.03,500.0,all_scenarios,alert_rate,0.02751903103861491,0.03330804761254109,0.005789016573926178,True
3,P0,42,0.03,1000.0,all_scenarios,alert_rate,0.03415771065282705,0.03330804761254109,-0.0008496630402859626,True
3,P0,42,0.05,10.0,all_scenarios,alert_rate,0.001121366748177779,0.000986300165063929,-0.00013506658311385005,True
3,P0,42,0.05,50.0,all_scenarios,alert_rate,0.0013208255395203252,0.005426221449515723,0.004105395909995398,True
3,P0,42,0.05,100.0,all_scenarios,alert_rate,0.009669825025953201,0.00818095152837262,-0.0014888734975805808,True
3,P0,42,0.05,500.0,all_scenarios,alert_rate,0.04293232693023497,0.04901032317035822,0.00607799624012325,True
3,P0,42,0.05,1000.0,all_scenarios,alert_rate,0.05450878953642322,0.05145879762471279,-0.0030499919117104313,True
3,P0,42,0.1,10.0,all_scenarios,alert_rate,0.001121366748177779,0.000986300165063929,-0.00013506658311385005,True
3,P0,42,0.1,50.0,all_scenarios,alert_rate,0.0013208255395203252,0.005426221449515723,0.004105395909995398,True
3,P0,42,0.1,100.0,all_scenarios,alert_rate,0.009669825025953201,0.00818095152837262,-0.0014888734975805808,True
3,P0,42,0.1,500.0,all_scenarios,alert_rate,0.10427454324722053,0.10210248412575013,-0.002172059121470407,True
3,P0,42,0.1,1000.0,all_scenarios,alert_rate,0.10427454324722053,0.10210248412575013,-0.002172059121470407,True
3,P0,52,0.01,10.0,all_scenarios,alert_rate,0.0011307899981624662,0.0011260783731701226,-4.711624992343594e-06,True
3,P0,52,0.01,50.0,all_scenarios,alert_rate,0.005559717490965459,0.005198492908219116,-0.00036122458274634277,True
3,P0,52,0.01,100.0,all_scenarios,alert_rate,0.005559717490965459,0.007555875946055035,0.001996158455089576,True
3,P0,52,0.01,500.0,all_scenarios,alert_rate,0.011084883065320399,0.010946675398878319,-0.0001382076664420799,True
3,P0,52,0.01,1000.0,all_scenarios,alert_rate,0.011084883065320399,0.010946675398878319,-0.0001382076664420799,True
3,P0,52,0.03,10.0,all_scenarios,alert_rate,0.0011307899981624662,0.0011260783731701226,-4.711624992343594e-06,True
3,P0,52,0.03,50.0,all_scenarios,alert_rate,0.005559717490965459,0.005198492908219116,-0.00036122458274634277,True
3,P0,52,0.03,100.0,all_scenarios,alert_rate,0.005559717490965459,0.007555875946055035,0.001996158455089576,True
3,P0,52,0.03,500.0,all_scenarios,alert_rate,0.032891854071550736,0.030372705242311022,-0.002519148829239714,True
3,P0,52,0.03,1000.0,all_scenarios,alert_rate,0.032891854071550736,0.030372705242311022,-0.002519148829239714,True
3,P0,52,0.05,10.0,all_scenarios,alert_rate,0.0011307899981624662,0.0011260783731701226,-4.711624992343594e-06,True
3,P0,52,0.05,50.0,all_scenarios,alert_rate,0.005559717490965459,0.005198492908219116,-0.00036122458274634277,True
3,P0,52,0.05,100.0,all_scenarios,alert_rate,0.005559717490965459,0.007555875946055035,0.001996158455089576,True
3,P0,52,0.05,500.0,all_scenarios,alert_rate,0.05462500961956769,0.053330883288337315,-0.001294126331230376,True
3,P0,52,0.05,1000.0,all_scenarios,alert_rate,0.05462500961956769,0.053330883288337315,-0.001294126331230376,True
3,P0,52,0.1,10.0,all_scenarios,alert_rate,0.0011307899981624662,0.0011260783731701226,-4.711624992343594e-06,True
3,P0,52,0.1,50.0,all_scenarios,alert_rate,0.005559717490965459,0.005198492908219116,-0.00036122458274634277,True
3,P0,52,0.1,100.0,all_scenarios,alert_rate,0.005559717490965459,0.007555875946055035,0.001996158455089576,True
3,P0,52,0.1,500.0,all_scenarios,alert_rate,0.09675950138443248,0.09654276663478467,-0.00021673474964781225,True
3,P0,52,0.1,1000.0,all_scenarios,alert_rate,0.10259092258328975,0.10225168558384101,-0.00033923699944873875,True
3,P0,62,0.01,10.0,all_scenarios,alert_rate,0.0007711359570802374,0.0011119434981930918,0.00034080754111285444,True
3,P0,62,0.01,50.0,all_scenarios,alert_rate,0.0009988644983768451,0.001331819331169127,0.00033295483279228186,True
3,P0,62,0.01,100.0,all_scenarios,alert_rate,0.0009988644983768451,0.010541475649536768,0.009542611151159923,True
3,P0,62,0.01,500.0,all_scenarios,alert_rate,0.010945104857214205,0.010541475649536768,-0.00040362920767743685,True
3,P0,62,0.01,1000.0,all_scenarios,alert_rate,0.010945104857214205,0.010541475649536768,-0.00040362920767743685,True
3,P0,62,0.03,10.0,all_scenarios,alert_rate,0.0007711359570802374,0.0011119434981930918,0.00034080754111285444,True
3,P0,62,0.03,50.0,all_scenarios,alert_rate,0.0009988644983768451,0.001331819331169127,0.00033295483279228186,True
3,P0,62,0.03,100.0,all_scenarios,alert_rate,0.01467514130948623,0.010541475649536768,-0.004133665659949461,True
3,P0,62,0.03,500.0,all_scenarios,alert_rate,0.03318711590440427,0.03227306065588961,-0.0009140552485146572,True
3,P0,62,0.03,1000.0,all_scenarios,alert_rate,0.03318711590440427,0.03227306065588961,-0.0009140552485146572,True
3,P0,62,0.05,10.0,all_scenarios,alert_rate,0.0007711359570802374,0.0011119434981930918,0.00034080754111285444,True
3,P0,62,0.05,50.0,all_scenarios,alert_rate,0.0009988644983768451,0.001331819331169127,0.00033295483279228186,True
3,P0,62,0.05,100.0,all_scenarios,alert_rate,0.01467514130948623,0.010541475649536768,-0.004133665659949461,True
3,P0,62,0.05,500.0,all_scenarios,alert_rate,0.04774760767241014,0.052509489998005414,0.004761882325595275,True
3,P0,62,0.05,1000.0,all_scenarios,alert_rate,0.050948371583875565,0.052509489998005414,0.0015611184141298487,True
3,P0,62,0.1,10.0,all_scenarios,alert_rate,0.0007711359570802374,0.0011119434981930918,0.00034080754111285444,True
3,P0,62,0.1,50.0,all_scenarios,alert_rate,0.0009988644983768451,0.001331819331169127,0.00033295483279228186,True
3,P0,62,0.1,100.0,all_scenarios,alert_rate,0.01467514130948623,0.010541475649536768,-0.004133665659949461,True
3,P0,62,0.1,500.0,all_scenarios,alert_rate,0.09740499400838355,0.09612971417712254,-0.0012752798312610086,True
3,P0,62,0.1,1000.0,all_scenarios,alert_rate,0.09740499400838355,0.10188889045943056,0.004483896451047006,True
3,P0,72,0.01,10.0,all_scenarios,alert_rate,0.0011260783731701226,0.0011072318732007482,-1.8846499969374375e-05,True
3,P0,72,0.01,50.0,all_scenarios,alert_rate,0.00580943361555967,0.006633967989219802,0.0008245343736601315,True
3,P0,72,0.01,100.0,all_scenarios,alert_rate,0.006052867573497423,0.010101723983584698,0.004048856410087275,True
3,P0,72,0.01,500.0,all_scenarios,alert_rate,0.008226497236631942,0.010101723983584698,0.0018752267469527555,True
3,P0,72,0.01,1000.0,all_scenarios,alert_rate,0.008226497236631942,0.010101723983584698,0.0018752267469527555,True
3,P0,72,0.03,10.0,all_scenarios,alert_rate,0.0011260783731701226,0.0011072318732007482,-1.8846499969374375e-05,True
3,P0,72,0.03,50.0,all_scenarios,alert_rate,0.00580943361555967,0.006633967989219802,0.0008245343736601315,True
3,P0,72,0.03,100.0,all_scenarios,alert_rate,0.006052867573497423,0.010101723983584698,0.004048856410087275,True
3,P0,72,0.03,500.0,all_scenarios,alert_rate,0.030730788741729135,0.030444950158860288,-0.000285838582868847,True
3,P0,72,0.03,1000.0,all_scenarios,alert_rate,0.03406976031963664,0.03237043423906471,-0.001699326080571932,True
3,P0,72,0.05,10.0,all_scenarios,alert_rate,0.0011260783731701226,0.0011072318732007482,-1.8846499969374375e-05,True
3,P0,72,0.05,50.0,all_scenarios,alert_rate,0.00580943361555967,0.006633967989219802,0.0008245343736601315,True
3,P0,72,0.05,100.0,all_scenarios,alert_rate,0.006052867573497423,0.010101723983584698,0.004048856410087275,True
3,P0,72,0.05,500.0,all_scenarios,alert_rate,0.05419468120360031,0.05068137950097609,-0.003513301702624219,True
3,P0,72,0.05,1000.0,all_scenarios,alert_rate,0.05419468120360031,0.05068137950097609,-0.003513301702624219,True
3,P0,72,0.1,10.0,all_scenarios,alert_rate,0.0011260783731701226,0.0011072318732007482,-1.8846499969374375e-05,True
3,P0,72,0.1,50.0,all_scenarios,alert_rate,0.00580943361555967,0.006633967989219802,0.0008245343736601315,True
3,P0,72,0.1,100.0,all_scenarios,alert_rate,0.006052867573497423,0.010101723983584698,0.004048856410087275,True
3,P0,72,0.1,500.0,all_scenarios,alert_rate,0.0973673010084448,0.10180094012624014,0.004433639117795332,True
3,P0,72,0.1,1000.0,all_scenarios,alert_rate,0.1018182160845454,0.10180094012624014,-1.7275958305265626e-05,True
3,P0,82,0.01,10.0,all_scenarios,alert_rate,0.001097808623216061,0.001121366748177779,2.355812496171797e-05,True
3,P0,82,0.01,50.0,all_scenarios,alert_rate,0.0013428131228179288,0.0013412425811538142,-1.5705416641146035e-06,True
3,P0,82,0.01,100.0,all_scenarios,alert_rate,0.0013428131228179288,0.007032885571904894,0.0056900724490869655,True
3,P0,82,0.01,500.0,all_scenarios,alert_rate,0.01055246944118557,0.00994624035883736,-0.0006062290823482114,True
3,P0,82,0.01,1000.0,all_scenarios,alert_rate,0.01055246944118557,0.00994624035883736,-0.0006062290823482114,True
3,P0,82,0.03,10.0,all_scenarios,alert_rate,0.001097808623216061,0.001121366748177779,2.355812496171797e-05,True
3,P0,82,0.03,50.0,all_scenarios,alert_rate,0.0013428131228179288,0.0013412425811538142,-1.5705416641146035e-06,True
3,P0,82,0.03,100.0,all_scenarios,alert_rate,0.01480706680927185,0.007032885571904894,-0.007774181237366956,True
3,P0,82,0.03,500.0,all_scenarios,alert_rate,0.03280861536335267,0.02923249199416387,-0.003576123369188798,True
3,P0,82,0.03,1000.0,all_scenarios,alert_rate,0.03280861536335267,0.032549475988773766,-0.00025913937457890113,True
3,P0,82,0.05,10.0,all_scenarios,alert_rate,0.001097808623216061,0.001121366748177779,2.355812496171797e-05,True
3,P0,82,0.05,50.0,all_scenarios,alert_rate,0.0013428131228179288,0.0013412425811538142,-1.5705416641146035e-06,True
3,P0,82,0.05,100.0,all_scenarios,alert_rate,0.01480706680927185,0.007032885571904894,-0.007774181237366956,True
3,P0,82,0.05,500.0,all_scenarios,alert_rate,0.046552425466018975,0.04198371976510979,-0.004568705700909184,True
3,P0,82,0.05,1000.0,all_scenarios,alert_rate,0.046552425466018975,0.05419939282859265,0.007646967362573677,True
3,P0,82,0.1,10.0,all_scenarios,alert_rate,0.001097808623216061,0.001121366748177779,2.355812496171797e-05,True
3,P0,82,0.1,50.0,all_scenarios,alert_rate,0.0013428131228179288,0.0013412425811538142,-1.5705416641146035e-06,True
3,P0,82,0.1,100.0,all_scenarios,alert_rate,0.01480706680927185,0.007032885571904894,-0.007774181237366956,True
3,P0,82,0.1,500.0,all_scenarios,alert_rate,0.09793269600752603,0.09829235004860827,0.00035965404108223575,True
3,P0,82,0.1,1000.0,all_scenarios,alert_rate,0.09793269600752603,0.09829235004860827,0.00035965404108223575,True
3,PH,42,0.03,100.0,all_scenarios,alert_rate,0.016674440847904034,0.024626093293315932,0.007951652445411898,True
3,PH,52,0.03,100.0,all_scenarios,alert_rate,0.0187773961361534,0.015306499058460273,-0.003470897077693127,True
3,PH,62,0.03,100.0,all_scenarios,alert_rate,0.015078770517163664,0.015309640141788502,0.00023086962462483783,True
3,PH,72,0.03,100.0,all_scenarios,alert_rate,0.01403907193551984,0.015972408724044835,0.0019333367885249943,True
3,PH,82,0.03,100.0,all_scenarios,alert_rate,0.015100758100461268,0.015923721932457287,0.0008229638319960184,True
3,PT,42,0.03,100.0,all_scenarios,alert_rate,0.020437458675122464,0.02650917274858926,0.0060717140734667975,True
3,PT,52,0.03,100.0,all_scenarios,alert_rate,0.020420182716817205,0.025928072332866883,0.0055078896160496785,True
3,PT,62,0.03,100.0,all_scenarios,alert_rate,0.020387201341870796,0.023532996295092215,0.003145794953221419,True
3,PT,72,0.03,100.0,all_scenarios,alert_rate,0.028475490912060662,0.020008700800819193,-0.00846679011124147,True
3,PT,82,0.03,100.0,all_scenarios,alert_rate,0.021736296631345183,0.023228311212253994,0.0014920145809088105,True
3,PTH,42,0.03,100.0,all_scenarios,alert_rate,0.029845003243168536,0.024844398584627853,-0.0050006046585406826,True
3,PTH,52,0.03,100.0,all_scenarios,alert_rate,0.04276899059716706,0.029411533743872925,-0.013357456853294133,True
3,PTH,62,0.03,100.0,all_scenarios,alert_rate,0.024073262627547616,0.03922741914458878,0.015154156517041162,True
3,PTH,72,0.03,100.0,all_scenarios,alert_rate,0.024710902543178117,0.024059127752570585,-0.0006517747906075316,True
3,PTH,82,0.03,100.0,all_scenarios,alert_rate,0.018320368511896067,0.03284002619663496,0.014519657684738892,True
3,PTHW,42,0.01,10.0,all_scenarios,alert_rate,0.008020756278632938,0.012443401604779473,0.0044226453261465345,True
3,PTHW,42,0.01,50.0,all_scenarios,alert_rate,0.016771814431079134,0.021287121715408426,0.004515307284329292,True
3,PTHW,42,0.01,100.0,all_scenarios,alert_rate,0.016771814431079134,0.02436224229374469,0.007590427862665557,True
3,PTHW,42,0.01,500.0,all_scenarios,alert_rate,0.02008251625903258,0.024999882209375192,0.0049173659503426136,True
3,PTHW,42,0.01,1000.0,all_scenarios,alert_rate,0.02008251625903258,0.024999882209375192,0.0049173659503426136,True
3,PTHW,42,0.03,10.0,all_scenarios,alert_rate,0.008020756278632938,0.012443401604779473,0.0044226453261465345,True
3,PTHW,42,0.03,50.0,all_scenarios,alert_rate,0.016771814431079134,0.021287121715408426,0.004515307284329292,True
3,PTHW,42,0.03,100.0,all_scenarios,alert_rate,0.016771814431079134,0.02436224229374469,0.007590427862665557,True
3,PTHW,42,0.03,500.0,all_scenarios,alert_rate,0.02883200386981466,0.03017167590930436,0.0013396720394896998,True
3,PTHW,42,0.03,1000.0,all_scenarios,alert_rate,0.040199584434675674,0.03288086027990193,-0.007318724154773741,True
3,PTHW,42,0.05,10.0,all_scenarios,alert_rate,0.008020756278632938,0.012443401604779473,0.0044226453261465345,True
3,PTHW,42,0.05,50.0,all_scenarios,alert_rate,0.016771814431079134,0.021287121715408426,0.004515307284329292,True
3,PTHW,42,0.05,100.0,all_scenarios,alert_rate,0.016771814431079134,0.02436224229374469,0.007590427862665557,True
3,PTHW,42,0.05,500.0,all_scenarios,alert_rate,0.02883200386981466,0.03017167590930436,0.0013396720394896998,True
3,PTHW,42,0.05,1000.0,all_scenarios,alert_rate,0.040199584434675674,0.03288086027990193,-0.007318724154773741,True
3,PTHW,42,0.1,10.0,all_scenarios,alert_rate,0.008020756278632938,0.012443401604779473,0.0044226453261465345,True
3,PTHW,42,0.1,50.0,all_scenarios,alert_rate,0.016771814431079134,0.021287121715408426,0.004515307284329292,True
3,PTHW,42,0.1,100.0,all_scenarios,alert_rate,0.016771814431079134,0.02436224229374469,0.007590427862665557,True
3,PTHW,42,0.1,500.0,all_scenarios,alert_rate,0.02883200386981466,0.03017167590930436,0.0013396720394896998,True
3,PTHW,42,0.1,1000.0,all_scenarios,alert_rate,0.040199584434675674,0.03288086027990193,-0.007318724154773741,True
3,PTHW,52,0.01,10.0,all_scenarios,alert_rate,0.01167069510603512,0.014849471434202942,0.0031787763281678223,True
3,PTHW,52,0.01,50.0,all_scenarios,alert_rate,0.01622683647363139,0.024806705584689104,0.008579869111057715,True
3,PTHW,52,0.01,100.0,all_scenarios,alert_rate,0.019996136467506278,0.024806705584689104,0.004810569117182827,True
3,PTHW,52,0.01,500.0,all_scenarios,alert_rate,0.02268019217147802,0.07458031200380699,0.05190011983232897,True
3,PTHW,52,0.01,1000.0,all_scenarios,alert_rate,0.02268019217147802,0.07458031200380699,0.05190011983232897,True
3,PTHW,52,0.03,10.0,all_scenarios,alert_rate,0.01167069510603512,0.014849471434202942,0.0031787763281678223,True
3,PTHW,52,0.03,50.0,all_scenarios,alert_rate,0.01622683647363139,0.024806705584689104,0.008579869111057715,True
3,PTHW,52,0.03,100.0,all_scenarios,alert_rate,0.019996136467506278,0.07734446533264858,0.057348328865142295,True
3,PTHW,52,0.03,500.0,all_scenarios,alert_rate,0.024059127752570585,0.07925738507954008,0.055198257326969494,True
3,PTHW,52,0.03,1000.0,all_scenarios,alert_rate,0.02546319200028898,0.07925738507954008,0.0537941930792511,True
3,PTHW,52,0.05,10.0,all_scenarios,alert_rate,0.01167069510603512,0.014849471434202942,0.0031787763281678223,True
3,PTHW,52,0.05,50.0,all_scenarios,alert_rate,0.01622683647363139,0.024806705584689104,0.008579869111057715,True
3,PTHW,52,0.05,100.0,all_scenarios,alert_rate,0.019996136467506278,0.07734446533264858,0.057348328865142295,True
3,PTHW,52,0.05,500.0,all_scenarios,alert_rate,0.024059127752570585,0.07925738507954008,0.055198257326969494,True
3,PTHW,52,0.05,1000.0,all_scenarios,alert_rate,0.02546319200028898,0.07925738507954008,0.0537941930792511,True
3,PTHW,52,0.1,10.0,all_scenarios,alert_rate,0.01167069510603512,0.014849471434202942,0.0031787763281678223,True
3,PTHW,52,0.1,50.0,all_scenarios,alert_rate,0.01622683647363139,0.024806705584689104,0.008579869111057715,True
3,PTHW,52,0.1,100.0,all_scenarios,alert_rate,0.019996136467506278,0.07734446533264858,0.057348328865142295,True
3,PTHW,52,0.1,500.0,all_scenarios,alert_rate,0.024059127752570585,0.07925738507954008,0.055198257326969494,True
3,PTHW,52,0.1,1000.0,all_scenarios,alert_rate,0.02546319200028898,0.07925738507954008,0.0537941930792511,True
3,PTHW,62,0.01,10.0,all_scenarios,alert_rate,0.016526809931477267,0.004716336617335953,-0.011810473314141314,True
3,PTHW,62,0.01,50.0,all_scenarios,alert_rate,0.02930002528572079,0.015606472516306149,-0.013693552769414643,True
3,PTHW,62,0.01,100.0,all_scenarios,alert_rate,0.03319810969605307,0.019187307510487292,-0.01401080218556578,True
3,PTHW,62,0.01,500.0,all_scenarios,alert_rate,0.03436031052749783,0.020120209258971327,-0.014240101268526501,True
3,PTHW,62,0.01,1000.0,all_scenarios,alert_rate,0.03436031052749783,0.020120209258971327,-0.014240101268526501,True
3,PTHW,62,0.03,10.0,all_scenarios,alert_rate,0.016526809931477267,0.004716336617335953,-0.011810473314141314,True
3,PTHW,62,0.03,50.0,all_scenarios,alert_rate,0.02930002528572079,0.015606472516306149,-0.013693552769414643,True
3,PTHW,62,0.03,100.0,all_scenarios,alert_rate,0.03319810969605307,0.024052845585914126,-0.009145264110138947,True
3,PTHW,62,0.03,500.0,all_scenarios,alert_rate,0.036722405190326095,0.027632110038431155,-0.00909029515189494,True
3,PTHW,62,0.03,1000.0,all_scenarios,alert_rate,0.052468655914738434,0.0425035690559317,-0.009965086858806732,True
3,PTHW,62,0.05,10.0,all_scenarios,alert_rate,0.016526809931477267,0.004716336617335953,-0.011810473314141314,True
3,PTHW,62,0.05,50.0,all_scenarios,alert_rate,0.02930002528572079,0.015606472516306149,-0.013693552769414643,True
3,PTHW,62,0.05,100.0,all_scenarios,alert_rate,0.03319810969605307,0.024052845585914126,-0.009145264110138947,True
3,PTHW,62,0.05,500.0,all_scenarios,alert_rate,0.036722405190326095,0.027632110038431155,-0.00909029515189494,True
3,PTHW,62,0.05,1000.0,all_scenarios,alert_rate,0.052468655914738434,0.0425035690559317,-0.009965086858806732,True
3,PTHW,62,0.1,10.0,all_scenarios,alert_rate,0.016526809931477267,0.004716336617335953,-0.011810473314141314,True
3,PTHW,62,0.1,50.0,all_scenarios,alert_rate,0.02930002528572079,0.015606472516306149,-0.013693552769414643,True
3,PTHW,62,0.1,100.0,all_scenarios,alert_rate,0.03319810969605307,0.024052845585914126,-0.009145264110138947,True
3,PTHW,62,0.1,500.0,all_scenarios,alert_rate,0.036722405190326095,0.027632110038431155,-0.00909029515189494,True
3,PTHW,62,0.1,1000.0,all_scenarios,alert_rate,0.052468655914738434,0.0425035690559317,-0.009965086858806732,True
3,PTHW,72,0.01,10.0,all_scenarios,alert_rate,0.010494359399613332,0.005997898615253415,-0.004496460784359917,True
3,PTHW,72,0.01,50.0,all_scenarios,alert_rate,0.015612754682962606,0.014251095060175304,-0.001361659622787302,True
3,PTHW,72,0.01,100.0,all_scenarios,alert_rate,0.023118373295765975,0.022265569172151785,-0.0008528041236141905,True
3,PTHW,72,0.01,500.0,all_scenarios,alert_rate,0.023118373295765975,0.022265569172151785,-0.0008528041236141905,True
3,PTHW,72,0.01,1000.0,all_scenarios,alert_rate,0.023118373295765975,0.022265569172151785,-0.0008528041236141905,True
3,PTHW,72,0.03,10.0,all_scenarios,alert_rate,0.010494359399613332,0.005997898615253415,-0.004496460784359917,True
3,PTHW,72,0.03,50.0,all_scenarios,alert_rate,0.015612754682962606,0.014251095060175304,-0.001361659622787302,True
3,PTHW,72,0.03,100.0,all_scenarios,alert_rate,0.02499202950105462,0.02283567579622536,-0.0021563537048292607,True
3,PTHW,72,0.03,500.0,all_scenarios,alert_rate,0.030118277492724464,0.030273761117471806,0.00015548362474734206,True
3,PTHW,72,0.03,1000.0,all_scenarios,alert_rate,0.039381332227672004,0.030273761117471806,-0.009107571110200198,True
3,PTHW,72,0.05,10.0,all_scenarios,alert_rate,0.010494359399613332,0.005997898615253415,-0.004496460784359917,True
3,PTHW,72,0.05,50.0,all_scenarios,alert_rate,0.015612754682962606,0.014251095060175304,-0.001361659622787302,True
3,PTHW,72,0.05,100.0,all_scenarios,alert_rate,0.02499202950105462,0.02283567579622536,-0.0021563537048292607,True
3,PTHW,72,0.05,500.0,all_scenarios,alert_rate,0.030118277492724464,0.030273761117471806,0.00015548362474734206,True
3,PTHW,72,0.05,1000.0,all_scenarios,alert_rate,0.049021316962007025,0.030273761117471806,-0.01874755584453522,True
3,PTHW,72,0.1,10.0,all_scenarios,alert_rate,0.010494359399613332,0.005997898615253415,-0.004496460784359917,True
3,PTHW,72,0.1,50.0,all_scenarios,alert_rate,0.015612754682962606,0.014251095060175304,-0.001361659622787302,True
3,PTHW,72,0.1,100.0,all_scenarios,alert_rate,0.02499202950105462,0.02283567579622536,-0.0021563537048292607,True
3,PTHW,72,0.1,500.0,all_scenarios,alert_rate,0.030118277492724464,0.030273761117471806,0.00015548362474734206,True
3,PTHW,72,0.1,1000.0,all_scenarios,alert_rate,0.049021316962007025,0.030273761117471806,-0.01874755584453522,True
3,PTHW,82,0.01,10.0,all_scenarios,alert_rate,0.007499336446146912,0.011567039356203561,0.004067702910056649,True
3,PTHW,82,0.01,50.0,all_scenarios,alert_rate,0.01978097225952259,0.021527414590017953,0.0017464423304953645,True
3,PTHW,82,0.01,100.0,all_scenarios,alert_rate,0.02780329907981964,0.028062438454398538,0.00025913937457889766,True
3,PTHW,82,0.01,500.0,all_scenarios,alert_rate,0.02780329907981964,0.028062438454398538,0.00025913937457889766,True
3,PTHW,82,0.01,1000.0,all_scenarios,alert_rate,0.02780329907981964,0.028062438454398538,0.00025913937457889766,True
3,PTHW,82,0.03,10.0,all_scenarios,alert_rate,0.007499336446146912,0.011567039356203561,0.004067702910056649,True
3,PTHW,82,0.03,50.0,all_scenarios,alert_rate,0.01978097225952259,0.021527414590017953,0.0017464423304953645,True
3,PTHW,82,0.03,100.0,all_scenarios,alert_rate,0.029824586201535046,0.02847863199538889,-0.0013459542061461556,True
3,PTHW,82,0.03,500.0,all_scenarios,alert_rate,0.0335467699454865,0.03563087873376649,0.002084108788279991,True
3,PTHW,82,0.03,1000.0,all_scenarios,alert_rate,0.040496416809193324,0.03920071993629883,-0.0012956968728944918,True
3,PTHW,82,0.05,10.0,all_scenarios,alert_rate,0.007499336446146912,0.011567039356203561,0.004067702910056649,True
3,PTHW,82,0.05,50.0,all_scenarios,alert_rate,0.01978097225952259,0.021527414590017953,0.0017464423304953645,True
3,PTHW,82,0.05,100.0,all_scenarios,alert_rate,0.029824586201535046,0.02847863199538889,-0.0013459542061461556,True
3,PTHW,82,0.05,500.0,all_scenarios,alert_rate,0.0335467699454865,0.03563087873376649,0.002084108788279991,True
3,PTHW,82,0.05,1000.0,all_scenarios,alert_rate,0.040496416809193324,0.03920071993629883,-0.0012956968728944918,True
3,PTHW,82,0.1,10.0,all_scenarios,alert_rate,0.007499336446146912,0.011567039356203561,0.004067702910056649,True
3,PTHW,82,0.1,50.0,all_scenarios,alert_rate,0.01978097225952259,0.021527414590017953,0.0017464423304953645,True
3,PTHW,82,0.1,100.0,all_scenarios,alert_rate,0.029824586201535046,0.02847863199538889,-0.0013459542061461556,True
3,PTHW,82,0.1,500.0,all_scenarios,alert_rate,0.0335467699454865,0.03563087873376649,0.002084108788279991,True
3,PTHW,82,0.1,1000.0,all_scenarios,alert_rate,0.040496416809193324,0.03920071993629883,-0.0012956968728944918,True
3,PTHW5,42,0.03,100.0,all_scenarios,alert_rate,0.03180503923998348,0.0232722863788492,-0.008532752861134276,True
3,PTHW5,52,0.03,100.0,all_scenarios,alert_rate,0.016061929598899363,0.020987148257562552,0.0049252186586631885,True
3,PTHW5,62,0.03,100.0,all_scenarios,alert_rate,0.028085996579360256,0.03276149911342923,0.004675502534068975,True
3,PTHW5,72,0.03,100.0,all_scenarios,alert_rate,0.019001983594121776,0.028982775869569655,0.009980792275447879,True
3,PTHW5,82,0.03,100.0,all_scenarios,alert_rate,0.02542549900035023,0.025516590416868875,9.109141651864397e-05,True
1,P0,42,0.01,10.0,all_scenarios,cost,4310.0,4310.0,0.0,False
1,P0,42,0.01,50.0,all_scenarios,cost,21351.0,21351.0,0.0,False
1,P0,42,0.01,100.0,all_scenarios,cost,42701.0,42701.0,0.0,False
1,P0,42,0.01,500.0,all_scenarios,cost,213501.0,204699.0,-8802.0,True
1,P0,42,0.01,1000.0,all_scenarios,cost,414305.0,405199.0,-9106.0,True
1,P0,42,0.03,10.0,all_scenarios,cost,4310.0,4310.0,0.0,False
1,P0,42,0.03,50.0,all_scenarios,cost,21351.0,21351.0,0.0,False
1,P0,42,0.03,100.0,all_scenarios,cost,42701.0,42701.0,0.0,False
1,P0,42,0.03,500.0,all_scenarios,cost,167338.0,191065.0,23727.0,True
1,P0,42,0.03,1000.0,all_scenarios,cost,320838.0,365065.0,44227.0,True
1,P0,42,0.05,10.0,all_scenarios,cost,4310.0,4310.0,0.0,False
1,P0,42,0.05,50.0,all_scenarios,cost,21351.0,21351.0,0.0,False
1,P0,42,0.05,100.0,all_scenarios,cost,42701.0,42701.0,0.0,False
1,P0,42,0.05,500.0,all_scenarios,cost,167338.0,177730.0,10392.0,True
1,P0,42,0.05,1000.0,all_scenarios,cost,282277.0,323730.0,41453.0,True
1,P0,42,0.1,10.0,all_scenarios,cost,4310.0,4310.0,0.0,False
1,P0,42,0.1,50.0,all_scenarios,cost,21351.0,21351.0,0.0,False
1,P0,42,0.1,100.0,all_scenarios,cost,42701.0,42701.0,0.0,False
1,P0,42,0.1,500.0,all_scenarios,cost,146336.0,177730.0,31394.0,True
1,P0,42,0.1,1000.0,all_scenarios,cost,224421.0,266318.0,41897.0,True
1,P0,52,0.01,10.0,all_scenarios,cost,4310.0,4980.0,670.0,True
1,P0,52,0.01,50.0,all_scenarios,cost,21550.0,24657.0,3107.0,True
1,P0,52,0.01,100.0,all_scenarios,cost,43100.0,49157.0,6057.0,True
1,P0,52,0.01,500.0,all_scenarios,cost,215500.0,245157.0,29657.0,True
1,P0,52,0.01,1000.0,all_scenarios,cost,422557.0,483720.0,61163.0,True
1,P0,52,0.03,10.0,all_scenarios,cost,4310.0,4980.0,670.0,True
1,P0,52,0.03,50.0,all_scenarios,cost,21550.0,24657.0,3107.0,True
1,P0,52,0.03,100.0,all_scenarios,cost,43100.0,49157.0,6057.0,True
1,P0,52,0.03,500.0,all_scenarios,cost,170200.0,201071.0,30871.0,True
1,P0,52,0.03,1000.0,all_scenarios,cost,321700.0,385071.0,63371.0,True
1,P0,52,0.05,10.0,all_scenarios,cost,4310.0,4980.0,670.0,True
1,P0,52,0.05,50.0,all_scenarios,cost,21550.0,24657.0,3107.0,True
1,P0,52,0.05,100.0,all_scenarios,cost,43100.0,49157.0,6057.0,True
1,P0,52,0.05,500.0,all_scenarios,cost,164657.0,189271.0,24614.0,True
1,P0,52,0.05,1000.0,all_scenarios,cost,292085.0,344084.0,51999.0,True
1,P0,52,0.1,10.0,all_scenarios,cost,4310.0,4980.0,670.0,True
1,P0,52,0.1,50.0,all_scenarios,cost,21550.0,24657.0,3107.0,True
1,P0,52,0.1,100.0,all_scenarios,cost,43100.0,49157.0,6057.0,True
1,P0,52,0.1,500.0,all_scenarios,cost,164657.0,174554.0,9897.0,True
1,P0,52,0.1,1000.0,all_scenarios,cost,216161.0,273673.0,57512.0,True
1,P0,62,0.01,10.0,all_scenarios,cost,4260.0,4310.0,50.0,True
1,P0,62,0.01,50.0,all_scenarios,cost,21101.0,21550.0,449.0,True
1,P0,62,0.01,100.0,all_scenarios,cost,42201.0,43100.0,899.0,True
1,P0,62,0.01,500.0,all_scenarios,cost,200200.0,207354.0,7154.0,True
1,P0,62,0.01,1000.0,all_scenarios,cost,397700.0,413854.0,16154.0,True
1,P0,62,0.03,10.0,all_scenarios,cost,4260.0,4310.0,50.0,True
1,P0,62,0.03,50.0,all_scenarios,cost,21101.0,21550.0,449.0,True
1,P0,62,0.03,100.0,all_scenarios,cost,42201.0,43100.0,899.0,True
1,P0,62,0.03,500.0,all_scenarios,cost,168651.0,176093.0,7442.0,True
1,P0,62,0.03,1000.0,all_scenarios,cost,321744.0,345093.0,23349.0,True
1,P0,62,0.05,10.0,all_scenarios,cost,4260.0,4310.0,50.0,True
1,P0,62,0.05,50.0,all_scenarios,cost,21101.0,21550.0,449.0,True
1,P0,62,0.05,100.0,all_scenarios,cost,42201.0,43100.0,899.0,True
1,P0,62,0.05,500.0,all_scenarios,cost,168651.0,167135.0,-1516.0,True
1,P0,62,0.05,1000.0,all_scenarios,cost,301972.0,305135.0,3163.0,True
1,P0,62,0.1,10.0,all_scenarios,cost,4260.0,4310.0,50.0,True
1,P0,62,0.1,50.0,all_scenarios,cost,21101.0,21550.0,449.0,True
1,P0,62,0.1,100.0,all_scenarios,cost,42201.0,43100.0,899.0,True
1,P0,62,0.1,500.0,all_scenarios,cost,168651.0,167135.0,-1516.0,True
1,P0,62,0.1,1000.0,all_scenarios,cost,210837.0,233670.0,22833.0,True
1,P0,72,0.01,10.0,all_scenarios,cost,4310.0,4260.0,-50.0,True
1,P0,72,0.01,50.0,all_scenarios,cost,21550.0,21300.0,-250.0,True
1,P0,72,0.01,100.0,all_scenarios,cost,43100.0,42600.0,-500.0,True
1,P0,72,0.01,500.0,all_scenarios,cost,210802.0,213000.0,2198.0,True
1,P0,72,0.01,1000.0,all_scenarios,cost,418016.0,420280.0,2264.0,True
1,P0,72,0.03,10.0,all_scenarios,cost,4310.0,4260.0,-50.0,True
1,P0,72,0.03,50.0,all_scenarios,cost,21550.0,21300.0,-250.0,True
1,P0,72,0.03,100.0,all_scenarios,cost,43100.0,42600.0,-500.0,True
1,P0,72,0.03,500.0,all_scenarios,cost,210802.0,213000.0,2198.0,True
1,P0,72,0.03,1000.0,all_scenarios,cost,395241.0,396595.0,1354.0,True
1,P0,72,0.05,10.0,all_scenarios,cost,4310.0,4260.0,-50.0,True
1,P0,72,0.05,50.0,all_scenarios,cost,21550.0,21300.0,-250.0,True
1,P0,72,0.05,100.0,all_scenarios,cost,43100.0,42600.0,-500.0,True
1,P0,72,0.05,500.0,all_scenarios,cost,210802.0,213000.0,2198.0,True
1,P0,72,0.05,1000.0,all_scenarios,cost,355947.0,364758.0,8811.0,True
1,P0,72,0.1,10.0,all_scenarios,cost,4310.0,4260.0,-50.0,True
1,P0,72,0.1,50.0,all_scenarios,cost,21550.0,21300.0,-250.0,True
1,P0,72,0.1,100.0,all_scenarios,cost,43100.0,42600.0,-500.0,True
1,P0,72,0.1,500.0,all_scenarios,cost,153713.0,182901.0,29188.0,True
1,P0,72,0.1,1000.0,all_scenarios,cost,219749.0,287231.0,67482.0,True
1,P0,82,0.01,10.0,all_scenarios,cost,4310.0,4980.0,670.0,True
1,P0,82,0.01,50.0,all_scenarios,cost,21351.0,21902.0,551.0,True
1,P0,82,0.01,100.0,all_scenarios,cost,41779.0,43302.0,1523.0,True
1,P0,82,0.01,500.0,all_scenarios,cost,201042.0,213355.0,12313.0,True
1,P0,82,0.01,1000.0,all_scenarios,cost,398800.0,424355.0,25555.0,True
1,P0,82,0.03,10.0,all_scenarios,cost,4310.0,4980.0,670.0,True
1,P0,82,0.03,50.0,all_scenarios,cost,21351.0,21902.0,551.0,True
1,P0,82,0.03,100.0,all_scenarios,cost,41779.0,43302.0,1523.0,True
1,P0,82,0.03,500.0,all_scenarios,cost,196499.0,213355.0,16856.0,True
1,P0,82,0.03,1000.0,all_scenarios,cost,377999.0,395838.0,17839.0,True
1,P0,82,0.05,10.0,all_scenarios,cost,4310.0,4980.0,670.0,True
1,P0,82,0.05,50.0,all_scenarios,cost,21351.0,21902.0,551.0,True
1,P0,82,0.05,100.0,all_scenarios,cost,41779.0,43302.0,1523.0,True
1,P0,82,0.05,500.0,all_scenarios,cost,180194.0,157168.0,-23026.0,True
1,P0,82,0.05,1000.0,all_scenarios,cost,326694.0,279044.0,-47650.0,True
1,P0,82,0.1,10.0,all_scenarios,cost,4310.0,4980.0,670.0,True
1,P0,82,0.1,50.0,all_scenarios,cost,21351.0,21902.0,551.0,True
1,P0,82,0.1,100.0,all_scenarios,cost,41779.0,43302.0,1523.0,True
1,P0,82,0.1,500.0,all_scenarios,cost,128777.0,148461.0,19684.0,True
1,P0,82,0.1,1000.0,all_scenarios,cost,199277.0,249992.0,50715.0,True
1,PH,42,0.03,100.0,all_scenarios,cost,23583.0,24511.0,928.0,True
1,PH,52,0.03,100.0,all_scenarios,cost,28744.0,24467.0,-4277.0,True
1,PH,62,0.03,100.0,all_scenarios,cost,29929.0,33058.0,3129.0,True
1,PH,72,0.03,100.0,all_scenarios,cost,25134.0,31655.0,6521.0,True
1,PH,82,0.03,100.0,all_scenarios,cost,25007.0,25886.0,879.0,True
1,PT,42,0.03,100.0,all_scenarios,cost,35096.0,37967.0,2871.0,True
1,PT,52,0.03,100.0,all_scenarios,cost,32809.0,33546.0,737.0,True
1,PT,62,0.03,100.0,all_scenarios,cost,30722.0,35542.0,4820.0,True
1,PT,72,0.03,100.0,all_scenarios,cost,31000.0,35222.0,4222.0,True
1,PT,82,0.03,100.0,all_scenarios,cost,35210.0,34010.0,-1200.0,True
1,PTH,42,0.03,100.0,all_scenarios,cost,24025.0,23281.0,-744.0,True
1,PTH,52,0.03,100.0,all_scenarios,cost,23516.0,23712.0,196.0,True
1,PTH,62,0.03,100.0,all_scenarios,cost,23330.0,22604.0,-726.0,True
1,PTH,72,0.03,100.0,all_scenarios,cost,24861.0,25039.0,178.0,True
1,PTH,82,0.03,100.0,all_scenarios,cost,22160.0,19381.0,-2779.0,True
1,PTHW,42,0.01,10.0,all_scenarios,cost,4980.0,4980.0,0.0,False
1,PTHW,42,0.01,50.0,all_scenarios,cost,17446.0,14295.0,-3151.0,True
1,PTHW,42,0.01,100.0,all_scenarios,cost,29796.0,21880.0,-7916.0,True
1,PTHW,42,0.01,500.0,all_scenarios,cost,126581.0,85269.0,-41312.0,True
1,PTHW,42,0.01,1000.0,all_scenarios,cost,247581.0,164269.0,-83312.0,True
1,PTHW,42,0.03,10.0,all_scenarios,cost,4980.0,4980.0,0.0,False
1,PTHW,42,0.03,50.0,all_scenarios,cost,17446.0,14295.0,-3151.0,True
1,PTHW,42,0.03,100.0,all_scenarios,cost,29796.0,22151.0,-7645.0,True
1,PTHW,42,0.03,500.0,all_scenarios,cost,113931.0,74045.0,-39886.0,True
1,PTHW,42,0.03,1000.0,all_scenarios,cost,217506.0,138045.0,-79461.0,True
1,PTHW,42,0.05,10.0,all_scenarios,cost,4980.0,4980.0,0.0,False
1,PTHW,42,0.05,50.0,all_scenarios,cost,17446.0,14295.0,-3151.0,True
1,PTHW,42,0.05,100.0,all_scenarios,cost,29796.0,22151.0,-7645.0,True
1,PTHW,42,0.05,500.0,all_scenarios,cost,113931.0,74045.0,-39886.0,True
1,PTHW,42,0.05,1000.0,all_scenarios,cost,217506.0,138045.0,-79461.0,True
1,PTHW,42,0.1,10.0,all_scenarios,cost,4980.0,4980.0,0.0,False
1,PTHW,42,0.1,50.0,all_scenarios,cost,17446.0,14295.0,-3151.0,True
1,PTHW,42,0.1,100.0,all_scenarios,cost,29796.0,22151.0,-7645.0,True
1,PTHW,42,0.1,500.0,all_scenarios,cost,113931.0,74045.0,-39886.0,True
1,PTHW,42,0.1,1000.0,all_scenarios,cost,217506.0,138045.0,-79461.0,True
1,PTHW,52,0.01,10.0,all_scenarios,cost,3361.0,3481.0,120.0,True
1,PTHW,52,0.01,50.0,all_scenarios,cost,12320.0,13425.0,1105.0,True
1,PTHW,52,0.01,100.0,all_scenarios,cost,20562.0,22180.0,1618.0,True
1,PTHW,52,0.01,500.0,all_scenarios,cost,76934.0,84180.0,7246.0,True
1,PTHW,52,0.01,1000.0,all_scenarios,cost,147434.0,161680.0,14246.0,True
1,PTHW,52,0.03,10.0,all_scenarios,cost,3361.0,3481.0,120.0,True
1,PTHW,52,0.03,50.0,all_scenarios,cost,12320.0,13425.0,1105.0,True
1,PTHW,52,0.03,100.0,all_scenarios,cost,20562.0,21416.0,854.0,True
1,PTHW,52,0.03,500.0,all_scenarios,cost,68487.0,71479.0,2992.0,True
1,PTHW,52,0.03,1000.0,all_scenarios,cost,123987.0,129479.0,5492.0,True
1,PTHW,52,0.05,10.0,all_scenarios,cost,3361.0,3481.0,120.0,True
1,PTHW,52,0.05,50.0,all_scenarios,cost,12320.0,13425.0,1105.0,True
1,PTHW,52,0.05,100.0,all_scenarios,cost,20562.0,21416.0,854.0,True
1,PTHW,52,0.05,500.0,all_scenarios,cost,68487.0,71479.0,2992.0,True
1,PTHW,52,0.05,1000.0,all_scenarios,cost,123987.0,129400.0,5413.0,True
1,PTHW,52,0.1,10.0,all_scenarios,cost,3361.0,3481.0,120.0,True
1,PTHW,52,0.1,50.0,all_scenarios,cost,12320.0,13425.0,1105.0,True
1,PTHW,52,0.1,100.0,all_scenarios,cost,20562.0,21416.0,854.0,True
1,PTHW,52,0.1,500.0,all_scenarios,cost,68487.0,71479.0,2992.0,True
1,PTHW,52,0.1,1000.0,all_scenarios,cost,123987.0,129400.0,5413.0,True
1,PTHW,62,0.01,10.0,all_scenarios,cost,3383.0,3285.0,-98.0,True
1,PTHW,62,0.01,50.0,all_scenarios,cost,13309.0,12883.0,-426.0,True
1,PTHW,62,0.01,100.0,all_scenarios,cost,21777.0,22200.0,423.0,True
1,PTHW,62,0.01,500.0,all_scenarios,cost,83137.0,91800.0,8663.0,True
1,PTHW,62,0.01,1000.0,all_scenarios,cost,159637.0,178800.0,19163.0,True
1,PTHW,62,0.03,10.0,all_scenarios,cost,3383.0,3285.0,-98.0,True
1,PTHW,62,0.03,50.0,all_scenarios,cost,13309.0,12883.0,-426.0,True
1,PTHW,62,0.03,100.0,all_scenarios,cost,21777.0,21954.0,177.0,True
1,PTHW,62,0.03,500.0,all_scenarios,cost,78906.0,72792.0,-6114.0,True
1,PTHW,62,0.03,1000.0,all_scenarios,cost,145906.0,135076.0,-10830.0,True
1,PTHW,62,0.05,10.0,all_scenarios,cost,3383.0,3285.0,-98.0,True
1,PTHW,62,0.05,50.0,all_scenarios,cost,13309.0,12883.0,-426.0,True
1,PTHW,62,0.05,100.0,all_scenarios,cost,21777.0,21954.0,177.0,True
1,PTHW,62,0.05,500.0,all_scenarios,cost,78906.0,72792.0,-6114.0,True
1,PTHW,62,0.05,1000.0,all_scenarios,cost,145906.0,135076.0,-10830.0,True
1,PTHW,62,0.1,10.0,all_scenarios,cost,3383.0,3285.0,-98.0,True
1,PTHW,62,0.1,50.0,all_scenarios,cost,13309.0,12883.0,-426.0,True
1,PTHW,62,0.1,100.0,all_scenarios,cost,21777.0,21954.0,177.0,True
1,PTHW,62,0.1,500.0,all_scenarios,cost,78906.0,72792.0,-6114.0,True
1,PTHW,62,0.1,1000.0,all_scenarios,cost,145906.0,135076.0,-10830.0,True
1,PTHW,72,0.01,10.0,all_scenarios,cost,3673.0,3896.0,223.0,True
1,PTHW,72,0.01,50.0,all_scenarios,cost,17724.0,13970.0,-3754.0,True
1,PTHW,72,0.01,100.0,all_scenarios,cost,27849.0,23614.0,-4235.0,True
1,PTHW,72,0.01,500.0,all_scenarios,cost,115049.0,91214.0,-23835.0,True
1,PTHW,72,0.01,1000.0,all_scenarios,cost,224049.0,175714.0,-48335.0,True
1,PTHW,72,0.03,10.0,all_scenarios,cost,3673.0,3896.0,223.0,True
1,PTHW,72,0.03,50.0,all_scenarios,cost,17724.0,13970.0,-3754.0,True
1,PTHW,72,0.03,100.0,all_scenarios,cost,26982.0,23614.0,-3368.0,True
1,PTHW,72,0.03,500.0,all_scenarios,cost,101949.0,90306.0,-11643.0,True
1,PTHW,72,0.03,1000.0,all_scenarios,cost,192949.0,166860.0,-26089.0,True
1,PTHW,72,0.05,10.0,all_scenarios,cost,3673.0,3896.0,223.0,True
1,PTHW,72,0.05,50.0,all_scenarios,cost,17724.0,13970.0,-3754.0,True
1,PTHW,72,0.05,100.0,all_scenarios,cost,26982.0,23614.0,-3368.0,True
1,PTHW,72,0.05,500.0,all_scenarios,cost,101949.0,90306.0,-11643.0,True
1,PTHW,72,0.05,1000.0,all_scenarios,cost,192949.0,166860.0,-26089.0,True
1,PTHW,72,0.1,10.0,all_scenarios,cost,3673.0,3896.0,223.0,True
1,PTHW,72,0.1,50.0,all_scenarios,cost,17724.0,13970.0,-3754.0,True
1,PTHW,72,0.1,100.0,all_scenarios,cost,26982.0,23614.0,-3368.0,True
1,PTHW,72,0.1,500.0,all_scenarios,cost,101949.0,90306.0,-11643.0,True
1,PTHW,72,0.1,1000.0,all_scenarios,cost,192949.0,166860.0,-26089.0,True
1,PTHW,82,0.01,10.0,all_scenarios,cost,3435.0,3683.0,248.0,True
1,PTHW,82,0.01,50.0,all_scenarios,cost,13849.0,14068.0,219.0,True
1,PTHW,82,0.01,100.0,all_scenarios,cost,23117.0,24154.0,1037.0,True
1,PTHW,82,0.01,500.0,all_scenarios,cost,93610.0,97354.0,3744.0,True
1,PTHW,82,0.01,1000.0,all_scenarios,cost,181610.0,188854.0,7244.0,True
1,PTHW,82,0.03,10.0,all_scenarios,cost,3435.0,3683.0,248.0,True
1,PTHW,82,0.03,50.0,all_scenarios,cost,13849.0,14068.0,219.0,True
1,PTHW,82,0.03,100.0,all_scenarios,cost,21796.0,21265.0,-531.0,True
1,PTHW,82,0.03,500.0,all_scenarios,cost,66672.0,67198.0,526.0,True
1,PTHW,82,0.03,1000.0,all_scenarios,cost,124814.0,124698.0,-116.0,True
1,PTHW,82,0.05,10.0,all_scenarios,cost,3435.0,3683.0,248.0,True
1,PTHW,82,0.05,50.0,all_scenarios,cost,13849.0,14068.0,219.0,True
1,PTHW,82,0.05,100.0,all_scenarios,cost,21796.0,21265.0,-531.0,True
1,PTHW,82,0.05,500.0,all_scenarios,cost,66672.0,67198.0,526.0,True
1,PTHW,82,0.05,1000.0,all_scenarios,cost,124814.0,124698.0,-116.0,True
1,PTHW,82,0.1,10.0,all_scenarios,cost,3435.0,3683.0,248.0,True
1,PTHW,82,0.1,50.0,all_scenarios,cost,13849.0,14068.0,219.0,True
1,PTHW,82,0.1,100.0,all_scenarios,cost,21796.0,21265.0,-531.0,True
1,PTHW,82,0.1,500.0,all_scenarios,cost,66672.0,67198.0,526.0,True
1,PTHW,82,0.1,1000.0,all_scenarios,cost,124814.0,124698.0,-116.0,True
1,PTHW5,42,0.03,100.0,all_scenarios,cost,21538.0,23026.0,1488.0,True
1,PTHW5,52,0.03,100.0,all_scenarios,cost,26674.0,22927.0,-3747.0,True
1,PTHW5,62,0.03,100.0,all_scenarios,cost,21849.0,42218.0,20369.0,True
1,PTHW5,72,0.03,100.0,all_scenarios,cost,26709.0,25800.0,-909.0,True
1,PTHW5,82,0.03,100.0,all_scenarios,cost,27490.0,26398.0,-1092.0,True
2,P0,42,0.01,10.0,all_scenarios,cost,2701.0,2752.0,51.0,True
2,P0,42,0.01,50.0,all_scenarios,cost,13381.0,13281.0,-100.0,True
2,P0,42,0.01,100.0,all_scenarios,cost,26731.0,26431.0,-300.0,True
2,P0,42,0.01,500.0,all_scenarios,cost,133531.0,130820.0,-2711.0,True
2,P0,42,0.01,1000.0,all_scenarios,cost,268247.0,259820.0,-8427.0,True
2,P0,42,0.03,10.0,all_scenarios,cost,2701.0,2752.0,51.0,True
2,P0,42,0.03,50.0,all_scenarios,cost,13381.0,13281.0,-100.0,True
2,P0,42,0.03,100.0,all_scenarios,cost,26731.0,26431.0,-300.0,True
2,P0,42,0.03,500.0,all_scenarios,cost,132356.0,124963.0,-7393.0,True
2,P0,42,0.03,1000.0,all_scenarios,cost,251856.0,236963.0,-14893.0,True
2,P0,42,0.05,10.0,all_scenarios,cost,2701.0,2752.0,51.0,True
2,P0,42,0.05,50.0,all_scenarios,cost,13381.0,13281.0,-100.0,True
2,P0,42,0.05,100.0,all_scenarios,cost,26731.0,26431.0,-300.0,True
2,P0,42,0.05,500.0,all_scenarios,cost,127558.0,122340.0,-5218.0,True
2,P0,42,0.05,1000.0,all_scenarios,cost,230861.0,218840.0,-12021.0,True
2,P0,42,0.1,10.0,all_scenarios,cost,2701.0,2752.0,51.0,True
2,P0,42,0.1,50.0,all_scenarios,cost,13381.0,13281.0,-100.0,True
2,P0,42,0.1,100.0,all_scenarios,cost,26731.0,26431.0,-300.0,True
2,P0,42,0.1,500.0,all_scenarios,cost,112569.0,106158.0,-6411.0,True
2,P0,42,0.1,1000.0,all_scenarios,cost,166069.0,154658.0,-11411.0,True
2,P0,52,0.01,10.0,all_scenarios,cost,2812.0,2789.0,-23.0,True
2,P0,52,0.01,50.0,all_scenarios,cost,14052.0,13869.0,-183.0,True
2,P0,52,0.01,100.0,all_scenarios,cost,27197.0,27719.0,522.0,True
2,P0,52,0.01,500.0,all_scenarios,cost,134896.0,134312.0,-584.0,True
2,P0,52,0.01,1000.0,all_scenarios,cost,266396.0,262312.0,-4084.0,True
2,P0,52,0.03,10.0,all_scenarios,cost,2812.0,2789.0,-23.0,True
2,P0,52,0.03,50.0,all_scenarios,cost,14052.0,13869.0,-183.0,True
2,P0,52,0.03,100.0,all_scenarios,cost,27197.0,27719.0,522.0,True
2,P0,52,0.03,500.0,all_scenarios,cost,134896.0,134312.0,-584.0,True
2,P0,52,0.03,1000.0,all_scenarios,cost,266396.0,262312.0,-4084.0,True
2,P0,52,0.05,10.0,all_scenarios,cost,2812.0,2789.0,-23.0,True
2,P0,52,0.05,50.0,all_scenarios,cost,14052.0,13869.0,-183.0,True
2,P0,52,0.05,100.0,all_scenarios,cost,27197.0,27719.0,522.0,True
2,P0,52,0.05,500.0,all_scenarios,cost,129616.0,112611.0,-17005.0,True
2,P0,52,0.05,1000.0,all_scenarios,cost,234613.0,199111.0,-35502.0,True
2,P0,52,0.1,10.0,all_scenarios,cost,2812.0,2789.0,-23.0,True
2,P0,52,0.1,50.0,all_scenarios,cost,14052.0,13869.0,-183.0,True
2,P0,52,0.1,100.0,all_scenarios,cost,27197.0,27719.0,522.0,True
2,P0,52,0.1,500.0,all_scenarios,cost,115086.0,109645.0,-5441.0,True
2,P0,52,0.1,1000.0,all_scenarios,cost,171586.0,162145.0,-9441.0,True
2,P0,62,0.01,10.0,all_scenarios,cost,2698.0,2752.0,54.0,True
2,P0,62,0.01,50.0,all_scenarios,cost,13378.0,13752.0,374.0,True
2,P0,62,0.01,100.0,all_scenarios,cost,26543.0,26609.0,66.0,True
2,P0,62,0.01,500.0,all_scenarios,cost,131578.0,129973.0,-1605.0,True
2,P0,62,0.01,1000.0,all_scenarios,cost,261578.0,256973.0,-4605.0,True
2,P0,62,0.03,10.0,all_scenarios,cost,2698.0,2752.0,54.0,True
2,P0,62,0.03,50.0,all_scenarios,cost,13378.0,13752.0,374.0,True
2,P0,62,0.03,100.0,all_scenarios,cost,26543.0,26609.0,66.0,True
2,P0,62,0.03,500.0,all_scenarios,cost,128920.0,129973.0,1053.0,True
2,P0,62,0.03,1000.0,all_scenarios,cost,244920.0,256973.0,12053.0,True
2,P0,62,0.05,10.0,all_scenarios,cost,2698.0,2752.0,54.0,True
2,P0,62,0.05,50.0,all_scenarios,cost,13378.0,13752.0,374.0,True
2,P0,62,0.05,100.0,all_scenarios,cost,26543.0,26609.0,66.0,True
2,P0,62,0.05,500.0,all_scenarios,cost,122966.0,126346.0,3380.0,True
2,P0,62,0.05,1000.0,all_scenarios,cost,221966.0,235704.0,13738.0,True
2,P0,62,0.1,10.0,all_scenarios,cost,2698.0,2752.0,54.0,True
2,P0,62,0.1,50.0,all_scenarios,cost,13378.0,13752.0,374.0,True
2,P0,62,0.1,100.0,all_scenarios,cost,26543.0,26609.0,66.0,True
2,P0,62,0.1,500.0,all_scenarios,cost,110642.0,120938.0,10296.0,True
2,P0,62,0.1,1000.0,all_scenarios,cost,167142.0,181651.0,14509.0,True
2,P0,72,0.01,10.0,all_scenarios,cost,2752.0,2700.0,-52.0,True
2,P0,72,0.01,50.0,all_scenarios,cost,13784.0,13279.0,-505.0,True
2,P0,72,0.01,100.0,all_scenarios,cost,27534.0,26429.0,-1105.0,True
2,P0,72,0.01,500.0,all_scenarios,cost,131725.0,131677.0,-48.0,True
2,P0,72,0.01,1000.0,all_scenarios,cost,262725.0,262677.0,-48.0,True
2,P0,72,0.03,10.0,all_scenarios,cost,2752.0,2700.0,-52.0,True
2,P0,72,0.03,50.0,all_scenarios,cost,13784.0,13279.0,-505.0,True
2,P0,72,0.03,100.0,all_scenarios,cost,27534.0,26429.0,-1105.0,True
2,P0,72,0.03,500.0,all_scenarios,cost,129629.0,128256.0,-1373.0,True
2,P0,72,0.03,1000.0,all_scenarios,cost,246629.0,244756.0,-1873.0,True
2,P0,72,0.05,10.0,all_scenarios,cost,2752.0,2700.0,-52.0,True
2,P0,72,0.05,50.0,all_scenarios,cost,13784.0,13279.0,-505.0,True
2,P0,72,0.05,100.0,all_scenarios,cost,27534.0,26429.0,-1105.0,True
2,P0,72,0.05,500.0,all_scenarios,cost,124833.0,116083.0,-8750.0,True
2,P0,72,0.05,1000.0,all_scenarios,cost,223833.0,206583.0,-17250.0,True
2,P0,72,0.1,10.0,all_scenarios,cost,2752.0,2700.0,-52.0,True
2,P0,72,0.1,50.0,all_scenarios,cost,13784.0,13279.0,-505.0,True
2,P0,72,0.1,100.0,all_scenarios,cost,27534.0,26429.0,-1105.0,True
2,P0,72,0.1,500.0,all_scenarios,cost,115552.0,102620.0,-12932.0,True
2,P0,72,0.1,1000.0,all_scenarios,cost,172552.0,151270.0,-21282.0,True
2,P0,82,0.01,10.0,all_scenarios,cost,2752.0,2812.0,60.0,True
2,P0,82,0.01,50.0,all_scenarios,cost,13752.0,14084.0,332.0,True
2,P0,82,0.01,100.0,all_scenarios,cost,27502.0,28134.0,632.0,True
2,P0,82,0.01,500.0,all_scenarios,cost,131864.0,134801.0,2937.0,True
2,P0,82,0.01,1000.0,all_scenarios,cost,262560.0,267801.0,5241.0,True
2,P0,82,0.03,10.0,all_scenarios,cost,2752.0,2812.0,60.0,True
2,P0,82,0.03,50.0,all_scenarios,cost,13752.0,14084.0,332.0,True
2,P0,82,0.03,100.0,all_scenarios,cost,27502.0,28134.0,632.0,True
2,P0,82,0.03,500.0,all_scenarios,cost,131864.0,129945.0,-1919.0,True
2,P0,82,0.03,1000.0,all_scenarios,cost,262560.0,246945.0,-15615.0,True
2,P0,82,0.05,10.0,all_scenarios,cost,2752.0,2812.0,60.0,True
2,P0,82,0.05,50.0,all_scenarios,cost,13752.0,14084.0,332.0,True
2,P0,82,0.05,100.0,all_scenarios,cost,27502.0,28134.0,632.0,True
2,P0,82,0.05,500.0,all_scenarios,cost,124179.0,121873.0,-2306.0,True
2,P0,82,0.05,1000.0,all_scenarios,cost,223179.0,219873.0,-3306.0,True
2,P0,82,0.1,10.0,all_scenarios,cost,2752.0,2812.0,60.0,True
2,P0,82,0.1,50.0,all_scenarios,cost,13752.0,14084.0,332.0,True
2,P0,82,0.1,100.0,all_scenarios,cost,27502.0,28134.0,632.0,True
2,P0,82,0.1,500.0,all_scenarios,cost,112063.0,113528.0,1465.0,True
2,P0,82,0.1,1000.0,all_scenarios,cost,158982.0,165134.0,6152.0,True
2,PH,42,0.03,100.0,all_scenarios,cost,19381.0,20981.0,1600.0,True
2,PH,52,0.03,100.0,all_scenarios,cost,26448.0,19204.0,-7244.0,True
2,PH,62,0.03,100.0,all_scenarios,cost,19443.0,19869.0,426.0,True
2,PH,72,0.03,100.0,all_scenarios,cost,22250.0,20649.0,-1601.0,True
2,PH,82,0.03,100.0,all_scenarios,cost,20335.0,19493.0,-842.0,True
2,PT,42,0.03,100.0,all_scenarios,cost,21431.0,23719.0,2288.0,True
2,PT,52,0.03,100.0,all_scenarios,cost,21532.0,21109.0,-423.0,True
2,PT,62,0.03,100.0,all_scenarios,cost,21357.0,22850.0,1493.0,True
2,PT,72,0.03,100.0,all_scenarios,cost,22872.0,22870.0,-2.0,True
2,PT,82,0.03,100.0,all_scenarios,cost,21287.0,22159.0,872.0,True
2,PTH,42,0.03,100.0,all_scenarios,cost,20089.0,17665.0,-2424.0,True
2,PTH,52,0.03,100.0,all_scenarios,cost,19446.0,18265.0,-1181.0,True
2,PTH,62,0.03,100.0,all_scenarios,cost,18638.0,17408.0,-1230.0,True
2,PTH,72,0.03,100.0,all_scenarios,cost,18197.0,19330.0,1133.0,True
2,PTH,82,0.03,100.0,all_scenarios,cost,18262.0,19002.0,740.0,True
2,PTHW,42,0.01,10.0,all_scenarios,cost,2569.0,2371.0,-198.0,True
2,PTHW,42,0.01,50.0,all_scenarios,cost,10587.0,11558.0,971.0,True
2,PTHW,42,0.01,100.0,all_scenarios,cost,17737.0,19640.0,1903.0,True
2,PTHW,42,0.01,500.0,all_scenarios,cost,74937.0,84341.0,9404.0,True
2,PTHW,42,0.01,1000.0,all_scenarios,cost,146437.0,165341.0,18904.0,True
2,PTHW,42,0.03,10.0,all_scenarios,cost,2569.0,2371.0,-198.0,True
2,PTHW,42,0.03,50.0,all_scenarios,cost,10575.0,11558.0,983.0,True
2,PTHW,42,0.03,100.0,all_scenarios,cost,16627.0,16452.0,-175.0,True
2,PTHW,42,0.03,500.0,all_scenarios,cost,54994.0,52215.0,-2779.0,True
2,PTHW,42,0.03,1000.0,all_scenarios,cost,101494.0,99779.0,-1715.0,True
2,PTHW,42,0.05,10.0,all_scenarios,cost,2569.0,2371.0,-198.0,True
2,PTHW,42,0.05,50.0,all_scenarios,cost,10575.0,11558.0,983.0,True
2,PTHW,42,0.05,100.0,all_scenarios,cost,16627.0,16452.0,-175.0,True
2,PTHW,42,0.05,500.0,all_scenarios,cost,54994.0,52215.0,-2779.0,True
2,PTHW,42,0.05,1000.0,all_scenarios,cost,101494.0,99665.0,-1829.0,True
2,PTHW,42,0.1,10.0,all_scenarios,cost,2569.0,2371.0,-198.0,True
2,PTHW,42,0.1,50.0,all_scenarios,cost,10575.0,11558.0,983.0,True
2,PTHW,42,0.1,100.0,all_scenarios,cost,16627.0,16452.0,-175.0,True
2,PTHW,42,0.1,500.0,all_scenarios,cost,54994.0,52215.0,-2779.0,True
2,PTHW,42,0.1,1000.0,all_scenarios,cost,101494.0,99665.0,-1829.0,True
2,PTHW,52,0.01,10.0,all_scenarios,cost,3154.0,2927.0,-227.0,True
2,PTHW,52,0.01,50.0,all_scenarios,cost,12155.0,11487.0,-668.0,True
2,PTHW,52,0.01,100.0,all_scenarios,cost,23405.0,22187.0,-1218.0,True
2,PTHW,52,0.01,500.0,all_scenarios,cost,102095.0,107599.0,5504.0,True
2,PTHW,52,0.01,1000.0,all_scenarios,cost,201595.0,213599.0,12004.0,True
2,PTHW,52,0.03,10.0,all_scenarios,cost,3154.0,2927.0,-227.0,True
2,PTHW,52,0.03,50.0,all_scenarios,cost,12155.0,11487.0,-668.0,True
2,PTHW,52,0.03,100.0,all_scenarios,cost,19244.0,18740.0,-504.0,True
2,PTHW,52,0.03,500.0,all_scenarios,cost,60467.0,57513.0,-2954.0,True
2,PTHW,52,0.03,1000.0,all_scenarios,cost,111148.0,104013.0,-7135.0,True
2,PTHW,52,0.05,10.0,all_scenarios,cost,3154.0,2927.0,-227.0,True
2,PTHW,52,0.05,50.0,all_scenarios,cost,12155.0,11487.0,-668.0,True
2,PTHW,52,0.05,100.0,all_scenarios,cost,19244.0,18740.0,-504.0,True
2,PTHW,52,0.05,500.0,all_scenarios,cost,60467.0,57513.0,-2954.0,True
2,PTHW,52,0.05,1000.0,all_scenarios,cost,111148.0,104953.0,-6195.0,True
2,PTHW,52,0.1,10.0,all_scenarios,cost,3154.0,2927.0,-227.0,True
2,PTHW,52,0.1,50.0,all_scenarios,cost,12155.0,11487.0,-668.0,True
2,PTHW,52,0.1,100.0,all_scenarios,cost,19244.0,18740.0,-504.0,True
2,PTHW,52,0.1,500.0,all_scenarios,cost,60467.0,57513.0,-2954.0,True
2,PTHW,52,0.1,1000.0,all_scenarios,cost,111148.0,104953.0,-6195.0,True
2,PTHW,62,0.01,10.0,all_scenarios,cost,3120.0,3120.0,0.0,False
2,PTHW,62,0.01,50.0,all_scenarios,cost,11767.0,10680.0,-1087.0,True
2,PTHW,62,0.01,100.0,all_scenarios,cost,19357.0,16930.0,-2427.0,True
2,PTHW,62,0.01,500.0,all_scenarios,cost,80157.0,66930.0,-13227.0,True
2,PTHW,62,0.01,1000.0,all_scenarios,cost,156157.0,129430.0,-26727.0,True
2,PTHW,62,0.03,10.0,all_scenarios,cost,3120.0,3120.0,0.0,False
2,PTHW,62,0.03,50.0,all_scenarios,cost,11833.0,10680.0,-1153.0,True
2,PTHW,62,0.03,100.0,all_scenarios,cost,18131.0,16603.0,-1528.0,True
2,PTHW,62,0.03,500.0,all_scenarios,cost,59331.0,55678.0,-3653.0,True
2,PTHW,62,0.03,1000.0,all_scenarios,cost,107325.0,104178.0,-3147.0,True
2,PTHW,62,0.05,10.0,all_scenarios,cost,3120.0,3120.0,0.0,False
2,PTHW,62,0.05,50.0,all_scenarios,cost,11833.0,10680.0,-1153.0,True
2,PTHW,62,0.05,100.0,all_scenarios,cost,18131.0,16603.0,-1528.0,True
2,PTHW,62,0.05,500.0,all_scenarios,cost,59331.0,55678.0,-3653.0,True
2,PTHW,62,0.05,1000.0,all_scenarios,cost,107325.0,104178.0,-3147.0,True
2,PTHW,62,0.1,10.0,all_scenarios,cost,3120.0,3120.0,0.0,False
2,PTHW,62,0.1,50.0,all_scenarios,cost,11833.0,10680.0,-1153.0,True
2,PTHW,62,0.1,100.0,all_scenarios,cost,18131.0,16603.0,-1528.0,True
2,PTHW,62,0.1,500.0,all_scenarios,cost,59331.0,55678.0,-3653.0,True
2,PTHW,62,0.1,1000.0,all_scenarios,cost,107325.0,104178.0,-3147.0,True
2,PTHW,72,0.01,10.0,all_scenarios,cost,3120.0,3120.0,0.0,False
2,PTHW,72,0.01,50.0,all_scenarios,cost,13241.0,13742.0,501.0,True
2,PTHW,72,0.01,100.0,all_scenarios,cost,23894.0,22669.0,-1225.0,True
2,PTHW,72,0.01,500.0,all_scenarios,cost,102694.0,94834.0,-7860.0,True
2,PTHW,72,0.01,1000.0,all_scenarios,cost,201194.0,184834.0,-16360.0,True
2,PTHW,72,0.03,10.0,all_scenarios,cost,3120.0,3120.0,0.0,False
2,PTHW,72,0.03,50.0,all_scenarios,cost,13241.0,13742.0,501.0,True
2,PTHW,72,0.03,100.0,all_scenarios,cost,19765.0,20527.0,762.0,True
2,PTHW,72,0.03,500.0,all_scenarios,cost,66571.0,55204.0,-11367.0,True
2,PTHW,72,0.03,1000.0,all_scenarios,cost,122792.0,94199.0,-28593.0,True
2,PTHW,72,0.05,10.0,all_scenarios,cost,3120.0,3120.0,0.0,False
2,PTHW,72,0.05,50.0,all_scenarios,cost,13241.0,13742.0,501.0,True
2,PTHW,72,0.05,100.0,all_scenarios,cost,19765.0,20527.0,762.0,True
2,PTHW,72,0.05,500.0,all_scenarios,cost,66571.0,55204.0,-11367.0,True
2,PTHW,72,0.05,1000.0,all_scenarios,cost,122792.0,99258.0,-23534.0,True
2,PTHW,72,0.1,10.0,all_scenarios,cost,3120.0,3120.0,0.0,False
2,PTHW,72,0.1,50.0,all_scenarios,cost,13241.0,13742.0,501.0,True
2,PTHW,72,0.1,100.0,all_scenarios,cost,19765.0,20527.0,762.0,True
2,PTHW,72,0.1,500.0,all_scenarios,cost,66571.0,55204.0,-11367.0,True
2,PTHW,72,0.1,1000.0,all_scenarios,cost,122792.0,99258.0,-23534.0,True
2,PTHW,82,0.01,10.0,all_scenarios,cost,2447.0,2877.0,430.0,True
2,PTHW,82,0.01,50.0,all_scenarios,cost,11526.0,11308.0,-218.0,True
2,PTHW,82,0.01,100.0,all_scenarios,cost,22353.0,20338.0,-2015.0,True
2,PTHW,82,0.01,500.0,all_scenarios,cost,89754.0,83538.0,-6216.0,True
2,PTHW,82,0.01,1000.0,all_scenarios,cost,174754.0,162538.0,-12216.0,True
2,PTHW,82,0.03,10.0,all_scenarios,cost,2447.0,2877.0,430.0,True
2,PTHW,82,0.03,50.0,all_scenarios,cost,11526.0,11308.0,-218.0,True
2,PTHW,82,0.03,100.0,all_scenarios,cost,19322.0,15901.0,-3421.0,True
2,PTHW,82,0.03,500.0,all_scenarios,cost,61389.0,46903.0,-14486.0,True
2,PTHW,82,0.03,1000.0,all_scenarios,cost,111389.0,84403.0,-26986.0,True
2,PTHW,82,0.05,10.0,all_scenarios,cost,2447.0,2877.0,430.0,True
2,PTHW,82,0.05,50.0,all_scenarios,cost,11526.0,11308.0,-218.0,True
2,PTHW,82,0.05,100.0,all_scenarios,cost,19322.0,15901.0,-3421.0,True
2,PTHW,82,0.05,500.0,all_scenarios,cost,61389.0,46903.0,-14486.0,True
2,PTHW,82,0.05,1000.0,all_scenarios,cost,111389.0,84403.0,-26986.0,True
2,PTHW,82,0.1,10.0,all_scenarios,cost,2447.0,2877.0,430.0,True
2,PTHW,82,0.1,50.0,all_scenarios,cost,11526.0,11308.0,-218.0,True
2,PTHW,82,0.1,100.0,all_scenarios,cost,19322.0,15901.0,-3421.0,True
2,PTHW,82,0.1,500.0,all_scenarios,cost,61389.0,46903.0,-14486.0,True
2,PTHW,82,0.1,1000.0,all_scenarios,cost,111389.0,84403.0,-26986.0,True
2,PTHW5,42,0.03,100.0,all_scenarios,cost,16813.0,19929.0,3116.0,True
2,PTHW5,52,0.03,100.0,all_scenarios,cost,20332.0,22323.0,1991.0,True
2,PTHW5,62,0.03,100.0,all_scenarios,cost,19906.0,19779.0,-127.0,True
2,PTHW5,72,0.03,100.0,all_scenarios,cost,20077.0,17886.0,-2191.0,True
2,PTHW5,82,0.03,100.0,all_scenarios,cost,17636.0,16179.0,-1457.0,True
3,P0,42,0.01,10.0,all_scenarios,cost,30676.0,31393.0,717.0,True
3,P0,42,0.01,50.0,all_scenarios,cost,150944.0,140196.0,-10748.0,True
3,P0,42,0.01,100.0,all_scenarios,cost,257216.0,267681.0,10465.0,True
3,P0,42,0.01,500.0,all_scenarios,cost,1247815.0,1295940.0,48125.0,True
3,P0,42,0.01,1000.0,all_scenarios,cost,2489815.0,2586440.0,96625.0,True
3,P0,42,0.03,10.0,all_scenarios,cost,30676.0,31393.0,717.0,True
3,P0,42,0.03,50.0,all_scenarios,cost,150944.0,140196.0,-10748.0,True
3,P0,42,0.03,100.0,all_scenarios,cost,257216.0,267681.0,10465.0,True
3,P0,42,0.03,500.0,all_scenarios,cost,1051329.0,1048001.0,-3328.0,True
3,P0,42,0.03,1000.0,all_scenarios,cost,2048013.0,2076501.0,28488.0,True
3,P0,42,0.05,10.0,all_scenarios,cost,30676.0,31393.0,717.0,True
3,P0,42,0.05,50.0,all_scenarios,cost,150944.0,140196.0,-10748.0,True
3,P0,42,0.05,100.0,all_scenarios,cost,257216.0,267681.0,10465.0,True
3,P0,42,0.05,500.0,all_scenarios,cost,930883.0,904693.0,-26190.0,True
3,P0,42,0.05,1000.0,all_scenarios,cost,1660571.0,1772743.0,112172.0,True
3,P0,42,0.1,10.0,all_scenarios,cost,30676.0,31393.0,717.0,True
3,P0,42,0.1,50.0,all_scenarios,cost,150944.0,140196.0,-10748.0,True
3,P0,42,0.1,100.0,all_scenarios,cost,257216.0,267681.0,10465.0,True
3,P0,42,0.1,500.0,all_scenarios,cost,532067.0,565253.0,33186.0,True
3,P0,42,0.1,1000.0,all_scenarios,cost,1000567.0,1068253.0,67686.0,True
3,P0,52,0.01,10.0,all_scenarios,cost,30627.0,30657.0,30.0,True
3,P0,52,0.01,50.0,all_scenarios,cost,136864.0,137093.0,229.0,True
3,P0,52,0.01,100.0,all_scenarios,cost,271264.0,262031.0,-9233.0,True
3,P0,52,0.01,500.0,all_scenarios,cost,1282347.0,1245686.0,-36661.0,True
3,P0,52,0.01,1000.0,all_scenarios,cost,2558847.0,2485686.0,-73161.0,True
3,P0,52,0.03,10.0,all_scenarios,cost,30627.0,30657.0,30.0,True
3,P0,52,0.03,50.0,all_scenarios,cost,136864.0,137093.0,229.0,True
3,P0,52,0.03,100.0,all_scenarios,cost,271264.0,262031.0,-9233.0,True
3,P0,52,0.03,500.0,all_scenarios,cost,1007155.0,1033106.0,25951.0,True
3,P0,52,0.03,1000.0,all_scenarios,cost,1995155.0,2048606.0,53451.0,True
3,P0,52,0.05,10.0,all_scenarios,cost,30627.0,30657.0,30.0,True
3,P0,52,0.05,50.0,all_scenarios,cost,136864.0,137093.0,229.0,True
3,P0,52,0.05,100.0,all_scenarios,cost,271264.0,262031.0,-9233.0,True
3,P0,52,0.05,500.0,all_scenarios,cost,810573.0,844318.0,33745.0,True
3,P0,52,0.05,1000.0,all_scenarios,cost,1588573.0,1656818.0,68245.0,True
3,P0,52,0.1,10.0,all_scenarios,cost,30627.0,30657.0,30.0,True
3,P0,52,0.1,50.0,all_scenarios,cost,136864.0,137093.0,229.0,True
3,P0,52,0.1,100.0,all_scenarios,cost,271264.0,262031.0,-9233.0,True
3,P0,52,0.1,500.0,all_scenarios,cost,540308.0,552194.0,11886.0,True
3,P0,52,0.1,1000.0,all_scenarios,cost,972468.0,972252.0,-216.0,True
3,P0,62,0.01,10.0,all_scenarios,cost,32851.0,30725.0,-2126.0,True
3,P0,62,0.01,50.0,all_scenarios,cost,161755.0,151104.0,-10651.0,True
3,P0,62,0.01,100.0,all_scenarios,cost,323405.0,255549.0,-67856.0,True
3,P0,62,0.01,500.0,all_scenarios,cost,1451596.0,1255949.0,-195647.0,True
3,P0,62,0.01,1000.0,all_scenarios,cost,2897096.0,2506449.0,-390647.0,True
3,P0,62,0.03,10.0,all_scenarios,cost,32851.0,30725.0,-2126.0,True
3,P0,62,0.03,50.0,all_scenarios,cost,161755.0,151104.0,-10651.0,True
3,P0,62,0.03,100.0,all_scenarios,cost,266867.0,255549.0,-11318.0,True
3,P0,62,0.03,500.0,all_scenarios,cost,1086501.0,1004757.0,-81744.0,True
3,P0,62,0.03,1000.0,all_scenarios,cost,2153501.0,1990757.0,-162744.0,True
3,P0,62,0.05,10.0,all_scenarios,cost,32851.0,30725.0,-2126.0,True
3,P0,62,0.05,50.0,all_scenarios,cost,161755.0,151104.0,-10651.0,True
3,P0,62,0.05,100.0,all_scenarios,cost,266867.0,255549.0,-11318.0,True
3,P0,62,0.05,500.0,all_scenarios,cost,963508.0,825759.0,-137749.0,True
3,P0,62,0.05,1000.0,all_scenarios,cost,1859505.0,1620259.0,-239246.0,True
3,P0,62,0.1,10.0,all_scenarios,cost,32851.0,30725.0,-2126.0,True
3,P0,62,0.1,50.0,all_scenarios,cost,161755.0,151104.0,-10651.0,True
3,P0,62,0.1,100.0,all_scenarios,cost,266867.0,255549.0,-11318.0,True
3,P0,62,0.1,500.0,all_scenarios,cost,642923.0,542913.0,-100010.0,True
3,P0,62,0.1,1000.0,all_scenarios,cost,1226423.0,977026.0,-249397.0,True
3,P0,72,0.01,10.0,all_scenarios,cost,30657.0,30744.0,87.0,True
3,P0,72,0.01,50.0,all_scenarios,cost,136360.0,137191.0,831.0,True
3,P0,72,0.01,100.0,all_scenarios,cost,269457.0,255471.0,-13986.0,True
3,P0,72,0.01,500.0,all_scenarios,cost,1306579.0,1256671.0,-49908.0,True
3,P0,72,0.01,1000.0,all_scenarios,cost,2609079.0,2508171.0,-100908.0,True
3,P0,72,0.03,10.0,all_scenarios,cost,30657.0,30744.0,87.0,True
3,P0,72,0.03,50.0,all_scenarios,cost,136360.0,137191.0,831.0,True
3,P0,72,0.03,100.0,all_scenarios,cost,269457.0,255471.0,-13986.0,True
3,P0,72,0.03,500.0,all_scenarios,cost,1049366.0,1051188.0,1822.0,True
3,P0,72,0.03,1000.0,all_scenarios,cost,2026936.0,2079908.0,52972.0,True
3,P0,72,0.05,10.0,all_scenarios,cost,30657.0,30744.0,87.0,True
3,P0,72,0.05,50.0,all_scenarios,cost,136360.0,137191.0,831.0,True
3,P0,72,0.05,100.0,all_scenarios,cost,269457.0,255471.0,-13986.0,True
3,P0,72,0.05,500.0,all_scenarios,cost,836852.0,888222.0,51370.0,True
3,P0,72,0.05,1000.0,all_scenarios,cost,1641352.0,1746222.0,104870.0,True
3,P0,72,0.1,10.0,all_scenarios,cost,30657.0,30744.0,87.0,True
3,P0,72,0.1,50.0,all_scenarios,cost,136360.0,137191.0,831.0,True
3,P0,72,0.1,100.0,all_scenarios,cost,269457.0,255471.0,-13986.0,True
3,P0,72,0.1,500.0,all_scenarios,cost,547208.0,548528.0,1320.0,True
3,P0,72,0.1,1000.0,all_scenarios,cost,986991.0,1035028.0,48037.0,True
3,P0,82,0.01,10.0,all_scenarios,cost,30782.0,30676.0,-106.0,True
3,P0,82,0.01,50.0,all_scenarios,cost,151213.0,151008.0,-205.0,True
3,P0,82,0.01,100.0,all_scenarios,cost,302313.0,264526.0,-37787.0,True
3,P0,82,0.01,500.0,all_scenarios,cost,1371186.0,1255570.0,-115616.0,True
3,P0,82,0.01,1000.0,all_scenarios,cost,2736686.0,2506070.0,-230616.0,True
3,P0,82,0.03,10.0,all_scenarios,cost,30782.0,30676.0,-106.0,True
3,P0,82,0.03,50.0,all_scenarios,cost,151213.0,151008.0,-205.0,True
3,P0,82,0.03,100.0,all_scenarios,cost,248468.0,264526.0,16058.0,True
3,P0,82,0.03,500.0,all_scenarios,cost,993074.0,1011338.0,18264.0,True
3,P0,82,0.03,1000.0,all_scenarios,cost,1967074.0,1956899.0,-10175.0,True
3,P0,82,0.05,10.0,all_scenarios,cost,30782.0,30676.0,-106.0,True
3,P0,82,0.05,50.0,all_scenarios,cost,151213.0,151008.0,-205.0,True
3,P0,82,0.05,100.0,all_scenarios,cost,248468.0,264526.0,16058.0,True
3,P0,82,0.05,500.0,all_scenarios,cost,870563.0,908736.0,38173.0,True
3,P0,82,0.05,1000.0,all_scenarios,cost,1713563.0,1609323.0,-104240.0,True
3,P0,82,0.1,10.0,all_scenarios,cost,30782.0,30676.0,-106.0,True
3,P0,82,0.1,50.0,all_scenarios,cost,151213.0,151008.0,-205.0,True
3,P0,82,0.1,100.0,all_scenarios,cost,248468.0,264526.0,16058.0,True
3,P0,82,0.1,500.0,all_scenarios,cost,538049.0,536775.0,-1274.0,True
3,P0,82,0.1,1000.0,all_scenarios,cost,1016549.0,1013775.0,-2774.0,True
3,PH,42,0.03,100.0,all_scenarios,cost,120276.0,120491.0,215.0,True
3,PH,52,0.03,100.0,all_scenarios,cost,112727.0,118900.0,6173.0,True
3,PH,62,0.03,100.0,all_scenarios,cost,126027.0,117286.0,-8741.0,True
3,PH,72,0.03,100.0,all_scenarios,cost,172835.0,124576.0,-48259.0,True
3,PH,82,0.03,100.0,all_scenarios,cost,123516.0,121919.0,-1597.0,True
3,PT,42,0.03,100.0,all_scenarios,cost,218218.0,216024.0,-2194.0,True
3,PT,52,0.03,100.0,all_scenarios,cost,220328.0,206766.0,-13562.0,True
3,PT,62,0.03,100.0,all_scenarios,cost,228387.0,205039.0,-23348.0,True
3,PT,72,0.03,100.0,all_scenarios,cost,244344.0,219561.0,-24783.0,True
3,PT,82,0.03,100.0,all_scenarios,cost,210157.0,209592.0,-565.0,True
3,PTH,42,0.03,100.0,all_scenarios,cost,98564.0,99117.0,553.0,True
3,PTH,52,0.03,100.0,all_scenarios,cost,148304.0,132123.0,-16181.0,True
3,PTH,62,0.03,100.0,all_scenarios,cost,134380.0,104942.0,-29438.0,True
3,PTH,72,0.03,100.0,all_scenarios,cost,118727.0,160429.0,41702.0,True
3,PTH,82,0.03,100.0,all_scenarios,cost,129000.0,107137.0,-21863.0,True
3,PTHW,42,0.01,10.0,all_scenarios,cost,24839.0,26203.0,1364.0,True
3,PTHW,42,0.01,50.0,all_scenarios,cost,69339.0,67522.0,-1817.0,True
3,PTHW,42,0.01,100.0,all_scenarios,cost,130539.0,99921.0,-30618.0,True
3,PTHW,42,0.01,500.0,all_scenarios,cost,512528.0,428485.0,-84043.0,True
3,PTHW,42,0.01,1000.0,all_scenarios,cost,1015028.0,843985.0,-171043.0,True
3,PTHW,42,0.03,10.0,all_scenarios,cost,24839.0,26203.0,1364.0,True
3,PTHW,42,0.03,50.0,all_scenarios,cost,69339.0,67522.0,-1817.0,True
3,PTHW,42,0.03,100.0,all_scenarios,cost,130539.0,99921.0,-30618.0,True
3,PTHW,42,0.03,500.0,all_scenarios,cost,418400.0,361137.0,-57263.0,True
3,PTHW,42,0.03,1000.0,all_scenarios,cost,743553.0,685840.0,-57713.0,True
3,PTHW,42,0.05,10.0,all_scenarios,cost,24839.0,26203.0,1364.0,True
3,PTHW,42,0.05,50.0,all_scenarios,cost,69339.0,67522.0,-1817.0,True
3,PTHW,42,0.05,100.0,all_scenarios,cost,130539.0,99921.0,-30618.0,True
3,PTHW,42,0.05,500.0,all_scenarios,cost,418400.0,361137.0,-57263.0,True
3,PTHW,42,0.05,1000.0,all_scenarios,cost,743553.0,685840.0,-57713.0,True
3,PTHW,42,0.1,10.0,all_scenarios,cost,24839.0,26203.0,1364.0,True
3,PTHW,42,0.1,50.0,all_scenarios,cost,69339.0,67522.0,-1817.0,True
3,PTHW,42,0.1,100.0,all_scenarios,cost,130539.0,99921.0,-30618.0,True
3,PTHW,42,0.1,500.0,all_scenarios,cost,418400.0,361137.0,-57263.0,True
3,PTHW,42,0.1,1000.0,all_scenarios,cost,743553.0,685840.0,-57713.0,True
3,PTHW,52,0.01,10.0,all_scenarios,cost,28978.0,29869.0,891.0,True
3,PTHW,52,0.01,50.0,all_scenarios,cost,94951.0,96232.0,1281.0,True
3,PTHW,52,0.01,100.0,all_scenarios,cost,156327.0,178782.0,22455.0,True
3,PTHW,52,0.01,500.0,all_scenarios,cost,649953.0,622879.0,-27074.0,True
3,PTHW,52,0.01,1000.0,all_scenarios,cost,1287953.0,1200879.0,-87074.0,True
3,PTHW,52,0.03,10.0,all_scenarios,cost,28978.0,29869.0,891.0,True
3,PTHW,52,0.03,50.0,all_scenarios,cost,94951.0,96232.0,1281.0,True
3,PTHW,52,0.03,100.0,all_scenarios,cost,156327.0,133050.0,-23277.0,True
3,PTHW,52,0.03,500.0,all_scenarios,cost,600731.0,461028.0,-139703.0,True
3,PTHW,52,0.03,1000.0,all_scenarios,cost,1171607.0,874528.0,-297079.0,True
3,PTHW,52,0.05,10.0,all_scenarios,cost,28978.0,29869.0,891.0,True
3,PTHW,52,0.05,50.0,all_scenarios,cost,94951.0,96232.0,1281.0,True
3,PTHW,52,0.05,100.0,all_scenarios,cost,156327.0,133050.0,-23277.0,True
3,PTHW,52,0.05,500.0,all_scenarios,cost,600731.0,461028.0,-139703.0,True
3,PTHW,52,0.05,1000.0,all_scenarios,cost,1171607.0,874528.0,-297079.0,True
3,PTHW,52,0.1,10.0,all_scenarios,cost,28978.0,29869.0,891.0,True
3,PTHW,52,0.1,50.0,all_scenarios,cost,94951.0,96232.0,1281.0,True
3,PTHW,52,0.1,100.0,all_scenarios,cost,156327.0,133050.0,-23277.0,True
3,PTHW,52,0.1,500.0,all_scenarios,cost,600731.0,461028.0,-139703.0,True
3,PTHW,52,0.1,1000.0,all_scenarios,cost,1171607.0,874528.0,-297079.0,True
3,PTHW,62,0.01,10.0,all_scenarios,cost,32532.0,27201.0,-5331.0,True
3,PTHW,62,0.01,50.0,all_scenarios,cost,94350.0,100421.0,6071.0,True
3,PTHW,62,0.01,100.0,all_scenarios,cost,145644.0,176517.0,30873.0,True
3,PTHW,62,0.01,500.0,all_scenarios,cost,621318.0,802130.0,180812.0,True
3,PTHW,62,0.01,1000.0,all_scenarios,cost,1223318.0,1593630.0,370312.0,True
3,PTHW,62,0.03,10.0,all_scenarios,cost,32532.0,27201.0,-5331.0,True
3,PTHW,62,0.03,50.0,all_scenarios,cost,94350.0,100421.0,6071.0,True
3,PTHW,62,0.03,100.0,all_scenarios,cost,145644.0,157900.0,12256.0,True
3,PTHW,62,0.03,500.0,all_scenarios,cost,534646.0,704709.0,170063.0,True
3,PTHW,62,0.03,1000.0,all_scenarios,cost,970584.0,1326601.0,356017.0,True
3,PTHW,62,0.05,10.0,all_scenarios,cost,32532.0,27201.0,-5331.0,True
3,PTHW,62,0.05,50.0,all_scenarios,cost,94350.0,100421.0,6071.0,True
3,PTHW,62,0.05,100.0,all_scenarios,cost,145644.0,157900.0,12256.0,True
3,PTHW,62,0.05,500.0,all_scenarios,cost,534646.0,704709.0,170063.0,True
3,PTHW,62,0.05,1000.0,all_scenarios,cost,970584.0,1326601.0,356017.0,True
3,PTHW,62,0.1,10.0,all_scenarios,cost,32532.0,27201.0,-5331.0,True
3,PTHW,62,0.1,50.0,all_scenarios,cost,94350.0,100421.0,6071.0,True
3,PTHW,62,0.1,100.0,all_scenarios,cost,145644.0,157900.0,12256.0,True
3,PTHW,62,0.1,500.0,all_scenarios,cost,534646.0,704709.0,170063.0,True
3,PTHW,62,0.1,1000.0,all_scenarios,cost,970584.0,1326601.0,356017.0,True
3,PTHW,72,0.01,10.0,all_scenarios,cost,27239.0,25003.0,-2236.0,True
3,PTHW,72,0.01,50.0,all_scenarios,cost,83799.0,82167.0,-1632.0,True
3,PTHW,72,0.01,100.0,all_scenarios,cost,109027.0,104141.0,-4886.0,True
3,PTHW,72,0.01,500.0,all_scenarios,cost,497427.0,475341.0,-22086.0,True
3,PTHW,72,0.01,1000.0,all_scenarios,cost,982927.0,939341.0,-43586.0,True
3,PTHW,72,0.03,10.0,all_scenarios,cost,27239.0,25003.0,-2236.0,True
3,PTHW,72,0.03,50.0,all_scenarios,cost,83799.0,82167.0,-1632.0,True
3,PTHW,72,0.03,100.0,all_scenarios,cost,97797.0,100464.0,2667.0,True
3,PTHW,72,0.03,500.0,all_scenarios,cost,417716.0,368216.0,-49500.0,True
3,PTHW,72,0.03,1000.0,all_scenarios,cost,771060.0,720216.0,-50844.0,True
3,PTHW,72,0.05,10.0,all_scenarios,cost,27239.0,25003.0,-2236.0,True
3,PTHW,72,0.05,50.0,all_scenarios,cost,83799.0,82167.0,-1632.0,True
3,PTHW,72,0.05,100.0,all_scenarios,cost,97797.0,100464.0,2667.0,True
3,PTHW,72,0.05,500.0,all_scenarios,cost,417716.0,368216.0,-49500.0,True
3,PTHW,72,0.05,1000.0,all_scenarios,cost,750171.0,720216.0,-29955.0,True
3,PTHW,72,0.1,10.0,all_scenarios,cost,27239.0,25003.0,-2236.0,True
3,PTHW,72,0.1,50.0,all_scenarios,cost,83799.0,82167.0,-1632.0,True
3,PTHW,72,0.1,100.0,all_scenarios,cost,97797.0,100464.0,2667.0,True
3,PTHW,72,0.1,500.0,all_scenarios,cost,417716.0,368216.0,-49500.0,True
3,PTHW,72,0.1,1000.0,all_scenarios,cost,750171.0,720216.0,-29955.0,True
3,PTHW,82,0.01,10.0,all_scenarios,cost,27653.0,28890.0,1237.0,True
3,PTHW,82,0.01,50.0,all_scenarios,cost,97010.0,89707.0,-7303.0,True
3,PTHW,82,0.01,100.0,all_scenarios,cost,118878.0,126517.0,7639.0,True
3,PTHW,82,0.01,500.0,all_scenarios,cost,534478.0,571717.0,37239.0,True
3,PTHW,82,0.01,1000.0,all_scenarios,cost,1053978.0,1128217.0,74239.0,True
3,PTHW,82,0.03,10.0,all_scenarios,cost,27653.0,28890.0,1237.0,True
3,PTHW,82,0.03,50.0,all_scenarios,cost,97010.0,89707.0,-7303.0,True
3,PTHW,82,0.03,100.0,all_scenarios,cost,100571.0,119106.0,18535.0,True
3,PTHW,82,0.03,500.0,all_scenarios,cost,393847.0,413711.0,19864.0,True
3,PTHW,82,0.03,1000.0,all_scenarios,cost,718717.0,771946.0,53229.0,True
3,PTHW,82,0.05,10.0,all_scenarios,cost,27653.0,28890.0,1237.0,True
3,PTHW,82,0.05,50.0,all_scenarios,cost,97010.0,89707.0,-7303.0,True
3,PTHW,82,0.05,100.0,all_scenarios,cost,100571.0,119106.0,18535.0,True
3,PTHW,82,0.05,500.0,all_scenarios,cost,393847.0,413711.0,19864.0,True
3,PTHW,82,0.05,1000.0,all_scenarios,cost,718717.0,771946.0,53229.0,True
3,PTHW,82,0.1,10.0,all_scenarios,cost,27653.0,28890.0,1237.0,True
3,PTHW,82,0.1,50.0,all_scenarios,cost,97010.0,89707.0,-7303.0,True
3,PTHW,82,0.1,100.0,all_scenarios,cost,100571.0,119106.0,18535.0,True
3,PTHW,82,0.1,500.0,all_scenarios,cost,393847.0,413711.0,19864.0,True
3,PTHW,82,0.1,1000.0,all_scenarios,cost,718717.0,771946.0,53229.0,True
3,PTHW5,42,0.03,100.0,all_scenarios,cost,124658.0,109428.0,-15230.0,True
3,PTHW5,52,0.03,100.0,all_scenarios,cost,165740.0,135445.0,-30295.0,True
3,PTHW5,62,0.03,100.0,all_scenarios,cost,115826.0,114763.0,-1063.0,True
3,PTHW5,72,0.03,100.0,all_scenarios,cost,104992.0,154171.0,49179.0,True
3,PTHW5,82,0.03,100.0,all_scenarios,cost,177156.0,134794.0,-42362.0,True
1,P0,42,0.01,10.0,all_scenarios,cost_per_10000,67.064906692642,67.064906692642,0.0,False
1,P0,42,0.01,50.0,all_scenarios,cost_per_10000,332.2280331309975,332.2280331309975,0.0,False
1,P0,42,0.01,100.0,all_scenarios,cost_per_10000,664.4405059588181,664.4405059588181,0.0,False
1,P0,42,0.01,500.0,all_scenarios,cost_per_10000,3322.1402885813827,3185.1785000178943,-136.96178856348843,True
1,P0,42,0.01,1000.0,all_scenarios,cost_per_10000,6446.711407725068,6305.019286995788,-141.69212072927985,True
1,P0,42,0.03,10.0,all_scenarios,cost_per_10000,67.064906692642,67.064906692642,0.0,False
1,P0,42,0.03,50.0,all_scenarios,cost_per_10000,332.2280331309975,332.2280331309975,0.0,False
1,P0,42,0.03,100.0,all_scenarios,cost_per_10000,664.4405059588181,664.4405059588181,0.0,False
1,P0,42,0.03,500.0,all_scenarios,cost_per_10000,2603.8300130239736,2973.0293265033974,369.19931347942384,True
1,P0,42,0.03,1000.0,all_scenarios,cost_per_10000,4992.336550685353,5680.522079292193,688.1855286068394,True
1,P0,42,0.05,10.0,all_scenarios,cost_per_10000,67.064906692642,67.064906692642,0.0,False
1,P0,42,0.05,50.0,all_scenarios,cost_per_10000,332.2280331309975,332.2280331309975,0.0,False
1,P0,42,0.05,100.0,all_scenarios,cost_per_10000,664.4405059588181,664.4405059588181,0.0,False
1,P0,42,0.05,500.0,all_scenarios,cost_per_10000,2603.8300130239736,2765.532683638808,161.70267061483446,True
1,P0,42,0.05,1000.0,all_scenarios,cost_per_10000,4392.315699879096,5037.336947473084,645.0212475939879,True
1,P0,42,0.1,10.0,all_scenarios,cost_per_10000,67.064906692642,67.064906692642,0.0,False
1,P0,42,0.1,50.0,all_scenarios,cost_per_10000,332.2280331309975,332.2280331309975,0.0,False
1,P0,42,0.1,100.0,all_scenarios,cost_per_10000,664.4405059588181,664.4405059588181,0.0,False
1,P0,42,0.1,500.0,all_scenarios,cost_per_10000,2277.0325257017307,2765.532683638808,488.50015793707735,True
1,P0,42,0.1,1000.0,all_scenarios,cost_per_10000,3492.058799273645,4143.988821478198,651.9300222045526,True
1,P0,52,0.01,10.0,all_scenarios,cost_per_10000,67.064906692642,77.49030982119656,10.425403128554564,True
1,P0,52,0.01,50.0,all_scenarios,cost_per_10000,335.32453346321,383.67039543398465,48.34586197077465,True
1,P0,52,0.01,100.0,all_scenarios,cost_per_10000,670.64906692642,764.8978232691886,94.24875634276862,True
1,P0,52,0.01,500.0,all_scenarios,cost_per_10000,3353.2453346321,3814.71724595082,461.47191131872023,True
1,P0,52,0.01,1000.0,all_scenarios,cost_per_10000,6575.115029541235,7526.829852752851,951.714823211616,True
1,P0,52,0.03,10.0,all_scenarios,cost_per_10000,67.064906692642,77.49030982119656,10.425403128554564,True
1,P0,52,0.03,50.0,all_scenarios,cost_per_10000,335.32453346321,383.67039543398465,48.34586197077465,True
1,P0,52,0.03,100.0,all_scenarios,cost_per_10000,670.64906692642,764.8978232691886,94.24875634276862,True
1,P0,52,0.03,500.0,all_scenarios,cost_per_10000,2648.3636007163964,3128.7257200919303,480.3621193755339,True
1,P0,52,0.03,1000.0,all_scenarios,cost_per_10000,5005.749532023882,5991.821504650196,986.0719726263142,True
1,P0,52,0.05,10.0,all_scenarios,cost_per_10000,67.064906692642,77.49030982119656,10.425403128554564,True
1,P0,52,0.05,50.0,all_scenarios,cost_per_10000,335.32453346321,383.67039543398465,48.34586197077465,True
1,P0,52,0.05,100.0,all_scenarios,cost_per_10000,670.64906692642,764.8978232691886,94.24875634276862,True
1,P0,52,0.05,500.0,all_scenarios,cost_per_10000,2562.1128402065788,2945.1141426039544,383.00130239737564,True
1,P0,52,0.05,1000.0,all_scenarios,cost_per_10000,4544.931153438593,5354.0513583366655,809.1202048980722,True
1,P0,52,0.1,10.0,all_scenarios,cost_per_10000,67.064906692642,77.49030982119656,10.425403128554564,True
1,P0,52,0.1,50.0,all_scenarios,cost_per_10000,335.32453346321,383.67039543398465,48.34586197077465,True
1,P0,52,0.1,100.0,all_scenarios,cost_per_10000,670.64906692642,764.8978232691886,94.24875634276862,True
1,P0,52,0.1,500.0,all_scenarios,cost_per_10000,2562.1128402065788,2716.113160748824,154.0003205422454,True
1,P0,52,0.1,1000.0,all_scenarios,cost_per_10000,3363.530695032062,4258.434851344644,894.904156312582,True
1,P0,62,0.01,10.0,all_scenarios,cost_per_10000,66.28689153379464,67.064906692642,0.778015158847353,True
1,P0,62,0.01,50.0,all_scenarios,cost_per_10000,328.3379573367607,335.32453346321,6.986576126449279,True
1,P0,62,0.01,100.0,all_scenarios,cost_per_10000,656.6603543703445,670.64906692642,13.988712556075484,True
1,P0,62,0.01,500.0,all_scenarios,cost_per_10000,3115.1726960248093,3226.491104952689,111.31840892787977,True
1,P0,62,0.01,1000.0,all_scenarios,cost_per_10000,6188.332573471862,6439.693710992265,251.36113752040274,True
1,P0,62,0.03,10.0,all_scenarios,cost_per_10000,66.28689153379464,67.064906692642,0.778015158847353,True
1,P0,62,0.03,50.0,all_scenarios,cost_per_10000,328.3379573367607,335.32453346321,6.986576126449279,True
1,P0,62,0.03,100.0,all_scenarios,cost_per_10000,656.6603543703445,670.64906692642,13.988712556075484,True
1,P0,62,0.03,500.0,all_scenarios,cost_per_10000,2624.2606910953054,2740.060467338146,115.79977624284038,True
1,P0,62,0.03,1000.0,all_scenarios,cost_per_10000,5006.434185363668,5369.751704242205,363.31751887853716,True
1,P0,62,0.05,10.0,all_scenarios,cost_per_10000,66.28689153379464,67.064906692642,0.778015158847353,True
1,P0,62,0.05,50.0,all_scenarios,cost_per_10000,328.3379573367607,335.32453346321,6.986576126449279,True
1,P0,62,0.05,100.0,all_scenarios,cost_per_10000,656.6603543703445,670.64906692642,13.988712556075484,True
1,P0,62,0.05,500.0,all_scenarios,cost_per_10000,2624.2606910953054,2600.6712714790533,-23.589419616252144,True
1,P0,62,0.05,1000.0,all_scenarios,cost_per_10000,4698.77587094907,4747.993109897753,49.21723894868319,True
1,P0,62,0.1,10.0,all_scenarios,cost_per_10000,66.28689153379464,67.064906692642,0.778015158847353,True
1,P0,62,0.1,50.0,all_scenarios,cost_per_10000,328.3379573367607,335.32453346321,6.986576126449279,True
1,P0,62,0.1,100.0,all_scenarios,cost_per_10000,656.6603543703445,670.64906692642,13.988712556075484,True
1,P0,62,0.1,500.0,all_scenarios,cost_per_10000,2624.2606910953054,2600.6712714790533,-23.589419616252144,True
1,P0,62,0.1,1000.0,all_scenarios,cost_per_10000,3280.687640917996,3635.9760433572287,355.28840243923287,True
1,P0,72,0.01,10.0,all_scenarios,cost_per_10000,67.064906692642,66.28689153379464,-0.778015158847353,True
1,P0,72,0.01,50.0,all_scenarios,cost_per_10000,335.32453346321,331.4344576689732,-3.890075794236793,True
1,P0,72,0.01,100.0,all_scenarios,cost_per_10000,670.64906692642,662.8689153379464,-7.780151588473586,True
1,P0,72,0.01,500.0,all_scenarios,cost_per_10000,3280.1430303068023,3314.344576689732,34.20154638292979,True
1,P0,72,0.01,1000.0,all_scenarios,cost_per_10000,6504.4556928147185,6539.684219207327,35.22852639260873,True
1,P0,72,0.03,10.0,all_scenarios,cost_per_10000,67.064906692642,66.28689153379464,-0.778015158847353,True
1,P0,72,0.03,50.0,all_scenarios,cost_per_10000,335.32453346321,331.4344576689732,-3.890075794236793,True
1,P0,72,0.03,100.0,all_scenarios,cost_per_10000,670.64906692642,662.8689153379464,-7.780151588473586,True
1,P0,72,0.03,500.0,all_scenarios,cost_per_10000,3280.1430303068023,3314.344576689732,34.20154638292979,True
1,P0,72,0.03,1000.0,all_scenarios,cost_per_10000,6150.069787959748,6171.138438461335,21.06865050158649,True
1,P0,72,0.05,10.0,all_scenarios,cost_per_10000,67.064906692642,66.28689153379464,-0.778015158847353,True
1,P0,72,0.05,50.0,all_scenarios,cost_per_10000,335.32453346321,331.4344576689732,-3.890075794236793,True
1,P0,72,0.05,100.0,all_scenarios,cost_per_10000,670.64906692642,662.8689153379464,-7.780151588473586,True
1,P0,72,0.05,500.0,all_scenarios,cost_per_10000,3280.1430303068023,3314.344576689732,34.20154638292979,True
1,P0,72,0.05,1000.0,all_scenarios,cost_per_10000,5538.643234924789,5675.74506621687,137.10183129208144,True
1,P0,72,0.1,10.0,all_scenarios,cost_per_10000,67.064906692642,66.28689153379464,-0.778015158847353,True
1,P0,72,0.1,50.0,all_scenarios,cost_per_10000,335.32453346321,331.4344576689732,-3.890075794236793,True
1,P0,72,0.1,100.0,all_scenarios,cost_per_10000,670.64906692642,662.8689153379464,-7.780151588473586,True
1,P0,72,0.1,500.0,all_scenarios,cost_per_10000,2391.8208822380693,2845.9950113668015,454.17412912873215,True
1,P0,72,0.1,1000.0,all_scenarios,cost_per_10000,3419.3610628309484,4469.401441817692,1050.0403789867437,True
1,P0,82,0.01,10.0,all_scenarios,cost_per_10000,67.064906692642,77.49030982119656,10.425403128554564,True
1,P0,82,0.01,50.0,all_scenarios,cost_per_10000,332.2280331309975,340.80176018149535,8.573727050497837,True
1,P0,82,0.01,100.0,all_scenarios,cost_per_10000,650.0939064296729,673.7922481681633,23.6983417384904,True
1,P0,82,0.01,500.0,all_scenarios,cost_per_10000,3128.2744712997987,3319.8684843175483,191.5940130177496,True
1,P0,82,0.01,1000.0,all_scenarios,cost_per_10000,6205.448906966503,6603.092454653386,397.6435476868828,True
1,P0,82,0.03,10.0,all_scenarios,cost_per_10000,67.064906692642,77.49030982119656,10.425403128554564,True
1,P0,82,0.03,50.0,all_scenarios,cost_per_10000,332.2280331309975,340.80176018149535,8.573727050497837,True
1,P0,82,0.03,100.0,all_scenarios,cost_per_10000,650.0939064296729,673.7922481681633,23.6983417384904,True
1,P0,82,0.03,500.0,all_scenarios,cost_per_10000,3057.584013966928,3319.8684843175483,262.28447035062027,True
1,P0,82,0.03,1000.0,all_scenarios,cost_per_10000,5881.779040582826,6159.359288956386,277.5802483735597,True
1,P0,82,0.05,10.0,all_scenarios,cost_per_10000,67.064906692642,77.49030982119656,10.425403128554564,True
1,P0,82,0.05,50.0,all_scenarios,cost_per_10000,332.2280331309975,340.80176018149535,8.573727050497837,True
1,P0,82,0.05,100.0,all_scenarios,cost_per_10000,650.0939064296729,673.7922481681633,23.6983417384904,True
1,P0,82,0.05,500.0,all_scenarios,cost_per_10000,2803.8732706668056,2445.5817297144217,-358.2915409523839,True
1,P0,82,0.05,1000.0,all_scenarios,cost_per_10000,5083.457686089556,4342.009239708026,-741.4484463815297,True
1,P0,82,0.1,10.0,all_scenarios,cost_per_10000,67.064906692642,77.49030982119656,10.425403128554564,True
1,P0,82,0.1,50.0,all_scenarios,cost_per_10000,332.2280331309975,340.80176018149535,8.573727050497837,True
1,P0,82,0.1,100.0,all_scenarios,cost_per_10000,650.0939064296729,673.7922481681633,23.6983417384904,True
1,P0,82,0.1,500.0,all_scenarios,cost_per_10000,2003.8091622177167,2310.0981699527433,306.28900773502664,True
1,P0,82,0.1,1000.0,all_scenarios,cost_per_10000,3100.8105361924872,3889.951311811359,789.1407756188719,True
1,PH,42,0.03,100.0,all_scenarios,cost_per_10000,366.9586298219435,381.3985911701504,14.439961348206907,True
1,PH,52,0.03,100.0,all_scenarios,cost_per_10000,447.26535451816744,380.71393783036467,-66.55141668780277,True
1,PH,62,0.03,100.0,all_scenarios,cost_per_10000,465.70431378284974,514.3925024235173,48.68818864066753,True
1,PH,72,0.03,100.0,all_scenarios,cost_per_10000,391.0926600493884,492.56139706626044,101.46873701687201,True
1,PH,82,0.03,100.0,all_scenarios,cost_per_10000,389.1165015459161,402.7940080384526,13.677506492536509,True
1,PT,42,0.03,100.0,all_scenarios,cost_per_10000,546.1044002981354,590.7780307191505,44.673630421015105,True
1,PT,52,0.03,100.0,all_scenarios,cost_per_10000,510.5179869324574,521.9859303738674,11.46794344141,True
1,PT,62,0.03,100.0,all_scenarios,cost_per_10000,478.0436342021688,553.0442955150538,75.00066131288503,True
1,PT,72,0.03,100.0,all_scenarios,cost_per_10000,482.3693984853601,548.0649984984308,65.6956000130707,True
1,PT,82,0.03,100.0,all_scenarios,cost_per_10000,547.8782748603073,529.2059110479709,-18.67236381233647,True
1,PTH,42,0.03,100.0,all_scenarios,cost_per_10000,373.83628382615404,362.25941826250545,-11.576865563648596,True
1,PTH,52,0.03,100.0,all_scenarios,cost_per_10000,365.916089509088,368.9659089317696,3.049819422681594,True
1,PTH,62,0.03,100.0,all_scenarios,cost_per_10000,363.02187311817585,351.72509301171226,-11.296780106463586,True
1,PTH,72,0.03,100.0,all_scenarios,cost_per_10000,386.8446972820818,389.6144312475784,2.7697339654965845,True
1,PTH,82,0.03,100.0,all_scenarios,cost_per_10000,344.8163184011477,301.57423587241175,-43.24208252873598,True
1,PTHW,42,0.01,10.0,all_scenarios,cost_per_10000,77.49030982119656,77.49030982119656,0.0,False
1,PTHW,42,0.01,50.0,all_scenarios,cost_per_10000,271.4650492250191,222.4345339144588,-49.030515310560276,True
1,PTHW,42,0.01,100.0,all_scenarios,cost_per_10000,463.6347934603158,340.4594335116025,-123.17535994871326,True
1,PTHW,42,0.01,500.0,all_scenarios,cost_per_10000,1969.6387364411407,1326.8114915951023,-642.8272448460384,True
1,PTHW,42,0.01,1000.0,all_scenarios,cost_per_10000,3852.4354208517398,2556.0754425739233,-1296.3599782778165,True
1,PTHW,42,0.03,10.0,all_scenarios,cost_per_10000,77.49030982119656,77.49030982119656,0.0,False
1,PTHW,42,0.03,50.0,all_scenarios,cost_per_10000,271.4650492250191,222.4345339144588,-49.030515310560276,True
1,PTHW,42,0.03,100.0,all_scenarios,cost_per_10000,463.6347934603158,344.6762756725552,-118.95851778776057,True
1,PTHW,42,0.03,500.0,all_scenarios,cost_per_10000,1772.80090125276,1152.162648737048,-620.6382525157121,True
1,PTHW,42,0.03,1000.0,all_scenarios,cost_per_10000,3384.459302805056,2148.022052061662,-1236.4372507433936,True
1,PTHW,42,0.05,10.0,all_scenarios,cost_per_10000,77.49030982119656,77.49030982119656,0.0,False
1,PTHW,42,0.05,50.0,all_scenarios,cost_per_10000,271.4650492250191,222.4345339144588,-49.030515310560276,True
1,PTHW,42,0.05,100.0,all_scenarios,cost_per_10000,463.6347934603158,344.6762756725552,-118.95851778776057,True
1,PTHW,42,0.05,500.0,all_scenarios,cost_per_10000,1772.80090125276,1152.162648737048,-620.6382525157121,True
1,PTHW,42,0.05,1000.0,all_scenarios,cost_per_10000,3384.459302805056,2148.022052061662,-1236.4372507433936,True
1,PTHW,42,0.1,10.0,all_scenarios,cost_per_10000,77.49030982119656,77.49030982119656,0.0,False
1,PTHW,42,0.1,50.0,all_scenarios,cost_per_10000,271.4650492250191,222.4345339144588,-49.030515310560276,True
1,PTHW,42,0.1,100.0,all_scenarios,cost_per_10000,463.6347934603158,344.6762756725552,-118.95851778776057,True
1,PTHW,42,0.1,500.0,all_scenarios,cost_per_10000,1772.80090125276,1152.162648737048,-620.6382525157121,True
1,PTHW,42,0.1,1000.0,all_scenarios,cost_per_10000,3384.459302805056,2148.022052061662,-1236.4372507433936,True
1,PTHW,52,0.01,10.0,all_scenarios,cost_per_10000,52.2981789777192,54.165415358952856,1.8672363812336528,True
1,PTHW,52,0.01,50.0,all_scenarios,cost_per_10000,191.70293513998826,208.89707015051482,17.194135010526566,True
1,PTHW,52,0.01,100.0,all_scenarios,cost_per_10000,319.9509539243863,345.12752446468664,25.17657054030036,True
1,PTHW,52,0.01,500.0,all_scenarios,cost_per_10000,1197.1163646152481,1309.866321435407,112.74995682015879,True
1,PTHW,52,0.01,1000.0,all_scenarios,cost_per_10000,2294.1177385900187,2515.789817648807,221.6720790587883,True
1,PTHW,52,0.03,10.0,all_scenarios,cost_per_10000,52.2981789777192,54.165415358952856,1.8672363812336528,True
1,PTHW,52,0.03,50.0,all_scenarios,cost_per_10000,191.70293513998826,208.89707015051482,17.194135010526566,True
1,PTHW,52,0.03,100.0,all_scenarios,cost_per_10000,319.9509539243863,333.2394528374991,13.28849891311279,True
1,PTHW,52,0.03,500.0,all_scenarios,cost_per_10000,1065.678483679576,1112.2349107850018,46.55642710542588,True
1,PTHW,52,0.03,1000.0,all_scenarios,cost_per_10000,1929.27531000014,2014.7324950479335,85.45718504779347,True
1,PTHW,52,0.05,10.0,all_scenarios,cost_per_10000,52.2981789777192,54.165415358952856,1.8672363812336528,True
1,PTHW,52,0.05,50.0,all_scenarios,cost_per_10000,191.70293513998826,208.89707015051482,17.194135010526566,True
1,PTHW,52,0.05,100.0,all_scenarios,cost_per_10000,319.9509539243863,333.2394528374991,13.28849891311279,True
1,PTHW,52,0.05,500.0,all_scenarios,cost_per_10000,1065.678483679576,1112.2349107850018,46.55642710542588,True
1,PTHW,52,0.05,1000.0,all_scenarios,cost_per_10000,1929.27531000014,2013.5032310969548,84.22792109681473,True
1,PTHW,52,0.1,10.0,all_scenarios,cost_per_10000,52.2981789777192,54.165415358952856,1.8672363812336528,True
1,PTHW,52,0.1,50.0,all_scenarios,cost_per_10000,191.70293513998826,208.89707015051482,17.194135010526566,True
1,PTHW,52,0.1,100.0,all_scenarios,cost_per_10000,319.9509539243863,333.2394528374991,13.28849891311279,True
1,PTHW,52,0.1,500.0,all_scenarios,cost_per_10000,1065.678483679576,1112.2349107850018,46.55642710542588,True
1,PTHW,52,0.1,1000.0,all_scenarios,cost_per_10000,1929.27531000014,2013.5032310969548,84.22792109681473,True
1,PTHW,62,0.01,10.0,all_scenarios,cost_per_10000,52.64050564761204,51.11559593627122,-1.5249097113408183,True
1,PTHW,62,0.01,50.0,all_scenarios,cost_per_10000,207.09207498198896,200.4633858286095,-6.628689153379469,True
1,PTHW,62,0.01,100.0,all_scenarios,cost_per_10000,338.856722284377,345.4387305282256,6.582008243848634,True
1,PTHW,62,0.01,500.0,all_scenarios,cost_per_10000,1293.636925221851,1428.4358316437438,134.79890642189275,True
1,PTHW,62,0.01,1000.0,all_scenarios,cost_per_10000,2484.000118258304,2782.182208038141,298.18208977983704,True
1,PTHW,62,0.03,10.0,all_scenarios,cost_per_10000,52.64050564761204,51.11559593627122,-1.5249097113408183,True
1,PTHW,62,0.03,50.0,all_scenarios,cost_per_10000,207.09207498198896,200.4633858286095,-6.628689153379469,True
1,PTHW,62,0.03,100.0,all_scenarios,cost_per_10000,338.856722284377,341.61089594669664,2.7541736623196584,True
1,PTHW,62,0.03,500.0,all_scenarios,cost_per_10000,1227.8012824801879,1132.6655888563332,-95.13569362385465,True
1,PTHW,62,0.03,1000.0,all_scenarios,cost_per_10000,2270.3415953356434,2101.8235119293063,-168.51808340633715,True
1,PTHW,62,0.05,10.0,all_scenarios,cost_per_10000,52.64050564761204,51.11559593627122,-1.5249097113408183,True
1,PTHW,62,0.05,50.0,all_scenarios,cost_per_10000,207.09207498198896,200.4633858286095,-6.628689153379469,True
1,PTHW,62,0.05,100.0,all_scenarios,cost_per_10000,338.856722284377,341.61089594669664,2.7541736623196584,True
1,PTHW,62,0.05,500.0,all_scenarios,cost_per_10000,1227.8012824801879,1132.6655888563332,-95.13569362385465,True
1,PTHW,62,0.05,1000.0,all_scenarios,cost_per_10000,2270.3415953356434,2101.8235119293063,-168.51808340633715,True
1,PTHW,62,0.1,10.0,all_scenarios,cost_per_10000,52.64050564761204,51.11559593627122,-1.5249097113408183,True
1,PTHW,62,0.1,50.0,all_scenarios,cost_per_10000,207.09207498198896,200.4633858286095,-6.628689153379469,True
1,PTHW,62,0.1,100.0,all_scenarios,cost_per_10000,338.856722284377,341.61089594669664,2.7541736623196584,True
1,PTHW,62,0.1,500.0,all_scenarios,cost_per_10000,1227.8012824801879,1132.6655888563332,-95.13569362385465,True
1,PTHW,62,0.1,1000.0,all_scenarios,cost_per_10000,2270.3415953356434,2101.8235119293063,-168.51808340633715,True
1,PTHW,72,0.01,10.0,all_scenarios,cost_per_10000,57.152993568926696,60.6229411773859,3.4699476084592007,True
1,PTHW,72,0.01,50.0,all_scenarios,cost_per_10000,275.7908135082104,217.377435381951,-58.41337812625943,True
1,PTHW,72,0.01,100.0,all_scenarios,cost_per_10000,433.3388831747998,367.4409992204288,-65.89788395437097,True
1,PTHW,72,0.01,500.0,all_scenarios,cost_per_10000,1790.197320204587,1419.3174939820528,-370.8798262225341,True
1,PTHW,72,0.01,1000.0,all_scenarios,cost_per_10000,3486.270366491821,2734.1631124340824,-752.1072540577384,True
1,PTHW,72,0.03,10.0,all_scenarios,cost_per_10000,57.152993568926696,60.6229411773859,3.4699476084592007,True
1,PTHW,72,0.03,50.0,all_scenarios,cost_per_10000,275.7908135082104,217.377435381951,-58.41337812625943,True
1,PTHW,72,0.03,100.0,all_scenarios,cost_per_10000,419.84810032038666,367.4409992204288,-52.407101099957856,True
1,PTHW,72,0.03,500.0,all_scenarios,cost_per_10000,1586.35734858658,1405.1887386973847,-181.1686098891953,True
1,PTHW,72,0.03,1000.0,all_scenarios,cost_per_10000,3002.344937688766,2596.392188105393,-405.95274958337313,True
1,PTHW,72,0.05,10.0,all_scenarios,cost_per_10000,57.152993568926696,60.6229411773859,3.4699476084592007,True
1,PTHW,72,0.05,50.0,all_scenarios,cost_per_10000,275.7908135082104,217.377435381951,-58.41337812625943,True
1,PTHW,72,0.05,100.0,all_scenarios,cost_per_10000,419.84810032038666,367.4409992204288,-52.407101099957856,True
1,PTHW,72,0.05,500.0,all_scenarios,cost_per_10000,1586.35734858658,1405.1887386973847,-181.1686098891953,True
1,PTHW,72,0.05,1000.0,all_scenarios,cost_per_10000,3002.344937688766,2596.392188105393,-405.95274958337313,True
1,PTHW,72,0.1,10.0,all_scenarios,cost_per_10000,57.152993568926696,60.6229411773859,3.4699476084592007,True
1,PTHW,72,0.1,50.0,all_scenarios,cost_per_10000,275.7908135082104,217.377435381951,-58.41337812625943,True
1,PTHW,72,0.1,100.0,all_scenarios,cost_per_10000,419.84810032038666,367.4409992204288,-52.407101099957856,True
1,PTHW,72,0.1,500.0,all_scenarios,cost_per_10000,1586.35734858658,1405.1887386973847,-181.1686098891953,True
1,PTHW,72,0.1,1000.0,all_scenarios,cost_per_10000,3002.344937688766,2596.392188105393,-405.95274958337313,True
1,PTHW,82,0.01,10.0,all_scenarios,cost_per_10000,53.449641412813286,57.30859660069617,3.8589551878828843,True
1,PTHW,82,0.01,50.0,all_scenarios,cost_per_10000,215.49463869754038,218.90234509329179,3.407706395751404,True
1,PTHW,82,0.01,100.0,all_scenarios,cost_per_10000,359.7075285414861,375.84356293598023,16.136034394494118,True
1,PTHW,82,0.01,500.0,all_scenarios,cost_per_10000,1456.599980394018,1514.857755488508,58.25777509448994,True
1,PTHW,82,0.01,1000.0,all_scenarios,cost_per_10000,2825.906659965363,2938.6254961791674,112.71883621380448,True
1,PTHW,82,0.03,10.0,all_scenarios,cost_per_10000,53.449641412813286,57.30859660069617,3.8589551878828843,True
1,PTHW,82,0.03,50.0,all_scenarios,cost_per_10000,215.49463869754038,218.90234509329179,3.407706395751404,True
1,PTHW,82,0.03,100.0,all_scenarios,cost_per_10000,339.152368044739,330.88984705778006,-8.262520986958918,True
1,PTHW,82,0.03,500.0,all_scenarios,cost_per_10000,1037.436533413417,1045.6212528844912,8.184719471074231,True
1,PTHW,82,0.03,1000.0,all_scenarios,cost_per_10000,1942.1436807274754,1940.3386855589495,-1.8049951685259202,True
1,PTHW,82,0.05,10.0,all_scenarios,cost_per_10000,53.449641412813286,57.30859660069617,3.8589551878828843,True
1,PTHW,82,0.05,50.0,all_scenarios,cost_per_10000,215.49463869754038,218.90234509329179,3.407706395751404,True
1,PTHW,82,0.05,100.0,all_scenarios,cost_per_10000,339.152368044739,330.88984705778006,-8.262520986958918,True
1,PTHW,82,0.05,500.0,all_scenarios,cost_per_10000,1037.436533413417,1045.6212528844912,8.184719471074231,True
1,PTHW,82,0.05,1000.0,all_scenarios,cost_per_10000,1942.1436807274754,1940.3386855589495,-1.8049951685259202,True
1,PTHW,82,0.1,10.0,all_scenarios,cost_per_10000,53.449641412813286,57.30859660069617,3.8589551878828843,True
1,PTHW,82,0.1,50.0,all_scenarios,cost_per_10000,215.49463869754038,218.90234509329179,3.407706395751404,True
1,PTHW,82,0.1,100.0,all_scenarios,cost_per_10000,339.152368044739,330.88984705778006,-8.262520986958918,True
1,PTHW,82,0.1,500.0,all_scenarios,cost_per_10000,1037.436533413417,1045.6212528844912,8.184719471074231,True
1,PTHW,82,0.1,1000.0,all_scenarios,cost_per_10000,1942.1436807274754,1940.3386855589495,-1.8049951685259202,True
1,PTHW5,42,0.03,100.0,all_scenarios,cost_per_10000,335.1378098250866,358.2915409523839,23.153731127297306,True
1,PTHW5,52,0.03,100.0,all_scenarios,cost_per_10000,415.0555269418869,356.75107093786613,-58.30445600402078,True
1,PTHW5,62,0.03,100.0,all_scenarios,cost_per_10000,339.9770641131172,656.9248795243526,316.9478154112354,True
1,PTHW5,72,0.03,100.0,all_scenarios,cost_per_10000,415.60013755308006,401.45582196523515,-14.144315587844915,True
1,PTHW5,82,0.03,100.0,all_scenarios,cost_per_10000,427.7527343342758,410.76088326504953,-16.991851069226243,True
2,P0,42,0.01,10.0,all_scenarios,cost_per_10000,44.60702548265099,45.44929068058331,0.8422651979323206,True
2,P0,42,0.01,50.0,all_scenarios,cost_per_10000,220.98726693200774,219.33576654390515,-1.6515003881025905,True
2,P0,42,0.01,100.0,all_scenarios,cost_per_10000,441.4625687437036,436.50806757939586,-4.954501164307771,True
2,P0,42,0.01,500.0,all_scenarios,cost_per_10000,2205.2649832372713,2160.4928077158097,-44.77217552146158,True
2,P0,42,0.01,1000.0,all_scenarios,cost_per_10000,4430.100246073558,4290.928308368152,-139.17193770540598,True
2,P0,42,0.03,10.0,all_scenarios,cost_per_10000,44.60702548265099,45.44929068058331,0.8422651979323206,True
2,P0,42,0.03,50.0,all_scenarios,cost_per_10000,220.98726693200774,219.33576654390515,-1.6515003881025905,True
2,P0,42,0.03,100.0,all_scenarios,cost_per_10000,441.4625687437036,436.50806757939586,-4.954501164307771,True
2,P0,42,0.03,500.0,all_scenarios,cost_per_10000,2185.8598536770655,2063.764429984641,-122.09542369242445,True
2,P0,42,0.03,1000.0,all_scenarios,cost_per_10000,4159.402817459662,3913.4448646595433,-245.95795280011907,True
2,P0,42,0.05,10.0,all_scenarios,cost_per_10000,44.60702548265099,45.44929068058331,0.8422651979323206,True
2,P0,42,0.05,50.0,all_scenarios,cost_per_10000,220.98726693200774,219.33576654390515,-1.6515003881025905,True
2,P0,42,0.05,100.0,all_scenarios,cost_per_10000,441.4625687437036,436.50806757939586,-4.954501164307771,True
2,P0,42,0.05,500.0,all_scenarios,cost_per_10000,2106.6208650559033,2020.44557480471,-86.17529025119325,True
2,P0,42,0.05,1000.0,all_scenarios,cost_per_10000,3812.670310977523,3614.1434493237107,-198.52686165381238,True
2,P0,42,0.1,10.0,all_scenarios,cost_per_10000,44.60702548265099,45.44929068058331,0.8422651979323206,True
2,P0,42,0.1,50.0,all_scenarios,cost_per_10000,220.98726693200774,219.33576654390515,-1.6515003881025905,True
2,P0,42,0.1,100.0,all_scenarios,cost_per_10000,441.4625687437036,436.50806757939586,-4.954501164307771,True
2,P0,42,0.1,500.0,all_scenarios,cost_per_10000,1859.0774718832058,1753.1997820019487,-105.87768988125708,True
2,P0,42,0.1,1000.0,all_scenarios,cost_per_10000,2742.630179518092,2554.1774702317057,-188.45270928638638,True
2,P0,52,0.01,10.0,all_scenarios,cost_per_10000,46.440190913444866,46.06034582418127,-0.37984508926359695,True
2,P0,52,0.01,50.0,all_scenarios,cost_per_10000,232.06883453617613,229.04658882594836,-3.0222457102277644,True
2,P0,52,0.01,100.0,all_scenarios,cost_per_10000,449.15856055226175,457.7793925781572,8.620832025895481,True
2,P0,52,0.01,500.0,all_scenarios,cost_per_10000,2227.8079635348713,2218.163201268352,-9.644762266519137,True
2,P0,52,0.01,1000.0,all_scenarios,cost_per_10000,4399.530973889779,4332.083698039669,-67.44727585010969,True
2,P0,52,0.03,10.0,all_scenarios,cost_per_10000,46.440190913444866,46.06034582418127,-0.37984508926359695,True
2,P0,52,0.03,50.0,all_scenarios,cost_per_10000,232.06883453617613,229.04658882594836,-3.0222457102277644,True
2,P0,52,0.03,100.0,all_scenarios,cost_per_10000,449.15856055226175,457.7793925781572,8.620832025895481,True
2,P0,52,0.03,500.0,all_scenarios,cost_per_10000,2227.8079635348713,2218.163201268352,-9.644762266519137,True
2,P0,52,0.03,1000.0,all_scenarios,cost_per_10000,4399.530973889779,4332.083698039669,-67.44727585010969,True
2,P0,52,0.05,10.0,all_scenarios,cost_per_10000,46.440190913444866,46.06034582418127,-0.37984508926359695,True
2,P0,52,0.05,50.0,all_scenarios,cost_per_10000,232.06883453617613,229.04658882594836,-3.0222457102277644,True
2,P0,52,0.05,100.0,all_scenarios,cost_per_10000,449.15856055226175,457.7793925781572,8.620832025895481,True
2,P0,52,0.05,500.0,all_scenarios,cost_per_10000,2140.608743043055,1859.771102046209,-280.8376409968457,True
2,P0,52,0.05,1000.0,all_scenarios,cost_per_10000,3874.6346055391323,3288.31893775495,-586.3156677841821,True
2,P0,52,0.1,10.0,all_scenarios,cost_per_10000,46.440190913444866,46.06034582418127,-0.37984508926359695,True
2,P0,52,0.1,50.0,all_scenarios,cost_per_10000,232.06883453617613,229.04658882594836,-3.0222457102277644,True
2,P0,52,0.1,100.0,all_scenarios,cost_per_10000,449.15856055226175,457.7793925781572,8.620832025895481,True
2,P0,52,0.1,500.0,all_scenarios,cost_per_10000,1900.6457366517482,1810.787600535086,-89.85813611666208,True
2,P0,52,0.1,1000.0,all_scenarios,cost_per_10000,2833.743455929712,2677.8253042889464,-155.9181516407657,True
2,P0,62,0.01,10.0,all_scenarios,cost_per_10000,44.55748047100791,45.44929068058331,0.8918102095753966,True
2,P0,62,0.01,50.0,all_scenarios,cost_per_10000,220.93772192036465,227.11433337186836,6.176611451503703,True
2,P0,62,0.01,100.0,all_scenarios,cost_per_10000,438.3577480140708,439.4477382702185,1.0899902561477006,True
2,P0,62,0.01,500.0,all_scenarios,cost_per_10000,2173.0111806576274,2146.504599428581,-26.506581229046333,True
2,P0,62,0.01,1000.0,all_scenarios,cost_per_10000,4319.961685190996,4243.910092318872,-76.05159287212427,True
2,P0,62,0.03,10.0,all_scenarios,cost_per_10000,44.55748047100791,45.44929068058331,0.8918102095753966,True
2,P0,62,0.03,50.0,all_scenarios,cost_per_10000,220.93772192036465,227.11433337186836,6.176611451503703,True
2,P0,62,0.03,100.0,all_scenarios,cost_per_10000,438.3577480140708,439.4477382702185,1.0899902561477006,True
2,P0,62,0.03,500.0,all_scenarios,cost_per_10000,2129.1143003418606,2146.504599428581,17.39029908672046,True
2,P0,62,0.03,1000.0,all_scenarios,cost_per_10000,4044.8547505408665,4243.910092318872,199.0553417780052,True
2,P0,62,0.05,10.0,all_scenarios,cost_per_10000,44.55748047100791,45.44929068058331,0.8918102095753966,True
2,P0,62,0.05,50.0,all_scenarios,cost_per_10000,220.93772192036465,227.11433337186836,6.176611451503703,True
2,P0,62,0.05,100.0,all_scenarios,cost_per_10000,438.3577480140708,439.4477382702185,1.0899902561477006,True
2,P0,62,0.05,500.0,all_scenarios,cost_per_10000,2030.7839672342323,2086.6046803521,55.820713117867626,True
2,P0,62,0.05,1000.0,all_scenarios,cost_per_10000,3665.7693514557977,3892.6524747733315,226.88312331753377,True
2,P0,62,0.1,10.0,all_scenarios,cost_per_10000,44.55748047100791,45.44929068058331,0.8918102095753966,True
2,P0,62,0.1,50.0,all_scenarios,cost_per_10000,220.93772192036465,227.11433337186836,6.176611451503703,True
2,P0,62,0.1,100.0,all_scenarios,cost_per_10000,438.3577480140708,439.4477382702185,1.0899902561477006,True
2,P0,62,0.1,500.0,all_scenarios,cost_per_10000,1827.253059404469,1997.2915393635117,170.03847995904266,True
2,P0,62,0.1,1000.0,all_scenarios,cost_per_10000,2760.350778682433,2999.966969992238,239.6161913098049,True
2,P0,72,0.01,10.0,all_scenarios,cost_per_10000,45.44929068058331,44.590510478769964,-0.8587802018133459,True
2,P0,72,0.01,50.0,all_scenarios,cost_per_10000,227.64281349606117,219.30273653614307,-8.340076959918093,True
2,P0,72,0.01,100.0,all_scenarios,cost_per_10000,454.72411686016744,436.47503757163383,-18.249079288533608,True
2,P0,72,0.01,500.0,all_scenarios,cost_per_10000,2175.4388862281385,2174.646166041849,-0.7927201862894435,True
2,P0,72,0.01,1000.0,all_scenarios,cost_per_10000,4338.904394642533,4338.111674456243,-0.7927201862894435,True
2,P0,72,0.03,10.0,all_scenarios,cost_per_10000,45.44929068058331,44.590510478769964,-0.8587802018133459,True
2,P0,72,0.03,50.0,all_scenarios,cost_per_10000,227.64281349606117,219.30273653614307,-8.340076959918093,True
2,P0,72,0.03,100.0,all_scenarios,cost_per_10000,454.72411686016744,436.47503757163383,-18.249079288533608,True
2,P0,72,0.03,500.0,all_scenarios,cost_per_10000,2140.823438093508,2118.148337764859,-22.67510032864857,True
2,P0,72,0.03,1000.0,all_scenarios,cost_per_10000,4073.0788921735398,4042.146289904378,-30.932602269161634,True
2,P0,72,0.05,10.0,all_scenarios,cost_per_10000,45.44929068058331,44.590510478769964,-0.8587802018133459,True
2,P0,72,0.05,50.0,all_scenarios,cost_per_10000,227.64281349606117,219.30273653614307,-8.340076959918093,True
2,P0,72,0.05,100.0,all_scenarios,cost_per_10000,454.72411686016744,436.47503757163383,-18.249079288533608,True
2,P0,72,0.05,500.0,all_scenarios,cost_per_10000,2061.6174794801077,1917.1111955211309,-144.50628395897684,True
2,P0,72,0.05,1000.0,all_scenarios,cost_per_10000,3696.602863701673,3411.719046753976,-284.88381694769714,True
2,P0,72,0.1,10.0,all_scenarios,cost_per_10000,45.44929068058331,44.590510478769964,-0.8587802018133459,True
2,P0,72,0.1,50.0,all_scenarios,cost_per_10000,227.64281349606117,219.30273653614307,-8.340076959918093,True
2,P0,72,0.1,100.0,all_scenarios,cost_per_10000,454.72411686016744,436.47503757163383,-18.249079288533608,True
2,P0,72,0.1,500.0,all_scenarios,cost_per_10000,1908.3417284603063,1694.7696982708792,-213.5720301894271,True
2,P0,72,0.1,1000.0,all_scenarios,cost_per_10000,2849.6969496787833,2498.2246370827897,-351.47231259599357,True
2,P0,82,0.01,10.0,all_scenarios,cost_per_10000,45.44929068058331,46.440190913444866,0.9909002328615557,True
2,P0,82,0.01,50.0,all_scenarios,cost_per_10000,227.11433337186836,232.59731466036894,5.482981288500582,True
2,P0,82,0.01,100.0,all_scenarios,cost_per_10000,454.19563673597463,464.633119188783,10.437482452808354,True
2,P0,82,0.01,500.0,all_scenarios,cost_per_10000,2177.734471767601,2226.239038166174,48.50456639857293,True
2,P0,82,0.01,1000.0,all_scenarios,cost_per_10000,4336.179419002164,4422.73455434262,86.55513534045622,True
2,P0,82,0.03,10.0,all_scenarios,cost_per_10000,45.44929068058331,46.440190913444866,0.9909002328615557,True
2,P0,82,0.03,50.0,all_scenarios,cost_per_10000,227.11433337186836,232.59731466036894,5.482981288500582,True
2,P0,82,0.03,100.0,all_scenarios,cost_per_10000,454.19563673597463,464.633119188783,10.437482452808354,True
2,P0,82,0.03,500.0,all_scenarios,cost_per_10000,2177.734471767601,2146.042179319912,-31.692292447688942,True
2,P0,82,0.03,1000.0,all_scenarios,cost_per_10000,4336.179419002164,4078.297633399944,-257.8817856022197,True
2,P0,82,0.05,10.0,all_scenarios,cost_per_10000,45.44929068058331,46.440190913444866,0.9909002328615557,True
2,P0,82,0.05,50.0,all_scenarios,cost_per_10000,227.11433337186836,232.59731466036894,5.482981288500582,True
2,P0,82,0.05,100.0,all_scenarios,cost_per_10000,454.19563673597463,464.633119188783,10.437482452808354,True
2,P0,82,0.05,500.0,all_scenarios,cost_per_10000,2050.8166669419165,2012.733067992271,-38.08359894964565,True
2,P0,82,0.05,1000.0,all_scenarios,cost_per_10000,3685.8020511634822,3631.2034483328102,-54.59860283067201,True
2,P0,82,0.1,10.0,all_scenarios,cost_per_10000,45.44929068058331,46.440190913444866,0.9909002328615557,True
2,P0,82,0.1,50.0,all_scenarios,cost_per_10000,227.11433337186836,232.59731466036894,5.482981288500582,True
2,P0,82,0.1,100.0,all_scenarios,cost_per_10000,454.19563673597463,464.633119188783,10.437482452808354,True
2,P0,82,0.1,500.0,all_scenarios,cost_per_10000,1850.7208799194068,1874.9153606051098,24.194480685702956,True
2,P0,82,0.1,1000.0,all_scenarios,cost_per_10000,2625.5883470132617,2727.188650889333,101.6003038760714,True
2,PH,42,0.03,100.0,all_scenarios,cost_per_10000,320.0772902181632,346.5012964278047,26.424006209641448,True
2,PH,52,0.03,100.0,all_scenarios,cost_per_10000,436.78882264537333,317.1541345312216,-119.63468811415174,True
2,PH,62,0.03,100.0,all_scenarios,cost_per_10000,321.1012204587868,328.1366121121038,7.035391653316992,True
2,PH,72,0.03,100.0,all_scenarios,cost_per_10000,367.45883635282655,341.01831513930404,-26.440521213522516,True
2,PH,82,0.03,100.0,all_scenarios,cost_per_10000,335.83260392066194,321.9269706528381,-13.905633267823816,True
2,PT,42,0.03,100.0,all_scenarios,cost_per_10000,353.93304817426633,391.7193770540536,37.78632887978728,True
2,PT,52,0.03,100.0,all_scenarios,cost_per_10000,355.60106356624993,348.615216924576,-6.985846641673959,True
2,PT,62,0.03,100.0,all_scenarios,cost_per_10000,352.71093788707043,377.3678386814421,24.656900794371666,True
2,PT,72,0.03,100.0,all_scenarios,cost_per_10000,377.7311687668247,377.6981387590626,-0.033030007762079094,True
2,PT,82,0.03,100.0,all_scenarios,cost_per_10000,351.55488761539857,365.9559709996532,14.401083384254605,True
2,PTH,42,0.03,100.0,all_scenarios,cost_per_10000,331.76991296592956,291.7375435583227,-40.032369407606836,True
2,PTH,52,0.03,100.0,all_scenarios,cost_per_10000,321.15076547042986,301.64654588693827,-19.50421958349159,True
2,PTH,62,0.03,100.0,all_scenarios,cost_per_10000,307.80664233456093,287.49318756089906,-20.313454773661874,True
2,PTH,72,0.03,100.0,all_scenarios,cost_per_10000,300.52352562302855,319.23502502023086,18.711499397202317,True
2,PTH,82,0.03,100.0,all_scenarios,cost_per_10000,301.5970008752952,313.8181037472544,12.221102871959204,True
2,PTHW,42,0.01,10.0,all_scenarios,cost_per_10000,42.42704497035557,39.15707420191244,-3.2699707684431303,True
2,PTHW,42,0.01,50.0,all_scenarios,cost_per_10000,174.84434608842133,190.8804148568975,16.036068768476156,True
2,PTHW,42,0.01,100.0,all_scenarios,cost_per_10000,292.9266238377566,324.3546762233489,31.42805238559231,True
2,PTHW,42,0.01,500.0,all_scenarios,cost_per_10000,1237.5848458324388,1392.8919423296065,155.30709649716778,True
2,PTHW,42,0.01,1000.0,all_scenarios,cost_per_10000,2418.4076233257915,2730.6072566927055,312.199633366914,True
2,PTHW,42,0.03,10.0,all_scenarios,cost_per_10000,42.42704497035557,39.15707420191244,-3.2699707684431303,True
2,PTHW,42,0.03,50.0,all_scenarios,cost_per_10000,174.64616604184903,190.8804148568975,16.23424881504846,True
2,PTHW,42,0.03,100.0,all_scenarios,cost_per_10000,274.59496952981783,271.7048438506383,-2.890125679179505,True
2,PTHW,42,0.03,500.0,all_scenarios,cost_per_10000,908.226123433139,862.330927647768,-45.895195785371016,True
2,PTHW,42,0.03,1000.0,all_scenarios,cost_per_10000,1676.173803900844,1647.8505722448845,-28.32323165595949,True
2,PTHW,42,0.05,10.0,all_scenarios,cost_per_10000,42.42704497035557,39.15707420191244,-3.2699707684431303,True
2,PTHW,42,0.05,50.0,all_scenarios,cost_per_10000,174.64616604184903,190.8804148568975,16.23424881504846,True
2,PTHW,42,0.05,100.0,all_scenarios,cost_per_10000,274.59496952981783,271.7048438506383,-2.890125679179505,True
2,PTHW,42,0.05,500.0,all_scenarios,cost_per_10000,908.226123433139,862.330927647768,-45.895195785371016,True
2,PTHW,42,0.05,1000.0,all_scenarios,cost_per_10000,1676.173803900844,1645.9678618024475,-30.205942098396463,True
2,PTHW,42,0.1,10.0,all_scenarios,cost_per_10000,42.42704497035557,39.15707420191244,-3.2699707684431303,True
2,PTHW,42,0.1,50.0,all_scenarios,cost_per_10000,174.64616604184903,190.8804148568975,16.23424881504846,True
2,PTHW,42,0.1,100.0,all_scenarios,cost_per_10000,274.59496952981783,271.7048438506383,-2.890125679179505,True
2,PTHW,42,0.1,500.0,all_scenarios,cost_per_10000,908.226123433139,862.330927647768,-45.895195785371016,True
2,PTHW,42,0.1,1000.0,all_scenarios,cost_per_10000,1676.173803900844,1645.9678618024475,-30.205942098396463,True
2,PTHW,52,0.01,10.0,all_scenarios,cost_per_10000,52.08832224075573,48.33941635976284,-3.7489058809928864,True
2,PTHW,52,0.01,50.0,all_scenarios,cost_per_10000,200.73987217386997,189.70784958134465,-11.032022592525323,True
2,PTHW,52,0.01,100.0,all_scenarios,cost_per_10000,386.53366583541145,366.4183911083219,-20.11527472708957,True
2,PTHW,52,0.01,500.0,all_scenarios,cost_per_10000,1686.0993212333406,1776.9979025945072,90.89858136116663,True
2,PTHW,52,0.01,1000.0,all_scenarios,cost_per_10000,3329.342207395419,3527.588313983254,198.24610658783513,True
2,PTHW,52,0.03,10.0,all_scenarios,cost_per_10000,52.08832224075573,48.33941635976284,-3.7489058809928864,True
2,PTHW,52,0.03,50.0,all_scenarios,cost_per_10000,200.73987217386997,189.70784958134465,-11.032022592525323,True
2,PTHW,52,0.03,100.0,all_scenarios,cost_per_10000,317.81473468646266,309.4911727304256,-8.323561956037054,True
2,PTHW,52,0.03,500.0,all_scenarios,cost_per_10000,998.6127396739938,949.8274182094433,-48.78532146455052,True
2,PTHW,52,0.03,1000.0,all_scenarios,cost_per_10000,1835.609651368268,1717.7750986771482,-117.83455269111982,True
2,PTHW,52,0.05,10.0,all_scenarios,cost_per_10000,52.08832224075573,48.33941635976284,-3.7489058809928864,True
2,PTHW,52,0.05,50.0,all_scenarios,cost_per_10000,200.73987217386997,189.70784958134465,-11.032022592525323,True
2,PTHW,52,0.05,100.0,all_scenarios,cost_per_10000,317.81473468646266,309.4911727304256,-8.323561956037054,True
2,PTHW,52,0.05,500.0,all_scenarios,cost_per_10000,998.6127396739938,949.8274182094433,-48.78532146455052,True
2,PTHW,52,0.05,1000.0,all_scenarios,cost_per_10000,1835.609651368268,1733.2992023253125,-102.3104490429555,True
2,PTHW,52,0.1,10.0,all_scenarios,cost_per_10000,52.08832224075573,48.33941635976284,-3.7489058809928864,True
2,PTHW,52,0.1,50.0,all_scenarios,cost_per_10000,200.73987217386997,189.70784958134465,-11.032022592525323,True
2,PTHW,52,0.1,100.0,all_scenarios,cost_per_10000,317.81473468646266,309.4911727304256,-8.323561956037054,True
2,PTHW,52,0.1,500.0,all_scenarios,cost_per_10000,998.6127396739938,949.8274182094433,-48.78532146455052,True
2,PTHW,52,0.1,1000.0,all_scenarios,cost_per_10000,1835.609651368268,1733.2992023253125,-102.3104490429555,True
2,PTHW,62,0.01,10.0,all_scenarios,cost_per_10000,51.52681210880085,51.52681210880085,0.0,False
2,PTHW,62,0.01,50.0,all_scenarios,cost_per_10000,194.3320506680319,176.38024144935673,-17.95180921867518,True
2,PTHW,62,0.01,100.0,all_scenarios,cost_per_10000,319.68093012501856,279.5990157057687,-40.08191441924987,True
2,PTHW,62,0.01,500.0,all_scenarios,cost_per_10000,1323.7931660913941,1105.3492097570643,-218.44395633432987,True
2,PTHW,62,0.01,1000.0,all_scenarios,cost_per_10000,2578.9334610493634,2137.536952321184,-441.39650872817947,True
2,PTHW,62,0.03,10.0,all_scenarios,cost_per_10000,51.52681210880085,51.52681210880085,0.0,False
2,PTHW,62,0.03,50.0,all_scenarios,cost_per_10000,195.4220409241796,176.38024144935673,-19.04179947482288,True
2,PTHW,62,0.03,100.0,all_scenarios,cost_per_10000,299.4335353668808,274.1986094366732,-25.234925930207567,True
2,PTHW,62,0.03,500.0,all_scenarios,cost_per_10000,979.8516952651484,919.5223860877608,-60.329309177387586,True
2,PTHW,62,0.03,1000.0,all_scenarios,cost_per_10000,1772.472791531106,1720.5000743175174,-51.97271721358857,True
2,PTHW,62,0.05,10.0,all_scenarios,cost_per_10000,51.52681210880085,51.52681210880085,0.0,False
2,PTHW,62,0.05,50.0,all_scenarios,cost_per_10000,195.4220409241796,176.38024144935673,-19.04179947482288,True
2,PTHW,62,0.05,100.0,all_scenarios,cost_per_10000,299.4335353668808,274.1986094366732,-25.234925930207567,True
2,PTHW,62,0.05,500.0,all_scenarios,cost_per_10000,979.8516952651484,919.5223860877608,-60.329309177387586,True
2,PTHW,62,0.05,1000.0,all_scenarios,cost_per_10000,1772.472791531106,1720.5000743175174,-51.97271721358857,True
2,PTHW,62,0.1,10.0,all_scenarios,cost_per_10000,51.52681210880085,51.52681210880085,0.0,False
2,PTHW,62,0.1,50.0,all_scenarios,cost_per_10000,195.4220409241796,176.38024144935673,-19.04179947482288,True
2,PTHW,62,0.1,100.0,all_scenarios,cost_per_10000,299.4335353668808,274.1986094366732,-25.234925930207567,True
2,PTHW,62,0.1,500.0,all_scenarios,cost_per_10000,979.8516952651484,919.5223860877608,-60.329309177387586,True
2,PTHW,62,0.1,1000.0,all_scenarios,cost_per_10000,1772.472791531106,1720.5000743175174,-51.97271721358857,True
2,PTHW,72,0.01,10.0,all_scenarios,cost_per_10000,51.52681210880085,51.52681210880085,0.0,False
2,PTHW,72,0.01,50.0,all_scenarios,cost_per_10000,218.6751663886641,226.94918333305807,8.274016944393964,True
2,PTHW,72,0.01,100.0,all_scenarios,cost_per_10000,394.6095027332331,374.3786229789764,-20.230879754256705,True
2,PTHW,72,0.01,500.0,all_scenarios,cost_per_10000,1695.991808558075,1566.1838780532114,-129.80793050486363,True
2,PTHW,72,0.01,1000.0,all_scenarios,cost_per_10000,3322.7196908391275,3052.5342273455435,-270.18546349358394,True
2,PTHW,72,0.03,10.0,all_scenarios,cost_per_10000,51.52681210880085,51.52681210880085,0.0,False
2,PTHW,72,0.03,50.0,all_scenarios,cost_per_10000,218.6751663886641,226.94918333305807,8.274016944393964,True
2,PTHW,72,0.03,100.0,all_scenarios,cost_per_10000,326.4190517084771,339.0034846658189,12.58443295734179,True
2,PTHW,72,0.03,500.0,all_scenarios,cost_per_10000,1099.4203233637759,911.6942742481544,-187.72604911562144,True
2,PTHW,72,0.03,1000.0,all_scenarios,cost_per_10000,2027.9103565589337,1555.6968505887598,-472.21350597017386,True
2,PTHW,72,0.05,10.0,all_scenarios,cost_per_10000,51.52681210880085,51.52681210880085,0.0,False
2,PTHW,72,0.05,50.0,all_scenarios,cost_per_10000,218.6751663886641,226.94918333305807,8.274016944393964,True
2,PTHW,72,0.05,100.0,all_scenarios,cost_per_10000,326.4190517084771,339.0034846658189,12.58443295734179,True
2,PTHW,72,0.05,500.0,all_scenarios,cost_per_10000,1099.4203233637759,911.6942742481544,-187.72604911562144,True
2,PTHW,72,0.05,1000.0,all_scenarios,cost_per_10000,2027.9103565589337,1639.2462552228699,-388.6641013360638,True
2,PTHW,72,0.1,10.0,all_scenarios,cost_per_10000,51.52681210880085,51.52681210880085,0.0,False
2,PTHW,72,0.1,50.0,all_scenarios,cost_per_10000,218.6751663886641,226.94918333305807,8.274016944393964,True
2,PTHW,72,0.1,100.0,all_scenarios,cost_per_10000,326.4190517084771,339.0034846658189,12.58443295734179,True
2,PTHW,72,0.1,500.0,all_scenarios,cost_per_10000,1099.4203233637759,911.6942742481544,-187.72604911562144,True
2,PTHW,72,0.1,1000.0,all_scenarios,cost_per_10000,2027.9103565589337,1639.2462552228699,-388.6641013360638,True
2,PTHW,82,0.01,10.0,all_scenarios,cost_per_10000,40.412214496870405,47.51366616571155,7.101451668841143,True
2,PTHW,82,0.01,50.0,all_scenarios,cost_per_10000,190.35193473270465,186.751663886641,-3.600270846063637,True
2,PTHW,82,0.01,100.0,all_scenarios,cost_per_10000,369.15988175257223,335.882148932305,-33.27773282026726,True
2,PTHW,82,0.01,500.0,all_scenarios,cost_per_10000,1482.2876583375996,1379.6303942131426,-102.65726412445701,True
2,PTHW,82,0.01,1000.0,all_scenarios,cost_per_10000,2886.062988224802,2684.3157008141898,-201.74728741061244,True
2,PTHW,82,0.03,10.0,all_scenarios,cost_per_10000,40.412214496870405,47.51366616571155,7.101451668841143,True
2,PTHW,82,0.03,50.0,all_scenarios,cost_per_10000,190.35193473270465,186.751663886641,-3.600270846063637,True
2,PTHW,82,0.03,100.0,all_scenarios,cost_per_10000,319.10290498918266,262.605076712193,-56.49782827698965,True
2,PTHW,82,0.03,500.0,all_scenarios,cost_per_10000,1013.8395732522997,774.6032270317584,-239.23634622054135,True
2,PTHW,82,0.03,1000.0,all_scenarios,cost_per_10000,1839.5897673035954,1393.91587257023,-445.6738947333654,True
2,PTHW,82,0.05,10.0,all_scenarios,cost_per_10000,40.412214496870405,47.51366616571155,7.101451668841143,True
2,PTHW,82,0.05,50.0,all_scenarios,cost_per_10000,190.35193473270465,186.751663886641,-3.600270846063637,True
2,PTHW,82,0.05,100.0,all_scenarios,cost_per_10000,319.10290498918266,262.605076712193,-56.49782827698965,True
2,PTHW,82,0.05,500.0,all_scenarios,cost_per_10000,1013.8395732522997,774.6032270317584,-239.23634622054135,True
2,PTHW,82,0.05,1000.0,all_scenarios,cost_per_10000,1839.5897673035954,1393.91587257023,-445.6738947333654,True
2,PTHW,82,0.1,10.0,all_scenarios,cost_per_10000,40.412214496870405,47.51366616571155,7.101451668841143,True
2,PTHW,82,0.1,50.0,all_scenarios,cost_per_10000,190.35193473270465,186.751663886641,-3.600270846063637,True
2,PTHW,82,0.1,100.0,all_scenarios,cost_per_10000,319.10290498918266,262.605076712193,-56.49782827698965,True
2,PTHW,82,0.1,500.0,all_scenarios,cost_per_10000,1013.8395732522997,774.6032270317584,-239.23634622054135,True
2,PTHW,82,0.1,1000.0,all_scenarios,cost_per_10000,1839.5897673035954,1393.91587257023,-445.6738947333654,True
2,PTHW5,42,0.03,100.0,all_scenarios,cost_per_10000,277.6667602516887,329.1275123449654,51.46075209327671,True
2,PTHW5,52,0.03,100.0,all_scenarios,cost_per_10000,335.78305890901885,368.66443163614144,32.881372727122596,True
2,PTHW5,62,0.03,100.0,all_scenarios,cost_per_10000,328.7476672557018,326.6502617628115,-2.0974054928902888,True
2,PTHW5,72,0.03,100.0,all_scenarios,cost_per_10000,331.57173291935726,295.3873594160295,-36.18437350332778,True
2,PTHW5,82,0.03,100.0,all_scenarios,cost_per_10000,291.258608445773,267.19624779111825,-24.062360654654753,True
3,P0,42,0.01,10.0,all_scenarios,cost_per_10000,481.7793608837752,493.04014461547644,11.260783731701224,True
3,P0,42,0.01,50.0,all_scenarios,cost_per_10000,2370.638409481046,2201.8365914220153,-168.80181805903067,True
3,P0,42,0.01,100.0,all_scenarios,cost_per_10000,4039.684446768846,4204.041631918432,164.35718514958626,True
3,P0,42,0.01,500.0,all_scenarios,cost_per_10000,19597.4544660708,20353.277641925924,755.8231758551228,True
3,P0,42,0.01,1000.0,all_scenarios,cost_per_10000,39103.581934373346,40621.11781732402,1517.535882950673,True
3,P0,42,0.03,10.0,all_scenarios,cost_per_10000,481.7793608837752,493.04014461547644,11.260783731701224,True
3,P0,42,0.03,50.0,all_scenarios,cost_per_10000,2370.638409481046,2201.8365914220153,-168.80181805903067,True
3,P0,42,0.03,100.0,all_scenarios,cost_per_10000,4039.684446768846,4204.041631918432,164.35718514958626,True
3,P0,42,0.03,500.0,all_scenarios,cost_per_10000,16511.559971918716,16459.292345336984,-52.26762658173175,True
3,P0,42,0.03,1000.0,all_scenarios,cost_per_10000,32164.89745148204,32612.31336075499,447.41590927294965,True
3,P0,42,0.05,10.0,all_scenarios,cost_per_10000,481.7793608837752,493.04014461547644,11.260783731701224,True
3,P0,42,0.05,50.0,all_scenarios,cost_per_10000,2370.638409481046,2201.8365914220153,-168.80181805903067,True
3,P0,42,0.05,100.0,all_scenarios,cost_per_10000,4039.684446768846,4204.041631918432,164.35718514958626,True
3,P0,42,0.05,500.0,all_scenarios,cost_per_10000,14619.90535915932,14208.580497327723,-411.32486183159745,True
3,P0,42,0.05,1000.0,all_scenarios,cost_per_10000,26079.959417203398,27841.667412673956,1761.7079954705587,True
3,P0,42,0.1,10.0,all_scenarios,cost_per_10000,481.7793608837752,493.04014461547644,11.260783731701224,True
3,P0,42,0.1,50.0,all_scenarios,cost_per_10000,2370.638409481046,2201.8365914220153,-168.80181805903067,True
3,P0,42,0.1,100.0,all_scenarios,cost_per_10000,4039.684446768846,4204.041631918432,164.35718514958626,True
3,P0,42,0.1,500.0,all_scenarios,cost_per_10000,8356.33391600429,8877.53387265734,521.1999566530503,True
3,P0,42,0.1,1000.0,all_scenarios,cost_per_10000,15714.321612380894,16777.35844315346,1063.036830772564,True
3,P0,52,0.01,10.0,all_scenarios,cost_per_10000,481.0097954683591,481.48095796759344,0.47116249923436726,True
3,P0,52,0.01,50.0,all_scenarios,cost_per_10000,2149.506143173719,2153.1026835845414,3.5965404108223993,True
3,P0,52,0.01,100.0,all_scenarios,cost_per_10000,4260.314139743657,4115.306027895961,-145.00811184769555,True
3,P0,52,0.01,500.0,all_scenarios,cost_per_10000,20139.793913522833,19564.017634041804,-575.7762794810296,True
3,P0,52,0.01,1000.0,all_scenarios,cost_per_10000,40187.75825594489,39038.73426906206,-1149.0239868828357,True
3,P0,52,0.03,10.0,all_scenarios,cost_per_10000,481.0097954683591,481.48095796759344,0.47116249923436726,True
3,P0,52,0.03,50.0,all_scenarios,cost_per_10000,2149.506143173719,2153.1026835845414,3.5965404108223993,True
3,P0,52,0.03,100.0,all_scenarios,cost_per_10000,4260.314139743657,4115.306027895961,-145.00811184769555,True
3,P0,52,0.03,500.0,all_scenarios,cost_per_10000,15817.78889721276,16225.360164467123,407.5712672543632,True
3,P0,52,0.03,1000.0,all_scenarios,cost_per_10000,31334.74053866438,32174.21076355024,839.4702248858594,True
3,P0,52,0.05,10.0,all_scenarios,cost_per_10000,481.0097954683591,481.48095796759344,0.47116249923436726,True
3,P0,52,0.05,50.0,all_scenarios,cost_per_10000,2149.506143173719,2153.1026835845414,3.5965404108223993,True
3,P0,52,0.05,100.0,all_scenarios,cost_per_10000,4260.314139743657,4115.306027895961,-145.00811184769555,True
3,P0,52,0.05,500.0,all_scenarios,cost_per_10000,12730.386683063121,13260.365967618573,529.9792845554512,True
3,P0,52,0.05,1000.0,all_scenarios,cost_per_10000,24949.200829874215,26021.01698854918,1071.8161586749666,True
3,P0,52,0.1,10.0,all_scenarios,cost_per_10000,481.0097954683591,481.48095796759344,0.47116249923436726,True
3,P0,52,0.1,50.0,all_scenarios,cost_per_10000,2149.506143173719,2153.1026835845414,3.5965404108223993,True
3,P0,52,0.1,100.0,all_scenarios,cost_per_10000,4260.314139743657,4115.306027895961,-145.00811184769555,True
3,P0,52,0.1,500.0,all_scenarios,cost_per_10000,8485.76225454397,8672.436836740624,186.67458219665423,True
3,P0,52,0.1,1000.0,all_scenarios,cost_per_10000,15273.01511018135,15269.622740186864,-3.3923699944862165,True
3,P0,62,0.01,10.0,all_scenarios,cost_per_10000,515.9386420782664,482.54892629919135,-33.38971577907506,True
3,P0,62,0.01,50.0,all_scenarios,cost_per_10000,2540.4296687884685,2373.1512761436293,-167.2783926448392,True
3,P0,62,0.01,100.0,all_scenarios,cost_per_10000,5079.210268829616,4013.503517228057,-1065.7067516015595,True
3,P0,62,0.01,500.0,all_scenarios,cost_per_10000,22797.919974620047,19725.20232502988,-3072.717649590166,True
3,P0,62,0.01,1000.0,all_scenarios,cost_per_10000,45500.09972939567,39364.82583478216,-6135.273894613507,True
3,P0,62,0.03,10.0,all_scenarios,cost_per_10000,515.9386420782664,482.54892629919135,-33.38971577907506,True
3,P0,62,0.03,50.0,all_scenarios,cost_per_10000,2540.4296687884685,2373.1512761436293,-167.2783926448392,True
3,P0,62,0.03,100.0,all_scenarios,cost_per_10000,4191.25742277254,4013.503517228057,-177.75390554448313,True
3,P0,62,0.03,500.0,all_scenarios,cost_per_10000,17063.95088602108,15780.127308107292,-1283.8235779137885,True
3,P0,62,0.03,1000.0,all_scenarios,cost_per_10000,33821.63044212318,31265.66811627662,-2555.9623258465617,True
3,P0,62,0.05,10.0,all_scenarios,cost_per_10000,515.9386420782664,482.54892629919135,-33.38971577907506,True
3,P0,62,0.05,50.0,all_scenarios,cost_per_10000,2540.4296687884685,2373.1512761436293,-167.2783926448392,True
3,P0,62,0.05,100.0,all_scenarios,cost_per_10000,4191.25742277254,4013.503517228057,-177.75390554448313,True
3,P0,62,0.05,500.0,all_scenarios,cost_per_10000,15132.294577076687,12968.889140175555,-2163.405436901132,True
3,P0,62,0.05,1000.0,all_scenarios,cost_per_10000,29204.300771293012,25446.842661565548,-3757.458109727464,True
3,P0,62,0.1,10.0,all_scenarios,cost_per_10000,515.9386420782664,482.54892629919135,-33.38971577907506,True
3,P0,62,0.1,50.0,all_scenarios,cost_per_10000,2540.4296687884685,2373.1512761436293,-167.2783926448392,True
3,P0,62,0.1,100.0,all_scenarios,cost_per_10000,4191.25742277254,4013.503517228057,-177.75390554448313,True
3,P0,62,0.1,500.0,all_scenarios,cost_per_10000,10097.373583175102,8526.674864894154,-1570.698718280948,True
3,P0,62,0.1,1000.0,all_scenarios,cost_per_10000,19261.48419328342,15344.600399231691,-3916.8837940517296,True
3,P0,72,0.01,10.0,all_scenarios,cost_per_10000,481.48095796759344,482.84732921537307,1.3663712477796253,True
3,P0,72,0.01,50.0,all_scenarios,cost_per_10000,2141.590613186582,2154.6418144153736,13.051201228791797,True
3,P0,72,0.01,100.0,all_scenarios,cost_per_10000,4231.934451873107,4012.2784947300474,-219.65595714305937,True
3,P0,72,0.01,500.0,all_scenarios,cost_per_10000,20520.36756957107,19736.541635844787,-783.8259337262825,True
3,P0,72,0.01,1000.0,all_scenarios,cost_per_10000,40976.67274466291,39391.87056223821,-1584.802182424697,True
3,P0,72,0.03,10.0,all_scenarios,cost_per_10000,481.48095796759344,482.84732921537307,1.3663712477796253,True
3,P0,72,0.03,50.0,all_scenarios,cost_per_10000,2141.590613186582,2154.6418144153736,13.051201228791797,True
3,P0,72,0.03,100.0,all_scenarios,cost_per_10000,4231.934451873107,4012.2784947300474,-219.65595714305937,True
3,P0,72,0.03,500.0,all_scenarios,cost_per_10000,16480.730239052147,16509.345508172315,28.615269120167795,True
3,P0,72,0.03,1000.0,all_scenarios,cost_per_10000,31833.874384936622,32665.82171525137,831.9473303147497,True
3,P0,72,0.05,10.0,all_scenarios,cost_per_10000,481.48095796759344,482.84732921537307,1.3663712477796253,True
3,P0,72,0.05,50.0,all_scenarios,cost_per_10000,2141.590613186582,2154.6418144153736,13.051201228791797,True
3,P0,72,0.05,100.0,all_scenarios,cost_per_10000,4231.934451873107,4012.2784947300474,-219.65595714305937,True
3,P0,72,0.05,500.0,all_scenarios,cost_per_10000,13143.10932697578,13949.896579831418,806.7872528556381,True
3,P0,72,0.05,1000.0,all_scenarios,cost_per_10000,25778.117014777228,27425.14405793414,1647.0270431569115,True
3,P0,72,0.1,10.0,all_scenarios,cost_per_10000,481.48095796759344,482.84732921537307,1.3663712477796253,True
3,P0,72,0.1,50.0,all_scenarios,cost_per_10000,2141.590613186582,2154.6418144153736,13.051201228791797,True
3,P0,72,0.1,100.0,all_scenarios,cost_per_10000,4231.934451873107,4012.2784947300474,-219.65595714305937,True
3,P0,72,0.1,500.0,all_scenarios,cost_per_10000,8594.129629367873,8614.860779334185,20.731149966311932,True
3,P0,72,0.1,1000.0,all_scenarios,cost_per_10000,15501.104876060705,16255.545975251405,754.4410991907007,True
3,P0,82,0.01,10.0,all_scenarios,cost_per_10000,483.4441350477366,481.7793608837752,-1.6647741639613969,True
3,P0,82,0.01,50.0,all_scenarios,cost_per_10000,2374.863166557514,2371.6435561460794,-3.219610411434587,True
3,P0,82,0.01,100.0,all_scenarios,cost_per_10000,4747.951621034578,4154.491042415619,-593.4605786189595,True
3,P0,82,0.01,500.0,all_scenarios,cost_per_10000,21535.047422505548,19719.249972122885,-1815.7974503826626,True
3,P0,82,0.01,1000.0,all_scenarios,cost_per_10000,42980.793845989545,39358.87348187516,-3621.920364114383,True
3,P0,82,0.03,10.0,all_scenarios,cost_per_10000,483.4441350477366,481.7793608837752,-1.6647741639613969,True
3,P0,82,0.03,50.0,all_scenarios,cost_per_10000,2374.863166557514,2371.6435561460794,-3.219610411434587,True
3,P0,82,0.03,100.0,all_scenarios,cost_per_10000,3902.2934619921066,4154.491042415619,252.19758042351214,True
3,P0,82,0.03,500.0,all_scenarios,cost_per_10000,15596.640925488791,15883.48465502267,286.843729533879,True
3,P0,82,0.03,1000.0,all_scenarios,cost_per_10000,30893.71673396438,30733.91411964072,-159.8026143236566,True
3,P0,82,0.05,10.0,all_scenarios,cost_per_10000,483.4441350477366,481.7793608837752,-1.6647741639613969,True
3,P0,82,0.05,50.0,all_scenarios,cost_per_10000,2374.863166557514,2371.6435561460794,-3.219610411434587,True
3,P0,82,0.05,100.0,all_scenarios,cost_per_10000,3902.2934619921066,4154.491042415619,252.19758042351214,True
3,P0,82,0.05,500.0,all_scenarios,cost_per_10000,13672.554627365433,14272.077496807875,599.5228694424422,True
3,P0,82,0.05,1000.0,all_scenarios,cost_per_10000,26912.220855850974,25275.08822517798,-1637.1326306729934,True
3,P0,82,0.1,10.0,all_scenarios,cost_per_10000,483.4441350477366,481.7793608837752,-1.6647741639613969,True
3,P0,82,0.1,50.0,all_scenarios,cost_per_10000,2374.863166557514,2371.6435561460794,-3.219610411434587,True
3,P0,82,0.1,100.0,all_scenarios,cost_per_10000,3902.2934619921066,4154.491042415619,252.19758042351214,True
3,P0,82,0.1,500.0,all_scenarios,cost_per_10000,8450.283718351622,8430.275017550803,-20.008700800819497,True
3,P0,82,0.1,1000.0,all_scenarios,cost_per_10000,15965.32558113968,15921.758755377143,-43.56682576253661,True
3,PH,42,0.03,100.0,all_scenarios,cost_per_10000,1888.9846919303998,1892.3613565082462,3.376664577846441,True
3,PH,52,0.03,100.0,all_scenarios,cost_per_10000,1770.4245017063936,1867.3740386321838,96.9495369257902,True
3,PH,62,0.03,100.0,all_scenarios,cost_per_10000,1979.306543033627,1842.0254961733751,-137.28104686025176,True
3,PH,72,0.03,100.0,all_scenarios,cost_per_10000,2714.445685172359,1956.517983487325,-757.927701685034,True
3,PH,82,0.03,100.0,all_scenarios,cost_per_10000,1939.8702418477108,1914.7886914718017,-25.081550375909046,True
3,PT,42,0.03,100.0,all_scenarios,cost_per_10000,3427.2046085974594,3392.746924486786,-34.4576841106732,True
3,PT,52,0.03,100.0,all_scenarios,cost_per_10000,3460.343037710276,3247.3461772230626,-212.99686048721333,True
3,PT,62,0.03,100.0,all_scenarios,cost_per_10000,3586.9129904212664,3220.2229226838044,-366.69006773746196,True
3,PT,72,0.03,100.0,all_scenarios,cost_per_10000,3837.524323764023,3448.2969831465175,-389.22734061750543,True
3,PT,82,0.03,100.0,all_scenarios,cost_per_10000,3300.6032450531866,3291.7296846509394,-8.873560402247222,True
3,PTH,42,0.03,100.0,all_scenarios,cost_per_10000,1547.9886858178518,1556.673781220405,8.685095402553316,True
3,PTH,52,0.03,100.0,all_scenarios,cost_per_10000,2329.176109548422,2075.046762878049,-254.12934667037325,True
3,PTH,62,0.03,100.0,all_scenarios,cost_per_10000,2110.493888237114,1648.1578331550768,-462.3360550820371,True
3,PTH,72,0.03,100.0,all_scenarios,cost_per_10000,1864.6570015532657,2519.6042863223097,654.947284769044,True
3,PTH,82,0.03,100.0,all_scenarios,cost_per_10000,2025.998746707752,1682.631222682391,-343.36752402536104,True
3,PTHW,42,0.01,10.0,all_scenarios,cost_per_10000,390.1068439494097,411.529032247932,21.422188298522258,True
3,PTHW,42,0.01,50.0,all_scenarios,cost_per_10000,1088.9978844803784,1060.4611424434172,-28.536742036961186,True
3,PTHW,42,0.01,100.0,all_scenarios,cost_per_10000,2050.1693829184746,1569.3009361998859,-480.86844671858876,True
3,PTHW,42,0.01,500.0,all_scenarios,cost_per_10000,8049.465780252952,6729.535449481172,-1319.93033077178,True
3,PTHW,42,0.01,1000.0,all_scenarios,cost_per_10000,15941.437642428496,13255.136063877071,-2686.3015785514253,True
3,PTHW,42,0.03,10.0,all_scenarios,cost_per_10000,390.1068439494097,411.529032247932,21.422188298522258,True
3,PTHW,42,0.03,50.0,all_scenarios,cost_per_10000,1088.9978844803784,1060.4611424434172,-28.536742036961186,True
3,PTHW,42,0.03,100.0,all_scenarios,cost_per_10000,2050.1693829184746,1569.3009361998859,-480.86844671858876,True
3,PTHW,42,0.03,500.0,all_scenarios,cost_per_10000,6571.1463226552205,5671.807049533313,-899.3392731219074,True
3,PTHW,42,0.03,1000.0,all_scenarios,cost_per_10000,11677.809659773558,10771.402949163137,-906.4067106104212,True
3,PTHW,42,0.05,10.0,all_scenarios,cost_per_10000,390.1068439494097,411.529032247932,21.422188298522258,True
3,PTHW,42,0.05,50.0,all_scenarios,cost_per_10000,1088.9978844803784,1060.4611424434172,-28.536742036961186,True
3,PTHW,42,0.05,100.0,all_scenarios,cost_per_10000,2050.1693829184746,1569.3009361998859,-480.86844671858876,True
3,PTHW,42,0.05,500.0,all_scenarios,cost_per_10000,6571.1463226552205,5671.807049533313,-899.3392731219074,True
3,PTHW,42,0.05,1000.0,all_scenarios,cost_per_10000,11677.809659773558,10771.402949163137,-906.4067106104212,True
3,PTHW,42,0.1,10.0,all_scenarios,cost_per_10000,390.1068439494097,411.529032247932,21.422188298522258,True
3,PTHW,42,0.1,50.0,all_scenarios,cost_per_10000,1088.9978844803784,1060.4611424434172,-28.536742036961186,True
3,PTHW,42,0.1,100.0,all_scenarios,cost_per_10000,2050.1693829184746,1569.3009361998859,-480.86844671858876,True
3,PTHW,42,0.1,500.0,all_scenarios,cost_per_10000,6571.1463226552205,5671.807049533313,-899.3392731219074,True
3,PTHW,42,0.1,1000.0,all_scenarios,cost_per_10000,11677.809659773558,10771.402949163137,-906.4067106104212,True
3,PTHW,52,0.01,10.0,all_scenarios,cost_per_10000,455.11156342711035,469.1050896543709,13.993526227260531,True
3,PTHW,52,0.01,50.0,all_scenarios,cost_per_10000,1491.2450154933936,1511.3636542107008,20.11863871730725,True
3,PTHW,52,0.01,100.0,all_scenarios,cost_per_10000,2455.1806672603316,2807.8457979372506,352.66513067691903,True
3,PTHW,52,0.01,500.0,all_scenarios,cost_per_10000,10207.782662162354,9782.574212019983,-425.20845014237057,True
3,PTHW,52,0.01,1000.0,all_scenarios,cost_per_10000,20227.838479213096,18860.305030602005,-1367.5334486110914,True
3,PTHW,52,0.03,10.0,all_scenarios,cost_per_10000,455.11156342711035,469.1050896543709,13.993526227260531,True
3,PTHW,52,0.03,50.0,all_scenarios,cost_per_10000,1491.2450154933936,1511.3636542107008,20.11863871730725,True
3,PTHW,52,0.03,100.0,all_scenarios,cost_per_10000,2455.1806672603316,2089.6056841043905,-365.574983155941,True
3,PTHW,52,0.03,500.0,all_scenarios,cost_per_10000,9434.730644251897,7240.6368232339655,-2194.093821017931,True
3,PTHW,52,0.03,1000.0,all_scenarios,cost_per_10000,18400.576074682398,13734.826604347574,-4665.749470334824,True
3,PTHW,52,0.05,10.0,all_scenarios,cost_per_10000,455.11156342711035,469.1050896543709,13.993526227260531,True
3,PTHW,52,0.05,50.0,all_scenarios,cost_per_10000,1491.2450154933936,1511.3636542107008,20.11863871730725,True
3,PTHW,52,0.05,100.0,all_scenarios,cost_per_10000,2455.1806672603316,2089.6056841043905,-365.574983155941,True
3,PTHW,52,0.05,500.0,all_scenarios,cost_per_10000,9434.730644251897,7240.6368232339655,-2194.093821017931,True
3,PTHW,52,0.05,1000.0,all_scenarios,cost_per_10000,18400.576074682398,13734.826604347574,-4665.749470334824,True
3,PTHW,52,0.1,10.0,all_scenarios,cost_per_10000,455.11156342711035,469.1050896543709,13.993526227260531,True
3,PTHW,52,0.1,50.0,all_scenarios,cost_per_10000,1491.2450154933936,1511.3636542107008,20.11863871730725,True
3,PTHW,52,0.1,100.0,all_scenarios,cost_per_10000,2455.1806672603316,2089.6056841043905,-365.574983155941,True
3,PTHW,52,0.1,500.0,all_scenarios,cost_per_10000,9434.730644251897,7240.6368232339655,-2194.093821017931,True
3,PTHW,52,0.1,1000.0,all_scenarios,cost_per_10000,18400.576074682398,13734.826604347574,-4665.749470334824,True
3,PTHW,62,0.01,10.0,all_scenarios,cost_per_10000,510.928614169741,427.20303805579505,-83.72557611394598,True
3,PTHW,62,0.01,50.0,all_scenarios,cost_per_10000,1481.806060092065,1577.1536445204586,95.34758442839347,True
3,PTHW,62,0.01,100.0,all_scenarios,cost_per_10000,2287.3997012829755,2772.2730292450565,484.873327962081,True
3,PTHW,62,0.01,500.0,all_scenarios,cost_per_10000,9758.058056643156,12597.785850361932,2839.7277937187755,True
3,PTHW,62,0.01,1000.0,all_scenarios,cost_per_10000,19212.718874612667,25028.62312182849,5815.904247215822,True
3,PTHW,62,0.03,10.0,all_scenarios,cost_per_10000,510.928614169741,427.20303805579505,-83.72557611394598,True
3,PTHW,62,0.03,50.0,all_scenarios,cost_per_10000,1481.806060092065,1577.1536445204586,95.34758442839347,True
3,PTHW,62,0.03,100.0,all_scenarios,cost_per_10000,2287.3997012829755,2479.8852876368533,192.4855863538778,True
3,PTHW,62,0.03,500.0,all_scenarios,cost_per_10000,8396.838185521805,11067.74845576491,2670.9102702431046,True
3,PTHW,62,0.03,1000.0,all_scenarios,cost_per_10000,15243.426105229433,20834.821421560082,5591.395316330649,True
3,PTHW,62,0.05,10.0,all_scenarios,cost_per_10000,510.928614169741,427.20303805579505,-83.72557611394598,True
3,PTHW,62,0.05,50.0,all_scenarios,cost_per_10000,1481.806060092065,1577.1536445204586,95.34758442839347,True
3,PTHW,62,0.05,100.0,all_scenarios,cost_per_10000,2287.3997012829755,2479.8852876368533,192.4855863538778,True
3,PTHW,62,0.05,500.0,all_scenarios,cost_per_10000,8396.838185521805,11067.74845576491,2670.9102702431046,True
3,PTHW,62,0.05,1000.0,all_scenarios,cost_per_10000,15243.426105229433,20834.821421560082,5591.395316330649,True
3,PTHW,62,0.1,10.0,all_scenarios,cost_per_10000,510.928614169741,427.20303805579505,-83.72557611394598,True
3,PTHW,62,0.1,50.0,all_scenarios,cost_per_10000,1481.806060092065,1577.1536445204586,95.34758442839347,True
3,PTHW,62,0.1,100.0,all_scenarios,cost_per_10000,2287.3997012829755,2479.8852876368533,192.4855863538778,True
3,PTHW,62,0.1,500.0,all_scenarios,cost_per_10000,8396.838185521805,11067.74845576491,2670.9102702431046,True
3,PTHW,62,0.1,1000.0,all_scenarios,cost_per_10000,15243.426105229433,20834.821421560082,5591.395316330649,True
3,PTHW,72,0.01,10.0,all_scenarios,cost_per_10000,427.7998438881586,392.6825322785576,-35.11731160960102,True
3,PTHW,72,0.01,50.0,all_scenarios,cost_per_10000,1316.0982091113403,1290.4669691529912,-25.63123995834917,True
3,PTHW,72,0.01,100.0,all_scenarios,cost_per_10000,1712.3144601341558,1635.5777944255194,-76.73666570863634,True
3,PTHW,72,0.01,500.0,all_scenarios,cost_per_10000,7812.298283555016,7465.428451618679,-346.8698319363366,True
3,PTHW,72,0.01,1000.0,all_scenarios,cost_per_10000,15437.27806283109,14752.741773110129,-684.5362897209616,True
3,PTHW,72,0.03,10.0,all_scenarios,cost_per_10000,427.7998438881586,392.6825322785576,-35.11731160960102,True
3,PTHW,72,0.03,50.0,all_scenarios,cost_per_10000,1316.0982091113403,1290.4669691529912,-25.63123995834917,True
3,PTHW,72,0.03,100.0,all_scenarios,cost_per_10000,1535.9426312540932,1577.8289774360278,41.88634618193464,True
3,PTHW,72,0.03,500.0,all_scenarios,cost_per_10000,6560.403817672677,5782.9856939359815,-777.4181237366956,True
3,PTHW,72,0.03,1000.0,all_scenarios,cost_per_10000,12109.818555321544,11311.29235161915,-798.5262037023949,True
3,PTHW,72,0.05,10.0,all_scenarios,cost_per_10000,427.7998438881586,392.6825322785576,-35.11731160960102,True
3,PTHW,72,0.05,50.0,all_scenarios,cost_per_10000,1316.0982091113403,1290.4669691529912,-25.63123995834917,True
3,PTHW,72,0.05,100.0,all_scenarios,cost_per_10000,1535.9426312540932,1577.8289774360278,41.88634618193464,True
3,PTHW,72,0.05,500.0,all_scenarios,cost_per_10000,6560.403817672677,5782.9856939359815,-777.4181237366956,True
3,PTHW,72,0.05,1000.0,all_scenarios,cost_per_10000,11781.748107104659,11311.29235161915,-470.45575548550914,True
3,PTHW,72,0.1,10.0,all_scenarios,cost_per_10000,427.7998438881586,392.6825322785576,-35.11731160960102,True
3,PTHW,72,0.1,50.0,all_scenarios,cost_per_10000,1316.0982091113403,1290.4669691529912,-25.63123995834917,True
3,PTHW,72,0.1,100.0,all_scenarios,cost_per_10000,1535.9426312540932,1577.8289774360278,41.88634618193464,True
3,PTHW,72,0.1,500.0,all_scenarios,cost_per_10000,6560.403817672677,5782.9856939359815,-777.4181237366956,True
3,PTHW,72,0.1,1000.0,all_scenarios,cost_per_10000,11781.748107104659,11311.29235161915,-470.45575548550914,True
3,PTHW,82,0.01,10.0,all_scenarios,cost_per_10000,434.3018863775928,453.7294867626896,19.42760038509681,True
3,PTHW,82,0.01,50.0,all_scenarios,cost_per_10000,1523.5824683575117,1408.8858106272273,-114.69665773028441,True
3,PTHW,82,0.01,100.0,all_scenarios,cost_per_10000,1867.0285194660787,1987.0021971877882,119.97367772170946,True
3,PTHW,82,0.01,500.0,all_scenarios,cost_per_10000,8394.199675526092,8979.053685825704,584.8540102996121,True
3,PTHW,82,0.01,1000.0,all_scenarios,cost_per_10000,16553.16362060111,17719.118046623098,1165.9544260219882,True
3,PTHW,82,0.03,10.0,all_scenarios,cost_per_10000,434.3018863775928,453.7294867626896,19.42760038509681,True
3,PTHW,82,0.03,50.0,all_scenarios,cost_per_10000,1523.5824683575117,1408.8858106272273,-114.69665773028441,True
3,PTHW,82,0.03,100.0,all_scenarios,cost_per_10000,1579.5094570166304,1870.6093544602597,291.0998974436293,True
3,PTHW,82,0.03,500.0,all_scenarios,cost_per_10000,6185.531227865178,6497.50362402489,311.97239615971193,True
3,PTHW,82,0.03,1000.0,all_scenarios,cost_per_10000,11287.749932074074,12123.7335544656,835.9836223915263,True
3,PTHW,82,0.05,10.0,all_scenarios,cost_per_10000,434.3018863775928,453.7294867626896,19.42760038509681,True
3,PTHW,82,0.05,50.0,all_scenarios,cost_per_10000,1523.5824683575117,1408.8858106272273,-114.69665773028441,True
3,PTHW,82,0.05,100.0,all_scenarios,cost_per_10000,1579.5094570166304,1870.6093544602597,291.0998974436293,True
3,PTHW,82,0.05,500.0,all_scenarios,cost_per_10000,6185.531227865178,6497.50362402489,311.97239615971193,True
3,PTHW,82,0.05,1000.0,all_scenarios,cost_per_10000,11287.749932074074,12123.7335544656,835.9836223915263,True
3,PTHW,82,0.1,10.0,all_scenarios,cost_per_10000,434.3018863775928,453.7294867626896,19.42760038509681,True
3,PTHW,82,0.1,50.0,all_scenarios,cost_per_10000,1523.5824683575117,1408.8858106272273,-114.69665773028441,True
3,PTHW,82,0.1,100.0,all_scenarios,cost_per_10000,1579.5094570166304,1870.6093544602597,291.0998974436293,True
3,PTHW,82,0.1,500.0,all_scenarios,cost_per_10000,6185.531227865178,6497.50362402489,311.97239615971193,True
3,PTHW,82,0.1,1000.0,all_scenarios,cost_per_10000,11287.749932074074,12123.7335544656,835.9836223915263,True
3,PTHW5,42,0.03,100.0,all_scenarios,cost_per_10000,1957.8058276518989,1718.612332207255,-239.193495444644,True
3,PTHW5,52,0.03,100.0,all_scenarios,cost_per_10000,2603.0157541034328,2127.220156959934,-475.795597143499,True
3,PTHW5,62,0.03,100.0,all_scenarios,cost_per_10000,1819.095587877303,1802.4007299877655,-16.69485788953739,True
3,PTHW5,72,0.03,100.0,all_scenarios,cost_per_10000,1648.943103987134,2421.319788982022,772.3766849948881,True
3,PTHW5,82,0.03,100.0,all_scenarios,cost_per_10000,2782.308790478748,2116.995930726548,-665.3128597522,True
