fold,model_id,seed,calibration_method,analysis,field,v1,v2,v2_minus_v1,changed_exact
1,raw_safe,42,Isotonic,calibration_bayes_decision_results,weight,1.0,1.0,0.0,False
1,raw_safe,42,Platt,calibration_bayes_decision_results,weight,1.0,1.0,0.0,False
1,raw_safe,42,Uncalibrated,calibration_bayes_decision_results,weight,1.0,1.0,0.0,False
1,raw_safe,52,Isotonic,calibration_bayes_decision_results,weight,1.0,1.0,0.0,False
1,raw_safe,52,Platt,calibration_bayes_decision_results,weight,1.0,1.0,0.0,False
1,raw_safe,52,Uncalibrated,calibration_bayes_decision_results,weight,1.0,1.0,0.0,False
1,raw_safe,62,Isotonic,calibration_bayes_decision_results,weight,1.0,1.0,0.0,False
1,raw_safe,62,Platt,calibration_bayes_decision_results,weight,1.0,1.0,0.0,False
1,raw_safe,62,Uncalibrated,calibration_bayes_decision_results,weight,1.0,1.0,0.0,False
1,raw_safe,72,Isotonic,calibration_bayes_decision_results,weight,1.0,1.0,0.0,False
1,raw_safe,72,Platt,calibration_bayes_decision_results,weight,1.0,1.0,0.0,False
1,raw_safe,72,Uncalibrated,calibration_bayes_decision_results,weight,1.0,1.0,0.0,False
1,raw_safe,82,Isotonic,calibration_bayes_decision_results,weight,1.0,1.0,0.0,False
1,raw_safe,82,Platt,calibration_bayes_decision_results,weight,1.0,1.0,0.0,False
1,raw_safe,82,Uncalibrated,calibration_bayes_decision_results,weight,1.0,1.0,0.0,False
1,recipient_full_weight_2,42,Isotonic,calibration_bayes_decision_results,weight,2.0,2.0,0.0,False
1,recipient_full_weight_2,42,Platt,calibration_bayes_decision_results,weight,2.0,2.0,0.0,False
1,recipient_full_weight_2,42,Uncalibrated,calibration_bayes_decision_results,weight,2.0,2.0,0.0,False
1,recipient_full_weight_2,52,Isotonic,calibration_bayes_decision_results,weight,2.0,2.0,0.0,False
1,recipient_full_weight_2,52,Platt,calibration_bayes_decision_results,weight,2.0,2.0,0.0,False
1,recipient_full_weight_2,52,Uncalibrated,calibration_bayes_decision_results,weight,2.0,2.0,0.0,False
1,recipient_full_weight_2,62,Isotonic,calibration_bayes_decision_results,weight,2.0,2.0,0.0,False
1,recipient_full_weight_2,62,Platt,calibration_bayes_decision_results,weight,2.0,2.0,0.0,False
1,recipient_full_weight_2,62,Uncalibrated,calibration_bayes_decision_results,weight,2.0,2.0,0.0,False
1,recipient_full_weight_2,72,Isotonic,calibration_bayes_decision_results,weight,2.0,2.0,0.0,False
1,recipient_full_weight_2,72,Platt,calibration_bayes_decision_results,weight,2.0,2.0,0.0,False
1,recipient_full_weight_2,72,Uncalibrated,calibration_bayes_decision_results,weight,2.0,2.0,0.0,False
1,recipient_full_weight_2,82,Isotonic,calibration_bayes_decision_results,weight,2.0,2.0,0.0,False
1,recipient_full_weight_2,82,Platt,calibration_bayes_decision_results,weight,2.0,2.0,0.0,False
1,recipient_full_weight_2,82,Uncalibrated,calibration_bayes_decision_results,weight,2.0,2.0,0.0,False
2,raw_safe,42,Isotonic,calibration_bayes_decision_results,weight,1.0,1.0,0.0,False
2,raw_safe,42,Platt,calibration_bayes_decision_results,weight,1.0,1.0,0.0,False
2,raw_safe,42,Uncalibrated,calibration_bayes_decision_results,weight,1.0,1.0,0.0,False
2,raw_safe,52,Isotonic,calibration_bayes_decision_results,weight,1.0,1.0,0.0,False
2,raw_safe,52,Platt,calibration_bayes_decision_results,weight,1.0,1.0,0.0,False
2,raw_safe,52,Uncalibrated,calibration_bayes_decision_results,weight,1.0,1.0,0.0,False
2,raw_safe,62,Isotonic,calibration_bayes_decision_results,weight,1.0,1.0,0.0,False
2,raw_safe,62,Platt,calibration_bayes_decision_results,weight,1.0,1.0,0.0,False
2,raw_safe,62,Uncalibrated,calibration_bayes_decision_results,weight,1.0,1.0,0.0,False
2,raw_safe,72,Isotonic,calibration_bayes_decision_results,weight,1.0,1.0,0.0,False
2,raw_safe,72,Platt,calibration_bayes_decision_results,weight,1.0,1.0,0.0,False
2,raw_safe,72,Uncalibrated,calibration_bayes_decision_results,weight,1.0,1.0,0.0,False
2,raw_safe,82,Isotonic,calibration_bayes_decision_results,weight,1.0,1.0,0.0,False
2,raw_safe,82,Platt,calibration_bayes_decision_results,weight,1.0,1.0,0.0,False
2,raw_safe,82,Uncalibrated,calibration_bayes_decision_results,weight,1.0,1.0,0.0,False
2,recipient_full_weight_2,42,Isotonic,calibration_bayes_decision_results,weight,2.0,2.0,0.0,False
2,recipient_full_weight_2,42,Platt,calibration_bayes_decision_results,weight,2.0,2.0,0.0,False
2,recipient_full_weight_2,42,Uncalibrated,calibration_bayes_decision_results,weight,2.0,2.0,0.0,False
2,recipient_full_weight_2,52,Isotonic,calibration_bayes_decision_results,weight,2.0,2.0,0.0,False
2,recipient_full_weight_2,52,Platt,calibration_bayes_decision_results,weight,2.0,2.0,0.0,False
2,recipient_full_weight_2,52,Uncalibrated,calibration_bayes_decision_results,weight,2.0,2.0,0.0,False
2,recipient_full_weight_2,62,Isotonic,calibration_bayes_decision_results,weight,2.0,2.0,0.0,False
2,recipient_full_weight_2,62,Platt,calibration_bayes_decision_results,weight,2.0,2.0,0.0,False
2,recipient_full_weight_2,62,Uncalibrated,calibration_bayes_decision_results,weight,2.0,2.0,0.0,False
2,recipient_full_weight_2,72,Isotonic,calibration_bayes_decision_results,weight,2.0,2.0,0.0,False
2,recipient_full_weight_2,72,Platt,calibration_bayes_decision_results,weight,2.0,2.0,0.0,False
2,recipient_full_weight_2,72,Uncalibrated,calibration_bayes_decision_results,weight,2.0,2.0,0.0,False
2,recipient_full_weight_2,82,Isotonic,calibration_bayes_decision_results,weight,2.0,2.0,0.0,False
2,recipient_full_weight_2,82,Platt,calibration_bayes_decision_results,weight,2.0,2.0,0.0,False
2,recipient_full_weight_2,82,Uncalibrated,calibration_bayes_decision_results,weight,2.0,2.0,0.0,False
3,raw_safe,42,Isotonic,calibration_bayes_decision_results,weight,1.0,1.0,0.0,False
3,raw_safe,42,Platt,calibration_bayes_decision_results,weight,1.0,1.0,0.0,False
3,raw_safe,42,Uncalibrated,calibration_bayes_decision_results,weight,1.0,1.0,0.0,False
3,raw_safe,52,Isotonic,calibration_bayes_decision_results,weight,1.0,1.0,0.0,False
3,raw_safe,52,Platt,calibration_bayes_decision_results,weight,1.0,1.0,0.0,False
3,raw_safe,52,Uncalibrated,calibration_bayes_decision_results,weight,1.0,1.0,0.0,False
3,raw_safe,62,Isotonic,calibration_bayes_decision_results,weight,1.0,1.0,0.0,False
3,raw_safe,62,Platt,calibration_bayes_decision_results,weight,1.0,1.0,0.0,False
3,raw_safe,62,Uncalibrated,calibration_bayes_decision_results,weight,1.0,1.0,0.0,False
3,raw_safe,72,Isotonic,calibration_bayes_decision_results,weight,1.0,1.0,0.0,False
3,raw_safe,72,Platt,calibration_bayes_decision_results,weight,1.0,1.0,0.0,False
3,raw_safe,72,Uncalibrated,calibration_bayes_decision_results,weight,1.0,1.0,0.0,False
3,raw_safe,82,Isotonic,calibration_bayes_decision_results,weight,1.0,1.0,0.0,False
3,raw_safe,82,Platt,calibration_bayes_decision_results,weight,1.0,1.0,0.0,False
3,raw_safe,82,Uncalibrated,calibration_bayes_decision_results,weight,1.0,1.0,0.0,False
3,recipient_full_weight_2,42,Isotonic,calibration_bayes_decision_results,weight,2.0,2.0,0.0,False
3,recipient_full_weight_2,42,Platt,calibration_bayes_decision_results,weight,2.0,2.0,0.0,False
3,recipient_full_weight_2,42,Uncalibrated,calibration_bayes_decision_results,weight,2.0,2.0,0.0,False
3,recipient_full_weight_2,52,Isotonic,calibration_bayes_decision_results,weight,2.0,2.0,0.0,False
3,recipient_full_weight_2,52,Platt,calibration_bayes_decision_results,weight,2.0,2.0,0.0,False
3,recipient_full_weight_2,52,Uncalibrated,calibration_bayes_decision_results,weight,2.0,2.0,0.0,False
3,recipient_full_weight_2,62,Isotonic,calibration_bayes_decision_results,weight,2.0,2.0,0.0,False
3,recipient_full_weight_2,62,Platt,calibration_bayes_decision_results,weight,2.0,2.0,0.0,False
3,recipient_full_weight_2,62,Uncalibrated,calibration_bayes_decision_results,weight,2.0,2.0,0.0,False
3,recipient_full_weight_2,72,Isotonic,calibration_bayes_decision_results,weight,2.0,2.0,0.0,False
3,recipient_full_weight_2,72,Platt,calibration_bayes_decision_results,weight,2.0,2.0,0.0,False
3,recipient_full_weight_2,72,Uncalibrated,calibration_bayes_decision_results,weight,2.0,2.0,0.0,False
3,recipient_full_weight_2,82,Isotonic,calibration_bayes_decision_results,weight,2.0,2.0,0.0,False
3,recipient_full_weight_2,82,Platt,calibration_bayes_decision_results,weight,2.0,2.0,0.0,False
3,recipient_full_weight_2,82,Uncalibrated,calibration_bayes_decision_results,weight,2.0,2.0,0.0,False
1,raw_safe,42,Isotonic,calibration_bayes_decision_results,bayes_threshold,0.009900990099009901,0.009900990099009901,0.0,False
1,raw_safe,42,Platt,calibration_bayes_decision_results,bayes_threshold,0.009900990099009901,0.009900990099009901,0.0,False
1,raw_safe,42,Uncalibrated,calibration_bayes_decision_results,bayes_threshold,0.009900990099009901,0.009900990099009901,0.0,False
1,raw_safe,52,Isotonic,calibration_bayes_decision_results,bayes_threshold,0.009900990099009901,0.009900990099009901,0.0,False
1,raw_safe,52,Platt,calibration_bayes_decision_results,bayes_threshold,0.009900990099009901,0.009900990099009901,0.0,False
1,raw_safe,52,Uncalibrated,calibration_bayes_decision_results,bayes_threshold,0.009900990099009901,0.009900990099009901,0.0,False
1,raw_safe,62,Isotonic,calibration_bayes_decision_results,bayes_threshold,0.009900990099009901,0.009900990099009901,0.0,False
1,raw_safe,62,Platt,calibration_bayes_decision_results,bayes_threshold,0.009900990099009901,0.009900990099009901,0.0,False
1,raw_safe,62,Uncalibrated,calibration_bayes_decision_results,bayes_threshold,0.009900990099009901,0.009900990099009901,0.0,False
1,raw_safe,72,Isotonic,calibration_bayes_decision_results,bayes_threshold,0.009900990099009901,0.009900990099009901,0.0,False
1,raw_safe,72,Platt,calibration_bayes_decision_results,bayes_threshold,0.009900990099009901,0.009900990099009901,0.0,False
1,raw_safe,72,Uncalibrated,calibration_bayes_decision_results,bayes_threshold,0.009900990099009901,0.009900990099009901,0.0,False
1,raw_safe,82,Isotonic,calibration_bayes_decision_results,bayes_threshold,0.009900990099009901,0.009900990099009901,0.0,False
1,raw_safe,82,Platt,calibration_bayes_decision_results,bayes_threshold,0.009900990099009901,0.009900990099009901,0.0,False
1,raw_safe,82,Uncalibrated,calibration_bayes_decision_results,bayes_threshold,0.009900990099009901,0.009900990099009901,0.0,False
1,recipient_full_weight_2,42,Isotonic,calibration_bayes_decision_results,bayes_threshold,0.009900990099009901,0.009900990099009901,0.0,False
1,recipient_full_weight_2,42,Platt,calibration_bayes_decision_results,bayes_threshold,0.009900990099009901,0.009900990099009901,0.0,False
1,recipient_full_weight_2,42,Uncalibrated,calibration_bayes_decision_results,bayes_threshold,0.009900990099009901,0.009900990099009901,0.0,False
1,recipient_full_weight_2,52,Isotonic,calibration_bayes_decision_results,bayes_threshold,0.009900990099009901,0.009900990099009901,0.0,False
1,recipient_full_weight_2,52,Platt,calibration_bayes_decision_results,bayes_threshold,0.009900990099009901,0.009900990099009901,0.0,False
1,recipient_full_weight_2,52,Uncalibrated,calibration_bayes_decision_results,bayes_threshold,0.009900990099009901,0.009900990099009901,0.0,False
1,recipient_full_weight_2,62,Isotonic,calibration_bayes_decision_results,bayes_threshold,0.009900990099009901,0.009900990099009901,0.0,False
1,recipient_full_weight_2,62,Platt,calibration_bayes_decision_results,bayes_threshold,0.009900990099009901,0.009900990099009901,0.0,False
1,recipient_full_weight_2,62,Uncalibrated,calibration_bayes_decision_results,bayes_threshold,0.009900990099009901,0.009900990099009901,0.0,False
1,recipient_full_weight_2,72,Isotonic,calibration_bayes_decision_results,bayes_threshold,0.009900990099009901,0.009900990099009901,0.0,False
1,recipient_full_weight_2,72,Platt,calibration_bayes_decision_results,bayes_threshold,0.009900990099009901,0.009900990099009901,0.0,False
1,recipient_full_weight_2,72,Uncalibrated,calibration_bayes_decision_results,bayes_threshold,0.009900990099009901,0.009900990099009901,0.0,False
1,recipient_full_weight_2,82,Isotonic,calibration_bayes_decision_results,bayes_threshold,0.009900990099009901,0.009900990099009901,0.0,False
1,recipient_full_weight_2,82,Platt,calibration_bayes_decision_results,bayes_threshold,0.009900990099009901,0.009900990099009901,0.0,False
1,recipient_full_weight_2,82,Uncalibrated,calibration_bayes_decision_results,bayes_threshold,0.009900990099009901,0.009900990099009901,0.0,False
2,raw_safe,42,Isotonic,calibration_bayes_decision_results,bayes_threshold,0.009900990099009901,0.009900990099009901,0.0,False
2,raw_safe,42,Platt,calibration_bayes_decision_results,bayes_threshold,0.009900990099009901,0.009900990099009901,0.0,False
2,raw_safe,42,Uncalibrated,calibration_bayes_decision_results,bayes_threshold,0.009900990099009901,0.009900990099009901,0.0,False
2,raw_safe,52,Isotonic,calibration_bayes_decision_results,bayes_threshold,0.009900990099009901,0.009900990099009901,0.0,False
2,raw_safe,52,Platt,calibration_bayes_decision_results,bayes_threshold,0.009900990099009901,0.009900990099009901,0.0,False
2,raw_safe,52,Uncalibrated,calibration_bayes_decision_results,bayes_threshold,0.009900990099009901,0.009900990099009901,0.0,False
2,raw_safe,62,Isotonic,calibration_bayes_decision_results,bayes_threshold,0.009900990099009901,0.009900990099009901,0.0,False
2,raw_safe,62,Platt,calibration_bayes_decision_results,bayes_threshold,0.009900990099009901,0.009900990099009901,0.0,False
2,raw_safe,62,Uncalibrated,calibration_bayes_decision_results,bayes_threshold,0.009900990099009901,0.009900990099009901,0.0,False
2,raw_safe,72,Isotonic,calibration_bayes_decision_results,bayes_threshold,0.009900990099009901,0.009900990099009901,0.0,False
2,raw_safe,72,Platt,calibration_bayes_decision_results,bayes_threshold,0.009900990099009901,0.009900990099009901,0.0,False
2,raw_safe,72,Uncalibrated,calibration_bayes_decision_results,bayes_threshold,0.009900990099009901,0.009900990099009901,0.0,False
2,raw_safe,82,Isotonic,calibration_bayes_decision_results,bayes_threshold,0.009900990099009901,0.009900990099009901,0.0,False
2,raw_safe,82,Platt,calibration_bayes_decision_results,bayes_threshold,0.009900990099009901,0.009900990099009901,0.0,False
2,raw_safe,82,Uncalibrated,calibration_bayes_decision_results,bayes_threshold,0.009900990099009901,0.009900990099009901,0.0,False
2,recipient_full_weight_2,42,Isotonic,calibration_bayes_decision_results,bayes_threshold,0.009900990099009901,0.009900990099009901,0.0,False
2,recipient_full_weight_2,42,Platt,calibration_bayes_decision_results,bayes_threshold,0.009900990099009901,0.009900990099009901,0.0,False
2,recipient_full_weight_2,42,Uncalibrated,calibration_bayes_decision_results,bayes_threshold,0.009900990099009901,0.009900990099009901,0.0,False
2,recipient_full_weight_2,52,Isotonic,calibration_bayes_decision_results,bayes_threshold,0.009900990099009901,0.009900990099009901,0.0,False
2,recipient_full_weight_2,52,Platt,calibration_bayes_decision_results,bayes_threshold,0.009900990099009901,0.009900990099009901,0.0,False
2,recipient_full_weight_2,52,Uncalibrated,calibration_bayes_decision_results,bayes_threshold,0.009900990099009901,0.009900990099009901,0.0,False
2,recipient_full_weight_2,62,Isotonic,calibration_bayes_decision_results,bayes_threshold,0.009900990099009901,0.009900990099009901,0.0,False
2,recipient_full_weight_2,62,Platt,calibration_bayes_decision_results,bayes_threshold,0.009900990099009901,0.009900990099009901,0.0,False
2,recipient_full_weight_2,62,Uncalibrated,calibration_bayes_decision_results,bayes_threshold,0.009900990099009901,0.009900990099009901,0.0,False
2,recipient_full_weight_2,72,Isotonic,calibration_bayes_decision_results,bayes_threshold,0.009900990099009901,0.009900990099009901,0.0,False
2,recipient_full_weight_2,72,Platt,calibration_bayes_decision_results,bayes_threshold,0.009900990099009901,0.009900990099009901,0.0,False
2,recipient_full_weight_2,72,Uncalibrated,calibration_bayes_decision_results,bayes_threshold,0.009900990099009901,0.009900990099009901,0.0,False
2,recipient_full_weight_2,82,Isotonic,calibration_bayes_decision_results,bayes_threshold,0.009900990099009901,0.009900990099009901,0.0,False
2,recipient_full_weight_2,82,Platt,calibration_bayes_decision_results,bayes_threshold,0.009900990099009901,0.009900990099009901,0.0,False
2,recipient_full_weight_2,82,Uncalibrated,calibration_bayes_decision_results,bayes_threshold,0.009900990099009901,0.009900990099009901,0.0,False
3,raw_safe,42,Isotonic,calibration_bayes_decision_results,bayes_threshold,0.009900990099009901,0.009900990099009901,0.0,False
3,raw_safe,42,Platt,calibration_bayes_decision_results,bayes_threshold,0.009900990099009901,0.009900990099009901,0.0,False
3,raw_safe,42,Uncalibrated,calibration_bayes_decision_results,bayes_threshold,0.009900990099009901,0.009900990099009901,0.0,False
3,raw_safe,52,Isotonic,calibration_bayes_decision_results,bayes_threshold,0.009900990099009901,0.009900990099009901,0.0,False
3,raw_safe,52,Platt,calibration_bayes_decision_results,bayes_threshold,0.009900990099009901,0.009900990099009901,0.0,False
3,raw_safe,52,Uncalibrated,calibration_bayes_decision_results,bayes_threshold,0.009900990099009901,0.009900990099009901,0.0,False
3,raw_safe,62,Isotonic,calibration_bayes_decision_results,bayes_threshold,0.009900990099009901,0.009900990099009901,0.0,False
3,raw_safe,62,Platt,calibration_bayes_decision_results,bayes_threshold,0.009900990099009901,0.009900990099009901,0.0,False
3,raw_safe,62,Uncalibrated,calibration_bayes_decision_results,bayes_threshold,0.009900990099009901,0.009900990099009901,0.0,False
3,raw_safe,72,Isotonic,calibration_bayes_decision_results,bayes_threshold,0.009900990099009901,0.009900990099009901,0.0,False
3,raw_safe,72,Platt,calibration_bayes_decision_results,bayes_threshold,0.009900990099009901,0.009900990099009901,0.0,False
3,raw_safe,72,Uncalibrated,calibration_bayes_decision_results,bayes_threshold,0.009900990099009901,0.009900990099009901,0.0,False
3,raw_safe,82,Isotonic,calibration_bayes_decision_results,bayes_threshold,0.009900990099009901,0.009900990099009901,0.0,False
3,raw_safe,82,Platt,calibration_bayes_decision_results,bayes_threshold,0.009900990099009901,0.009900990099009901,0.0,False
3,raw_safe,82,Uncalibrated,calibration_bayes_decision_results,bayes_threshold,0.009900990099009901,0.009900990099009901,0.0,False
3,recipient_full_weight_2,42,Isotonic,calibration_bayes_decision_results,bayes_threshold,0.009900990099009901,0.009900990099009901,0.0,False
3,recipient_full_weight_2,42,Platt,calibration_bayes_decision_results,bayes_threshold,0.009900990099009901,0.009900990099009901,0.0,False
3,recipient_full_weight_2,42,Uncalibrated,calibration_bayes_decision_results,bayes_threshold,0.009900990099009901,0.009900990099009901,0.0,False
3,recipient_full_weight_2,52,Isotonic,calibration_bayes_decision_results,bayes_threshold,0.009900990099009901,0.009900990099009901,0.0,False
3,recipient_full_weight_2,52,Platt,calibration_bayes_decision_results,bayes_threshold,0.009900990099009901,0.009900990099009901,0.0,False
3,recipient_full_weight_2,52,Uncalibrated,calibration_bayes_decision_results,bayes_threshold,0.009900990099009901,0.009900990099009901,0.0,False
3,recipient_full_weight_2,62,Isotonic,calibration_bayes_decision_results,bayes_threshold,0.009900990099009901,0.009900990099009901,0.0,False
3,recipient_full_weight_2,62,Platt,calibration_bayes_decision_results,bayes_threshold,0.009900990099009901,0.009900990099009901,0.0,False
3,recipient_full_weight_2,62,Uncalibrated,calibration_bayes_decision_results,bayes_threshold,0.009900990099009901,0.009900990099009901,0.0,False
3,recipient_full_weight_2,72,Isotonic,calibration_bayes_decision_results,bayes_threshold,0.009900990099009901,0.009900990099009901,0.0,False
3,recipient_full_weight_2,72,Platt,calibration_bayes_decision_results,bayes_threshold,0.009900990099009901,0.009900990099009901,0.0,False
3,recipient_full_weight_2,72,Uncalibrated,calibration_bayes_decision_results,bayes_threshold,0.009900990099009901,0.009900990099009901,0.0,False
3,recipient_full_weight_2,82,Isotonic,calibration_bayes_decision_results,bayes_threshold,0.009900990099009901,0.009900990099009901,0.0,False
3,recipient_full_weight_2,82,Platt,calibration_bayes_decision_results,bayes_threshold,0.009900990099009901,0.009900990099009901,0.0,False
3,recipient_full_weight_2,82,Uncalibrated,calibration_bayes_decision_results,bayes_threshold,0.009900990099009901,0.009900990099009901,0.0,False
1,raw_safe,42,Isotonic,calibration_bayes_decision_results,capacity,0.03,0.03,0.0,False
1,raw_safe,42,Platt,calibration_bayes_decision_results,capacity,0.03,0.03,0.0,False
1,raw_safe,42,Uncalibrated,calibration_bayes_decision_results,capacity,0.03,0.03,0.0,False
1,raw_safe,52,Isotonic,calibration_bayes_decision_results,capacity,0.03,0.03,0.0,False
1,raw_safe,52,Platt,calibration_bayes_decision_results,capacity,0.03,0.03,0.0,False
1,raw_safe,52,Uncalibrated,calibration_bayes_decision_results,capacity,0.03,0.03,0.0,False
1,raw_safe,62,Isotonic,calibration_bayes_decision_results,capacity,0.03,0.03,0.0,False
1,raw_safe,62,Platt,calibration_bayes_decision_results,capacity,0.03,0.03,0.0,False
1,raw_safe,62,Uncalibrated,calibration_bayes_decision_results,capacity,0.03,0.03,0.0,False
1,raw_safe,72,Isotonic,calibration_bayes_decision_results,capacity,0.03,0.03,0.0,False
1,raw_safe,72,Platt,calibration_bayes_decision_results,capacity,0.03,0.03,0.0,False
1,raw_safe,72,Uncalibrated,calibration_bayes_decision_results,capacity,0.03,0.03,0.0,False
1,raw_safe,82,Isotonic,calibration_bayes_decision_results,capacity,0.03,0.03,0.0,False
1,raw_safe,82,Platt,calibration_bayes_decision_results,capacity,0.03,0.03,0.0,False
1,raw_safe,82,Uncalibrated,calibration_bayes_decision_results,capacity,0.03,0.03,0.0,False
1,recipient_full_weight_2,42,Isotonic,calibration_bayes_decision_results,capacity,0.03,0.03,0.0,False
1,recipient_full_weight_2,42,Platt,calibration_bayes_decision_results,capacity,0.03,0.03,0.0,False
1,recipient_full_weight_2,42,Uncalibrated,calibration_bayes_decision_results,capacity,0.03,0.03,0.0,False
1,recipient_full_weight_2,52,Isotonic,calibration_bayes_decision_results,capacity,0.03,0.03,0.0,False
1,recipient_full_weight_2,52,Platt,calibration_bayes_decision_results,capacity,0.03,0.03,0.0,False
1,recipient_full_weight_2,52,Uncalibrated,calibration_bayes_decision_results,capacity,0.03,0.03,0.0,False
1,recipient_full_weight_2,62,Isotonic,calibration_bayes_decision_results,capacity,0.03,0.03,0.0,False
1,recipient_full_weight_2,62,Platt,calibration_bayes_decision_results,capacity,0.03,0.03,0.0,False
1,recipient_full_weight_2,62,Uncalibrated,calibration_bayes_decision_results,capacity,0.03,0.03,0.0,False
1,recipient_full_weight_2,72,Isotonic,calibration_bayes_decision_results,capacity,0.03,0.03,0.0,False
1,recipient_full_weight_2,72,Platt,calibration_bayes_decision_results,capacity,0.03,0.03,0.0,False
1,recipient_full_weight_2,72,Uncalibrated,calibration_bayes_decision_results,capacity,0.03,0.03,0.0,False
1,recipient_full_weight_2,82,Isotonic,calibration_bayes_decision_results,capacity,0.03,0.03,0.0,False
1,recipient_full_weight_2,82,Platt,calibration_bayes_decision_results,capacity,0.03,0.03,0.0,False
1,recipient_full_weight_2,82,Uncalibrated,calibration_bayes_decision_results,capacity,0.03,0.03,0.0,False
2,raw_safe,42,Isotonic,calibration_bayes_decision_results,capacity,0.03,0.03,0.0,False
2,raw_safe,42,Platt,calibration_bayes_decision_results,capacity,0.03,0.03,0.0,False
2,raw_safe,42,Uncalibrated,calibration_bayes_decision_results,capacity,0.03,0.03,0.0,False
2,raw_safe,52,Isotonic,calibration_bayes_decision_results,capacity,0.03,0.03,0.0,False
2,raw_safe,52,Platt,calibration_bayes_decision_results,capacity,0.03,0.03,0.0,False
2,raw_safe,52,Uncalibrated,calibration_bayes_decision_results,capacity,0.03,0.03,0.0,False
2,raw_safe,62,Isotonic,calibration_bayes_decision_results,capacity,0.03,0.03,0.0,False
2,raw_safe,62,Platt,calibration_bayes_decision_results,capacity,0.03,0.03,0.0,False
2,raw_safe,62,Uncalibrated,calibration_bayes_decision_results,capacity,0.03,0.03,0.0,False
2,raw_safe,72,Isotonic,calibration_bayes_decision_results,capacity,0.03,0.03,0.0,False
2,raw_safe,72,Platt,calibration_bayes_decision_results,capacity,0.03,0.03,0.0,False
2,raw_safe,72,Uncalibrated,calibration_bayes_decision_results,capacity,0.03,0.03,0.0,False
2,raw_safe,82,Isotonic,calibration_bayes_decision_results,capacity,0.03,0.03,0.0,False
2,raw_safe,82,Platt,calibration_bayes_decision_results,capacity,0.03,0.03,0.0,False
2,raw_safe,82,Uncalibrated,calibration_bayes_decision_results,capacity,0.03,0.03,0.0,False
2,recipient_full_weight_2,42,Isotonic,calibration_bayes_decision_results,capacity,0.03,0.03,0.0,False
2,recipient_full_weight_2,42,Platt,calibration_bayes_decision_results,capacity,0.03,0.03,0.0,False
2,recipient_full_weight_2,42,Uncalibrated,calibration_bayes_decision_results,capacity,0.03,0.03,0.0,False
2,recipient_full_weight_2,52,Isotonic,calibration_bayes_decision_results,capacity,0.03,0.03,0.0,False
2,recipient_full_weight_2,52,Platt,calibration_bayes_decision_results,capacity,0.03,0.03,0.0,False
2,recipient_full_weight_2,52,Uncalibrated,calibration_bayes_decision_results,capacity,0.03,0.03,0.0,False
2,recipient_full_weight_2,62,Isotonic,calibration_bayes_decision_results,capacity,0.03,0.03,0.0,False
2,recipient_full_weight_2,62,Platt,calibration_bayes_decision_results,capacity,0.03,0.03,0.0,False
2,recipient_full_weight_2,62,Uncalibrated,calibration_bayes_decision_results,capacity,0.03,0.03,0.0,False
2,recipient_full_weight_2,72,Isotonic,calibration_bayes_decision_results,capacity,0.03,0.03,0.0,False
2,recipient_full_weight_2,72,Platt,calibration_bayes_decision_results,capacity,0.03,0.03,0.0,False
2,recipient_full_weight_2,72,Uncalibrated,calibration_bayes_decision_results,capacity,0.03,0.03,0.0,False
2,recipient_full_weight_2,82,Isotonic,calibration_bayes_decision_results,capacity,0.03,0.03,0.0,False
2,recipient_full_weight_2,82,Platt,calibration_bayes_decision_results,capacity,0.03,0.03,0.0,False
2,recipient_full_weight_2,82,Uncalibrated,calibration_bayes_decision_results,capacity,0.03,0.03,0.0,False
3,raw_safe,42,Isotonic,calibration_bayes_decision_results,capacity,0.03,0.03,0.0,False
3,raw_safe,42,Platt,calibration_bayes_decision_results,capacity,0.03,0.03,0.0,False
3,raw_safe,42,Uncalibrated,calibration_bayes_decision_results,capacity,0.03,0.03,0.0,False
3,raw_safe,52,Isotonic,calibration_bayes_decision_results,capacity,0.03,0.03,0.0,False
3,raw_safe,52,Platt,calibration_bayes_decision_results,capacity,0.03,0.03,0.0,False
3,raw_safe,52,Uncalibrated,calibration_bayes_decision_results,capacity,0.03,0.03,0.0,False
3,raw_safe,62,Isotonic,calibration_bayes_decision_results,capacity,0.03,0.03,0.0,False
3,raw_safe,62,Platt,calibration_bayes_decision_results,capacity,0.03,0.03,0.0,False
3,raw_safe,62,Uncalibrated,calibration_bayes_decision_results,capacity,0.03,0.03,0.0,False
3,raw_safe,72,Isotonic,calibration_bayes_decision_results,capacity,0.03,0.03,0.0,False
3,raw_safe,72,Platt,calibration_bayes_decision_results,capacity,0.03,0.03,0.0,False
3,raw_safe,72,Uncalibrated,calibration_bayes_decision_results,capacity,0.03,0.03,0.0,False
3,raw_safe,82,Isotonic,calibration_bayes_decision_results,capacity,0.03,0.03,0.0,False
3,raw_safe,82,Platt,calibration_bayes_decision_results,capacity,0.03,0.03,0.0,False
3,raw_safe,82,Uncalibrated,calibration_bayes_decision_results,capacity,0.03,0.03,0.0,False
3,recipient_full_weight_2,42,Isotonic,calibration_bayes_decision_results,capacity,0.03,0.03,0.0,False
3,recipient_full_weight_2,42,Platt,calibration_bayes_decision_results,capacity,0.03,0.03,0.0,False
3,recipient_full_weight_2,42,Uncalibrated,calibration_bayes_decision_results,capacity,0.03,0.03,0.0,False
3,recipient_full_weight_2,52,Isotonic,calibration_bayes_decision_results,capacity,0.03,0.03,0.0,False
3,recipient_full_weight_2,52,Platt,calibration_bayes_decision_results,capacity,0.03,0.03,0.0,False
3,recipient_full_weight_2,52,Uncalibrated,calibration_bayes_decision_results,capacity,0.03,0.03,0.0,False
3,recipient_full_weight_2,62,Isotonic,calibration_bayes_decision_results,capacity,0.03,0.03,0.0,False
3,recipient_full_weight_2,62,Platt,calibration_bayes_decision_results,capacity,0.03,0.03,0.0,False
3,recipient_full_weight_2,62,Uncalibrated,calibration_bayes_decision_results,capacity,0.03,0.03,0.0,False
3,recipient_full_weight_2,72,Isotonic,calibration_bayes_decision_results,capacity,0.03,0.03,0.0,False
3,recipient_full_weight_2,72,Platt,calibration_bayes_decision_results,capacity,0.03,0.03,0.0,False
3,recipient_full_weight_2,72,Uncalibrated,calibration_bayes_decision_results,capacity,0.03,0.03,0.0,False
3,recipient_full_weight_2,82,Isotonic,calibration_bayes_decision_results,capacity,0.03,0.03,0.0,False
3,recipient_full_weight_2,82,Platt,calibration_bayes_decision_results,capacity,0.03,0.03,0.0,False
3,recipient_full_weight_2,82,Uncalibrated,calibration_bayes_decision_results,capacity,0.03,0.03,0.0,False
1,raw_safe,42,Isotonic,calibration_bayes_decision_results,candidate_count_before_cap,269.0,1252.0,983.0,True
1,raw_safe,42,Platt,calibration_bayes_decision_results,candidate_count_before_cap,852.0,685.0,-167.0,True
1,raw_safe,42,Uncalibrated,calibration_bayes_decision_results,candidate_count_before_cap,852.0,690.0,-162.0,True
1,raw_safe,52,Isotonic,calibration_bayes_decision_results,candidate_count_before_cap,67.0,165.0,98.0,True
1,raw_safe,52,Platt,calibration_bayes_decision_results,candidate_count_before_cap,661.0,735.0,74.0,True
1,raw_safe,52,Uncalibrated,calibration_bayes_decision_results,candidate_count_before_cap,2992.0,2087.0,-905.0,True
1,raw_safe,62,Isotonic,calibration_bayes_decision_results,candidate_count_before_cap,4821.0,850.0,-3971.0,True
1,raw_safe,62,Platt,calibration_bayes_decision_results,candidate_count_before_cap,2803.0,939.0,-1864.0,True
1,raw_safe,62,Uncalibrated,calibration_bayes_decision_results,candidate_count_before_cap,1872.0,939.0,-933.0,True
1,raw_safe,72,Isotonic,calibration_bayes_decision_results,candidate_count_before_cap,67.0,72.0,5.0,True
1,raw_safe,72,Platt,calibration_bayes_decision_results,candidate_count_before_cap,673.0,450.0,-223.0,True
1,raw_safe,72,Uncalibrated,calibration_bayes_decision_results,candidate_count_before_cap,2941.0,2360.0,-581.0,True
1,raw_safe,82,Isotonic,calibration_bayes_decision_results,candidate_count_before_cap,2142.0,572.0,-1570.0,True
1,raw_safe,82,Platt,calibration_bayes_decision_results,candidate_count_before_cap,1464.0,2601.0,1137.0,True
1,raw_safe,82,Uncalibrated,calibration_bayes_decision_results,candidate_count_before_cap,2117.0,2601.0,484.0,True
1,recipient_full_weight_2,42,Isotonic,calibration_bayes_decision_results,candidate_count_before_cap,6633.0,7726.0,1093.0,True
1,recipient_full_weight_2,42,Platt,calibration_bayes_decision_results,candidate_count_before_cap,607.0,610.0,3.0,True
1,recipient_full_weight_2,42,Uncalibrated,calibration_bayes_decision_results,candidate_count_before_cap,6591.0,7656.0,1065.0,True
1,recipient_full_weight_2,52,Isotonic,calibration_bayes_decision_results,candidate_count_before_cap,7868.0,8014.0,146.0,True
1,recipient_full_weight_2,52,Platt,calibration_bayes_decision_results,candidate_count_before_cap,325.0,514.0,189.0,True
1,recipient_full_weight_2,52,Uncalibrated,calibration_bayes_decision_results,candidate_count_before_cap,7589.0,8206.0,617.0,True
1,recipient_full_weight_2,62,Isotonic,calibration_bayes_decision_results,candidate_count_before_cap,7381.0,7292.0,-89.0,True
1,recipient_full_weight_2,62,Platt,calibration_bayes_decision_results,candidate_count_before_cap,353.0,371.0,18.0,True
1,recipient_full_weight_2,62,Uncalibrated,calibration_bayes_decision_results,candidate_count_before_cap,7295.0,7179.0,-116.0,True
1,recipient_full_weight_2,72,Isotonic,calibration_bayes_decision_results,candidate_count_before_cap,6801.0,7043.0,242.0,True
1,recipient_full_weight_2,72,Platt,calibration_bayes_decision_results,candidate_count_before_cap,284.0,524.0,240.0,True
1,recipient_full_weight_2,72,Uncalibrated,calibration_bayes_decision_results,candidate_count_before_cap,7060.0,6681.0,-379.0,True
1,recipient_full_weight_2,82,Isotonic,calibration_bayes_decision_results,candidate_count_before_cap,8560.0,6720.0,-1840.0,True
1,recipient_full_weight_2,82,Platt,calibration_bayes_decision_results,candidate_count_before_cap,413.0,557.0,144.0,True
1,recipient_full_weight_2,82,Uncalibrated,calibration_bayes_decision_results,candidate_count_before_cap,6836.0,7075.0,239.0,True
2,raw_safe,42,Isotonic,calibration_bayes_decision_results,candidate_count_before_cap,76.0,1451.0,1375.0,True
2,raw_safe,42,Platt,calibration_bayes_decision_results,candidate_count_before_cap,193.0,1219.0,1026.0,True
2,raw_safe,42,Uncalibrated,calibration_bayes_decision_results,candidate_count_before_cap,14475.0,12358.0,-2117.0,True
2,raw_safe,52,Isotonic,calibration_bayes_decision_results,candidate_count_before_cap,336.0,3158.0,2822.0,True
2,raw_safe,52,Platt,calibration_bayes_decision_results,candidate_count_before_cap,336.0,65.0,-271.0,True
2,raw_safe,52,Uncalibrated,calibration_bayes_decision_results,candidate_count_before_cap,14026.0,6368.0,-7658.0,True
2,raw_safe,62,Isotonic,calibration_bayes_decision_results,candidate_count_before_cap,292.0,358.0,66.0,True
2,raw_safe,62,Platt,calibration_bayes_decision_results,candidate_count_before_cap,1630.0,1423.0,-207.0,True
2,raw_safe,62,Uncalibrated,calibration_bayes_decision_results,candidate_count_before_cap,14436.0,18070.0,3634.0,True
2,raw_safe,72,Isotonic,calibration_bayes_decision_results,candidate_count_before_cap,775.0,178.0,-597.0,True
2,raw_safe,72,Platt,calibration_bayes_decision_results,candidate_count_before_cap,568.0,1528.0,960.0,True
2,raw_safe,72,Uncalibrated,calibration_bayes_decision_results,candidate_count_before_cap,13949.0,13135.0,-814.0,True
2,raw_safe,82,Isotonic,calibration_bayes_decision_results,candidate_count_before_cap,413.0,91.0,-322.0,True
2,raw_safe,82,Platt,calibration_bayes_decision_results,candidate_count_before_cap,424.0,1406.0,982.0,True
2,raw_safe,82,Uncalibrated,calibration_bayes_decision_results,candidate_count_before_cap,14028.0,1406.0,-12622.0,True
2,recipient_full_weight_2,42,Isotonic,calibration_bayes_decision_results,candidate_count_before_cap,7355.0,7624.0,269.0,True
2,recipient_full_weight_2,42,Platt,calibration_bayes_decision_results,candidate_count_before_cap,402.0,1359.0,957.0,True
2,recipient_full_weight_2,42,Uncalibrated,calibration_bayes_decision_results,candidate_count_before_cap,6703.0,7599.0,896.0,True
2,recipient_full_weight_2,52,Isotonic,calibration_bayes_decision_results,candidate_count_before_cap,9259.0,9199.0,-60.0,True
2,recipient_full_weight_2,52,Platt,calibration_bayes_decision_results,candidate_count_before_cap,994.0,1664.0,670.0,True
2,recipient_full_weight_2,52,Uncalibrated,calibration_bayes_decision_results,candidate_count_before_cap,8393.0,8428.0,35.0,True
2,recipient_full_weight_2,62,Isotonic,calibration_bayes_decision_results,candidate_count_before_cap,7986.0,7508.0,-478.0,True
2,recipient_full_weight_2,62,Platt,calibration_bayes_decision_results,candidate_count_before_cap,2217.0,2200.0,-17.0,True
2,recipient_full_weight_2,62,Uncalibrated,calibration_bayes_decision_results,candidate_count_before_cap,8009.0,7260.0,-749.0,True
2,recipient_full_weight_2,72,Isotonic,calibration_bayes_decision_results,candidate_count_before_cap,9268.0,9783.0,515.0,True
2,recipient_full_weight_2,72,Platt,calibration_bayes_decision_results,candidate_count_before_cap,1682.0,3897.0,2215.0,True
2,recipient_full_weight_2,72,Uncalibrated,calibration_bayes_decision_results,candidate_count_before_cap,8006.0,12433.0,4427.0,True
2,recipient_full_weight_2,82,Isotonic,calibration_bayes_decision_results,candidate_count_before_cap,7699.0,8226.0,527.0,True
2,recipient_full_weight_2,82,Platt,calibration_bayes_decision_results,candidate_count_before_cap,1271.0,771.0,-500.0,True
2,recipient_full_weight_2,82,Uncalibrated,calibration_bayes_decision_results,candidate_count_before_cap,8542.0,8113.0,-429.0,True
3,raw_safe,42,Isotonic,calibration_bayes_decision_results,candidate_count_before_cap,4734.0,3617.0,-1117.0,True
3,raw_safe,42,Platt,calibration_bayes_decision_results,candidate_count_before_cap,841.0,882.0,41.0,True
3,raw_safe,42,Uncalibrated,calibration_bayes_decision_results,candidate_count_before_cap,1414.0,1139.0,-275.0,True
3,raw_safe,52,Isotonic,calibration_bayes_decision_results,candidate_count_before_cap,989.0,4686.0,3697.0,True
3,raw_safe,52,Platt,calibration_bayes_decision_results,candidate_count_before_cap,735.0,843.0,108.0,True
3,raw_safe,52,Uncalibrated,calibration_bayes_decision_results,candidate_count_before_cap,998.0,3310.0,2312.0,True
3,raw_safe,62,Isotonic,calibration_bayes_decision_results,candidate_count_before_cap,636.0,848.0,212.0,True
3,raw_safe,62,Platt,calibration_bayes_decision_results,candidate_count_before_cap,893.0,746.0,-147.0,True
3,raw_safe,62,Uncalibrated,calibration_bayes_decision_results,candidate_count_before_cap,1170.0,857.0,-313.0,True
3,raw_safe,72,Isotonic,calibration_bayes_decision_results,candidate_count_before_cap,1028.0,1364.0,336.0,True
3,raw_safe,72,Platt,calibration_bayes_decision_results,candidate_count_before_cap,734.0,705.0,-29.0,True
3,raw_safe,72,Uncalibrated,calibration_bayes_decision_results,candidate_count_before_cap,1028.0,1349.0,321.0,True
3,raw_safe,82,Isotonic,calibration_bayes_decision_results,candidate_count_before_cap,1041.0,1401.0,360.0,True
3,raw_safe,82,Platt,calibration_bayes_decision_results,candidate_count_before_cap,855.0,746.0,-109.0,True
3,raw_safe,82,Uncalibrated,calibration_bayes_decision_results,candidate_count_before_cap,1041.0,1155.0,114.0,True
3,recipient_full_weight_2,42,Isotonic,calibration_bayes_decision_results,candidate_count_before_cap,12712.0,15007.0,2295.0,True
3,recipient_full_weight_2,42,Platt,calibration_bayes_decision_results,candidate_count_before_cap,2741.0,9275.0,6534.0,True
3,recipient_full_weight_2,42,Uncalibrated,calibration_bayes_decision_results,candidate_count_before_cap,14047.0,15075.0,1028.0,True
3,recipient_full_weight_2,52,Isotonic,calibration_bayes_decision_results,candidate_count_before_cap,14441.0,49146.0,34705.0,True
3,recipient_full_weight_2,52,Platt,calibration_bayes_decision_results,candidate_count_before_cap,7273.0,9432.0,2159.0,True
3,recipient_full_weight_2,52,Uncalibrated,calibration_bayes_decision_results,candidate_count_before_cap,14924.0,48573.0,33649.0,True
3,recipient_full_weight_2,62,Isotonic,calibration_bayes_decision_results,candidate_count_before_cap,20884.0,15184.0,-5700.0,True
3,recipient_full_weight_2,62,Platt,calibration_bayes_decision_results,candidate_count_before_cap,13324.0,2718.0,-10606.0,True
3,recipient_full_weight_2,62,Uncalibrated,calibration_bayes_decision_results,candidate_count_before_cap,23067.0,14001.0,-9066.0,True
3,recipient_full_weight_2,72,Isotonic,calibration_bayes_decision_results,candidate_count_before_cap,15414.0,16978.0,1564.0,True
3,recipient_full_weight_2,72,Platt,calibration_bayes_decision_results,candidate_count_before_cap,9473.0,9719.0,246.0,True
3,recipient_full_weight_2,72,Uncalibrated,calibration_bayes_decision_results,candidate_count_before_cap,14897.0,14925.0,28.0,True
3,recipient_full_weight_2,82,Isotonic,calibration_bayes_decision_results,candidate_count_before_cap,19089.0,19528.0,439.0,True
3,recipient_full_weight_2,82,Platt,calibration_bayes_decision_results,candidate_count_before_cap,8603.0,10058.0,1455.0,True
3,recipient_full_weight_2,82,Uncalibrated,calibration_bayes_decision_results,candidate_count_before_cap,20019.0,18828.0,-1191.0,True
1,raw_safe,42,Isotonic,calibration_bayes_decision_results,candidate_alert_rate_before_cap,0.000418572155459877,0.0019481499577537768,0.0015295778022938998,True
1,raw_safe,42,Platt,calibration_bayes_decision_results,candidate_alert_rate_before_cap,0.0013257378306758929,0.0010658807676208763,-0.00025985706305501656,True
1,raw_safe,42,Uncalibrated,calibration_bayes_decision_results,candidate_alert_rate_before_cap,0.0013257378306758929,0.0010736609192093498,-0.00025207691146654303,True
1,raw_safe,52,Isotonic,calibration_bayes_decision_results,candidate_alert_rate_before_cap,0.00010425403128554557,0.00025674500241962717,0.0001524909711340816,True
1,raw_safe,52,Platt,calibration_bayes_decision_results,candidate_alert_rate_before_cap,0.0010285360399962032,0.0011436822835056118,0.0001151462435094086,True
1,raw_safe,52,Uncalibrated,calibration_bayes_decision_results,candidate_alert_rate_before_cap,0.0046556427105425725,0.00324743527302886,-0.0014082074375137126,True
1,raw_safe,62,Isotonic,calibration_bayes_decision_results,candidate_alert_rate_before_cap,0.007501622161606197,0.0013226257700405034,-0.006178996391565693,True
1,raw_safe,62,Platt,calibration_bayes_decision_results,candidate_alert_rate_before_cap,0.004361552980498272,0.0014611124683153326,-0.00290044051218294,True
1,raw_safe,62,Uncalibrated,calibration_bayes_decision_results,candidate_alert_rate_before_cap,0.002912888754724497,0.0014611124683153326,-0.0014517762864091645,True
1,raw_safe,72,Isotonic,calibration_bayes_decision_results,candidate_alert_rate_before_cap,0.00010425403128554557,0.00011203418287401911,7.780151588473541e-06,True
1,raw_safe,72,Platt,calibration_bayes_decision_results,candidate_alert_rate_before_cap,0.0010472084038085398,0.0007002136429626194,-0.00034699476084592033,True
1,raw_safe,72,Uncalibrated,calibration_bayes_decision_results,candidate_alert_rate_before_cap,0.004576285164340142,0.0036722315497595154,-0.0009040536145806261,True
1,raw_safe,82,Isotonic,calibration_bayes_decision_results,candidate_alert_rate_before_cap,0.003333016940502069,0.0008900493417213741,-0.0024429675987806946,True
1,raw_safe,82,Platt,calibration_bayes_decision_results,candidate_alert_rate_before_cap,0.0022780283851050556,0.004047234856323941,0.0017692064712188853,True
1,raw_safe,82,Uncalibrated,calibration_bayes_decision_results,candidate_alert_rate_before_cap,0.003294116182559701,0.004047234856323941,0.0007531186737642398,True
1,recipient_full_weight_2,42,Isotonic,calibration_bayes_decision_results,candidate_alert_rate_before_cap,0.01032114909726901,0.012021890234509329,0.0017007411372403185,True
1,recipient_full_weight_2,42,Platt,calibration_bayes_decision_results,candidate_alert_rate_before_cap,0.0009445104028406889,0.0009491784937937731,4.668090953084138e-06,True
1,recipient_full_weight_2,42,Uncalibrated,calibration_bayes_decision_results,candidate_alert_rate_before_cap,0.010255795823925834,0.0119129681122707,0.0016571722883448655,True
1,recipient_full_weight_2,52,Isotonic,calibration_bayes_decision_results,candidate_alert_rate_before_cap,0.012242846539621977,0.012470026966005406,0.000227180426383429,True
1,recipient_full_weight_2,52,Platt,calibration_bayes_decision_results,candidate_alert_rate_before_cap,0.0005057098532507807,0.0007997995832950809,0.00029408973004430017,True
1,recipient_full_weight_2,52,Uncalibrated,calibration_bayes_decision_results,candidate_alert_rate_before_cap,0.011808714080985154,0.01276878478700279,0.0009600707060176353,True
1,recipient_full_weight_2,62,Isotonic,calibration_bayes_decision_results,candidate_alert_rate_before_cap,0.011485059774904655,0.011346573076629824,-0.00013848669827483048,True
1,recipient_full_weight_2,62,Platt,calibration_bayes_decision_results,candidate_alert_rate_before_cap,0.0005492787021462326,0.0005772872478647374,2.800854571850483e-05,True
1,recipient_full_weight_2,62,Uncalibrated,calibration_bayes_decision_results,candidate_alert_rate_before_cap,0.011351241167582909,0.011170741650730323,-0.00018049951685258567,True
1,recipient_full_weight_2,72,Isotonic,calibration_bayes_decision_results,candidate_alert_rate_before_cap,0.010582562190641723,0.010959121527523843,0.0003765593368821197,True
1,recipient_full_weight_2,72,Platt,calibration_bayes_decision_results,candidate_alert_rate_before_cap,0.0004419126102252976,0.000815359886472028,0.0003734472762467304,True
1,recipient_full_weight_2,72,Uncalibrated,calibration_bayes_decision_results,candidate_alert_rate_before_cap,0.010985574042924653,0.010395838552518357,-0.0005897354904062964,True
1,recipient_full_weight_2,82,Isotonic,calibration_bayes_decision_results,candidate_alert_rate_before_cap,0.013319619519466717,0.01045652373490845,-0.002863095784558267,True
1,recipient_full_weight_2,82,Platt,calibration_bayes_decision_results,candidate_alert_rate_before_cap,0.0006426405212079152,0.0008667088869559534,0.0002240683657480382,True
1,recipient_full_weight_2,82,Uncalibrated,calibration_bayes_decision_results,candidate_alert_rate_before_cap,0.010637023251761038,0.011008914497690073,0.000371891245929035,True
2,raw_safe,42,Isotonic,calibration_bayes_decision_results,candidate_alert_rate_before_cap,0.00012551402949579694,0.0023963270631368596,0.0022708130336410626,True
2,raw_safe,42,Platt,calibration_bayes_decision_results,candidate_alert_rate_before_cap,0.0003187395749038001,0.0020131789730970587,0.0016944393981932586,True
2,raw_safe,42,Uncalibrated,calibration_bayes_decision_results,candidate_alert_rate_before_cap,0.023905468117785007,0.02040924179617182,-0.0034962263216131856,True
2,raw_safe,52,Isotonic,calibration_bayes_decision_results,candidate_alert_rate_before_cap,0.0005549041304024707,0.005215438225627983,0.004660534095225512,True
2,raw_safe,52,Platt,calibration_bayes_decision_results,candidate_alert_rate_before_cap,0.0005549041304024707,0.00010734752522666843,-0.00044755660517580226,True
2,raw_safe,52,Uncalibrated,calibration_bayes_decision_results,candidate_alert_rate_before_cap,0.023163944443526943,0.0105167544714373,-0.012647189972089643,True
2,raw_safe,62,Isotonic,calibration_bayes_decision_results,candidate_alert_rate_before_cap,0.00048223811332595665,0.0005912371389407276,0.00010899902561477097,True
2,raw_safe,62,Platt,calibration_bayes_decision_results,candidate_alert_rate_before_cap,0.002691945632607224,0.0023500850522699874,-0.0003418605803372364,True
2,raw_safe,62,Uncalibrated,calibration_bayes_decision_results,candidate_alert_rate_before_cap,0.02384105960264901,0.029842612013013824,0.006001552410364815,True
2,raw_safe,72,Isotonic,calibration_bayes_decision_results,candidate_alert_rate_before_cap,0.0012799128007795083,0.00029396706908226125,-0.000985945731697247,True
2,raw_safe,72,Platt,calibration_bayes_decision_results,candidate_alert_rate_before_cap,0.0009380522204422718,0.0025234925930207592,0.0015854403725784874,True
2,raw_safe,72,Uncalibrated,calibration_bayes_decision_results,candidate_alert_rate_before_cap,0.023036778913643044,0.021692457597727536,-0.001344321315915508,True
2,raw_safe,82,Isotonic,calibration_bayes_decision_results,candidate_alert_rate_before_cap,0.0006820696602863702,0.0001502865353173358,-0.0005317831249690343,True
2,raw_safe,82,Platt,calibration_bayes_decision_results,candidate_alert_rate_before_cap,0.0007002361645554987,0.0023220095456722434,0.0016217733811167447,True
2,raw_safe,82,Uncalibrated,calibration_bayes_decision_results,candidate_alert_rate_before_cap,0.02316724744430315,0.0023220095456722434,-0.020845237898630905,True
2,recipient_full_weight_2,42,Isotonic,calibration_bayes_decision_results,candidate_alert_rate_before_cap,0.012146785354494559,0.012591038958894156,0.0004442536043995967,True
2,recipient_full_weight_2,42,Platt,calibration_bayes_decision_results,candidate_alert_rate_before_cap,0.0006639031560172416,0.0022443890274314216,0.00158048587141418,True
2,recipient_full_weight_2,42,Uncalibrated,calibration_bayes_decision_results,candidate_alert_rate_before_cap,0.011070007101451668,0.01254975144919159,0.0014797443477399218,True
2,recipient_full_weight_2,52,Isotonic,calibration_bayes_decision_results,candidate_alert_rate_before_cap,0.015291242093441891,0.015192152070155736,-9.909002328615558e-05,True
2,recipient_full_weight_2,52,Platt,calibration_bayes_decision_results,candidate_alert_rate_before_cap,0.0016415913857739757,0.002748096645802712,0.0011065052600287362,True
2,recipient_full_weight_2,52,Uncalibrated,calibration_bayes_decision_results,candidate_alert_rate_before_cap,0.013861042757345048,0.013918845270928638,5.7802513583589746e-05,True
2,recipient_full_weight_2,62,Isotonic,calibration_bayes_decision_results,candidate_alert_rate_before_cap,0.013188882099387293,0.012399464913874255,-0.0007894171855130378,True
2,recipient_full_weight_2,62,Platt,calibration_bayes_decision_results,candidate_alert_rate_before_cap,0.0036613763604234446,0.0036333008538257006,-2.8075506597744024e-05,True
2,recipient_full_weight_2,62,Uncalibrated,calibration_bayes_decision_results,candidate_alert_rate_before_cap,0.013226866608313653,0.011989892817624812,-0.0012369737906888414,True
2,recipient_full_weight_2,72,Isotonic,calibration_bayes_decision_results,candidate_alert_rate_before_cap,0.015306105596934814,0.01615662829680765,0.0008505226998728362,True
2,recipient_full_weight_2,72,Platt,calibration_bayes_decision_results,candidate_alert_rate_before_cap,0.0027778236527885585,0.0064358970124357975,0.003658073359647239,True
2,recipient_full_weight_2,72,Uncalibrated,calibration_bayes_decision_results,candidate_alert_rate_before_cap,0.013221912107149346,0.020533104325279515,0.0073111922181301695,True
2,recipient_full_weight_2,82,Isotonic,calibration_bayes_decision_results,candidate_alert_rate_before_cap,0.01271490148800185,0.013585242192531915,0.0008703407045300652,True
2,recipient_full_weight_2,82,Platt,calibration_bayes_decision_results,candidate_alert_rate_before_cap,0.0020990569932783933,0.0012733067992270978,-0.0008257501940512955,True
2,recipient_full_weight_2,82,Uncalibrated,calibration_bayes_decision_results,candidate_alert_rate_before_cap,0.014107116315172334,0.013398622648676322,-0.0007084936664960122,True
3,raw_safe,42,Isotonic,calibration_bayes_decision_results,candidate_alert_rate_before_cap,0.007434944237918215,0.005680649199102278,-0.001754295038815937,True
3,raw_safe,42,Platt,calibration_bayes_decision_results,candidate_alert_rate_before_cap,0.0013208255395203252,0.0013852177477490211,6.439220822869593e-05,True
3,raw_safe,42,Uncalibrated,calibration_bayes_decision_results,candidate_alert_rate_before_cap,0.0022207459130579544,0.001788846955426457,-0.0004318989576314973,True
3,raw_safe,52,Isotonic,calibration_bayes_decision_results,candidate_alert_rate_before_cap,0.0015532657058092765,0.007359558238040718,0.0058062925322314414,True
3,raw_safe,52,Platt,calibration_bayes_decision_results,candidate_alert_rate_before_cap,0.0011543481231241844,0.0013239666228485542,0.0001696184997243698,True
3,raw_safe,52,Uncalibrated,calibration_bayes_decision_results,candidate_alert_rate_before_cap,0.0015674005807863073,0.005198492908219116,0.003631092327432809,True
3,raw_safe,62,Isotonic,calibration_bayes_decision_results,candidate_alert_rate_before_cap,0.0009988644983768451,0.001331819331169127,0.00033295483279228186,True
3,raw_safe,62,Platt,calibration_bayes_decision_results,candidate_alert_rate_before_cap,0.0014024937060542811,0.0011716240814294441,-0.00023086962462483696,True
3,raw_safe,62,Uncalibrated,calibration_bayes_decision_results,candidate_alert_rate_before_cap,0.0018375337470140076,0.0013459542061461578,-0.0004915795408678499,True
3,raw_safe,72,Isotonic,calibration_bayes_decision_results,candidate_alert_rate_before_cap,0.0016145168307097435,0.0021422188298522277,0.0005277019991424842,True
3,raw_safe,72,Platt,calibration_bayes_decision_results,candidate_alert_rate_before_cap,0.0011527775814600698,0.0011072318732007482,-4.554570825932155e-05,True
3,raw_safe,72,Uncalibrated,calibration_bayes_decision_results,candidate_alert_rate_before_cap,0.0016145168307097435,0.0021186607048905098,0.0005041438741807663,True
3,raw_safe,82,Isotonic,calibration_bayes_decision_results,candidate_alert_rate_before_cap,0.0016349338723432325,0.0022003288714244657,0.0005653949990812332,True
3,raw_safe,82,Platt,calibration_bayes_decision_results,candidate_alert_rate_before_cap,0.0013428131228179288,0.0011716240814294441,-0.00017118904138848463,True
3,raw_safe,82,Uncalibrated,calibration_bayes_decision_results,candidate_alert_rate_before_cap,0.0016349338723432325,0.0018139756220522897,0.00017904174970905721,True
3,recipient_full_weight_2,42,Isotonic,calibration_bayes_decision_results,candidate_alert_rate_before_cap,0.01996472563422399,0.023569118753366848,0.0036043931191428596,True
3,recipient_full_weight_2,42,Platt,calibration_bayes_decision_results,candidate_alert_rate_before_cap,0.004304854701337945,0.014566773934662325,0.01026191923332438,True
3,recipient_full_weight_2,42,Uncalibrated,calibration_bayes_decision_results,candidate_alert_rate_before_cap,0.022061398755816895,0.02367591558652664,0.001614516830709744,True
3,recipient_full_weight_2,52,Isotonic,calibration_bayes_decision_results,candidate_alert_rate_before_cap,0.02268019217147802,0.07718584062457301,0.05450564845309499,True
3,recipient_full_weight_2,52,Platt,calibration_bayes_decision_results,candidate_alert_rate_before_cap,0.011422549523105023,0.014813348975928307,0.003390799452823284,True
3,recipient_full_weight_2,52,Uncalibrated,calibration_bayes_decision_results,candidate_alert_rate_before_cap,0.023438763795245343,0.07628592025103538,0.05284715645579004,True
3,recipient_full_weight_2,62,Isotonic,calibration_bayes_decision_results,candidate_alert_rate_before_cap,0.03279919211336798,0.02384710462791512,-0.00895208748545286,True
3,recipient_full_weight_2,62,Platt,calibration_bayes_decision_results,candidate_alert_rate_before_cap,0.020925897132662085,0.00426873224306331,-0.016657164889598775,True
3,recipient_full_weight_2,62,Uncalibrated,calibration_bayes_decision_results,candidate_alert_rate_before_cap,0.036227684566130014,0.021989153839267625,-0.014238530726862389,True
3,recipient_full_weight_2,72,Isotonic,calibration_bayes_decision_results,candidate_alert_rate_before_cap,0.024208329210661465,0.0266646563733366,0.002456327162675135,True
3,recipient_full_weight_2,72,Platt,calibration_bayes_decision_results,candidate_alert_rate_before_cap,0.014877741184157004,0.01526409443352918,0.0003863532493721764,True
3,recipient_full_weight_2,72,Uncalibrated,calibration_bayes_decision_results,candidate_alert_rate_before_cap,0.02339635917031425,0.023440334336909455,4.397516659520456e-05,True
3,recipient_full_weight_2,82,Isotonic,calibration_bayes_decision_results,candidate_alert_rate_before_cap,0.029980069826282388,0.030669537616828668,0.0006894677905462804,True
3,recipient_full_weight_2,82,Platt,calibration_bayes_decision_results,candidate_alert_rate_before_cap,0.013511369936377356,0.015796508057664006,0.00228513812128665,True
3,recipient_full_weight_2,82,Uncalibrated,calibration_bayes_decision_results,candidate_alert_rate_before_cap,0.03144067357390891,0.02957015845194849,-0.0018705151219604171,True
1,raw_safe,42,Isotonic,calibration_bayes_decision_results,final_alert_count,269.0,1252.0,983.0,True
1,raw_safe,42,Platt,calibration_bayes_decision_results,final_alert_count,852.0,685.0,-167.0,True
1,raw_safe,42,Uncalibrated,calibration_bayes_decision_results,final_alert_count,852.0,690.0,-162.0,True
1,raw_safe,52,Isotonic,calibration_bayes_decision_results,final_alert_count,67.0,165.0,98.0,True
1,raw_safe,52,Platt,calibration_bayes_decision_results,final_alert_count,661.0,735.0,74.0,True
1,raw_safe,52,Uncalibrated,calibration_bayes_decision_results,final_alert_count,2992.0,2087.0,-905.0,True
1,raw_safe,62,Isotonic,calibration_bayes_decision_results,final_alert_count,4821.0,850.0,-3971.0,True
1,raw_safe,62,Platt,calibration_bayes_decision_results,final_alert_count,2803.0,939.0,-1864.0,True
1,raw_safe,62,Uncalibrated,calibration_bayes_decision_results,final_alert_count,1872.0,939.0,-933.0,True
1,raw_safe,72,Isotonic,calibration_bayes_decision_results,final_alert_count,67.0,72.0,5.0,True
1,raw_safe,72,Platt,calibration_bayes_decision_results,final_alert_count,673.0,450.0,-223.0,True
1,raw_safe,72,Uncalibrated,calibration_bayes_decision_results,final_alert_count,2941.0,2360.0,-581.0,True
1,raw_safe,82,Isotonic,calibration_bayes_decision_results,final_alert_count,2142.0,572.0,-1570.0,True
1,raw_safe,82,Platt,calibration_bayes_decision_results,final_alert_count,1464.0,2601.0,1137.0,True
1,raw_safe,82,Uncalibrated,calibration_bayes_decision_results,final_alert_count,2117.0,2601.0,484.0,True
1,recipient_full_weight_2,42,Isotonic,calibration_bayes_decision_results,final_alert_count,6633.0,7726.0,1093.0,True
1,recipient_full_weight_2,42,Platt,calibration_bayes_decision_results,final_alert_count,607.0,610.0,3.0,True
1,recipient_full_weight_2,42,Uncalibrated,calibration_bayes_decision_results,final_alert_count,6591.0,7656.0,1065.0,True
1,recipient_full_weight_2,52,Isotonic,calibration_bayes_decision_results,final_alert_count,7868.0,8014.0,146.0,True
1,recipient_full_weight_2,52,Platt,calibration_bayes_decision_results,final_alert_count,325.0,514.0,189.0,True
1,recipient_full_weight_2,52,Uncalibrated,calibration_bayes_decision_results,final_alert_count,7589.0,8206.0,617.0,True
1,recipient_full_weight_2,62,Isotonic,calibration_bayes_decision_results,final_alert_count,7381.0,7292.0,-89.0,True
1,recipient_full_weight_2,62,Platt,calibration_bayes_decision_results,final_alert_count,353.0,371.0,18.0,True
1,recipient_full_weight_2,62,Uncalibrated,calibration_bayes_decision_results,final_alert_count,7295.0,7179.0,-116.0,True
1,recipient_full_weight_2,72,Isotonic,calibration_bayes_decision_results,final_alert_count,6801.0,7043.0,242.0,True
1,recipient_full_weight_2,72,Platt,calibration_bayes_decision_results,final_alert_count,284.0,524.0,240.0,True
1,recipient_full_weight_2,72,Uncalibrated,calibration_bayes_decision_results,final_alert_count,7060.0,6681.0,-379.0,True
1,recipient_full_weight_2,82,Isotonic,calibration_bayes_decision_results,final_alert_count,8560.0,6720.0,-1840.0,True
1,recipient_full_weight_2,82,Platt,calibration_bayes_decision_results,final_alert_count,413.0,557.0,144.0,True
1,recipient_full_weight_2,82,Uncalibrated,calibration_bayes_decision_results,final_alert_count,6836.0,7075.0,239.0,True
2,raw_safe,42,Isotonic,calibration_bayes_decision_results,final_alert_count,76.0,1451.0,1375.0,True
2,raw_safe,42,Platt,calibration_bayes_decision_results,final_alert_count,193.0,1219.0,1026.0,True
2,raw_safe,42,Uncalibrated,calibration_bayes_decision_results,final_alert_count,14475.0,12358.0,-2117.0,True
2,raw_safe,52,Isotonic,calibration_bayes_decision_results,final_alert_count,336.0,3158.0,2822.0,True
2,raw_safe,52,Platt,calibration_bayes_decision_results,final_alert_count,336.0,65.0,-271.0,True
2,raw_safe,52,Uncalibrated,calibration_bayes_decision_results,final_alert_count,14026.0,6368.0,-7658.0,True
2,raw_safe,62,Isotonic,calibration_bayes_decision_results,final_alert_count,292.0,358.0,66.0,True
2,raw_safe,62,Platt,calibration_bayes_decision_results,final_alert_count,1630.0,1423.0,-207.0,True
2,raw_safe,62,Uncalibrated,calibration_bayes_decision_results,final_alert_count,14436.0,18070.0,3634.0,True
2,raw_safe,72,Isotonic,calibration_bayes_decision_results,final_alert_count,775.0,178.0,-597.0,True
2,raw_safe,72,Platt,calibration_bayes_decision_results,final_alert_count,568.0,1528.0,960.0,True
2,raw_safe,72,Uncalibrated,calibration_bayes_decision_results,final_alert_count,13949.0,13135.0,-814.0,True
2,raw_safe,82,Isotonic,calibration_bayes_decision_results,final_alert_count,413.0,91.0,-322.0,True
2,raw_safe,82,Platt,calibration_bayes_decision_results,final_alert_count,424.0,1406.0,982.0,True
2,raw_safe,82,Uncalibrated,calibration_bayes_decision_results,final_alert_count,14028.0,1406.0,-12622.0,True
2,recipient_full_weight_2,42,Isotonic,calibration_bayes_decision_results,final_alert_count,7355.0,7624.0,269.0,True
2,recipient_full_weight_2,42,Platt,calibration_bayes_decision_results,final_alert_count,402.0,1359.0,957.0,True
2,recipient_full_weight_2,42,Uncalibrated,calibration_bayes_decision_results,final_alert_count,6703.0,7599.0,896.0,True
2,recipient_full_weight_2,52,Isotonic,calibration_bayes_decision_results,final_alert_count,9259.0,9199.0,-60.0,True
2,recipient_full_weight_2,52,Platt,calibration_bayes_decision_results,final_alert_count,994.0,1664.0,670.0,True
2,recipient_full_weight_2,52,Uncalibrated,calibration_bayes_decision_results,final_alert_count,8393.0,8428.0,35.0,True
2,recipient_full_weight_2,62,Isotonic,calibration_bayes_decision_results,final_alert_count,7986.0,7508.0,-478.0,True
2,recipient_full_weight_2,62,Platt,calibration_bayes_decision_results,final_alert_count,2217.0,2200.0,-17.0,True
2,recipient_full_weight_2,62,Uncalibrated,calibration_bayes_decision_results,final_alert_count,8009.0,7260.0,-749.0,True
2,recipient_full_weight_2,72,Isotonic,calibration_bayes_decision_results,final_alert_count,9268.0,9783.0,515.0,True
2,recipient_full_weight_2,72,Platt,calibration_bayes_decision_results,final_alert_count,1682.0,3897.0,2215.0,True
2,recipient_full_weight_2,72,Uncalibrated,calibration_bayes_decision_results,final_alert_count,8006.0,12433.0,4427.0,True
2,recipient_full_weight_2,82,Isotonic,calibration_bayes_decision_results,final_alert_count,7699.0,8226.0,527.0,True
2,recipient_full_weight_2,82,Platt,calibration_bayes_decision_results,final_alert_count,1271.0,771.0,-500.0,True
2,recipient_full_weight_2,82,Uncalibrated,calibration_bayes_decision_results,final_alert_count,8542.0,8113.0,-429.0,True
3,raw_safe,42,Isotonic,calibration_bayes_decision_results,final_alert_count,4734.0,3617.0,-1117.0,True
3,raw_safe,42,Platt,calibration_bayes_decision_results,final_alert_count,841.0,882.0,41.0,True
3,raw_safe,42,Uncalibrated,calibration_bayes_decision_results,final_alert_count,1414.0,1139.0,-275.0,True
3,raw_safe,52,Isotonic,calibration_bayes_decision_results,final_alert_count,989.0,4686.0,3697.0,True
3,raw_safe,52,Platt,calibration_bayes_decision_results,final_alert_count,735.0,843.0,108.0,True
3,raw_safe,52,Uncalibrated,calibration_bayes_decision_results,final_alert_count,998.0,3310.0,2312.0,True
3,raw_safe,62,Isotonic,calibration_bayes_decision_results,final_alert_count,636.0,848.0,212.0,True
3,raw_safe,62,Platt,calibration_bayes_decision_results,final_alert_count,893.0,746.0,-147.0,True
3,raw_safe,62,Uncalibrated,calibration_bayes_decision_results,final_alert_count,1170.0,857.0,-313.0,True
3,raw_safe,72,Isotonic,calibration_bayes_decision_results,final_alert_count,1028.0,1364.0,336.0,True
3,raw_safe,72,Platt,calibration_bayes_decision_results,final_alert_count,734.0,705.0,-29.0,True
3,raw_safe,72,Uncalibrated,calibration_bayes_decision_results,final_alert_count,1028.0,1349.0,321.0,True
3,raw_safe,82,Isotonic,calibration_bayes_decision_results,final_alert_count,1041.0,1401.0,360.0,True
3,raw_safe,82,Platt,calibration_bayes_decision_results,final_alert_count,855.0,746.0,-109.0,True
3,raw_safe,82,Uncalibrated,calibration_bayes_decision_results,final_alert_count,1041.0,1155.0,114.0,True
3,recipient_full_weight_2,42,Isotonic,calibration_bayes_decision_results,final_alert_count,12712.0,15007.0,2295.0,True
3,recipient_full_weight_2,42,Platt,calibration_bayes_decision_results,final_alert_count,2741.0,9275.0,6534.0,True
3,recipient_full_weight_2,42,Uncalibrated,calibration_bayes_decision_results,final_alert_count,14047.0,15075.0,1028.0,True
3,recipient_full_weight_2,52,Isotonic,calibration_bayes_decision_results,final_alert_count,14441.0,19101.0,4660.0,True
3,recipient_full_weight_2,52,Platt,calibration_bayes_decision_results,final_alert_count,7273.0,9432.0,2159.0,True
3,recipient_full_weight_2,52,Uncalibrated,calibration_bayes_decision_results,final_alert_count,14924.0,19101.0,4177.0,True
3,recipient_full_weight_2,62,Isotonic,calibration_bayes_decision_results,final_alert_count,19101.0,15184.0,-3917.0,True
3,recipient_full_weight_2,62,Platt,calibration_bayes_decision_results,final_alert_count,13324.0,2718.0,-10606.0,True
3,recipient_full_weight_2,62,Uncalibrated,calibration_bayes_decision_results,final_alert_count,19101.0,14001.0,-5100.0,True
3,recipient_full_weight_2,72,Isotonic,calibration_bayes_decision_results,final_alert_count,15414.0,16978.0,1564.0,True
3,recipient_full_weight_2,72,Platt,calibration_bayes_decision_results,final_alert_count,9473.0,9719.0,246.0,True
3,recipient_full_weight_2,72,Uncalibrated,calibration_bayes_decision_results,final_alert_count,14897.0,14925.0,28.0,True
3,recipient_full_weight_2,82,Isotonic,calibration_bayes_decision_results,final_alert_count,19089.0,19101.0,12.0,True
3,recipient_full_weight_2,82,Platt,calibration_bayes_decision_results,final_alert_count,8603.0,10058.0,1455.0,True
3,recipient_full_weight_2,82,Uncalibrated,calibration_bayes_decision_results,final_alert_count,19101.0,18828.0,-273.0,True
1,raw_safe,42,Isotonic,calibration_bayes_decision_results,final_alert_rate,0.000418572155459877,0.0019481499577537768,0.0015295778022938998,True
1,raw_safe,42,Platt,calibration_bayes_decision_results,final_alert_rate,0.0013257378306758929,0.0010658807676208763,-0.00025985706305501656,True
1,raw_safe,42,Uncalibrated,calibration_bayes_decision_results,final_alert_rate,0.0013257378306758929,0.0010736609192093498,-0.00025207691146654303,True
1,raw_safe,52,Isotonic,calibration_bayes_decision_results,final_alert_rate,0.00010425403128554557,0.00025674500241962717,0.0001524909711340816,True
1,raw_safe,52,Platt,calibration_bayes_decision_results,final_alert_rate,0.0010285360399962032,0.0011436822835056118,0.0001151462435094086,True
1,raw_safe,52,Uncalibrated,calibration_bayes_decision_results,final_alert_rate,0.0046556427105425725,0.00324743527302886,-0.0014082074375137126,True
1,raw_safe,62,Isotonic,calibration_bayes_decision_results,final_alert_rate,0.007501622161606197,0.0013226257700405034,-0.006178996391565693,True
1,raw_safe,62,Platt,calibration_bayes_decision_results,final_alert_rate,0.004361552980498272,0.0014611124683153326,-0.00290044051218294,True
1,raw_safe,62,Uncalibrated,calibration_bayes_decision_results,final_alert_rate,0.002912888754724497,0.0014611124683153326,-0.0014517762864091645,True
1,raw_safe,72,Isotonic,calibration_bayes_decision_results,final_alert_rate,0.00010425403128554557,0.00011203418287401911,7.780151588473541e-06,True
1,raw_safe,72,Platt,calibration_bayes_decision_results,final_alert_rate,0.0010472084038085398,0.0007002136429626194,-0.00034699476084592033,True
1,raw_safe,72,Uncalibrated,calibration_bayes_decision_results,final_alert_rate,0.004576285164340142,0.0036722315497595154,-0.0009040536145806261,True
1,raw_safe,82,Isotonic,calibration_bayes_decision_results,final_alert_rate,0.003333016940502069,0.0008900493417213741,-0.0024429675987806946,True
1,raw_safe,82,Platt,calibration_bayes_decision_results,final_alert_rate,0.0022780283851050556,0.004047234856323941,0.0017692064712188853,True
1,raw_safe,82,Uncalibrated,calibration_bayes_decision_results,final_alert_rate,0.003294116182559701,0.004047234856323941,0.0007531186737642398,True
1,recipient_full_weight_2,42,Isotonic,calibration_bayes_decision_results,final_alert_rate,0.01032114909726901,0.012021890234509329,0.0017007411372403185,True
1,recipient_full_weight_2,42,Platt,calibration_bayes_decision_results,final_alert_rate,0.0009445104028406889,0.0009491784937937731,4.668090953084138e-06,True
1,recipient_full_weight_2,42,Uncalibrated,calibration_bayes_decision_results,final_alert_rate,0.010255795823925834,0.0119129681122707,0.0016571722883448655,True
1,recipient_full_weight_2,52,Isotonic,calibration_bayes_decision_results,final_alert_rate,0.012242846539621977,0.012470026966005406,0.000227180426383429,True
1,recipient_full_weight_2,52,Platt,calibration_bayes_decision_results,final_alert_rate,0.0005057098532507807,0.0007997995832950809,0.00029408973004430017,True
1,recipient_full_weight_2,52,Uncalibrated,calibration_bayes_decision_results,final_alert_rate,0.011808714080985154,0.01276878478700279,0.0009600707060176353,True
1,recipient_full_weight_2,62,Isotonic,calibration_bayes_decision_results,final_alert_rate,0.011485059774904655,0.011346573076629824,-0.00013848669827483048,True
1,recipient_full_weight_2,62,Platt,calibration_bayes_decision_results,final_alert_rate,0.0005492787021462326,0.0005772872478647374,2.800854571850483e-05,True
1,recipient_full_weight_2,62,Uncalibrated,calibration_bayes_decision_results,final_alert_rate,0.011351241167582909,0.011170741650730323,-0.00018049951685258567,True
1,recipient_full_weight_2,72,Isotonic,calibration_bayes_decision_results,final_alert_rate,0.010582562190641723,0.010959121527523843,0.0003765593368821197,True
1,recipient_full_weight_2,72,Platt,calibration_bayes_decision_results,final_alert_rate,0.0004419126102252976,0.000815359886472028,0.0003734472762467304,True
1,recipient_full_weight_2,72,Uncalibrated,calibration_bayes_decision_results,final_alert_rate,0.010985574042924653,0.010395838552518357,-0.0005897354904062964,True
1,recipient_full_weight_2,82,Isotonic,calibration_bayes_decision_results,final_alert_rate,0.013319619519466717,0.01045652373490845,-0.002863095784558267,True
1,recipient_full_weight_2,82,Platt,calibration_bayes_decision_results,final_alert_rate,0.0006426405212079152,0.0008667088869559534,0.0002240683657480382,True
1,recipient_full_weight_2,82,Uncalibrated,calibration_bayes_decision_results,final_alert_rate,0.010637023251761038,0.011008914497690073,0.000371891245929035,True
2,raw_safe,42,Isotonic,calibration_bayes_decision_results,final_alert_rate,0.00012551402949579694,0.0023963270631368596,0.0022708130336410626,True
2,raw_safe,42,Platt,calibration_bayes_decision_results,final_alert_rate,0.0003187395749038001,0.0020131789730970587,0.0016944393981932586,True
2,raw_safe,42,Uncalibrated,calibration_bayes_decision_results,final_alert_rate,0.023905468117785007,0.02040924179617182,-0.0034962263216131856,True
2,raw_safe,52,Isotonic,calibration_bayes_decision_results,final_alert_rate,0.0005549041304024707,0.005215438225627983,0.004660534095225512,True
2,raw_safe,52,Platt,calibration_bayes_decision_results,final_alert_rate,0.0005549041304024707,0.00010734752522666843,-0.00044755660517580226,True
2,raw_safe,52,Uncalibrated,calibration_bayes_decision_results,final_alert_rate,0.023163944443526943,0.0105167544714373,-0.012647189972089643,True
2,raw_safe,62,Isotonic,calibration_bayes_decision_results,final_alert_rate,0.00048223811332595665,0.0005912371389407276,0.00010899902561477097,True
2,raw_safe,62,Platt,calibration_bayes_decision_results,final_alert_rate,0.002691945632607224,0.0023500850522699874,-0.0003418605803372364,True
2,raw_safe,62,Uncalibrated,calibration_bayes_decision_results,final_alert_rate,0.02384105960264901,0.029842612013013824,0.006001552410364815,True
2,raw_safe,72,Isotonic,calibration_bayes_decision_results,final_alert_rate,0.0012799128007795083,0.00029396706908226125,-0.000985945731697247,True
2,raw_safe,72,Platt,calibration_bayes_decision_results,final_alert_rate,0.0009380522204422718,0.0025234925930207592,0.0015854403725784874,True
2,raw_safe,72,Uncalibrated,calibration_bayes_decision_results,final_alert_rate,0.023036778913643044,0.021692457597727536,-0.001344321315915508,True
2,raw_safe,82,Isotonic,calibration_bayes_decision_results,final_alert_rate,0.0006820696602863702,0.0001502865353173358,-0.0005317831249690343,True
2,raw_safe,82,Platt,calibration_bayes_decision_results,final_alert_rate,0.0007002361645554987,0.0023220095456722434,0.0016217733811167447,True
2,raw_safe,82,Uncalibrated,calibration_bayes_decision_results,final_alert_rate,0.02316724744430315,0.0023220095456722434,-0.020845237898630905,True
2,recipient_full_weight_2,42,Isotonic,calibration_bayes_decision_results,final_alert_rate,0.012146785354494559,0.012591038958894156,0.0004442536043995967,True
2,recipient_full_weight_2,42,Platt,calibration_bayes_decision_results,final_alert_rate,0.0006639031560172416,0.0022443890274314216,0.00158048587141418,True
2,recipient_full_weight_2,42,Uncalibrated,calibration_bayes_decision_results,final_alert_rate,0.011070007101451668,0.01254975144919159,0.0014797443477399218,True
2,recipient_full_weight_2,52,Isotonic,calibration_bayes_decision_results,final_alert_rate,0.015291242093441891,0.015192152070155736,-9.909002328615558e-05,True
2,recipient_full_weight_2,52,Platt,calibration_bayes_decision_results,final_alert_rate,0.0016415913857739757,0.002748096645802712,0.0011065052600287362,True
2,recipient_full_weight_2,52,Uncalibrated,calibration_bayes_decision_results,final_alert_rate,0.013861042757345048,0.013918845270928638,5.7802513583589746e-05,True
2,recipient_full_weight_2,62,Isotonic,calibration_bayes_decision_results,final_alert_rate,0.013188882099387293,0.012399464913874255,-0.0007894171855130378,True
2,recipient_full_weight_2,62,Platt,calibration_bayes_decision_results,final_alert_rate,0.0036613763604234446,0.0036333008538257006,-2.8075506597744024e-05,True
2,recipient_full_weight_2,62,Uncalibrated,calibration_bayes_decision_results,final_alert_rate,0.013226866608313653,0.011989892817624812,-0.0012369737906888414,True
2,recipient_full_weight_2,72,Isotonic,calibration_bayes_decision_results,final_alert_rate,0.015306105596934814,0.01615662829680765,0.0008505226998728362,True
2,recipient_full_weight_2,72,Platt,calibration_bayes_decision_results,final_alert_rate,0.0027778236527885585,0.0064358970124357975,0.003658073359647239,True
2,recipient_full_weight_2,72,Uncalibrated,calibration_bayes_decision_results,final_alert_rate,0.013221912107149346,0.020533104325279515,0.0073111922181301695,True
2,recipient_full_weight_2,82,Isotonic,calibration_bayes_decision_results,final_alert_rate,0.01271490148800185,0.013585242192531915,0.0008703407045300652,True
2,recipient_full_weight_2,82,Platt,calibration_bayes_decision_results,final_alert_rate,0.0020990569932783933,0.0012733067992270978,-0.0008257501940512955,True
2,recipient_full_weight_2,82,Uncalibrated,calibration_bayes_decision_results,final_alert_rate,0.014107116315172334,0.013398622648676322,-0.0007084936664960122,True
3,raw_safe,42,Isotonic,calibration_bayes_decision_results,final_alert_rate,0.007434944237918215,0.005680649199102278,-0.001754295038815937,True
3,raw_safe,42,Platt,calibration_bayes_decision_results,final_alert_rate,0.0013208255395203252,0.0013852177477490211,6.439220822869593e-05,True
3,raw_safe,42,Uncalibrated,calibration_bayes_decision_results,final_alert_rate,0.0022207459130579544,0.001788846955426457,-0.0004318989576314973,True
3,raw_safe,52,Isotonic,calibration_bayes_decision_results,final_alert_rate,0.0015532657058092765,0.007359558238040718,0.0058062925322314414,True
3,raw_safe,52,Platt,calibration_bayes_decision_results,final_alert_rate,0.0011543481231241844,0.0013239666228485542,0.0001696184997243698,True
3,raw_safe,52,Uncalibrated,calibration_bayes_decision_results,final_alert_rate,0.0015674005807863073,0.005198492908219116,0.003631092327432809,True
3,raw_safe,62,Isotonic,calibration_bayes_decision_results,final_alert_rate,0.0009988644983768451,0.001331819331169127,0.00033295483279228186,True
3,raw_safe,62,Platt,calibration_bayes_decision_results,final_alert_rate,0.0014024937060542811,0.0011716240814294441,-0.00023086962462483696,True
3,raw_safe,62,Uncalibrated,calibration_bayes_decision_results,final_alert_rate,0.0018375337470140076,0.0013459542061461578,-0.0004915795408678499,True
3,raw_safe,72,Isotonic,calibration_bayes_decision_results,final_alert_rate,0.0016145168307097435,0.0021422188298522277,0.0005277019991424842,True
3,raw_safe,72,Platt,calibration_bayes_decision_results,final_alert_rate,0.0011527775814600698,0.0011072318732007482,-4.554570825932155e-05,True
3,raw_safe,72,Uncalibrated,calibration_bayes_decision_results,final_alert_rate,0.0016145168307097435,0.0021186607048905098,0.0005041438741807663,True
3,raw_safe,82,Isotonic,calibration_bayes_decision_results,final_alert_rate,0.0016349338723432325,0.0022003288714244657,0.0005653949990812332,True
3,raw_safe,82,Platt,calibration_bayes_decision_results,final_alert_rate,0.0013428131228179288,0.0011716240814294441,-0.00017118904138848463,True
3,raw_safe,82,Uncalibrated,calibration_bayes_decision_results,final_alert_rate,0.0016349338723432325,0.0018139756220522897,0.00017904174970905721,True
3,recipient_full_weight_2,42,Isotonic,calibration_bayes_decision_results,final_alert_rate,0.01996472563422399,0.023569118753366848,0.0036043931191428596,True
3,recipient_full_weight_2,42,Platt,calibration_bayes_decision_results,final_alert_rate,0.004304854701337945,0.014566773934662325,0.01026191923332438,True
3,recipient_full_weight_2,42,Uncalibrated,calibration_bayes_decision_results,final_alert_rate,0.022061398755816895,0.02367591558652664,0.001614516830709744,True
3,recipient_full_weight_2,52,Isotonic,calibration_bayes_decision_results,final_alert_rate,0.02268019217147802,0.029998916326251762,0.007318724154773741,True
3,recipient_full_weight_2,52,Platt,calibration_bayes_decision_results,final_alert_rate,0.011422549523105023,0.014813348975928307,0.003390799452823284,True
3,recipient_full_weight_2,52,Uncalibrated,calibration_bayes_decision_results,final_alert_rate,0.023438763795245343,0.029998916326251762,0.006560152531006419,True
3,recipient_full_weight_2,62,Isotonic,calibration_bayes_decision_results,final_alert_rate,0.029998916326251762,0.02384710462791512,-0.006151811698336642,True
3,recipient_full_weight_2,62,Platt,calibration_bayes_decision_results,final_alert_rate,0.020925897132662085,0.00426873224306331,-0.016657164889598775,True
3,recipient_full_weight_2,62,Uncalibrated,calibration_bayes_decision_results,final_alert_rate,0.029998916326251762,0.021989153839267625,-0.008009762486984137,True
3,recipient_full_weight_2,72,Isotonic,calibration_bayes_decision_results,final_alert_rate,0.024208329210661465,0.0266646563733366,0.002456327162675135,True
3,recipient_full_weight_2,72,Platt,calibration_bayes_decision_results,final_alert_rate,0.014877741184157004,0.01526409443352918,0.0003863532493721764,True
3,recipient_full_weight_2,72,Uncalibrated,calibration_bayes_decision_results,final_alert_rate,0.02339635917031425,0.023440334336909455,4.397516659520456e-05,True
3,recipient_full_weight_2,82,Isotonic,calibration_bayes_decision_results,final_alert_rate,0.029980069826282388,0.029998916326251762,1.8846499969374375e-05,True
3,recipient_full_weight_2,82,Platt,calibration_bayes_decision_results,final_alert_rate,0.013511369936377356,0.015796508057664006,0.00228513812128665,True
3,recipient_full_weight_2,82,Uncalibrated,calibration_bayes_decision_results,final_alert_rate,0.029998916326251762,0.02957015845194849,-0.0004287578743032705,True
1,raw_safe,42,Isotonic,calibration_bayes_decision_results,precision,0.2825278810408922,0.07028753993610223,-0.21224034110478998,True
1,raw_safe,42,Platt,calibration_bayes_decision_results,precision,0.09624413145539906,0.11824817518248175,0.022004043727082687,True
1,raw_safe,42,Uncalibrated,calibration_bayes_decision_results,precision,0.09624413145539906,0.1246376811594203,0.028393549704021234,True
1,raw_safe,52,Isotonic,calibration_bayes_decision_results,precision,1.0,0.048484848484848485,-0.9515151515151515,True
1,raw_safe,52,Platt,calibration_bayes_decision_results,precision,0.10892586989409984,0.02040816326530612,-0.08851770662879373,True
1,raw_safe,52,Uncalibrated,calibration_bayes_decision_results,precision,0.025735294117647058,0.008145663632007666,-0.017589630485639392,True
1,raw_safe,62,Isotonic,calibration_bayes_decision_results,precision,0.0352623936942543,0.09529411764705882,0.06003172395280452,True
1,raw_safe,62,Platt,calibration_bayes_decision_results,precision,0.03674634320371031,0.09052183173588925,0.053775488532178936,True
1,raw_safe,62,Uncalibrated,calibration_bayes_decision_results,precision,0.049145299145299144,0.09052183173588925,0.041376532590590105,True
1,raw_safe,72,Isotonic,calibration_bayes_decision_results,precision,1.0,1.0,0.0,False
1,raw_safe,72,Platt,calibration_bayes_decision_results,precision,0.10698365527488855,0.16,0.05301634472511145,True
1,raw_safe,72,Uncalibrated,calibration_bayes_decision_results,precision,0.027201632097925876,0.03389830508474576,0.006696672986819887,True
1,raw_safe,82,Isotonic,calibration_bayes_decision_results,precision,0.04668534080298786,0.12237762237762238,0.07569228157463452,True
1,raw_safe,82,Platt,calibration_bayes_decision_results,precision,0.06352459016393443,0.029988465974625143,-0.033536124189309284,True
1,raw_safe,82,Uncalibrated,calibration_bayes_decision_results,precision,0.04487482286254133,0.029988465974625143,-0.014886356887916188,True
1,recipient_full_weight_2,42,Isotonic,calibration_bayes_decision_results,precision,0.03919794964571084,0.04530157908361377,0.0061036294379029285,True
1,recipient_full_weight_2,42,Platt,calibration_bayes_decision_results,precision,0.19934102141680396,0.29508196721311475,0.09574094579631079,True
1,recipient_full_weight_2,42,Uncalibrated,calibration_bayes_decision_results,precision,0.0392960097102109,0.045715778474399164,0.0064197687641882675,True
1,recipient_full_weight_2,52,Isotonic,calibration_bayes_decision_results,precision,0.04677173360447382,0.04492138757174944,-0.0018503460327243815,True
1,recipient_full_weight_2,52,Platt,calibration_bayes_decision_results,precision,0.5723076923076923,0.3560311284046693,-0.21627656390302302,True
1,recipient_full_weight_2,52,Uncalibrated,calibration_bayes_decision_results,precision,0.04783238898405587,0.04423592493297587,-0.003596464051079995,True
1,recipient_full_weight_2,62,Isotonic,calibration_bayes_decision_results,precision,0.047419048909361876,0.04827207899067471,0.0008530300813128361,True
1,recipient_full_weight_2,62,Platt,calibration_bayes_decision_results,precision,0.509915014164306,0.49865229110512127,-0.011262723059184687,True
1,recipient_full_weight_2,62,Uncalibrated,calibration_bayes_decision_results,precision,0.04756682659355723,0.04861401309374565,0.001047186500188417,True
1,recipient_full_weight_2,72,Isotonic,calibration_bayes_decision_results,precision,0.042934862520217616,0.04671304841686781,0.003778185896650195,True
1,recipient_full_weight_2,72,Platt,calibration_bayes_decision_results,precision,0.5176056338028169,0.37595419847328243,-0.14165143532953445,True
1,recipient_full_weight_2,72,Uncalibrated,calibration_bayes_decision_results,precision,0.041926345609065156,0.047597665020206556,0.0056713194111414,True
1,recipient_full_weight_2,82,Isotonic,calibration_bayes_decision_results,precision,0.044275700934579436,0.04925595238095238,0.004980251446372944,True
1,recipient_full_weight_2,82,Platt,calibration_bayes_decision_results,precision,0.4648910411622276,0.3177737881508079,-0.1471172530114197,True
1,recipient_full_weight_2,82,Uncalibrated,calibration_bayes_decision_results,precision,0.04871269748390872,0.047915194346289755,-0.0007975031376189629,True
2,raw_safe,42,Isotonic,calibration_bayes_decision_results,precision,0.5921052631578947,0.03652653342522398,-0.5555787297326708,True
2,raw_safe,42,Platt,calibration_bayes_decision_results,precision,0.23316062176165803,0.04265791632485644,-0.1905027054368016,True
2,raw_safe,42,Uncalibrated,calibration_bayes_decision_results,precision,0.005595854922279792,0.006554458650267034,0.0009586037279872414,True
2,raw_safe,52,Isotonic,calibration_bayes_decision_results,precision,0.12797619047619047,0.015832805573147563,-0.1121433849030429,True
2,raw_safe,52,Platt,calibration_bayes_decision_results,precision,0.12797619047619047,0.5384615384615384,0.41048534798534797,True
2,raw_safe,52,Uncalibrated,calibration_bayes_decision_results,precision,0.005347212319977185,0.008793969849246231,0.003446757529269046,True
2,raw_safe,62,Isotonic,calibration_bayes_decision_results,precision,0.1678082191780822,0.13687150837988826,-0.030936710798193934,True
2,raw_safe,62,Platt,calibration_bayes_decision_results,precision,0.03190184049079755,0.036542515811665496,0.004640675320867947,True
2,raw_safe,62,Uncalibrated,calibration_bayes_decision_results,precision,0.005818786367414797,0.005257332595462092,-0.0005614537719527048,True
2,raw_safe,72,Isotonic,calibration_bayes_decision_results,precision,0.06451612903225806,0.2752808988764045,0.21076476984414644,True
2,raw_safe,72,Platt,calibration_bayes_decision_results,precision,0.08098591549295775,0.03468586387434555,-0.0463000516186122,True
2,raw_safe,72,Uncalibrated,calibration_bayes_decision_results,precision,0.005950247329557674,0.006395127521888085,0.0004448801923304111,True
2,raw_safe,82,Isotonic,calibration_bayes_decision_results,precision,0.11864406779661017,0.42857142857142855,0.30992736077481836,True
2,raw_safe,82,Platt,calibration_bayes_decision_results,precision,0.1179245283018868,0.031294452347083924,-0.08663007595480288,True
2,raw_safe,82,Uncalibrated,calibration_bayes_decision_results,precision,0.005774165953806672,0.031294452347083924,0.025520286393277254,True
2,recipient_full_weight_2,42,Isotonic,calibration_bayes_decision_results,precision,0.029231815091774305,0.02911857292759706,-0.00011324216417724423,True
2,recipient_full_weight_2,42,Platt,calibration_bayes_decision_results,precision,0.1417910447761194,0.06990434142752024,-0.07188670334859916,True
2,recipient_full_weight_2,42,Uncalibrated,calibration_bayes_decision_results,precision,0.031329255557213186,0.029214370311883144,-0.0021148852453300414,True
2,recipient_full_weight_2,52,Isotonic,calibration_bayes_decision_results,precision,0.022680635057781617,0.023263398195456027,0.0005827631376744101,True
2,recipient_full_weight_2,52,Platt,calibration_bayes_decision_results,precision,0.08853118712273642,0.06009615384615385,-0.028435033276582568,True
2,recipient_full_weight_2,52,Uncalibrated,calibration_bayes_decision_results,precision,0.02311450017872036,0.024323682961556715,0.0012091827828363544,True
2,recipient_full_weight_2,62,Isotonic,calibration_bayes_decision_results,precision,0.026045579764588028,0.02876931273308471,0.0027237329684966817,True
2,recipient_full_weight_2,62,Platt,calibration_bayes_decision_results,precision,0.04781235904375282,0.049545454545454545,0.0017330955017017258,True
2,recipient_full_weight_2,62,Uncalibrated,calibration_bayes_decision_results,precision,0.02597078286927207,0.029201101928374655,0.0032303190591025863,True
2,recipient_full_weight_2,72,Isotonic,calibration_bayes_decision_results,precision,0.021255934397928354,0.02003475416538894,-0.0012211802325394136,True
2,recipient_full_weight_2,72,Platt,calibration_bayes_decision_results,precision,0.04221165279429251,0.023094688221709007,-0.0191169645725835,True
2,recipient_full_weight_2,72,Uncalibrated,calibration_bayes_decision_results,precision,0.023732200849362978,0.01817743103032253,-0.005554769819040448,True
2,recipient_full_weight_2,82,Isotonic,calibration_bayes_decision_results,precision,0.02532796467073646,0.028324823729637735,0.0029968590589012738,True
2,recipient_full_weight_2,82,Platt,calibration_bayes_decision_results,precision,0.07395751376868608,0.11932555123216602,0.04536803746347995,True
2,recipient_full_weight_2,82,Uncalibrated,calibration_bayes_decision_results,precision,0.023530789042378833,0.02834956243066683,0.004818773388287997,True
3,raw_safe,42,Isotonic,calibration_bayes_decision_results,precision,0.2456696239966202,0.29029582526956044,0.04462620127294023,True
3,raw_safe,42,Platt,calibration_bayes_decision_results,precision,0.8882282996432818,0.7755102040816326,-0.11271809556164913,True
3,raw_safe,42,Uncalibrated,calibration_bayes_decision_results,precision,0.5480905233380481,0.611062335381914,0.06297181204386593,True
3,raw_safe,52,Isotonic,calibration_bayes_decision_results,precision,0.7583417593528817,0.2501067008109262,-0.5082350585419555,True
3,raw_safe,52,Platt,calibration_bayes_decision_results,precision,0.9578231292517007,0.8884934756820878,-0.06932965356961285,True
3,raw_safe,52,Uncalibrated,calibration_bayes_decision_results,precision,0.7535070140280561,0.32235649546827794,-0.43115051855977815,True
3,raw_safe,62,Isotonic,calibration_bayes_decision_results,precision,0.8349056603773585,0.8773584905660378,0.04245283018867929,True
3,raw_safe,62,Platt,calibration_bayes_decision_results,precision,0.6013437849944009,0.9329758713136729,0.331632086319272,True
3,raw_safe,62,Uncalibrated,calibration_bayes_decision_results,precision,0.47435897435897434,0.8704784130688448,0.39611943870987043,True
3,raw_safe,72,Isotonic,calibration_bayes_decision_results,precision,0.7344357976653697,0.5549853372434017,-0.179450460421968,True
3,raw_safe,72,Platt,calibration_bayes_decision_results,precision,0.9550408719346049,0.9801418439716312,0.025100972037026326,True
3,raw_safe,72,Uncalibrated,calibration_bayes_decision_results,precision,0.7344357976653697,0.5604151223128243,-0.1740206753525454,True
3,raw_safe,82,Isotonic,calibration_bayes_decision_results,precision,0.7185398655139289,0.576017130620985,-0.14252273489294387,True
3,raw_safe,82,Platt,calibration_bayes_decision_results,precision,0.8678362573099415,0.9369973190348525,0.06916106172491099,True
3,raw_safe,82,Uncalibrated,calibration_bayes_decision_results,precision,0.7185398655139289,0.6571428571428571,-0.06139700837107176,True
3,recipient_full_weight_2,42,Isotonic,calibration_bayes_decision_results,precision,0.21554436752674638,0.18877857000066636,-0.02676579752608002,True
3,recipient_full_weight_2,42,Platt,calibration_bayes_decision_results,precision,0.45457862094126233,0.2183288409703504,-0.23624977997091193,True
3,recipient_full_weight_2,42,Uncalibrated,calibration_bayes_decision_results,precision,0.20353100306115185,0.18825870646766169,-0.015272296593490164,True
3,recipient_full_weight_2,52,Isotonic,calibration_bayes_decision_results,precision,0.17228723772591925,0.11329249777498561,-0.05899473995093364,True
3,recipient_full_weight_2,52,Platt,calibration_bayes_decision_results,precision,0.19510518355561665,0.16391009329940628,-0.031195090256210367,True
3,recipient_full_weight_2,52,Uncalibrated,calibration_bayes_decision_results,precision,0.16965960868399893,0.11329249777498561,-0.05636711090901332,True
3,recipient_full_weight_2,62,Isotonic,calibration_bayes_decision_results,precision,0.11727134704989267,0.15193624868282402,0.034664901632931344,True
3,recipient_full_weight_2,62,Platt,calibration_bayes_decision_results,precision,0.11550585409786851,0.4392935982339956,0.3237877441361271,True
3,recipient_full_weight_2,62,Uncalibrated,calibration_bayes_decision_results,precision,0.11727134704989267,0.16105992429112206,0.04378857724122939,True
3,recipient_full_weight_2,72,Isotonic,calibration_bayes_decision_results,precision,0.1872323861424679,0.17934974673106374,-0.007882639411404158,True
3,recipient_full_weight_2,72,Platt,calibration_bayes_decision_results,precision,0.22558851472606356,0.24436670439345612,0.01877818966739256,True
3,recipient_full_weight_2,72,Uncalibrated,calibration_bayes_decision_results,precision,0.18916560381284822,0.19852596314907872,0.0093603593362305,True
3,recipient_full_weight_2,82,Isotonic,calibration_bayes_decision_results,precision,0.15322960867515323,0.15035861996754096,-0.0028709887076122653,True
3,recipient_full_weight_2,82,Platt,calibration_bayes_decision_results,precision,0.21597117284668138,0.1684231457546232,-0.04754802709205819,True
3,recipient_full_weight_2,82,Uncalibrated,calibration_bayes_decision_results,precision,0.15313334380398932,0.15099851285319738,-0.0021348309507919494,True
1,raw_safe,42,Isotonic,calibration_bayes_decision_results,recall,0.15261044176706828,0.17670682730923695,0.02409638554216867,True
1,raw_safe,42,Platt,calibration_bayes_decision_results,recall,0.1646586345381526,0.16265060240963855,-0.0020080321285140534,True
1,raw_safe,42,Uncalibrated,calibration_bayes_decision_results,recall,0.1646586345381526,0.17269076305220885,0.008032128514056242,True
1,raw_safe,52,Isotonic,calibration_bayes_decision_results,recall,0.13453815261044177,0.01606425702811245,-0.11847389558232932,True
1,raw_safe,52,Platt,calibration_bayes_decision_results,recall,0.14457831325301204,0.030120481927710843,-0.1144578313253012,True
1,raw_safe,52,Uncalibrated,calibration_bayes_decision_results,recall,0.15461847389558234,0.03413654618473896,-0.12048192771084337,True
1,raw_safe,62,Isotonic,calibration_bayes_decision_results,recall,0.3413654618473896,0.16265060240963855,-0.17871485943775103,True
1,raw_safe,62,Platt,calibration_bayes_decision_results,recall,0.20682730923694778,0.1706827309236948,-0.03614457831325299,True
1,raw_safe,62,Uncalibrated,calibration_bayes_decision_results,recall,0.18473895582329317,0.1706827309236948,-0.014056224899598374,True
1,raw_safe,72,Isotonic,calibration_bayes_decision_results,recall,0.13453815261044177,0.14457831325301204,0.010040160642570267,True
1,raw_safe,72,Platt,calibration_bayes_decision_results,recall,0.14457831325301204,0.14457831325301204,0.0,False
1,raw_safe,72,Uncalibrated,calibration_bayes_decision_results,recall,0.1606425702811245,0.1606425702811245,0.0,False
1,raw_safe,82,Isotonic,calibration_bayes_decision_results,recall,0.20080321285140562,0.14056224899598393,-0.060240963855421686,True
1,raw_safe,82,Platt,calibration_bayes_decision_results,recall,0.18674698795180722,0.1566265060240964,-0.03012048192771083,True
1,raw_safe,82,Uncalibrated,calibration_bayes_decision_results,recall,0.19076305220883535,0.1566265060240964,-0.034136546184738964,True
1,recipient_full_weight_2,42,Isotonic,calibration_bayes_decision_results,recall,0.5220883534136547,0.7028112449799196,0.18072289156626498,True
1,recipient_full_weight_2,42,Platt,calibration_bayes_decision_results,recall,0.2429718875502008,0.3614457831325301,0.11847389558232932,True
1,recipient_full_weight_2,42,Uncalibrated,calibration_bayes_decision_results,recall,0.5200803212851406,0.7028112449799196,0.18273092369477906,True
1,recipient_full_weight_2,52,Isotonic,calibration_bayes_decision_results,recall,0.7389558232931727,0.7228915662650602,-0.016064257028112428,True
1,recipient_full_weight_2,52,Platt,calibration_bayes_decision_results,recall,0.37349397590361444,0.3674698795180723,-0.0060240963855421326,True
1,recipient_full_weight_2,52,Uncalibrated,calibration_bayes_decision_results,recall,0.7289156626506024,0.7289156626506024,0.0,False
1,recipient_full_weight_2,62,Isotonic,calibration_bayes_decision_results,recall,0.7028112449799196,0.7068273092369478,0.004016064257028162,True
1,recipient_full_weight_2,62,Platt,calibration_bayes_decision_results,recall,0.3614457831325301,0.3714859437751004,0.010040160642570295,True
1,recipient_full_weight_2,62,Uncalibrated,calibration_bayes_decision_results,recall,0.6967871485943775,0.7008032128514057,0.004016064257028162,True
1,recipient_full_weight_2,72,Isotonic,calibration_bayes_decision_results,recall,0.5863453815261044,0.6606425702811245,0.07429718875502012,True
1,recipient_full_weight_2,72,Platt,calibration_bayes_decision_results,recall,0.29518072289156627,0.39558232931726905,0.10040160642570278,True
1,recipient_full_weight_2,72,Uncalibrated,calibration_bayes_decision_results,recall,0.5943775100401606,0.6385542168674698,0.04417670682730923,True
1,recipient_full_weight_2,82,Isotonic,calibration_bayes_decision_results,recall,0.7610441767068273,0.6646586345381527,-0.09638554216867468,True
1,recipient_full_weight_2,82,Platt,calibration_bayes_decision_results,recall,0.3855421686746988,0.35542168674698793,-0.030120481927710885,True
1,recipient_full_weight_2,82,Uncalibrated,calibration_bayes_decision_results,recall,0.6686746987951807,0.6807228915662651,0.012048192771084376,True
2,raw_safe,42,Isotonic,calibration_bayes_decision_results,recall,0.14423076923076922,0.16987179487179488,0.02564102564102566,True
2,raw_safe,42,Platt,calibration_bayes_decision_results,recall,0.14423076923076922,0.16666666666666666,0.02243589743589744,True
2,raw_safe,42,Uncalibrated,calibration_bayes_decision_results,recall,0.25961538461538464,0.25961538461538464,0.0,False
2,raw_safe,52,Isotonic,calibration_bayes_decision_results,recall,0.13782051282051283,0.16025641025641027,0.02243589743589744,True
2,raw_safe,52,Platt,calibration_bayes_decision_results,recall,0.13782051282051283,0.11217948717948718,-0.025641025641025647,True
2,raw_safe,52,Uncalibrated,calibration_bayes_decision_results,recall,0.2403846153846154,0.1794871794871795,-0.0608974358974359,True
2,raw_safe,62,Isotonic,calibration_bayes_decision_results,recall,0.15705128205128205,0.15705128205128205,0.0,False
2,raw_safe,62,Platt,calibration_bayes_decision_results,recall,0.16666666666666666,0.16666666666666666,0.0,False
2,raw_safe,62,Uncalibrated,calibration_bayes_decision_results,recall,0.2692307692307692,0.30448717948717946,0.03525641025641024,True
2,raw_safe,72,Isotonic,calibration_bayes_decision_results,recall,0.16025641025641027,0.15705128205128205,-0.0032051282051282215,True
2,raw_safe,72,Platt,calibration_bayes_decision_results,recall,0.14743589743589744,0.16987179487179488,0.02243589743589744,True
2,raw_safe,72,Uncalibrated,calibration_bayes_decision_results,recall,0.266025641025641,0.2692307692307692,0.0032051282051281937,True
2,raw_safe,82,Isotonic,calibration_bayes_decision_results,recall,0.15705128205128205,0.125,-0.03205128205128205,True
2,raw_safe,82,Platt,calibration_bayes_decision_results,recall,0.16025641025641027,0.14102564102564102,-0.019230769230769246,True
2,raw_safe,82,Uncalibrated,calibration_bayes_decision_results,recall,0.25961538461538464,0.14102564102564102,-0.11858974358974361,True
2,recipient_full_weight_2,42,Isotonic,calibration_bayes_decision_results,recall,0.6891025641025641,0.7115384615384616,0.022435897435897467,True
2,recipient_full_weight_2,42,Platt,calibration_bayes_decision_results,recall,0.18269230769230768,0.30448717948717946,0.12179487179487178,True
2,recipient_full_weight_2,42,Uncalibrated,calibration_bayes_decision_results,recall,0.6730769230769231,0.7115384615384616,0.038461538461538436,True
2,recipient_full_weight_2,52,Isotonic,calibration_bayes_decision_results,recall,0.6730769230769231,0.6858974358974359,0.012820512820512775,True
2,recipient_full_weight_2,52,Platt,calibration_bayes_decision_results,recall,0.28205128205128205,0.32051282051282054,0.03846153846153849,True
2,recipient_full_weight_2,52,Uncalibrated,calibration_bayes_decision_results,recall,0.6217948717948718,0.657051282051282,0.03525641025641024,True
2,recipient_full_weight_2,62,Isotonic,calibration_bayes_decision_results,recall,0.6666666666666666,0.6923076923076923,0.02564102564102566,True
2,recipient_full_weight_2,62,Platt,calibration_bayes_decision_results,recall,0.33974358974358976,0.34935897435897434,0.009615384615384581,True
2,recipient_full_weight_2,62,Uncalibrated,calibration_bayes_decision_results,recall,0.6666666666666666,0.6794871794871795,0.012820512820512886,True
2,recipient_full_weight_2,72,Isotonic,calibration_bayes_decision_results,recall,0.6314102564102564,0.6282051282051282,-0.0032051282051281937,True
2,recipient_full_weight_2,72,Platt,calibration_bayes_decision_results,recall,0.22756410256410256,0.28846153846153844,0.060897435897435875,True
2,recipient_full_weight_2,72,Uncalibrated,calibration_bayes_decision_results,recall,0.6089743589743589,0.7243589743589743,0.11538461538461542,True
2,recipient_full_weight_2,82,Isotonic,calibration_bayes_decision_results,recall,0.625,0.7467948717948718,0.1217948717948718,True
2,recipient_full_weight_2,82,Platt,calibration_bayes_decision_results,recall,0.30128205128205127,0.2948717948717949,-0.0064102564102563875,True
2,recipient_full_weight_2,82,Uncalibrated,calibration_bayes_decision_results,recall,0.6442307692307693,0.7371794871794872,0.09294871794871795,True
3,raw_safe,42,Isotonic,calibration_bayes_decision_results,recall,0.3089798087141339,0.2789585547290117,-0.030021253985122176,True
3,raw_safe,42,Platt,calibration_bayes_decision_results,recall,0.19845908607863974,0.18172157279489903,-0.016737513283740707,True
3,raw_safe,42,Uncalibrated,calibration_bayes_decision_results,recall,0.2058979808714134,0.1849096705632306,-0.020988310308182795,True
3,raw_safe,52,Isotonic,calibration_bayes_decision_results,recall,0.19925611052072265,0.31137088204038255,0.1121147715196599,True
3,raw_safe,52,Platt,calibration_bayes_decision_results,recall,0.18703506907545164,0.198990435706695,0.011955366631243358,True
3,raw_safe,52,Uncalibrated,calibration_bayes_decision_results,recall,0.1997874601487779,0.2834750265674814,0.08368756641870351,True
3,raw_safe,62,Isotonic,calibration_bayes_decision_results,recall,0.14107332624867164,0.19766206163655686,0.056588735387885225,True
3,raw_safe,62,Platt,calibration_bayes_decision_results,recall,0.14266737513283742,0.1849096705632306,0.04224229543039318,True
3,raw_safe,62,Uncalibrated,calibration_bayes_decision_results,recall,0.14744952178533474,0.19819341126461212,0.05074388947927738,True
3,raw_safe,72,Isotonic,calibration_bayes_decision_results,recall,0.20058448459086078,0.20111583421891605,0.000531349628055261,True
3,raw_safe,72,Platt,calibration_bayes_decision_results,recall,0.18623804463336877,0.18358129649309246,-0.002656748140276305,True
3,raw_safe,72,Uncalibrated,calibration_bayes_decision_results,recall,0.20058448459086078,0.20085015940488843,0.00026567481402764437,True
3,raw_safe,82,Isotonic,calibration_bayes_decision_results,recall,0.19872476089266738,0.21439957492029754,0.015674814027630157,True
3,raw_safe,82,Platt,calibration_bayes_decision_results,recall,0.1971307120085016,0.1857066950053135,-0.011424017003188097,True
3,raw_safe,82,Uncalibrated,calibration_bayes_decision_results,recall,0.19872476089266738,0.2016471838469713,0.0029224229543039215,True
3,recipient_full_weight_2,42,Isotonic,calibration_bayes_decision_results,recall,0.7279489904357067,0.7526567481402763,0.024707757704569566,True
3,recipient_full_weight_2,42,Platt,calibration_bayes_decision_results,recall,0.33103081827842723,0.5379914984059511,0.20696068012752383,True
3,recipient_full_weight_2,42,Uncalibrated,calibration_bayes_decision_results,recall,0.7595642933049946,0.7539851222104145,-0.005579171094580171,True
3,recipient_full_weight_2,52,Isotonic,calibration_bayes_decision_results,recall,0.6609989373007439,0.5749202975557917,-0.08607863974495222,True
3,recipient_full_weight_2,52,Platt,calibration_bayes_decision_results,recall,0.37699256110520724,0.41073326248671627,0.03374070138150903,True
3,recipient_full_weight_2,52,Uncalibrated,calibration_bayes_decision_results,recall,0.6726886291179596,0.5749202975557917,-0.09776833156216791,True
3,recipient_full_weight_2,62,Isotonic,calibration_bayes_decision_results,recall,0.5951115834218916,0.6129117959617428,0.0178002125398512,True
3,recipient_full_weight_2,62,Platt,calibration_bayes_decision_results,recall,0.40887353878852284,0.31721572794899044,-0.0916578108395324,True
3,recipient_full_weight_2,62,Uncalibrated,calibration_bayes_decision_results,recall,0.5951115834218916,0.5990967056323061,0.003985122210414471,True
3,recipient_full_weight_2,72,Isotonic,calibration_bayes_decision_results,recall,0.7667375132837407,0.8089798087141339,0.04224229543039315,True
3,recipient_full_weight_2,72,Platt,calibration_bayes_decision_results,recall,0.5677470775770457,0.6309776833156217,0.06323060573857597,True
3,recipient_full_weight_2,72,Uncalibrated,calibration_bayes_decision_results,recall,0.7486716259298618,0.7871944739638682,0.03852284803400641,True
3,recipient_full_weight_2,82,Isotonic,calibration_bayes_decision_results,recall,0.7770988310308182,0.7630180658873539,-0.014080765143464347,True
3,recipient_full_weight_2,82,Platt,calibration_bayes_decision_results,recall,0.49362380446333687,0.4500531349628055,-0.043570669500531345,True
3,recipient_full_weight_2,82,Uncalibrated,calibration_bayes_decision_results,recall,0.7770988310308182,0.7553134962805526,-0.021785334750265672,True
1,raw_safe,42,Isotonic,calibration_bayes_decision_results,f1,0.1981747066492829,0.10057142857142858,-0.09760327807785434,True
1,raw_safe,42,Platt,calibration_bayes_decision_results,f1,0.12148148148148148,0.13693998309382924,0.015458501612347755,True
1,raw_safe,42,Uncalibrated,calibration_bayes_decision_results,f1,0.12148148148148148,0.1447811447811448,0.023299663299663306,True
1,raw_safe,52,Isotonic,calibration_bayes_decision_results,f1,0.23716814159292035,0.024132730015082957,-0.2130354115778374,True
1,raw_safe,52,Platt,calibration_bayes_decision_results,f1,0.12424503882657463,0.024330900243309004,-0.09991413858326563,True
1,raw_safe,52,Uncalibrated,calibration_bayes_decision_results,f1,0.044126074498567334,0.013152804642166345,-0.03097326985640099,True
1,raw_safe,62,Isotonic,calibration_bayes_decision_results,f1,0.06392178981011468,0.1201780415430267,0.05625625173291203,True
1,raw_safe,62,Platt,calibration_bayes_decision_results,f1,0.062405331717661314,0.11830201809324982,0.055896686375588506,True
1,raw_safe,62,Uncalibrated,calibration_bayes_decision_results,f1,0.07763713080168777,0.11830201809324982,0.04066488729156205,True
1,raw_safe,72,Isotonic,calibration_bayes_decision_results,f1,0.23716814159292035,0.25263157894736843,0.015463437354448079,True
1,raw_safe,72,Platt,calibration_bayes_decision_results,f1,0.12297181895815543,0.1518987341772152,0.028926915219059768,True
1,raw_safe,72,Uncalibrated,calibration_bayes_decision_results,f1,0.04652515266065717,0.05598320503848846,0.009458052377831289,True
1,raw_safe,82,Isotonic,calibration_bayes_decision_results,f1,0.07575757575757576,0.1308411214953271,0.05508354573775133,True
1,raw_safe,82,Platt,calibration_bayes_decision_results,f1,0.09480122324159021,0.05033881897386254,-0.04446240426772767,True
1,raw_safe,82,Uncalibrated,calibration_bayes_decision_results,f1,0.07265774378585087,0.05033881897386254,-0.022318924811988328,True
1,recipient_full_weight_2,42,Isotonic,calibration_bayes_decision_results,f1,0.07292104894124246,0.08511673151750973,0.01219568257626727,True
1,recipient_full_weight_2,42,Platt,calibration_bayes_decision_results,f1,0.21900452488687783,0.3249097472924188,0.10590522240554096,True
1,recipient_full_weight_2,42,Uncalibrated,calibration_bayes_decision_results,f1,0.07307095500070532,0.08584743684081432,0.012776481840109002,True
1,recipient_full_weight_2,52,Isotonic,calibration_bayes_decision_results,f1,0.08797513746115228,0.08458646616541353,-0.003388671295738749,True
1,recipient_full_weight_2,52,Platt,calibration_bayes_decision_results,f1,0.4520048602673147,0.3616600790513834,-0.09034478121593126,True
1,recipient_full_weight_2,52,Uncalibrated,calibration_bayes_decision_results,f1,0.08977371089402746,0.08340992647058823,-0.0063637844234392255,True
1,recipient_full_weight_2,62,Isotonic,calibration_bayes_decision_results,f1,0.08884376189871811,0.09037227214377407,0.0015285102450559584,True
1,recipient_full_weight_2,62,Platt,calibration_bayes_decision_results,f1,0.42303172737955347,0.42577675489067895,0.0027450275111254863,True
1,recipient_full_weight_2,62,Uncalibrated,calibration_bayes_decision_results,f1,0.08905427948158604,0.09092093265598541,0.0018666531743993797,True
1,recipient_full_weight_2,72,Isotonic,calibration_bayes_decision_results,f1,0.080010960405535,0.08725633205145206,0.007245371645917056,True
1,recipient_full_weight_2,72,Platt,calibration_bayes_decision_results,f1,0.37595907928388744,0.38551859099804303,0.009559511714155589,True
1,recipient_full_weight_2,72,Uncalibrated,calibration_bayes_decision_results,f1,0.07832759989415189,0.0885917258671124,0.010264125972960517,True
1,recipient_full_weight_2,82,Isotonic,calibration_bayes_decision_results,f1,0.08368293221461691,0.0917151565530618,0.008032224338444888,True
1,recipient_full_weight_2,82,Platt,calibration_bayes_decision_results,f1,0.42151481888035125,0.3355450236966825,-0.08596979518366876,True
1,recipient_full_weight_2,82,Uncalibrated,calibration_bayes_decision_results,f1,0.09080992637032997,0.08952858840617985,-0.0012813379641501282,True
2,raw_safe,42,Isotonic,calibration_bayes_decision_results,f1,0.23195876288659795,0.06012478729438457,-0.17183397559221336,True
2,raw_safe,42,Platt,calibration_bayes_decision_results,f1,0.1782178217821782,0.06792945787067277,-0.11028836391150544,True
2,raw_safe,42,Uncalibrated,calibration_bayes_decision_results,f1,0.010955569080949483,0.012786108918705604,0.0018305398377561205,True
2,raw_safe,52,Isotonic,calibration_bayes_decision_results,f1,0.13271604938271606,0.02881844380403458,-0.10389760557868147,True
2,raw_safe,52,Platt,calibration_bayes_decision_results,f1,0.13271604938271606,0.1856763925729443,0.05296034319022824,True
2,raw_safe,52,Uncalibrated,calibration_bayes_decision_results,f1,0.010461710140884364,0.016766467065868262,0.006304756924983898,True
2,raw_safe,62,Isotonic,calibration_bayes_decision_results,f1,0.16225165562913907,0.14626865671641792,-0.015982998912721147,True
2,raw_safe,62,Platt,calibration_bayes_decision_results,f1,0.053553038105046344,0.05994236311239193,0.006389325007345584,True
2,raw_safe,62,Uncalibrated,calibration_bayes_decision_results,f1,0.011391375101708706,0.010336198455010336,-0.0010551766466983699,True
2,raw_safe,72,Isotonic,calibration_bayes_decision_results,f1,0.09199632014719411,0.2,0.1080036798528059,True
2,raw_safe,72,Platt,calibration_bayes_decision_results,f1,0.10454545454545454,0.057608695652173914,-0.046936758893280625,True
2,raw_safe,72,Uncalibrated,calibration_bayes_decision_results,f1,0.011640137437767338,0.012493492972410203,0.0008533555346428648,True
2,raw_safe,82,Isotonic,calibration_bayes_decision_results,f1,0.13517241379310344,0.1935483870967742,0.05837597330367075,True
2,raw_safe,82,Platt,calibration_bayes_decision_results,f1,0.1358695652173913,0.051222351571594875,-0.08464721364579642,True
2,raw_safe,82,Uncalibrated,calibration_bayes_decision_results,f1,0.011297071129707114,0.051222351571594875,0.03992528044188776,True
2,recipient_full_weight_2,42,Isotonic,calibration_bayes_decision_results,f1,0.05608451806443198,0.05594758064516129,-0.00013693741927069125,True
2,recipient_full_weight_2,42,Platt,calibration_bayes_decision_results,f1,0.15966386554621848,0.11370436864153202,-0.04595949690468645,True
2,recipient_full_weight_2,42,Uncalibrated,calibration_bayes_decision_results,f1,0.05987170349251604,0.05612438376943497,-0.003747319723081073,True
2,recipient_full_weight_2,52,Isotonic,calibration_bayes_decision_results,f1,0.04388256190575698,0.045000525707076015,0.0011179638013190385,True
2,recipient_full_weight_2,52,Platt,calibration_bayes_decision_results,f1,0.13476263399693722,0.10121457489878542,-0.0335480590981518,True
2,recipient_full_weight_2,52,Uncalibrated,calibration_bayes_decision_results,f1,0.04457208500861574,0.04691075514874142,0.002338670140125683,True
2,recipient_full_weight_2,62,Isotonic,calibration_bayes_decision_results,f1,0.05013256206314775,0.05524296675191816,0.005110404688770408,True
2,recipient_full_weight_2,62,Platt,calibration_bayes_decision_results,f1,0.08382759984183472,0.08678343949044585,0.002955839648611139,True
2,recipient_full_weight_2,62,Uncalibrated,calibration_bayes_decision_results,f1,0.04999399110683812,0.055995773903856315,0.006001782797018192,True
2,recipient_full_weight_2,72,Isotonic,calibration_bayes_decision_results,f1,0.04112734864300626,0.038831104507181774,-0.0022962441358244864,True
2,recipient_full_weight_2,72,Platt,calibration_bayes_decision_results,f1,0.0712136409227683,0.042765502494654314,-0.028448138428113987,True
2,recipient_full_weight_2,72,Uncalibrated,calibration_bayes_decision_results,f1,0.04568405866794903,0.03546488819144763,-0.0102191704765014,True
2,recipient_full_weight_2,82,Isotonic,calibration_bayes_decision_results,f1,0.04868306079141181,0.05457952682126962,0.005896466029857807,True
2,recipient_full_weight_2,82,Platt,calibration_bayes_decision_results,f1,0.11876184459886292,0.1698984302862419,0.051136585687378985,True
2,recipient_full_weight_2,82,Uncalibrated,calibration_bayes_decision_results,f1,0.045403207589789926,0.05459940652818991,0.009196198938399985,True
3,raw_safe,42,Isotonic,calibration_bayes_decision_results,f1,0.27371146152035775,0.28451429345617124,0.010802831935813495,True
3,raw_safe,42,Platt,calibration_bayes_decision_results,f1,0.3244299674267101,0.29444683598794663,-0.029983131438763466,True
3,raw_safe,42,Uncalibrated,calibration_bayes_decision_results,f1,0.29934337582078024,0.28390781154395267,-0.015435564276827574,True
3,raw_safe,52,Isotonic,calibration_bayes_decision_results,f1,0.3155901535872081,0.277396449704142,-0.03819370388306609,True
3,raw_safe,52,Platt,calibration_bayes_decision_results,f1,0.31295843520782396,0.32515736922075106,0.012198934012927098,True
3,raw_safe,52,Uncalibrated,calibration_bayes_decision_results,f1,0.3158336833263335,0.30166808029403447,-0.014165603032299023,True
3,raw_safe,62,Isotonic,calibration_bayes_decision_results,f1,0.24136363636363636,0.3226366001734605,0.08127296380982416,True
3,raw_safe,62,Platt,calibration_bayes_decision_results,f1,0.23062057118316512,0.30864745011086475,0.07802687892769963,True
3,raw_safe,62,Uncalibrated,calibration_bayes_decision_results,f1,0.224969598702878,0.32287383683185455,0.09790423812897656,True
3,raw_safe,72,Isotonic,calibration_bayes_decision_results,f1,0.3151085141903172,0.2952418096723869,-0.019866704517930323,True
3,raw_safe,72,Platt,calibration_bayes_decision_results,f1,0.3116940862605602,0.3092414410382636,-0.002452645222296601,True
3,raw_safe,72,Uncalibrated,calibration_bayes_decision_results,f1,0.3151085141903172,0.29571680031292785,-0.01939171387738936,True
3,raw_safe,82,Isotonic,calibration_bayes_decision_results,f1,0.3113423517169615,0.31248789932236204,0.001145547605400532,True
3,raw_safe,82,Platt,calibration_bayes_decision_results,f1,0.3212816626975536,0.3099778270509978,-0.011303835646555793,True
3,raw_safe,82,Uncalibrated,calibration_bayes_decision_results,f1,0.3113423517169615,0.30859930880260217,-0.0027430429143593393,True
3,recipient_full_weight_2,42,Isotonic,calibration_bayes_decision_results,f1,0.33260500121388686,0.3018485962388791,-0.030756404975007756,True
3,recipient_full_weight_2,42,Platt,calibration_bayes_decision_results,f1,0.38308993082244425,0.31060664161362067,-0.07248328920882358,True
3,recipient_full_weight_2,42,Uncalibrated,calibration_bayes_decision_results,f1,0.3210375610577733,0.30128987738202667,-0.01974768367574664,True
3,recipient_full_weight_2,52,Isotonic,calibration_bayes_decision_results,f1,0.27333150233452347,0.1892849333041767,-0.08404656903034677,True
3,recipient_full_weight_2,52,Platt,calibration_bayes_decision_results,f1,0.25713509105735255,0.2343134283116096,-0.02282166274574296,True
3,recipient_full_weight_2,52,Uncalibrated,calibration_bayes_decision_results,f1,0.2709760273972603,0.1892849333041767,-0.08169109409308359,True
3,recipient_full_weight_2,62,Isotonic,calibration_bayes_decision_results,f1,0.19593264815219769,0.2435085497150095,0.0475759015628118,True
3,recipient_full_weight_2,62,Platt,calibration_bayes_decision_results,f1,0.18012640449438203,0.36840481332921937,0.18827840883483735,True
3,recipient_full_weight_2,62,Uncalibrated,calibration_bayes_decision_results,f1,0.19593264815219769,0.25386996904024767,0.05793732088804998,True
3,recipient_full_weight_2,72,Isotonic,calibration_bayes_decision_results,f1,0.30096986129940556,0.2936071738501591,-0.007362687449246452,True
3,recipient_full_weight_2,72,Platt,calibration_bayes_decision_results,f1,0.3228828284354461,0.352295483201068,0.029412654765621937,True
3,recipient_full_weight_2,72,Uncalibrated,calibration_bayes_decision_results,f1,0.30202025614918815,0.3170849162609021,0.015064660111713979,True
3,recipient_full_weight_2,82,Isotonic,calibration_bayes_decision_results,f1,0.255983897081346,0.25121364530942486,-0.004770251771921141,True
3,recipient_full_weight_2,82,Platt,calibration_bayes_decision_results,f1,0.3004770760895933,0.2451164809723629,-0.05536059511723038,True
3,recipient_full_weight_2,82,Uncalibrated,calibration_bayes_decision_results,f1,0.2558495517165974,0.25168201133144474,-0.004167540385152657,True
1,raw_safe,42,Isotonic,calibration_bayes_decision_results,tp,76.0,88.0,12.0,True
1,raw_safe,42,Platt,calibration_bayes_decision_results,tp,82.0,81.0,-1.0,True
1,raw_safe,42,Uncalibrated,calibration_bayes_decision_results,tp,82.0,86.0,4.0,True
1,raw_safe,52,Isotonic,calibration_bayes_decision_results,tp,67.0,8.0,-59.0,True
1,raw_safe,52,Platt,calibration_bayes_decision_results,tp,72.0,15.0,-57.0,True
1,raw_safe,52,Uncalibrated,calibration_bayes_decision_results,tp,77.0,17.0,-60.0,True
1,raw_safe,62,Isotonic,calibration_bayes_decision_results,tp,170.0,81.0,-89.0,True
1,raw_safe,62,Platt,calibration_bayes_decision_results,tp,103.0,85.0,-18.0,True
1,raw_safe,62,Uncalibrated,calibration_bayes_decision_results,tp,92.0,85.0,-7.0,True
1,raw_safe,72,Isotonic,calibration_bayes_decision_results,tp,67.0,72.0,5.0,True
1,raw_safe,72,Platt,calibration_bayes_decision_results,tp,72.0,72.0,0.0,False
1,raw_safe,72,Uncalibrated,calibration_bayes_decision_results,tp,80.0,80.0,0.0,False
1,raw_safe,82,Isotonic,calibration_bayes_decision_results,tp,100.0,70.0,-30.0,True
1,raw_safe,82,Platt,calibration_bayes_decision_results,tp,93.0,78.0,-15.0,True
1,raw_safe,82,Uncalibrated,calibration_bayes_decision_results,tp,95.0,78.0,-17.0,True
1,recipient_full_weight_2,42,Isotonic,calibration_bayes_decision_results,tp,260.0,350.0,90.0,True
1,recipient_full_weight_2,42,Platt,calibration_bayes_decision_results,tp,121.0,180.0,59.0,True
1,recipient_full_weight_2,42,Uncalibrated,calibration_bayes_decision_results,tp,259.0,350.0,91.0,True
1,recipient_full_weight_2,52,Isotonic,calibration_bayes_decision_results,tp,368.0,360.0,-8.0,True
1,recipient_full_weight_2,52,Platt,calibration_bayes_decision_results,tp,186.0,183.0,-3.0,True
1,recipient_full_weight_2,52,Uncalibrated,calibration_bayes_decision_results,tp,363.0,363.0,0.0,False
1,recipient_full_weight_2,62,Isotonic,calibration_bayes_decision_results,tp,350.0,352.0,2.0,True
1,recipient_full_weight_2,62,Platt,calibration_bayes_decision_results,tp,180.0,185.0,5.0,True
1,recipient_full_weight_2,62,Uncalibrated,calibration_bayes_decision_results,tp,347.0,349.0,2.0,True
1,recipient_full_weight_2,72,Isotonic,calibration_bayes_decision_results,tp,292.0,329.0,37.0,True
1,recipient_full_weight_2,72,Platt,calibration_bayes_decision_results,tp,147.0,197.0,50.0,True
1,recipient_full_weight_2,72,Uncalibrated,calibration_bayes_decision_results,tp,296.0,318.0,22.0,True
1,recipient_full_weight_2,82,Isotonic,calibration_bayes_decision_results,tp,379.0,331.0,-48.0,True
1,recipient_full_weight_2,82,Platt,calibration_bayes_decision_results,tp,192.0,177.0,-15.0,True
1,recipient_full_weight_2,82,Uncalibrated,calibration_bayes_decision_results,tp,333.0,339.0,6.0,True
2,raw_safe,42,Isotonic,calibration_bayes_decision_results,tp,45.0,53.0,8.0,True
2,raw_safe,42,Platt,calibration_bayes_decision_results,tp,45.0,52.0,7.0,True
2,raw_safe,42,Uncalibrated,calibration_bayes_decision_results,tp,81.0,81.0,0.0,False
2,raw_safe,52,Isotonic,calibration_bayes_decision_results,tp,43.0,50.0,7.0,True
2,raw_safe,52,Platt,calibration_bayes_decision_results,tp,43.0,35.0,-8.0,True
2,raw_safe,52,Uncalibrated,calibration_bayes_decision_results,tp,75.0,56.0,-19.0,True
2,raw_safe,62,Isotonic,calibration_bayes_decision_results,tp,49.0,49.0,0.0,False
2,raw_safe,62,Platt,calibration_bayes_decision_results,tp,52.0,52.0,0.0,False
2,raw_safe,62,Uncalibrated,calibration_bayes_decision_results,tp,84.0,95.0,11.0,True
2,raw_safe,72,Isotonic,calibration_bayes_decision_results,tp,50.0,49.0,-1.0,True
2,raw_safe,72,Platt,calibration_bayes_decision_results,tp,46.0,53.0,7.0,True
2,raw_safe,72,Uncalibrated,calibration_bayes_decision_results,tp,83.0,84.0,1.0,True
2,raw_safe,82,Isotonic,calibration_bayes_decision_results,tp,49.0,39.0,-10.0,True
2,raw_safe,82,Platt,calibration_bayes_decision_results,tp,50.0,44.0,-6.0,True
2,raw_safe,82,Uncalibrated,calibration_bayes_decision_results,tp,81.0,44.0,-37.0,True
2,recipient_full_weight_2,42,Isotonic,calibration_bayes_decision_results,tp,215.0,222.0,7.0,True
2,recipient_full_weight_2,42,Platt,calibration_bayes_decision_results,tp,57.0,95.0,38.0,True
2,recipient_full_weight_2,42,Uncalibrated,calibration_bayes_decision_results,tp,210.0,222.0,12.0,True
2,recipient_full_weight_2,52,Isotonic,calibration_bayes_decision_results,tp,210.0,214.0,4.0,True
2,recipient_full_weight_2,52,Platt,calibration_bayes_decision_results,tp,88.0,100.0,12.0,True
2,recipient_full_weight_2,52,Uncalibrated,calibration_bayes_decision_results,tp,194.0,205.0,11.0,True
2,recipient_full_weight_2,62,Isotonic,calibration_bayes_decision_results,tp,208.0,216.0,8.0,True
2,recipient_full_weight_2,62,Platt,calibration_bayes_decision_results,tp,106.0,109.0,3.0,True
2,recipient_full_weight_2,62,Uncalibrated,calibration_bayes_decision_results,tp,208.0,212.0,4.0,True
2,recipient_full_weight_2,72,Isotonic,calibration_bayes_decision_results,tp,197.0,196.0,-1.0,True
2,recipient_full_weight_2,72,Platt,calibration_bayes_decision_results,tp,71.0,90.0,19.0,True
2,recipient_full_weight_2,72,Uncalibrated,calibration_bayes_decision_results,tp,190.0,226.0,36.0,True
2,recipient_full_weight_2,82,Isotonic,calibration_bayes_decision_results,tp,195.0,233.0,38.0,True
2,recipient_full_weight_2,82,Platt,calibration_bayes_decision_results,tp,94.0,92.0,-2.0,True
2,recipient_full_weight_2,82,Uncalibrated,calibration_bayes_decision_results,tp,201.0,230.0,29.0,True
3,raw_safe,42,Isotonic,calibration_bayes_decision_results,tp,1163.0,1050.0,-113.0,True
3,raw_safe,42,Platt,calibration_bayes_decision_results,tp,747.0,684.0,-63.0,True
3,raw_safe,42,Uncalibrated,calibration_bayes_decision_results,tp,775.0,696.0,-79.0,True
3,raw_safe,52,Isotonic,calibration_bayes_decision_results,tp,750.0,1172.0,422.0,True
3,raw_safe,52,Platt,calibration_bayes_decision_results,tp,704.0,749.0,45.0,True
3,raw_safe,52,Uncalibrated,calibration_bayes_decision_results,tp,752.0,1067.0,315.0,True
3,raw_safe,62,Isotonic,calibration_bayes_decision_results,tp,531.0,744.0,213.0,True
3,raw_safe,62,Platt,calibration_bayes_decision_results,tp,537.0,696.0,159.0,True
3,raw_safe,62,Uncalibrated,calibration_bayes_decision_results,tp,555.0,746.0,191.0,True
3,raw_safe,72,Isotonic,calibration_bayes_decision_results,tp,755.0,757.0,2.0,True
3,raw_safe,72,Platt,calibration_bayes_decision_results,tp,701.0,691.0,-10.0,True
3,raw_safe,72,Uncalibrated,calibration_bayes_decision_results,tp,755.0,756.0,1.0,True
3,raw_safe,82,Isotonic,calibration_bayes_decision_results,tp,748.0,807.0,59.0,True
3,raw_safe,82,Platt,calibration_bayes_decision_results,tp,742.0,699.0,-43.0,True
3,raw_safe,82,Uncalibrated,calibration_bayes_decision_results,tp,748.0,759.0,11.0,True
3,recipient_full_weight_2,42,Isotonic,calibration_bayes_decision_results,tp,2740.0,2833.0,93.0,True
3,recipient_full_weight_2,42,Platt,calibration_bayes_decision_results,tp,1246.0,2025.0,779.0,True
3,recipient_full_weight_2,42,Uncalibrated,calibration_bayes_decision_results,tp,2859.0,2838.0,-21.0,True
3,recipient_full_weight_2,52,Isotonic,calibration_bayes_decision_results,tp,2488.0,2164.0,-324.0,True
3,recipient_full_weight_2,52,Platt,calibration_bayes_decision_results,tp,1419.0,1546.0,127.0,True
3,recipient_full_weight_2,52,Uncalibrated,calibration_bayes_decision_results,tp,2532.0,2164.0,-368.0,True
3,recipient_full_weight_2,62,Isotonic,calibration_bayes_decision_results,tp,2240.0,2307.0,67.0,True
3,recipient_full_weight_2,62,Platt,calibration_bayes_decision_results,tp,1539.0,1194.0,-345.0,True
3,recipient_full_weight_2,62,Uncalibrated,calibration_bayes_decision_results,tp,2240.0,2255.0,15.0,True
3,recipient_full_weight_2,72,Isotonic,calibration_bayes_decision_results,tp,2886.0,3045.0,159.0,True
3,recipient_full_weight_2,72,Platt,calibration_bayes_decision_results,tp,2137.0,2375.0,238.0,True
3,recipient_full_weight_2,72,Uncalibrated,calibration_bayes_decision_results,tp,2818.0,2963.0,145.0,True
3,recipient_full_weight_2,82,Isotonic,calibration_bayes_decision_results,tp,2925.0,2872.0,-53.0,True
3,recipient_full_weight_2,82,Platt,calibration_bayes_decision_results,tp,1858.0,1694.0,-164.0,True
3,recipient_full_weight_2,82,Uncalibrated,calibration_bayes_decision_results,tp,2925.0,2843.0,-82.0,True
1,raw_safe,42,Isotonic,calibration_bayes_decision_results,fp,193.0,1164.0,971.0,True
1,raw_safe,42,Platt,calibration_bayes_decision_results,fp,770.0,604.0,-166.0,True
1,raw_safe,42,Uncalibrated,calibration_bayes_decision_results,fp,770.0,604.0,-166.0,True
1,raw_safe,52,Isotonic,calibration_bayes_decision_results,fp,0.0,157.0,157.0,True
1,raw_safe,52,Platt,calibration_bayes_decision_results,fp,589.0,720.0,131.0,True
1,raw_safe,52,Uncalibrated,calibration_bayes_decision_results,fp,2915.0,2070.0,-845.0,True
1,raw_safe,62,Isotonic,calibration_bayes_decision_results,fp,4651.0,769.0,-3882.0,True
1,raw_safe,62,Platt,calibration_bayes_decision_results,fp,2700.0,854.0,-1846.0,True
1,raw_safe,62,Uncalibrated,calibration_bayes_decision_results,fp,1780.0,854.0,-926.0,True
1,raw_safe,72,Isotonic,calibration_bayes_decision_results,fp,0.0,0.0,0.0,False
1,raw_safe,72,Platt,calibration_bayes_decision_results,fp,601.0,378.0,-223.0,True
1,raw_safe,72,Uncalibrated,calibration_bayes_decision_results,fp,2861.0,2280.0,-581.0,True
1,raw_safe,82,Isotonic,calibration_bayes_decision_results,fp,2042.0,502.0,-1540.0,True
1,raw_safe,82,Platt,calibration_bayes_decision_results,fp,1371.0,2523.0,1152.0,True
1,raw_safe,82,Uncalibrated,calibration_bayes_decision_results,fp,2022.0,2523.0,501.0,True
1,recipient_full_weight_2,42,Isotonic,calibration_bayes_decision_results,fp,6373.0,7376.0,1003.0,True
1,recipient_full_weight_2,42,Platt,calibration_bayes_decision_results,fp,486.0,430.0,-56.0,True
1,recipient_full_weight_2,42,Uncalibrated,calibration_bayes_decision_results,fp,6332.0,7306.0,974.0,True
1,recipient_full_weight_2,52,Isotonic,calibration_bayes_decision_results,fp,7500.0,7654.0,154.0,True
1,recipient_full_weight_2,52,Platt,calibration_bayes_decision_results,fp,139.0,331.0,192.0,True
1,recipient_full_weight_2,52,Uncalibrated,calibration_bayes_decision_results,fp,7226.0,7843.0,617.0,True
1,recipient_full_weight_2,62,Isotonic,calibration_bayes_decision_results,fp,7031.0,6940.0,-91.0,True
1,recipient_full_weight_2,62,Platt,calibration_bayes_decision_results,fp,173.0,186.0,13.0,True
1,recipient_full_weight_2,62,Uncalibrated,calibration_bayes_decision_results,fp,6948.0,6830.0,-118.0,True
1,recipient_full_weight_2,72,Isotonic,calibration_bayes_decision_results,fp,6509.0,6714.0,205.0,True
1,recipient_full_weight_2,72,Platt,calibration_bayes_decision_results,fp,137.0,327.0,190.0,True
1,recipient_full_weight_2,72,Uncalibrated,calibration_bayes_decision_results,fp,6764.0,6363.0,-401.0,True
1,recipient_full_weight_2,82,Isotonic,calibration_bayes_decision_results,fp,8181.0,6389.0,-1792.0,True
1,recipient_full_weight_2,82,Platt,calibration_bayes_decision_results,fp,221.0,380.0,159.0,True
1,recipient_full_weight_2,82,Uncalibrated,calibration_bayes_decision_results,fp,6503.0,6736.0,233.0,True
2,raw_safe,42,Isotonic,calibration_bayes_decision_results,fp,31.0,1398.0,1367.0,True
2,raw_safe,42,Platt,calibration_bayes_decision_results,fp,148.0,1167.0,1019.0,True
2,raw_safe,42,Uncalibrated,calibration_bayes_decision_results,fp,14394.0,12277.0,-2117.0,True
2,raw_safe,52,Isotonic,calibration_bayes_decision_results,fp,293.0,3108.0,2815.0,True
2,raw_safe,52,Platt,calibration_bayes_decision_results,fp,293.0,30.0,-263.0,True
2,raw_safe,52,Uncalibrated,calibration_bayes_decision_results,fp,13951.0,6312.0,-7639.0,True
2,raw_safe,62,Isotonic,calibration_bayes_decision_results,fp,243.0,309.0,66.0,True
2,raw_safe,62,Platt,calibration_bayes_decision_results,fp,1578.0,1371.0,-207.0,True
2,raw_safe,62,Uncalibrated,calibration_bayes_decision_results,fp,14352.0,17975.0,3623.0,True
2,raw_safe,72,Isotonic,calibration_bayes_decision_results,fp,725.0,129.0,-596.0,True
2,raw_safe,72,Platt,calibration_bayes_decision_results,fp,522.0,1475.0,953.0,True
2,raw_safe,72,Uncalibrated,calibration_bayes_decision_results,fp,13866.0,13051.0,-815.0,True
2,raw_safe,82,Isotonic,calibration_bayes_decision_results,fp,364.0,52.0,-312.0,True
2,raw_safe,82,Platt,calibration_bayes_decision_results,fp,374.0,1362.0,988.0,True
2,raw_safe,82,Uncalibrated,calibration_bayes_decision_results,fp,13947.0,1362.0,-12585.0,True
2,recipient_full_weight_2,42,Isotonic,calibration_bayes_decision_results,fp,7140.0,7402.0,262.0,True
2,recipient_full_weight_2,42,Platt,calibration_bayes_decision_results,fp,345.0,1264.0,919.0,True
2,recipient_full_weight_2,42,Uncalibrated,calibration_bayes_decision_results,fp,6493.0,7377.0,884.0,True
2,recipient_full_weight_2,52,Isotonic,calibration_bayes_decision_results,fp,9049.0,8985.0,-64.0,True
2,recipient_full_weight_2,52,Platt,calibration_bayes_decision_results,fp,906.0,1564.0,658.0,True
2,recipient_full_weight_2,52,Uncalibrated,calibration_bayes_decision_results,fp,8199.0,8223.0,24.0,True
2,recipient_full_weight_2,62,Isotonic,calibration_bayes_decision_results,fp,7778.0,7292.0,-486.0,True
2,recipient_full_weight_2,62,Platt,calibration_bayes_decision_results,fp,2111.0,2091.0,-20.0,True
2,recipient_full_weight_2,62,Uncalibrated,calibration_bayes_decision_results,fp,7801.0,7048.0,-753.0,True
2,recipient_full_weight_2,72,Isotonic,calibration_bayes_decision_results,fp,9071.0,9587.0,516.0,True
2,recipient_full_weight_2,72,Platt,calibration_bayes_decision_results,fp,1611.0,3807.0,2196.0,True
2,recipient_full_weight_2,72,Uncalibrated,calibration_bayes_decision_results,fp,7816.0,12207.0,4391.0,True
2,recipient_full_weight_2,82,Isotonic,calibration_bayes_decision_results,fp,7504.0,7993.0,489.0,True
2,recipient_full_weight_2,82,Platt,calibration_bayes_decision_results,fp,1177.0,679.0,-498.0,True
2,recipient_full_weight_2,82,Uncalibrated,calibration_bayes_decision_results,fp,8341.0,7883.0,-458.0,True
3,raw_safe,42,Isotonic,calibration_bayes_decision_results,fp,3571.0,2567.0,-1004.0,True
3,raw_safe,42,Platt,calibration_bayes_decision_results,fp,94.0,198.0,104.0,True
3,raw_safe,42,Uncalibrated,calibration_bayes_decision_results,fp,639.0,443.0,-196.0,True
3,raw_safe,52,Isotonic,calibration_bayes_decision_results,fp,239.0,3514.0,3275.0,True
3,raw_safe,52,Platt,calibration_bayes_decision_results,fp,31.0,94.0,63.0,True
3,raw_safe,52,Uncalibrated,calibration_bayes_decision_results,fp,246.0,2243.0,1997.0,True
3,raw_safe,62,Isotonic,calibration_bayes_decision_results,fp,105.0,104.0,-1.0,True
3,raw_safe,62,Platt,calibration_bayes_decision_results,fp,356.0,50.0,-306.0,True
3,raw_safe,62,Uncalibrated,calibration_bayes_decision_results,fp,615.0,111.0,-504.0,True
3,raw_safe,72,Isotonic,calibration_bayes_decision_results,fp,273.0,607.0,334.0,True
3,raw_safe,72,Platt,calibration_bayes_decision_results,fp,33.0,14.0,-19.0,True
3,raw_safe,72,Uncalibrated,calibration_bayes_decision_results,fp,273.0,593.0,320.0,True
3,raw_safe,82,Isotonic,calibration_bayes_decision_results,fp,293.0,594.0,301.0,True
3,raw_safe,82,Platt,calibration_bayes_decision_results,fp,113.0,47.0,-66.0,True
3,raw_safe,82,Uncalibrated,calibration_bayes_decision_results,fp,293.0,396.0,103.0,True
3,recipient_full_weight_2,42,Isotonic,calibration_bayes_decision_results,fp,9972.0,12174.0,2202.0,True
3,recipient_full_weight_2,42,Platt,calibration_bayes_decision_results,fp,1495.0,7250.0,5755.0,True
3,recipient_full_weight_2,42,Uncalibrated,calibration_bayes_decision_results,fp,11188.0,12237.0,1049.0,True
3,recipient_full_weight_2,52,Isotonic,calibration_bayes_decision_results,fp,11953.0,16937.0,4984.0,True
3,recipient_full_weight_2,52,Platt,calibration_bayes_decision_results,fp,5854.0,7886.0,2032.0,True
3,recipient_full_weight_2,52,Uncalibrated,calibration_bayes_decision_results,fp,12392.0,16937.0,4545.0,True
3,recipient_full_weight_2,62,Isotonic,calibration_bayes_decision_results,fp,16861.0,12877.0,-3984.0,True
3,recipient_full_weight_2,62,Platt,calibration_bayes_decision_results,fp,11785.0,1524.0,-10261.0,True
3,recipient_full_weight_2,62,Uncalibrated,calibration_bayes_decision_results,fp,16861.0,11746.0,-5115.0,True
3,recipient_full_weight_2,72,Isotonic,calibration_bayes_decision_results,fp,12528.0,13933.0,1405.0,True
3,recipient_full_weight_2,72,Platt,calibration_bayes_decision_results,fp,7336.0,7344.0,8.0,True
3,recipient_full_weight_2,72,Uncalibrated,calibration_bayes_decision_results,fp,12079.0,11962.0,-117.0,True
3,recipient_full_weight_2,82,Isotonic,calibration_bayes_decision_results,fp,16164.0,16229.0,65.0,True
3,recipient_full_weight_2,82,Platt,calibration_bayes_decision_results,fp,6745.0,8364.0,1619.0,True
3,recipient_full_weight_2,82,Uncalibrated,calibration_bayes_decision_results,fp,16176.0,15985.0,-191.0,True
1,raw_safe,42,Isotonic,calibration_bayes_decision_results,tn,641970.0,640999.0,-971.0,True
1,raw_safe,42,Platt,calibration_bayes_decision_results,tn,641393.0,641559.0,166.0,True
1,raw_safe,42,Uncalibrated,calibration_bayes_decision_results,tn,641393.0,641559.0,166.0,True
1,raw_safe,52,Isotonic,calibration_bayes_decision_results,tn,642163.0,642006.0,-157.0,True
1,raw_safe,52,Platt,calibration_bayes_decision_results,tn,641574.0,641443.0,-131.0,True
1,raw_safe,52,Uncalibrated,calibration_bayes_decision_results,tn,639248.0,640093.0,845.0,True
1,raw_safe,62,Isotonic,calibration_bayes_decision_results,tn,637512.0,641394.0,3882.0,True
1,raw_safe,62,Platt,calibration_bayes_decision_results,tn,639463.0,641309.0,1846.0,True
1,raw_safe,62,Uncalibrated,calibration_bayes_decision_results,tn,640383.0,641309.0,926.0,True
1,raw_safe,72,Isotonic,calibration_bayes_decision_results,tn,642163.0,642163.0,0.0,False
1,raw_safe,72,Platt,calibration_bayes_decision_results,tn,641562.0,641785.0,223.0,True
1,raw_safe,72,Uncalibrated,calibration_bayes_decision_results,tn,639302.0,639883.0,581.0,True
1,raw_safe,82,Isotonic,calibration_bayes_decision_results,tn,640121.0,641661.0,1540.0,True
1,raw_safe,82,Platt,calibration_bayes_decision_results,tn,640792.0,639640.0,-1152.0,True
1,raw_safe,82,Uncalibrated,calibration_bayes_decision_results,tn,640141.0,639640.0,-501.0,True
1,recipient_full_weight_2,42,Isotonic,calibration_bayes_decision_results,tn,635790.0,634787.0,-1003.0,True
1,recipient_full_weight_2,42,Platt,calibration_bayes_decision_results,tn,641677.0,641733.0,56.0,True
1,recipient_full_weight_2,42,Uncalibrated,calibration_bayes_decision_results,tn,635831.0,634857.0,-974.0,True
1,recipient_full_weight_2,52,Isotonic,calibration_bayes_decision_results,tn,634663.0,634509.0,-154.0,True
1,recipient_full_weight_2,52,Platt,calibration_bayes_decision_results,tn,642024.0,641832.0,-192.0,True
1,recipient_full_weight_2,52,Uncalibrated,calibration_bayes_decision_results,tn,634937.0,634320.0,-617.0,True
1,recipient_full_weight_2,62,Isotonic,calibration_bayes_decision_results,tn,635132.0,635223.0,91.0,True
1,recipient_full_weight_2,62,Platt,calibration_bayes_decision_results,tn,641990.0,641977.0,-13.0,True
1,recipient_full_weight_2,62,Uncalibrated,calibration_bayes_decision_results,tn,635215.0,635333.0,118.0,True
1,recipient_full_weight_2,72,Isotonic,calibration_bayes_decision_results,tn,635654.0,635449.0,-205.0,True
1,recipient_full_weight_2,72,Platt,calibration_bayes_decision_results,tn,642026.0,641836.0,-190.0,True
1,recipient_full_weight_2,72,Uncalibrated,calibration_bayes_decision_results,tn,635399.0,635800.0,401.0,True
1,recipient_full_weight_2,82,Isotonic,calibration_bayes_decision_results,tn,633982.0,635774.0,1792.0,True
1,recipient_full_weight_2,82,Platt,calibration_bayes_decision_results,tn,641942.0,641783.0,-159.0,True
1,recipient_full_weight_2,82,Uncalibrated,calibration_bayes_decision_results,tn,635660.0,635427.0,-233.0,True
2,raw_safe,42,Isotonic,calibration_bayes_decision_results,tn,605167.0,603800.0,-1367.0,True
2,raw_safe,42,Platt,calibration_bayes_decision_results,tn,605050.0,604031.0,-1019.0,True
2,raw_safe,42,Uncalibrated,calibration_bayes_decision_results,tn,590804.0,592921.0,2117.0,True
2,raw_safe,52,Isotonic,calibration_bayes_decision_results,tn,604905.0,602090.0,-2815.0,True
2,raw_safe,52,Platt,calibration_bayes_decision_results,tn,604905.0,605168.0,263.0,True
2,raw_safe,52,Uncalibrated,calibration_bayes_decision_results,tn,591247.0,598886.0,7639.0,True
2,raw_safe,62,Isotonic,calibration_bayes_decision_results,tn,604955.0,604889.0,-66.0,True
2,raw_safe,62,Platt,calibration_bayes_decision_results,tn,603620.0,603827.0,207.0,True
2,raw_safe,62,Uncalibrated,calibration_bayes_decision_results,tn,590846.0,587223.0,-3623.0,True
2,raw_safe,72,Isotonic,calibration_bayes_decision_results,tn,604473.0,605069.0,596.0,True
2,raw_safe,72,Platt,calibration_bayes_decision_results,tn,604676.0,603723.0,-953.0,True
2,raw_safe,72,Uncalibrated,calibration_bayes_decision_results,tn,591332.0,592147.0,815.0,True
2,raw_safe,82,Isotonic,calibration_bayes_decision_results,tn,604834.0,605146.0,312.0,True
2,raw_safe,82,Platt,calibration_bayes_decision_results,tn,604824.0,603836.0,-988.0,True
2,raw_safe,82,Uncalibrated,calibration_bayes_decision_results,tn,591251.0,603836.0,12585.0,True
2,recipient_full_weight_2,42,Isotonic,calibration_bayes_decision_results,tn,598058.0,597796.0,-262.0,True
2,recipient_full_weight_2,42,Platt,calibration_bayes_decision_results,tn,604853.0,603934.0,-919.0,True
2,recipient_full_weight_2,42,Uncalibrated,calibration_bayes_decision_results,tn,598705.0,597821.0,-884.0,True
2,recipient_full_weight_2,52,Isotonic,calibration_bayes_decision_results,tn,596149.0,596213.0,64.0,True
2,recipient_full_weight_2,52,Platt,calibration_bayes_decision_results,tn,604292.0,603634.0,-658.0,True
2,recipient_full_weight_2,52,Uncalibrated,calibration_bayes_decision_results,tn,596999.0,596975.0,-24.0,True
2,recipient_full_weight_2,62,Isotonic,calibration_bayes_decision_results,tn,597420.0,597906.0,486.0,True
2,recipient_full_weight_2,62,Platt,calibration_bayes_decision_results,tn,603087.0,603107.0,20.0,True
2,recipient_full_weight_2,62,Uncalibrated,calibration_bayes_decision_results,tn,597397.0,598150.0,753.0,True
2,recipient_full_weight_2,72,Isotonic,calibration_bayes_decision_results,tn,596127.0,595611.0,-516.0,True
2,recipient_full_weight_2,72,Platt,calibration_bayes_decision_results,tn,603587.0,601391.0,-2196.0,True
2,recipient_full_weight_2,72,Uncalibrated,calibration_bayes_decision_results,tn,597382.0,592991.0,-4391.0,True
2,recipient_full_weight_2,82,Isotonic,calibration_bayes_decision_results,tn,597694.0,597205.0,-489.0,True
2,recipient_full_weight_2,82,Platt,calibration_bayes_decision_results,tn,604021.0,604519.0,498.0,True
2,recipient_full_weight_2,82,Uncalibrated,calibration_bayes_decision_results,tn,596857.0,597315.0,458.0,True
3,raw_safe,42,Isotonic,calibration_bayes_decision_results,tn,629388.0,630392.0,1004.0,True
3,raw_safe,42,Platt,calibration_bayes_decision_results,tn,632865.0,632761.0,-104.0,True
3,raw_safe,42,Uncalibrated,calibration_bayes_decision_results,tn,632320.0,632516.0,196.0,True
3,raw_safe,52,Isotonic,calibration_bayes_decision_results,tn,632720.0,629445.0,-3275.0,True
3,raw_safe,52,Platt,calibration_bayes_decision_results,tn,632928.0,632865.0,-63.0,True
3,raw_safe,52,Uncalibrated,calibration_bayes_decision_results,tn,632713.0,630716.0,-1997.0,True
3,raw_safe,62,Isotonic,calibration_bayes_decision_results,tn,632854.0,632855.0,1.0,True
3,raw_safe,62,Platt,calibration_bayes_decision_results,tn,632603.0,632909.0,306.0,True
3,raw_safe,62,Uncalibrated,calibration_bayes_decision_results,tn,632344.0,632848.0,504.0,True
3,raw_safe,72,Isotonic,calibration_bayes_decision_results,tn,632686.0,632352.0,-334.0,True
3,raw_safe,72,Platt,calibration_bayes_decision_results,tn,632926.0,632945.0,19.0,True
3,raw_safe,72,Uncalibrated,calibration_bayes_decision_results,tn,632686.0,632366.0,-320.0,True
3,raw_safe,82,Isotonic,calibration_bayes_decision_results,tn,632666.0,632365.0,-301.0,True
3,raw_safe,82,Platt,calibration_bayes_decision_results,tn,632846.0,632912.0,66.0,True
3,raw_safe,82,Uncalibrated,calibration_bayes_decision_results,tn,632666.0,632563.0,-103.0,True
3,recipient_full_weight_2,42,Isotonic,calibration_bayes_decision_results,tn,622987.0,620785.0,-2202.0,True
3,recipient_full_weight_2,42,Platt,calibration_bayes_decision_results,tn,631464.0,625709.0,-5755.0,True
3,recipient_full_weight_2,42,Uncalibrated,calibration_bayes_decision_results,tn,621771.0,620722.0,-1049.0,True
3,recipient_full_weight_2,52,Isotonic,calibration_bayes_decision_results,tn,621006.0,616022.0,-4984.0,True
3,recipient_full_weight_2,52,Platt,calibration_bayes_decision_results,tn,627105.0,625073.0,-2032.0,True
3,recipient_full_weight_2,52,Uncalibrated,calibration_bayes_decision_results,tn,620567.0,616022.0,-4545.0,True
3,recipient_full_weight_2,62,Isotonic,calibration_bayes_decision_results,tn,616098.0,620082.0,3984.0,True
3,recipient_full_weight_2,62,Platt,calibration_bayes_decision_results,tn,621174.0,631435.0,10261.0,True
3,recipient_full_weight_2,62,Uncalibrated,calibration_bayes_decision_results,tn,616098.0,621213.0,5115.0,True
3,recipient_full_weight_2,72,Isotonic,calibration_bayes_decision_results,tn,620431.0,619026.0,-1405.0,True
3,recipient_full_weight_2,72,Platt,calibration_bayes_decision_results,tn,625623.0,625615.0,-8.0,True
3,recipient_full_weight_2,72,Uncalibrated,calibration_bayes_decision_results,tn,620880.0,620997.0,117.0,True
3,recipient_full_weight_2,82,Isotonic,calibration_bayes_decision_results,tn,616795.0,616730.0,-65.0,True
3,recipient_full_weight_2,82,Platt,calibration_bayes_decision_results,tn,626214.0,624595.0,-1619.0,True
3,recipient_full_weight_2,82,Uncalibrated,calibration_bayes_decision_results,tn,616783.0,616974.0,191.0,True
1,raw_safe,42,Isotonic,calibration_bayes_decision_results,fn,422.0,410.0,-12.0,True
1,raw_safe,42,Platt,calibration_bayes_decision_results,fn,416.0,417.0,1.0,True
1,raw_safe,42,Uncalibrated,calibration_bayes_decision_results,fn,416.0,412.0,-4.0,True
1,raw_safe,52,Isotonic,calibration_bayes_decision_results,fn,431.0,490.0,59.0,True
1,raw_safe,52,Platt,calibration_bayes_decision_results,fn,426.0,483.0,57.0,True
1,raw_safe,52,Uncalibrated,calibration_bayes_decision_results,fn,421.0,481.0,60.0,True
1,raw_safe,62,Isotonic,calibration_bayes_decision_results,fn,328.0,417.0,89.0,True
1,raw_safe,62,Platt,calibration_bayes_decision_results,fn,395.0,413.0,18.0,True
1,raw_safe,62,Uncalibrated,calibration_bayes_decision_results,fn,406.0,413.0,7.0,True
1,raw_safe,72,Isotonic,calibration_bayes_decision_results,fn,431.0,426.0,-5.0,True
1,raw_safe,72,Platt,calibration_bayes_decision_results,fn,426.0,426.0,0.0,False
1,raw_safe,72,Uncalibrated,calibration_bayes_decision_results,fn,418.0,418.0,0.0,False
1,raw_safe,82,Isotonic,calibration_bayes_decision_results,fn,398.0,428.0,30.0,True
1,raw_safe,82,Platt,calibration_bayes_decision_results,fn,405.0,420.0,15.0,True
1,raw_safe,82,Uncalibrated,calibration_bayes_decision_results,fn,403.0,420.0,17.0,True
1,recipient_full_weight_2,42,Isotonic,calibration_bayes_decision_results,fn,238.0,148.0,-90.0,True
1,recipient_full_weight_2,42,Platt,calibration_bayes_decision_results,fn,377.0,318.0,-59.0,True
1,recipient_full_weight_2,42,Uncalibrated,calibration_bayes_decision_results,fn,239.0,148.0,-91.0,True
1,recipient_full_weight_2,52,Isotonic,calibration_bayes_decision_results,fn,130.0,138.0,8.0,True
1,recipient_full_weight_2,52,Platt,calibration_bayes_decision_results,fn,312.0,315.0,3.0,True
1,recipient_full_weight_2,52,Uncalibrated,calibration_bayes_decision_results,fn,135.0,135.0,0.0,False
1,recipient_full_weight_2,62,Isotonic,calibration_bayes_decision_results,fn,148.0,146.0,-2.0,True
1,recipient_full_weight_2,62,Platt,calibration_bayes_decision_results,fn,318.0,313.0,-5.0,True
1,recipient_full_weight_2,62,Uncalibrated,calibration_bayes_decision_results,fn,151.0,149.0,-2.0,True
1,recipient_full_weight_2,72,Isotonic,calibration_bayes_decision_results,fn,206.0,169.0,-37.0,True
1,recipient_full_weight_2,72,Platt,calibration_bayes_decision_results,fn,351.0,301.0,-50.0,True
1,recipient_full_weight_2,72,Uncalibrated,calibration_bayes_decision_results,fn,202.0,180.0,-22.0,True
1,recipient_full_weight_2,82,Isotonic,calibration_bayes_decision_results,fn,119.0,167.0,48.0,True
1,recipient_full_weight_2,82,Platt,calibration_bayes_decision_results,fn,306.0,321.0,15.0,True
1,recipient_full_weight_2,82,Uncalibrated,calibration_bayes_decision_results,fn,165.0,159.0,-6.0,True
2,raw_safe,42,Isotonic,calibration_bayes_decision_results,fn,267.0,259.0,-8.0,True
2,raw_safe,42,Platt,calibration_bayes_decision_results,fn,267.0,260.0,-7.0,True
2,raw_safe,42,Uncalibrated,calibration_bayes_decision_results,fn,231.0,231.0,0.0,False
2,raw_safe,52,Isotonic,calibration_bayes_decision_results,fn,269.0,262.0,-7.0,True
2,raw_safe,52,Platt,calibration_bayes_decision_results,fn,269.0,277.0,8.0,True
2,raw_safe,52,Uncalibrated,calibration_bayes_decision_results,fn,237.0,256.0,19.0,True
2,raw_safe,62,Isotonic,calibration_bayes_decision_results,fn,263.0,263.0,0.0,False
2,raw_safe,62,Platt,calibration_bayes_decision_results,fn,260.0,260.0,0.0,False
2,raw_safe,62,Uncalibrated,calibration_bayes_decision_results,fn,228.0,217.0,-11.0,True
2,raw_safe,72,Isotonic,calibration_bayes_decision_results,fn,262.0,263.0,1.0,True
2,raw_safe,72,Platt,calibration_bayes_decision_results,fn,266.0,259.0,-7.0,True
2,raw_safe,72,Uncalibrated,calibration_bayes_decision_results,fn,229.0,228.0,-1.0,True
2,raw_safe,82,Isotonic,calibration_bayes_decision_results,fn,263.0,273.0,10.0,True
2,raw_safe,82,Platt,calibration_bayes_decision_results,fn,262.0,268.0,6.0,True
2,raw_safe,82,Uncalibrated,calibration_bayes_decision_results,fn,231.0,268.0,37.0,True
2,recipient_full_weight_2,42,Isotonic,calibration_bayes_decision_results,fn,97.0,90.0,-7.0,True
2,recipient_full_weight_2,42,Platt,calibration_bayes_decision_results,fn,255.0,217.0,-38.0,True
2,recipient_full_weight_2,42,Uncalibrated,calibration_bayes_decision_results,fn,102.0,90.0,-12.0,True
2,recipient_full_weight_2,52,Isotonic,calibration_bayes_decision_results,fn,102.0,98.0,-4.0,True
2,recipient_full_weight_2,52,Platt,calibration_bayes_decision_results,fn,224.0,212.0,-12.0,True
2,recipient_full_weight_2,52,Uncalibrated,calibration_bayes_decision_results,fn,118.0,107.0,-11.0,True
2,recipient_full_weight_2,62,Isotonic,calibration_bayes_decision_results,fn,104.0,96.0,-8.0,True
2,recipient_full_weight_2,62,Platt,calibration_bayes_decision_results,fn,206.0,203.0,-3.0,True
2,recipient_full_weight_2,62,Uncalibrated,calibration_bayes_decision_results,fn,104.0,100.0,-4.0,True
2,recipient_full_weight_2,72,Isotonic,calibration_bayes_decision_results,fn,115.0,116.0,1.0,True
2,recipient_full_weight_2,72,Platt,calibration_bayes_decision_results,fn,241.0,222.0,-19.0,True
2,recipient_full_weight_2,72,Uncalibrated,calibration_bayes_decision_results,fn,122.0,86.0,-36.0,True
2,recipient_full_weight_2,82,Isotonic,calibration_bayes_decision_results,fn,117.0,79.0,-38.0,True
2,recipient_full_weight_2,82,Platt,calibration_bayes_decision_results,fn,218.0,220.0,2.0,True
2,recipient_full_weight_2,82,Uncalibrated,calibration_bayes_decision_results,fn,111.0,82.0,-29.0,True
3,raw_safe,42,Isotonic,calibration_bayes_decision_results,fn,2601.0,2714.0,113.0,True
3,raw_safe,42,Platt,calibration_bayes_decision_results,fn,3017.0,3080.0,63.0,True
3,raw_safe,42,Uncalibrated,calibration_bayes_decision_results,fn,2989.0,3068.0,79.0,True
3,raw_safe,52,Isotonic,calibration_bayes_decision_results,fn,3014.0,2592.0,-422.0,True
3,raw_safe,52,Platt,calibration_bayes_decision_results,fn,3060.0,3015.0,-45.0,True
3,raw_safe,52,Uncalibrated,calibration_bayes_decision_results,fn,3012.0,2697.0,-315.0,True
3,raw_safe,62,Isotonic,calibration_bayes_decision_results,fn,3233.0,3020.0,-213.0,True
3,raw_safe,62,Platt,calibration_bayes_decision_results,fn,3227.0,3068.0,-159.0,True
3,raw_safe,62,Uncalibrated,calibration_bayes_decision_results,fn,3209.0,3018.0,-191.0,True
3,raw_safe,72,Isotonic,calibration_bayes_decision_results,fn,3009.0,3007.0,-2.0,True
3,raw_safe,72,Platt,calibration_bayes_decision_results,fn,3063.0,3073.0,10.0,True
3,raw_safe,72,Uncalibrated,calibration_bayes_decision_results,fn,3009.0,3008.0,-1.0,True
3,raw_safe,82,Isotonic,calibration_bayes_decision_results,fn,3016.0,2957.0,-59.0,True
3,raw_safe,82,Platt,calibration_bayes_decision_results,fn,3022.0,3065.0,43.0,True
3,raw_safe,82,Uncalibrated,calibration_bayes_decision_results,fn,3016.0,3005.0,-11.0,True
3,recipient_full_weight_2,42,Isotonic,calibration_bayes_decision_results,fn,1024.0,931.0,-93.0,True
3,recipient_full_weight_2,42,Platt,calibration_bayes_decision_results,fn,2518.0,1739.0,-779.0,True
3,recipient_full_weight_2,42,Uncalibrated,calibration_bayes_decision_results,fn,905.0,926.0,21.0,True
3,recipient_full_weight_2,52,Isotonic,calibration_bayes_decision_results,fn,1276.0,1600.0,324.0,True
3,recipient_full_weight_2,52,Platt,calibration_bayes_decision_results,fn,2345.0,2218.0,-127.0,True
3,recipient_full_weight_2,52,Uncalibrated,calibration_bayes_decision_results,fn,1232.0,1600.0,368.0,True
3,recipient_full_weight_2,62,Isotonic,calibration_bayes_decision_results,fn,1524.0,1457.0,-67.0,True
3,recipient_full_weight_2,62,Platt,calibration_bayes_decision_results,fn,2225.0,2570.0,345.0,True
3,recipient_full_weight_2,62,Uncalibrated,calibration_bayes_decision_results,fn,1524.0,1509.0,-15.0,True
3,recipient_full_weight_2,72,Isotonic,calibration_bayes_decision_results,fn,878.0,719.0,-159.0,True
3,recipient_full_weight_2,72,Platt,calibration_bayes_decision_results,fn,1627.0,1389.0,-238.0,True
3,recipient_full_weight_2,72,Uncalibrated,calibration_bayes_decision_results,fn,946.0,801.0,-145.0,True
3,recipient_full_weight_2,82,Isotonic,calibration_bayes_decision_results,fn,839.0,892.0,53.0,True
3,recipient_full_weight_2,82,Platt,calibration_bayes_decision_results,fn,1906.0,2070.0,164.0,True
3,recipient_full_weight_2,82,Uncalibrated,calibration_bayes_decision_results,fn,839.0,921.0,82.0,True
1,raw_safe,42,Isotonic,calibration_bayes_decision_results,alert_rate,0.000418572155459877,0.0019481499577537768,0.0015295778022938998,True
1,raw_safe,42,Platt,calibration_bayes_decision_results,alert_rate,0.0013257378306758929,0.0010658807676208763,-0.00025985706305501656,True
1,raw_safe,42,Uncalibrated,calibration_bayes_decision_results,alert_rate,0.0013257378306758929,0.0010736609192093498,-0.00025207691146654303,True
1,raw_safe,52,Isotonic,calibration_bayes_decision_results,alert_rate,0.00010425403128554557,0.00025674500241962717,0.0001524909711340816,True
1,raw_safe,52,Platt,calibration_bayes_decision_results,alert_rate,0.0010285360399962032,0.0011436822835056118,0.0001151462435094086,True
1,raw_safe,52,Uncalibrated,calibration_bayes_decision_results,alert_rate,0.0046556427105425725,0.00324743527302886,-0.0014082074375137126,True
1,raw_safe,62,Isotonic,calibration_bayes_decision_results,alert_rate,0.007501622161606197,0.0013226257700405034,-0.006178996391565693,True
1,raw_safe,62,Platt,calibration_bayes_decision_results,alert_rate,0.004361552980498272,0.0014611124683153326,-0.00290044051218294,True
1,raw_safe,62,Uncalibrated,calibration_bayes_decision_results,alert_rate,0.002912888754724497,0.0014611124683153326,-0.0014517762864091645,True
1,raw_safe,72,Isotonic,calibration_bayes_decision_results,alert_rate,0.00010425403128554557,0.00011203418287401911,7.780151588473541e-06,True
1,raw_safe,72,Platt,calibration_bayes_decision_results,alert_rate,0.0010472084038085398,0.0007002136429626194,-0.00034699476084592033,True
1,raw_safe,72,Uncalibrated,calibration_bayes_decision_results,alert_rate,0.004576285164340142,0.0036722315497595154,-0.0009040536145806261,True
1,raw_safe,82,Isotonic,calibration_bayes_decision_results,alert_rate,0.003333016940502069,0.0008900493417213741,-0.0024429675987806946,True
1,raw_safe,82,Platt,calibration_bayes_decision_results,alert_rate,0.0022780283851050556,0.004047234856323941,0.0017692064712188853,True
1,raw_safe,82,Uncalibrated,calibration_bayes_decision_results,alert_rate,0.003294116182559701,0.004047234856323941,0.0007531186737642398,True
1,recipient_full_weight_2,42,Isotonic,calibration_bayes_decision_results,alert_rate,0.01032114909726901,0.012021890234509329,0.0017007411372403185,True
1,recipient_full_weight_2,42,Platt,calibration_bayes_decision_results,alert_rate,0.0009445104028406889,0.0009491784937937731,4.668090953084138e-06,True
1,recipient_full_weight_2,42,Uncalibrated,calibration_bayes_decision_results,alert_rate,0.010255795823925834,0.0119129681122707,0.0016571722883448655,True
1,recipient_full_weight_2,52,Isotonic,calibration_bayes_decision_results,alert_rate,0.012242846539621977,0.012470026966005406,0.000227180426383429,True
1,recipient_full_weight_2,52,Platt,calibration_bayes_decision_results,alert_rate,0.0005057098532507807,0.0007997995832950809,0.00029408973004430017,True
1,recipient_full_weight_2,52,Uncalibrated,calibration_bayes_decision_results,alert_rate,0.011808714080985154,0.01276878478700279,0.0009600707060176353,True
1,recipient_full_weight_2,62,Isotonic,calibration_bayes_decision_results,alert_rate,0.011485059774904655,0.011346573076629824,-0.00013848669827483048,True
1,recipient_full_weight_2,62,Platt,calibration_bayes_decision_results,alert_rate,0.0005492787021462326,0.0005772872478647374,2.800854571850483e-05,True
1,recipient_full_weight_2,62,Uncalibrated,calibration_bayes_decision_results,alert_rate,0.011351241167582909,0.011170741650730323,-0.00018049951685258567,True
1,recipient_full_weight_2,72,Isotonic,calibration_bayes_decision_results,alert_rate,0.010582562190641723,0.010959121527523843,0.0003765593368821197,True
1,recipient_full_weight_2,72,Platt,calibration_bayes_decision_results,alert_rate,0.0004419126102252976,0.000815359886472028,0.0003734472762467304,True
1,recipient_full_weight_2,72,Uncalibrated,calibration_bayes_decision_results,alert_rate,0.010985574042924653,0.010395838552518357,-0.0005897354904062964,True
1,recipient_full_weight_2,82,Isotonic,calibration_bayes_decision_results,alert_rate,0.013319619519466717,0.01045652373490845,-0.002863095784558267,True
1,recipient_full_weight_2,82,Platt,calibration_bayes_decision_results,alert_rate,0.0006426405212079152,0.0008667088869559534,0.0002240683657480382,True
1,recipient_full_weight_2,82,Uncalibrated,calibration_bayes_decision_results,alert_rate,0.010637023251761038,0.011008914497690073,0.000371891245929035,True
2,raw_safe,42,Isotonic,calibration_bayes_decision_results,alert_rate,0.00012551402949579694,0.0023963270631368596,0.0022708130336410626,True
2,raw_safe,42,Platt,calibration_bayes_decision_results,alert_rate,0.0003187395749038001,0.0020131789730970587,0.0016944393981932586,True
2,raw_safe,42,Uncalibrated,calibration_bayes_decision_results,alert_rate,0.023905468117785007,0.02040924179617182,-0.0034962263216131856,True
2,raw_safe,52,Isotonic,calibration_bayes_decision_results,alert_rate,0.0005549041304024707,0.005215438225627983,0.004660534095225512,True
2,raw_safe,52,Platt,calibration_bayes_decision_results,alert_rate,0.0005549041304024707,0.00010734752522666843,-0.00044755660517580226,True
2,raw_safe,52,Uncalibrated,calibration_bayes_decision_results,alert_rate,0.023163944443526943,0.0105167544714373,-0.012647189972089643,True
2,raw_safe,62,Isotonic,calibration_bayes_decision_results,alert_rate,0.00048223811332595665,0.0005912371389407276,0.00010899902561477097,True
2,raw_safe,62,Platt,calibration_bayes_decision_results,alert_rate,0.002691945632607224,0.0023500850522699874,-0.0003418605803372364,True
2,raw_safe,62,Uncalibrated,calibration_bayes_decision_results,alert_rate,0.02384105960264901,0.029842612013013824,0.006001552410364815,True
2,raw_safe,72,Isotonic,calibration_bayes_decision_results,alert_rate,0.0012799128007795083,0.00029396706908226125,-0.000985945731697247,True
2,raw_safe,72,Platt,calibration_bayes_decision_results,alert_rate,0.0009380522204422718,0.0025234925930207592,0.0015854403725784874,True
2,raw_safe,72,Uncalibrated,calibration_bayes_decision_results,alert_rate,0.023036778913643044,0.021692457597727536,-0.001344321315915508,True
2,raw_safe,82,Isotonic,calibration_bayes_decision_results,alert_rate,0.0006820696602863702,0.0001502865353173358,-0.0005317831249690343,True
2,raw_safe,82,Platt,calibration_bayes_decision_results,alert_rate,0.0007002361645554987,0.0023220095456722434,0.0016217733811167447,True
2,raw_safe,82,Uncalibrated,calibration_bayes_decision_results,alert_rate,0.02316724744430315,0.0023220095456722434,-0.020845237898630905,True
2,recipient_full_weight_2,42,Isotonic,calibration_bayes_decision_results,alert_rate,0.012146785354494559,0.012591038958894156,0.0004442536043995967,True
2,recipient_full_weight_2,42,Platt,calibration_bayes_decision_results,alert_rate,0.0006639031560172416,0.0022443890274314216,0.00158048587141418,True
2,recipient_full_weight_2,42,Uncalibrated,calibration_bayes_decision_results,alert_rate,0.011070007101451668,0.01254975144919159,0.0014797443477399218,True
2,recipient_full_weight_2,52,Isotonic,calibration_bayes_decision_results,alert_rate,0.015291242093441891,0.015192152070155736,-9.909002328615558e-05,True
2,recipient_full_weight_2,52,Platt,calibration_bayes_decision_results,alert_rate,0.0016415913857739757,0.002748096645802712,0.0011065052600287362,True
2,recipient_full_weight_2,52,Uncalibrated,calibration_bayes_decision_results,alert_rate,0.013861042757345048,0.013918845270928638,5.7802513583589746e-05,True
2,recipient_full_weight_2,62,Isotonic,calibration_bayes_decision_results,alert_rate,0.013188882099387293,0.012399464913874255,-0.0007894171855130378,True
2,recipient_full_weight_2,62,Platt,calibration_bayes_decision_results,alert_rate,0.0036613763604234446,0.0036333008538257006,-2.8075506597744024e-05,True
2,recipient_full_weight_2,62,Uncalibrated,calibration_bayes_decision_results,alert_rate,0.013226866608313653,0.011989892817624812,-0.0012369737906888414,True
2,recipient_full_weight_2,72,Isotonic,calibration_bayes_decision_results,alert_rate,0.015306105596934814,0.01615662829680765,0.0008505226998728362,True
2,recipient_full_weight_2,72,Platt,calibration_bayes_decision_results,alert_rate,0.0027778236527885585,0.0064358970124357975,0.003658073359647239,True
2,recipient_full_weight_2,72,Uncalibrated,calibration_bayes_decision_results,alert_rate,0.013221912107149346,0.020533104325279515,0.0073111922181301695,True
2,recipient_full_weight_2,82,Isotonic,calibration_bayes_decision_results,alert_rate,0.01271490148800185,0.013585242192531915,0.0008703407045300652,True
2,recipient_full_weight_2,82,Platt,calibration_bayes_decision_results,alert_rate,0.0020990569932783933,0.0012733067992270978,-0.0008257501940512955,True
2,recipient_full_weight_2,82,Uncalibrated,calibration_bayes_decision_results,alert_rate,0.014107116315172334,0.013398622648676322,-0.0007084936664960122,True
3,raw_safe,42,Isotonic,calibration_bayes_decision_results,alert_rate,0.007434944237918215,0.005680649199102278,-0.001754295038815937,True
3,raw_safe,42,Platt,calibration_bayes_decision_results,alert_rate,0.0013208255395203252,0.0013852177477490211,6.439220822869593e-05,True
3,raw_safe,42,Uncalibrated,calibration_bayes_decision_results,alert_rate,0.0022207459130579544,0.001788846955426457,-0.0004318989576314973,True
3,raw_safe,52,Isotonic,calibration_bayes_decision_results,alert_rate,0.0015532657058092765,0.007359558238040718,0.0058062925322314414,True
3,raw_safe,52,Platt,calibration_bayes_decision_results,alert_rate,0.0011543481231241844,0.0013239666228485542,0.0001696184997243698,True
3,raw_safe,52,Uncalibrated,calibration_bayes_decision_results,alert_rate,0.0015674005807863073,0.005198492908219116,0.003631092327432809,True
3,raw_safe,62,Isotonic,calibration_bayes_decision_results,alert_rate,0.0009988644983768451,0.001331819331169127,0.00033295483279228186,True
3,raw_safe,62,Platt,calibration_bayes_decision_results,alert_rate,0.0014024937060542811,0.0011716240814294441,-0.00023086962462483696,True
3,raw_safe,62,Uncalibrated,calibration_bayes_decision_results,alert_rate,0.0018375337470140076,0.0013459542061461578,-0.0004915795408678499,True
3,raw_safe,72,Isotonic,calibration_bayes_decision_results,alert_rate,0.0016145168307097435,0.0021422188298522277,0.0005277019991424842,True
3,raw_safe,72,Platt,calibration_bayes_decision_results,alert_rate,0.0011527775814600698,0.0011072318732007482,-4.554570825932155e-05,True
3,raw_safe,72,Uncalibrated,calibration_bayes_decision_results,alert_rate,0.0016145168307097435,0.0021186607048905098,0.0005041438741807663,True
3,raw_safe,82,Isotonic,calibration_bayes_decision_results,alert_rate,0.0016349338723432325,0.0022003288714244657,0.0005653949990812332,True
3,raw_safe,82,Platt,calibration_bayes_decision_results,alert_rate,0.0013428131228179288,0.0011716240814294441,-0.00017118904138848463,True
3,raw_safe,82,Uncalibrated,calibration_bayes_decision_results,alert_rate,0.0016349338723432325,0.0018139756220522897,0.00017904174970905721,True
3,recipient_full_weight_2,42,Isotonic,calibration_bayes_decision_results,alert_rate,0.01996472563422399,0.023569118753366848,0.0036043931191428596,True
3,recipient_full_weight_2,42,Platt,calibration_bayes_decision_results,alert_rate,0.004304854701337945,0.014566773934662325,0.01026191923332438,True
3,recipient_full_weight_2,42,Uncalibrated,calibration_bayes_decision_results,alert_rate,0.022061398755816895,0.02367591558652664,0.001614516830709744,True
3,recipient_full_weight_2,52,Isotonic,calibration_bayes_decision_results,alert_rate,0.02268019217147802,0.029998916326251762,0.007318724154773741,True
3,recipient_full_weight_2,52,Platt,calibration_bayes_decision_results,alert_rate,0.011422549523105023,0.014813348975928307,0.003390799452823284,True
3,recipient_full_weight_2,52,Uncalibrated,calibration_bayes_decision_results,alert_rate,0.023438763795245343,0.029998916326251762,0.006560152531006419,True
3,recipient_full_weight_2,62,Isotonic,calibration_bayes_decision_results,alert_rate,0.029998916326251762,0.02384710462791512,-0.006151811698336642,True
3,recipient_full_weight_2,62,Platt,calibration_bayes_decision_results,alert_rate,0.020925897132662085,0.00426873224306331,-0.016657164889598775,True
3,recipient_full_weight_2,62,Uncalibrated,calibration_bayes_decision_results,alert_rate,0.029998916326251762,0.021989153839267625,-0.008009762486984137,True
3,recipient_full_weight_2,72,Isotonic,calibration_bayes_decision_results,alert_rate,0.024208329210661465,0.0266646563733366,0.002456327162675135,True
3,recipient_full_weight_2,72,Platt,calibration_bayes_decision_results,alert_rate,0.014877741184157004,0.01526409443352918,0.0003863532493721764,True
3,recipient_full_weight_2,72,Uncalibrated,calibration_bayes_decision_results,alert_rate,0.02339635917031425,0.023440334336909455,4.397516659520456e-05,True
3,recipient_full_weight_2,82,Isotonic,calibration_bayes_decision_results,alert_rate,0.029980069826282388,0.029998916326251762,1.8846499969374375e-05,True
3,recipient_full_weight_2,82,Platt,calibration_bayes_decision_results,alert_rate,0.013511369936377356,0.015796508057664006,0.00228513812128665,True
3,recipient_full_weight_2,82,Uncalibrated,calibration_bayes_decision_results,alert_rate,0.029998916326251762,0.02957015845194849,-0.0004287578743032705,True
1,raw_safe,42,Isotonic,calibration_bayes_decision_results,false_negative_cost,42200.0,41000.0,-1200.0,True
1,raw_safe,42,Platt,calibration_bayes_decision_results,false_negative_cost,41600.0,41700.0,100.0,True
1,raw_safe,42,Uncalibrated,calibration_bayes_decision_results,false_negative_cost,41600.0,41200.0,-400.0,True
1,raw_safe,52,Isotonic,calibration_bayes_decision_results,false_negative_cost,43100.0,49000.0,5900.0,True
1,raw_safe,52,Platt,calibration_bayes_decision_results,false_negative_cost,42600.0,48300.0,5700.0,True
1,raw_safe,52,Uncalibrated,calibration_bayes_decision_results,false_negative_cost,42100.0,48100.0,6000.0,True
1,raw_safe,62,Isotonic,calibration_bayes_decision_results,false_negative_cost,32800.0,41700.0,8900.0,True
1,raw_safe,62,Platt,calibration_bayes_decision_results,false_negative_cost,39500.0,41300.0,1800.0,True
1,raw_safe,62,Uncalibrated,calibration_bayes_decision_results,false_negative_cost,40600.0,41300.0,700.0,True
1,raw_safe,72,Isotonic,calibration_bayes_decision_results,false_negative_cost,43100.0,42600.0,-500.0,True
1,raw_safe,72,Platt,calibration_bayes_decision_results,false_negative_cost,42600.0,42600.0,0.0,False
1,raw_safe,72,Uncalibrated,calibration_bayes_decision_results,false_negative_cost,41800.0,41800.0,0.0,False
1,raw_safe,82,Isotonic,calibration_bayes_decision_results,false_negative_cost,39800.0,42800.0,3000.0,True
1,raw_safe,82,Platt,calibration_bayes_decision_results,false_negative_cost,40500.0,42000.0,1500.0,True
1,raw_safe,82,Uncalibrated,calibration_bayes_decision_results,false_negative_cost,40300.0,42000.0,1700.0,True
1,recipient_full_weight_2,42,Isotonic,calibration_bayes_decision_results,false_negative_cost,23800.0,14800.0,-9000.0,True
1,recipient_full_weight_2,42,Platt,calibration_bayes_decision_results,false_negative_cost,37700.0,31800.0,-5900.0,True
1,recipient_full_weight_2,42,Uncalibrated,calibration_bayes_decision_results,false_negative_cost,23900.0,14800.0,-9100.0,True
1,recipient_full_weight_2,52,Isotonic,calibration_bayes_decision_results,false_negative_cost,13000.0,13800.0,800.0,True
1,recipient_full_weight_2,52,Platt,calibration_bayes_decision_results,false_negative_cost,31200.0,31500.0,300.0,True
1,recipient_full_weight_2,52,Uncalibrated,calibration_bayes_decision_results,false_negative_cost,13500.0,13500.0,0.0,False
1,recipient_full_weight_2,62,Isotonic,calibration_bayes_decision_results,false_negative_cost,14800.0,14600.0,-200.0,True
1,recipient_full_weight_2,62,Platt,calibration_bayes_decision_results,false_negative_cost,31800.0,31300.0,-500.0,True
1,recipient_full_weight_2,62,Uncalibrated,calibration_bayes_decision_results,false_negative_cost,15100.0,14900.0,-200.0,True
1,recipient_full_weight_2,72,Isotonic,calibration_bayes_decision_results,false_negative_cost,20600.0,16900.0,-3700.0,True
1,recipient_full_weight_2,72,Platt,calibration_bayes_decision_results,false_negative_cost,35100.0,30100.0,-5000.0,True
1,recipient_full_weight_2,72,Uncalibrated,calibration_bayes_decision_results,false_negative_cost,20200.0,18000.0,-2200.0,True
1,recipient_full_weight_2,82,Isotonic,calibration_bayes_decision_results,false_negative_cost,11900.0,16700.0,4800.0,True
1,recipient_full_weight_2,82,Platt,calibration_bayes_decision_results,false_negative_cost,30600.0,32100.0,1500.0,True
1,recipient_full_weight_2,82,Uncalibrated,calibration_bayes_decision_results,false_negative_cost,16500.0,15900.0,-600.0,True
2,raw_safe,42,Isotonic,calibration_bayes_decision_results,false_negative_cost,26700.0,25900.0,-800.0,True
2,raw_safe,42,Platt,calibration_bayes_decision_results,false_negative_cost,26700.0,26000.0,-700.0,True
2,raw_safe,42,Uncalibrated,calibration_bayes_decision_results,false_negative_cost,23100.0,23100.0,0.0,False
2,raw_safe,52,Isotonic,calibration_bayes_decision_results,false_negative_cost,26900.0,26200.0,-700.0,True
2,raw_safe,52,Platt,calibration_bayes_decision_results,false_negative_cost,26900.0,27700.0,800.0,True
2,raw_safe,52,Uncalibrated,calibration_bayes_decision_results,false_negative_cost,23700.0,25600.0,1900.0,True
2,raw_safe,62,Isotonic,calibration_bayes_decision_results,false_negative_cost,26300.0,26300.0,0.0,False
2,raw_safe,62,Platt,calibration_bayes_decision_results,false_negative_cost,26000.0,26000.0,0.0,False
2,raw_safe,62,Uncalibrated,calibration_bayes_decision_results,false_negative_cost,22800.0,21700.0,-1100.0,True
2,raw_safe,72,Isotonic,calibration_bayes_decision_results,false_negative_cost,26200.0,26300.0,100.0,True
2,raw_safe,72,Platt,calibration_bayes_decision_results,false_negative_cost,26600.0,25900.0,-700.0,True
2,raw_safe,72,Uncalibrated,calibration_bayes_decision_results,false_negative_cost,22900.0,22800.0,-100.0,True
2,raw_safe,82,Isotonic,calibration_bayes_decision_results,false_negative_cost,26300.0,27300.0,1000.0,True
2,raw_safe,82,Platt,calibration_bayes_decision_results,false_negative_cost,26200.0,26800.0,600.0,True
2,raw_safe,82,Uncalibrated,calibration_bayes_decision_results,false_negative_cost,23100.0,26800.0,3700.0,True
2,recipient_full_weight_2,42,Isotonic,calibration_bayes_decision_results,false_negative_cost,9700.0,9000.0,-700.0,True
2,recipient_full_weight_2,42,Platt,calibration_bayes_decision_results,false_negative_cost,25500.0,21700.0,-3800.0,True
2,recipient_full_weight_2,42,Uncalibrated,calibration_bayes_decision_results,false_negative_cost,10200.0,9000.0,-1200.0,True
2,recipient_full_weight_2,52,Isotonic,calibration_bayes_decision_results,false_negative_cost,10200.0,9800.0,-400.0,True
2,recipient_full_weight_2,52,Platt,calibration_bayes_decision_results,false_negative_cost,22400.0,21200.0,-1200.0,True
2,recipient_full_weight_2,52,Uncalibrated,calibration_bayes_decision_results,false_negative_cost,11800.0,10700.0,-1100.0,True
2,recipient_full_weight_2,62,Isotonic,calibration_bayes_decision_results,false_negative_cost,10400.0,9600.0,-800.0,True
2,recipient_full_weight_2,62,Platt,calibration_bayes_decision_results,false_negative_cost,20600.0,20300.0,-300.0,True
2,recipient_full_weight_2,62,Uncalibrated,calibration_bayes_decision_results,false_negative_cost,10400.0,10000.0,-400.0,True
2,recipient_full_weight_2,72,Isotonic,calibration_bayes_decision_results,false_negative_cost,11500.0,11600.0,100.0,True
2,recipient_full_weight_2,72,Platt,calibration_bayes_decision_results,false_negative_cost,24100.0,22200.0,-1900.0,True
2,recipient_full_weight_2,72,Uncalibrated,calibration_bayes_decision_results,false_negative_cost,12200.0,8600.0,-3600.0,True
2,recipient_full_weight_2,82,Isotonic,calibration_bayes_decision_results,false_negative_cost,11700.0,7900.0,-3800.0,True
2,recipient_full_weight_2,82,Platt,calibration_bayes_decision_results,false_negative_cost,21800.0,22000.0,200.0,True
2,recipient_full_weight_2,82,Uncalibrated,calibration_bayes_decision_results,false_negative_cost,11100.0,8200.0,-2900.0,True
3,raw_safe,42,Isotonic,calibration_bayes_decision_results,false_negative_cost,260100.0,271400.0,11300.0,True
3,raw_safe,42,Platt,calibration_bayes_decision_results,false_negative_cost,301700.0,308000.0,6300.0,True
3,raw_safe,42,Uncalibrated,calibration_bayes_decision_results,false_negative_cost,298900.0,306800.0,7900.0,True
3,raw_safe,52,Isotonic,calibration_bayes_decision_results,false_negative_cost,301400.0,259200.0,-42200.0,True
3,raw_safe,52,Platt,calibration_bayes_decision_results,false_negative_cost,306000.0,301500.0,-4500.0,True
3,raw_safe,52,Uncalibrated,calibration_bayes_decision_results,false_negative_cost,301200.0,269700.0,-31500.0,True
3,raw_safe,62,Isotonic,calibration_bayes_decision_results,false_negative_cost,323300.0,302000.0,-21300.0,True
3,raw_safe,62,Platt,calibration_bayes_decision_results,false_negative_cost,322700.0,306800.0,-15900.0,True
3,raw_safe,62,Uncalibrated,calibration_bayes_decision_results,false_negative_cost,320900.0,301800.0,-19100.0,True
3,raw_safe,72,Isotonic,calibration_bayes_decision_results,false_negative_cost,300900.0,300700.0,-200.0,True
3,raw_safe,72,Platt,calibration_bayes_decision_results,false_negative_cost,306300.0,307300.0,1000.0,True
3,raw_safe,72,Uncalibrated,calibration_bayes_decision_results,false_negative_cost,300900.0,300800.0,-100.0,True
3,raw_safe,82,Isotonic,calibration_bayes_decision_results,false_negative_cost,301600.0,295700.0,-5900.0,True
3,raw_safe,82,Platt,calibration_bayes_decision_results,false_negative_cost,302200.0,306500.0,4300.0,True
3,raw_safe,82,Uncalibrated,calibration_bayes_decision_results,false_negative_cost,301600.0,300500.0,-1100.0,True
3,recipient_full_weight_2,42,Isotonic,calibration_bayes_decision_results,false_negative_cost,102400.0,93100.0,-9300.0,True
3,recipient_full_weight_2,42,Platt,calibration_bayes_decision_results,false_negative_cost,251800.0,173900.0,-77900.0,True
3,recipient_full_weight_2,42,Uncalibrated,calibration_bayes_decision_results,false_negative_cost,90500.0,92600.0,2100.0,True
3,recipient_full_weight_2,52,Isotonic,calibration_bayes_decision_results,false_negative_cost,127600.0,160000.0,32400.0,True
3,recipient_full_weight_2,52,Platt,calibration_bayes_decision_results,false_negative_cost,234500.0,221800.0,-12700.0,True
3,recipient_full_weight_2,52,Uncalibrated,calibration_bayes_decision_results,false_negative_cost,123200.0,160000.0,36800.0,True
3,recipient_full_weight_2,62,Isotonic,calibration_bayes_decision_results,false_negative_cost,152400.0,145700.0,-6700.0,True
3,recipient_full_weight_2,62,Platt,calibration_bayes_decision_results,false_negative_cost,222500.0,257000.0,34500.0,True
3,recipient_full_weight_2,62,Uncalibrated,calibration_bayes_decision_results,false_negative_cost,152400.0,150900.0,-1500.0,True
3,recipient_full_weight_2,72,Isotonic,calibration_bayes_decision_results,false_negative_cost,87800.0,71900.0,-15900.0,True
3,recipient_full_weight_2,72,Platt,calibration_bayes_decision_results,false_negative_cost,162700.0,138900.0,-23800.0,True
3,recipient_full_weight_2,72,Uncalibrated,calibration_bayes_decision_results,false_negative_cost,94600.0,80100.0,-14500.0,True
3,recipient_full_weight_2,82,Isotonic,calibration_bayes_decision_results,false_negative_cost,83900.0,89200.0,5300.0,True
3,recipient_full_weight_2,82,Platt,calibration_bayes_decision_results,false_negative_cost,190600.0,207000.0,16400.0,True
3,recipient_full_weight_2,82,Uncalibrated,calibration_bayes_decision_results,false_negative_cost,83900.0,92100.0,8200.0,True
1,raw_safe,42,Isotonic,calibration_bayes_decision_results,false_positive_cost,193.0,1164.0,971.0,True
1,raw_safe,42,Platt,calibration_bayes_decision_results,false_positive_cost,770.0,604.0,-166.0,True
1,raw_safe,42,Uncalibrated,calibration_bayes_decision_results,false_positive_cost,770.0,604.0,-166.0,True
1,raw_safe,52,Isotonic,calibration_bayes_decision_results,false_positive_cost,0.0,157.0,157.0,True
1,raw_safe,52,Platt,calibration_bayes_decision_results,false_positive_cost,589.0,720.0,131.0,True
1,raw_safe,52,Uncalibrated,calibration_bayes_decision_results,false_positive_cost,2915.0,2070.0,-845.0,True
1,raw_safe,62,Isotonic,calibration_bayes_decision_results,false_positive_cost,4651.0,769.0,-3882.0,True
1,raw_safe,62,Platt,calibration_bayes_decision_results,false_positive_cost,2700.0,854.0,-1846.0,True
1,raw_safe,62,Uncalibrated,calibration_bayes_decision_results,false_positive_cost,1780.0,854.0,-926.0,True
1,raw_safe,72,Isotonic,calibration_bayes_decision_results,false_positive_cost,0.0,0.0,0.0,False
1,raw_safe,72,Platt,calibration_bayes_decision_results,false_positive_cost,601.0,378.0,-223.0,True
1,raw_safe,72,Uncalibrated,calibration_bayes_decision_results,false_positive_cost,2861.0,2280.0,-581.0,True
1,raw_safe,82,Isotonic,calibration_bayes_decision_results,false_positive_cost,2042.0,502.0,-1540.0,True
1,raw_safe,82,Platt,calibration_bayes_decision_results,false_positive_cost,1371.0,2523.0,1152.0,True
1,raw_safe,82,Uncalibrated,calibration_bayes_decision_results,false_positive_cost,2022.0,2523.0,501.0,True
1,recipient_full_weight_2,42,Isotonic,calibration_bayes_decision_results,false_positive_cost,6373.0,7376.0,1003.0,True
1,recipient_full_weight_2,42,Platt,calibration_bayes_decision_results,false_positive_cost,486.0,430.0,-56.0,True
1,recipient_full_weight_2,42,Uncalibrated,calibration_bayes_decision_results,false_positive_cost,6332.0,7306.0,974.0,True
1,recipient_full_weight_2,52,Isotonic,calibration_bayes_decision_results,false_positive_cost,7500.0,7654.0,154.0,True
1,recipient_full_weight_2,52,Platt,calibration_bayes_decision_results,false_positive_cost,139.0,331.0,192.0,True
1,recipient_full_weight_2,52,Uncalibrated,calibration_bayes_decision_results,false_positive_cost,7226.0,7843.0,617.0,True
1,recipient_full_weight_2,62,Isotonic,calibration_bayes_decision_results,false_positive_cost,7031.0,6940.0,-91.0,True
1,recipient_full_weight_2,62,Platt,calibration_bayes_decision_results,false_positive_cost,173.0,186.0,13.0,True
1,recipient_full_weight_2,62,Uncalibrated,calibration_bayes_decision_results,false_positive_cost,6948.0,6830.0,-118.0,True
1,recipient_full_weight_2,72,Isotonic,calibration_bayes_decision_results,false_positive_cost,6509.0,6714.0,205.0,True
1,recipient_full_weight_2,72,Platt,calibration_bayes_decision_results,false_positive_cost,137.0,327.0,190.0,True
1,recipient_full_weight_2,72,Uncalibrated,calibration_bayes_decision_results,false_positive_cost,6764.0,6363.0,-401.0,True
1,recipient_full_weight_2,82,Isotonic,calibration_bayes_decision_results,false_positive_cost,8181.0,6389.0,-1792.0,True
1,recipient_full_weight_2,82,Platt,calibration_bayes_decision_results,false_positive_cost,221.0,380.0,159.0,True
1,recipient_full_weight_2,82,Uncalibrated,calibration_bayes_decision_results,false_positive_cost,6503.0,6736.0,233.0,True
2,raw_safe,42,Isotonic,calibration_bayes_decision_results,false_positive_cost,31.0,1398.0,1367.0,True
2,raw_safe,42,Platt,calibration_bayes_decision_results,false_positive_cost,148.0,1167.0,1019.0,True
2,raw_safe,42,Uncalibrated,calibration_bayes_decision_results,false_positive_cost,14394.0,12277.0,-2117.0,True
2,raw_safe,52,Isotonic,calibration_bayes_decision_results,false_positive_cost,293.0,3108.0,2815.0,True
2,raw_safe,52,Platt,calibration_bayes_decision_results,false_positive_cost,293.0,30.0,-263.0,True
2,raw_safe,52,Uncalibrated,calibration_bayes_decision_results,false_positive_cost,13951.0,6312.0,-7639.0,True
2,raw_safe,62,Isotonic,calibration_bayes_decision_results,false_positive_cost,243.0,309.0,66.0,True
2,raw_safe,62,Platt,calibration_bayes_decision_results,false_positive_cost,1578.0,1371.0,-207.0,True
2,raw_safe,62,Uncalibrated,calibration_bayes_decision_results,false_positive_cost,14352.0,17975.0,3623.0,True
2,raw_safe,72,Isotonic,calibration_bayes_decision_results,false_positive_cost,725.0,129.0,-596.0,True
2,raw_safe,72,Platt,calibration_bayes_decision_results,false_positive_cost,522.0,1475.0,953.0,True
2,raw_safe,72,Uncalibrated,calibration_bayes_decision_results,false_positive_cost,13866.0,13051.0,-815.0,True
2,raw_safe,82,Isotonic,calibration_bayes_decision_results,false_positive_cost,364.0,52.0,-312.0,True
2,raw_safe,82,Platt,calibration_bayes_decision_results,false_positive_cost,374.0,1362.0,988.0,True
2,raw_safe,82,Uncalibrated,calibration_bayes_decision_results,false_positive_cost,13947.0,1362.0,-12585.0,True
2,recipient_full_weight_2,42,Isotonic,calibration_bayes_decision_results,false_positive_cost,7140.0,7402.0,262.0,True
2,recipient_full_weight_2,42,Platt,calibration_bayes_decision_results,false_positive_cost,345.0,1264.0,919.0,True
2,recipient_full_weight_2,42,Uncalibrated,calibration_bayes_decision_results,false_positive_cost,6493.0,7377.0,884.0,True
2,recipient_full_weight_2,52,Isotonic,calibration_bayes_decision_results,false_positive_cost,9049.0,8985.0,-64.0,True
2,recipient_full_weight_2,52,Platt,calibration_bayes_decision_results,false_positive_cost,906.0,1564.0,658.0,True
2,recipient_full_weight_2,52,Uncalibrated,calibration_bayes_decision_results,false_positive_cost,8199.0,8223.0,24.0,True
2,recipient_full_weight_2,62,Isotonic,calibration_bayes_decision_results,false_positive_cost,7778.0,7292.0,-486.0,True
2,recipient_full_weight_2,62,Platt,calibration_bayes_decision_results,false_positive_cost,2111.0,2091.0,-20.0,True
2,recipient_full_weight_2,62,Uncalibrated,calibration_bayes_decision_results,false_positive_cost,7801.0,7048.0,-753.0,True
2,recipient_full_weight_2,72,Isotonic,calibration_bayes_decision_results,false_positive_cost,9071.0,9587.0,516.0,True
2,recipient_full_weight_2,72,Platt,calibration_bayes_decision_results,false_positive_cost,1611.0,3807.0,2196.0,True
2,recipient_full_weight_2,72,Uncalibrated,calibration_bayes_decision_results,false_positive_cost,7816.0,12207.0,4391.0,True
2,recipient_full_weight_2,82,Isotonic,calibration_bayes_decision_results,false_positive_cost,7504.0,7993.0,489.0,True
2,recipient_full_weight_2,82,Platt,calibration_bayes_decision_results,false_positive_cost,1177.0,679.0,-498.0,True
2,recipient_full_weight_2,82,Uncalibrated,calibration_bayes_decision_results,false_positive_cost,8341.0,7883.0,-458.0,True
3,raw_safe,42,Isotonic,calibration_bayes_decision_results,false_positive_cost,3571.0,2567.0,-1004.0,True
3,raw_safe,42,Platt,calibration_bayes_decision_results,false_positive_cost,94.0,198.0,104.0,True
3,raw_safe,42,Uncalibrated,calibration_bayes_decision_results,false_positive_cost,639.0,443.0,-196.0,True
3,raw_safe,52,Isotonic,calibration_bayes_decision_results,false_positive_cost,239.0,3514.0,3275.0,True
3,raw_safe,52,Platt,calibration_bayes_decision_results,false_positive_cost,31.0,94.0,63.0,True
3,raw_safe,52,Uncalibrated,calibration_bayes_decision_results,false_positive_cost,246.0,2243.0,1997.0,True
3,raw_safe,62,Isotonic,calibration_bayes_decision_results,false_positive_cost,105.0,104.0,-1.0,True
3,raw_safe,62,Platt,calibration_bayes_decision_results,false_positive_cost,356.0,50.0,-306.0,True
3,raw_safe,62,Uncalibrated,calibration_bayes_decision_results,false_positive_cost,615.0,111.0,-504.0,True
3,raw_safe,72,Isotonic,calibration_bayes_decision_results,false_positive_cost,273.0,607.0,334.0,True
3,raw_safe,72,Platt,calibration_bayes_decision_results,false_positive_cost,33.0,14.0,-19.0,True
3,raw_safe,72,Uncalibrated,calibration_bayes_decision_results,false_positive_cost,273.0,593.0,320.0,True
3,raw_safe,82,Isotonic,calibration_bayes_decision_results,false_positive_cost,293.0,594.0,301.0,True
3,raw_safe,82,Platt,calibration_bayes_decision_results,false_positive_cost,113.0,47.0,-66.0,True
3,raw_safe,82,Uncalibrated,calibration_bayes_decision_results,false_positive_cost,293.0,396.0,103.0,True
3,recipient_full_weight_2,42,Isotonic,calibration_bayes_decision_results,false_positive_cost,9972.0,12174.0,2202.0,True
3,recipient_full_weight_2,42,Platt,calibration_bayes_decision_results,false_positive_cost,1495.0,7250.0,5755.0,True
3,recipient_full_weight_2,42,Uncalibrated,calibration_bayes_decision_results,false_positive_cost,11188.0,12237.0,1049.0,True
3,recipient_full_weight_2,52,Isotonic,calibration_bayes_decision_results,false_positive_cost,11953.0,16937.0,4984.0,True
3,recipient_full_weight_2,52,Platt,calibration_bayes_decision_results,false_positive_cost,5854.0,7886.0,2032.0,True
3,recipient_full_weight_2,52,Uncalibrated,calibration_bayes_decision_results,false_positive_cost,12392.0,16937.0,4545.0,True
3,recipient_full_weight_2,62,Isotonic,calibration_bayes_decision_results,false_positive_cost,16861.0,12877.0,-3984.0,True
3,recipient_full_weight_2,62,Platt,calibration_bayes_decision_results,false_positive_cost,11785.0,1524.0,-10261.0,True
3,recipient_full_weight_2,62,Uncalibrated,calibration_bayes_decision_results,false_positive_cost,16861.0,11746.0,-5115.0,True
3,recipient_full_weight_2,72,Isotonic,calibration_bayes_decision_results,false_positive_cost,12528.0,13933.0,1405.0,True
3,recipient_full_weight_2,72,Platt,calibration_bayes_decision_results,false_positive_cost,7336.0,7344.0,8.0,True
3,recipient_full_weight_2,72,Uncalibrated,calibration_bayes_decision_results,false_positive_cost,12079.0,11962.0,-117.0,True
3,recipient_full_weight_2,82,Isotonic,calibration_bayes_decision_results,false_positive_cost,16164.0,16229.0,65.0,True
3,recipient_full_weight_2,82,Platt,calibration_bayes_decision_results,false_positive_cost,6745.0,8364.0,1619.0,True
3,recipient_full_weight_2,82,Uncalibrated,calibration_bayes_decision_results,false_positive_cost,16176.0,15985.0,-191.0,True
1,raw_safe,42,Isotonic,calibration_bayes_decision_results,business_cost,42393.0,42164.0,-229.0,True
1,raw_safe,42,Platt,calibration_bayes_decision_results,business_cost,42370.0,42304.0,-66.0,True
1,raw_safe,42,Uncalibrated,calibration_bayes_decision_results,business_cost,42370.0,41804.0,-566.0,True
1,raw_safe,52,Isotonic,calibration_bayes_decision_results,business_cost,43100.0,49157.0,6057.0,True
1,raw_safe,52,Platt,calibration_bayes_decision_results,business_cost,43189.0,49020.0,5831.0,True
1,raw_safe,52,Uncalibrated,calibration_bayes_decision_results,business_cost,45015.0,50170.0,5155.0,True
1,raw_safe,62,Isotonic,calibration_bayes_decision_results,business_cost,37451.0,42469.0,5018.0,True
1,raw_safe,62,Platt,calibration_bayes_decision_results,business_cost,42200.0,42154.0,-46.0,True
1,raw_safe,62,Uncalibrated,calibration_bayes_decision_results,business_cost,42380.0,42154.0,-226.0,True
1,raw_safe,72,Isotonic,calibration_bayes_decision_results,business_cost,43100.0,42600.0,-500.0,True
1,raw_safe,72,Platt,calibration_bayes_decision_results,business_cost,43201.0,42978.0,-223.0,True
1,raw_safe,72,Uncalibrated,calibration_bayes_decision_results,business_cost,44661.0,44080.0,-581.0,True
1,raw_safe,82,Isotonic,calibration_bayes_decision_results,business_cost,41842.0,43302.0,1460.0,True
1,raw_safe,82,Platt,calibration_bayes_decision_results,business_cost,41871.0,44523.0,2652.0,True
1,raw_safe,82,Uncalibrated,calibration_bayes_decision_results,business_cost,42322.0,44523.0,2201.0,True
1,recipient_full_weight_2,42,Isotonic,calibration_bayes_decision_results,business_cost,30173.0,22176.0,-7997.0,True
1,recipient_full_weight_2,42,Platt,calibration_bayes_decision_results,business_cost,38186.0,32230.0,-5956.0,True
1,recipient_full_weight_2,42,Uncalibrated,calibration_bayes_decision_results,business_cost,30232.0,22106.0,-8126.0,True
1,recipient_full_weight_2,52,Isotonic,calibration_bayes_decision_results,business_cost,20500.0,21454.0,954.0,True
1,recipient_full_weight_2,52,Platt,calibration_bayes_decision_results,business_cost,31339.0,31831.0,492.0,True
1,recipient_full_weight_2,52,Uncalibrated,calibration_bayes_decision_results,business_cost,20726.0,21343.0,617.0,True
1,recipient_full_weight_2,62,Isotonic,calibration_bayes_decision_results,business_cost,21831.0,21540.0,-291.0,True
1,recipient_full_weight_2,62,Platt,calibration_bayes_decision_results,business_cost,31973.0,31486.0,-487.0,True
1,recipient_full_weight_2,62,Uncalibrated,calibration_bayes_decision_results,business_cost,22048.0,21730.0,-318.0,True
1,recipient_full_weight_2,72,Isotonic,calibration_bayes_decision_results,business_cost,27109.0,23614.0,-3495.0,True
1,recipient_full_weight_2,72,Platt,calibration_bayes_decision_results,business_cost,35237.0,30427.0,-4810.0,True
1,recipient_full_weight_2,72,Uncalibrated,calibration_bayes_decision_results,business_cost,26964.0,24363.0,-2601.0,True
1,recipient_full_weight_2,82,Isotonic,calibration_bayes_decision_results,business_cost,20081.0,23089.0,3008.0,True
1,recipient_full_weight_2,82,Platt,calibration_bayes_decision_results,business_cost,30821.0,32480.0,1659.0,True
1,recipient_full_weight_2,82,Uncalibrated,calibration_bayes_decision_results,business_cost,23003.0,22636.0,-367.0,True
2,raw_safe,42,Isotonic,calibration_bayes_decision_results,business_cost,26731.0,27298.0,567.0,True
2,raw_safe,42,Platt,calibration_bayes_decision_results,business_cost,26848.0,27167.0,319.0,True
2,raw_safe,42,Uncalibrated,calibration_bayes_decision_results,business_cost,37494.0,35377.0,-2117.0,True
2,raw_safe,52,Isotonic,calibration_bayes_decision_results,business_cost,27193.0,29308.0,2115.0,True
2,raw_safe,52,Platt,calibration_bayes_decision_results,business_cost,27193.0,27730.0,537.0,True
2,raw_safe,52,Uncalibrated,calibration_bayes_decision_results,business_cost,37651.0,31912.0,-5739.0,True
2,raw_safe,62,Isotonic,calibration_bayes_decision_results,business_cost,26543.0,26609.0,66.0,True
2,raw_safe,62,Platt,calibration_bayes_decision_results,business_cost,27578.0,27371.0,-207.0,True
2,raw_safe,62,Uncalibrated,calibration_bayes_decision_results,business_cost,37152.0,39675.0,2523.0,True
2,raw_safe,72,Isotonic,calibration_bayes_decision_results,business_cost,26925.0,26429.0,-496.0,True
2,raw_safe,72,Platt,calibration_bayes_decision_results,business_cost,27122.0,27375.0,253.0,True
2,raw_safe,72,Uncalibrated,calibration_bayes_decision_results,business_cost,36766.0,35851.0,-915.0,True
2,raw_safe,82,Isotonic,calibration_bayes_decision_results,business_cost,26664.0,27352.0,688.0,True
2,raw_safe,82,Platt,calibration_bayes_decision_results,business_cost,26574.0,28162.0,1588.0,True
2,raw_safe,82,Uncalibrated,calibration_bayes_decision_results,business_cost,37047.0,28162.0,-8885.0,True
2,recipient_full_weight_2,42,Isotonic,calibration_bayes_decision_results,business_cost,16840.0,16402.0,-438.0,True
2,recipient_full_weight_2,42,Platt,calibration_bayes_decision_results,business_cost,25845.0,22964.0,-2881.0,True
2,recipient_full_weight_2,42,Uncalibrated,calibration_bayes_decision_results,business_cost,16693.0,16377.0,-316.0,True
2,recipient_full_weight_2,52,Isotonic,calibration_bayes_decision_results,business_cost,19249.0,18785.0,-464.0,True
2,recipient_full_weight_2,52,Platt,calibration_bayes_decision_results,business_cost,23306.0,22764.0,-542.0,True
2,recipient_full_weight_2,52,Uncalibrated,calibration_bayes_decision_results,business_cost,19999.0,18923.0,-1076.0,True
2,recipient_full_weight_2,62,Isotonic,calibration_bayes_decision_results,business_cost,18178.0,16892.0,-1286.0,True
2,recipient_full_weight_2,62,Platt,calibration_bayes_decision_results,business_cost,22711.0,22391.0,-320.0,True
2,recipient_full_weight_2,62,Uncalibrated,calibration_bayes_decision_results,business_cost,18201.0,17048.0,-1153.0,True
2,recipient_full_weight_2,72,Isotonic,calibration_bayes_decision_results,business_cost,20571.0,21187.0,616.0,True
2,recipient_full_weight_2,72,Platt,calibration_bayes_decision_results,business_cost,25711.0,26007.0,296.0,True
2,recipient_full_weight_2,72,Uncalibrated,calibration_bayes_decision_results,business_cost,20016.0,20807.0,791.0,True
2,recipient_full_weight_2,82,Isotonic,calibration_bayes_decision_results,business_cost,19204.0,15893.0,-3311.0,True
2,recipient_full_weight_2,82,Platt,calibration_bayes_decision_results,business_cost,22977.0,22679.0,-298.0,True
2,recipient_full_weight_2,82,Uncalibrated,calibration_bayes_decision_results,business_cost,19441.0,16083.0,-3358.0,True
3,raw_safe,42,Isotonic,calibration_bayes_decision_results,business_cost,263671.0,273967.0,10296.0,True
3,raw_safe,42,Platt,calibration_bayes_decision_results,business_cost,301794.0,308198.0,6404.0,True
3,raw_safe,42,Uncalibrated,calibration_bayes_decision_results,business_cost,299539.0,307243.0,7704.0,True
3,raw_safe,52,Isotonic,calibration_bayes_decision_results,business_cost,301639.0,262714.0,-38925.0,True
3,raw_safe,52,Platt,calibration_bayes_decision_results,business_cost,306031.0,301594.0,-4437.0,True
3,raw_safe,52,Uncalibrated,calibration_bayes_decision_results,business_cost,301446.0,271943.0,-29503.0,True
3,raw_safe,62,Isotonic,calibration_bayes_decision_results,business_cost,323405.0,302104.0,-21301.0,True
3,raw_safe,62,Platt,calibration_bayes_decision_results,business_cost,323056.0,306850.0,-16206.0,True
3,raw_safe,62,Uncalibrated,calibration_bayes_decision_results,business_cost,321515.0,301911.0,-19604.0,True
3,raw_safe,72,Isotonic,calibration_bayes_decision_results,business_cost,301173.0,301307.0,134.0,True
3,raw_safe,72,Platt,calibration_bayes_decision_results,business_cost,306333.0,307314.0,981.0,True
3,raw_safe,72,Uncalibrated,calibration_bayes_decision_results,business_cost,301173.0,301393.0,220.0,True
3,raw_safe,82,Isotonic,calibration_bayes_decision_results,business_cost,301893.0,296294.0,-5599.0,True
3,raw_safe,82,Platt,calibration_bayes_decision_results,business_cost,302313.0,306547.0,4234.0,True
3,raw_safe,82,Uncalibrated,calibration_bayes_decision_results,business_cost,301893.0,300896.0,-997.0,True
3,recipient_full_weight_2,42,Isotonic,calibration_bayes_decision_results,business_cost,112372.0,105274.0,-7098.0,True
3,recipient_full_weight_2,42,Platt,calibration_bayes_decision_results,business_cost,253295.0,181150.0,-72145.0,True
3,recipient_full_weight_2,42,Uncalibrated,calibration_bayes_decision_results,business_cost,101688.0,104837.0,3149.0,True
3,recipient_full_weight_2,52,Isotonic,calibration_bayes_decision_results,business_cost,139553.0,176937.0,37384.0,True
3,recipient_full_weight_2,52,Platt,calibration_bayes_decision_results,business_cost,240354.0,229686.0,-10668.0,True
3,recipient_full_weight_2,52,Uncalibrated,calibration_bayes_decision_results,business_cost,135592.0,176937.0,41345.0,True
3,recipient_full_weight_2,62,Isotonic,calibration_bayes_decision_results,business_cost,169261.0,158577.0,-10684.0,True
3,recipient_full_weight_2,62,Platt,calibration_bayes_decision_results,business_cost,234285.0,258524.0,24239.0,True
3,recipient_full_weight_2,62,Uncalibrated,calibration_bayes_decision_results,business_cost,169261.0,162646.0,-6615.0,True
3,recipient_full_weight_2,72,Isotonic,calibration_bayes_decision_results,business_cost,100328.0,85833.0,-14495.0,True
3,recipient_full_weight_2,72,Platt,calibration_bayes_decision_results,business_cost,170036.0,146244.0,-23792.0,True
3,recipient_full_weight_2,72,Uncalibrated,calibration_bayes_decision_results,business_cost,106679.0,92062.0,-14617.0,True
3,recipient_full_weight_2,82,Isotonic,calibration_bayes_decision_results,business_cost,100064.0,105429.0,5365.0,True
3,recipient_full_weight_2,82,Platt,calibration_bayes_decision_results,business_cost,197345.0,215364.0,18019.0,True
3,recipient_full_weight_2,82,Uncalibrated,calibration_bayes_decision_results,business_cost,100076.0,108085.0,8009.0,True
1,raw_safe,42,Isotonic,calibration_bayes_decision_results,all_normal_cost,49800.0,49800.0,0.0,False
1,raw_safe,42,Platt,calibration_bayes_decision_results,all_normal_cost,49800.0,49800.0,0.0,False
1,raw_safe,42,Uncalibrated,calibration_bayes_decision_results,all_normal_cost,49800.0,49800.0,0.0,False
1,raw_safe,52,Isotonic,calibration_bayes_decision_results,all_normal_cost,49800.0,49800.0,0.0,False
1,raw_safe,52,Platt,calibration_bayes_decision_results,all_normal_cost,49800.0,49800.0,0.0,False
1,raw_safe,52,Uncalibrated,calibration_bayes_decision_results,all_normal_cost,49800.0,49800.0,0.0,False
1,raw_safe,62,Isotonic,calibration_bayes_decision_results,all_normal_cost,49800.0,49800.0,0.0,False
1,raw_safe,62,Platt,calibration_bayes_decision_results,all_normal_cost,49800.0,49800.0,0.0,False
1,raw_safe,62,Uncalibrated,calibration_bayes_decision_results,all_normal_cost,49800.0,49800.0,0.0,False
1,raw_safe,72,Isotonic,calibration_bayes_decision_results,all_normal_cost,49800.0,49800.0,0.0,False
1,raw_safe,72,Platt,calibration_bayes_decision_results,all_normal_cost,49800.0,49800.0,0.0,False
1,raw_safe,72,Uncalibrated,calibration_bayes_decision_results,all_normal_cost,49800.0,49800.0,0.0,False
1,raw_safe,82,Isotonic,calibration_bayes_decision_results,all_normal_cost,49800.0,49800.0,0.0,False
1,raw_safe,82,Platt,calibration_bayes_decision_results,all_normal_cost,49800.0,49800.0,0.0,False
1,raw_safe,82,Uncalibrated,calibration_bayes_decision_results,all_normal_cost,49800.0,49800.0,0.0,False
1,recipient_full_weight_2,42,Isotonic,calibration_bayes_decision_results,all_normal_cost,49800.0,49800.0,0.0,False
1,recipient_full_weight_2,42,Platt,calibration_bayes_decision_results,all_normal_cost,49800.0,49800.0,0.0,False
1,recipient_full_weight_2,42,Uncalibrated,calibration_bayes_decision_results,all_normal_cost,49800.0,49800.0,0.0,False
1,recipient_full_weight_2,52,Isotonic,calibration_bayes_decision_results,all_normal_cost,49800.0,49800.0,0.0,False
1,recipient_full_weight_2,52,Platt,calibration_bayes_decision_results,all_normal_cost,49800.0,49800.0,0.0,False
1,recipient_full_weight_2,52,Uncalibrated,calibration_bayes_decision_results,all_normal_cost,49800.0,49800.0,0.0,False
1,recipient_full_weight_2,62,Isotonic,calibration_bayes_decision_results,all_normal_cost,49800.0,49800.0,0.0,False
1,recipient_full_weight_2,62,Platt,calibration_bayes_decision_results,all_normal_cost,49800.0,49800.0,0.0,False
1,recipient_full_weight_2,62,Uncalibrated,calibration_bayes_decision_results,all_normal_cost,49800.0,49800.0,0.0,False
1,recipient_full_weight_2,72,Isotonic,calibration_bayes_decision_results,all_normal_cost,49800.0,49800.0,0.0,False
1,recipient_full_weight_2,72,Platt,calibration_bayes_decision_results,all_normal_cost,49800.0,49800.0,0.0,False
1,recipient_full_weight_2,72,Uncalibrated,calibration_bayes_decision_results,all_normal_cost,49800.0,49800.0,0.0,False
1,recipient_full_weight_2,82,Isotonic,calibration_bayes_decision_results,all_normal_cost,49800.0,49800.0,0.0,False
1,recipient_full_weight_2,82,Platt,calibration_bayes_decision_results,all_normal_cost,49800.0,49800.0,0.0,False
1,recipient_full_weight_2,82,Uncalibrated,calibration_bayes_decision_results,all_normal_cost,49800.0,49800.0,0.0,False
2,raw_safe,42,Isotonic,calibration_bayes_decision_results,all_normal_cost,31200.0,31200.0,0.0,False
2,raw_safe,42,Platt,calibration_bayes_decision_results,all_normal_cost,31200.0,31200.0,0.0,False
2,raw_safe,42,Uncalibrated,calibration_bayes_decision_results,all_normal_cost,31200.0,31200.0,0.0,False
2,raw_safe,52,Isotonic,calibration_bayes_decision_results,all_normal_cost,31200.0,31200.0,0.0,False
2,raw_safe,52,Platt,calibration_bayes_decision_results,all_normal_cost,31200.0,31200.0,0.0,False
2,raw_safe,52,Uncalibrated,calibration_bayes_decision_results,all_normal_cost,31200.0,31200.0,0.0,False
2,raw_safe,62,Isotonic,calibration_bayes_decision_results,all_normal_cost,31200.0,31200.0,0.0,False
2,raw_safe,62,Platt,calibration_bayes_decision_results,all_normal_cost,31200.0,31200.0,0.0,False
2,raw_safe,62,Uncalibrated,calibration_bayes_decision_results,all_normal_cost,31200.0,31200.0,0.0,False
2,raw_safe,72,Isotonic,calibration_bayes_decision_results,all_normal_cost,31200.0,31200.0,0.0,False
2,raw_safe,72,Platt,calibration_bayes_decision_results,all_normal_cost,31200.0,31200.0,0.0,False
2,raw_safe,72,Uncalibrated,calibration_bayes_decision_results,all_normal_cost,31200.0,31200.0,0.0,False
2,raw_safe,82,Isotonic,calibration_bayes_decision_results,all_normal_cost,31200.0,31200.0,0.0,False
2,raw_safe,82,Platt,calibration_bayes_decision_results,all_normal_cost,31200.0,31200.0,0.0,False
2,raw_safe,82,Uncalibrated,calibration_bayes_decision_results,all_normal_cost,31200.0,31200.0,0.0,False
2,recipient_full_weight_2,42,Isotonic,calibration_bayes_decision_results,all_normal_cost,31200.0,31200.0,0.0,False
2,recipient_full_weight_2,42,Platt,calibration_bayes_decision_results,all_normal_cost,31200.0,31200.0,0.0,False
2,recipient_full_weight_2,42,Uncalibrated,calibration_bayes_decision_results,all_normal_cost,31200.0,31200.0,0.0,False
2,recipient_full_weight_2,52,Isotonic,calibration_bayes_decision_results,all_normal_cost,31200.0,31200.0,0.0,False
2,recipient_full_weight_2,52,Platt,calibration_bayes_decision_results,all_normal_cost,31200.0,31200.0,0.0,False
2,recipient_full_weight_2,52,Uncalibrated,calibration_bayes_decision_results,all_normal_cost,31200.0,31200.0,0.0,False
2,recipient_full_weight_2,62,Isotonic,calibration_bayes_decision_results,all_normal_cost,31200.0,31200.0,0.0,False
2,recipient_full_weight_2,62,Platt,calibration_bayes_decision_results,all_normal_cost,31200.0,31200.0,0.0,False
2,recipient_full_weight_2,62,Uncalibrated,calibration_bayes_decision_results,all_normal_cost,31200.0,31200.0,0.0,False
2,recipient_full_weight_2,72,Isotonic,calibration_bayes_decision_results,all_normal_cost,31200.0,31200.0,0.0,False
2,recipient_full_weight_2,72,Platt,calibration_bayes_decision_results,all_normal_cost,31200.0,31200.0,0.0,False
2,recipient_full_weight_2,72,Uncalibrated,calibration_bayes_decision_results,all_normal_cost,31200.0,31200.0,0.0,False
2,recipient_full_weight_2,82,Isotonic,calibration_bayes_decision_results,all_normal_cost,31200.0,31200.0,0.0,False
2,recipient_full_weight_2,82,Platt,calibration_bayes_decision_results,all_normal_cost,31200.0,31200.0,0.0,False
2,recipient_full_weight_2,82,Uncalibrated,calibration_bayes_decision_results,all_normal_cost,31200.0,31200.0,0.0,False
3,raw_safe,42,Isotonic,calibration_bayes_decision_results,all_normal_cost,376400.0,376400.0,0.0,False
3,raw_safe,42,Platt,calibration_bayes_decision_results,all_normal_cost,376400.0,376400.0,0.0,False
3,raw_safe,42,Uncalibrated,calibration_bayes_decision_results,all_normal_cost,376400.0,376400.0,0.0,False
3,raw_safe,52,Isotonic,calibration_bayes_decision_results,all_normal_cost,376400.0,376400.0,0.0,False
3,raw_safe,52,Platt,calibration_bayes_decision_results,all_normal_cost,376400.0,376400.0,0.0,False
3,raw_safe,52,Uncalibrated,calibration_bayes_decision_results,all_normal_cost,376400.0,376400.0,0.0,False
3,raw_safe,62,Isotonic,calibration_bayes_decision_results,all_normal_cost,376400.0,376400.0,0.0,False
3,raw_safe,62,Platt,calibration_bayes_decision_results,all_normal_cost,376400.0,376400.0,0.0,False
3,raw_safe,62,Uncalibrated,calibration_bayes_decision_results,all_normal_cost,376400.0,376400.0,0.0,False
3,raw_safe,72,Isotonic,calibration_bayes_decision_results,all_normal_cost,376400.0,376400.0,0.0,False
3,raw_safe,72,Platt,calibration_bayes_decision_results,all_normal_cost,376400.0,376400.0,0.0,False
3,raw_safe,72,Uncalibrated,calibration_bayes_decision_results,all_normal_cost,376400.0,376400.0,0.0,False
3,raw_safe,82,Isotonic,calibration_bayes_decision_results,all_normal_cost,376400.0,376400.0,0.0,False
3,raw_safe,82,Platt,calibration_bayes_decision_results,all_normal_cost,376400.0,376400.0,0.0,False
3,raw_safe,82,Uncalibrated,calibration_bayes_decision_results,all_normal_cost,376400.0,376400.0,0.0,False
3,recipient_full_weight_2,42,Isotonic,calibration_bayes_decision_results,all_normal_cost,376400.0,376400.0,0.0,False
3,recipient_full_weight_2,42,Platt,calibration_bayes_decision_results,all_normal_cost,376400.0,376400.0,0.0,False
3,recipient_full_weight_2,42,Uncalibrated,calibration_bayes_decision_results,all_normal_cost,376400.0,376400.0,0.0,False
3,recipient_full_weight_2,52,Isotonic,calibration_bayes_decision_results,all_normal_cost,376400.0,376400.0,0.0,False
3,recipient_full_weight_2,52,Platt,calibration_bayes_decision_results,all_normal_cost,376400.0,376400.0,0.0,False
3,recipient_full_weight_2,52,Uncalibrated,calibration_bayes_decision_results,all_normal_cost,376400.0,376400.0,0.0,False
3,recipient_full_weight_2,62,Isotonic,calibration_bayes_decision_results,all_normal_cost,376400.0,376400.0,0.0,False
3,recipient_full_weight_2,62,Platt,calibration_bayes_decision_results,all_normal_cost,376400.0,376400.0,0.0,False
3,recipient_full_weight_2,62,Uncalibrated,calibration_bayes_decision_results,all_normal_cost,376400.0,376400.0,0.0,False
3,recipient_full_weight_2,72,Isotonic,calibration_bayes_decision_results,all_normal_cost,376400.0,376400.0,0.0,False
3,recipient_full_weight_2,72,Platt,calibration_bayes_decision_results,all_normal_cost,376400.0,376400.0,0.0,False
3,recipient_full_weight_2,72,Uncalibrated,calibration_bayes_decision_results,all_normal_cost,376400.0,376400.0,0.0,False
3,recipient_full_weight_2,82,Isotonic,calibration_bayes_decision_results,all_normal_cost,376400.0,376400.0,0.0,False
3,recipient_full_weight_2,82,Platt,calibration_bayes_decision_results,all_normal_cost,376400.0,376400.0,0.0,False
3,recipient_full_weight_2,82,Uncalibrated,calibration_bayes_decision_results,all_normal_cost,376400.0,376400.0,0.0,False
1,raw_safe,42,Isotonic,calibration_bayes_decision_results,cost_saving,7407.0,7636.0,229.0,True
1,raw_safe,42,Platt,calibration_bayes_decision_results,cost_saving,7430.0,7496.0,66.0,True
1,raw_safe,42,Uncalibrated,calibration_bayes_decision_results,cost_saving,7430.0,7996.0,566.0,True
1,raw_safe,52,Isotonic,calibration_bayes_decision_results,cost_saving,6700.0,643.0,-6057.0,True
1,raw_safe,52,Platt,calibration_bayes_decision_results,cost_saving,6611.0,780.0,-5831.0,True
1,raw_safe,52,Uncalibrated,calibration_bayes_decision_results,cost_saving,4785.0,-370.0,-5155.0,True
1,raw_safe,62,Isotonic,calibration_bayes_decision_results,cost_saving,12349.0,7331.0,-5018.0,True
1,raw_safe,62,Platt,calibration_bayes_decision_results,cost_saving,7600.0,7646.0,46.0,True
1,raw_safe,62,Uncalibrated,calibration_bayes_decision_results,cost_saving,7420.0,7646.0,226.0,True
1,raw_safe,72,Isotonic,calibration_bayes_decision_results,cost_saving,6700.0,7200.0,500.0,True
1,raw_safe,72,Platt,calibration_bayes_decision_results,cost_saving,6599.0,6822.0,223.0,True
1,raw_safe,72,Uncalibrated,calibration_bayes_decision_results,cost_saving,5139.0,5720.0,581.0,True
1,raw_safe,82,Isotonic,calibration_bayes_decision_results,cost_saving,7958.0,6498.0,-1460.0,True
1,raw_safe,82,Platt,calibration_bayes_decision_results,cost_saving,7929.0,5277.0,-2652.0,True
1,raw_safe,82,Uncalibrated,calibration_bayes_decision_results,cost_saving,7478.0,5277.0,-2201.0,True
1,recipient_full_weight_2,42,Isotonic,calibration_bayes_decision_results,cost_saving,19627.0,27624.0,7997.0,True
1,recipient_full_weight_2,42,Platt,calibration_bayes_decision_results,cost_saving,11614.0,17570.0,5956.0,True
1,recipient_full_weight_2,42,Uncalibrated,calibration_bayes_decision_results,cost_saving,19568.0,27694.0,8126.0,True
1,recipient_full_weight_2,52,Isotonic,calibration_bayes_decision_results,cost_saving,29300.0,28346.0,-954.0,True
1,recipient_full_weight_2,52,Platt,calibration_bayes_decision_results,cost_saving,18461.0,17969.0,-492.0,True
1,recipient_full_weight_2,52,Uncalibrated,calibration_bayes_decision_results,cost_saving,29074.0,28457.0,-617.0,True
1,recipient_full_weight_2,62,Isotonic,calibration_bayes_decision_results,cost_saving,27969.0,28260.0,291.0,True
1,recipient_full_weight_2,62,Platt,calibration_bayes_decision_results,cost_saving,17827.0,18314.0,487.0,True
1,recipient_full_weight_2,62,Uncalibrated,calibration_bayes_decision_results,cost_saving,27752.0,28070.0,318.0,True
1,recipient_full_weight_2,72,Isotonic,calibration_bayes_decision_results,cost_saving,22691.0,26186.0,3495.0,True
1,recipient_full_weight_2,72,Platt,calibration_bayes_decision_results,cost_saving,14563.0,19373.0,4810.0,True
1,recipient_full_weight_2,72,Uncalibrated,calibration_bayes_decision_results,cost_saving,22836.0,25437.0,2601.0,True
1,recipient_full_weight_2,82,Isotonic,calibration_bayes_decision_results,cost_saving,29719.0,26711.0,-3008.0,True
1,recipient_full_weight_2,82,Platt,calibration_bayes_decision_results,cost_saving,18979.0,17320.0,-1659.0,True
1,recipient_full_weight_2,82,Uncalibrated,calibration_bayes_decision_results,cost_saving,26797.0,27164.0,367.0,True
2,raw_safe,42,Isotonic,calibration_bayes_decision_results,cost_saving,4469.0,3902.0,-567.0,True
2,raw_safe,42,Platt,calibration_bayes_decision_results,cost_saving,4352.0,4033.0,-319.0,True
2,raw_safe,42,Uncalibrated,calibration_bayes_decision_results,cost_saving,-6294.0,-4177.0,2117.0,True
2,raw_safe,52,Isotonic,calibration_bayes_decision_results,cost_saving,4007.0,1892.0,-2115.0,True
2,raw_safe,52,Platt,calibration_bayes_decision_results,cost_saving,4007.0,3470.0,-537.0,True
2,raw_safe,52,Uncalibrated,calibration_bayes_decision_results,cost_saving,-6451.0,-712.0,5739.0,True
2,raw_safe,62,Isotonic,calibration_bayes_decision_results,cost_saving,4657.0,4591.0,-66.0,True
2,raw_safe,62,Platt,calibration_bayes_decision_results,cost_saving,3622.0,3829.0,207.0,True
2,raw_safe,62,Uncalibrated,calibration_bayes_decision_results,cost_saving,-5952.0,-8475.0,-2523.0,True
2,raw_safe,72,Isotonic,calibration_bayes_decision_results,cost_saving,4275.0,4771.0,496.0,True
2,raw_safe,72,Platt,calibration_bayes_decision_results,cost_saving,4078.0,3825.0,-253.0,True
2,raw_safe,72,Uncalibrated,calibration_bayes_decision_results,cost_saving,-5566.0,-4651.0,915.0,True
2,raw_safe,82,Isotonic,calibration_bayes_decision_results,cost_saving,4536.0,3848.0,-688.0,True
2,raw_safe,82,Platt,calibration_bayes_decision_results,cost_saving,4626.0,3038.0,-1588.0,True
2,raw_safe,82,Uncalibrated,calibration_bayes_decision_results,cost_saving,-5847.0,3038.0,8885.0,True
2,recipient_full_weight_2,42,Isotonic,calibration_bayes_decision_results,cost_saving,14360.0,14798.0,438.0,True
2,recipient_full_weight_2,42,Platt,calibration_bayes_decision_results,cost_saving,5355.0,8236.0,2881.0,True
2,recipient_full_weight_2,42,Uncalibrated,calibration_bayes_decision_results,cost_saving,14507.0,14823.0,316.0,True
2,recipient_full_weight_2,52,Isotonic,calibration_bayes_decision_results,cost_saving,11951.0,12415.0,464.0,True
2,recipient_full_weight_2,52,Platt,calibration_bayes_decision_results,cost_saving,7894.0,8436.0,542.0,True
2,recipient_full_weight_2,52,Uncalibrated,calibration_bayes_decision_results,cost_saving,11201.0,12277.0,1076.0,True
2,recipient_full_weight_2,62,Isotonic,calibration_bayes_decision_results,cost_saving,13022.0,14308.0,1286.0,True
2,recipient_full_weight_2,62,Platt,calibration_bayes_decision_results,cost_saving,8489.0,8809.0,320.0,True
2,recipient_full_weight_2,62,Uncalibrated,calibration_bayes_decision_results,cost_saving,12999.0,14152.0,1153.0,True
2,recipient_full_weight_2,72,Isotonic,calibration_bayes_decision_results,cost_saving,10629.0,10013.0,-616.0,True
2,recipient_full_weight_2,72,Platt,calibration_bayes_decision_results,cost_saving,5489.0,5193.0,-296.0,True
2,recipient_full_weight_2,72,Uncalibrated,calibration_bayes_decision_results,cost_saving,11184.0,10393.0,-791.0,True
2,recipient_full_weight_2,82,Isotonic,calibration_bayes_decision_results,cost_saving,11996.0,15307.0,3311.0,True
2,recipient_full_weight_2,82,Platt,calibration_bayes_decision_results,cost_saving,8223.0,8521.0,298.0,True
2,recipient_full_weight_2,82,Uncalibrated,calibration_bayes_decision_results,cost_saving,11759.0,15117.0,3358.0,True
3,raw_safe,42,Isotonic,calibration_bayes_decision_results,cost_saving,112729.0,102433.0,-10296.0,True
3,raw_safe,42,Platt,calibration_bayes_decision_results,cost_saving,74606.0,68202.0,-6404.0,True
3,raw_safe,42,Uncalibrated,calibration_bayes_decision_results,cost_saving,76861.0,69157.0,-7704.0,True
3,raw_safe,52,Isotonic,calibration_bayes_decision_results,cost_saving,74761.0,113686.0,38925.0,True
3,raw_safe,52,Platt,calibration_bayes_decision_results,cost_saving,70369.0,74806.0,4437.0,True
3,raw_safe,52,Uncalibrated,calibration_bayes_decision_results,cost_saving,74954.0,104457.0,29503.0,True
3,raw_safe,62,Isotonic,calibration_bayes_decision_results,cost_saving,52995.0,74296.0,21301.0,True
3,raw_safe,62,Platt,calibration_bayes_decision_results,cost_saving,53344.0,69550.0,16206.0,True
3,raw_safe,62,Uncalibrated,calibration_bayes_decision_results,cost_saving,54885.0,74489.0,19604.0,True
3,raw_safe,72,Isotonic,calibration_bayes_decision_results,cost_saving,75227.0,75093.0,-134.0,True
3,raw_safe,72,Platt,calibration_bayes_decision_results,cost_saving,70067.0,69086.0,-981.0,True
3,raw_safe,72,Uncalibrated,calibration_bayes_decision_results,cost_saving,75227.0,75007.0,-220.0,True
3,raw_safe,82,Isotonic,calibration_bayes_decision_results,cost_saving,74507.0,80106.0,5599.0,True
3,raw_safe,82,Platt,calibration_bayes_decision_results,cost_saving,74087.0,69853.0,-4234.0,True
3,raw_safe,82,Uncalibrated,calibration_bayes_decision_results,cost_saving,74507.0,75504.0,997.0,True
3,recipient_full_weight_2,42,Isotonic,calibration_bayes_decision_results,cost_saving,264028.0,271126.0,7098.0,True
3,recipient_full_weight_2,42,Platt,calibration_bayes_decision_results,cost_saving,123105.0,195250.0,72145.0,True
3,recipient_full_weight_2,42,Uncalibrated,calibration_bayes_decision_results,cost_saving,274712.0,271563.0,-3149.0,True
3,recipient_full_weight_2,52,Isotonic,calibration_bayes_decision_results,cost_saving,236847.0,199463.0,-37384.0,True
3,recipient_full_weight_2,52,Platt,calibration_bayes_decision_results,cost_saving,136046.0,146714.0,10668.0,True
3,recipient_full_weight_2,52,Uncalibrated,calibration_bayes_decision_results,cost_saving,240808.0,199463.0,-41345.0,True
3,recipient_full_weight_2,62,Isotonic,calibration_bayes_decision_results,cost_saving,207139.0,217823.0,10684.0,True
3,recipient_full_weight_2,62,Platt,calibration_bayes_decision_results,cost_saving,142115.0,117876.0,-24239.0,True
3,recipient_full_weight_2,62,Uncalibrated,calibration_bayes_decision_results,cost_saving,207139.0,213754.0,6615.0,True
3,recipient_full_weight_2,72,Isotonic,calibration_bayes_decision_results,cost_saving,276072.0,290567.0,14495.0,True
3,recipient_full_weight_2,72,Platt,calibration_bayes_decision_results,cost_saving,206364.0,230156.0,23792.0,True
3,recipient_full_weight_2,72,Uncalibrated,calibration_bayes_decision_results,cost_saving,269721.0,284338.0,14617.0,True
3,recipient_full_weight_2,82,Isotonic,calibration_bayes_decision_results,cost_saving,276336.0,270971.0,-5365.0,True
3,recipient_full_weight_2,82,Platt,calibration_bayes_decision_results,cost_saving,179055.0,161036.0,-18019.0,True
3,recipient_full_weight_2,82,Uncalibrated,calibration_bayes_decision_results,cost_saving,276324.0,268315.0,-8009.0,True
1,raw_safe,42,Isotonic,calibration_bayes_decision_results,cost_saving_rate,0.14873493975903615,0.15333333333333332,0.0045983935742971715,True
1,raw_safe,42,Platt,calibration_bayes_decision_results,cost_saving_rate,0.14919678714859438,0.15052208835341366,0.0013253012048192736,True
1,raw_safe,42,Uncalibrated,calibration_bayes_decision_results,cost_saving_rate,0.14919678714859438,0.16056224899598392,0.01136546184738954,True
1,raw_safe,52,Isotonic,calibration_bayes_decision_results,cost_saving_rate,0.13453815261044177,0.01291164658634538,-0.12162650602409639,True
1,raw_safe,52,Platt,calibration_bayes_decision_results,cost_saving_rate,0.13275100401606427,0.01566265060240964,-0.11708835341365463,True
1,raw_safe,52,Uncalibrated,calibration_bayes_decision_results,cost_saving_rate,0.09608433734939759,-0.007429718875502008,-0.10351405622489959,True
1,raw_safe,62,Isotonic,calibration_bayes_decision_results,cost_saving_rate,0.2479718875502008,0.14720883534136547,-0.10076305220883533,True
1,raw_safe,62,Platt,calibration_bayes_decision_results,cost_saving_rate,0.15261044176706828,0.15353413654618475,0.0009236947791164685,True
1,raw_safe,62,Uncalibrated,calibration_bayes_decision_results,cost_saving_rate,0.14899598393574298,0.15353413654618475,0.00453815261044177,True
1,raw_safe,72,Isotonic,calibration_bayes_decision_results,cost_saving_rate,0.13453815261044177,0.14457831325301204,0.010040160642570267,True
1,raw_safe,72,Platt,calibration_bayes_decision_results,cost_saving_rate,0.13251004016064258,0.13698795180722892,0.004477911646586341,True
1,raw_safe,72,Uncalibrated,calibration_bayes_decision_results,cost_saving_rate,0.10319277108433735,0.11485943775100402,0.011666666666666672,True
1,raw_safe,82,Isotonic,calibration_bayes_decision_results,cost_saving_rate,0.1597991967871486,0.13048192771084338,-0.02931726907630522,True
1,raw_safe,82,Platt,calibration_bayes_decision_results,cost_saving_rate,0.1592168674698795,0.10596385542168675,-0.05325301204819276,True
1,raw_safe,82,Uncalibrated,calibration_bayes_decision_results,cost_saving_rate,0.1501606425702811,0.10596385542168675,-0.04419678714859436,True
1,recipient_full_weight_2,42,Isotonic,calibration_bayes_decision_results,cost_saving_rate,0.39411646586345384,0.5546987951807228,0.160582329317269,True
1,recipient_full_weight_2,42,Platt,calibration_bayes_decision_results,cost_saving_rate,0.23321285140562248,0.35281124497991967,0.11959839357429719,True
1,recipient_full_weight_2,42,Uncalibrated,calibration_bayes_decision_results,cost_saving_rate,0.3929317269076305,0.5561044176706827,0.16317269076305224,True
1,recipient_full_weight_2,52,Isotonic,calibration_bayes_decision_results,cost_saving_rate,0.5883534136546185,0.5691967871485943,-0.01915662650602412,True
1,recipient_full_weight_2,52,Platt,calibration_bayes_decision_results,cost_saving_rate,0.37070281124497995,0.36082329317269074,-0.009879518072289206,True
1,recipient_full_weight_2,52,Uncalibrated,calibration_bayes_decision_results,cost_saving_rate,0.5838152610441767,0.5714257028112449,-0.012389558232931752,True
1,recipient_full_weight_2,62,Isotonic,calibration_bayes_decision_results,cost_saving_rate,0.5616265060240964,0.5674698795180723,0.005843373493975901,True
1,recipient_full_weight_2,62,Platt,calibration_bayes_decision_results,cost_saving_rate,0.3579718875502008,0.36775100401606425,0.009779116465863436,True
1,recipient_full_weight_2,62,Uncalibrated,calibration_bayes_decision_results,cost_saving_rate,0.5572690763052209,0.5636546184738955,0.006385542168674596,True
1,recipient_full_weight_2,72,Isotonic,calibration_bayes_decision_results,cost_saving_rate,0.4556425702811245,0.5258232931726907,0.07018072289156624,True
1,recipient_full_weight_2,72,Platt,calibration_bayes_decision_results,cost_saving_rate,0.292429718875502,0.3890160642570281,0.0965863453815261,True
1,recipient_full_weight_2,72,Uncalibrated,calibration_bayes_decision_results,cost_saving_rate,0.4585542168674699,0.5107831325301205,0.05222891566265064,True
1,recipient_full_weight_2,82,Isotonic,calibration_bayes_decision_results,cost_saving_rate,0.5967670682730923,0.5363654618473895,-0.0604016064257028,True
1,recipient_full_weight_2,82,Platt,calibration_bayes_decision_results,cost_saving_rate,0.3811044176706827,0.3477911646586345,-0.03331325301204818,True
1,recipient_full_weight_2,82,Uncalibrated,calibration_bayes_decision_results,cost_saving_rate,0.5380923694779116,0.5454618473895583,0.00736947791164666,True
2,raw_safe,42,Isotonic,calibration_bayes_decision_results,cost_saving_rate,0.14323717948717948,0.12506410256410255,-0.01817307692307693,True
2,raw_safe,42,Platt,calibration_bayes_decision_results,cost_saving_rate,0.13948717948717948,0.1292628205128205,-0.010224358974358971,True
2,raw_safe,42,Uncalibrated,calibration_bayes_decision_results,cost_saving_rate,-0.20173076923076924,-0.13387820512820514,0.0678525641025641,True
2,raw_safe,52,Isotonic,calibration_bayes_decision_results,cost_saving_rate,0.12842948717948718,0.06064102564102564,-0.06778846153846155,True
2,raw_safe,52,Platt,calibration_bayes_decision_results,cost_saving_rate,0.12842948717948718,0.11121794871794871,-0.017211538461538473,True
2,raw_safe,52,Uncalibrated,calibration_bayes_decision_results,cost_saving_rate,-0.20676282051282052,-0.022820512820512822,0.1839423076923077,True
2,raw_safe,62,Isotonic,calibration_bayes_decision_results,cost_saving_rate,0.14926282051282053,0.1471474358974359,-0.00211538461538463,True
2,raw_safe,62,Platt,calibration_bayes_decision_results,cost_saving_rate,0.1160897435897436,0.12272435897435897,0.006634615384615378,True
2,raw_safe,62,Uncalibrated,calibration_bayes_decision_results,cost_saving_rate,-0.19076923076923077,-0.27163461538461536,-0.08086538461538459,True
2,raw_safe,72,Isotonic,calibration_bayes_decision_results,cost_saving_rate,0.13701923076923078,0.15291666666666667,0.01589743589743589,True
2,raw_safe,72,Platt,calibration_bayes_decision_results,cost_saving_rate,0.1307051282051282,0.12259615384615384,-0.008108974358974355,True
2,raw_safe,72,Uncalibrated,calibration_bayes_decision_results,cost_saving_rate,-0.1783974358974359,-0.1490705128205128,0.029326923076923084,True
2,raw_safe,82,Isotonic,calibration_bayes_decision_results,cost_saving_rate,0.1453846153846154,0.12333333333333334,-0.022051282051282053,True
2,raw_safe,82,Platt,calibration_bayes_decision_results,cost_saving_rate,0.14826923076923076,0.09737179487179487,-0.050897435897435894,True
2,raw_safe,82,Uncalibrated,calibration_bayes_decision_results,cost_saving_rate,-0.18740384615384614,0.09737179487179487,0.284775641025641,True
2,recipient_full_weight_2,42,Isotonic,calibration_bayes_decision_results,cost_saving_rate,0.46025641025641023,0.4742948717948718,0.014038461538461555,True
2,recipient_full_weight_2,42,Platt,calibration_bayes_decision_results,cost_saving_rate,0.17163461538461539,0.26397435897435895,0.09233974358974356,True
2,recipient_full_weight_2,42,Uncalibrated,calibration_bayes_decision_results,cost_saving_rate,0.4649679487179487,0.47509615384615383,0.010128205128205114,True
2,recipient_full_weight_2,52,Isotonic,calibration_bayes_decision_results,cost_saving_rate,0.3830448717948718,0.39791666666666664,0.014871794871794852,True
2,recipient_full_weight_2,52,Platt,calibration_bayes_decision_results,cost_saving_rate,0.25301282051282054,0.2703846153846154,0.017371794871794854,True
2,recipient_full_weight_2,52,Uncalibrated,calibration_bayes_decision_results,cost_saving_rate,0.3590064102564103,0.3934935897435897,0.03448717948717944,True
2,recipient_full_weight_2,62,Isotonic,calibration_bayes_decision_results,cost_saving_rate,0.4173717948717949,0.4585897435897436,0.041217948717948705,True
2,recipient_full_weight_2,62,Platt,calibration_bayes_decision_results,cost_saving_rate,0.27208333333333334,0.28233974358974356,0.01025641025641022,True
2,recipient_full_weight_2,62,Uncalibrated,calibration_bayes_decision_results,cost_saving_rate,0.4166346153846154,0.4535897435897436,0.036955128205128196,True
2,recipient_full_weight_2,72,Isotonic,calibration_bayes_decision_results,cost_saving_rate,0.3406730769230769,0.32092948717948716,-0.01974358974358975,True
2,recipient_full_weight_2,72,Platt,calibration_bayes_decision_results,cost_saving_rate,0.17592948717948717,0.1664423076923077,-0.009487179487179476,True
2,recipient_full_weight_2,72,Uncalibrated,calibration_bayes_decision_results,cost_saving_rate,0.35846153846153844,0.33310897435897435,-0.02535256410256409,True
2,recipient_full_weight_2,82,Isotonic,calibration_bayes_decision_results,cost_saving_rate,0.3844871794871795,0.4906089743589744,0.1061217948717949,True
2,recipient_full_weight_2,82,Platt,calibration_bayes_decision_results,cost_saving_rate,0.2635576923076923,0.27310897435897435,0.009551282051282028,True
2,recipient_full_weight_2,82,Uncalibrated,calibration_bayes_decision_results,cost_saving_rate,0.37689102564102567,0.48451923076923076,0.10762820512820509,True
3,raw_safe,42,Isotonic,calibration_bayes_decision_results,cost_saving_rate,0.2994925611052072,0.2721386822529224,-0.027353878852284796,True
3,raw_safe,42,Platt,calibration_bayes_decision_results,cost_saving_rate,0.19820935175345378,0.18119553666312432,-0.017013815090329454,True
3,raw_safe,42,Uncalibrated,calibration_bayes_decision_results,cost_saving_rate,0.20420031880977682,0.1837327311370882,-0.02046758767268861,True
3,raw_safe,52,Isotonic,calibration_bayes_decision_results,cost_saving_rate,0.1986211477151966,0.30203506907545163,0.10341392136025504,True
3,raw_safe,52,Platt,calibration_bayes_decision_results,cost_saving_rate,0.18695270988310309,0.19874070138150904,0.011787991498405953,True
3,raw_safe,52,Uncalibrated,calibration_bayes_decision_results,cost_saving_rate,0.1991339001062699,0.27751594048884165,0.07838204038257174,True
3,raw_safe,62,Isotonic,calibration_bayes_decision_results,cost_saving_rate,0.1407943676939426,0.19738575982996812,0.056591392136025515,True
3,raw_safe,62,Platt,calibration_bayes_decision_results,cost_saving_rate,0.14172157279489905,0.1847768331562168,0.04305526036131774,True
3,raw_safe,62,Uncalibrated,calibration_bayes_decision_results,cost_saving_rate,0.14581562167906484,0.19789851222104143,0.052082890541976595,True
3,raw_safe,72,Isotonic,calibration_bayes_decision_results,cost_saving_rate,0.19985919234856536,0.19950318809776832,-0.0003560042507970429,True
3,raw_safe,72,Platt,calibration_bayes_decision_results,cost_saving_rate,0.18615037194473963,0.18354410201912857,-0.0026062699256110544,True
3,raw_safe,72,Uncalibrated,calibration_bayes_decision_results,cost_saving_rate,0.19985919234856536,0.19927470775770456,-0.000584484590860801,True
3,raw_safe,82,Isotonic,calibration_bayes_decision_results,cost_saving_rate,0.19794633368756642,0.21282146652497344,0.014875132837407018,True
3,raw_safe,82,Platt,calibration_bayes_decision_results,cost_saving_rate,0.19683049946865036,0.1855818278427205,-0.011248671625929851,True
3,raw_safe,82,Uncalibrated,calibration_bayes_decision_results,cost_saving_rate,0.19794633368756642,0.2005951115834219,0.002648777895855464,True
3,recipient_full_weight_2,42,Isotonic,calibration_bayes_decision_results,cost_saving_rate,0.7014558979808714,0.7203134962805526,0.018857598299681255,True
3,recipient_full_weight_2,42,Platt,calibration_bayes_decision_results,cost_saving_rate,0.3270589798087141,0.5187300743889479,0.1916710945802338,True
3,recipient_full_weight_2,42,Uncalibrated,calibration_bayes_decision_results,cost_saving_rate,0.7298405951115834,0.7214744952178533,-0.00836609989373005,True
3,recipient_full_weight_2,52,Isotonic,calibration_bayes_decision_results,cost_saving_rate,0.6292428267800213,0.529922954303932,-0.09931987247608931,True
3,recipient_full_weight_2,52,Platt,calibration_bayes_decision_results,cost_saving_rate,0.36143995749202973,0.38978214665249733,0.0283421891604676,True
3,recipient_full_weight_2,52,Uncalibrated,calibration_bayes_decision_results,cost_saving_rate,0.6397662061636556,0.529922954303932,-0.10984325185972366,True
3,recipient_full_weight_2,62,Isotonic,calibration_bayes_decision_results,cost_saving_rate,0.5503161530286929,0.5787008501594049,0.02838469713071201,True
3,recipient_full_weight_2,62,Platt,calibration_bayes_decision_results,cost_saving_rate,0.3775637619553666,0.31316684378320936,-0.06439691817215726,True
3,recipient_full_weight_2,62,Uncalibrated,calibration_bayes_decision_results,cost_saving_rate,0.5503161530286929,0.5678905419766206,0.017574388947927733,True
3,recipient_full_weight_2,72,Isotonic,calibration_bayes_decision_results,cost_saving_rate,0.7334537725823592,0.7719633368756642,0.03850956429330499,True
3,recipient_full_weight_2,72,Platt,calibration_bayes_decision_results,cost_saving_rate,0.5482571732199788,0.6114665249734326,0.06320935175345377,True
3,recipient_full_weight_2,72,Uncalibrated,calibration_bayes_decision_results,cost_saving_rate,0.7165807651434644,0.755414452709883,0.038833687566418695,True
3,recipient_full_weight_2,82,Isotonic,calibration_bayes_decision_results,cost_saving_rate,0.7341551540913921,0.7199017003188097,-0.014253453772582358,True
3,recipient_full_weight_2,82,Platt,calibration_bayes_decision_results,cost_saving_rate,0.4757040382571732,0.42783209351753454,-0.04787194473963868,True
3,recipient_full_weight_2,82,Uncalibrated,calibration_bayes_decision_results,cost_saving_rate,0.7341232731137088,0.7128453772582359,-0.021277895855472906,True
