fold,model_id,seed,comparison,analysis,field,v1,v2,v2_minus_v1,changed_exact
1,raw_safe,42,Isotonic vs Uncalibrated,calibration_decision_invariance,weight,1.0,1.0,0.0,False
1,raw_safe,42,Platt vs Uncalibrated,calibration_decision_invariance,weight,1.0,1.0,0.0,False
1,raw_safe,52,Isotonic vs Uncalibrated,calibration_decision_invariance,weight,1.0,1.0,0.0,False
1,raw_safe,52,Platt vs Uncalibrated,calibration_decision_invariance,weight,1.0,1.0,0.0,False
1,raw_safe,62,Isotonic vs Uncalibrated,calibration_decision_invariance,weight,1.0,1.0,0.0,False
1,raw_safe,62,Platt vs Uncalibrated,calibration_decision_invariance,weight,1.0,1.0,0.0,False
1,raw_safe,72,Isotonic vs Uncalibrated,calibration_decision_invariance,weight,1.0,1.0,0.0,False
1,raw_safe,72,Platt vs Uncalibrated,calibration_decision_invariance,weight,1.0,1.0,0.0,False
1,raw_safe,82,Isotonic vs Uncalibrated,calibration_decision_invariance,weight,1.0,1.0,0.0,False
1,raw_safe,82,Platt vs Uncalibrated,calibration_decision_invariance,weight,1.0,1.0,0.0,False
1,recipient_full_weight_2,42,Isotonic vs Uncalibrated,calibration_decision_invariance,weight,2.0,2.0,0.0,False
1,recipient_full_weight_2,42,Platt vs Uncalibrated,calibration_decision_invariance,weight,2.0,2.0,0.0,False
1,recipient_full_weight_2,52,Isotonic vs Uncalibrated,calibration_decision_invariance,weight,2.0,2.0,0.0,False
1,recipient_full_weight_2,52,Platt vs Uncalibrated,calibration_decision_invariance,weight,2.0,2.0,0.0,False
1,recipient_full_weight_2,62,Isotonic vs Uncalibrated,calibration_decision_invariance,weight,2.0,2.0,0.0,False
1,recipient_full_weight_2,62,Platt vs Uncalibrated,calibration_decision_invariance,weight,2.0,2.0,0.0,False
1,recipient_full_weight_2,72,Isotonic vs Uncalibrated,calibration_decision_invariance,weight,2.0,2.0,0.0,False
1,recipient_full_weight_2,72,Platt vs Uncalibrated,calibration_decision_invariance,weight,2.0,2.0,0.0,False
1,recipient_full_weight_2,82,Isotonic vs Uncalibrated,calibration_decision_invariance,weight,2.0,2.0,0.0,False
1,recipient_full_weight_2,82,Platt vs Uncalibrated,calibration_decision_invariance,weight,2.0,2.0,0.0,False
2,raw_safe,42,Isotonic vs Uncalibrated,calibration_decision_invariance,weight,1.0,1.0,0.0,False
2,raw_safe,42,Platt vs Uncalibrated,calibration_decision_invariance,weight,1.0,1.0,0.0,False
2,raw_safe,52,Isotonic vs Uncalibrated,calibration_decision_invariance,weight,1.0,1.0,0.0,False
2,raw_safe,52,Platt vs Uncalibrated,calibration_decision_invariance,weight,1.0,1.0,0.0,False
2,raw_safe,62,Isotonic vs Uncalibrated,calibration_decision_invariance,weight,1.0,1.0,0.0,False
2,raw_safe,62,Platt vs Uncalibrated,calibration_decision_invariance,weight,1.0,1.0,0.0,False
2,raw_safe,72,Isotonic vs Uncalibrated,calibration_decision_invariance,weight,1.0,1.0,0.0,False
2,raw_safe,72,Platt vs Uncalibrated,calibration_decision_invariance,weight,1.0,1.0,0.0,False
2,raw_safe,82,Isotonic vs Uncalibrated,calibration_decision_invariance,weight,1.0,1.0,0.0,False
2,raw_safe,82,Platt vs Uncalibrated,calibration_decision_invariance,weight,1.0,1.0,0.0,False
2,recipient_full_weight_2,42,Isotonic vs Uncalibrated,calibration_decision_invariance,weight,2.0,2.0,0.0,False
2,recipient_full_weight_2,42,Platt vs Uncalibrated,calibration_decision_invariance,weight,2.0,2.0,0.0,False
2,recipient_full_weight_2,52,Isotonic vs Uncalibrated,calibration_decision_invariance,weight,2.0,2.0,0.0,False
2,recipient_full_weight_2,52,Platt vs Uncalibrated,calibration_decision_invariance,weight,2.0,2.0,0.0,False
2,recipient_full_weight_2,62,Isotonic vs Uncalibrated,calibration_decision_invariance,weight,2.0,2.0,0.0,False
2,recipient_full_weight_2,62,Platt vs Uncalibrated,calibration_decision_invariance,weight,2.0,2.0,0.0,False
2,recipient_full_weight_2,72,Isotonic vs Uncalibrated,calibration_decision_invariance,weight,2.0,2.0,0.0,False
2,recipient_full_weight_2,72,Platt vs Uncalibrated,calibration_decision_invariance,weight,2.0,2.0,0.0,False
2,recipient_full_weight_2,82,Isotonic vs Uncalibrated,calibration_decision_invariance,weight,2.0,2.0,0.0,False
2,recipient_full_weight_2,82,Platt vs Uncalibrated,calibration_decision_invariance,weight,2.0,2.0,0.0,False
3,raw_safe,42,Isotonic vs Uncalibrated,calibration_decision_invariance,weight,1.0,1.0,0.0,False
3,raw_safe,42,Platt vs Uncalibrated,calibration_decision_invariance,weight,1.0,1.0,0.0,False
3,raw_safe,52,Isotonic vs Uncalibrated,calibration_decision_invariance,weight,1.0,1.0,0.0,False
3,raw_safe,52,Platt vs Uncalibrated,calibration_decision_invariance,weight,1.0,1.0,0.0,False
3,raw_safe,62,Isotonic vs Uncalibrated,calibration_decision_invariance,weight,1.0,1.0,0.0,False
3,raw_safe,62,Platt vs Uncalibrated,calibration_decision_invariance,weight,1.0,1.0,0.0,False
3,raw_safe,72,Isotonic vs Uncalibrated,calibration_decision_invariance,weight,1.0,1.0,0.0,False
3,raw_safe,72,Platt vs Uncalibrated,calibration_decision_invariance,weight,1.0,1.0,0.0,False
3,raw_safe,82,Isotonic vs Uncalibrated,calibration_decision_invariance,weight,1.0,1.0,0.0,False
3,raw_safe,82,Platt vs Uncalibrated,calibration_decision_invariance,weight,1.0,1.0,0.0,False
3,recipient_full_weight_2,42,Isotonic vs Uncalibrated,calibration_decision_invariance,weight,2.0,2.0,0.0,False
3,recipient_full_weight_2,42,Platt vs Uncalibrated,calibration_decision_invariance,weight,2.0,2.0,0.0,False
3,recipient_full_weight_2,52,Isotonic vs Uncalibrated,calibration_decision_invariance,weight,2.0,2.0,0.0,False
3,recipient_full_weight_2,52,Platt vs Uncalibrated,calibration_decision_invariance,weight,2.0,2.0,0.0,False
3,recipient_full_weight_2,62,Isotonic vs Uncalibrated,calibration_decision_invariance,weight,2.0,2.0,0.0,False
3,recipient_full_weight_2,62,Platt vs Uncalibrated,calibration_decision_invariance,weight,2.0,2.0,0.0,False
3,recipient_full_weight_2,72,Isotonic vs Uncalibrated,calibration_decision_invariance,weight,2.0,2.0,0.0,False
3,recipient_full_weight_2,72,Platt vs Uncalibrated,calibration_decision_invariance,weight,2.0,2.0,0.0,False
3,recipient_full_weight_2,82,Isotonic vs Uncalibrated,calibration_decision_invariance,weight,2.0,2.0,0.0,False
3,recipient_full_weight_2,82,Platt vs Uncalibrated,calibration_decision_invariance,weight,2.0,2.0,0.0,False
1,raw_safe,42,Isotonic vs Uncalibrated,calibration_decision_invariance,spearman_rank_correlation,0.8915256754475395,0.8943954824525723,0.0028698070050328095,True
1,raw_safe,42,Platt vs Uncalibrated,calibration_decision_invariance,spearman_rank_correlation,0.9910842466030175,0.9896176270184852,-0.0014666195845323138,True
1,raw_safe,52,Isotonic vs Uncalibrated,calibration_decision_invariance,spearman_rank_correlation,0.8989472167692182,0.9078834087368286,0.008936191967610418,True
1,raw_safe,52,Platt vs Uncalibrated,calibration_decision_invariance,spearman_rank_correlation,0.9687451026124912,0.9811838500423565,0.012438747429865282,True
1,raw_safe,62,Isotonic vs Uncalibrated,calibration_decision_invariance,spearman_rank_correlation,0.8947416630221566,0.9507297534271123,0.05598809040495567,True
1,raw_safe,62,Platt vs Uncalibrated,calibration_decision_invariance,spearman_rank_correlation,0.9999999972483192,0.9742450064555414,-0.025754990792777877,True
1,raw_safe,72,Isotonic vs Uncalibrated,calibration_decision_invariance,spearman_rank_correlation,0.8903581410082229,0.8886486265374919,-0.0017095144707309773,True
1,raw_safe,72,Platt vs Uncalibrated,calibration_decision_invariance,spearman_rank_correlation,0.9829671281494653,0.9999998049869565,0.017032676837491212,True
1,raw_safe,82,Isotonic vs Uncalibrated,calibration_decision_invariance,spearman_rank_correlation,0.896192190273875,0.8968938525272311,0.0007016622533561057,True
1,raw_safe,82,Platt vs Uncalibrated,calibration_decision_invariance,spearman_rank_correlation,0.983540181432555,0.9999999886319497,0.01645980719939477,True
1,recipient_full_weight_2,42,Isotonic vs Uncalibrated,calibration_decision_invariance,spearman_rank_correlation,0.7718374212593649,0.837921865587176,0.06608444432781102,True
1,recipient_full_weight_2,42,Platt vs Uncalibrated,calibration_decision_invariance,spearman_rank_correlation,0.9998107307070748,0.9992805362145871,-0.0005301944924877011,True
1,recipient_full_weight_2,52,Isotonic vs Uncalibrated,calibration_decision_invariance,spearman_rank_correlation,0.8665335374179385,0.8804173176557609,0.01388378023782244,True
1,recipient_full_weight_2,52,Platt vs Uncalibrated,calibration_decision_invariance,spearman_rank_correlation,0.9998013074430168,0.9998544283746411,5.312093162435083e-05,True
1,recipient_full_weight_2,62,Isotonic vs Uncalibrated,calibration_decision_invariance,spearman_rank_correlation,0.8741833408240031,0.860850587434423,-0.013332753389580065,True
1,recipient_full_weight_2,62,Platt vs Uncalibrated,calibration_decision_invariance,spearman_rank_correlation,0.9999580731492371,0.9999613894379619,3.316288724741767e-06,True
1,recipient_full_weight_2,72,Isotonic vs Uncalibrated,calibration_decision_invariance,spearman_rank_correlation,0.848513144097589,0.8252880691566943,-0.023225074940894763,True
1,recipient_full_weight_2,72,Platt vs Uncalibrated,calibration_decision_invariance,spearman_rank_correlation,0.9999661882950852,0.9999393747637528,-2.6813531332381402e-05,True
1,recipient_full_weight_2,82,Isotonic vs Uncalibrated,calibration_decision_invariance,spearman_rank_correlation,0.9057135113616828,0.8519206214993673,-0.05379288986231545,True
1,recipient_full_weight_2,82,Platt vs Uncalibrated,calibration_decision_invariance,spearman_rank_correlation,0.9999653832454396,0.9995775614735045,-0.00038782177193508183,True
2,raw_safe,42,Isotonic vs Uncalibrated,calibration_decision_invariance,spearman_rank_correlation,0.8976253982628648,0.9030554164369513,0.005430018174086504,True
2,raw_safe,42,Platt vs Uncalibrated,calibration_decision_invariance,spearman_rank_correlation,0.990901376489843,0.9941524041088672,0.0032510276190241827,True
2,raw_safe,52,Isotonic vs Uncalibrated,calibration_decision_invariance,spearman_rank_correlation,0.899913126627925,0.8905349793454727,-0.009378147282452343,True
2,raw_safe,52,Platt vs Uncalibrated,calibration_decision_invariance,spearman_rank_correlation,0.9781501938571332,0.9072469037553363,-0.07090329010179686,True
2,raw_safe,62,Isotonic vs Uncalibrated,calibration_decision_invariance,spearman_rank_correlation,0.9035216515211439,0.8879886906558494,-0.015532960865294543,True
2,raw_safe,62,Platt vs Uncalibrated,calibration_decision_invariance,spearman_rank_correlation,0.9098687161153267,0.9741433386013248,0.06427462248599813,True
2,raw_safe,72,Isotonic vs Uncalibrated,calibration_decision_invariance,spearman_rank_correlation,0.9021167417953746,0.9001837367565496,-0.0019330050388249864,True
2,raw_safe,72,Platt vs Uncalibrated,calibration_decision_invariance,spearman_rank_correlation,0.9119015789947704,0.9951325406793486,0.08323096168457822,True
2,raw_safe,82,Isotonic vs Uncalibrated,calibration_decision_invariance,spearman_rank_correlation,0.9049427107577023,0.8936621166560587,-0.011280594101643615,True
2,raw_safe,82,Platt vs Uncalibrated,calibration_decision_invariance,spearman_rank_correlation,0.9810325533817281,0.99089707582694,0.009864522445211854,True
2,recipient_full_weight_2,42,Isotonic vs Uncalibrated,calibration_decision_invariance,spearman_rank_correlation,0.8124379072445365,0.8610137285955323,0.04857582135099581,True
2,recipient_full_weight_2,42,Platt vs Uncalibrated,calibration_decision_invariance,spearman_rank_correlation,0.99996119655305,0.9999771819728174,1.5985419767328146e-05,True
2,recipient_full_weight_2,52,Isotonic vs Uncalibrated,calibration_decision_invariance,spearman_rank_correlation,0.8292760676862111,0.7275619635795156,-0.10171410410669546,True
2,recipient_full_weight_2,52,Platt vs Uncalibrated,calibration_decision_invariance,spearman_rank_correlation,0.9998974876256631,0.9998855809234238,-1.1906702239272704e-05,True
2,recipient_full_weight_2,62,Isotonic vs Uncalibrated,calibration_decision_invariance,spearman_rank_correlation,0.8594377462972236,0.8530919828784368,-0.006345763418786787,True
2,recipient_full_weight_2,62,Platt vs Uncalibrated,calibration_decision_invariance,spearman_rank_correlation,0.9999302534157809,0.9999117212558576,-1.8532159923312364e-05,True
2,recipient_full_weight_2,72,Isotonic vs Uncalibrated,calibration_decision_invariance,spearman_rank_correlation,0.7657170294071198,0.7705375464051849,0.004820516998065072,True
2,recipient_full_weight_2,72,Platt vs Uncalibrated,calibration_decision_invariance,spearman_rank_correlation,0.9998404907282921,0.9999617095820638,0.0001212188537716985,True
2,recipient_full_weight_2,82,Isotonic vs Uncalibrated,calibration_decision_invariance,spearman_rank_correlation,0.8518045355093318,0.8447885736214585,-0.007015961887873234,True
2,recipient_full_weight_2,82,Platt vs Uncalibrated,calibration_decision_invariance,spearman_rank_correlation,0.9992292179245812,0.9999959296829577,0.0007667117583765037,True
3,raw_safe,42,Isotonic vs Uncalibrated,calibration_decision_invariance,spearman_rank_correlation,0.8977075481924752,0.8871502709732308,-0.010557277219244376,True
3,raw_safe,42,Platt vs Uncalibrated,calibration_decision_invariance,spearman_rank_correlation,0.9954260825368494,0.9868333717052465,-0.008592710831602846,True
3,raw_safe,52,Isotonic vs Uncalibrated,calibration_decision_invariance,spearman_rank_correlation,0.9027793178112964,0.8985290916377798,-0.004250226173516558,True
3,raw_safe,52,Platt vs Uncalibrated,calibration_decision_invariance,spearman_rank_correlation,0.9916754481117167,0.9993171766103881,0.007641728498671396,True
3,raw_safe,62,Isotonic vs Uncalibrated,calibration_decision_invariance,spearman_rank_correlation,0.9154547689520952,0.9044792613258577,-0.010975507626237557,True
3,raw_safe,62,Platt vs Uncalibrated,calibration_decision_invariance,spearman_rank_correlation,0.9971645826942708,0.9771450642713969,-0.02001951842287386,True
3,raw_safe,72,Isotonic vs Uncalibrated,calibration_decision_invariance,spearman_rank_correlation,0.8852949698790532,0.8894813788834041,0.004186409004350855,True
3,raw_safe,72,Platt vs Uncalibrated,calibration_decision_invariance,spearman_rank_correlation,0.9952336091573576,0.9808310950009872,-0.014402514156370394,True
3,raw_safe,82,Isotonic vs Uncalibrated,calibration_decision_invariance,spearman_rank_correlation,0.90401109405392,0.8956532942767251,-0.008357799777194863,True
3,raw_safe,82,Platt vs Uncalibrated,calibration_decision_invariance,spearman_rank_correlation,0.9999994340663015,0.9100527278997848,-0.08994670616651679,True
3,recipient_full_weight_2,42,Isotonic vs Uncalibrated,calibration_decision_invariance,spearman_rank_correlation,0.8841257427051911,0.8645621008057991,-0.01956364189939197,True
3,recipient_full_weight_2,42,Platt vs Uncalibrated,calibration_decision_invariance,spearman_rank_correlation,0.9999958916023769,0.9999965245510302,6.329486532674622e-07,True
3,recipient_full_weight_2,52,Isotonic vs Uncalibrated,calibration_decision_invariance,spearman_rank_correlation,0.838359588989365,0.8831678961827225,0.04480830719335749,True
3,recipient_full_weight_2,52,Platt vs Uncalibrated,calibration_decision_invariance,spearman_rank_correlation,0.999964065160618,0.9999889324022081,2.486724159012077e-05,True
3,recipient_full_weight_2,62,Isotonic vs Uncalibrated,calibration_decision_invariance,spearman_rank_correlation,0.8550926494022965,0.8940616307998606,0.038968981397564106,True
3,recipient_full_weight_2,62,Platt vs Uncalibrated,calibration_decision_invariance,spearman_rank_correlation,0.9999992277631266,0.9999954648811907,-3.762881935820417e-06,True
3,recipient_full_weight_2,72,Isotonic vs Uncalibrated,calibration_decision_invariance,spearman_rank_correlation,0.8964470002202986,0.8767812169466974,-0.019665783273601134,True
3,recipient_full_weight_2,72,Platt vs Uncalibrated,calibration_decision_invariance,spearman_rank_correlation,0.9999995859068025,0.9999948536935253,-4.732213277236497e-06,True
3,recipient_full_weight_2,82,Isotonic vs Uncalibrated,calibration_decision_invariance,spearman_rank_correlation,0.8625780762843005,0.8761760976909692,0.013598021406668659,True
3,recipient_full_weight_2,82,Platt vs Uncalibrated,calibration_decision_invariance,spearman_rank_correlation,0.9999961227355153,0.9999865758535721,-9.546881943212071e-06,True
1,raw_safe,42,Isotonic vs Uncalibrated,calibration_decision_invariance,validation_disagreement_count,0.0,0.0,0.0,False
1,raw_safe,42,Platt vs Uncalibrated,calibration_decision_invariance,validation_disagreement_count,0.0,0.0,0.0,False
1,raw_safe,52,Isotonic vs Uncalibrated,calibration_decision_invariance,validation_disagreement_count,0.0,0.0,0.0,False
1,raw_safe,52,Platt vs Uncalibrated,calibration_decision_invariance,validation_disagreement_count,0.0,0.0,0.0,False
1,raw_safe,62,Isotonic vs Uncalibrated,calibration_decision_invariance,validation_disagreement_count,0.0,0.0,0.0,False
1,raw_safe,62,Platt vs Uncalibrated,calibration_decision_invariance,validation_disagreement_count,0.0,0.0,0.0,False
1,raw_safe,72,Isotonic vs Uncalibrated,calibration_decision_invariance,validation_disagreement_count,0.0,0.0,0.0,False
1,raw_safe,72,Platt vs Uncalibrated,calibration_decision_invariance,validation_disagreement_count,0.0,0.0,0.0,False
1,raw_safe,82,Isotonic vs Uncalibrated,calibration_decision_invariance,validation_disagreement_count,165.0,0.0,-165.0,True
1,raw_safe,82,Platt vs Uncalibrated,calibration_decision_invariance,validation_disagreement_count,0.0,0.0,0.0,False
1,recipient_full_weight_2,42,Isotonic vs Uncalibrated,calibration_decision_invariance,validation_disagreement_count,49.0,623.0,574.0,True
1,recipient_full_weight_2,42,Platt vs Uncalibrated,calibration_decision_invariance,validation_disagreement_count,0.0,0.0,0.0,False
1,recipient_full_weight_2,52,Isotonic vs Uncalibrated,calibration_decision_invariance,validation_disagreement_count,417.0,40.0,-377.0,True
1,recipient_full_weight_2,52,Platt vs Uncalibrated,calibration_decision_invariance,validation_disagreement_count,0.0,0.0,0.0,False
1,recipient_full_weight_2,62,Isotonic vs Uncalibrated,calibration_decision_invariance,validation_disagreement_count,130.0,182.0,52.0,True
1,recipient_full_weight_2,62,Platt vs Uncalibrated,calibration_decision_invariance,validation_disagreement_count,0.0,0.0,0.0,False
1,recipient_full_weight_2,72,Isotonic vs Uncalibrated,calibration_decision_invariance,validation_disagreement_count,81.0,0.0,-81.0,True
1,recipient_full_weight_2,72,Platt vs Uncalibrated,calibration_decision_invariance,validation_disagreement_count,0.0,0.0,0.0,False
1,recipient_full_weight_2,82,Isotonic vs Uncalibrated,calibration_decision_invariance,validation_disagreement_count,353.0,418.0,65.0,True
1,recipient_full_weight_2,82,Platt vs Uncalibrated,calibration_decision_invariance,validation_disagreement_count,0.0,0.0,0.0,False
2,raw_safe,42,Isotonic vs Uncalibrated,calibration_decision_invariance,validation_disagreement_count,0.0,0.0,0.0,False
2,raw_safe,42,Platt vs Uncalibrated,calibration_decision_invariance,validation_disagreement_count,0.0,0.0,0.0,False
2,raw_safe,52,Isotonic vs Uncalibrated,calibration_decision_invariance,validation_disagreement_count,61.0,0.0,-61.0,True
2,raw_safe,52,Platt vs Uncalibrated,calibration_decision_invariance,validation_disagreement_count,0.0,0.0,0.0,False
2,raw_safe,62,Isotonic vs Uncalibrated,calibration_decision_invariance,validation_disagreement_count,0.0,0.0,0.0,False
2,raw_safe,62,Platt vs Uncalibrated,calibration_decision_invariance,validation_disagreement_count,0.0,0.0,0.0,False
2,raw_safe,72,Isotonic vs Uncalibrated,calibration_decision_invariance,validation_disagreement_count,407.0,0.0,-407.0,True
2,raw_safe,72,Platt vs Uncalibrated,calibration_decision_invariance,validation_disagreement_count,0.0,0.0,0.0,False
2,raw_safe,82,Isotonic vs Uncalibrated,calibration_decision_invariance,validation_disagreement_count,0.0,11.0,11.0,True
2,raw_safe,82,Platt vs Uncalibrated,calibration_decision_invariance,validation_disagreement_count,0.0,0.0,0.0,False
2,recipient_full_weight_2,42,Isotonic vs Uncalibrated,calibration_decision_invariance,validation_disagreement_count,0.0,430.0,430.0,True
2,recipient_full_weight_2,42,Platt vs Uncalibrated,calibration_decision_invariance,validation_disagreement_count,0.0,0.0,0.0,False
2,recipient_full_weight_2,52,Isotonic vs Uncalibrated,calibration_decision_invariance,validation_disagreement_count,3.0,32.0,29.0,True
2,recipient_full_weight_2,52,Platt vs Uncalibrated,calibration_decision_invariance,validation_disagreement_count,0.0,0.0,0.0,False
2,recipient_full_weight_2,62,Isotonic vs Uncalibrated,calibration_decision_invariance,validation_disagreement_count,40.0,1160.0,1120.0,True
2,recipient_full_weight_2,62,Platt vs Uncalibrated,calibration_decision_invariance,validation_disagreement_count,0.0,0.0,0.0,False
2,recipient_full_weight_2,72,Isotonic vs Uncalibrated,calibration_decision_invariance,validation_disagreement_count,244.0,82.0,-162.0,True
2,recipient_full_weight_2,72,Platt vs Uncalibrated,calibration_decision_invariance,validation_disagreement_count,0.0,0.0,0.0,False
2,recipient_full_weight_2,82,Isotonic vs Uncalibrated,calibration_decision_invariance,validation_disagreement_count,342.0,9.0,-333.0,True
2,recipient_full_weight_2,82,Platt vs Uncalibrated,calibration_decision_invariance,validation_disagreement_count,0.0,0.0,0.0,False
3,raw_safe,42,Isotonic vs Uncalibrated,calibration_decision_invariance,validation_disagreement_count,607.0,655.0,48.0,True
3,raw_safe,42,Platt vs Uncalibrated,calibration_decision_invariance,validation_disagreement_count,0.0,0.0,0.0,False
3,raw_safe,52,Isotonic vs Uncalibrated,calibration_decision_invariance,validation_disagreement_count,949.0,52.0,-897.0,True
3,raw_safe,52,Platt vs Uncalibrated,calibration_decision_invariance,validation_disagreement_count,0.0,0.0,0.0,False
3,raw_safe,62,Isotonic vs Uncalibrated,calibration_decision_invariance,validation_disagreement_count,360.0,1491.0,1131.0,True
3,raw_safe,62,Platt vs Uncalibrated,calibration_decision_invariance,validation_disagreement_count,0.0,0.0,0.0,False
3,raw_safe,72,Isotonic vs Uncalibrated,calibration_decision_invariance,validation_disagreement_count,315.0,407.0,92.0,True
3,raw_safe,72,Platt vs Uncalibrated,calibration_decision_invariance,validation_disagreement_count,0.0,0.0,0.0,False
3,raw_safe,82,Isotonic vs Uncalibrated,calibration_decision_invariance,validation_disagreement_count,45.0,862.0,817.0,True
3,raw_safe,82,Platt vs Uncalibrated,calibration_decision_invariance,validation_disagreement_count,0.0,0.0,0.0,False
3,recipient_full_weight_2,42,Isotonic vs Uncalibrated,calibration_decision_invariance,validation_disagreement_count,526.0,120.0,-406.0,True
3,recipient_full_weight_2,42,Platt vs Uncalibrated,calibration_decision_invariance,validation_disagreement_count,0.0,0.0,0.0,False
3,recipient_full_weight_2,52,Isotonic vs Uncalibrated,calibration_decision_invariance,validation_disagreement_count,0.0,3019.0,3019.0,True
3,recipient_full_weight_2,52,Platt vs Uncalibrated,calibration_decision_invariance,validation_disagreement_count,0.0,0.0,0.0,False
3,recipient_full_weight_2,62,Isotonic vs Uncalibrated,calibration_decision_invariance,validation_disagreement_count,121.0,40.0,-81.0,True
3,recipient_full_weight_2,62,Platt vs Uncalibrated,calibration_decision_invariance,validation_disagreement_count,0.0,0.0,0.0,False
3,recipient_full_weight_2,72,Isotonic vs Uncalibrated,calibration_decision_invariance,validation_disagreement_count,185.0,103.0,-82.0,True
3,recipient_full_weight_2,72,Platt vs Uncalibrated,calibration_decision_invariance,validation_disagreement_count,0.0,0.0,0.0,False
3,recipient_full_weight_2,82,Isotonic vs Uncalibrated,calibration_decision_invariance,validation_disagreement_count,32.0,0.0,-32.0,True
3,recipient_full_weight_2,82,Platt vs Uncalibrated,calibration_decision_invariance,validation_disagreement_count,0.0,0.0,0.0,False
1,raw_safe,42,Isotonic vs Uncalibrated,calibration_decision_invariance,validation_disagreement_rate,0.0,0.0,0.0,False
1,raw_safe,42,Platt vs Uncalibrated,calibration_decision_invariance,validation_disagreement_rate,0.0,0.0,0.0,False
1,raw_safe,52,Isotonic vs Uncalibrated,calibration_decision_invariance,validation_disagreement_rate,0.0,0.0,0.0,False
1,raw_safe,52,Platt vs Uncalibrated,calibration_decision_invariance,validation_disagreement_rate,0.0,0.0,0.0,False
1,raw_safe,62,Isotonic vs Uncalibrated,calibration_decision_invariance,validation_disagreement_rate,0.0,0.0,0.0,False
1,raw_safe,62,Platt vs Uncalibrated,calibration_decision_invariance,validation_disagreement_rate,0.0,0.0,0.0,False
1,raw_safe,72,Isotonic vs Uncalibrated,calibration_decision_invariance,validation_disagreement_rate,0.0,0.0,0.0,False
1,raw_safe,72,Platt vs Uncalibrated,calibration_decision_invariance,validation_disagreement_rate,0.0,0.0,0.0,False
1,raw_safe,82,Isotonic vs Uncalibrated,calibration_decision_invariance,validation_disagreement_rate,0.0004986355518082339,0.0,-0.0004986355518082339,True
1,raw_safe,82,Platt vs Uncalibrated,calibration_decision_invariance,validation_disagreement_rate,0.0,0.0,0.0,False
1,recipient_full_weight_2,42,Isotonic vs Uncalibrated,calibration_decision_invariance,validation_disagreement_rate,0.00014807964871880883,0.0018827269622819982,0.0017346473135631893,True
1,recipient_full_weight_2,42,Platt vs Uncalibrated,calibration_decision_invariance,validation_disagreement_rate,0.0,0.0,0.0,False
1,recipient_full_weight_2,52,Isotonic vs Uncalibrated,calibration_decision_invariance,validation_disagreement_rate,0.0012601880309335363,0.00012088134589290518,-0.001139306685040631,True
1,recipient_full_weight_2,52,Platt vs Uncalibrated,calibration_decision_invariance,validation_disagreement_rate,0.0,0.0,0.0,False
1,recipient_full_weight_2,62,Isotonic vs Uncalibrated,calibration_decision_invariance,validation_disagreement_rate,0.0003928643741519418,0.0005500101238127185,0.00015714574966077673,True
1,recipient_full_weight_2,62,Platt vs Uncalibrated,calibration_decision_invariance,validation_disagreement_rate,0.0,0.0,0.0,False
1,recipient_full_weight_2,72,Isotonic vs Uncalibrated,calibration_decision_invariance,validation_disagreement_rate,0.00024478472543313295,0.0,-0.00024478472543313295,True
1,recipient_full_weight_2,72,Platt vs Uncalibrated,calibration_decision_invariance,validation_disagreement_rate,0.0,0.0,0.0,False
1,recipient_full_weight_2,82,Isotonic vs Uncalibrated,calibration_decision_invariance,validation_disagreement_rate,0.001066777877504888,0.001263210064580859,0.0001964321870759709,True
1,recipient_full_weight_2,82,Platt vs Uncalibrated,calibration_decision_invariance,validation_disagreement_rate,0.0,0.0,0.0,False
2,raw_safe,42,Isotonic vs Uncalibrated,calibration_decision_invariance,validation_disagreement_rate,0.0,0.0,0.0,False
2,raw_safe,42,Platt vs Uncalibrated,calibration_decision_invariance,validation_disagreement_rate,0.0,0.0,0.0,False
2,raw_safe,52,Isotonic vs Uncalibrated,calibration_decision_invariance,validation_disagreement_rate,0.00018488826383858346,0.0,-0.00018488826383858346,True
2,raw_safe,52,Platt vs Uncalibrated,calibration_decision_invariance,validation_disagreement_rate,0.0,0.0,0.0,False
2,raw_safe,62,Isotonic vs Uncalibrated,calibration_decision_invariance,validation_disagreement_rate,0.0,0.0,0.0,False
2,raw_safe,62,Platt vs Uncalibrated,calibration_decision_invariance,validation_disagreement_rate,0.0,0.0,0.0,False
2,raw_safe,72,Isotonic vs Uncalibrated,calibration_decision_invariance,validation_disagreement_rate,0.001233598743972188,0.0,-0.001233598743972188,True
2,raw_safe,72,Platt vs Uncalibrated,calibration_decision_invariance,validation_disagreement_rate,0.0,0.0,0.0,False
2,raw_safe,82,Isotonic vs Uncalibrated,calibration_decision_invariance,validation_disagreement_rate,0.0,3.334050659384292e-05,3.334050659384292e-05,True
2,raw_safe,82,Platt vs Uncalibrated,calibration_decision_invariance,validation_disagreement_rate,0.0,0.0,0.0,False
2,recipient_full_weight_2,42,Isotonic vs Uncalibrated,calibration_decision_invariance,validation_disagreement_rate,0.0,0.0013033107123047686,0.0013033107123047686,True
2,recipient_full_weight_2,42,Platt vs Uncalibrated,calibration_decision_invariance,validation_disagreement_rate,0.0,0.0,0.0,False
2,recipient_full_weight_2,52,Isotonic vs Uncalibrated,calibration_decision_invariance,validation_disagreement_rate,9.092865434684432e-06,9.699056463663395e-05,8.789769920194951e-05,True
2,recipient_full_weight_2,52,Platt vs Uncalibrated,calibration_decision_invariance,validation_disagreement_rate,0.0,0.0,0.0,False
2,recipient_full_weight_2,62,Isotonic vs Uncalibrated,calibration_decision_invariance,validation_disagreement_rate,0.00012123820579579243,0.0035159079680779806,0.0033946697622821882,True
2,recipient_full_weight_2,62,Platt vs Uncalibrated,calibration_decision_invariance,validation_disagreement_rate,0.0,0.0,0.0,False
2,recipient_full_weight_2,72,Isotonic vs Uncalibrated,calibration_decision_invariance,validation_disagreement_rate,0.0007395530553543339,0.0002485383218813745,-0.0004910147334729594,True
2,recipient_full_weight_2,72,Platt vs Uncalibrated,calibration_decision_invariance,validation_disagreement_rate,0.0,0.0,0.0,False
2,recipient_full_weight_2,82,Isotonic vs Uncalibrated,calibration_decision_invariance,validation_disagreement_rate,0.0010365866595540253,2.7278596304053297e-05,-0.0010093080632499719,True
2,recipient_full_weight_2,82,Platt vs Uncalibrated,calibration_decision_invariance,validation_disagreement_rate,0.0,0.0,0.0,False
3,raw_safe,42,Isotonic vs Uncalibrated,calibration_decision_invariance,validation_disagreement_rate,0.0018000972704950119,0.0019424443363661166,0.0001423470658711047,True
3,raw_safe,42,Platt vs Uncalibrated,calibration_decision_invariance,validation_disagreement_rate,0.0,0.0,0.0,False
3,raw_safe,52,Isotonic vs Uncalibrated,calibration_decision_invariance,validation_disagreement_rate,0.002814320114826633,0.00015420932136036346,-0.0026601107934662695,True
3,raw_safe,52,Platt vs Uncalibrated,calibration_decision_invariance,validation_disagreement_rate,0.0,0.0,0.0,False
3,raw_safe,62,Isotonic vs Uncalibrated,calibration_decision_invariance,validation_disagreement_rate,0.0010676029940332855,0.004421655733621191,0.0033540527395879054,True
3,raw_safe,62,Platt vs Uncalibrated,calibration_decision_invariance,validation_disagreement_rate,0.0,0.0,0.0,False
3,raw_safe,72,Isotonic vs Uncalibrated,calibration_decision_invariance,validation_disagreement_rate,0.0009341526197791248,0.0012069844960320756,0.0002728318762529508,True
3,raw_safe,72,Platt vs Uncalibrated,calibration_decision_invariance,validation_disagreement_rate,0.0,0.0,0.0,False
3,raw_safe,82,Isotonic vs Uncalibrated,calibration_decision_invariance,validation_disagreement_rate,0.0001334503742541607,0.002556316057935256,0.002422865683681095,True
3,raw_safe,82,Platt vs Uncalibrated,calibration_decision_invariance,validation_disagreement_rate,0.0,0.0,0.0,False
3,recipient_full_weight_2,42,Isotonic vs Uncalibrated,calibration_decision_invariance,validation_disagreement_rate,0.0015598865968375227,0.00035586766467776183,-0.001204018932159761,True
3,recipient_full_weight_2,42,Platt vs Uncalibrated,calibration_decision_invariance,validation_disagreement_rate,0.0,0.0,0.0,False
3,recipient_full_weight_2,52,Isotonic vs Uncalibrated,calibration_decision_invariance,validation_disagreement_rate,0.0,0.008953037330518025,0.008953037330518025,True
3,recipient_full_weight_2,52,Platt vs Uncalibrated,calibration_decision_invariance,validation_disagreement_rate,0.0,0.0,0.0,False
3,recipient_full_weight_2,62,Isotonic vs Uncalibrated,calibration_decision_invariance,validation_disagreement_rate,0.0003588332285500765,0.00011862255489258727,-0.00024021067365748925,True
3,recipient_full_weight_2,62,Platt vs Uncalibrated,calibration_decision_invariance,validation_disagreement_rate,0.0,0.0,0.0,False
3,recipient_full_weight_2,72,Isotonic vs Uncalibrated,calibration_decision_invariance,validation_disagreement_rate,0.0005486293163782162,0.00030545307884841225,-0.00024317623752980394,True
3,recipient_full_weight_2,72,Platt vs Uncalibrated,calibration_decision_invariance,validation_disagreement_rate,0.0,0.0,0.0,False
3,recipient_full_weight_2,82,Isotonic vs Uncalibrated,calibration_decision_invariance,validation_disagreement_rate,9.489804391406982e-05,0.0,-9.489804391406982e-05,True
3,recipient_full_weight_2,82,Platt vs Uncalibrated,calibration_decision_invariance,validation_disagreement_rate,0.0,0.0,0.0,False
1,raw_safe,42,Isotonic vs Uncalibrated,calibration_decision_invariance,validation_selected_count_raw,64.0,50.0,-14.0,True
1,raw_safe,42,Platt vs Uncalibrated,calibration_decision_invariance,validation_selected_count_raw,64.0,50.0,-14.0,True
1,raw_safe,52,Isotonic vs Uncalibrated,calibration_decision_invariance,validation_selected_count_raw,24.0,151.0,127.0,True
1,raw_safe,52,Platt vs Uncalibrated,calibration_decision_invariance,validation_selected_count_raw,24.0,151.0,127.0,True
1,raw_safe,62,Isotonic vs Uncalibrated,calibration_decision_invariance,validation_selected_count_raw,82.0,25.0,-57.0,True
1,raw_safe,62,Platt vs Uncalibrated,calibration_decision_invariance,validation_selected_count_raw,82.0,25.0,-57.0,True
1,raw_safe,72,Isotonic vs Uncalibrated,calibration_decision_invariance,validation_selected_count_raw,24.0,43.0,19.0,True
1,raw_safe,72,Platt vs Uncalibrated,calibration_decision_invariance,validation_selected_count_raw,24.0,43.0,19.0,True
1,raw_safe,82,Isotonic vs Uncalibrated,calibration_decision_invariance,validation_selected_count_raw,213.0,479.0,266.0,True
1,raw_safe,82,Platt vs Uncalibrated,calibration_decision_invariance,validation_selected_count_raw,213.0,479.0,266.0,True
1,recipient_full_weight_2,42,Isotonic vs Uncalibrated,calibration_decision_invariance,validation_selected_count_raw,2617.0,3350.0,733.0,True
1,recipient_full_weight_2,42,Platt vs Uncalibrated,calibration_decision_invariance,validation_selected_count_raw,2617.0,3350.0,733.0,True
1,recipient_full_weight_2,52,Isotonic vs Uncalibrated,calibration_decision_invariance,validation_selected_count_raw,2389.0,4129.0,1740.0,True
1,recipient_full_weight_2,52,Platt vs Uncalibrated,calibration_decision_invariance,validation_selected_count_raw,2389.0,4129.0,1740.0,True
1,recipient_full_weight_2,62,Isotonic vs Uncalibrated,calibration_decision_invariance,validation_selected_count_raw,2540.0,3336.0,796.0,True
1,recipient_full_weight_2,62,Platt vs Uncalibrated,calibration_decision_invariance,validation_selected_count_raw,2540.0,3336.0,796.0,True
1,recipient_full_weight_2,72,Isotonic vs Uncalibrated,calibration_decision_invariance,validation_selected_count_raw,3627.0,3235.0,-392.0,True
1,recipient_full_weight_2,72,Platt vs Uncalibrated,calibration_decision_invariance,validation_selected_count_raw,3627.0,3235.0,-392.0,True
1,recipient_full_weight_2,82,Isotonic vs Uncalibrated,calibration_decision_invariance,validation_selected_count_raw,3972.0,4020.0,48.0,True
1,recipient_full_weight_2,82,Platt vs Uncalibrated,calibration_decision_invariance,validation_selected_count_raw,3972.0,4020.0,48.0,True
2,raw_safe,42,Isotonic vs Uncalibrated,calibration_decision_invariance,validation_selected_count_raw,64.0,121.0,57.0,True
2,raw_safe,42,Platt vs Uncalibrated,calibration_decision_invariance,validation_selected_count_raw,64.0,121.0,57.0,True
2,raw_safe,52,Isotonic vs Uncalibrated,calibration_decision_invariance,validation_selected_count_raw,275.0,49.0,-226.0,True
2,raw_safe,52,Platt vs Uncalibrated,calibration_decision_invariance,validation_selected_count_raw,275.0,49.0,-226.0,True
2,raw_safe,62,Isotonic vs Uncalibrated,calibration_decision_invariance,validation_selected_count_raw,192.0,257.0,65.0,True
2,raw_safe,62,Platt vs Uncalibrated,calibration_decision_invariance,validation_selected_count_raw,192.0,257.0,65.0,True
2,raw_safe,72,Isotonic vs Uncalibrated,calibration_decision_invariance,validation_selected_count_raw,60.0,121.0,61.0,True
2,raw_safe,72,Platt vs Uncalibrated,calibration_decision_invariance,validation_selected_count_raw,60.0,121.0,61.0,True
2,raw_safe,82,Isotonic vs Uncalibrated,calibration_decision_invariance,validation_selected_count_raw,46.0,55.0,9.0,True
2,raw_safe,82,Platt vs Uncalibrated,calibration_decision_invariance,validation_selected_count_raw,46.0,55.0,9.0,True
2,recipient_full_weight_2,42,Isotonic vs Uncalibrated,calibration_decision_invariance,validation_selected_count_raw,4317.0,4514.0,197.0,True
2,recipient_full_weight_2,42,Platt vs Uncalibrated,calibration_decision_invariance,validation_selected_count_raw,4317.0,4514.0,197.0,True
2,recipient_full_weight_2,52,Isotonic vs Uncalibrated,calibration_decision_invariance,validation_selected_count_raw,6617.0,6693.0,76.0,True
2,recipient_full_weight_2,52,Platt vs Uncalibrated,calibration_decision_invariance,validation_selected_count_raw,6617.0,6693.0,76.0,True
2,recipient_full_weight_2,62,Isotonic vs Uncalibrated,calibration_decision_invariance,validation_selected_count_raw,5024.0,3557.0,-1467.0,True
2,recipient_full_weight_2,62,Platt vs Uncalibrated,calibration_decision_invariance,validation_selected_count_raw,5024.0,3557.0,-1467.0,True
2,recipient_full_weight_2,72,Isotonic vs Uncalibrated,calibration_decision_invariance,validation_selected_count_raw,5391.0,6709.0,1318.0,True
2,recipient_full_weight_2,72,Platt vs Uncalibrated,calibration_decision_invariance,validation_selected_count_raw,5391.0,6709.0,1318.0,True
2,recipient_full_weight_2,82,Isotonic vs Uncalibrated,calibration_decision_invariance,validation_selected_count_raw,4691.0,5383.0,692.0,True
2,recipient_full_weight_2,82,Platt vs Uncalibrated,calibration_decision_invariance,validation_selected_count_raw,4691.0,5383.0,692.0,True
3,raw_safe,42,Isotonic vs Uncalibrated,calibration_decision_invariance,validation_selected_count_raw,2722.0,2310.0,-412.0,True
3,raw_safe,42,Platt vs Uncalibrated,calibration_decision_invariance,validation_selected_count_raw,2722.0,2310.0,-412.0,True
3,raw_safe,52,Isotonic vs Uncalibrated,calibration_decision_invariance,validation_selected_count_raw,1562.0,2185.0,623.0,True
3,raw_safe,52,Platt vs Uncalibrated,calibration_decision_invariance,validation_selected_count_raw,1562.0,2185.0,623.0,True
3,raw_safe,62,Isotonic vs Uncalibrated,calibration_decision_invariance,validation_selected_count_raw,4180.0,2996.0,-1184.0,True
3,raw_safe,62,Platt vs Uncalibrated,calibration_decision_invariance,validation_selected_count_raw,4180.0,2996.0,-1184.0,True
3,raw_safe,72,Isotonic vs Uncalibrated,calibration_decision_invariance,validation_selected_count_raw,1738.0,3067.0,1329.0,True
3,raw_safe,72,Platt vs Uncalibrated,calibration_decision_invariance,validation_selected_count_raw,1738.0,3067.0,1329.0,True
3,raw_safe,82,Isotonic vs Uncalibrated,calibration_decision_invariance,validation_selected_count_raw,4147.0,2049.0,-2098.0,True
3,raw_safe,82,Platt vs Uncalibrated,calibration_decision_invariance,validation_selected_count_raw,4147.0,2049.0,-2098.0,True
3,recipient_full_weight_2,42,Isotonic vs Uncalibrated,calibration_decision_invariance,validation_selected_count_raw,2536.0,2983.0,447.0,True
3,recipient_full_weight_2,42,Platt vs Uncalibrated,calibration_decision_invariance,validation_selected_count_raw,2536.0,2983.0,447.0,True
3,recipient_full_weight_2,52,Isotonic vs Uncalibrated,calibration_decision_invariance,validation_selected_count_raw,2423.0,4076.0,1653.0,True
3,recipient_full_weight_2,52,Platt vs Uncalibrated,calibration_decision_invariance,validation_selected_count_raw,2423.0,4076.0,1653.0,True
3,recipient_full_weight_2,62,Isotonic vs Uncalibrated,calibration_decision_invariance,validation_selected_count_raw,3041.0,3824.0,783.0,True
3,recipient_full_weight_2,62,Platt vs Uncalibrated,calibration_decision_invariance,validation_selected_count_raw,3041.0,3824.0,783.0,True
3,recipient_full_weight_2,72,Isotonic vs Uncalibrated,calibration_decision_invariance,validation_selected_count_raw,3867.0,3403.0,-464.0,True
3,recipient_full_weight_2,72,Platt vs Uncalibrated,calibration_decision_invariance,validation_selected_count_raw,3867.0,3403.0,-464.0,True
3,recipient_full_weight_2,82,Isotonic vs Uncalibrated,calibration_decision_invariance,validation_selected_count_raw,4236.0,3520.0,-716.0,True
3,recipient_full_weight_2,82,Platt vs Uncalibrated,calibration_decision_invariance,validation_selected_count_raw,4236.0,3520.0,-716.0,True
1,raw_safe,42,Isotonic vs Uncalibrated,calibration_decision_invariance,validation_selected_count_method,64.0,50.0,-14.0,True
1,raw_safe,42,Platt vs Uncalibrated,calibration_decision_invariance,validation_selected_count_method,64.0,50.0,-14.0,True
1,raw_safe,52,Isotonic vs Uncalibrated,calibration_decision_invariance,validation_selected_count_method,24.0,151.0,127.0,True
1,raw_safe,52,Platt vs Uncalibrated,calibration_decision_invariance,validation_selected_count_method,24.0,151.0,127.0,True
1,raw_safe,62,Isotonic vs Uncalibrated,calibration_decision_invariance,validation_selected_count_method,82.0,25.0,-57.0,True
1,raw_safe,62,Platt vs Uncalibrated,calibration_decision_invariance,validation_selected_count_method,82.0,25.0,-57.0,True
1,raw_safe,72,Isotonic vs Uncalibrated,calibration_decision_invariance,validation_selected_count_method,24.0,43.0,19.0,True
1,raw_safe,72,Platt vs Uncalibrated,calibration_decision_invariance,validation_selected_count_method,24.0,43.0,19.0,True
1,raw_safe,82,Isotonic vs Uncalibrated,calibration_decision_invariance,validation_selected_count_method,48.0,479.0,431.0,True
1,raw_safe,82,Platt vs Uncalibrated,calibration_decision_invariance,validation_selected_count_method,213.0,479.0,266.0,True
1,recipient_full_weight_2,42,Isotonic vs Uncalibrated,calibration_decision_invariance,validation_selected_count_method,2666.0,3973.0,1307.0,True
1,recipient_full_weight_2,42,Platt vs Uncalibrated,calibration_decision_invariance,validation_selected_count_method,2617.0,3350.0,733.0,True
1,recipient_full_weight_2,52,Isotonic vs Uncalibrated,calibration_decision_invariance,validation_selected_count_method,1972.0,4169.0,2197.0,True
1,recipient_full_weight_2,52,Platt vs Uncalibrated,calibration_decision_invariance,validation_selected_count_method,2389.0,4129.0,1740.0,True
1,recipient_full_weight_2,62,Isotonic vs Uncalibrated,calibration_decision_invariance,validation_selected_count_method,2410.0,3518.0,1108.0,True
1,recipient_full_weight_2,62,Platt vs Uncalibrated,calibration_decision_invariance,validation_selected_count_method,2540.0,3336.0,796.0,True
1,recipient_full_weight_2,72,Isotonic vs Uncalibrated,calibration_decision_invariance,validation_selected_count_method,3708.0,3235.0,-473.0,True
1,recipient_full_weight_2,72,Platt vs Uncalibrated,calibration_decision_invariance,validation_selected_count_method,3627.0,3235.0,-392.0,True
1,recipient_full_weight_2,82,Isotonic vs Uncalibrated,calibration_decision_invariance,validation_selected_count_method,4325.0,4438.0,113.0,True
1,recipient_full_weight_2,82,Platt vs Uncalibrated,calibration_decision_invariance,validation_selected_count_method,3972.0,4020.0,48.0,True
2,raw_safe,42,Isotonic vs Uncalibrated,calibration_decision_invariance,validation_selected_count_method,64.0,121.0,57.0,True
2,raw_safe,42,Platt vs Uncalibrated,calibration_decision_invariance,validation_selected_count_method,64.0,121.0,57.0,True
2,raw_safe,52,Isotonic vs Uncalibrated,calibration_decision_invariance,validation_selected_count_method,214.0,49.0,-165.0,True
2,raw_safe,52,Platt vs Uncalibrated,calibration_decision_invariance,validation_selected_count_method,275.0,49.0,-226.0,True
2,raw_safe,62,Isotonic vs Uncalibrated,calibration_decision_invariance,validation_selected_count_method,192.0,257.0,65.0,True
2,raw_safe,62,Platt vs Uncalibrated,calibration_decision_invariance,validation_selected_count_method,192.0,257.0,65.0,True
2,raw_safe,72,Isotonic vs Uncalibrated,calibration_decision_invariance,validation_selected_count_method,467.0,121.0,-346.0,True
2,raw_safe,72,Platt vs Uncalibrated,calibration_decision_invariance,validation_selected_count_method,60.0,121.0,61.0,True
2,raw_safe,82,Isotonic vs Uncalibrated,calibration_decision_invariance,validation_selected_count_method,46.0,66.0,20.0,True
2,raw_safe,82,Platt vs Uncalibrated,calibration_decision_invariance,validation_selected_count_method,46.0,55.0,9.0,True
2,recipient_full_weight_2,42,Isotonic vs Uncalibrated,calibration_decision_invariance,validation_selected_count_method,4317.0,4944.0,627.0,True
2,recipient_full_weight_2,42,Platt vs Uncalibrated,calibration_decision_invariance,validation_selected_count_method,4317.0,4514.0,197.0,True
2,recipient_full_weight_2,52,Isotonic vs Uncalibrated,calibration_decision_invariance,validation_selected_count_method,6620.0,6725.0,105.0,True
2,recipient_full_weight_2,52,Platt vs Uncalibrated,calibration_decision_invariance,validation_selected_count_method,6617.0,6693.0,76.0,True
2,recipient_full_weight_2,62,Isotonic vs Uncalibrated,calibration_decision_invariance,validation_selected_count_method,4984.0,4717.0,-267.0,True
2,recipient_full_weight_2,62,Platt vs Uncalibrated,calibration_decision_invariance,validation_selected_count_method,5024.0,3557.0,-1467.0,True
2,recipient_full_weight_2,72,Isotonic vs Uncalibrated,calibration_decision_invariance,validation_selected_count_method,5147.0,6627.0,1480.0,True
2,recipient_full_weight_2,72,Platt vs Uncalibrated,calibration_decision_invariance,validation_selected_count_method,5391.0,6709.0,1318.0,True
2,recipient_full_weight_2,82,Isotonic vs Uncalibrated,calibration_decision_invariance,validation_selected_count_method,4349.0,5374.0,1025.0,True
2,recipient_full_weight_2,82,Platt vs Uncalibrated,calibration_decision_invariance,validation_selected_count_method,4691.0,5383.0,692.0,True
3,raw_safe,42,Isotonic vs Uncalibrated,calibration_decision_invariance,validation_selected_count_method,2115.0,1655.0,-460.0,True
3,raw_safe,42,Platt vs Uncalibrated,calibration_decision_invariance,validation_selected_count_method,2722.0,2310.0,-412.0,True
3,raw_safe,52,Isotonic vs Uncalibrated,calibration_decision_invariance,validation_selected_count_method,2511.0,2133.0,-378.0,True
3,raw_safe,52,Platt vs Uncalibrated,calibration_decision_invariance,validation_selected_count_method,1562.0,2185.0,623.0,True
3,raw_safe,62,Isotonic vs Uncalibrated,calibration_decision_invariance,validation_selected_count_method,4540.0,4487.0,-53.0,True
3,raw_safe,62,Platt vs Uncalibrated,calibration_decision_invariance,validation_selected_count_method,4180.0,2996.0,-1184.0,True
3,raw_safe,72,Isotonic vs Uncalibrated,calibration_decision_invariance,validation_selected_count_method,2053.0,2660.0,607.0,True
3,raw_safe,72,Platt vs Uncalibrated,calibration_decision_invariance,validation_selected_count_method,1738.0,3067.0,1329.0,True
3,raw_safe,82,Isotonic vs Uncalibrated,calibration_decision_invariance,validation_selected_count_method,4192.0,2911.0,-1281.0,True
3,raw_safe,82,Platt vs Uncalibrated,calibration_decision_invariance,validation_selected_count_method,4147.0,2049.0,-2098.0,True
3,recipient_full_weight_2,42,Isotonic vs Uncalibrated,calibration_decision_invariance,validation_selected_count_method,3062.0,2863.0,-199.0,True
3,recipient_full_weight_2,42,Platt vs Uncalibrated,calibration_decision_invariance,validation_selected_count_method,2536.0,2983.0,447.0,True
3,recipient_full_weight_2,52,Isotonic vs Uncalibrated,calibration_decision_invariance,validation_selected_count_method,2423.0,1057.0,-1366.0,True
3,recipient_full_weight_2,52,Platt vs Uncalibrated,calibration_decision_invariance,validation_selected_count_method,2423.0,4076.0,1653.0,True
3,recipient_full_weight_2,62,Isotonic vs Uncalibrated,calibration_decision_invariance,validation_selected_count_method,2920.0,3784.0,864.0,True
3,recipient_full_weight_2,62,Platt vs Uncalibrated,calibration_decision_invariance,validation_selected_count_method,3041.0,3824.0,783.0,True
3,recipient_full_weight_2,72,Isotonic vs Uncalibrated,calibration_decision_invariance,validation_selected_count_method,3682.0,3506.0,-176.0,True
3,recipient_full_weight_2,72,Platt vs Uncalibrated,calibration_decision_invariance,validation_selected_count_method,3867.0,3403.0,-464.0,True
3,recipient_full_weight_2,82,Isotonic vs Uncalibrated,calibration_decision_invariance,validation_selected_count_method,4268.0,3520.0,-748.0,True
3,recipient_full_weight_2,82,Platt vs Uncalibrated,calibration_decision_invariance,validation_selected_count_method,4236.0,3520.0,-716.0,True
1,raw_safe,42,Isotonic vs Uncalibrated,calibration_decision_invariance,validation_jaccard,1.0,1.0,0.0,False
1,raw_safe,42,Platt vs Uncalibrated,calibration_decision_invariance,validation_jaccard,1.0,1.0,0.0,False
1,raw_safe,52,Isotonic vs Uncalibrated,calibration_decision_invariance,validation_jaccard,1.0,1.0,0.0,False
1,raw_safe,52,Platt vs Uncalibrated,calibration_decision_invariance,validation_jaccard,1.0,1.0,0.0,False
1,raw_safe,62,Isotonic vs Uncalibrated,calibration_decision_invariance,validation_jaccard,1.0,1.0,0.0,False
1,raw_safe,62,Platt vs Uncalibrated,calibration_decision_invariance,validation_jaccard,1.0,1.0,0.0,False
1,raw_safe,72,Isotonic vs Uncalibrated,calibration_decision_invariance,validation_jaccard,1.0,1.0,0.0,False
1,raw_safe,72,Platt vs Uncalibrated,calibration_decision_invariance,validation_jaccard,1.0,1.0,0.0,False
1,raw_safe,82,Isotonic vs Uncalibrated,calibration_decision_invariance,validation_jaccard,0.22535211267605634,1.0,0.7746478873239436,True
1,raw_safe,82,Platt vs Uncalibrated,calibration_decision_invariance,validation_jaccard,1.0,1.0,0.0,False
1,recipient_full_weight_2,42,Isotonic vs Uncalibrated,calibration_decision_invariance,validation_jaccard,0.9816204051012754,0.843191542914674,-0.13842886218660133,True
1,recipient_full_weight_2,42,Platt vs Uncalibrated,calibration_decision_invariance,validation_jaccard,1.0,1.0,0.0,False
1,recipient_full_weight_2,52,Isotonic vs Uncalibrated,calibration_decision_invariance,validation_jaccard,0.8254499790707409,0.990405372991125,0.16495539392038405,True
1,recipient_full_weight_2,52,Platt vs Uncalibrated,calibration_decision_invariance,validation_jaccard,1.0,1.0,0.0,False
1,recipient_full_weight_2,62,Isotonic vs Uncalibrated,calibration_decision_invariance,validation_jaccard,0.9488188976377953,0.9482660602615123,-0.0005528373762829775,True
1,recipient_full_weight_2,62,Platt vs Uncalibrated,calibration_decision_invariance,validation_jaccard,1.0,1.0,0.0,False
1,recipient_full_weight_2,72,Isotonic vs Uncalibrated,calibration_decision_invariance,validation_jaccard,0.9781553398058253,1.0,0.021844660194174748,True
1,recipient_full_weight_2,72,Platt vs Uncalibrated,calibration_decision_invariance,validation_jaccard,1.0,1.0,0.0,False
1,recipient_full_weight_2,82,Isotonic vs Uncalibrated,calibration_decision_invariance,validation_jaccard,0.9183815028901734,0.9058134294727355,-0.01256807341743793,True
1,recipient_full_weight_2,82,Platt vs Uncalibrated,calibration_decision_invariance,validation_jaccard,1.0,1.0,0.0,False
2,raw_safe,42,Isotonic vs Uncalibrated,calibration_decision_invariance,validation_jaccard,1.0,1.0,0.0,False
2,raw_safe,42,Platt vs Uncalibrated,calibration_decision_invariance,validation_jaccard,1.0,1.0,0.0,False
2,raw_safe,52,Isotonic vs Uncalibrated,calibration_decision_invariance,validation_jaccard,0.7781818181818182,1.0,0.2218181818181818,True
2,raw_safe,52,Platt vs Uncalibrated,calibration_decision_invariance,validation_jaccard,1.0,1.0,0.0,False
2,raw_safe,62,Isotonic vs Uncalibrated,calibration_decision_invariance,validation_jaccard,1.0,1.0,0.0,False
2,raw_safe,62,Platt vs Uncalibrated,calibration_decision_invariance,validation_jaccard,1.0,1.0,0.0,False
2,raw_safe,72,Isotonic vs Uncalibrated,calibration_decision_invariance,validation_jaccard,0.1284796573875803,1.0,0.8715203426124197,True
2,raw_safe,72,Platt vs Uncalibrated,calibration_decision_invariance,validation_jaccard,1.0,1.0,0.0,False
2,raw_safe,82,Isotonic vs Uncalibrated,calibration_decision_invariance,validation_jaccard,1.0,0.8333333333333334,-0.16666666666666663,True
2,raw_safe,82,Platt vs Uncalibrated,calibration_decision_invariance,validation_jaccard,1.0,1.0,0.0,False
2,recipient_full_weight_2,42,Isotonic vs Uncalibrated,calibration_decision_invariance,validation_jaccard,1.0,0.9130258899676376,-0.08697411003236244,True
2,recipient_full_weight_2,42,Platt vs Uncalibrated,calibration_decision_invariance,validation_jaccard,1.0,1.0,0.0,False
2,recipient_full_weight_2,52,Isotonic vs Uncalibrated,calibration_decision_invariance,validation_jaccard,0.9995468277945619,0.9952416356877324,-0.0043051921068295584,True
2,recipient_full_weight_2,52,Platt vs Uncalibrated,calibration_decision_invariance,validation_jaccard,1.0,1.0,0.0,False
2,recipient_full_weight_2,62,Isotonic vs Uncalibrated,calibration_decision_invariance,validation_jaccard,0.9920382165605095,0.7540809836760652,-0.23795723288444426,True
2,recipient_full_weight_2,62,Platt vs Uncalibrated,calibration_decision_invariance,validation_jaccard,1.0,1.0,0.0,False
2,recipient_full_weight_2,72,Isotonic vs Uncalibrated,calibration_decision_invariance,validation_jaccard,0.9547393804488963,0.9877776121627664,0.0330382317138701,True
2,recipient_full_weight_2,72,Platt vs Uncalibrated,calibration_decision_invariance,validation_jaccard,1.0,1.0,0.0,False
2,recipient_full_weight_2,82,Isotonic vs Uncalibrated,calibration_decision_invariance,validation_jaccard,0.9270944361543381,0.9983280698495263,0.0712336336951882,True
2,recipient_full_weight_2,82,Platt vs Uncalibrated,calibration_decision_invariance,validation_jaccard,1.0,1.0,0.0,False
3,raw_safe,42,Isotonic vs Uncalibrated,calibration_decision_invariance,validation_jaccard,0.7770022042615724,0.7164502164502164,-0.060551987811355956,True
3,raw_safe,42,Platt vs Uncalibrated,calibration_decision_invariance,validation_jaccard,1.0,1.0,0.0,False
3,raw_safe,52,Isotonic vs Uncalibrated,calibration_decision_invariance,validation_jaccard,0.622062923138192,0.9762013729977117,0.3541384498595197,True
3,raw_safe,52,Platt vs Uncalibrated,calibration_decision_invariance,validation_jaccard,1.0,1.0,0.0,False
3,raw_safe,62,Isotonic vs Uncalibrated,calibration_decision_invariance,validation_jaccard,0.920704845814978,0.6677067082683308,-0.25299813754664724,True
3,raw_safe,62,Platt vs Uncalibrated,calibration_decision_invariance,validation_jaccard,1.0,1.0,0.0,False
3,raw_safe,72,Isotonic vs Uncalibrated,calibration_decision_invariance,validation_jaccard,0.8465660009741841,0.8672970329312031,0.020731031957018975,True
3,raw_safe,72,Platt vs Uncalibrated,calibration_decision_invariance,validation_jaccard,1.0,1.0,0.0,False
3,raw_safe,82,Isotonic vs Uncalibrated,calibration_decision_invariance,validation_jaccard,0.9892652671755725,0.7038818275506699,-0.28538343962490265,True
3,raw_safe,82,Platt vs Uncalibrated,calibration_decision_invariance,validation_jaccard,1.0,1.0,0.0,False
3,recipient_full_weight_2,42,Isotonic vs Uncalibrated,calibration_decision_invariance,validation_jaccard,0.8282168517308949,0.9597720415688904,0.13155518983799552,True
3,recipient_full_weight_2,42,Platt vs Uncalibrated,calibration_decision_invariance,validation_jaccard,1.0,1.0,0.0,False
3,recipient_full_weight_2,52,Isotonic vs Uncalibrated,calibration_decision_invariance,validation_jaccard,1.0,0.25932286555446515,-0.7406771344455348,True
3,recipient_full_weight_2,52,Platt vs Uncalibrated,calibration_decision_invariance,validation_jaccard,1.0,1.0,0.0,False
3,recipient_full_weight_2,62,Isotonic vs Uncalibrated,calibration_decision_invariance,validation_jaccard,0.9602104570864847,0.9895397489539749,0.029329291867490226,True
3,recipient_full_weight_2,62,Platt vs Uncalibrated,calibration_decision_invariance,validation_jaccard,1.0,1.0,0.0,False
3,recipient_full_weight_2,72,Isotonic vs Uncalibrated,calibration_decision_invariance,validation_jaccard,0.952159296612361,0.9706217912150599,0.018462494602698887,True
3,recipient_full_weight_2,72,Platt vs Uncalibrated,calibration_decision_invariance,validation_jaccard,1.0,1.0,0.0,False
3,recipient_full_weight_2,82,Isotonic vs Uncalibrated,calibration_decision_invariance,validation_jaccard,0.9925023430178069,1.0,0.007497656982193068,True
3,recipient_full_weight_2,82,Platt vs Uncalibrated,calibration_decision_invariance,validation_jaccard,1.0,1.0,0.0,False
1,raw_safe,42,Isotonic vs Uncalibrated,calibration_decision_invariance,validation_business_cost_raw,13646.0,13430.0,-216.0,True
1,raw_safe,42,Platt vs Uncalibrated,calibration_decision_invariance,validation_business_cost_raw,13646.0,13430.0,-216.0,True
1,raw_safe,52,Isotonic vs Uncalibrated,calibration_decision_invariance,validation_business_cost_raw,13707.0,15248.0,1541.0,True
1,raw_safe,52,Platt vs Uncalibrated,calibration_decision_invariance,validation_business_cost_raw,13707.0,15248.0,1541.0,True
1,raw_safe,62,Isotonic vs Uncalibrated,calibration_decision_invariance,validation_business_cost_raw,13260.0,13607.0,347.0,True
1,raw_safe,62,Platt vs Uncalibrated,calibration_decision_invariance,validation_business_cost_raw,13260.0,13607.0,347.0,True
1,raw_safe,72,Isotonic vs Uncalibrated,calibration_decision_invariance,validation_business_cost_raw,13707.0,13322.0,-385.0,True
1,raw_safe,72,Platt vs Uncalibrated,calibration_decision_invariance,validation_business_cost_raw,13707.0,13322.0,-385.0,True
1,raw_safe,82,Isotonic vs Uncalibrated,calibration_decision_invariance,validation_business_cost_raw,13391.0,14061.0,670.0,True
1,raw_safe,82,Platt vs Uncalibrated,calibration_decision_invariance,validation_business_cost_raw,13391.0,14061.0,670.0,True
1,recipient_full_weight_2,42,Isotonic vs Uncalibrated,calibration_decision_invariance,validation_business_cost_raw,11957.0,10064.0,-1893.0,True
1,recipient_full_weight_2,42,Platt vs Uncalibrated,calibration_decision_invariance,validation_business_cost_raw,11957.0,10064.0,-1893.0,True
1,recipient_full_weight_2,52,Isotonic vs Uncalibrated,calibration_decision_invariance,validation_business_cost_raw,8800.0,9732.0,932.0,True
1,recipient_full_weight_2,52,Platt vs Uncalibrated,calibration_decision_invariance,validation_business_cost_raw,8800.0,9732.0,932.0,True
1,recipient_full_weight_2,62,Isotonic vs Uncalibrated,calibration_decision_invariance,validation_business_cost_raw,9456.0,9848.0,392.0,True
1,recipient_full_weight_2,62,Platt vs Uncalibrated,calibration_decision_invariance,validation_business_cost_raw,9456.0,9848.0,392.0,True
1,recipient_full_weight_2,72,Isotonic vs Uncalibrated,calibration_decision_invariance,validation_business_cost_raw,11351.0,10656.0,-695.0,True
1,recipient_full_weight_2,72,Platt vs Uncalibrated,calibration_decision_invariance,validation_business_cost_raw,11351.0,10656.0,-695.0,True
1,recipient_full_weight_2,82,Isotonic vs Uncalibrated,calibration_decision_invariance,validation_business_cost_raw,9676.0,9623.0,-53.0,True
1,recipient_full_weight_2,82,Platt vs Uncalibrated,calibration_decision_invariance,validation_business_cost_raw,9676.0,9623.0,-53.0,True
2,raw_safe,42,Isotonic vs Uncalibrated,calibration_decision_invariance,validation_business_cost_raw,18519.0,18374.0,-145.0,True
2,raw_safe,42,Platt vs Uncalibrated,calibration_decision_invariance,validation_business_cost_raw,18519.0,18374.0,-145.0,True
2,raw_safe,52,Isotonic vs Uncalibrated,calibration_decision_invariance,validation_business_cost_raw,18831.0,19312.0,481.0,True
2,raw_safe,52,Platt vs Uncalibrated,calibration_decision_invariance,validation_business_cost_raw,18831.0,19312.0,481.0,True
2,raw_safe,62,Isotonic vs Uncalibrated,calibration_decision_invariance,validation_business_cost_raw,18445.0,18409.0,-36.0,True
2,raw_safe,62,Platt vs Uncalibrated,calibration_decision_invariance,validation_business_cost_raw,18445.0,18409.0,-36.0,True
2,raw_safe,72,Isotonic vs Uncalibrated,calibration_decision_invariance,validation_business_cost_raw,18414.0,18374.0,-40.0,True
2,raw_safe,72,Platt vs Uncalibrated,calibration_decision_invariance,validation_business_cost_raw,18414.0,18374.0,-40.0,True
2,raw_safe,82,Isotonic vs Uncalibrated,calibration_decision_invariance,validation_business_cost_raw,18501.0,18914.0,413.0,True
2,raw_safe,82,Platt vs Uncalibrated,calibration_decision_invariance,validation_business_cost_raw,18501.0,18914.0,413.0,True
2,recipient_full_weight_2,42,Isotonic vs Uncalibrated,calibration_decision_invariance,validation_business_cost_raw,9743.0,9940.0,197.0,True
2,recipient_full_weight_2,42,Platt vs Uncalibrated,calibration_decision_invariance,validation_business_cost_raw,9743.0,9940.0,197.0,True
2,recipient_full_weight_2,52,Isotonic vs Uncalibrated,calibration_decision_invariance,validation_business_cost_raw,14467.0,12523.0,-1944.0,True
2,recipient_full_weight_2,52,Platt vs Uncalibrated,calibration_decision_invariance,validation_business_cost_raw,14467.0,12523.0,-1944.0,True
2,recipient_full_weight_2,62,Isotonic vs Uncalibrated,calibration_decision_invariance,validation_business_cost_raw,10753.0,9892.0,-861.0,True
2,recipient_full_weight_2,62,Platt vs Uncalibrated,calibration_decision_invariance,validation_business_cost_raw,10753.0,9892.0,-861.0,True
2,recipient_full_weight_2,72,Isotonic vs Uncalibrated,calibration_decision_invariance,validation_business_cost_raw,12837.0,11731.0,-1106.0,True
2,recipient_full_weight_2,72,Platt vs Uncalibrated,calibration_decision_invariance,validation_business_cost_raw,12837.0,11731.0,-1106.0,True
2,recipient_full_weight_2,82,Isotonic vs Uncalibrated,calibration_decision_invariance,validation_business_cost_raw,11834.0,9193.0,-2641.0,True
2,recipient_full_weight_2,82,Platt vs Uncalibrated,calibration_decision_invariance,validation_business_cost_raw,11834.0,9193.0,-2641.0,True
3,raw_safe,42,Isotonic vs Uncalibrated,calibration_decision_invariance,validation_business_cost_raw,18323.0,18416.0,93.0,True
3,raw_safe,42,Platt vs Uncalibrated,calibration_decision_invariance,validation_business_cost_raw,18323.0,18416.0,93.0,True
3,raw_safe,52,Isotonic vs Uncalibrated,calibration_decision_invariance,validation_business_cost_raw,18072.0,18190.0,118.0,True
3,raw_safe,52,Platt vs Uncalibrated,calibration_decision_invariance,validation_business_cost_raw,18072.0,18190.0,118.0,True
3,raw_safe,62,Isotonic vs Uncalibrated,calibration_decision_invariance,validation_business_cost_raw,20387.0,18496.0,-1891.0,True
3,raw_safe,62,Platt vs Uncalibrated,calibration_decision_invariance,validation_business_cost_raw,20387.0,18496.0,-1891.0,True
3,raw_safe,72,Isotonic vs Uncalibrated,calibration_decision_invariance,validation_business_cost_raw,18046.0,18062.0,16.0,True
3,raw_safe,72,Platt vs Uncalibrated,calibration_decision_invariance,validation_business_cost_raw,18046.0,18062.0,16.0,True
3,raw_safe,82,Isotonic vs Uncalibrated,calibration_decision_invariance,validation_business_cost_raw,19344.0,18256.0,-1088.0,True
3,raw_safe,82,Platt vs Uncalibrated,calibration_decision_invariance,validation_business_cost_raw,19344.0,18256.0,-1088.0,True
3,recipient_full_weight_2,42,Isotonic vs Uncalibrated,calibration_decision_invariance,validation_business_cost_raw,8441.0,8181.0,-260.0,True
3,recipient_full_weight_2,42,Platt vs Uncalibrated,calibration_decision_invariance,validation_business_cost_raw,8441.0,8181.0,-260.0,True
3,recipient_full_weight_2,52,Isotonic vs Uncalibrated,calibration_decision_invariance,validation_business_cost_raw,9742.0,10587.0,845.0,True
3,recipient_full_weight_2,52,Platt vs Uncalibrated,calibration_decision_invariance,validation_business_cost_raw,9742.0,10587.0,845.0,True
3,recipient_full_weight_2,62,Isotonic vs Uncalibrated,calibration_decision_invariance,validation_business_cost_raw,9754.0,13769.0,4015.0,True
3,recipient_full_weight_2,62,Platt vs Uncalibrated,calibration_decision_invariance,validation_business_cost_raw,9754.0,13769.0,4015.0,True
3,recipient_full_weight_2,72,Isotonic vs Uncalibrated,calibration_decision_invariance,validation_business_cost_raw,8863.0,9005.0,142.0,True
3,recipient_full_weight_2,72,Platt vs Uncalibrated,calibration_decision_invariance,validation_business_cost_raw,8863.0,9005.0,142.0,True
3,recipient_full_weight_2,82,Isotonic vs Uncalibrated,calibration_decision_invariance,validation_business_cost_raw,9333.0,9829.0,496.0,True
3,recipient_full_weight_2,82,Platt vs Uncalibrated,calibration_decision_invariance,validation_business_cost_raw,9333.0,9829.0,496.0,True
1,raw_safe,42,Isotonic vs Uncalibrated,calibration_decision_invariance,validation_business_cost_method,13646.0,13430.0,-216.0,True
1,raw_safe,42,Platt vs Uncalibrated,calibration_decision_invariance,validation_business_cost_method,13646.0,13430.0,-216.0,True
1,raw_safe,52,Isotonic vs Uncalibrated,calibration_decision_invariance,validation_business_cost_method,13707.0,15248.0,1541.0,True
1,raw_safe,52,Platt vs Uncalibrated,calibration_decision_invariance,validation_business_cost_method,13707.0,15248.0,1541.0,True
1,raw_safe,62,Isotonic vs Uncalibrated,calibration_decision_invariance,validation_business_cost_method,13260.0,13607.0,347.0,True
1,raw_safe,62,Platt vs Uncalibrated,calibration_decision_invariance,validation_business_cost_method,13260.0,13607.0,347.0,True
1,raw_safe,72,Isotonic vs Uncalibrated,calibration_decision_invariance,validation_business_cost_method,13707.0,13322.0,-385.0,True
1,raw_safe,72,Platt vs Uncalibrated,calibration_decision_invariance,validation_business_cost_method,13707.0,13322.0,-385.0,True
1,raw_safe,82,Isotonic vs Uncalibrated,calibration_decision_invariance,validation_business_cost_method,13428.0,14061.0,633.0,True
1,raw_safe,82,Platt vs Uncalibrated,calibration_decision_invariance,validation_business_cost_method,13391.0,14061.0,670.0,True
1,recipient_full_weight_2,42,Isotonic vs Uncalibrated,calibration_decision_invariance,validation_business_cost_method,12006.0,10081.0,-1925.0,True
1,recipient_full_weight_2,42,Platt vs Uncalibrated,calibration_decision_invariance,validation_business_cost_method,11957.0,10064.0,-1893.0,True
1,recipient_full_weight_2,52,Isotonic vs Uncalibrated,calibration_decision_invariance,validation_business_cost_method,8989.0,9772.0,783.0,True
1,recipient_full_weight_2,52,Platt vs Uncalibrated,calibration_decision_invariance,validation_business_cost_method,8800.0,9732.0,932.0,True
1,recipient_full_weight_2,62,Isotonic vs Uncalibrated,calibration_decision_invariance,validation_business_cost_method,9528.0,10030.0,502.0,True
1,recipient_full_weight_2,62,Platt vs Uncalibrated,calibration_decision_invariance,validation_business_cost_method,9456.0,9848.0,392.0,True
1,recipient_full_weight_2,72,Isotonic vs Uncalibrated,calibration_decision_invariance,validation_business_cost_method,11432.0,10656.0,-776.0,True
1,recipient_full_weight_2,72,Platt vs Uncalibrated,calibration_decision_invariance,validation_business_cost_method,11351.0,10656.0,-695.0,True
1,recipient_full_weight_2,82,Isotonic vs Uncalibrated,calibration_decision_invariance,validation_business_cost_method,9827.0,9940.0,113.0,True
1,recipient_full_weight_2,82,Platt vs Uncalibrated,calibration_decision_invariance,validation_business_cost_method,9676.0,9623.0,-53.0,True
2,raw_safe,42,Isotonic vs Uncalibrated,calibration_decision_invariance,validation_business_cost_method,18519.0,18374.0,-145.0,True
2,raw_safe,42,Platt vs Uncalibrated,calibration_decision_invariance,validation_business_cost_method,18519.0,18374.0,-145.0,True
2,raw_safe,52,Isotonic vs Uncalibrated,calibration_decision_invariance,validation_business_cost_method,18871.0,19312.0,441.0,True
2,raw_safe,52,Platt vs Uncalibrated,calibration_decision_invariance,validation_business_cost_method,18831.0,19312.0,481.0,True
2,raw_safe,62,Isotonic vs Uncalibrated,calibration_decision_invariance,validation_business_cost_method,18445.0,18409.0,-36.0,True
2,raw_safe,62,Platt vs Uncalibrated,calibration_decision_invariance,validation_business_cost_method,18445.0,18409.0,-36.0,True
2,raw_safe,72,Isotonic vs Uncalibrated,calibration_decision_invariance,validation_business_cost_method,18417.0,18374.0,-43.0,True
2,raw_safe,72,Platt vs Uncalibrated,calibration_decision_invariance,validation_business_cost_method,18414.0,18374.0,-40.0,True
2,raw_safe,82,Isotonic vs Uncalibrated,calibration_decision_invariance,validation_business_cost_method,18501.0,18925.0,424.0,True
2,raw_safe,82,Platt vs Uncalibrated,calibration_decision_invariance,validation_business_cost_method,18501.0,18914.0,413.0,True
2,recipient_full_weight_2,42,Isotonic vs Uncalibrated,calibration_decision_invariance,validation_business_cost_method,9743.0,10168.0,425.0,True
2,recipient_full_weight_2,42,Platt vs Uncalibrated,calibration_decision_invariance,validation_business_cost_method,9743.0,9940.0,197.0,True
2,recipient_full_weight_2,52,Isotonic vs Uncalibrated,calibration_decision_invariance,validation_business_cost_method,14470.0,12555.0,-1915.0,True
2,recipient_full_weight_2,52,Platt vs Uncalibrated,calibration_decision_invariance,validation_business_cost_method,14467.0,12523.0,-1944.0,True
2,recipient_full_weight_2,62,Isotonic vs Uncalibrated,calibration_decision_invariance,validation_business_cost_method,11016.0,10042.0,-974.0,True
2,recipient_full_weight_2,62,Platt vs Uncalibrated,calibration_decision_invariance,validation_business_cost_method,10753.0,9892.0,-861.0,True
2,recipient_full_weight_2,72,Isotonic vs Uncalibrated,calibration_decision_invariance,validation_business_cost_method,12997.0,11952.0,-1045.0,True
2,recipient_full_weight_2,72,Platt vs Uncalibrated,calibration_decision_invariance,validation_business_cost_method,12837.0,11731.0,-1106.0,True
2,recipient_full_weight_2,82,Isotonic vs Uncalibrated,calibration_decision_invariance,validation_business_cost_method,11896.0,9285.0,-2611.0,True
2,recipient_full_weight_2,82,Platt vs Uncalibrated,calibration_decision_invariance,validation_business_cost_method,11834.0,9193.0,-2641.0,True
3,raw_safe,42,Isotonic vs Uncalibrated,calibration_decision_invariance,validation_business_cost_method,18524.0,18569.0,45.0,True
3,raw_safe,42,Platt vs Uncalibrated,calibration_decision_invariance,validation_business_cost_method,18323.0,18416.0,93.0,True
3,raw_safe,52,Isotonic vs Uncalibrated,calibration_decision_invariance,validation_business_cost_method,18415.0,18239.0,-176.0,True
3,raw_safe,52,Platt vs Uncalibrated,calibration_decision_invariance,validation_business_cost_method,18072.0,18190.0,118.0,True
3,raw_safe,62,Isotonic vs Uncalibrated,calibration_decision_invariance,validation_business_cost_method,20545.0,19280.0,-1265.0,True
3,raw_safe,62,Platt vs Uncalibrated,calibration_decision_invariance,validation_business_cost_method,20387.0,18496.0,-1891.0,True
3,raw_safe,72,Isotonic vs Uncalibrated,calibration_decision_invariance,validation_business_cost_method,18159.0,18261.0,102.0,True
3,raw_safe,72,Platt vs Uncalibrated,calibration_decision_invariance,validation_business_cost_method,18046.0,18062.0,16.0,True
3,raw_safe,82,Isotonic vs Uncalibrated,calibration_decision_invariance,validation_business_cost_method,19389.0,18714.0,-675.0,True
3,raw_safe,82,Platt vs Uncalibrated,calibration_decision_invariance,validation_business_cost_method,19344.0,18256.0,-1088.0,True
3,recipient_full_weight_2,42,Isotonic vs Uncalibrated,calibration_decision_invariance,validation_business_cost_method,8462.0,8263.0,-199.0,True
3,recipient_full_weight_2,42,Platt vs Uncalibrated,calibration_decision_invariance,validation_business_cost_method,8441.0,8181.0,-260.0,True
3,recipient_full_weight_2,52,Isotonic vs Uncalibrated,calibration_decision_invariance,validation_business_cost_method,9742.0,11103.0,1361.0,True
3,recipient_full_weight_2,52,Platt vs Uncalibrated,calibration_decision_invariance,validation_business_cost_method,9742.0,10587.0,845.0,True
3,recipient_full_weight_2,62,Isotonic vs Uncalibrated,calibration_decision_invariance,validation_business_cost_method,9835.0,13830.0,3995.0,True
3,recipient_full_weight_2,62,Platt vs Uncalibrated,calibration_decision_invariance,validation_business_cost_method,9754.0,13769.0,4015.0,True
3,recipient_full_weight_2,72,Isotonic vs Uncalibrated,calibration_decision_invariance,validation_business_cost_method,8880.0,9007.0,127.0,True
3,recipient_full_weight_2,72,Platt vs Uncalibrated,calibration_decision_invariance,validation_business_cost_method,8863.0,9005.0,142.0,True
3,recipient_full_weight_2,82,Isotonic vs Uncalibrated,calibration_decision_invariance,validation_business_cost_method,9365.0,9829.0,464.0,True
3,recipient_full_weight_2,82,Platt vs Uncalibrated,calibration_decision_invariance,validation_business_cost_method,9333.0,9829.0,496.0,True
1,raw_safe,42,Isotonic vs Uncalibrated,calibration_decision_invariance,test_disagreement_count,0.0,0.0,0.0,False
1,raw_safe,42,Platt vs Uncalibrated,calibration_decision_invariance,test_disagreement_count,0.0,0.0,0.0,False
1,raw_safe,52,Isotonic vs Uncalibrated,calibration_decision_invariance,test_disagreement_count,0.0,0.0,0.0,False
1,raw_safe,52,Platt vs Uncalibrated,calibration_decision_invariance,test_disagreement_count,0.0,0.0,0.0,False
1,raw_safe,62,Isotonic vs Uncalibrated,calibration_decision_invariance,test_disagreement_count,0.0,0.0,0.0,False
1,raw_safe,62,Platt vs Uncalibrated,calibration_decision_invariance,test_disagreement_count,0.0,0.0,0.0,False
1,raw_safe,72,Isotonic vs Uncalibrated,calibration_decision_invariance,test_disagreement_count,0.0,0.0,0.0,False
1,raw_safe,72,Platt vs Uncalibrated,calibration_decision_invariance,test_disagreement_count,0.0,0.0,0.0,False
1,raw_safe,82,Isotonic vs Uncalibrated,calibration_decision_invariance,test_disagreement_count,189.0,0.0,-189.0,True
1,raw_safe,82,Platt vs Uncalibrated,calibration_decision_invariance,test_disagreement_count,0.0,0.0,0.0,False
1,recipient_full_weight_2,42,Isotonic vs Uncalibrated,calibration_decision_invariance,test_disagreement_count,16.0,833.0,817.0,True
1,recipient_full_weight_2,42,Platt vs Uncalibrated,calibration_decision_invariance,test_disagreement_count,0.0,0.0,0.0,False
1,recipient_full_weight_2,52,Isotonic vs Uncalibrated,calibration_decision_invariance,test_disagreement_count,972.0,89.0,-883.0,True
1,recipient_full_weight_2,52,Platt vs Uncalibrated,calibration_decision_invariance,test_disagreement_count,0.0,0.0,0.0,False
1,recipient_full_weight_2,62,Isotonic vs Uncalibrated,calibration_decision_invariance,test_disagreement_count,353.0,192.0,-161.0,True
1,recipient_full_weight_2,62,Platt vs Uncalibrated,calibration_decision_invariance,test_disagreement_count,0.0,0.0,0.0,False
1,recipient_full_weight_2,72,Isotonic vs Uncalibrated,calibration_decision_invariance,test_disagreement_count,613.0,0.0,-613.0,True
1,recipient_full_weight_2,72,Platt vs Uncalibrated,calibration_decision_invariance,test_disagreement_count,0.0,0.0,0.0,False
1,recipient_full_weight_2,82,Isotonic vs Uncalibrated,calibration_decision_invariance,test_disagreement_count,1011.0,679.0,-332.0,True
1,recipient_full_weight_2,82,Platt vs Uncalibrated,calibration_decision_invariance,test_disagreement_count,0.0,0.0,0.0,False
2,raw_safe,42,Isotonic vs Uncalibrated,calibration_decision_invariance,test_disagreement_count,0.0,0.0,0.0,False
2,raw_safe,42,Platt vs Uncalibrated,calibration_decision_invariance,test_disagreement_count,0.0,0.0,0.0,False
2,raw_safe,52,Isotonic vs Uncalibrated,calibration_decision_invariance,test_disagreement_count,105.0,0.0,-105.0,True
2,raw_safe,52,Platt vs Uncalibrated,calibration_decision_invariance,test_disagreement_count,0.0,0.0,0.0,False
2,raw_safe,62,Isotonic vs Uncalibrated,calibration_decision_invariance,test_disagreement_count,0.0,0.0,0.0,False
2,raw_safe,62,Platt vs Uncalibrated,calibration_decision_invariance,test_disagreement_count,0.0,0.0,0.0,False
2,raw_safe,72,Isotonic vs Uncalibrated,calibration_decision_invariance,test_disagreement_count,704.0,0.0,-704.0,True
2,raw_safe,72,Platt vs Uncalibrated,calibration_decision_invariance,test_disagreement_count,0.0,0.0,0.0,False
2,raw_safe,82,Isotonic vs Uncalibrated,calibration_decision_invariance,test_disagreement_count,0.0,26.0,26.0,True
2,raw_safe,82,Platt vs Uncalibrated,calibration_decision_invariance,test_disagreement_count,0.0,0.0,0.0,False
2,recipient_full_weight_2,42,Isotonic vs Uncalibrated,calibration_decision_invariance,test_disagreement_count,0.0,1162.0,1162.0,True
2,recipient_full_weight_2,42,Platt vs Uncalibrated,calibration_decision_invariance,test_disagreement_count,0.0,0.0,0.0,False
2,recipient_full_weight_2,52,Isotonic vs Uncalibrated,calibration_decision_invariance,test_disagreement_count,5.0,45.0,40.0,True
2,recipient_full_weight_2,52,Platt vs Uncalibrated,calibration_decision_invariance,test_disagreement_count,0.0,0.0,0.0,False
2,recipient_full_weight_2,62,Isotonic vs Uncalibrated,calibration_decision_invariance,test_disagreement_count,54.0,2309.0,2255.0,True
2,recipient_full_weight_2,62,Platt vs Uncalibrated,calibration_decision_invariance,test_disagreement_count,0.0,0.0,0.0,False
2,recipient_full_weight_2,72,Isotonic vs Uncalibrated,calibration_decision_invariance,test_disagreement_count,232.0,175.0,-57.0,True
2,recipient_full_weight_2,72,Platt vs Uncalibrated,calibration_decision_invariance,test_disagreement_count,0.0,0.0,0.0,False
2,recipient_full_weight_2,82,Isotonic vs Uncalibrated,calibration_decision_invariance,test_disagreement_count,623.0,8.0,-615.0,True
2,recipient_full_weight_2,82,Platt vs Uncalibrated,calibration_decision_invariance,test_disagreement_count,0.0,0.0,0.0,False
3,raw_safe,42,Isotonic vs Uncalibrated,calibration_decision_invariance,test_disagreement_count,1423.0,1592.0,169.0,True
3,raw_safe,42,Platt vs Uncalibrated,calibration_decision_invariance,test_disagreement_count,0.0,0.0,0.0,False
3,raw_safe,52,Isotonic vs Uncalibrated,calibration_decision_invariance,test_disagreement_count,2203.0,125.0,-2078.0,True
3,raw_safe,52,Platt vs Uncalibrated,calibration_decision_invariance,test_disagreement_count,0.0,0.0,0.0,False
3,raw_safe,62,Isotonic vs Uncalibrated,calibration_decision_invariance,test_disagreement_count,789.0,3470.0,2681.0,True
3,raw_safe,62,Platt vs Uncalibrated,calibration_decision_invariance,test_disagreement_count,0.0,0.0,0.0,False
3,raw_safe,72,Isotonic vs Uncalibrated,calibration_decision_invariance,test_disagreement_count,739.0,615.0,-124.0,True
3,raw_safe,72,Platt vs Uncalibrated,calibration_decision_invariance,test_disagreement_count,0.0,0.0,0.0,False
3,raw_safe,82,Isotonic vs Uncalibrated,calibration_decision_invariance,test_disagreement_count,107.0,1855.0,1748.0,True
3,raw_safe,82,Platt vs Uncalibrated,calibration_decision_invariance,test_disagreement_count,0.0,0.0,0.0,False
3,recipient_full_weight_2,42,Isotonic vs Uncalibrated,calibration_decision_invariance,test_disagreement_count,1043.0,505.0,-538.0,True
3,recipient_full_weight_2,42,Platt vs Uncalibrated,calibration_decision_invariance,test_disagreement_count,0.0,0.0,0.0,False
3,recipient_full_weight_2,52,Isotonic vs Uncalibrated,calibration_decision_invariance,test_disagreement_count,0.0,35499.0,35499.0,True
3,recipient_full_weight_2,52,Platt vs Uncalibrated,calibration_decision_invariance,test_disagreement_count,0.0,0.0,0.0,False
3,recipient_full_weight_2,62,Isotonic vs Uncalibrated,calibration_decision_invariance,test_disagreement_count,254.0,161.0,-93.0,True
3,recipient_full_weight_2,62,Platt vs Uncalibrated,calibration_decision_invariance,test_disagreement_count,0.0,0.0,0.0,False
3,recipient_full_weight_2,72,Isotonic vs Uncalibrated,calibration_decision_invariance,test_disagreement_count,499.0,154.0,-345.0,True
3,recipient_full_weight_2,72,Platt vs Uncalibrated,calibration_decision_invariance,test_disagreement_count,0.0,0.0,0.0,False
3,recipient_full_weight_2,82,Isotonic vs Uncalibrated,calibration_decision_invariance,test_disagreement_count,99.0,0.0,-99.0,True
3,recipient_full_weight_2,82,Platt vs Uncalibrated,calibration_decision_invariance,test_disagreement_count,0.0,0.0,0.0,False
1,raw_safe,42,Isotonic vs Uncalibrated,calibration_decision_invariance,test_disagreement_rate,0.0,0.0,0.0,False
1,raw_safe,42,Platt vs Uncalibrated,calibration_decision_invariance,test_disagreement_rate,0.0,0.0,0.0,False
1,raw_safe,52,Isotonic vs Uncalibrated,calibration_decision_invariance,test_disagreement_rate,0.0,0.0,0.0,False
1,raw_safe,52,Platt vs Uncalibrated,calibration_decision_invariance,test_disagreement_rate,0.0,0.0,0.0,False
1,raw_safe,62,Isotonic vs Uncalibrated,calibration_decision_invariance,test_disagreement_rate,0.0,0.0,0.0,False
1,raw_safe,62,Platt vs Uncalibrated,calibration_decision_invariance,test_disagreement_rate,0.0,0.0,0.0,False
1,raw_safe,72,Isotonic vs Uncalibrated,calibration_decision_invariance,test_disagreement_rate,0.0,0.0,0.0,False
1,raw_safe,72,Platt vs Uncalibrated,calibration_decision_invariance,test_disagreement_rate,0.0,0.0,0.0,False
1,raw_safe,82,Isotonic vs Uncalibrated,calibration_decision_invariance,test_disagreement_rate,0.00029408973004430017,0.0,-0.00029408973004430017,True
1,raw_safe,82,Platt vs Uncalibrated,calibration_decision_invariance,test_disagreement_rate,0.0,0.0,0.0,False
1,recipient_full_weight_2,42,Isotonic vs Uncalibrated,calibration_decision_invariance,test_disagreement_rate,2.489648508311536e-05,0.0012961732546396933,0.001271276769556578,True
1,recipient_full_weight_2,42,Platt vs Uncalibrated,calibration_decision_invariance,test_disagreement_rate,0.0,0.0,0.0,False
1,recipient_full_weight_2,52,Isotonic vs Uncalibrated,calibration_decision_invariance,test_disagreement_rate,0.001512461468799258,0.00013848669827482918,-0.0013739747705244288,True
1,recipient_full_weight_2,52,Platt vs Uncalibrated,calibration_decision_invariance,test_disagreement_rate,0.0,0.0,0.0,False
1,recipient_full_weight_2,62,Isotonic vs Uncalibrated,calibration_decision_invariance,test_disagreement_rate,0.0005492787021462326,0.0002987578209973843,-0.0002505208811488483,True
1,recipient_full_weight_2,62,Platt vs Uncalibrated,calibration_decision_invariance,test_disagreement_rate,0.0,0.0,0.0,False
1,recipient_full_weight_2,72,Isotonic vs Uncalibrated,calibration_decision_invariance,test_disagreement_rate,0.0009538465847468572,0.0,-0.0009538465847468572,True
1,recipient_full_weight_2,72,Platt vs Uncalibrated,calibration_decision_invariance,test_disagreement_rate,0.0,0.0,0.0,False
1,recipient_full_weight_2,82,Isotonic vs Uncalibrated,calibration_decision_invariance,test_disagreement_rate,0.0015731466511893517,0.001056544585714708,-0.0005166020654746436,True
1,recipient_full_weight_2,82,Platt vs Uncalibrated,calibration_decision_invariance,test_disagreement_rate,0.0,0.0,0.0,False
2,raw_safe,42,Isotonic vs Uncalibrated,calibration_decision_invariance,test_disagreement_rate,0.0,0.0,0.0,False
2,raw_safe,42,Platt vs Uncalibrated,calibration_decision_invariance,test_disagreement_rate,0.0,0.0,0.0,False
2,raw_safe,52,Isotonic vs Uncalibrated,calibration_decision_invariance,test_disagreement_rate,0.00017340754075077208,0.0,-0.00017340754075077208,True
2,raw_safe,52,Platt vs Uncalibrated,calibration_decision_invariance,test_disagreement_rate,0.0,0.0,0.0,False
2,raw_safe,62,Isotonic vs Uncalibrated,calibration_decision_invariance,test_disagreement_rate,0.0,0.0,0.0,False
2,raw_safe,62,Platt vs Uncalibrated,calibration_decision_invariance,test_disagreement_rate,0.0,0.0,0.0,False
2,raw_safe,72,Isotonic vs Uncalibrated,calibration_decision_invariance,test_disagreement_rate,0.0011626562732242243,0.0,-0.0011626562732242243,True
2,raw_safe,72,Platt vs Uncalibrated,calibration_decision_invariance,test_disagreement_rate,0.0,0.0,0.0,False
2,raw_safe,82,Isotonic vs Uncalibrated,calibration_decision_invariance,test_disagreement_rate,0.0,4.293901009066737e-05,4.293901009066737e-05,True
2,raw_safe,82,Platt vs Uncalibrated,calibration_decision_invariance,test_disagreement_rate,0.0,0.0,0.0,False
2,recipient_full_weight_2,42,Isotonic vs Uncalibrated,calibration_decision_invariance,test_disagreement_rate,0.0,0.001919043450975211,0.001919043450975211,True
2,recipient_full_weight_2,42,Platt vs Uncalibrated,calibration_decision_invariance,test_disagreement_rate,0.0,0.0,0.0,False
2,recipient_full_weight_2,52,Isotonic vs Uncalibrated,calibration_decision_invariance,test_disagreement_rate,8.257501940512956e-06,7.431751746461661e-05,6.606001552410365e-05,True
2,recipient_full_weight_2,52,Platt vs Uncalibrated,calibration_decision_invariance,test_disagreement_rate,0.0,0.0,0.0,False
2,recipient_full_weight_2,62,Isotonic vs Uncalibrated,calibration_decision_invariance,test_disagreement_rate,8.918102095753993e-05,0.003813314396128883,0.0037241333751713433,True
2,recipient_full_weight_2,62,Platt vs Uncalibrated,calibration_decision_invariance,test_disagreement_rate,0.0,0.0,0.0,False
2,recipient_full_weight_2,72,Isotonic vs Uncalibrated,calibration_decision_invariance,test_disagreement_rate,0.0003831480900398012,0.00028901256791795345,-9.413552212184773e-05,True
2,recipient_full_weight_2,72,Platt vs Uncalibrated,calibration_decision_invariance,test_disagreement_rate,0.0,0.0,0.0,False
2,recipient_full_weight_2,82,Isotonic vs Uncalibrated,calibration_decision_invariance,test_disagreement_rate,0.0010288847417879144,1.321200310482073e-05,-0.0010156727386830937,True
2,recipient_full_weight_2,82,Platt vs Uncalibrated,calibration_decision_invariance,test_disagreement_rate,0.0,0.0,0.0,False
3,raw_safe,42,Isotonic vs Uncalibrated,calibration_decision_invariance,test_disagreement_rate,0.002234880788034985,0.002500302329270342,0.00026542154123535694,True
3,raw_safe,42,Platt vs Uncalibrated,calibration_decision_invariance,test_disagreement_rate,0.0,0.0,0.0,False
3,raw_safe,52,Isotonic vs Uncalibrated,calibration_decision_invariance,test_disagreement_rate,0.003459903286044324,0.00019631770801431707,-0.003263585578030007,True
3,raw_safe,52,Platt vs Uncalibrated,calibration_decision_invariance,test_disagreement_rate,0.0,0.0,0.0,False
3,raw_safe,62,Isotonic vs Uncalibrated,calibration_decision_invariance,test_disagreement_rate,0.0012391573729863693,0.005449779574477441,0.004210622201491072,True
3,raw_safe,62,Platt vs Uncalibrated,calibration_decision_invariance,test_disagreement_rate,0.0,0.0,0.0,False
3,raw_safe,72,Isotonic vs Uncalibrated,calibration_decision_invariance,test_disagreement_rate,0.0011606302897806424,0.00096588312343044,-0.00019474716635020238,True
3,raw_safe,72,Platt vs Uncalibrated,calibration_decision_invariance,test_disagreement_rate,0.0,0.0,0.0,False
3,raw_safe,82,Isotonic vs Uncalibrated,calibration_decision_invariance,test_disagreement_rate,0.0001680479580602554,0.0029133547869324653,0.00274530682887221,True
3,raw_safe,82,Platt vs Uncalibrated,calibration_decision_invariance,test_disagreement_rate,0.0,0.0,0.0,False
3,recipient_full_weight_2,42,Isotonic vs Uncalibrated,calibration_decision_invariance,test_disagreement_rate,0.0016380749556714615,0.000793123540377841,-0.0008449514152936205,True
3,recipient_full_weight_2,42,Platt vs Uncalibrated,calibration_decision_invariance,test_disagreement_rate,0.0,0.0,0.0,False
3,recipient_full_weight_2,52,Isotonic vs Uncalibrated,calibration_decision_invariance,test_disagreement_rate,0.0,0.05575265853440193,0.05575265853440193,True
3,recipient_full_weight_2,52,Platt vs Uncalibrated,calibration_decision_invariance,test_disagreement_rate,0.0,0.0,0.0,False
3,recipient_full_weight_2,62,Isotonic vs Uncalibrated,calibration_decision_invariance,test_disagreement_rate,0.0003989175826850923,0.0002528572079224404,-0.0001460603747626519,True
3,recipient_full_weight_2,62,Platt vs Uncalibrated,calibration_decision_invariance,test_disagreement_rate,0.0,0.0,0.0,False
3,recipient_full_weight_2,72,Isotonic vs Uncalibrated,calibration_decision_invariance,test_disagreement_rate,0.0007837002903931537,0.00024186341627363862,-0.000541836874119515,True
3,recipient_full_weight_2,72,Platt vs Uncalibrated,calibration_decision_invariance,test_disagreement_rate,0.0,0.0,0.0,False
3,recipient_full_weight_2,82,Isotonic vs Uncalibrated,calibration_decision_invariance,test_disagreement_rate,0.0001554836247473391,0.0,-0.0001554836247473391,True
3,recipient_full_weight_2,82,Platt vs Uncalibrated,calibration_decision_invariance,test_disagreement_rate,0.0,0.0,0.0,False
1,raw_safe,42,Isotonic vs Uncalibrated,calibration_decision_invariance,test_jaccard,1.0,1.0,0.0,False
1,raw_safe,42,Platt vs Uncalibrated,calibration_decision_invariance,test_jaccard,1.0,1.0,0.0,False
1,raw_safe,52,Isotonic vs Uncalibrated,calibration_decision_invariance,test_jaccard,1.0,1.0,0.0,False
1,raw_safe,52,Platt vs Uncalibrated,calibration_decision_invariance,test_jaccard,1.0,1.0,0.0,False
1,raw_safe,62,Isotonic vs Uncalibrated,calibration_decision_invariance,test_jaccard,1.0,1.0,0.0,False
1,raw_safe,62,Platt vs Uncalibrated,calibration_decision_invariance,test_jaccard,1.0,1.0,0.0,False
1,raw_safe,72,Isotonic vs Uncalibrated,calibration_decision_invariance,test_jaccard,1.0,1.0,0.0,False
1,raw_safe,72,Platt vs Uncalibrated,calibration_decision_invariance,test_jaccard,1.0,1.0,0.0,False
1,raw_safe,82,Isotonic vs Uncalibrated,calibration_decision_invariance,test_jaccard,0.27586206896551724,1.0,0.7241379310344828,True
1,raw_safe,82,Platt vs Uncalibrated,calibration_decision_invariance,test_jaccard,1.0,1.0,0.0,False
1,recipient_full_weight_2,42,Isotonic vs Uncalibrated,calibration_decision_invariance,test_jaccard,0.9970165951892598,0.8921822417809993,-0.10483435340826053,True
1,recipient_full_weight_2,42,Platt vs Uncalibrated,calibration_decision_invariance,test_jaccard,1.0,1.0,0.0,False
1,recipient_full_weight_2,52,Isotonic vs Uncalibrated,calibration_decision_invariance,test_jaccard,0.826645264847512,0.9893642447418738,0.1627189798943618,True
1,recipient_full_weight_2,52,Platt vs Uncalibrated,calibration_decision_invariance,test_jaccard,1.0,1.0,0.0,False
1,recipient_full_weight_2,62,Isotonic vs Uncalibrated,calibration_decision_invariance,test_jaccard,0.9370766488413548,0.9736697750959956,0.03659312625464084,True
1,recipient_full_weight_2,62,Platt vs Uncalibrated,calibration_decision_invariance,test_jaccard,1.0,1.0,0.0,False
1,recipient_full_weight_2,72,Isotonic vs Uncalibrated,calibration_decision_invariance,test_jaccard,0.922336247307741,1.0,0.077663752692259,True
1,recipient_full_weight_2,72,Platt vs Uncalibrated,calibration_decision_invariance,test_jaccard,1.0,1.0,0.0,False
1,recipient_full_weight_2,82,Isotonic vs Uncalibrated,calibration_decision_invariance,test_jaccard,0.8818787241500176,0.9201552210724365,0.03827649692241897,True
1,recipient_full_weight_2,82,Platt vs Uncalibrated,calibration_decision_invariance,test_jaccard,1.0,1.0,0.0,False
2,raw_safe,42,Isotonic vs Uncalibrated,calibration_decision_invariance,test_jaccard,1.0,1.0,0.0,False
2,raw_safe,42,Platt vs Uncalibrated,calibration_decision_invariance,test_jaccard,1.0,1.0,0.0,False
2,raw_safe,52,Isotonic vs Uncalibrated,calibration_decision_invariance,test_jaccard,0.7619047619047619,1.0,0.23809523809523814,True
2,raw_safe,52,Platt vs Uncalibrated,calibration_decision_invariance,test_jaccard,1.0,1.0,0.0,False
2,raw_safe,62,Isotonic vs Uncalibrated,calibration_decision_invariance,test_jaccard,1.0,1.0,0.0,False
2,raw_safe,62,Platt vs Uncalibrated,calibration_decision_invariance,test_jaccard,1.0,1.0,0.0,False
2,raw_safe,72,Isotonic vs Uncalibrated,calibration_decision_invariance,test_jaccard,0.09161290322580645,1.0,0.9083870967741936,True
2,raw_safe,72,Platt vs Uncalibrated,calibration_decision_invariance,test_jaccard,1.0,1.0,0.0,False
2,raw_safe,82,Isotonic vs Uncalibrated,calibration_decision_invariance,test_jaccard,1.0,0.7142857142857143,-0.2857142857142857,True
2,raw_safe,82,Platt vs Uncalibrated,calibration_decision_invariance,test_jaccard,1.0,1.0,0.0,False
2,recipient_full_weight_2,42,Isotonic vs Uncalibrated,calibration_decision_invariance,test_jaccard,1.0,0.8475865687303253,-0.15241343126967466,True
2,recipient_full_weight_2,42,Platt vs Uncalibrated,calibration_decision_invariance,test_jaccard,1.0,1.0,0.0,False
2,recipient_full_weight_2,52,Isotonic vs Uncalibrated,calibration_decision_invariance,test_jaccard,0.9994599848795767,0.9951081639308621,-0.004351820948714558,True
2,recipient_full_weight_2,52,Platt vs Uncalibrated,calibration_decision_invariance,test_jaccard,1.0,1.0,0.0,False
2,recipient_full_weight_2,62,Isotonic vs Uncalibrated,calibration_decision_invariance,test_jaccard,0.9932835820895523,0.6924613745338306,-0.30082220755572164,True
2,recipient_full_weight_2,62,Platt vs Uncalibrated,calibration_decision_invariance,test_jaccard,1.0,1.0,0.0,False
2,recipient_full_weight_2,72,Isotonic vs Uncalibrated,calibration_decision_invariance,test_jaccard,0.9722521229518,0.9847108160055915,0.012458693053791547,True
2,recipient_full_weight_2,72,Platt vs Uncalibrated,calibration_decision_invariance,test_jaccard,1.0,1.0,0.0,False
2,recipient_full_weight_2,82,Isotonic vs Uncalibrated,calibration_decision_invariance,test_jaccard,0.9251381879355924,0.999028418751518,0.0738902308159256,True
2,recipient_full_weight_2,82,Platt vs Uncalibrated,calibration_decision_invariance,test_jaccard,1.0,1.0,0.0,False
3,raw_safe,42,Isotonic vs Uncalibrated,calibration_decision_invariance,test_jaccard,0.7688809485138867,0.694375119984642,-0.0745058285292447,True
3,raw_safe,42,Platt vs Uncalibrated,calibration_decision_invariance,test_jaccard,1.0,1.0,0.0,False
3,raw_safe,52,Isotonic vs Uncalibrated,calibration_decision_invariance,test_jaccard,0.6164025770503221,0.9740178757015173,0.35761529865119523,True
3,raw_safe,52,Platt vs Uncalibrated,calibration_decision_invariance,test_jaccard,1.0,1.0,0.0,False
3,raw_safe,62,Isotonic vs Uncalibrated,calibration_decision_invariance,test_jaccard,0.9221355965656765,0.6592025142408171,-0.26293308232485935,True
3,raw_safe,62,Platt vs Uncalibrated,calibration_decision_invariance,test_jaccard,1.0,1.0,0.0,False
3,raw_safe,72,Isotonic vs Uncalibrated,calibration_decision_invariance,test_jaccard,0.8391029827999129,0.9043843283582089,0.06528134555829601,True
3,raw_safe,72,Platt vs Uncalibrated,calibration_decision_invariance,test_jaccard,1.0,1.0,0.0,False
3,raw_safe,82,Isotonic vs Uncalibrated,calibration_decision_invariance,test_jaccard,0.9887781856318826,0.7070898468340439,-0.2816883387978387,True
3,raw_safe,82,Platt vs Uncalibrated,calibration_decision_invariance,test_jaccard,1.0,1.0,0.0,False
3,recipient_full_weight_2,42,Isotonic vs Uncalibrated,calibration_decision_invariance,test_jaccard,0.9110220098959222,0.9674445590510572,0.056422549155135004,True
3,recipient_full_weight_2,42,Platt vs Uncalibrated,calibration_decision_invariance,test_jaccard,1.0,1.0,0.0,False
3,recipient_full_weight_2,52,Isotonic vs Uncalibrated,calibration_decision_invariance,test_jaccard,1.0,0.2791642130485106,-0.7208357869514894,True
3,recipient_full_weight_2,52,Platt vs Uncalibrated,calibration_decision_invariance,test_jaccard,1.0,1.0,0.0,False
3,recipient_full_weight_2,62,Isotonic vs Uncalibrated,calibration_decision_invariance,test_jaccard,0.9879837259911061,0.9894874306235717,0.00150370463246563,True
3,recipient_full_weight_2,62,Platt vs Uncalibrated,calibration_decision_invariance,test_jaccard,1.0,1.0,0.0,False
3,recipient_full_weight_2,72,Isotonic vs Uncalibrated,calibration_decision_invariance,test_jaccard,0.9686419908251116,0.9895195317816796,0.02087754095656802,True
3,recipient_full_weight_2,72,Platt vs Uncalibrated,calibration_decision_invariance,test_jaccard,1.0,1.0,0.0,False
3,recipient_full_weight_2,82,Isotonic vs Uncalibrated,calibration_decision_invariance,test_jaccard,0.9948137670909948,1.0,0.005186232909005217,True
3,recipient_full_weight_2,82,Platt vs Uncalibrated,calibration_decision_invariance,test_jaccard,1.0,1.0,0.0,False
1,raw_safe,42,Isotonic vs Uncalibrated,calibration_decision_invariance,recall_difference,0.0,0.0,0.0,False
1,raw_safe,42,Platt vs Uncalibrated,calibration_decision_invariance,recall_difference,0.0,0.0,0.0,False
1,raw_safe,52,Isotonic vs Uncalibrated,calibration_decision_invariance,recall_difference,0.0,0.0,0.0,False
1,raw_safe,52,Platt vs Uncalibrated,calibration_decision_invariance,recall_difference,0.0,0.0,0.0,False
1,raw_safe,62,Isotonic vs Uncalibrated,calibration_decision_invariance,recall_difference,0.0,0.0,0.0,False
1,raw_safe,62,Platt vs Uncalibrated,calibration_decision_invariance,recall_difference,0.0,0.0,0.0,False
1,raw_safe,72,Isotonic vs Uncalibrated,calibration_decision_invariance,recall_difference,0.0,0.0,0.0,False
1,raw_safe,72,Platt vs Uncalibrated,calibration_decision_invariance,recall_difference,0.0,0.0,0.0,False
1,raw_safe,82,Isotonic vs Uncalibrated,calibration_decision_invariance,recall_difference,-0.022088353413654616,0.0,0.022088353413654616,True
1,raw_safe,82,Platt vs Uncalibrated,calibration_decision_invariance,recall_difference,0.0,0.0,0.0,False
1,recipient_full_weight_2,42,Isotonic vs Uncalibrated,calibration_decision_invariance,recall_difference,0.00200803212851397,0.016064257028112428,0.014056224899598457,True
1,recipient_full_weight_2,42,Platt vs Uncalibrated,calibration_decision_invariance,recall_difference,0.0,0.0,0.0,False
1,recipient_full_weight_2,52,Isotonic vs Uncalibrated,calibration_decision_invariance,recall_difference,-0.02008032128514048,0.002008032128514081,0.02208835341365456,True
1,recipient_full_weight_2,52,Platt vs Uncalibrated,calibration_decision_invariance,recall_difference,0.0,0.0,0.0,False
1,recipient_full_weight_2,62,Isotonic vs Uncalibrated,calibration_decision_invariance,recall_difference,-0.008032128514056214,0.012048192771084376,0.02008032128514059,True
1,recipient_full_weight_2,62,Platt vs Uncalibrated,calibration_decision_invariance,recall_difference,0.0,0.0,0.0,False
1,recipient_full_weight_2,72,Isotonic vs Uncalibrated,calibration_decision_invariance,recall_difference,0.014056224899598346,0.0,-0.014056224899598346,True
1,recipient_full_weight_2,72,Platt vs Uncalibrated,calibration_decision_invariance,recall_difference,0.0,0.0,0.0,False
1,recipient_full_weight_2,82,Isotonic vs Uncalibrated,calibration_decision_invariance,recall_difference,0.054216867469879526,0.03614457831325302,-0.01807228915662651,True
1,recipient_full_weight_2,82,Platt vs Uncalibrated,calibration_decision_invariance,recall_difference,0.0,0.0,0.0,False
2,raw_safe,42,Isotonic vs Uncalibrated,calibration_decision_invariance,recall_difference,0.0,0.0,0.0,False
2,raw_safe,42,Platt vs Uncalibrated,calibration_decision_invariance,recall_difference,0.0,0.0,0.0,False
2,raw_safe,52,Isotonic vs Uncalibrated,calibration_decision_invariance,recall_difference,-0.0032051282051281937,0.0,0.0032051282051281937,True
2,raw_safe,52,Platt vs Uncalibrated,calibration_decision_invariance,recall_difference,0.0,0.0,0.0,False
2,raw_safe,62,Isotonic vs Uncalibrated,calibration_decision_invariance,recall_difference,0.0,0.0,0.0,False
2,raw_safe,62,Platt vs Uncalibrated,calibration_decision_invariance,recall_difference,0.0,0.0,0.0,False
2,raw_safe,72,Isotonic vs Uncalibrated,calibration_decision_invariance,recall_difference,0.041666666666666685,0.0,-0.041666666666666685,True
2,raw_safe,72,Platt vs Uncalibrated,calibration_decision_invariance,recall_difference,0.0,0.0,0.0,False
2,raw_safe,82,Isotonic vs Uncalibrated,calibration_decision_invariance,recall_difference,0.0,0.025641025641025647,0.025641025641025647,True
2,raw_safe,82,Platt vs Uncalibrated,calibration_decision_invariance,recall_difference,0.0,0.0,0.0,False
2,recipient_full_weight_2,42,Isotonic vs Uncalibrated,calibration_decision_invariance,recall_difference,0.0,0.038461538461538436,0.038461538461538436,True
2,recipient_full_weight_2,42,Platt vs Uncalibrated,calibration_decision_invariance,recall_difference,0.0,0.0,0.0,False
2,recipient_full_weight_2,52,Isotonic vs Uncalibrated,calibration_decision_invariance,recall_difference,0.0,0.0,0.0,False
2,recipient_full_weight_2,52,Platt vs Uncalibrated,calibration_decision_invariance,recall_difference,0.0,0.0,0.0,False
2,recipient_full_weight_2,62,Isotonic vs Uncalibrated,calibration_decision_invariance,recall_difference,-0.0032051282051281937,0.0641025641025641,0.06730769230769229,True
2,recipient_full_weight_2,62,Platt vs Uncalibrated,calibration_decision_invariance,recall_difference,0.0,0.0,0.0,False
2,recipient_full_weight_2,72,Isotonic vs Uncalibrated,calibration_decision_invariance,recall_difference,-0.009615384615384581,-0.0064102564102563875,0.0032051282051281937,True
2,recipient_full_weight_2,72,Platt vs Uncalibrated,calibration_decision_invariance,recall_difference,0.0,0.0,0.0,False
2,recipient_full_weight_2,82,Isotonic vs Uncalibrated,calibration_decision_invariance,recall_difference,-0.01602564102564108,0.0,0.01602564102564108,True
2,recipient_full_weight_2,82,Platt vs Uncalibrated,calibration_decision_invariance,recall_difference,0.0,0.0,0.0,False
3,raw_safe,42,Isotonic vs Uncalibrated,calibration_decision_invariance,recall_difference,-0.02072263549415515,-0.02072263549415515,0.0,False
3,raw_safe,42,Platt vs Uncalibrated,calibration_decision_invariance,recall_difference,0.0,0.0,0.0,False
3,raw_safe,52,Isotonic vs Uncalibrated,calibration_decision_invariance,recall_difference,0.025239107332624855,-0.002125398512221044,-0.0273645058448459,True
3,raw_safe,52,Platt vs Uncalibrated,calibration_decision_invariance,recall_difference,0.0,0.0,0.0,False
3,raw_safe,62,Isotonic vs Uncalibrated,calibration_decision_invariance,recall_difference,0.006907545164718365,0.038257173219978735,0.03134962805526037,True
3,raw_safe,62,Platt vs Uncalibrated,calibration_decision_invariance,recall_difference,0.0,0.0,0.0,False
3,raw_safe,72,Isotonic vs Uncalibrated,calibration_decision_invariance,recall_difference,0.008501594048884176,-0.011689691817215742,-0.020191285866099917,True
3,raw_safe,72,Platt vs Uncalibrated,calibration_decision_invariance,recall_difference,0.0,0.0,0.0,False
3,raw_safe,82,Isotonic vs Uncalibrated,calibration_decision_invariance,recall_difference,0.0015940488841658107,0.029489904357066943,0.027895855472901132,True
3,raw_safe,82,Platt vs Uncalibrated,calibration_decision_invariance,recall_difference,0.0,0.0,0.0,False
3,recipient_full_weight_2,42,Isotonic vs Uncalibrated,calibration_decision_invariance,recall_difference,0.03560042507970251,-0.01540913921360254,-0.051009564293305054,True
3,recipient_full_weight_2,42,Platt vs Uncalibrated,calibration_decision_invariance,recall_difference,0.0,0.0,0.0,False
3,recipient_full_weight_2,52,Isotonic vs Uncalibrated,calibration_decision_invariance,recall_difference,0.0,-0.22741764080765148,-0.22741764080765148,True
3,recipient_full_weight_2,52,Platt vs Uncalibrated,calibration_decision_invariance,recall_difference,0.0,0.0,0.0,False
3,recipient_full_weight_2,62,Isotonic vs Uncalibrated,calibration_decision_invariance,recall_difference,-0.007438894792773709,-0.002125398512221044,0.005313496280552665,True
3,recipient_full_weight_2,62,Platt vs Uncalibrated,calibration_decision_invariance,recall_difference,0.0,0.0,0.0,False
3,recipient_full_weight_2,72,Isotonic vs Uncalibrated,calibration_decision_invariance,recall_difference,-0.007970244420828831,0.013283740701381608,0.02125398512221044,True
3,recipient_full_weight_2,72,Platt vs Uncalibrated,calibration_decision_invariance,recall_difference,0.0,0.0,0.0,False
3,recipient_full_weight_2,82,Isotonic vs Uncalibrated,calibration_decision_invariance,recall_difference,0.0015940488841656997,0.0,-0.0015940488841656997,True
3,recipient_full_weight_2,82,Platt vs Uncalibrated,calibration_decision_invariance,recall_difference,0.0,0.0,0.0,False
1,raw_safe,42,Isotonic vs Uncalibrated,calibration_decision_invariance,fp_difference,0.0,0.0,0.0,False
1,raw_safe,42,Platt vs Uncalibrated,calibration_decision_invariance,fp_difference,0.0,0.0,0.0,False
1,raw_safe,52,Isotonic vs Uncalibrated,calibration_decision_invariance,fp_difference,0.0,0.0,0.0,False
1,raw_safe,52,Platt vs Uncalibrated,calibration_decision_invariance,fp_difference,0.0,0.0,0.0,False
1,raw_safe,62,Isotonic vs Uncalibrated,calibration_decision_invariance,fp_difference,0.0,0.0,0.0,False
1,raw_safe,62,Platt vs Uncalibrated,calibration_decision_invariance,fp_difference,0.0,0.0,0.0,False
1,raw_safe,72,Isotonic vs Uncalibrated,calibration_decision_invariance,fp_difference,0.0,0.0,0.0,False
1,raw_safe,72,Platt vs Uncalibrated,calibration_decision_invariance,fp_difference,0.0,0.0,0.0,False
1,raw_safe,82,Isotonic vs Uncalibrated,calibration_decision_invariance,fp_difference,-178.0,0.0,178.0,True
1,raw_safe,82,Platt vs Uncalibrated,calibration_decision_invariance,fp_difference,0.0,0.0,0.0,False
1,recipient_full_weight_2,42,Isotonic vs Uncalibrated,calibration_decision_invariance,fp_difference,15.0,825.0,810.0,True
1,recipient_full_weight_2,42,Platt vs Uncalibrated,calibration_decision_invariance,fp_difference,0.0,0.0,0.0,False
1,recipient_full_weight_2,52,Isotonic vs Uncalibrated,calibration_decision_invariance,fp_difference,-962.0,88.0,1050.0,True
1,recipient_full_weight_2,52,Platt vs Uncalibrated,calibration_decision_invariance,fp_difference,0.0,0.0,0.0,False
1,recipient_full_weight_2,62,Isotonic vs Uncalibrated,calibration_decision_invariance,fp_difference,-349.0,186.0,535.0,True
1,recipient_full_weight_2,62,Platt vs Uncalibrated,calibration_decision_invariance,fp_difference,0.0,0.0,0.0,False
1,recipient_full_weight_2,72,Isotonic vs Uncalibrated,calibration_decision_invariance,fp_difference,606.0,0.0,-606.0,True
1,recipient_full_weight_2,72,Platt vs Uncalibrated,calibration_decision_invariance,fp_difference,0.0,0.0,0.0,False
1,recipient_full_weight_2,82,Isotonic vs Uncalibrated,calibration_decision_invariance,fp_difference,984.0,661.0,-323.0,True
1,recipient_full_weight_2,82,Platt vs Uncalibrated,calibration_decision_invariance,fp_difference,0.0,0.0,0.0,False
2,raw_safe,42,Isotonic vs Uncalibrated,calibration_decision_invariance,fp_difference,0.0,0.0,0.0,False
2,raw_safe,42,Platt vs Uncalibrated,calibration_decision_invariance,fp_difference,0.0,0.0,0.0,False
2,raw_safe,52,Isotonic vs Uncalibrated,calibration_decision_invariance,fp_difference,-104.0,0.0,104.0,True
2,raw_safe,52,Platt vs Uncalibrated,calibration_decision_invariance,fp_difference,0.0,0.0,0.0,False
2,raw_safe,62,Isotonic vs Uncalibrated,calibration_decision_invariance,fp_difference,0.0,0.0,0.0,False
2,raw_safe,62,Platt vs Uncalibrated,calibration_decision_invariance,fp_difference,0.0,0.0,0.0,False
2,raw_safe,72,Isotonic vs Uncalibrated,calibration_decision_invariance,fp_difference,691.0,0.0,-691.0,True
2,raw_safe,72,Platt vs Uncalibrated,calibration_decision_invariance,fp_difference,0.0,0.0,0.0,False
2,raw_safe,82,Isotonic vs Uncalibrated,calibration_decision_invariance,fp_difference,0.0,18.0,18.0,True
2,raw_safe,82,Platt vs Uncalibrated,calibration_decision_invariance,fp_difference,0.0,0.0,0.0,False
2,recipient_full_weight_2,42,Isotonic vs Uncalibrated,calibration_decision_invariance,fp_difference,0.0,1150.0,1150.0,True
2,recipient_full_weight_2,42,Platt vs Uncalibrated,calibration_decision_invariance,fp_difference,0.0,0.0,0.0,False
2,recipient_full_weight_2,52,Isotonic vs Uncalibrated,calibration_decision_invariance,fp_difference,5.0,45.0,40.0,True
2,recipient_full_weight_2,52,Platt vs Uncalibrated,calibration_decision_invariance,fp_difference,0.0,0.0,0.0,False
2,recipient_full_weight_2,62,Isotonic vs Uncalibrated,calibration_decision_invariance,fp_difference,-53.0,2289.0,2342.0,True
2,recipient_full_weight_2,62,Platt vs Uncalibrated,calibration_decision_invariance,fp_difference,0.0,0.0,0.0,False
2,recipient_full_weight_2,72,Isotonic vs Uncalibrated,calibration_decision_invariance,fp_difference,-229.0,-173.0,56.0,True
2,recipient_full_weight_2,72,Platt vs Uncalibrated,calibration_decision_invariance,fp_difference,0.0,0.0,0.0,False
2,recipient_full_weight_2,82,Isotonic vs Uncalibrated,calibration_decision_invariance,fp_difference,-618.0,-8.0,610.0,True
2,recipient_full_weight_2,82,Platt vs Uncalibrated,calibration_decision_invariance,fp_difference,0.0,0.0,0.0,False
3,raw_safe,42,Isotonic vs Uncalibrated,calibration_decision_invariance,fp_difference,-1345.0,-1514.0,-169.0,True
3,raw_safe,42,Platt vs Uncalibrated,calibration_decision_invariance,fp_difference,0.0,0.0,0.0,False
3,raw_safe,52,Isotonic vs Uncalibrated,calibration_decision_invariance,fp_difference,2108.0,-117.0,-2225.0,True
3,raw_safe,52,Platt vs Uncalibrated,calibration_decision_invariance,fp_difference,0.0,0.0,0.0,False
3,raw_safe,62,Isotonic vs Uncalibrated,calibration_decision_invariance,fp_difference,763.0,3326.0,2563.0,True
3,raw_safe,62,Platt vs Uncalibrated,calibration_decision_invariance,fp_difference,0.0,0.0,0.0,False
3,raw_safe,72,Isotonic vs Uncalibrated,calibration_decision_invariance,fp_difference,707.0,-571.0,-1278.0,True
3,raw_safe,72,Platt vs Uncalibrated,calibration_decision_invariance,fp_difference,0.0,0.0,0.0,False
3,raw_safe,82,Isotonic vs Uncalibrated,calibration_decision_invariance,fp_difference,101.0,1744.0,1643.0,True
3,raw_safe,82,Platt vs Uncalibrated,calibration_decision_invariance,fp_difference,0.0,0.0,0.0,False
3,recipient_full_weight_2,42,Isotonic vs Uncalibrated,calibration_decision_invariance,fp_difference,909.0,-447.0,-1356.0,True
3,recipient_full_weight_2,42,Platt vs Uncalibrated,calibration_decision_invariance,fp_difference,0.0,0.0,0.0,False
3,recipient_full_weight_2,52,Isotonic vs Uncalibrated,calibration_decision_invariance,fp_difference,0.0,-34643.0,-34643.0,True
3,recipient_full_weight_2,52,Platt vs Uncalibrated,calibration_decision_invariance,fp_difference,0.0,0.0,0.0,False
3,recipient_full_weight_2,62,Isotonic vs Uncalibrated,calibration_decision_invariance,fp_difference,-226.0,-153.0,73.0,True
3,recipient_full_weight_2,62,Platt vs Uncalibrated,calibration_decision_invariance,fp_difference,0.0,0.0,0.0,False
3,recipient_full_weight_2,72,Isotonic vs Uncalibrated,calibration_decision_invariance,fp_difference,-469.0,104.0,573.0,True
3,recipient_full_weight_2,72,Platt vs Uncalibrated,calibration_decision_invariance,fp_difference,0.0,0.0,0.0,False
3,recipient_full_weight_2,82,Isotonic vs Uncalibrated,calibration_decision_invariance,fp_difference,93.0,0.0,-93.0,True
3,recipient_full_weight_2,82,Platt vs Uncalibrated,calibration_decision_invariance,fp_difference,0.0,0.0,0.0,False
1,raw_safe,42,Isotonic vs Uncalibrated,calibration_decision_invariance,fn_difference,0.0,0.0,0.0,False
1,raw_safe,42,Platt vs Uncalibrated,calibration_decision_invariance,fn_difference,0.0,0.0,0.0,False
1,raw_safe,52,Isotonic vs Uncalibrated,calibration_decision_invariance,fn_difference,0.0,0.0,0.0,False
1,raw_safe,52,Platt vs Uncalibrated,calibration_decision_invariance,fn_difference,0.0,0.0,0.0,False
1,raw_safe,62,Isotonic vs Uncalibrated,calibration_decision_invariance,fn_difference,0.0,0.0,0.0,False
1,raw_safe,62,Platt vs Uncalibrated,calibration_decision_invariance,fn_difference,0.0,0.0,0.0,False
1,raw_safe,72,Isotonic vs Uncalibrated,calibration_decision_invariance,fn_difference,0.0,0.0,0.0,False
1,raw_safe,72,Platt vs Uncalibrated,calibration_decision_invariance,fn_difference,0.0,0.0,0.0,False
1,raw_safe,82,Isotonic vs Uncalibrated,calibration_decision_invariance,fn_difference,11.0,0.0,-11.0,True
1,raw_safe,82,Platt vs Uncalibrated,calibration_decision_invariance,fn_difference,0.0,0.0,0.0,False
1,recipient_full_weight_2,42,Isotonic vs Uncalibrated,calibration_decision_invariance,fn_difference,-1.0,-8.0,-7.0,True
1,recipient_full_weight_2,42,Platt vs Uncalibrated,calibration_decision_invariance,fn_difference,0.0,0.0,0.0,False
1,recipient_full_weight_2,52,Isotonic vs Uncalibrated,calibration_decision_invariance,fn_difference,10.0,-1.0,-11.0,True
1,recipient_full_weight_2,52,Platt vs Uncalibrated,calibration_decision_invariance,fn_difference,0.0,0.0,0.0,False
1,recipient_full_weight_2,62,Isotonic vs Uncalibrated,calibration_decision_invariance,fn_difference,4.0,-6.0,-10.0,True
1,recipient_full_weight_2,62,Platt vs Uncalibrated,calibration_decision_invariance,fn_difference,0.0,0.0,0.0,False
1,recipient_full_weight_2,72,Isotonic vs Uncalibrated,calibration_decision_invariance,fn_difference,-7.0,0.0,7.0,True
1,recipient_full_weight_2,72,Platt vs Uncalibrated,calibration_decision_invariance,fn_difference,0.0,0.0,0.0,False
1,recipient_full_weight_2,82,Isotonic vs Uncalibrated,calibration_decision_invariance,fn_difference,-27.0,-18.0,9.0,True
1,recipient_full_weight_2,82,Platt vs Uncalibrated,calibration_decision_invariance,fn_difference,0.0,0.0,0.0,False
2,raw_safe,42,Isotonic vs Uncalibrated,calibration_decision_invariance,fn_difference,0.0,0.0,0.0,False
2,raw_safe,42,Platt vs Uncalibrated,calibration_decision_invariance,fn_difference,0.0,0.0,0.0,False
2,raw_safe,52,Isotonic vs Uncalibrated,calibration_decision_invariance,fn_difference,1.0,0.0,-1.0,True
2,raw_safe,52,Platt vs Uncalibrated,calibration_decision_invariance,fn_difference,0.0,0.0,0.0,False
2,raw_safe,62,Isotonic vs Uncalibrated,calibration_decision_invariance,fn_difference,0.0,0.0,0.0,False
2,raw_safe,62,Platt vs Uncalibrated,calibration_decision_invariance,fn_difference,0.0,0.0,0.0,False
2,raw_safe,72,Isotonic vs Uncalibrated,calibration_decision_invariance,fn_difference,-13.0,0.0,13.0,True
2,raw_safe,72,Platt vs Uncalibrated,calibration_decision_invariance,fn_difference,0.0,0.0,0.0,False
2,raw_safe,82,Isotonic vs Uncalibrated,calibration_decision_invariance,fn_difference,0.0,-8.0,-8.0,True
2,raw_safe,82,Platt vs Uncalibrated,calibration_decision_invariance,fn_difference,0.0,0.0,0.0,False
2,recipient_full_weight_2,42,Isotonic vs Uncalibrated,calibration_decision_invariance,fn_difference,0.0,-12.0,-12.0,True
2,recipient_full_weight_2,42,Platt vs Uncalibrated,calibration_decision_invariance,fn_difference,0.0,0.0,0.0,False
2,recipient_full_weight_2,52,Isotonic vs Uncalibrated,calibration_decision_invariance,fn_difference,0.0,0.0,0.0,False
2,recipient_full_weight_2,52,Platt vs Uncalibrated,calibration_decision_invariance,fn_difference,0.0,0.0,0.0,False
2,recipient_full_weight_2,62,Isotonic vs Uncalibrated,calibration_decision_invariance,fn_difference,1.0,-20.0,-21.0,True
2,recipient_full_weight_2,62,Platt vs Uncalibrated,calibration_decision_invariance,fn_difference,0.0,0.0,0.0,False
2,recipient_full_weight_2,72,Isotonic vs Uncalibrated,calibration_decision_invariance,fn_difference,3.0,2.0,-1.0,True
2,recipient_full_weight_2,72,Platt vs Uncalibrated,calibration_decision_invariance,fn_difference,0.0,0.0,0.0,False
2,recipient_full_weight_2,82,Isotonic vs Uncalibrated,calibration_decision_invariance,fn_difference,5.0,0.0,-5.0,True
2,recipient_full_weight_2,82,Platt vs Uncalibrated,calibration_decision_invariance,fn_difference,0.0,0.0,0.0,False
3,raw_safe,42,Isotonic vs Uncalibrated,calibration_decision_invariance,fn_difference,78.0,78.0,0.0,False
3,raw_safe,42,Platt vs Uncalibrated,calibration_decision_invariance,fn_difference,0.0,0.0,0.0,False
3,raw_safe,52,Isotonic vs Uncalibrated,calibration_decision_invariance,fn_difference,-95.0,8.0,103.0,True
3,raw_safe,52,Platt vs Uncalibrated,calibration_decision_invariance,fn_difference,0.0,0.0,0.0,False
3,raw_safe,62,Isotonic vs Uncalibrated,calibration_decision_invariance,fn_difference,-26.0,-144.0,-118.0,True
3,raw_safe,62,Platt vs Uncalibrated,calibration_decision_invariance,fn_difference,0.0,0.0,0.0,False
3,raw_safe,72,Isotonic vs Uncalibrated,calibration_decision_invariance,fn_difference,-32.0,44.0,76.0,True
3,raw_safe,72,Platt vs Uncalibrated,calibration_decision_invariance,fn_difference,0.0,0.0,0.0,False
3,raw_safe,82,Isotonic vs Uncalibrated,calibration_decision_invariance,fn_difference,-6.0,-111.0,-105.0,True
3,raw_safe,82,Platt vs Uncalibrated,calibration_decision_invariance,fn_difference,0.0,0.0,0.0,False
3,recipient_full_weight_2,42,Isotonic vs Uncalibrated,calibration_decision_invariance,fn_difference,-134.0,58.0,192.0,True
3,recipient_full_weight_2,42,Platt vs Uncalibrated,calibration_decision_invariance,fn_difference,0.0,0.0,0.0,False
3,recipient_full_weight_2,52,Isotonic vs Uncalibrated,calibration_decision_invariance,fn_difference,0.0,856.0,856.0,True
3,recipient_full_weight_2,52,Platt vs Uncalibrated,calibration_decision_invariance,fn_difference,0.0,0.0,0.0,False
3,recipient_full_weight_2,62,Isotonic vs Uncalibrated,calibration_decision_invariance,fn_difference,28.0,8.0,-20.0,True
3,recipient_full_weight_2,62,Platt vs Uncalibrated,calibration_decision_invariance,fn_difference,0.0,0.0,0.0,False
3,recipient_full_weight_2,72,Isotonic vs Uncalibrated,calibration_decision_invariance,fn_difference,30.0,-50.0,-80.0,True
3,recipient_full_weight_2,72,Platt vs Uncalibrated,calibration_decision_invariance,fn_difference,0.0,0.0,0.0,False
3,recipient_full_weight_2,82,Isotonic vs Uncalibrated,calibration_decision_invariance,fn_difference,-6.0,0.0,6.0,True
3,recipient_full_weight_2,82,Platt vs Uncalibrated,calibration_decision_invariance,fn_difference,0.0,0.0,0.0,False
1,raw_safe,42,Isotonic vs Uncalibrated,calibration_decision_invariance,business_cost_difference,0.0,0.0,0.0,False
1,raw_safe,42,Platt vs Uncalibrated,calibration_decision_invariance,business_cost_difference,0.0,0.0,0.0,False
1,raw_safe,52,Isotonic vs Uncalibrated,calibration_decision_invariance,business_cost_difference,0.0,0.0,0.0,False
1,raw_safe,52,Platt vs Uncalibrated,calibration_decision_invariance,business_cost_difference,0.0,0.0,0.0,False
1,raw_safe,62,Isotonic vs Uncalibrated,calibration_decision_invariance,business_cost_difference,0.0,0.0,0.0,False
1,raw_safe,62,Platt vs Uncalibrated,calibration_decision_invariance,business_cost_difference,0.0,0.0,0.0,False
1,raw_safe,72,Isotonic vs Uncalibrated,calibration_decision_invariance,business_cost_difference,0.0,0.0,0.0,False
1,raw_safe,72,Platt vs Uncalibrated,calibration_decision_invariance,business_cost_difference,0.0,0.0,0.0,False
1,raw_safe,82,Isotonic vs Uncalibrated,calibration_decision_invariance,business_cost_difference,922.0,0.0,-922.0,True
1,raw_safe,82,Platt vs Uncalibrated,calibration_decision_invariance,business_cost_difference,0.0,0.0,0.0,False
1,recipient_full_weight_2,42,Isotonic vs Uncalibrated,calibration_decision_invariance,business_cost_difference,-85.0,25.0,110.0,True
1,recipient_full_weight_2,42,Platt vs Uncalibrated,calibration_decision_invariance,business_cost_difference,0.0,0.0,0.0,False
1,recipient_full_weight_2,52,Isotonic vs Uncalibrated,calibration_decision_invariance,business_cost_difference,38.0,-12.0,-50.0,True
1,recipient_full_weight_2,52,Platt vs Uncalibrated,calibration_decision_invariance,business_cost_difference,0.0,0.0,0.0,False
1,recipient_full_weight_2,62,Isotonic vs Uncalibrated,calibration_decision_invariance,business_cost_difference,51.0,-414.0,-465.0,True
1,recipient_full_weight_2,62,Platt vs Uncalibrated,calibration_decision_invariance,business_cost_difference,0.0,0.0,0.0,False
1,recipient_full_weight_2,72,Isotonic vs Uncalibrated,calibration_decision_invariance,business_cost_difference,-94.0,0.0,94.0,True
1,recipient_full_weight_2,72,Platt vs Uncalibrated,calibration_decision_invariance,business_cost_difference,0.0,0.0,0.0,False
1,recipient_full_weight_2,82,Isotonic vs Uncalibrated,calibration_decision_invariance,business_cost_difference,-1716.0,-1139.0,577.0,True
1,recipient_full_weight_2,82,Platt vs Uncalibrated,calibration_decision_invariance,business_cost_difference,0.0,0.0,0.0,False
2,raw_safe,42,Isotonic vs Uncalibrated,calibration_decision_invariance,business_cost_difference,0.0,0.0,0.0,False
2,raw_safe,42,Platt vs Uncalibrated,calibration_decision_invariance,business_cost_difference,0.0,0.0,0.0,False
2,raw_safe,52,Isotonic vs Uncalibrated,calibration_decision_invariance,business_cost_difference,-4.0,0.0,4.0,True
2,raw_safe,52,Platt vs Uncalibrated,calibration_decision_invariance,business_cost_difference,0.0,0.0,0.0,False
2,raw_safe,62,Isotonic vs Uncalibrated,calibration_decision_invariance,business_cost_difference,0.0,0.0,0.0,False
2,raw_safe,62,Platt vs Uncalibrated,calibration_decision_invariance,business_cost_difference,0.0,0.0,0.0,False
2,raw_safe,72,Isotonic vs Uncalibrated,calibration_decision_invariance,business_cost_difference,-609.0,0.0,609.0,True
2,raw_safe,72,Platt vs Uncalibrated,calibration_decision_invariance,business_cost_difference,0.0,0.0,0.0,False
2,raw_safe,82,Isotonic vs Uncalibrated,calibration_decision_invariance,business_cost_difference,0.0,-782.0,-782.0,True
2,raw_safe,82,Platt vs Uncalibrated,calibration_decision_invariance,business_cost_difference,0.0,0.0,0.0,False
2,recipient_full_weight_2,42,Isotonic vs Uncalibrated,calibration_decision_invariance,business_cost_difference,0.0,-50.0,-50.0,True
2,recipient_full_weight_2,42,Platt vs Uncalibrated,calibration_decision_invariance,business_cost_difference,0.0,0.0,0.0,False
2,recipient_full_weight_2,52,Isotonic vs Uncalibrated,calibration_decision_invariance,business_cost_difference,5.0,45.0,40.0,True
2,recipient_full_weight_2,52,Platt vs Uncalibrated,calibration_decision_invariance,business_cost_difference,0.0,0.0,0.0,False
2,recipient_full_weight_2,62,Isotonic vs Uncalibrated,calibration_decision_invariance,business_cost_difference,47.0,289.0,242.0,True
2,recipient_full_weight_2,62,Platt vs Uncalibrated,calibration_decision_invariance,business_cost_difference,0.0,0.0,0.0,False
2,recipient_full_weight_2,72,Isotonic vs Uncalibrated,calibration_decision_invariance,business_cost_difference,71.0,27.0,-44.0,True
2,recipient_full_weight_2,72,Platt vs Uncalibrated,calibration_decision_invariance,business_cost_difference,0.0,0.0,0.0,False
2,recipient_full_weight_2,82,Isotonic vs Uncalibrated,calibration_decision_invariance,business_cost_difference,-118.0,-8.0,110.0,True
2,recipient_full_weight_2,82,Platt vs Uncalibrated,calibration_decision_invariance,business_cost_difference,0.0,0.0,0.0,False
3,raw_safe,42,Isotonic vs Uncalibrated,calibration_decision_invariance,business_cost_difference,6455.0,6286.0,-169.0,True
3,raw_safe,42,Platt vs Uncalibrated,calibration_decision_invariance,business_cost_difference,0.0,0.0,0.0,False
3,raw_safe,52,Isotonic vs Uncalibrated,calibration_decision_invariance,business_cost_difference,-7392.0,683.0,8075.0,True
3,raw_safe,52,Platt vs Uncalibrated,calibration_decision_invariance,business_cost_difference,0.0,0.0,0.0,False
3,raw_safe,62,Isotonic vs Uncalibrated,calibration_decision_invariance,business_cost_difference,-1837.0,-11074.0,-9237.0,True
3,raw_safe,62,Platt vs Uncalibrated,calibration_decision_invariance,business_cost_difference,0.0,0.0,0.0,False
3,raw_safe,72,Isotonic vs Uncalibrated,calibration_decision_invariance,business_cost_difference,-2493.0,3829.0,6322.0,True
3,raw_safe,72,Platt vs Uncalibrated,calibration_decision_invariance,business_cost_difference,0.0,0.0,0.0,False
3,raw_safe,82,Isotonic vs Uncalibrated,calibration_decision_invariance,business_cost_difference,-499.0,-9356.0,-8857.0,True
3,raw_safe,82,Platt vs Uncalibrated,calibration_decision_invariance,business_cost_difference,0.0,0.0,0.0,False
3,recipient_full_weight_2,42,Isotonic vs Uncalibrated,calibration_decision_invariance,business_cost_difference,-12491.0,5353.0,17844.0,True
3,recipient_full_weight_2,42,Platt vs Uncalibrated,calibration_decision_invariance,business_cost_difference,0.0,0.0,0.0,False
3,recipient_full_weight_2,52,Isotonic vs Uncalibrated,calibration_decision_invariance,business_cost_difference,0.0,50957.0,50957.0,True
3,recipient_full_weight_2,52,Platt vs Uncalibrated,calibration_decision_invariance,business_cost_difference,0.0,0.0,0.0,False
3,recipient_full_weight_2,62,Isotonic vs Uncalibrated,calibration_decision_invariance,business_cost_difference,2574.0,647.0,-1927.0,True
3,recipient_full_weight_2,62,Platt vs Uncalibrated,calibration_decision_invariance,business_cost_difference,0.0,0.0,0.0,False
3,recipient_full_weight_2,72,Isotonic vs Uncalibrated,calibration_decision_invariance,business_cost_difference,2531.0,-4896.0,-7427.0,True
3,recipient_full_weight_2,72,Platt vs Uncalibrated,calibration_decision_invariance,business_cost_difference,0.0,0.0,0.0,False
3,recipient_full_weight_2,82,Isotonic vs Uncalibrated,calibration_decision_invariance,business_cost_difference,-507.0,0.0,507.0,True
3,recipient_full_weight_2,82,Platt vs Uncalibrated,calibration_decision_invariance,business_cost_difference,0.0,0.0,0.0,False
1,raw_safe,42,Isotonic vs Uncalibrated,calibration_decision_invariance,alert_rate_difference,0.0,0.0,0.0,False
1,raw_safe,42,Platt vs Uncalibrated,calibration_decision_invariance,alert_rate_difference,0.0,0.0,0.0,False
1,raw_safe,52,Isotonic vs Uncalibrated,calibration_decision_invariance,alert_rate_difference,0.0,0.0,0.0,False
1,raw_safe,52,Platt vs Uncalibrated,calibration_decision_invariance,alert_rate_difference,0.0,0.0,0.0,False
1,raw_safe,62,Isotonic vs Uncalibrated,calibration_decision_invariance,alert_rate_difference,0.0,0.0,0.0,False
1,raw_safe,62,Platt vs Uncalibrated,calibration_decision_invariance,alert_rate_difference,0.0,0.0,0.0,False
1,raw_safe,72,Isotonic vs Uncalibrated,calibration_decision_invariance,alert_rate_difference,0.0,0.0,0.0,False
1,raw_safe,72,Platt vs Uncalibrated,calibration_decision_invariance,alert_rate_difference,0.0,0.0,0.0,False
1,raw_safe,82,Isotonic vs Uncalibrated,calibration_decision_invariance,alert_rate_difference,-0.0002940897300443002,0.0,0.0002940897300443002,True
1,raw_safe,82,Platt vs Uncalibrated,calibration_decision_invariance,alert_rate_difference,0.0,0.0,0.0,False
1,recipient_full_weight_2,42,Isotonic vs Uncalibrated,calibration_decision_invariance,alert_rate_difference,2.4896485083114248e-05,0.0012961732546396924,0.0012712767695565782,True
1,recipient_full_weight_2,42,Platt vs Uncalibrated,calibration_decision_invariance,alert_rate_difference,0.0,0.0,0.0,False
1,recipient_full_weight_2,52,Isotonic vs Uncalibrated,calibration_decision_invariance,alert_rate_difference,-0.0015124614687992586,0.00013848669827482875,0.0016509481670740874,True
1,recipient_full_weight_2,52,Platt vs Uncalibrated,calibration_decision_invariance,alert_rate_difference,0.0,0.0,0.0,False
1,recipient_full_weight_2,62,Isotonic vs Uncalibrated,calibration_decision_invariance,alert_rate_difference,-0.0005492787021462338,0.0002987578209973831,0.0008480365231436169,True
1,recipient_full_weight_2,62,Platt vs Uncalibrated,calibration_decision_invariance,alert_rate_difference,0.0,0.0,0.0,False
1,recipient_full_weight_2,72,Isotonic vs Uncalibrated,calibration_decision_invariance,alert_rate_difference,0.0009538465847468564,0.0,-0.0009538465847468564,True
1,recipient_full_weight_2,72,Platt vs Uncalibrated,calibration_decision_invariance,alert_rate_difference,0.0,0.0,0.0,False
1,recipient_full_weight_2,82,Isotonic vs Uncalibrated,calibration_decision_invariance,alert_rate_difference,0.0015731466511893517,0.0010565445857147072,-0.0005166020654746445,True
1,recipient_full_weight_2,82,Platt vs Uncalibrated,calibration_decision_invariance,alert_rate_difference,0.0,0.0,0.0,False
2,raw_safe,42,Isotonic vs Uncalibrated,calibration_decision_invariance,alert_rate_difference,0.0,0.0,0.0,False
2,raw_safe,42,Platt vs Uncalibrated,calibration_decision_invariance,alert_rate_difference,0.0,0.0,0.0,False
2,raw_safe,52,Isotonic vs Uncalibrated,calibration_decision_invariance,alert_rate_difference,-0.00017340754075077206,0.0,0.00017340754075077206,True
2,raw_safe,52,Platt vs Uncalibrated,calibration_decision_invariance,alert_rate_difference,0.0,0.0,0.0,False
2,raw_safe,62,Isotonic vs Uncalibrated,calibration_decision_invariance,alert_rate_difference,0.0,0.0,0.0,False
2,raw_safe,62,Platt vs Uncalibrated,calibration_decision_invariance,alert_rate_difference,0.0,0.0,0.0,False
2,raw_safe,72,Isotonic vs Uncalibrated,calibration_decision_invariance,alert_rate_difference,0.0011626562732242243,0.0,-0.0011626562732242243,True
2,raw_safe,72,Platt vs Uncalibrated,calibration_decision_invariance,alert_rate_difference,0.0,0.0,0.0,False
2,raw_safe,82,Isotonic vs Uncalibrated,calibration_decision_invariance,alert_rate_difference,0.0,4.293901009066737e-05,4.293901009066737e-05,True
2,raw_safe,82,Platt vs Uncalibrated,calibration_decision_invariance,alert_rate_difference,0.0,0.0,0.0,False
2,recipient_full_weight_2,42,Isotonic vs Uncalibrated,calibration_decision_invariance,alert_rate_difference,0.0,0.0019190434509752108,0.0019190434509752108,True
2,recipient_full_weight_2,42,Platt vs Uncalibrated,calibration_decision_invariance,alert_rate_difference,0.0,0.0,0.0,False
2,recipient_full_weight_2,52,Isotonic vs Uncalibrated,calibration_decision_invariance,alert_rate_difference,8.25750194051282e-06,7.431751746461539e-05,6.606001552410257e-05,True
2,recipient_full_weight_2,52,Platt vs Uncalibrated,calibration_decision_invariance,alert_rate_difference,0.0,0.0,0.0,False
2,recipient_full_weight_2,62,Isotonic vs Uncalibrated,calibration_decision_invariance,alert_rate_difference,-8.91810209575402e-05,0.003813314396128883,0.0039024954170864233,True
2,recipient_full_weight_2,62,Platt vs Uncalibrated,calibration_decision_invariance,alert_rate_difference,0.0,0.0,0.0,False
2,recipient_full_weight_2,72,Isotonic vs Uncalibrated,calibration_decision_invariance,alert_rate_difference,-0.0003831480900398001,-0.00028901256791795393,9.413552212184616e-05,True
2,recipient_full_weight_2,72,Platt vs Uncalibrated,calibration_decision_invariance,alert_rate_difference,0.0,0.0,0.0,False
2,recipient_full_weight_2,82,Isotonic vs Uncalibrated,calibration_decision_invariance,alert_rate_difference,-0.0010288847417879148,-1.3212003104820513e-05,0.0010156727386830943,True
2,recipient_full_weight_2,82,Platt vs Uncalibrated,calibration_decision_invariance,alert_rate_difference,0.0,0.0,0.0,False
3,raw_safe,42,Isotonic vs Uncalibrated,calibration_decision_invariance,alert_rate_difference,-0.002234880788034986,-0.002500302329270342,-0.00026542154123535607,True
3,raw_safe,42,Platt vs Uncalibrated,calibration_decision_invariance,alert_rate_difference,0.0,0.0,0.0,False
3,raw_safe,52,Isotonic vs Uncalibrated,calibration_decision_invariance,alert_rate_difference,0.003459903286044325,-0.00019631770801431699,-0.0036562209940586418,True
3,raw_safe,52,Platt vs Uncalibrated,calibration_decision_invariance,alert_rate_difference,0.0,0.0,0.0,False
3,raw_safe,62,Isotonic vs Uncalibrated,calibration_decision_invariance,alert_rate_difference,0.0012391573729863704,0.005449779574477441,0.004210622201491071,True
3,raw_safe,62,Platt vs Uncalibrated,calibration_decision_invariance,alert_rate_difference,0.0,0.0,0.0,False
3,raw_safe,72,Isotonic vs Uncalibrated,calibration_decision_invariance,alert_rate_difference,0.0011606302897806432,-0.0009658831234304402,-0.0021265134132110834,True
3,raw_safe,72,Platt vs Uncalibrated,calibration_decision_invariance,alert_rate_difference,0.0,0.0,0.0,False
3,raw_safe,82,Isotonic vs Uncalibrated,calibration_decision_invariance,alert_rate_difference,0.00016804795806025542,0.0029133547869324653,0.00274530682887221,True
3,raw_safe,82,Platt vs Uncalibrated,calibration_decision_invariance,alert_rate_difference,0.0,0.0,0.0,False
3,recipient_full_weight_2,42,Isotonic vs Uncalibrated,calibration_decision_invariance,alert_rate_difference,0.0016380749556714619,-0.0007931235403778429,-0.002431198496049305,True
3,recipient_full_weight_2,42,Platt vs Uncalibrated,calibration_decision_invariance,alert_rate_difference,0.0,0.0,0.0,False
3,recipient_full_weight_2,52,Isotonic vs Uncalibrated,calibration_decision_invariance,alert_rate_difference,0.0,-0.05575265853440193,-0.05575265853440193,True
3,recipient_full_weight_2,52,Platt vs Uncalibrated,calibration_decision_invariance,alert_rate_difference,0.0,0.0,0.0,False
3,recipient_full_weight_2,62,Isotonic vs Uncalibrated,calibration_decision_invariance,alert_rate_difference,-0.00039891758268509325,-0.00025285720792244185,0.0001460603747626514,True
3,recipient_full_weight_2,62,Platt vs Uncalibrated,calibration_decision_invariance,alert_rate_difference,0.0,0.0,0.0,False
3,recipient_full_weight_2,72,Isotonic vs Uncalibrated,calibration_decision_invariance,alert_rate_difference,-0.0007837002903931557,0.00024186341627363897,0.0010255637066667947,True
3,recipient_full_weight_2,72,Platt vs Uncalibrated,calibration_decision_invariance,alert_rate_difference,0.0,0.0,0.0,False
3,recipient_full_weight_2,82,Isotonic vs Uncalibrated,calibration_decision_invariance,alert_rate_difference,0.00015548362474734206,0.0,-0.00015548362474734206,True
3,recipient_full_weight_2,82,Platt vs Uncalibrated,calibration_decision_invariance,alert_rate_difference,0.0,0.0,0.0,False
1,raw_safe,42,Isotonic vs Uncalibrated,calibration_decision_invariance,raw_pr_auc_difference,0.0,0.0,0.0,False
1,raw_safe,42,Platt vs Uncalibrated,calibration_decision_invariance,raw_pr_auc_difference,0.0,0.0,0.0,False
1,raw_safe,52,Isotonic vs Uncalibrated,calibration_decision_invariance,raw_pr_auc_difference,0.0,0.0,0.0,False
1,raw_safe,52,Platt vs Uncalibrated,calibration_decision_invariance,raw_pr_auc_difference,0.0,0.0,0.0,False
1,raw_safe,62,Isotonic vs Uncalibrated,calibration_decision_invariance,raw_pr_auc_difference,0.0,0.0,0.0,False
1,raw_safe,62,Platt vs Uncalibrated,calibration_decision_invariance,raw_pr_auc_difference,0.0,0.0,0.0,False
1,raw_safe,72,Isotonic vs Uncalibrated,calibration_decision_invariance,raw_pr_auc_difference,0.0,0.0,0.0,False
1,raw_safe,72,Platt vs Uncalibrated,calibration_decision_invariance,raw_pr_auc_difference,0.0,0.0,0.0,False
1,raw_safe,82,Isotonic vs Uncalibrated,calibration_decision_invariance,raw_pr_auc_difference,0.0,0.0,0.0,False
1,raw_safe,82,Platt vs Uncalibrated,calibration_decision_invariance,raw_pr_auc_difference,0.0,0.0,0.0,False
1,recipient_full_weight_2,42,Isotonic vs Uncalibrated,calibration_decision_invariance,raw_pr_auc_difference,0.0,0.0,0.0,False
1,recipient_full_weight_2,42,Platt vs Uncalibrated,calibration_decision_invariance,raw_pr_auc_difference,0.0,0.0,0.0,False
1,recipient_full_weight_2,52,Isotonic vs Uncalibrated,calibration_decision_invariance,raw_pr_auc_difference,0.0,0.0,0.0,False
1,recipient_full_weight_2,52,Platt vs Uncalibrated,calibration_decision_invariance,raw_pr_auc_difference,0.0,0.0,0.0,False
1,recipient_full_weight_2,62,Isotonic vs Uncalibrated,calibration_decision_invariance,raw_pr_auc_difference,0.0,0.0,0.0,False
1,recipient_full_weight_2,62,Platt vs Uncalibrated,calibration_decision_invariance,raw_pr_auc_difference,0.0,0.0,0.0,False
1,recipient_full_weight_2,72,Isotonic vs Uncalibrated,calibration_decision_invariance,raw_pr_auc_difference,0.0,0.0,0.0,False
1,recipient_full_weight_2,72,Platt vs Uncalibrated,calibration_decision_invariance,raw_pr_auc_difference,0.0,0.0,0.0,False
1,recipient_full_weight_2,82,Isotonic vs Uncalibrated,calibration_decision_invariance,raw_pr_auc_difference,0.0,0.0,0.0,False
1,recipient_full_weight_2,82,Platt vs Uncalibrated,calibration_decision_invariance,raw_pr_auc_difference,0.0,0.0,0.0,False
2,raw_safe,42,Isotonic vs Uncalibrated,calibration_decision_invariance,raw_pr_auc_difference,0.0,0.0,0.0,False
2,raw_safe,42,Platt vs Uncalibrated,calibration_decision_invariance,raw_pr_auc_difference,0.0,0.0,0.0,False
2,raw_safe,52,Isotonic vs Uncalibrated,calibration_decision_invariance,raw_pr_auc_difference,0.0,0.0,0.0,False
2,raw_safe,52,Platt vs Uncalibrated,calibration_decision_invariance,raw_pr_auc_difference,0.0,0.0,0.0,False
2,raw_safe,62,Isotonic vs Uncalibrated,calibration_decision_invariance,raw_pr_auc_difference,0.0,0.0,0.0,False
2,raw_safe,62,Platt vs Uncalibrated,calibration_decision_invariance,raw_pr_auc_difference,0.0,0.0,0.0,False
2,raw_safe,72,Isotonic vs Uncalibrated,calibration_decision_invariance,raw_pr_auc_difference,0.0,0.0,0.0,False
2,raw_safe,72,Platt vs Uncalibrated,calibration_decision_invariance,raw_pr_auc_difference,0.0,0.0,0.0,False
2,raw_safe,82,Isotonic vs Uncalibrated,calibration_decision_invariance,raw_pr_auc_difference,0.0,0.0,0.0,False
2,raw_safe,82,Platt vs Uncalibrated,calibration_decision_invariance,raw_pr_auc_difference,0.0,0.0,0.0,False
2,recipient_full_weight_2,42,Isotonic vs Uncalibrated,calibration_decision_invariance,raw_pr_auc_difference,0.0,0.0,0.0,False
2,recipient_full_weight_2,42,Platt vs Uncalibrated,calibration_decision_invariance,raw_pr_auc_difference,0.0,0.0,0.0,False
2,recipient_full_weight_2,52,Isotonic vs Uncalibrated,calibration_decision_invariance,raw_pr_auc_difference,0.0,0.0,0.0,False
2,recipient_full_weight_2,52,Platt vs Uncalibrated,calibration_decision_invariance,raw_pr_auc_difference,0.0,0.0,0.0,False
2,recipient_full_weight_2,62,Isotonic vs Uncalibrated,calibration_decision_invariance,raw_pr_auc_difference,0.0,0.0,0.0,False
2,recipient_full_weight_2,62,Platt vs Uncalibrated,calibration_decision_invariance,raw_pr_auc_difference,0.0,0.0,0.0,False
2,recipient_full_weight_2,72,Isotonic vs Uncalibrated,calibration_decision_invariance,raw_pr_auc_difference,0.0,0.0,0.0,False
2,recipient_full_weight_2,72,Platt vs Uncalibrated,calibration_decision_invariance,raw_pr_auc_difference,0.0,0.0,0.0,False
2,recipient_full_weight_2,82,Isotonic vs Uncalibrated,calibration_decision_invariance,raw_pr_auc_difference,0.0,0.0,0.0,False
2,recipient_full_weight_2,82,Platt vs Uncalibrated,calibration_decision_invariance,raw_pr_auc_difference,0.0,0.0,0.0,False
3,raw_safe,42,Isotonic vs Uncalibrated,calibration_decision_invariance,raw_pr_auc_difference,0.0,0.0,0.0,False
3,raw_safe,42,Platt vs Uncalibrated,calibration_decision_invariance,raw_pr_auc_difference,0.0,0.0,0.0,False
3,raw_safe,52,Isotonic vs Uncalibrated,calibration_decision_invariance,raw_pr_auc_difference,0.0,0.0,0.0,False
3,raw_safe,52,Platt vs Uncalibrated,calibration_decision_invariance,raw_pr_auc_difference,0.0,0.0,0.0,False
3,raw_safe,62,Isotonic vs Uncalibrated,calibration_decision_invariance,raw_pr_auc_difference,0.0,0.0,0.0,False
3,raw_safe,62,Platt vs Uncalibrated,calibration_decision_invariance,raw_pr_auc_difference,0.0,0.0,0.0,False
3,raw_safe,72,Isotonic vs Uncalibrated,calibration_decision_invariance,raw_pr_auc_difference,0.0,0.0,0.0,False
3,raw_safe,72,Platt vs Uncalibrated,calibration_decision_invariance,raw_pr_auc_difference,0.0,0.0,0.0,False
3,raw_safe,82,Isotonic vs Uncalibrated,calibration_decision_invariance,raw_pr_auc_difference,0.0,0.0,0.0,False
3,raw_safe,82,Platt vs Uncalibrated,calibration_decision_invariance,raw_pr_auc_difference,0.0,0.0,0.0,False
3,recipient_full_weight_2,42,Isotonic vs Uncalibrated,calibration_decision_invariance,raw_pr_auc_difference,0.0,0.0,0.0,False
3,recipient_full_weight_2,42,Platt vs Uncalibrated,calibration_decision_invariance,raw_pr_auc_difference,0.0,0.0,0.0,False
3,recipient_full_weight_2,52,Isotonic vs Uncalibrated,calibration_decision_invariance,raw_pr_auc_difference,0.0,0.0,0.0,False
3,recipient_full_weight_2,52,Platt vs Uncalibrated,calibration_decision_invariance,raw_pr_auc_difference,0.0,0.0,0.0,False
3,recipient_full_weight_2,62,Isotonic vs Uncalibrated,calibration_decision_invariance,raw_pr_auc_difference,0.0,0.0,0.0,False
3,recipient_full_weight_2,62,Platt vs Uncalibrated,calibration_decision_invariance,raw_pr_auc_difference,0.0,0.0,0.0,False
3,recipient_full_weight_2,72,Isotonic vs Uncalibrated,calibration_decision_invariance,raw_pr_auc_difference,0.0,0.0,0.0,False
3,recipient_full_weight_2,72,Platt vs Uncalibrated,calibration_decision_invariance,raw_pr_auc_difference,0.0,0.0,0.0,False
3,recipient_full_weight_2,82,Isotonic vs Uncalibrated,calibration_decision_invariance,raw_pr_auc_difference,0.0,0.0,0.0,False
3,recipient_full_weight_2,82,Platt vs Uncalibrated,calibration_decision_invariance,raw_pr_auc_difference,0.0,0.0,0.0,False
1,raw_safe,42,Isotonic vs Uncalibrated,calibration_decision_invariance,calibrated_pr_auc_difference,-0.0021414839938724284,-0.00146788932379463,0.0006735946700777984,True
1,raw_safe,42,Platt vs Uncalibrated,calibration_decision_invariance,calibrated_pr_auc_difference,1.7169539812122991e-07,-2.1676049288821275e-09,-1.7386300305011204e-07,True
1,raw_safe,52,Isotonic vs Uncalibrated,calibration_decision_invariance,calibrated_pr_auc_difference,-0.0071666787720058855,-0.0006802197385869114,0.006486459033418974,True
1,raw_safe,52,Platt vs Uncalibrated,calibration_decision_invariance,calibrated_pr_auc_difference,6.88267029758105e-08,2.1399597908925566e-06,2.071133087916746e-06,True
1,raw_safe,62,Isotonic vs Uncalibrated,calibration_decision_invariance,calibrated_pr_auc_difference,-0.00464675152326488,-0.003063619751030505,0.0015831317722343752,True
1,raw_safe,62,Platt vs Uncalibrated,calibration_decision_invariance,calibrated_pr_auc_difference,1.349286807283967e-07,-5.117848447616646e-06,-5.252777128345043e-06,True
1,raw_safe,72,Isotonic vs Uncalibrated,calibration_decision_invariance,calibrated_pr_auc_difference,-0.002896649935218265,-0.001177267880054983,0.0017193820551632821,True
1,raw_safe,72,Platt vs Uncalibrated,calibration_decision_invariance,calibrated_pr_auc_difference,0.0,1.463096253040419e-07,1.463096253040419e-07,True
1,raw_safe,82,Isotonic vs Uncalibrated,calibration_decision_invariance,calibrated_pr_auc_difference,-0.008117447870146871,-0.00011033953137168026,0.00800710833877519,True
1,raw_safe,82,Platt vs Uncalibrated,calibration_decision_invariance,calibrated_pr_auc_difference,2.7755575615628914e-17,8.571478874695726e-07,8.57147887441817e-07,True
1,recipient_full_weight_2,42,Isotonic vs Uncalibrated,calibration_decision_invariance,calibrated_pr_auc_difference,0.0029609197562313755,0.011063884638612742,0.008102964882381367,True
1,recipient_full_weight_2,42,Platt vs Uncalibrated,calibration_decision_invariance,calibrated_pr_auc_difference,0.0038564260862750527,0.004790657420353117,0.0009342313340780645,True
1,recipient_full_weight_2,52,Isotonic vs Uncalibrated,calibration_decision_invariance,calibrated_pr_auc_difference,-0.020665644940913552,-0.016482458891717733,0.0041831860491958195,True
1,recipient_full_weight_2,52,Platt vs Uncalibrated,calibration_decision_invariance,calibrated_pr_auc_difference,-0.03576191129746559,-0.08756647932487202,-0.051804568027406434,True
1,recipient_full_weight_2,62,Isotonic vs Uncalibrated,calibration_decision_invariance,calibrated_pr_auc_difference,-0.010559189589702644,-0.017835747617182596,-0.007276558027479951,True
1,recipient_full_weight_2,62,Platt vs Uncalibrated,calibration_decision_invariance,calibrated_pr_auc_difference,-0.01969298734315844,-0.011172366026188874,0.008520621316969568,True
1,recipient_full_weight_2,72,Isotonic vs Uncalibrated,calibration_decision_invariance,calibrated_pr_auc_difference,-0.017428813125017123,-0.057349209893210795,-0.03992039676819367,True
1,recipient_full_weight_2,72,Platt vs Uncalibrated,calibration_decision_invariance,calibrated_pr_auc_difference,-0.017122076284899312,-0.00800891257348002,0.009113163711419292,True
1,recipient_full_weight_2,82,Isotonic vs Uncalibrated,calibration_decision_invariance,calibrated_pr_auc_difference,-0.016298432148398934,-0.012387134061740301,0.003911298086658632,True
1,recipient_full_weight_2,82,Platt vs Uncalibrated,calibration_decision_invariance,calibrated_pr_auc_difference,0.008951928060672354,-0.03582058719940587,-0.04477251526007822,True
2,raw_safe,42,Isotonic vs Uncalibrated,calibration_decision_invariance,calibrated_pr_auc_difference,-6.257722848018732e-05,-0.0003929059027937831,-0.0003303286743135958,True
2,raw_safe,42,Platt vs Uncalibrated,calibration_decision_invariance,calibrated_pr_auc_difference,-0.00809719283556945,0.0,0.00809719283556945,True
2,raw_safe,52,Isotonic vs Uncalibrated,calibration_decision_invariance,calibrated_pr_auc_difference,-0.0024692560925079765,-0.0007514394369738248,0.0017178166555341517,True
2,raw_safe,52,Platt vs Uncalibrated,calibration_decision_invariance,calibrated_pr_auc_difference,-1.636474289412604e-11,-1.3093762240012907e-06,-1.3093598592583966e-06,True
2,raw_safe,62,Isotonic vs Uncalibrated,calibration_decision_invariance,calibrated_pr_auc_difference,-0.0007506526249698442,-0.00333467661565906,-0.002584023990689216,True
2,raw_safe,62,Platt vs Uncalibrated,calibration_decision_invariance,calibrated_pr_auc_difference,0.0,0.0,0.0,False
2,raw_safe,72,Isotonic vs Uncalibrated,calibration_decision_invariance,calibrated_pr_auc_difference,0.006212449167271816,0.00021385820141692213,-0.005998590965854894,True
2,raw_safe,72,Platt vs Uncalibrated,calibration_decision_invariance,calibrated_pr_auc_difference,0.006520829597752714,0.0,-0.006520829597752714,True
2,raw_safe,82,Isotonic vs Uncalibrated,calibration_decision_invariance,calibrated_pr_auc_difference,-0.0015853513066651503,-0.0004665631132211717,0.0011187881934439786,True
2,raw_safe,82,Platt vs Uncalibrated,calibration_decision_invariance,calibrated_pr_auc_difference,0.0,-6.339818259676333e-07,-6.339818259676333e-07,True
2,recipient_full_weight_2,42,Isotonic vs Uncalibrated,calibration_decision_invariance,calibrated_pr_auc_difference,-0.009568835522285365,0.0025519010148802312,0.012120736537165597,True
2,recipient_full_weight_2,42,Platt vs Uncalibrated,calibration_decision_invariance,calibrated_pr_auc_difference,-0.0162822157025318,1.3785548774736256e-07,0.016282353558019547,True
2,recipient_full_weight_2,52,Isotonic vs Uncalibrated,calibration_decision_invariance,calibrated_pr_auc_difference,-0.007392726787649254,-0.009681376205644576,-0.0022886494179953226,True
2,recipient_full_weight_2,52,Platt vs Uncalibrated,calibration_decision_invariance,calibrated_pr_auc_difference,-0.059803125487347855,-0.10935739090926602,-0.04955426542191817,True
2,recipient_full_weight_2,62,Isotonic vs Uncalibrated,calibration_decision_invariance,calibrated_pr_auc_difference,-0.001176634587246421,-0.005071990814083119,-0.003895356226836698,True
2,recipient_full_weight_2,62,Platt vs Uncalibrated,calibration_decision_invariance,calibrated_pr_auc_difference,-0.0001271123592696856,-0.08924661359587129,-0.0891195012366016,True
2,recipient_full_weight_2,72,Isotonic vs Uncalibrated,calibration_decision_invariance,calibrated_pr_auc_difference,0.0033042047252959707,0.0006783203463463228,-0.002625884378949648,True
2,recipient_full_weight_2,72,Platt vs Uncalibrated,calibration_decision_invariance,calibrated_pr_auc_difference,0.00025003649076921555,-0.0010633015052990448,-0.0013133379960682603,True
2,recipient_full_weight_2,82,Isotonic vs Uncalibrated,calibration_decision_invariance,calibrated_pr_auc_difference,-0.019679038505278718,-0.004611855384477927,0.01506718312080079,True
2,recipient_full_weight_2,82,Platt vs Uncalibrated,calibration_decision_invariance,calibrated_pr_auc_difference,-0.02080887801610165,0.0016801418941112464,0.022489019910212897,True
3,raw_safe,42,Isotonic vs Uncalibrated,calibration_decision_invariance,calibrated_pr_auc_difference,-0.013114923835606584,-0.012939708498491992,0.00017521533711459258,True
3,raw_safe,42,Platt vs Uncalibrated,calibration_decision_invariance,calibrated_pr_auc_difference,1.4803765519599832e-05,-0.0006742289056523298,-0.0006890326711719297,True
3,raw_safe,52,Isotonic vs Uncalibrated,calibration_decision_invariance,calibrated_pr_auc_difference,-0.01577611837861731,-0.010766025474030383,0.005010092904586927,True
3,raw_safe,52,Platt vs Uncalibrated,calibration_decision_invariance,calibrated_pr_auc_difference,-0.0009266073287151899,0.00023955151382054618,0.001166158842535736,True
3,raw_safe,62,Isotonic vs Uncalibrated,calibration_decision_invariance,calibrated_pr_auc_difference,-0.010313149435691699,-0.015715277774989322,-0.005402128339297624,True
3,raw_safe,62,Platt vs Uncalibrated,calibration_decision_invariance,calibrated_pr_auc_difference,0.0,0.0005991224848992949,0.0005991224848992949,True
3,raw_safe,72,Isotonic vs Uncalibrated,calibration_decision_invariance,calibrated_pr_auc_difference,-0.01375151891592269,-0.013457609718219132,0.00029390919770355683,True
3,raw_safe,72,Platt vs Uncalibrated,calibration_decision_invariance,calibrated_pr_auc_difference,1.480376551948881e-05,-0.0007137908769286327,-0.0007285946424481216,True
3,raw_safe,82,Isotonic vs Uncalibrated,calibration_decision_invariance,calibrated_pr_auc_difference,-0.010148629641804796,-0.014896423607036524,-0.004747793965231728,True
3,raw_safe,82,Platt vs Uncalibrated,calibration_decision_invariance,calibrated_pr_auc_difference,1.5155595468996363e-05,-0.0007008754617681134,-0.0007160310572371098,True
3,recipient_full_weight_2,42,Isotonic vs Uncalibrated,calibration_decision_invariance,calibrated_pr_auc_difference,-0.03565640385219737,0.000959802357505174,0.036616206209702545,True
3,recipient_full_weight_2,42,Platt vs Uncalibrated,calibration_decision_invariance,calibrated_pr_auc_difference,-0.022996374427973032,-0.018282542654769723,0.004713831773203309,True
3,recipient_full_weight_2,52,Isotonic vs Uncalibrated,calibration_decision_invariance,calibrated_pr_auc_difference,-0.0014649673821255926,-0.003826788008195983,-0.0023618206260703906,True
3,recipient_full_weight_2,52,Platt vs Uncalibrated,calibration_decision_invariance,calibrated_pr_auc_difference,-0.0007753779646194059,0.002263713572572615,0.0030390915371920207,True
3,recipient_full_weight_2,62,Isotonic vs Uncalibrated,calibration_decision_invariance,calibrated_pr_auc_difference,-0.0014443100617408666,-0.001502969219703526,-5.8659157962659414e-05,True
3,recipient_full_weight_2,62,Platt vs Uncalibrated,calibration_decision_invariance,calibrated_pr_auc_difference,-0.019014272901993853,0.004773735900052534,0.023788008802046387,True
3,recipient_full_weight_2,72,Isotonic vs Uncalibrated,calibration_decision_invariance,calibrated_pr_auc_difference,-0.0032775832066946897,-0.0035669446438913177,-0.000289361437196628,True
3,recipient_full_weight_2,72,Platt vs Uncalibrated,calibration_decision_invariance,calibrated_pr_auc_difference,-0.00637670697678272,0.0007957099274807922,0.007172416904263512,True
3,recipient_full_weight_2,82,Isotonic vs Uncalibrated,calibration_decision_invariance,calibrated_pr_auc_difference,-0.004642866511019,-0.003922284416339711,0.0007205820946792896,True
3,recipient_full_weight_2,82,Platt vs Uncalibrated,calibration_decision_invariance,calibrated_pr_auc_difference,0.007034189786635614,-0.0019297290013976232,-0.008963918788033237,True
