fold,model_id,seed,calibration_method,analysis,field,v1,v2,v2_minus_v1,changed_exact
1,raw_safe,42,Isotonic,calibration_ablation_results,weight,1.0,1.0,0.0,False
1,raw_safe,42,Platt,calibration_ablation_results,weight,1.0,1.0,0.0,False
1,raw_safe,42,Uncalibrated,calibration_ablation_results,weight,1.0,1.0,0.0,False
1,raw_safe,52,Isotonic,calibration_ablation_results,weight,1.0,1.0,0.0,False
1,raw_safe,52,Platt,calibration_ablation_results,weight,1.0,1.0,0.0,False
1,raw_safe,52,Uncalibrated,calibration_ablation_results,weight,1.0,1.0,0.0,False
1,raw_safe,62,Isotonic,calibration_ablation_results,weight,1.0,1.0,0.0,False
1,raw_safe,62,Platt,calibration_ablation_results,weight,1.0,1.0,0.0,False
1,raw_safe,62,Uncalibrated,calibration_ablation_results,weight,1.0,1.0,0.0,False
1,raw_safe,72,Isotonic,calibration_ablation_results,weight,1.0,1.0,0.0,False
1,raw_safe,72,Platt,calibration_ablation_results,weight,1.0,1.0,0.0,False
1,raw_safe,72,Uncalibrated,calibration_ablation_results,weight,1.0,1.0,0.0,False
1,raw_safe,82,Isotonic,calibration_ablation_results,weight,1.0,1.0,0.0,False
1,raw_safe,82,Platt,calibration_ablation_results,weight,1.0,1.0,0.0,False
1,raw_safe,82,Uncalibrated,calibration_ablation_results,weight,1.0,1.0,0.0,False
1,recipient_full_weight_2,42,Isotonic,calibration_ablation_results,weight,2.0,2.0,0.0,False
1,recipient_full_weight_2,42,Platt,calibration_ablation_results,weight,2.0,2.0,0.0,False
1,recipient_full_weight_2,42,Uncalibrated,calibration_ablation_results,weight,2.0,2.0,0.0,False
1,recipient_full_weight_2,52,Isotonic,calibration_ablation_results,weight,2.0,2.0,0.0,False
1,recipient_full_weight_2,52,Platt,calibration_ablation_results,weight,2.0,2.0,0.0,False
1,recipient_full_weight_2,52,Uncalibrated,calibration_ablation_results,weight,2.0,2.0,0.0,False
1,recipient_full_weight_2,62,Isotonic,calibration_ablation_results,weight,2.0,2.0,0.0,False
1,recipient_full_weight_2,62,Platt,calibration_ablation_results,weight,2.0,2.0,0.0,False
1,recipient_full_weight_2,62,Uncalibrated,calibration_ablation_results,weight,2.0,2.0,0.0,False
1,recipient_full_weight_2,72,Isotonic,calibration_ablation_results,weight,2.0,2.0,0.0,False
1,recipient_full_weight_2,72,Platt,calibration_ablation_results,weight,2.0,2.0,0.0,False
1,recipient_full_weight_2,72,Uncalibrated,calibration_ablation_results,weight,2.0,2.0,0.0,False
1,recipient_full_weight_2,82,Isotonic,calibration_ablation_results,weight,2.0,2.0,0.0,False
1,recipient_full_weight_2,82,Platt,calibration_ablation_results,weight,2.0,2.0,0.0,False
1,recipient_full_weight_2,82,Uncalibrated,calibration_ablation_results,weight,2.0,2.0,0.0,False
2,raw_safe,42,Isotonic,calibration_ablation_results,weight,1.0,1.0,0.0,False
2,raw_safe,42,Platt,calibration_ablation_results,weight,1.0,1.0,0.0,False
2,raw_safe,42,Uncalibrated,calibration_ablation_results,weight,1.0,1.0,0.0,False
2,raw_safe,52,Isotonic,calibration_ablation_results,weight,1.0,1.0,0.0,False
2,raw_safe,52,Platt,calibration_ablation_results,weight,1.0,1.0,0.0,False
2,raw_safe,52,Uncalibrated,calibration_ablation_results,weight,1.0,1.0,0.0,False
2,raw_safe,62,Isotonic,calibration_ablation_results,weight,1.0,1.0,0.0,False
2,raw_safe,62,Platt,calibration_ablation_results,weight,1.0,1.0,0.0,False
2,raw_safe,62,Uncalibrated,calibration_ablation_results,weight,1.0,1.0,0.0,False
2,raw_safe,72,Isotonic,calibration_ablation_results,weight,1.0,1.0,0.0,False
2,raw_safe,72,Platt,calibration_ablation_results,weight,1.0,1.0,0.0,False
2,raw_safe,72,Uncalibrated,calibration_ablation_results,weight,1.0,1.0,0.0,False
2,raw_safe,82,Isotonic,calibration_ablation_results,weight,1.0,1.0,0.0,False
2,raw_safe,82,Platt,calibration_ablation_results,weight,1.0,1.0,0.0,False
2,raw_safe,82,Uncalibrated,calibration_ablation_results,weight,1.0,1.0,0.0,False
2,recipient_full_weight_2,42,Isotonic,calibration_ablation_results,weight,2.0,2.0,0.0,False
2,recipient_full_weight_2,42,Platt,calibration_ablation_results,weight,2.0,2.0,0.0,False
2,recipient_full_weight_2,42,Uncalibrated,calibration_ablation_results,weight,2.0,2.0,0.0,False
2,recipient_full_weight_2,52,Isotonic,calibration_ablation_results,weight,2.0,2.0,0.0,False
2,recipient_full_weight_2,52,Platt,calibration_ablation_results,weight,2.0,2.0,0.0,False
2,recipient_full_weight_2,52,Uncalibrated,calibration_ablation_results,weight,2.0,2.0,0.0,False
2,recipient_full_weight_2,62,Isotonic,calibration_ablation_results,weight,2.0,2.0,0.0,False
2,recipient_full_weight_2,62,Platt,calibration_ablation_results,weight,2.0,2.0,0.0,False
2,recipient_full_weight_2,62,Uncalibrated,calibration_ablation_results,weight,2.0,2.0,0.0,False
2,recipient_full_weight_2,72,Isotonic,calibration_ablation_results,weight,2.0,2.0,0.0,False
2,recipient_full_weight_2,72,Platt,calibration_ablation_results,weight,2.0,2.0,0.0,False
2,recipient_full_weight_2,72,Uncalibrated,calibration_ablation_results,weight,2.0,2.0,0.0,False
2,recipient_full_weight_2,82,Isotonic,calibration_ablation_results,weight,2.0,2.0,0.0,False
2,recipient_full_weight_2,82,Platt,calibration_ablation_results,weight,2.0,2.0,0.0,False
2,recipient_full_weight_2,82,Uncalibrated,calibration_ablation_results,weight,2.0,2.0,0.0,False
3,raw_safe,42,Isotonic,calibration_ablation_results,weight,1.0,1.0,0.0,False
3,raw_safe,42,Platt,calibration_ablation_results,weight,1.0,1.0,0.0,False
3,raw_safe,42,Uncalibrated,calibration_ablation_results,weight,1.0,1.0,0.0,False
3,raw_safe,52,Isotonic,calibration_ablation_results,weight,1.0,1.0,0.0,False
3,raw_safe,52,Platt,calibration_ablation_results,weight,1.0,1.0,0.0,False
3,raw_safe,52,Uncalibrated,calibration_ablation_results,weight,1.0,1.0,0.0,False
3,raw_safe,62,Isotonic,calibration_ablation_results,weight,1.0,1.0,0.0,False
3,raw_safe,62,Platt,calibration_ablation_results,weight,1.0,1.0,0.0,False
3,raw_safe,62,Uncalibrated,calibration_ablation_results,weight,1.0,1.0,0.0,False
3,raw_safe,72,Isotonic,calibration_ablation_results,weight,1.0,1.0,0.0,False
3,raw_safe,72,Platt,calibration_ablation_results,weight,1.0,1.0,0.0,False
3,raw_safe,72,Uncalibrated,calibration_ablation_results,weight,1.0,1.0,0.0,False
3,raw_safe,82,Isotonic,calibration_ablation_results,weight,1.0,1.0,0.0,False
3,raw_safe,82,Platt,calibration_ablation_results,weight,1.0,1.0,0.0,False
3,raw_safe,82,Uncalibrated,calibration_ablation_results,weight,1.0,1.0,0.0,False
3,recipient_full_weight_2,42,Isotonic,calibration_ablation_results,weight,2.0,2.0,0.0,False
3,recipient_full_weight_2,42,Platt,calibration_ablation_results,weight,2.0,2.0,0.0,False
3,recipient_full_weight_2,42,Uncalibrated,calibration_ablation_results,weight,2.0,2.0,0.0,False
3,recipient_full_weight_2,52,Isotonic,calibration_ablation_results,weight,2.0,2.0,0.0,False
3,recipient_full_weight_2,52,Platt,calibration_ablation_results,weight,2.0,2.0,0.0,False
3,recipient_full_weight_2,52,Uncalibrated,calibration_ablation_results,weight,2.0,2.0,0.0,False
3,recipient_full_weight_2,62,Isotonic,calibration_ablation_results,weight,2.0,2.0,0.0,False
3,recipient_full_weight_2,62,Platt,calibration_ablation_results,weight,2.0,2.0,0.0,False
3,recipient_full_weight_2,62,Uncalibrated,calibration_ablation_results,weight,2.0,2.0,0.0,False
3,recipient_full_weight_2,72,Isotonic,calibration_ablation_results,weight,2.0,2.0,0.0,False
3,recipient_full_weight_2,72,Platt,calibration_ablation_results,weight,2.0,2.0,0.0,False
3,recipient_full_weight_2,72,Uncalibrated,calibration_ablation_results,weight,2.0,2.0,0.0,False
3,recipient_full_weight_2,82,Isotonic,calibration_ablation_results,weight,2.0,2.0,0.0,False
3,recipient_full_weight_2,82,Platt,calibration_ablation_results,weight,2.0,2.0,0.0,False
3,recipient_full_weight_2,82,Uncalibrated,calibration_ablation_results,weight,2.0,2.0,0.0,False
1,raw_safe,42,Isotonic,calibration_ablation_results,calibration_subset_size,308360.0,308360.0,0.0,False
1,raw_safe,42,Platt,calibration_ablation_results,calibration_subset_size,308360.0,308360.0,0.0,False
1,raw_safe,42,Uncalibrated,calibration_ablation_results,calibration_subset_size,308360.0,308360.0,0.0,False
1,raw_safe,52,Isotonic,calibration_ablation_results,calibration_subset_size,308360.0,308360.0,0.0,False
1,raw_safe,52,Platt,calibration_ablation_results,calibration_subset_size,308360.0,308360.0,0.0,False
1,raw_safe,52,Uncalibrated,calibration_ablation_results,calibration_subset_size,308360.0,308360.0,0.0,False
1,raw_safe,62,Isotonic,calibration_ablation_results,calibration_subset_size,308360.0,308360.0,0.0,False
1,raw_safe,62,Platt,calibration_ablation_results,calibration_subset_size,308360.0,308360.0,0.0,False
1,raw_safe,62,Uncalibrated,calibration_ablation_results,calibration_subset_size,308360.0,308360.0,0.0,False
1,raw_safe,72,Isotonic,calibration_ablation_results,calibration_subset_size,308360.0,308360.0,0.0,False
1,raw_safe,72,Platt,calibration_ablation_results,calibration_subset_size,308360.0,308360.0,0.0,False
1,raw_safe,72,Uncalibrated,calibration_ablation_results,calibration_subset_size,308360.0,308360.0,0.0,False
1,raw_safe,82,Isotonic,calibration_ablation_results,calibration_subset_size,308360.0,308360.0,0.0,False
1,raw_safe,82,Platt,calibration_ablation_results,calibration_subset_size,308360.0,308360.0,0.0,False
1,raw_safe,82,Uncalibrated,calibration_ablation_results,calibration_subset_size,308360.0,308360.0,0.0,False
1,recipient_full_weight_2,42,Isotonic,calibration_ablation_results,calibration_subset_size,308360.0,308360.0,0.0,False
1,recipient_full_weight_2,42,Platt,calibration_ablation_results,calibration_subset_size,308360.0,308360.0,0.0,False
1,recipient_full_weight_2,42,Uncalibrated,calibration_ablation_results,calibration_subset_size,308360.0,308360.0,0.0,False
1,recipient_full_weight_2,52,Isotonic,calibration_ablation_results,calibration_subset_size,308360.0,308360.0,0.0,False
1,recipient_full_weight_2,52,Platt,calibration_ablation_results,calibration_subset_size,308360.0,308360.0,0.0,False
1,recipient_full_weight_2,52,Uncalibrated,calibration_ablation_results,calibration_subset_size,308360.0,308360.0,0.0,False
1,recipient_full_weight_2,62,Isotonic,calibration_ablation_results,calibration_subset_size,308360.0,308360.0,0.0,False
1,recipient_full_weight_2,62,Platt,calibration_ablation_results,calibration_subset_size,308360.0,308360.0,0.0,False
1,recipient_full_weight_2,62,Uncalibrated,calibration_ablation_results,calibration_subset_size,308360.0,308360.0,0.0,False
1,recipient_full_weight_2,72,Isotonic,calibration_ablation_results,calibration_subset_size,308360.0,308360.0,0.0,False
1,recipient_full_weight_2,72,Platt,calibration_ablation_results,calibration_subset_size,308360.0,308360.0,0.0,False
1,recipient_full_weight_2,72,Uncalibrated,calibration_ablation_results,calibration_subset_size,308360.0,308360.0,0.0,False
1,recipient_full_weight_2,82,Isotonic,calibration_ablation_results,calibration_subset_size,308360.0,308360.0,0.0,False
1,recipient_full_weight_2,82,Platt,calibration_ablation_results,calibration_subset_size,308360.0,308360.0,0.0,False
1,recipient_full_weight_2,82,Uncalibrated,calibration_ablation_results,calibration_subset_size,308360.0,308360.0,0.0,False
2,raw_safe,42,Isotonic,calibration_ablation_results,calibration_subset_size,313059.0,313059.0,0.0,False
2,raw_safe,42,Platt,calibration_ablation_results,calibration_subset_size,313059.0,313059.0,0.0,False
2,raw_safe,42,Uncalibrated,calibration_ablation_results,calibration_subset_size,313059.0,313059.0,0.0,False
2,raw_safe,52,Isotonic,calibration_ablation_results,calibration_subset_size,313059.0,313059.0,0.0,False
2,raw_safe,52,Platt,calibration_ablation_results,calibration_subset_size,313059.0,313059.0,0.0,False
2,raw_safe,52,Uncalibrated,calibration_ablation_results,calibration_subset_size,313059.0,313059.0,0.0,False
2,raw_safe,62,Isotonic,calibration_ablation_results,calibration_subset_size,313059.0,313059.0,0.0,False
2,raw_safe,62,Platt,calibration_ablation_results,calibration_subset_size,313059.0,313059.0,0.0,False
2,raw_safe,62,Uncalibrated,calibration_ablation_results,calibration_subset_size,313059.0,313059.0,0.0,False
2,raw_safe,72,Isotonic,calibration_ablation_results,calibration_subset_size,313059.0,313059.0,0.0,False
2,raw_safe,72,Platt,calibration_ablation_results,calibration_subset_size,313059.0,313059.0,0.0,False
2,raw_safe,72,Uncalibrated,calibration_ablation_results,calibration_subset_size,313059.0,313059.0,0.0,False
2,raw_safe,82,Isotonic,calibration_ablation_results,calibration_subset_size,313059.0,313059.0,0.0,False
2,raw_safe,82,Platt,calibration_ablation_results,calibration_subset_size,313059.0,313059.0,0.0,False
2,raw_safe,82,Uncalibrated,calibration_ablation_results,calibration_subset_size,313059.0,313059.0,0.0,False
2,recipient_full_weight_2,42,Isotonic,calibration_ablation_results,calibration_subset_size,313059.0,313059.0,0.0,False
2,recipient_full_weight_2,42,Platt,calibration_ablation_results,calibration_subset_size,313059.0,313059.0,0.0,False
2,recipient_full_weight_2,42,Uncalibrated,calibration_ablation_results,calibration_subset_size,313059.0,313059.0,0.0,False
2,recipient_full_weight_2,52,Isotonic,calibration_ablation_results,calibration_subset_size,313059.0,313059.0,0.0,False
2,recipient_full_weight_2,52,Platt,calibration_ablation_results,calibration_subset_size,313059.0,313059.0,0.0,False
2,recipient_full_weight_2,52,Uncalibrated,calibration_ablation_results,calibration_subset_size,313059.0,313059.0,0.0,False
2,recipient_full_weight_2,62,Isotonic,calibration_ablation_results,calibration_subset_size,313059.0,313059.0,0.0,False
2,recipient_full_weight_2,62,Platt,calibration_ablation_results,calibration_subset_size,313059.0,313059.0,0.0,False
2,recipient_full_weight_2,62,Uncalibrated,calibration_ablation_results,calibration_subset_size,313059.0,313059.0,0.0,False
2,recipient_full_weight_2,72,Isotonic,calibration_ablation_results,calibration_subset_size,313059.0,313059.0,0.0,False
2,recipient_full_weight_2,72,Platt,calibration_ablation_results,calibration_subset_size,313059.0,313059.0,0.0,False
2,recipient_full_weight_2,72,Uncalibrated,calibration_ablation_results,calibration_subset_size,313059.0,313059.0,0.0,False
2,recipient_full_weight_2,82,Isotonic,calibration_ablation_results,calibration_subset_size,313059.0,313059.0,0.0,False
2,recipient_full_weight_2,82,Platt,calibration_ablation_results,calibration_subset_size,313059.0,313059.0,0.0,False
2,recipient_full_weight_2,82,Uncalibrated,calibration_ablation_results,calibration_subset_size,313059.0,313059.0,0.0,False
3,raw_safe,42,Isotonic,calibration_ablation_results,calibration_subset_size,319596.0,319596.0,0.0,False
3,raw_safe,42,Platt,calibration_ablation_results,calibration_subset_size,319596.0,319596.0,0.0,False
3,raw_safe,42,Uncalibrated,calibration_ablation_results,calibration_subset_size,319596.0,319596.0,0.0,False
3,raw_safe,52,Isotonic,calibration_ablation_results,calibration_subset_size,319596.0,319596.0,0.0,False
3,raw_safe,52,Platt,calibration_ablation_results,calibration_subset_size,319596.0,319596.0,0.0,False
3,raw_safe,52,Uncalibrated,calibration_ablation_results,calibration_subset_size,319596.0,319596.0,0.0,False
3,raw_safe,62,Isotonic,calibration_ablation_results,calibration_subset_size,319596.0,319596.0,0.0,False
3,raw_safe,62,Platt,calibration_ablation_results,calibration_subset_size,319596.0,319596.0,0.0,False
3,raw_safe,62,Uncalibrated,calibration_ablation_results,calibration_subset_size,319596.0,319596.0,0.0,False
3,raw_safe,72,Isotonic,calibration_ablation_results,calibration_subset_size,319596.0,319596.0,0.0,False
3,raw_safe,72,Platt,calibration_ablation_results,calibration_subset_size,319596.0,319596.0,0.0,False
3,raw_safe,72,Uncalibrated,calibration_ablation_results,calibration_subset_size,319596.0,319596.0,0.0,False
3,raw_safe,82,Isotonic,calibration_ablation_results,calibration_subset_size,319596.0,319596.0,0.0,False
3,raw_safe,82,Platt,calibration_ablation_results,calibration_subset_size,319596.0,319596.0,0.0,False
3,raw_safe,82,Uncalibrated,calibration_ablation_results,calibration_subset_size,319596.0,319596.0,0.0,False
3,recipient_full_weight_2,42,Isotonic,calibration_ablation_results,calibration_subset_size,319596.0,319596.0,0.0,False
3,recipient_full_weight_2,42,Platt,calibration_ablation_results,calibration_subset_size,319596.0,319596.0,0.0,False
3,recipient_full_weight_2,42,Uncalibrated,calibration_ablation_results,calibration_subset_size,319596.0,319596.0,0.0,False
3,recipient_full_weight_2,52,Isotonic,calibration_ablation_results,calibration_subset_size,319596.0,319596.0,0.0,False
3,recipient_full_weight_2,52,Platt,calibration_ablation_results,calibration_subset_size,319596.0,319596.0,0.0,False
3,recipient_full_weight_2,52,Uncalibrated,calibration_ablation_results,calibration_subset_size,319596.0,319596.0,0.0,False
3,recipient_full_weight_2,62,Isotonic,calibration_ablation_results,calibration_subset_size,319596.0,319596.0,0.0,False
3,recipient_full_weight_2,62,Platt,calibration_ablation_results,calibration_subset_size,319596.0,319596.0,0.0,False
3,recipient_full_weight_2,62,Uncalibrated,calibration_ablation_results,calibration_subset_size,319596.0,319596.0,0.0,False
3,recipient_full_weight_2,72,Isotonic,calibration_ablation_results,calibration_subset_size,319596.0,319596.0,0.0,False
3,recipient_full_weight_2,72,Platt,calibration_ablation_results,calibration_subset_size,319596.0,319596.0,0.0,False
3,recipient_full_weight_2,72,Uncalibrated,calibration_ablation_results,calibration_subset_size,319596.0,319596.0,0.0,False
3,recipient_full_weight_2,82,Isotonic,calibration_ablation_results,calibration_subset_size,319596.0,319596.0,0.0,False
3,recipient_full_weight_2,82,Platt,calibration_ablation_results,calibration_subset_size,319596.0,319596.0,0.0,False
3,recipient_full_weight_2,82,Uncalibrated,calibration_ablation_results,calibration_subset_size,319596.0,319596.0,0.0,False
1,raw_safe,42,Isotonic,calibration_ablation_results,calibration_subset_fraud_count,247.0,247.0,0.0,False
1,raw_safe,42,Platt,calibration_ablation_results,calibration_subset_fraud_count,247.0,247.0,0.0,False
1,raw_safe,42,Uncalibrated,calibration_ablation_results,calibration_subset_fraud_count,247.0,247.0,0.0,False
1,raw_safe,52,Isotonic,calibration_ablation_results,calibration_subset_fraud_count,247.0,247.0,0.0,False
1,raw_safe,52,Platt,calibration_ablation_results,calibration_subset_fraud_count,247.0,247.0,0.0,False
1,raw_safe,52,Uncalibrated,calibration_ablation_results,calibration_subset_fraud_count,247.0,247.0,0.0,False
1,raw_safe,62,Isotonic,calibration_ablation_results,calibration_subset_fraud_count,247.0,247.0,0.0,False
1,raw_safe,62,Platt,calibration_ablation_results,calibration_subset_fraud_count,247.0,247.0,0.0,False
1,raw_safe,62,Uncalibrated,calibration_ablation_results,calibration_subset_fraud_count,247.0,247.0,0.0,False
1,raw_safe,72,Isotonic,calibration_ablation_results,calibration_subset_fraud_count,247.0,247.0,0.0,False
1,raw_safe,72,Platt,calibration_ablation_results,calibration_subset_fraud_count,247.0,247.0,0.0,False
1,raw_safe,72,Uncalibrated,calibration_ablation_results,calibration_subset_fraud_count,247.0,247.0,0.0,False
1,raw_safe,82,Isotonic,calibration_ablation_results,calibration_subset_fraud_count,247.0,247.0,0.0,False
1,raw_safe,82,Platt,calibration_ablation_results,calibration_subset_fraud_count,247.0,247.0,0.0,False
1,raw_safe,82,Uncalibrated,calibration_ablation_results,calibration_subset_fraud_count,247.0,247.0,0.0,False
1,recipient_full_weight_2,42,Isotonic,calibration_ablation_results,calibration_subset_fraud_count,247.0,247.0,0.0,False
1,recipient_full_weight_2,42,Platt,calibration_ablation_results,calibration_subset_fraud_count,247.0,247.0,0.0,False
1,recipient_full_weight_2,42,Uncalibrated,calibration_ablation_results,calibration_subset_fraud_count,247.0,247.0,0.0,False
1,recipient_full_weight_2,52,Isotonic,calibration_ablation_results,calibration_subset_fraud_count,247.0,247.0,0.0,False
1,recipient_full_weight_2,52,Platt,calibration_ablation_results,calibration_subset_fraud_count,247.0,247.0,0.0,False
1,recipient_full_weight_2,52,Uncalibrated,calibration_ablation_results,calibration_subset_fraud_count,247.0,247.0,0.0,False
1,recipient_full_weight_2,62,Isotonic,calibration_ablation_results,calibration_subset_fraud_count,247.0,247.0,0.0,False
1,recipient_full_weight_2,62,Platt,calibration_ablation_results,calibration_subset_fraud_count,247.0,247.0,0.0,False
1,recipient_full_weight_2,62,Uncalibrated,calibration_ablation_results,calibration_subset_fraud_count,247.0,247.0,0.0,False
1,recipient_full_weight_2,72,Isotonic,calibration_ablation_results,calibration_subset_fraud_count,247.0,247.0,0.0,False
1,recipient_full_weight_2,72,Platt,calibration_ablation_results,calibration_subset_fraud_count,247.0,247.0,0.0,False
1,recipient_full_weight_2,72,Uncalibrated,calibration_ablation_results,calibration_subset_fraud_count,247.0,247.0,0.0,False
1,recipient_full_weight_2,82,Isotonic,calibration_ablation_results,calibration_subset_fraud_count,247.0,247.0,0.0,False
1,recipient_full_weight_2,82,Platt,calibration_ablation_results,calibration_subset_fraud_count,247.0,247.0,0.0,False
1,recipient_full_weight_2,82,Uncalibrated,calibration_ablation_results,calibration_subset_fraud_count,247.0,247.0,0.0,False
2,raw_safe,42,Isotonic,calibration_ablation_results,calibration_subset_fraud_count,220.0,220.0,0.0,False
2,raw_safe,42,Platt,calibration_ablation_results,calibration_subset_fraud_count,220.0,220.0,0.0,False
2,raw_safe,42,Uncalibrated,calibration_ablation_results,calibration_subset_fraud_count,220.0,220.0,0.0,False
2,raw_safe,52,Isotonic,calibration_ablation_results,calibration_subset_fraud_count,220.0,220.0,0.0,False
2,raw_safe,52,Platt,calibration_ablation_results,calibration_subset_fraud_count,220.0,220.0,0.0,False
2,raw_safe,52,Uncalibrated,calibration_ablation_results,calibration_subset_fraud_count,220.0,220.0,0.0,False
2,raw_safe,62,Isotonic,calibration_ablation_results,calibration_subset_fraud_count,220.0,220.0,0.0,False
2,raw_safe,62,Platt,calibration_ablation_results,calibration_subset_fraud_count,220.0,220.0,0.0,False
2,raw_safe,62,Uncalibrated,calibration_ablation_results,calibration_subset_fraud_count,220.0,220.0,0.0,False
2,raw_safe,72,Isotonic,calibration_ablation_results,calibration_subset_fraud_count,220.0,220.0,0.0,False
2,raw_safe,72,Platt,calibration_ablation_results,calibration_subset_fraud_count,220.0,220.0,0.0,False
2,raw_safe,72,Uncalibrated,calibration_ablation_results,calibration_subset_fraud_count,220.0,220.0,0.0,False
2,raw_safe,82,Isotonic,calibration_ablation_results,calibration_subset_fraud_count,220.0,220.0,0.0,False
2,raw_safe,82,Platt,calibration_ablation_results,calibration_subset_fraud_count,220.0,220.0,0.0,False
2,raw_safe,82,Uncalibrated,calibration_ablation_results,calibration_subset_fraud_count,220.0,220.0,0.0,False
2,recipient_full_weight_2,42,Isotonic,calibration_ablation_results,calibration_subset_fraud_count,220.0,220.0,0.0,False
2,recipient_full_weight_2,42,Platt,calibration_ablation_results,calibration_subset_fraud_count,220.0,220.0,0.0,False
2,recipient_full_weight_2,42,Uncalibrated,calibration_ablation_results,calibration_subset_fraud_count,220.0,220.0,0.0,False
2,recipient_full_weight_2,52,Isotonic,calibration_ablation_results,calibration_subset_fraud_count,220.0,220.0,0.0,False
2,recipient_full_weight_2,52,Platt,calibration_ablation_results,calibration_subset_fraud_count,220.0,220.0,0.0,False
2,recipient_full_weight_2,52,Uncalibrated,calibration_ablation_results,calibration_subset_fraud_count,220.0,220.0,0.0,False
2,recipient_full_weight_2,62,Isotonic,calibration_ablation_results,calibration_subset_fraud_count,220.0,220.0,0.0,False
2,recipient_full_weight_2,62,Platt,calibration_ablation_results,calibration_subset_fraud_count,220.0,220.0,0.0,False
2,recipient_full_weight_2,62,Uncalibrated,calibration_ablation_results,calibration_subset_fraud_count,220.0,220.0,0.0,False
2,recipient_full_weight_2,72,Isotonic,calibration_ablation_results,calibration_subset_fraud_count,220.0,220.0,0.0,False
2,recipient_full_weight_2,72,Platt,calibration_ablation_results,calibration_subset_fraud_count,220.0,220.0,0.0,False
2,recipient_full_weight_2,72,Uncalibrated,calibration_ablation_results,calibration_subset_fraud_count,220.0,220.0,0.0,False
2,recipient_full_weight_2,82,Isotonic,calibration_ablation_results,calibration_subset_fraud_count,220.0,220.0,0.0,False
2,recipient_full_weight_2,82,Platt,calibration_ablation_results,calibration_subset_fraud_count,220.0,220.0,0.0,False
2,recipient_full_weight_2,82,Uncalibrated,calibration_ablation_results,calibration_subset_fraud_count,220.0,220.0,0.0,False
3,raw_safe,42,Isotonic,calibration_ablation_results,calibration_subset_fraud_count,238.0,238.0,0.0,False
3,raw_safe,42,Platt,calibration_ablation_results,calibration_subset_fraud_count,238.0,238.0,0.0,False
3,raw_safe,42,Uncalibrated,calibration_ablation_results,calibration_subset_fraud_count,238.0,238.0,0.0,False
3,raw_safe,52,Isotonic,calibration_ablation_results,calibration_subset_fraud_count,238.0,238.0,0.0,False
3,raw_safe,52,Platt,calibration_ablation_results,calibration_subset_fraud_count,238.0,238.0,0.0,False
3,raw_safe,52,Uncalibrated,calibration_ablation_results,calibration_subset_fraud_count,238.0,238.0,0.0,False
3,raw_safe,62,Isotonic,calibration_ablation_results,calibration_subset_fraud_count,238.0,238.0,0.0,False
3,raw_safe,62,Platt,calibration_ablation_results,calibration_subset_fraud_count,238.0,238.0,0.0,False
3,raw_safe,62,Uncalibrated,calibration_ablation_results,calibration_subset_fraud_count,238.0,238.0,0.0,False
3,raw_safe,72,Isotonic,calibration_ablation_results,calibration_subset_fraud_count,238.0,238.0,0.0,False
3,raw_safe,72,Platt,calibration_ablation_results,calibration_subset_fraud_count,238.0,238.0,0.0,False
3,raw_safe,72,Uncalibrated,calibration_ablation_results,calibration_subset_fraud_count,238.0,238.0,0.0,False
3,raw_safe,82,Isotonic,calibration_ablation_results,calibration_subset_fraud_count,238.0,238.0,0.0,False
3,raw_safe,82,Platt,calibration_ablation_results,calibration_subset_fraud_count,238.0,238.0,0.0,False
3,raw_safe,82,Uncalibrated,calibration_ablation_results,calibration_subset_fraud_count,238.0,238.0,0.0,False
3,recipient_full_weight_2,42,Isotonic,calibration_ablation_results,calibration_subset_fraud_count,238.0,238.0,0.0,False
3,recipient_full_weight_2,42,Platt,calibration_ablation_results,calibration_subset_fraud_count,238.0,238.0,0.0,False
3,recipient_full_weight_2,42,Uncalibrated,calibration_ablation_results,calibration_subset_fraud_count,238.0,238.0,0.0,False
3,recipient_full_weight_2,52,Isotonic,calibration_ablation_results,calibration_subset_fraud_count,238.0,238.0,0.0,False
3,recipient_full_weight_2,52,Platt,calibration_ablation_results,calibration_subset_fraud_count,238.0,238.0,0.0,False
3,recipient_full_weight_2,52,Uncalibrated,calibration_ablation_results,calibration_subset_fraud_count,238.0,238.0,0.0,False
3,recipient_full_weight_2,62,Isotonic,calibration_ablation_results,calibration_subset_fraud_count,238.0,238.0,0.0,False
3,recipient_full_weight_2,62,Platt,calibration_ablation_results,calibration_subset_fraud_count,238.0,238.0,0.0,False
3,recipient_full_weight_2,62,Uncalibrated,calibration_ablation_results,calibration_subset_fraud_count,238.0,238.0,0.0,False
3,recipient_full_weight_2,72,Isotonic,calibration_ablation_results,calibration_subset_fraud_count,238.0,238.0,0.0,False
3,recipient_full_weight_2,72,Platt,calibration_ablation_results,calibration_subset_fraud_count,238.0,238.0,0.0,False
3,recipient_full_weight_2,72,Uncalibrated,calibration_ablation_results,calibration_subset_fraud_count,238.0,238.0,0.0,False
3,recipient_full_weight_2,82,Isotonic,calibration_ablation_results,calibration_subset_fraud_count,238.0,238.0,0.0,False
3,recipient_full_weight_2,82,Platt,calibration_ablation_results,calibration_subset_fraud_count,238.0,238.0,0.0,False
3,recipient_full_weight_2,82,Uncalibrated,calibration_ablation_results,calibration_subset_fraud_count,238.0,238.0,0.0,False
1,raw_safe,42,Isotonic,calibration_ablation_results,calibration_subset_fraud_rate,0.0008010118043844857,0.0008010118043844857,0.0,False
1,raw_safe,42,Platt,calibration_ablation_results,calibration_subset_fraud_rate,0.0008010118043844857,0.0008010118043844857,0.0,False
1,raw_safe,42,Uncalibrated,calibration_ablation_results,calibration_subset_fraud_rate,0.0008010118043844857,0.0008010118043844857,0.0,False
1,raw_safe,52,Isotonic,calibration_ablation_results,calibration_subset_fraud_rate,0.0008010118043844857,0.0008010118043844857,0.0,False
1,raw_safe,52,Platt,calibration_ablation_results,calibration_subset_fraud_rate,0.0008010118043844857,0.0008010118043844857,0.0,False
1,raw_safe,52,Uncalibrated,calibration_ablation_results,calibration_subset_fraud_rate,0.0008010118043844857,0.0008010118043844857,0.0,False
1,raw_safe,62,Isotonic,calibration_ablation_results,calibration_subset_fraud_rate,0.0008010118043844857,0.0008010118043844857,0.0,False
1,raw_safe,62,Platt,calibration_ablation_results,calibration_subset_fraud_rate,0.0008010118043844857,0.0008010118043844857,0.0,False
1,raw_safe,62,Uncalibrated,calibration_ablation_results,calibration_subset_fraud_rate,0.0008010118043844857,0.0008010118043844857,0.0,False
1,raw_safe,72,Isotonic,calibration_ablation_results,calibration_subset_fraud_rate,0.0008010118043844857,0.0008010118043844857,0.0,False
1,raw_safe,72,Platt,calibration_ablation_results,calibration_subset_fraud_rate,0.0008010118043844857,0.0008010118043844857,0.0,False
1,raw_safe,72,Uncalibrated,calibration_ablation_results,calibration_subset_fraud_rate,0.0008010118043844857,0.0008010118043844857,0.0,False
1,raw_safe,82,Isotonic,calibration_ablation_results,calibration_subset_fraud_rate,0.0008010118043844857,0.0008010118043844857,0.0,False
1,raw_safe,82,Platt,calibration_ablation_results,calibration_subset_fraud_rate,0.0008010118043844857,0.0008010118043844857,0.0,False
1,raw_safe,82,Uncalibrated,calibration_ablation_results,calibration_subset_fraud_rate,0.0008010118043844857,0.0008010118043844857,0.0,False
1,recipient_full_weight_2,42,Isotonic,calibration_ablation_results,calibration_subset_fraud_rate,0.0008010118043844857,0.0008010118043844857,0.0,False
1,recipient_full_weight_2,42,Platt,calibration_ablation_results,calibration_subset_fraud_rate,0.0008010118043844857,0.0008010118043844857,0.0,False
1,recipient_full_weight_2,42,Uncalibrated,calibration_ablation_results,calibration_subset_fraud_rate,0.0008010118043844857,0.0008010118043844857,0.0,False
1,recipient_full_weight_2,52,Isotonic,calibration_ablation_results,calibration_subset_fraud_rate,0.0008010118043844857,0.0008010118043844857,0.0,False
1,recipient_full_weight_2,52,Platt,calibration_ablation_results,calibration_subset_fraud_rate,0.0008010118043844857,0.0008010118043844857,0.0,False
1,recipient_full_weight_2,52,Uncalibrated,calibration_ablation_results,calibration_subset_fraud_rate,0.0008010118043844857,0.0008010118043844857,0.0,False
1,recipient_full_weight_2,62,Isotonic,calibration_ablation_results,calibration_subset_fraud_rate,0.0008010118043844857,0.0008010118043844857,0.0,False
1,recipient_full_weight_2,62,Platt,calibration_ablation_results,calibration_subset_fraud_rate,0.0008010118043844857,0.0008010118043844857,0.0,False
1,recipient_full_weight_2,62,Uncalibrated,calibration_ablation_results,calibration_subset_fraud_rate,0.0008010118043844857,0.0008010118043844857,0.0,False
1,recipient_full_weight_2,72,Isotonic,calibration_ablation_results,calibration_subset_fraud_rate,0.0008010118043844857,0.0008010118043844857,0.0,False
1,recipient_full_weight_2,72,Platt,calibration_ablation_results,calibration_subset_fraud_rate,0.0008010118043844857,0.0008010118043844857,0.0,False
1,recipient_full_weight_2,72,Uncalibrated,calibration_ablation_results,calibration_subset_fraud_rate,0.0008010118043844857,0.0008010118043844857,0.0,False
1,recipient_full_weight_2,82,Isotonic,calibration_ablation_results,calibration_subset_fraud_rate,0.0008010118043844857,0.0008010118043844857,0.0,False
1,recipient_full_weight_2,82,Platt,calibration_ablation_results,calibration_subset_fraud_rate,0.0008010118043844857,0.0008010118043844857,0.0,False
1,recipient_full_weight_2,82,Uncalibrated,calibration_ablation_results,calibration_subset_fraud_rate,0.0008010118043844857,0.0008010118043844857,0.0,False
2,raw_safe,42,Isotonic,calibration_ablation_results,calibration_subset_fraud_rate,0.0007027429334406614,0.0007027429334406614,0.0,False
2,raw_safe,42,Platt,calibration_ablation_results,calibration_subset_fraud_rate,0.0007027429334406614,0.0007027429334406614,0.0,False
2,raw_safe,42,Uncalibrated,calibration_ablation_results,calibration_subset_fraud_rate,0.0007027429334406614,0.0007027429334406614,0.0,False
2,raw_safe,52,Isotonic,calibration_ablation_results,calibration_subset_fraud_rate,0.0007027429334406614,0.0007027429334406614,0.0,False
2,raw_safe,52,Platt,calibration_ablation_results,calibration_subset_fraud_rate,0.0007027429334406614,0.0007027429334406614,0.0,False
2,raw_safe,52,Uncalibrated,calibration_ablation_results,calibration_subset_fraud_rate,0.0007027429334406614,0.0007027429334406614,0.0,False
2,raw_safe,62,Isotonic,calibration_ablation_results,calibration_subset_fraud_rate,0.0007027429334406614,0.0007027429334406614,0.0,False
2,raw_safe,62,Platt,calibration_ablation_results,calibration_subset_fraud_rate,0.0007027429334406614,0.0007027429334406614,0.0,False
2,raw_safe,62,Uncalibrated,calibration_ablation_results,calibration_subset_fraud_rate,0.0007027429334406614,0.0007027429334406614,0.0,False
2,raw_safe,72,Isotonic,calibration_ablation_results,calibration_subset_fraud_rate,0.0007027429334406614,0.0007027429334406614,0.0,False
2,raw_safe,72,Platt,calibration_ablation_results,calibration_subset_fraud_rate,0.0007027429334406614,0.0007027429334406614,0.0,False
2,raw_safe,72,Uncalibrated,calibration_ablation_results,calibration_subset_fraud_rate,0.0007027429334406614,0.0007027429334406614,0.0,False
2,raw_safe,82,Isotonic,calibration_ablation_results,calibration_subset_fraud_rate,0.0007027429334406614,0.0007027429334406614,0.0,False
2,raw_safe,82,Platt,calibration_ablation_results,calibration_subset_fraud_rate,0.0007027429334406614,0.0007027429334406614,0.0,False
2,raw_safe,82,Uncalibrated,calibration_ablation_results,calibration_subset_fraud_rate,0.0007027429334406614,0.0007027429334406614,0.0,False
2,recipient_full_weight_2,42,Isotonic,calibration_ablation_results,calibration_subset_fraud_rate,0.0007027429334406614,0.0007027429334406614,0.0,False
2,recipient_full_weight_2,42,Platt,calibration_ablation_results,calibration_subset_fraud_rate,0.0007027429334406614,0.0007027429334406614,0.0,False
2,recipient_full_weight_2,42,Uncalibrated,calibration_ablation_results,calibration_subset_fraud_rate,0.0007027429334406614,0.0007027429334406614,0.0,False
2,recipient_full_weight_2,52,Isotonic,calibration_ablation_results,calibration_subset_fraud_rate,0.0007027429334406614,0.0007027429334406614,0.0,False
2,recipient_full_weight_2,52,Platt,calibration_ablation_results,calibration_subset_fraud_rate,0.0007027429334406614,0.0007027429334406614,0.0,False
2,recipient_full_weight_2,52,Uncalibrated,calibration_ablation_results,calibration_subset_fraud_rate,0.0007027429334406614,0.0007027429334406614,0.0,False
2,recipient_full_weight_2,62,Isotonic,calibration_ablation_results,calibration_subset_fraud_rate,0.0007027429334406614,0.0007027429334406614,0.0,False
2,recipient_full_weight_2,62,Platt,calibration_ablation_results,calibration_subset_fraud_rate,0.0007027429334406614,0.0007027429334406614,0.0,False
2,recipient_full_weight_2,62,Uncalibrated,calibration_ablation_results,calibration_subset_fraud_rate,0.0007027429334406614,0.0007027429334406614,0.0,False
2,recipient_full_weight_2,72,Isotonic,calibration_ablation_results,calibration_subset_fraud_rate,0.0007027429334406614,0.0007027429334406614,0.0,False
2,recipient_full_weight_2,72,Platt,calibration_ablation_results,calibration_subset_fraud_rate,0.0007027429334406614,0.0007027429334406614,0.0,False
2,recipient_full_weight_2,72,Uncalibrated,calibration_ablation_results,calibration_subset_fraud_rate,0.0007027429334406614,0.0007027429334406614,0.0,False
2,recipient_full_weight_2,82,Isotonic,calibration_ablation_results,calibration_subset_fraud_rate,0.0007027429334406614,0.0007027429334406614,0.0,False
2,recipient_full_weight_2,82,Platt,calibration_ablation_results,calibration_subset_fraud_rate,0.0007027429334406614,0.0007027429334406614,0.0,False
2,recipient_full_weight_2,82,Uncalibrated,calibration_ablation_results,calibration_subset_fraud_rate,0.0007027429334406614,0.0007027429334406614,0.0,False
3,raw_safe,42,Isotonic,calibration_ablation_results,calibration_subset_fraud_rate,0.0007446901713413184,0.0007446901713413184,0.0,False
3,raw_safe,42,Platt,calibration_ablation_results,calibration_subset_fraud_rate,0.0007446901713413184,0.0007446901713413184,0.0,False
3,raw_safe,42,Uncalibrated,calibration_ablation_results,calibration_subset_fraud_rate,0.0007446901713413184,0.0007446901713413184,0.0,False
3,raw_safe,52,Isotonic,calibration_ablation_results,calibration_subset_fraud_rate,0.0007446901713413184,0.0007446901713413184,0.0,False
3,raw_safe,52,Platt,calibration_ablation_results,calibration_subset_fraud_rate,0.0007446901713413184,0.0007446901713413184,0.0,False
3,raw_safe,52,Uncalibrated,calibration_ablation_results,calibration_subset_fraud_rate,0.0007446901713413184,0.0007446901713413184,0.0,False
3,raw_safe,62,Isotonic,calibration_ablation_results,calibration_subset_fraud_rate,0.0007446901713413184,0.0007446901713413184,0.0,False
3,raw_safe,62,Platt,calibration_ablation_results,calibration_subset_fraud_rate,0.0007446901713413184,0.0007446901713413184,0.0,False
3,raw_safe,62,Uncalibrated,calibration_ablation_results,calibration_subset_fraud_rate,0.0007446901713413184,0.0007446901713413184,0.0,False
3,raw_safe,72,Isotonic,calibration_ablation_results,calibration_subset_fraud_rate,0.0007446901713413184,0.0007446901713413184,0.0,False
3,raw_safe,72,Platt,calibration_ablation_results,calibration_subset_fraud_rate,0.0007446901713413184,0.0007446901713413184,0.0,False
3,raw_safe,72,Uncalibrated,calibration_ablation_results,calibration_subset_fraud_rate,0.0007446901713413184,0.0007446901713413184,0.0,False
3,raw_safe,82,Isotonic,calibration_ablation_results,calibration_subset_fraud_rate,0.0007446901713413184,0.0007446901713413184,0.0,False
3,raw_safe,82,Platt,calibration_ablation_results,calibration_subset_fraud_rate,0.0007446901713413184,0.0007446901713413184,0.0,False
3,raw_safe,82,Uncalibrated,calibration_ablation_results,calibration_subset_fraud_rate,0.0007446901713413184,0.0007446901713413184,0.0,False
3,recipient_full_weight_2,42,Isotonic,calibration_ablation_results,calibration_subset_fraud_rate,0.0007446901713413184,0.0007446901713413184,0.0,False
3,recipient_full_weight_2,42,Platt,calibration_ablation_results,calibration_subset_fraud_rate,0.0007446901713413184,0.0007446901713413184,0.0,False
3,recipient_full_weight_2,42,Uncalibrated,calibration_ablation_results,calibration_subset_fraud_rate,0.0007446901713413184,0.0007446901713413184,0.0,False
3,recipient_full_weight_2,52,Isotonic,calibration_ablation_results,calibration_subset_fraud_rate,0.0007446901713413184,0.0007446901713413184,0.0,False
3,recipient_full_weight_2,52,Platt,calibration_ablation_results,calibration_subset_fraud_rate,0.0007446901713413184,0.0007446901713413184,0.0,False
3,recipient_full_weight_2,52,Uncalibrated,calibration_ablation_results,calibration_subset_fraud_rate,0.0007446901713413184,0.0007446901713413184,0.0,False
3,recipient_full_weight_2,62,Isotonic,calibration_ablation_results,calibration_subset_fraud_rate,0.0007446901713413184,0.0007446901713413184,0.0,False
3,recipient_full_weight_2,62,Platt,calibration_ablation_results,calibration_subset_fraud_rate,0.0007446901713413184,0.0007446901713413184,0.0,False
3,recipient_full_weight_2,62,Uncalibrated,calibration_ablation_results,calibration_subset_fraud_rate,0.0007446901713413184,0.0007446901713413184,0.0,False
3,recipient_full_weight_2,72,Isotonic,calibration_ablation_results,calibration_subset_fraud_rate,0.0007446901713413184,0.0007446901713413184,0.0,False
3,recipient_full_weight_2,72,Platt,calibration_ablation_results,calibration_subset_fraud_rate,0.0007446901713413184,0.0007446901713413184,0.0,False
3,recipient_full_weight_2,72,Uncalibrated,calibration_ablation_results,calibration_subset_fraud_rate,0.0007446901713413184,0.0007446901713413184,0.0,False
3,recipient_full_weight_2,82,Isotonic,calibration_ablation_results,calibration_subset_fraud_rate,0.0007446901713413184,0.0007446901713413184,0.0,False
3,recipient_full_weight_2,82,Platt,calibration_ablation_results,calibration_subset_fraud_rate,0.0007446901713413184,0.0007446901713413184,0.0,False
3,recipient_full_weight_2,82,Uncalibrated,calibration_ablation_results,calibration_subset_fraud_rate,0.0007446901713413184,0.0007446901713413184,0.0,False
1,raw_safe,42,Isotonic,calibration_ablation_results,raw_unique_probability_count,528.0,536.0,8.0,True
1,raw_safe,42,Platt,calibration_ablation_results,raw_unique_probability_count,528.0,536.0,8.0,True
1,raw_safe,42,Uncalibrated,calibration_ablation_results,raw_unique_probability_count,528.0,536.0,8.0,True
1,raw_safe,52,Isotonic,calibration_ablation_results,raw_unique_probability_count,610.0,559.0,-51.0,True
1,raw_safe,52,Platt,calibration_ablation_results,raw_unique_probability_count,610.0,559.0,-51.0,True
1,raw_safe,52,Uncalibrated,calibration_ablation_results,raw_unique_probability_count,610.0,559.0,-51.0,True
1,raw_safe,62,Isotonic,calibration_ablation_results,raw_unique_probability_count,601.0,492.0,-109.0,True
1,raw_safe,62,Platt,calibration_ablation_results,raw_unique_probability_count,601.0,492.0,-109.0,True
1,raw_safe,62,Uncalibrated,calibration_ablation_results,raw_unique_probability_count,601.0,492.0,-109.0,True
1,raw_safe,72,Isotonic,calibration_ablation_results,raw_unique_probability_count,578.0,527.0,-51.0,True
1,raw_safe,72,Platt,calibration_ablation_results,raw_unique_probability_count,578.0,527.0,-51.0,True
1,raw_safe,72,Uncalibrated,calibration_ablation_results,raw_unique_probability_count,578.0,527.0,-51.0,True
1,raw_safe,82,Isotonic,calibration_ablation_results,raw_unique_probability_count,651.0,422.0,-229.0,True
1,raw_safe,82,Platt,calibration_ablation_results,raw_unique_probability_count,651.0,422.0,-229.0,True
1,raw_safe,82,Uncalibrated,calibration_ablation_results,raw_unique_probability_count,651.0,422.0,-229.0,True
1,recipient_full_weight_2,42,Isotonic,calibration_ablation_results,raw_unique_probability_count,51400.0,62957.0,11557.0,True
1,recipient_full_weight_2,42,Platt,calibration_ablation_results,raw_unique_probability_count,51400.0,62957.0,11557.0,True
1,recipient_full_weight_2,42,Uncalibrated,calibration_ablation_results,raw_unique_probability_count,51400.0,62957.0,11557.0,True
1,recipient_full_weight_2,52,Isotonic,calibration_ablation_results,raw_unique_probability_count,40762.0,50406.0,9644.0,True
1,recipient_full_weight_2,52,Platt,calibration_ablation_results,raw_unique_probability_count,40762.0,50406.0,9644.0,True
1,recipient_full_weight_2,52,Uncalibrated,calibration_ablation_results,raw_unique_probability_count,40762.0,50406.0,9644.0,True
1,recipient_full_weight_2,62,Isotonic,calibration_ablation_results,raw_unique_probability_count,18585.0,21974.0,3389.0,True
1,recipient_full_weight_2,62,Platt,calibration_ablation_results,raw_unique_probability_count,18585.0,21974.0,3389.0,True
1,recipient_full_weight_2,62,Uncalibrated,calibration_ablation_results,raw_unique_probability_count,18585.0,21974.0,3389.0,True
1,recipient_full_weight_2,72,Isotonic,calibration_ablation_results,raw_unique_probability_count,28690.0,29248.0,558.0,True
1,recipient_full_weight_2,72,Platt,calibration_ablation_results,raw_unique_probability_count,28690.0,29248.0,558.0,True
1,recipient_full_weight_2,72,Uncalibrated,calibration_ablation_results,raw_unique_probability_count,28690.0,29248.0,558.0,True
1,recipient_full_weight_2,82,Isotonic,calibration_ablation_results,raw_unique_probability_count,55885.0,86417.0,30532.0,True
1,recipient_full_weight_2,82,Platt,calibration_ablation_results,raw_unique_probability_count,55885.0,86417.0,30532.0,True
1,recipient_full_weight_2,82,Uncalibrated,calibration_ablation_results,raw_unique_probability_count,55885.0,86417.0,30532.0,True
2,raw_safe,42,Isotonic,calibration_ablation_results,raw_unique_probability_count,501.0,467.0,-34.0,True
2,raw_safe,42,Platt,calibration_ablation_results,raw_unique_probability_count,501.0,467.0,-34.0,True
2,raw_safe,42,Uncalibrated,calibration_ablation_results,raw_unique_probability_count,501.0,467.0,-34.0,True
2,raw_safe,52,Isotonic,calibration_ablation_results,raw_unique_probability_count,497.0,436.0,-61.0,True
2,raw_safe,52,Platt,calibration_ablation_results,raw_unique_probability_count,497.0,436.0,-61.0,True
2,raw_safe,52,Uncalibrated,calibration_ablation_results,raw_unique_probability_count,497.0,436.0,-61.0,True
2,raw_safe,62,Isotonic,calibration_ablation_results,raw_unique_probability_count,437.0,466.0,29.0,True
2,raw_safe,62,Platt,calibration_ablation_results,raw_unique_probability_count,437.0,466.0,29.0,True
2,raw_safe,62,Uncalibrated,calibration_ablation_results,raw_unique_probability_count,437.0,466.0,29.0,True
2,raw_safe,72,Isotonic,calibration_ablation_results,raw_unique_probability_count,479.0,444.0,-35.0,True
2,raw_safe,72,Platt,calibration_ablation_results,raw_unique_probability_count,479.0,444.0,-35.0,True
2,raw_safe,72,Uncalibrated,calibration_ablation_results,raw_unique_probability_count,479.0,444.0,-35.0,True
2,raw_safe,82,Isotonic,calibration_ablation_results,raw_unique_probability_count,471.0,560.0,89.0,True
2,raw_safe,82,Platt,calibration_ablation_results,raw_unique_probability_count,471.0,560.0,89.0,True
2,raw_safe,82,Uncalibrated,calibration_ablation_results,raw_unique_probability_count,471.0,560.0,89.0,True
2,recipient_full_weight_2,42,Isotonic,calibration_ablation_results,raw_unique_probability_count,6084.0,12870.0,6786.0,True
2,recipient_full_weight_2,42,Platt,calibration_ablation_results,raw_unique_probability_count,6084.0,12870.0,6786.0,True
2,recipient_full_weight_2,42,Uncalibrated,calibration_ablation_results,raw_unique_probability_count,6084.0,12870.0,6786.0,True
2,recipient_full_weight_2,52,Isotonic,calibration_ablation_results,raw_unique_probability_count,13610.0,20252.0,6642.0,True
2,recipient_full_weight_2,52,Platt,calibration_ablation_results,raw_unique_probability_count,13610.0,20252.0,6642.0,True
2,recipient_full_weight_2,52,Uncalibrated,calibration_ablation_results,raw_unique_probability_count,13610.0,20252.0,6642.0,True
2,recipient_full_weight_2,62,Isotonic,calibration_ablation_results,raw_unique_probability_count,9334.0,16728.0,7394.0,True
2,recipient_full_weight_2,62,Platt,calibration_ablation_results,raw_unique_probability_count,9334.0,16728.0,7394.0,True
2,recipient_full_weight_2,62,Uncalibrated,calibration_ablation_results,raw_unique_probability_count,9334.0,16728.0,7394.0,True
2,recipient_full_weight_2,72,Isotonic,calibration_ablation_results,raw_unique_probability_count,8777.0,32574.0,23797.0,True
2,recipient_full_weight_2,72,Platt,calibration_ablation_results,raw_unique_probability_count,8777.0,32574.0,23797.0,True
2,recipient_full_weight_2,72,Uncalibrated,calibration_ablation_results,raw_unique_probability_count,8777.0,32574.0,23797.0,True
2,recipient_full_weight_2,82,Isotonic,calibration_ablation_results,raw_unique_probability_count,41126.0,44893.0,3767.0,True
2,recipient_full_weight_2,82,Platt,calibration_ablation_results,raw_unique_probability_count,41126.0,44893.0,3767.0,True
2,recipient_full_weight_2,82,Uncalibrated,calibration_ablation_results,raw_unique_probability_count,41126.0,44893.0,3767.0,True
3,raw_safe,42,Isotonic,calibration_ablation_results,raw_unique_probability_count,296.0,519.0,223.0,True
3,raw_safe,42,Platt,calibration_ablation_results,raw_unique_probability_count,296.0,519.0,223.0,True
3,raw_safe,42,Uncalibrated,calibration_ablation_results,raw_unique_probability_count,296.0,519.0,223.0,True
3,raw_safe,52,Isotonic,calibration_ablation_results,raw_unique_probability_count,520.0,464.0,-56.0,True
3,raw_safe,52,Platt,calibration_ablation_results,raw_unique_probability_count,520.0,464.0,-56.0,True
3,raw_safe,52,Uncalibrated,calibration_ablation_results,raw_unique_probability_count,520.0,464.0,-56.0,True
3,raw_safe,62,Isotonic,calibration_ablation_results,raw_unique_probability_count,274.0,471.0,197.0,True
3,raw_safe,62,Platt,calibration_ablation_results,raw_unique_probability_count,274.0,471.0,197.0,True
3,raw_safe,62,Uncalibrated,calibration_ablation_results,raw_unique_probability_count,274.0,471.0,197.0,True
3,raw_safe,72,Isotonic,calibration_ablation_results,raw_unique_probability_count,383.0,430.0,47.0,True
3,raw_safe,72,Platt,calibration_ablation_results,raw_unique_probability_count,383.0,430.0,47.0,True
3,raw_safe,72,Uncalibrated,calibration_ablation_results,raw_unique_probability_count,383.0,430.0,47.0,True
3,raw_safe,82,Isotonic,calibration_ablation_results,raw_unique_probability_count,431.0,391.0,-40.0,True
3,raw_safe,82,Platt,calibration_ablation_results,raw_unique_probability_count,431.0,391.0,-40.0,True
3,raw_safe,82,Uncalibrated,calibration_ablation_results,raw_unique_probability_count,431.0,391.0,-40.0,True
3,recipient_full_weight_2,42,Isotonic,calibration_ablation_results,raw_unique_probability_count,16103.0,10414.0,-5689.0,True
3,recipient_full_weight_2,42,Platt,calibration_ablation_results,raw_unique_probability_count,16103.0,10414.0,-5689.0,True
3,recipient_full_weight_2,42,Uncalibrated,calibration_ablation_results,raw_unique_probability_count,16103.0,10414.0,-5689.0,True
3,recipient_full_weight_2,52,Isotonic,calibration_ablation_results,raw_unique_probability_count,6915.0,7195.0,280.0,True
3,recipient_full_weight_2,52,Platt,calibration_ablation_results,raw_unique_probability_count,6915.0,7195.0,280.0,True
3,recipient_full_weight_2,52,Uncalibrated,calibration_ablation_results,raw_unique_probability_count,6915.0,7195.0,280.0,True
3,recipient_full_weight_2,62,Isotonic,calibration_ablation_results,raw_unique_probability_count,8542.0,14964.0,6422.0,True
3,recipient_full_weight_2,62,Platt,calibration_ablation_results,raw_unique_probability_count,8542.0,14964.0,6422.0,True
3,recipient_full_weight_2,62,Uncalibrated,calibration_ablation_results,raw_unique_probability_count,8542.0,14964.0,6422.0,True
3,recipient_full_weight_2,72,Isotonic,calibration_ablation_results,raw_unique_probability_count,17099.0,14634.0,-2465.0,True
3,recipient_full_weight_2,72,Platt,calibration_ablation_results,raw_unique_probability_count,17099.0,14634.0,-2465.0,True
3,recipient_full_weight_2,72,Uncalibrated,calibration_ablation_results,raw_unique_probability_count,17099.0,14634.0,-2465.0,True
3,recipient_full_weight_2,82,Isotonic,calibration_ablation_results,raw_unique_probability_count,15204.0,17650.0,2446.0,True
3,recipient_full_weight_2,82,Platt,calibration_ablation_results,raw_unique_probability_count,15204.0,17650.0,2446.0,True
3,recipient_full_weight_2,82,Uncalibrated,calibration_ablation_results,raw_unique_probability_count,15204.0,17650.0,2446.0,True
1,raw_safe,42,Isotonic,calibration_ablation_results,calibrated_unique_probability_count,11.0,15.0,4.0,True
1,raw_safe,42,Platt,calibration_ablation_results,calibrated_unique_probability_count,501.0,464.0,-37.0,True
1,raw_safe,42,Uncalibrated,calibration_ablation_results,calibrated_unique_probability_count,528.0,536.0,8.0,True
1,raw_safe,52,Isotonic,calibration_ablation_results,calibrated_unique_probability_count,13.0,15.0,2.0,True
1,raw_safe,52,Platt,calibration_ablation_results,calibrated_unique_probability_count,488.0,491.0,3.0,True
1,raw_safe,52,Uncalibrated,calibration_ablation_results,calibrated_unique_probability_count,610.0,559.0,-51.0,True
1,raw_safe,62,Isotonic,calibration_ablation_results,calibrated_unique_probability_count,11.0,11.0,0.0,False
1,raw_safe,62,Platt,calibration_ablation_results,calibrated_unique_probability_count,599.0,438.0,-161.0,True
1,raw_safe,62,Uncalibrated,calibration_ablation_results,calibrated_unique_probability_count,601.0,492.0,-109.0,True
1,raw_safe,72,Isotonic,calibration_ablation_results,calibrated_unique_probability_count,11.0,7.0,-4.0,True
1,raw_safe,72,Platt,calibration_ablation_results,calibrated_unique_probability_count,547.0,513.0,-34.0,True
1,raw_safe,72,Uncalibrated,calibration_ablation_results,calibrated_unique_probability_count,578.0,527.0,-51.0,True
1,raw_safe,82,Isotonic,calibration_ablation_results,calibrated_unique_probability_count,12.0,18.0,6.0,True
1,raw_safe,82,Platt,calibration_ablation_results,calibrated_unique_probability_count,593.0,410.0,-183.0,True
1,raw_safe,82,Uncalibrated,calibration_ablation_results,calibrated_unique_probability_count,651.0,422.0,-229.0,True
1,recipient_full_weight_2,42,Isotonic,calibration_ablation_results,calibrated_unique_probability_count,24.0,27.0,3.0,True
1,recipient_full_weight_2,42,Platt,calibration_ablation_results,calibrated_unique_probability_count,37757.0,36069.0,-1688.0,True
1,recipient_full_weight_2,42,Uncalibrated,calibration_ablation_results,calibrated_unique_probability_count,51400.0,62957.0,11557.0,True
1,recipient_full_weight_2,52,Isotonic,calibration_ablation_results,calibrated_unique_probability_count,35.0,20.0,-15.0,True
1,recipient_full_weight_2,52,Platt,calibration_ablation_results,calibrated_unique_probability_count,25445.0,34330.0,8885.0,True
1,recipient_full_weight_2,52,Uncalibrated,calibration_ablation_results,calibrated_unique_probability_count,40762.0,50406.0,9644.0,True
1,recipient_full_weight_2,62,Isotonic,calibration_ablation_results,calibrated_unique_probability_count,31.0,32.0,1.0,True
1,recipient_full_weight_2,62,Platt,calibration_ablation_results,calibrated_unique_probability_count,9294.0,13344.0,4050.0,True
1,recipient_full_weight_2,62,Uncalibrated,calibration_ablation_results,calibrated_unique_probability_count,18585.0,21974.0,3389.0,True
1,recipient_full_weight_2,72,Isotonic,calibration_ablation_results,calibrated_unique_probability_count,34.0,38.0,4.0,True
1,recipient_full_weight_2,72,Platt,calibration_ablation_results,calibrated_unique_probability_count,19828.0,21577.0,1749.0,True
1,recipient_full_weight_2,72,Uncalibrated,calibration_ablation_results,calibrated_unique_probability_count,28690.0,29248.0,558.0,True
1,recipient_full_weight_2,82,Isotonic,calibration_ablation_results,calibrated_unique_probability_count,26.0,59.0,33.0,True
1,recipient_full_weight_2,82,Platt,calibration_ablation_results,calibrated_unique_probability_count,43043.0,57132.0,14089.0,True
1,recipient_full_weight_2,82,Uncalibrated,calibration_ablation_results,calibrated_unique_probability_count,55885.0,86417.0,30532.0,True
2,raw_safe,42,Isotonic,calibration_ablation_results,calibrated_unique_probability_count,13.0,17.0,4.0,True
2,raw_safe,42,Platt,calibration_ablation_results,calibrated_unique_probability_count,390.0,416.0,26.0,True
2,raw_safe,42,Uncalibrated,calibration_ablation_results,calibrated_unique_probability_count,501.0,467.0,-34.0,True
2,raw_safe,52,Isotonic,calibration_ablation_results,calibrated_unique_probability_count,13.0,12.0,-1.0,True
2,raw_safe,52,Platt,calibration_ablation_results,calibrated_unique_probability_count,404.0,263.0,-141.0,True
2,raw_safe,52,Uncalibrated,calibration_ablation_results,calibrated_unique_probability_count,497.0,436.0,-61.0,True
2,raw_safe,62,Isotonic,calibration_ablation_results,calibrated_unique_probability_count,12.0,8.0,-4.0,True
2,raw_safe,62,Platt,calibration_ablation_results,calibrated_unique_probability_count,337.0,392.0,55.0,True
2,raw_safe,62,Uncalibrated,calibration_ablation_results,calibrated_unique_probability_count,437.0,466.0,29.0,True
2,raw_safe,72,Isotonic,calibration_ablation_results,calibrated_unique_probability_count,11.0,15.0,4.0,True
2,raw_safe,72,Platt,calibration_ablation_results,calibrated_unique_probability_count,376.0,404.0,28.0,True
2,raw_safe,72,Uncalibrated,calibration_ablation_results,calibrated_unique_probability_count,479.0,444.0,-35.0,True
2,raw_safe,82,Isotonic,calibration_ablation_results,calibrated_unique_probability_count,12.0,14.0,2.0,True
2,raw_safe,82,Platt,calibration_ablation_results,calibrated_unique_probability_count,422.0,427.0,5.0,True
2,raw_safe,82,Uncalibrated,calibration_ablation_results,calibrated_unique_probability_count,471.0,560.0,89.0,True
2,recipient_full_weight_2,42,Isotonic,calibration_ablation_results,calibrated_unique_probability_count,18.0,17.0,-1.0,True
2,recipient_full_weight_2,42,Platt,calibration_ablation_results,calibrated_unique_probability_count,3532.0,7325.0,3793.0,True
2,recipient_full_weight_2,42,Uncalibrated,calibration_ablation_results,calibrated_unique_probability_count,6084.0,12870.0,6786.0,True
2,recipient_full_weight_2,52,Isotonic,calibration_ablation_results,calibrated_unique_probability_count,18.0,19.0,1.0,True
2,recipient_full_weight_2,52,Platt,calibration_ablation_results,calibrated_unique_probability_count,7828.0,8577.0,749.0,True
2,recipient_full_weight_2,52,Uncalibrated,calibration_ablation_results,calibrated_unique_probability_count,13610.0,20252.0,6642.0,True
2,recipient_full_weight_2,62,Isotonic,calibration_ablation_results,calibrated_unique_probability_count,16.0,19.0,3.0,True
2,recipient_full_weight_2,62,Platt,calibration_ablation_results,calibrated_unique_probability_count,4711.0,8440.0,3729.0,True
2,recipient_full_weight_2,62,Uncalibrated,calibration_ablation_results,calibrated_unique_probability_count,9334.0,16728.0,7394.0,True
2,recipient_full_weight_2,72,Isotonic,calibration_ablation_results,calibrated_unique_probability_count,12.0,16.0,4.0,True
2,recipient_full_weight_2,72,Platt,calibration_ablation_results,calibrated_unique_probability_count,3838.0,22779.0,18941.0,True
2,recipient_full_weight_2,72,Uncalibrated,calibration_ablation_results,calibrated_unique_probability_count,8777.0,32574.0,23797.0,True
2,recipient_full_weight_2,82,Isotonic,calibration_ablation_results,calibrated_unique_probability_count,28.0,33.0,5.0,True
2,recipient_full_weight_2,82,Platt,calibration_ablation_results,calibrated_unique_probability_count,22155.0,37827.0,15672.0,True
2,recipient_full_weight_2,82,Uncalibrated,calibration_ablation_results,calibrated_unique_probability_count,41126.0,44893.0,3767.0,True
3,raw_safe,42,Isotonic,calibration_ablation_results,calibrated_unique_probability_count,18.0,15.0,-3.0,True
3,raw_safe,42,Platt,calibration_ablation_results,calibrated_unique_probability_count,271.0,445.0,174.0,True
3,raw_safe,42,Uncalibrated,calibration_ablation_results,calibrated_unique_probability_count,296.0,519.0,223.0,True
3,raw_safe,52,Isotonic,calibration_ablation_results,calibrated_unique_probability_count,24.0,20.0,-4.0,True
3,raw_safe,52,Platt,calibration_ablation_results,calibrated_unique_probability_count,419.0,401.0,-18.0,True
3,raw_safe,52,Uncalibrated,calibration_ablation_results,calibrated_unique_probability_count,520.0,464.0,-56.0,True
3,raw_safe,62,Isotonic,calibration_ablation_results,calibrated_unique_probability_count,21.0,24.0,3.0,True
3,raw_safe,62,Platt,calibration_ablation_results,calibrated_unique_probability_count,265.0,396.0,131.0,True
3,raw_safe,62,Uncalibrated,calibration_ablation_results,calibrated_unique_probability_count,274.0,471.0,197.0,True
3,raw_safe,72,Isotonic,calibration_ablation_results,calibrated_unique_probability_count,19.0,15.0,-4.0,True
3,raw_safe,72,Platt,calibration_ablation_results,calibrated_unique_probability_count,335.0,399.0,64.0,True
3,raw_safe,72,Uncalibrated,calibration_ablation_results,calibrated_unique_probability_count,383.0,430.0,47.0,True
3,raw_safe,82,Isotonic,calibration_ablation_results,calibrated_unique_probability_count,22.0,20.0,-2.0,True
3,raw_safe,82,Platt,calibration_ablation_results,calibrated_unique_probability_count,422.0,269.0,-153.0,True
3,raw_safe,82,Uncalibrated,calibration_ablation_results,calibrated_unique_probability_count,431.0,391.0,-40.0,True
3,recipient_full_weight_2,42,Isotonic,calibration_ablation_results,calibrated_unique_probability_count,49.0,86.0,37.0,True
3,recipient_full_weight_2,42,Platt,calibration_ablation_results,calibrated_unique_probability_count,11531.0,8451.0,-3080.0,True
3,recipient_full_weight_2,42,Uncalibrated,calibration_ablation_results,calibrated_unique_probability_count,16103.0,10414.0,-5689.0,True
3,recipient_full_weight_2,52,Isotonic,calibration_ablation_results,calibrated_unique_probability_count,40.0,34.0,-6.0,True
3,recipient_full_weight_2,52,Platt,calibration_ablation_results,calibrated_unique_probability_count,3745.0,3767.0,22.0,True
3,recipient_full_weight_2,52,Uncalibrated,calibration_ablation_results,calibrated_unique_probability_count,6915.0,7195.0,280.0,True
3,recipient_full_weight_2,62,Isotonic,calibration_ablation_results,calibrated_unique_probability_count,40.0,44.0,4.0,True
3,recipient_full_weight_2,62,Platt,calibration_ablation_results,calibrated_unique_probability_count,6834.0,11783.0,4949.0,True
3,recipient_full_weight_2,62,Uncalibrated,calibration_ablation_results,calibrated_unique_probability_count,8542.0,14964.0,6422.0,True
3,recipient_full_weight_2,72,Isotonic,calibration_ablation_results,calibrated_unique_probability_count,136.0,40.0,-96.0,True
3,recipient_full_weight_2,72,Platt,calibration_ablation_results,calibrated_unique_probability_count,15035.0,10701.0,-4334.0,True
3,recipient_full_weight_2,72,Uncalibrated,calibration_ablation_results,calibrated_unique_probability_count,17099.0,14634.0,-2465.0,True
3,recipient_full_weight_2,82,Isotonic,calibration_ablation_results,calibrated_unique_probability_count,43.0,98.0,55.0,True
3,recipient_full_weight_2,82,Platt,calibration_ablation_results,calibrated_unique_probability_count,12684.0,12170.0,-514.0,True
3,recipient_full_weight_2,82,Uncalibrated,calibration_ablation_results,calibrated_unique_probability_count,15204.0,17650.0,2446.0,True
1,raw_safe,42,Isotonic,calibration_ablation_results,fn_cost,100.0,100.0,0.0,False
1,raw_safe,42,Platt,calibration_ablation_results,fn_cost,100.0,100.0,0.0,False
1,raw_safe,42,Uncalibrated,calibration_ablation_results,fn_cost,100.0,100.0,0.0,False
1,raw_safe,52,Isotonic,calibration_ablation_results,fn_cost,100.0,100.0,0.0,False
1,raw_safe,52,Platt,calibration_ablation_results,fn_cost,100.0,100.0,0.0,False
1,raw_safe,52,Uncalibrated,calibration_ablation_results,fn_cost,100.0,100.0,0.0,False
1,raw_safe,62,Isotonic,calibration_ablation_results,fn_cost,100.0,100.0,0.0,False
1,raw_safe,62,Platt,calibration_ablation_results,fn_cost,100.0,100.0,0.0,False
1,raw_safe,62,Uncalibrated,calibration_ablation_results,fn_cost,100.0,100.0,0.0,False
1,raw_safe,72,Isotonic,calibration_ablation_results,fn_cost,100.0,100.0,0.0,False
1,raw_safe,72,Platt,calibration_ablation_results,fn_cost,100.0,100.0,0.0,False
1,raw_safe,72,Uncalibrated,calibration_ablation_results,fn_cost,100.0,100.0,0.0,False
1,raw_safe,82,Isotonic,calibration_ablation_results,fn_cost,100.0,100.0,0.0,False
1,raw_safe,82,Platt,calibration_ablation_results,fn_cost,100.0,100.0,0.0,False
1,raw_safe,82,Uncalibrated,calibration_ablation_results,fn_cost,100.0,100.0,0.0,False
1,recipient_full_weight_2,42,Isotonic,calibration_ablation_results,fn_cost,100.0,100.0,0.0,False
1,recipient_full_weight_2,42,Platt,calibration_ablation_results,fn_cost,100.0,100.0,0.0,False
1,recipient_full_weight_2,42,Uncalibrated,calibration_ablation_results,fn_cost,100.0,100.0,0.0,False
1,recipient_full_weight_2,52,Isotonic,calibration_ablation_results,fn_cost,100.0,100.0,0.0,False
1,recipient_full_weight_2,52,Platt,calibration_ablation_results,fn_cost,100.0,100.0,0.0,False
1,recipient_full_weight_2,52,Uncalibrated,calibration_ablation_results,fn_cost,100.0,100.0,0.0,False
1,recipient_full_weight_2,62,Isotonic,calibration_ablation_results,fn_cost,100.0,100.0,0.0,False
1,recipient_full_weight_2,62,Platt,calibration_ablation_results,fn_cost,100.0,100.0,0.0,False
1,recipient_full_weight_2,62,Uncalibrated,calibration_ablation_results,fn_cost,100.0,100.0,0.0,False
1,recipient_full_weight_2,72,Isotonic,calibration_ablation_results,fn_cost,100.0,100.0,0.0,False
1,recipient_full_weight_2,72,Platt,calibration_ablation_results,fn_cost,100.0,100.0,0.0,False
1,recipient_full_weight_2,72,Uncalibrated,calibration_ablation_results,fn_cost,100.0,100.0,0.0,False
1,recipient_full_weight_2,82,Isotonic,calibration_ablation_results,fn_cost,100.0,100.0,0.0,False
1,recipient_full_weight_2,82,Platt,calibration_ablation_results,fn_cost,100.0,100.0,0.0,False
1,recipient_full_weight_2,82,Uncalibrated,calibration_ablation_results,fn_cost,100.0,100.0,0.0,False
2,raw_safe,42,Isotonic,calibration_ablation_results,fn_cost,100.0,100.0,0.0,False
2,raw_safe,42,Platt,calibration_ablation_results,fn_cost,100.0,100.0,0.0,False
2,raw_safe,42,Uncalibrated,calibration_ablation_results,fn_cost,100.0,100.0,0.0,False
2,raw_safe,52,Isotonic,calibration_ablation_results,fn_cost,100.0,100.0,0.0,False
2,raw_safe,52,Platt,calibration_ablation_results,fn_cost,100.0,100.0,0.0,False
2,raw_safe,52,Uncalibrated,calibration_ablation_results,fn_cost,100.0,100.0,0.0,False
2,raw_safe,62,Isotonic,calibration_ablation_results,fn_cost,100.0,100.0,0.0,False
2,raw_safe,62,Platt,calibration_ablation_results,fn_cost,100.0,100.0,0.0,False
2,raw_safe,62,Uncalibrated,calibration_ablation_results,fn_cost,100.0,100.0,0.0,False
2,raw_safe,72,Isotonic,calibration_ablation_results,fn_cost,100.0,100.0,0.0,False
2,raw_safe,72,Platt,calibration_ablation_results,fn_cost,100.0,100.0,0.0,False
2,raw_safe,72,Uncalibrated,calibration_ablation_results,fn_cost,100.0,100.0,0.0,False
2,raw_safe,82,Isotonic,calibration_ablation_results,fn_cost,100.0,100.0,0.0,False
2,raw_safe,82,Platt,calibration_ablation_results,fn_cost,100.0,100.0,0.0,False
2,raw_safe,82,Uncalibrated,calibration_ablation_results,fn_cost,100.0,100.0,0.0,False
2,recipient_full_weight_2,42,Isotonic,calibration_ablation_results,fn_cost,100.0,100.0,0.0,False
2,recipient_full_weight_2,42,Platt,calibration_ablation_results,fn_cost,100.0,100.0,0.0,False
2,recipient_full_weight_2,42,Uncalibrated,calibration_ablation_results,fn_cost,100.0,100.0,0.0,False
2,recipient_full_weight_2,52,Isotonic,calibration_ablation_results,fn_cost,100.0,100.0,0.0,False
2,recipient_full_weight_2,52,Platt,calibration_ablation_results,fn_cost,100.0,100.0,0.0,False
2,recipient_full_weight_2,52,Uncalibrated,calibration_ablation_results,fn_cost,100.0,100.0,0.0,False
2,recipient_full_weight_2,62,Isotonic,calibration_ablation_results,fn_cost,100.0,100.0,0.0,False
2,recipient_full_weight_2,62,Platt,calibration_ablation_results,fn_cost,100.0,100.0,0.0,False
2,recipient_full_weight_2,62,Uncalibrated,calibration_ablation_results,fn_cost,100.0,100.0,0.0,False
2,recipient_full_weight_2,72,Isotonic,calibration_ablation_results,fn_cost,100.0,100.0,0.0,False
2,recipient_full_weight_2,72,Platt,calibration_ablation_results,fn_cost,100.0,100.0,0.0,False
2,recipient_full_weight_2,72,Uncalibrated,calibration_ablation_results,fn_cost,100.0,100.0,0.0,False
2,recipient_full_weight_2,82,Isotonic,calibration_ablation_results,fn_cost,100.0,100.0,0.0,False
2,recipient_full_weight_2,82,Platt,calibration_ablation_results,fn_cost,100.0,100.0,0.0,False
2,recipient_full_weight_2,82,Uncalibrated,calibration_ablation_results,fn_cost,100.0,100.0,0.0,False
3,raw_safe,42,Isotonic,calibration_ablation_results,fn_cost,100.0,100.0,0.0,False
3,raw_safe,42,Platt,calibration_ablation_results,fn_cost,100.0,100.0,0.0,False
3,raw_safe,42,Uncalibrated,calibration_ablation_results,fn_cost,100.0,100.0,0.0,False
3,raw_safe,52,Isotonic,calibration_ablation_results,fn_cost,100.0,100.0,0.0,False
3,raw_safe,52,Platt,calibration_ablation_results,fn_cost,100.0,100.0,0.0,False
3,raw_safe,52,Uncalibrated,calibration_ablation_results,fn_cost,100.0,100.0,0.0,False
3,raw_safe,62,Isotonic,calibration_ablation_results,fn_cost,100.0,100.0,0.0,False
3,raw_safe,62,Platt,calibration_ablation_results,fn_cost,100.0,100.0,0.0,False
3,raw_safe,62,Uncalibrated,calibration_ablation_results,fn_cost,100.0,100.0,0.0,False
3,raw_safe,72,Isotonic,calibration_ablation_results,fn_cost,100.0,100.0,0.0,False
3,raw_safe,72,Platt,calibration_ablation_results,fn_cost,100.0,100.0,0.0,False
3,raw_safe,72,Uncalibrated,calibration_ablation_results,fn_cost,100.0,100.0,0.0,False
3,raw_safe,82,Isotonic,calibration_ablation_results,fn_cost,100.0,100.0,0.0,False
3,raw_safe,82,Platt,calibration_ablation_results,fn_cost,100.0,100.0,0.0,False
3,raw_safe,82,Uncalibrated,calibration_ablation_results,fn_cost,100.0,100.0,0.0,False
3,recipient_full_weight_2,42,Isotonic,calibration_ablation_results,fn_cost,100.0,100.0,0.0,False
3,recipient_full_weight_2,42,Platt,calibration_ablation_results,fn_cost,100.0,100.0,0.0,False
3,recipient_full_weight_2,42,Uncalibrated,calibration_ablation_results,fn_cost,100.0,100.0,0.0,False
3,recipient_full_weight_2,52,Isotonic,calibration_ablation_results,fn_cost,100.0,100.0,0.0,False
3,recipient_full_weight_2,52,Platt,calibration_ablation_results,fn_cost,100.0,100.0,0.0,False
3,recipient_full_weight_2,52,Uncalibrated,calibration_ablation_results,fn_cost,100.0,100.0,0.0,False
3,recipient_full_weight_2,62,Isotonic,calibration_ablation_results,fn_cost,100.0,100.0,0.0,False
3,recipient_full_weight_2,62,Platt,calibration_ablation_results,fn_cost,100.0,100.0,0.0,False
3,recipient_full_weight_2,62,Uncalibrated,calibration_ablation_results,fn_cost,100.0,100.0,0.0,False
3,recipient_full_weight_2,72,Isotonic,calibration_ablation_results,fn_cost,100.0,100.0,0.0,False
3,recipient_full_weight_2,72,Platt,calibration_ablation_results,fn_cost,100.0,100.0,0.0,False
3,recipient_full_weight_2,72,Uncalibrated,calibration_ablation_results,fn_cost,100.0,100.0,0.0,False
3,recipient_full_weight_2,82,Isotonic,calibration_ablation_results,fn_cost,100.0,100.0,0.0,False
3,recipient_full_weight_2,82,Platt,calibration_ablation_results,fn_cost,100.0,100.0,0.0,False
3,recipient_full_weight_2,82,Uncalibrated,calibration_ablation_results,fn_cost,100.0,100.0,0.0,False
1,raw_safe,42,Isotonic,calibration_ablation_results,fp_cost,1.0,1.0,0.0,False
1,raw_safe,42,Platt,calibration_ablation_results,fp_cost,1.0,1.0,0.0,False
1,raw_safe,42,Uncalibrated,calibration_ablation_results,fp_cost,1.0,1.0,0.0,False
1,raw_safe,52,Isotonic,calibration_ablation_results,fp_cost,1.0,1.0,0.0,False
1,raw_safe,52,Platt,calibration_ablation_results,fp_cost,1.0,1.0,0.0,False
1,raw_safe,52,Uncalibrated,calibration_ablation_results,fp_cost,1.0,1.0,0.0,False
1,raw_safe,62,Isotonic,calibration_ablation_results,fp_cost,1.0,1.0,0.0,False
1,raw_safe,62,Platt,calibration_ablation_results,fp_cost,1.0,1.0,0.0,False
1,raw_safe,62,Uncalibrated,calibration_ablation_results,fp_cost,1.0,1.0,0.0,False
1,raw_safe,72,Isotonic,calibration_ablation_results,fp_cost,1.0,1.0,0.0,False
1,raw_safe,72,Platt,calibration_ablation_results,fp_cost,1.0,1.0,0.0,False
1,raw_safe,72,Uncalibrated,calibration_ablation_results,fp_cost,1.0,1.0,0.0,False
1,raw_safe,82,Isotonic,calibration_ablation_results,fp_cost,1.0,1.0,0.0,False
1,raw_safe,82,Platt,calibration_ablation_results,fp_cost,1.0,1.0,0.0,False
1,raw_safe,82,Uncalibrated,calibration_ablation_results,fp_cost,1.0,1.0,0.0,False
1,recipient_full_weight_2,42,Isotonic,calibration_ablation_results,fp_cost,1.0,1.0,0.0,False
1,recipient_full_weight_2,42,Platt,calibration_ablation_results,fp_cost,1.0,1.0,0.0,False
1,recipient_full_weight_2,42,Uncalibrated,calibration_ablation_results,fp_cost,1.0,1.0,0.0,False
1,recipient_full_weight_2,52,Isotonic,calibration_ablation_results,fp_cost,1.0,1.0,0.0,False
1,recipient_full_weight_2,52,Platt,calibration_ablation_results,fp_cost,1.0,1.0,0.0,False
1,recipient_full_weight_2,52,Uncalibrated,calibration_ablation_results,fp_cost,1.0,1.0,0.0,False
1,recipient_full_weight_2,62,Isotonic,calibration_ablation_results,fp_cost,1.0,1.0,0.0,False
1,recipient_full_weight_2,62,Platt,calibration_ablation_results,fp_cost,1.0,1.0,0.0,False
1,recipient_full_weight_2,62,Uncalibrated,calibration_ablation_results,fp_cost,1.0,1.0,0.0,False
1,recipient_full_weight_2,72,Isotonic,calibration_ablation_results,fp_cost,1.0,1.0,0.0,False
1,recipient_full_weight_2,72,Platt,calibration_ablation_results,fp_cost,1.0,1.0,0.0,False
1,recipient_full_weight_2,72,Uncalibrated,calibration_ablation_results,fp_cost,1.0,1.0,0.0,False
1,recipient_full_weight_2,82,Isotonic,calibration_ablation_results,fp_cost,1.0,1.0,0.0,False
1,recipient_full_weight_2,82,Platt,calibration_ablation_results,fp_cost,1.0,1.0,0.0,False
1,recipient_full_weight_2,82,Uncalibrated,calibration_ablation_results,fp_cost,1.0,1.0,0.0,False
2,raw_safe,42,Isotonic,calibration_ablation_results,fp_cost,1.0,1.0,0.0,False
2,raw_safe,42,Platt,calibration_ablation_results,fp_cost,1.0,1.0,0.0,False
2,raw_safe,42,Uncalibrated,calibration_ablation_results,fp_cost,1.0,1.0,0.0,False
2,raw_safe,52,Isotonic,calibration_ablation_results,fp_cost,1.0,1.0,0.0,False
2,raw_safe,52,Platt,calibration_ablation_results,fp_cost,1.0,1.0,0.0,False
2,raw_safe,52,Uncalibrated,calibration_ablation_results,fp_cost,1.0,1.0,0.0,False
2,raw_safe,62,Isotonic,calibration_ablation_results,fp_cost,1.0,1.0,0.0,False
2,raw_safe,62,Platt,calibration_ablation_results,fp_cost,1.0,1.0,0.0,False
2,raw_safe,62,Uncalibrated,calibration_ablation_results,fp_cost,1.0,1.0,0.0,False
2,raw_safe,72,Isotonic,calibration_ablation_results,fp_cost,1.0,1.0,0.0,False
2,raw_safe,72,Platt,calibration_ablation_results,fp_cost,1.0,1.0,0.0,False
2,raw_safe,72,Uncalibrated,calibration_ablation_results,fp_cost,1.0,1.0,0.0,False
2,raw_safe,82,Isotonic,calibration_ablation_results,fp_cost,1.0,1.0,0.0,False
2,raw_safe,82,Platt,calibration_ablation_results,fp_cost,1.0,1.0,0.0,False
2,raw_safe,82,Uncalibrated,calibration_ablation_results,fp_cost,1.0,1.0,0.0,False
2,recipient_full_weight_2,42,Isotonic,calibration_ablation_results,fp_cost,1.0,1.0,0.0,False
2,recipient_full_weight_2,42,Platt,calibration_ablation_results,fp_cost,1.0,1.0,0.0,False
2,recipient_full_weight_2,42,Uncalibrated,calibration_ablation_results,fp_cost,1.0,1.0,0.0,False
2,recipient_full_weight_2,52,Isotonic,calibration_ablation_results,fp_cost,1.0,1.0,0.0,False
2,recipient_full_weight_2,52,Platt,calibration_ablation_results,fp_cost,1.0,1.0,0.0,False
2,recipient_full_weight_2,52,Uncalibrated,calibration_ablation_results,fp_cost,1.0,1.0,0.0,False
2,recipient_full_weight_2,62,Isotonic,calibration_ablation_results,fp_cost,1.0,1.0,0.0,False
2,recipient_full_weight_2,62,Platt,calibration_ablation_results,fp_cost,1.0,1.0,0.0,False
2,recipient_full_weight_2,62,Uncalibrated,calibration_ablation_results,fp_cost,1.0,1.0,0.0,False
2,recipient_full_weight_2,72,Isotonic,calibration_ablation_results,fp_cost,1.0,1.0,0.0,False
2,recipient_full_weight_2,72,Platt,calibration_ablation_results,fp_cost,1.0,1.0,0.0,False
2,recipient_full_weight_2,72,Uncalibrated,calibration_ablation_results,fp_cost,1.0,1.0,0.0,False
2,recipient_full_weight_2,82,Isotonic,calibration_ablation_results,fp_cost,1.0,1.0,0.0,False
2,recipient_full_weight_2,82,Platt,calibration_ablation_results,fp_cost,1.0,1.0,0.0,False
2,recipient_full_weight_2,82,Uncalibrated,calibration_ablation_results,fp_cost,1.0,1.0,0.0,False
3,raw_safe,42,Isotonic,calibration_ablation_results,fp_cost,1.0,1.0,0.0,False
3,raw_safe,42,Platt,calibration_ablation_results,fp_cost,1.0,1.0,0.0,False
3,raw_safe,42,Uncalibrated,calibration_ablation_results,fp_cost,1.0,1.0,0.0,False
3,raw_safe,52,Isotonic,calibration_ablation_results,fp_cost,1.0,1.0,0.0,False
3,raw_safe,52,Platt,calibration_ablation_results,fp_cost,1.0,1.0,0.0,False
3,raw_safe,52,Uncalibrated,calibration_ablation_results,fp_cost,1.0,1.0,0.0,False
3,raw_safe,62,Isotonic,calibration_ablation_results,fp_cost,1.0,1.0,0.0,False
3,raw_safe,62,Platt,calibration_ablation_results,fp_cost,1.0,1.0,0.0,False
3,raw_safe,62,Uncalibrated,calibration_ablation_results,fp_cost,1.0,1.0,0.0,False
3,raw_safe,72,Isotonic,calibration_ablation_results,fp_cost,1.0,1.0,0.0,False
3,raw_safe,72,Platt,calibration_ablation_results,fp_cost,1.0,1.0,0.0,False
3,raw_safe,72,Uncalibrated,calibration_ablation_results,fp_cost,1.0,1.0,0.0,False
3,raw_safe,82,Isotonic,calibration_ablation_results,fp_cost,1.0,1.0,0.0,False
3,raw_safe,82,Platt,calibration_ablation_results,fp_cost,1.0,1.0,0.0,False
3,raw_safe,82,Uncalibrated,calibration_ablation_results,fp_cost,1.0,1.0,0.0,False
3,recipient_full_weight_2,42,Isotonic,calibration_ablation_results,fp_cost,1.0,1.0,0.0,False
3,recipient_full_weight_2,42,Platt,calibration_ablation_results,fp_cost,1.0,1.0,0.0,False
3,recipient_full_weight_2,42,Uncalibrated,calibration_ablation_results,fp_cost,1.0,1.0,0.0,False
3,recipient_full_weight_2,52,Isotonic,calibration_ablation_results,fp_cost,1.0,1.0,0.0,False
3,recipient_full_weight_2,52,Platt,calibration_ablation_results,fp_cost,1.0,1.0,0.0,False
3,recipient_full_weight_2,52,Uncalibrated,calibration_ablation_results,fp_cost,1.0,1.0,0.0,False
3,recipient_full_weight_2,62,Isotonic,calibration_ablation_results,fp_cost,1.0,1.0,0.0,False
3,recipient_full_weight_2,62,Platt,calibration_ablation_results,fp_cost,1.0,1.0,0.0,False
3,recipient_full_weight_2,62,Uncalibrated,calibration_ablation_results,fp_cost,1.0,1.0,0.0,False
3,recipient_full_weight_2,72,Isotonic,calibration_ablation_results,fp_cost,1.0,1.0,0.0,False
3,recipient_full_weight_2,72,Platt,calibration_ablation_results,fp_cost,1.0,1.0,0.0,False
3,recipient_full_weight_2,72,Uncalibrated,calibration_ablation_results,fp_cost,1.0,1.0,0.0,False
3,recipient_full_weight_2,82,Isotonic,calibration_ablation_results,fp_cost,1.0,1.0,0.0,False
3,recipient_full_weight_2,82,Platt,calibration_ablation_results,fp_cost,1.0,1.0,0.0,False
3,recipient_full_weight_2,82,Uncalibrated,calibration_ablation_results,fp_cost,1.0,1.0,0.0,False
1,raw_safe,42,Isotonic,calibration_ablation_results,target_capacity,0.03,0.03,0.0,False
1,raw_safe,42,Platt,calibration_ablation_results,target_capacity,0.03,0.03,0.0,False
1,raw_safe,42,Uncalibrated,calibration_ablation_results,target_capacity,0.03,0.03,0.0,False
1,raw_safe,52,Isotonic,calibration_ablation_results,target_capacity,0.03,0.03,0.0,False
1,raw_safe,52,Platt,calibration_ablation_results,target_capacity,0.03,0.03,0.0,False
1,raw_safe,52,Uncalibrated,calibration_ablation_results,target_capacity,0.03,0.03,0.0,False
1,raw_safe,62,Isotonic,calibration_ablation_results,target_capacity,0.03,0.03,0.0,False
1,raw_safe,62,Platt,calibration_ablation_results,target_capacity,0.03,0.03,0.0,False
1,raw_safe,62,Uncalibrated,calibration_ablation_results,target_capacity,0.03,0.03,0.0,False
1,raw_safe,72,Isotonic,calibration_ablation_results,target_capacity,0.03,0.03,0.0,False
1,raw_safe,72,Platt,calibration_ablation_results,target_capacity,0.03,0.03,0.0,False
1,raw_safe,72,Uncalibrated,calibration_ablation_results,target_capacity,0.03,0.03,0.0,False
1,raw_safe,82,Isotonic,calibration_ablation_results,target_capacity,0.03,0.03,0.0,False
1,raw_safe,82,Platt,calibration_ablation_results,target_capacity,0.03,0.03,0.0,False
1,raw_safe,82,Uncalibrated,calibration_ablation_results,target_capacity,0.03,0.03,0.0,False
1,recipient_full_weight_2,42,Isotonic,calibration_ablation_results,target_capacity,0.03,0.03,0.0,False
1,recipient_full_weight_2,42,Platt,calibration_ablation_results,target_capacity,0.03,0.03,0.0,False
1,recipient_full_weight_2,42,Uncalibrated,calibration_ablation_results,target_capacity,0.03,0.03,0.0,False
1,recipient_full_weight_2,52,Isotonic,calibration_ablation_results,target_capacity,0.03,0.03,0.0,False
1,recipient_full_weight_2,52,Platt,calibration_ablation_results,target_capacity,0.03,0.03,0.0,False
1,recipient_full_weight_2,52,Uncalibrated,calibration_ablation_results,target_capacity,0.03,0.03,0.0,False
1,recipient_full_weight_2,62,Isotonic,calibration_ablation_results,target_capacity,0.03,0.03,0.0,False
1,recipient_full_weight_2,62,Platt,calibration_ablation_results,target_capacity,0.03,0.03,0.0,False
1,recipient_full_weight_2,62,Uncalibrated,calibration_ablation_results,target_capacity,0.03,0.03,0.0,False
1,recipient_full_weight_2,72,Isotonic,calibration_ablation_results,target_capacity,0.03,0.03,0.0,False
1,recipient_full_weight_2,72,Platt,calibration_ablation_results,target_capacity,0.03,0.03,0.0,False
1,recipient_full_weight_2,72,Uncalibrated,calibration_ablation_results,target_capacity,0.03,0.03,0.0,False
1,recipient_full_weight_2,82,Isotonic,calibration_ablation_results,target_capacity,0.03,0.03,0.0,False
1,recipient_full_weight_2,82,Platt,calibration_ablation_results,target_capacity,0.03,0.03,0.0,False
1,recipient_full_weight_2,82,Uncalibrated,calibration_ablation_results,target_capacity,0.03,0.03,0.0,False
2,raw_safe,42,Isotonic,calibration_ablation_results,target_capacity,0.03,0.03,0.0,False
2,raw_safe,42,Platt,calibration_ablation_results,target_capacity,0.03,0.03,0.0,False
2,raw_safe,42,Uncalibrated,calibration_ablation_results,target_capacity,0.03,0.03,0.0,False
2,raw_safe,52,Isotonic,calibration_ablation_results,target_capacity,0.03,0.03,0.0,False
2,raw_safe,52,Platt,calibration_ablation_results,target_capacity,0.03,0.03,0.0,False
2,raw_safe,52,Uncalibrated,calibration_ablation_results,target_capacity,0.03,0.03,0.0,False
2,raw_safe,62,Isotonic,calibration_ablation_results,target_capacity,0.03,0.03,0.0,False
2,raw_safe,62,Platt,calibration_ablation_results,target_capacity,0.03,0.03,0.0,False
2,raw_safe,62,Uncalibrated,calibration_ablation_results,target_capacity,0.03,0.03,0.0,False
2,raw_safe,72,Isotonic,calibration_ablation_results,target_capacity,0.03,0.03,0.0,False
2,raw_safe,72,Platt,calibration_ablation_results,target_capacity,0.03,0.03,0.0,False
2,raw_safe,72,Uncalibrated,calibration_ablation_results,target_capacity,0.03,0.03,0.0,False
2,raw_safe,82,Isotonic,calibration_ablation_results,target_capacity,0.03,0.03,0.0,False
2,raw_safe,82,Platt,calibration_ablation_results,target_capacity,0.03,0.03,0.0,False
2,raw_safe,82,Uncalibrated,calibration_ablation_results,target_capacity,0.03,0.03,0.0,False
2,recipient_full_weight_2,42,Isotonic,calibration_ablation_results,target_capacity,0.03,0.03,0.0,False
2,recipient_full_weight_2,42,Platt,calibration_ablation_results,target_capacity,0.03,0.03,0.0,False
2,recipient_full_weight_2,42,Uncalibrated,calibration_ablation_results,target_capacity,0.03,0.03,0.0,False
2,recipient_full_weight_2,52,Isotonic,calibration_ablation_results,target_capacity,0.03,0.03,0.0,False
2,recipient_full_weight_2,52,Platt,calibration_ablation_results,target_capacity,0.03,0.03,0.0,False
2,recipient_full_weight_2,52,Uncalibrated,calibration_ablation_results,target_capacity,0.03,0.03,0.0,False
2,recipient_full_weight_2,62,Isotonic,calibration_ablation_results,target_capacity,0.03,0.03,0.0,False
2,recipient_full_weight_2,62,Platt,calibration_ablation_results,target_capacity,0.03,0.03,0.0,False
2,recipient_full_weight_2,62,Uncalibrated,calibration_ablation_results,target_capacity,0.03,0.03,0.0,False
2,recipient_full_weight_2,72,Isotonic,calibration_ablation_results,target_capacity,0.03,0.03,0.0,False
2,recipient_full_weight_2,72,Platt,calibration_ablation_results,target_capacity,0.03,0.03,0.0,False
2,recipient_full_weight_2,72,Uncalibrated,calibration_ablation_results,target_capacity,0.03,0.03,0.0,False
2,recipient_full_weight_2,82,Isotonic,calibration_ablation_results,target_capacity,0.03,0.03,0.0,False
2,recipient_full_weight_2,82,Platt,calibration_ablation_results,target_capacity,0.03,0.03,0.0,False
2,recipient_full_weight_2,82,Uncalibrated,calibration_ablation_results,target_capacity,0.03,0.03,0.0,False
3,raw_safe,42,Isotonic,calibration_ablation_results,target_capacity,0.03,0.03,0.0,False
3,raw_safe,42,Platt,calibration_ablation_results,target_capacity,0.03,0.03,0.0,False
3,raw_safe,42,Uncalibrated,calibration_ablation_results,target_capacity,0.03,0.03,0.0,False
3,raw_safe,52,Isotonic,calibration_ablation_results,target_capacity,0.03,0.03,0.0,False
3,raw_safe,52,Platt,calibration_ablation_results,target_capacity,0.03,0.03,0.0,False
3,raw_safe,52,Uncalibrated,calibration_ablation_results,target_capacity,0.03,0.03,0.0,False
3,raw_safe,62,Isotonic,calibration_ablation_results,target_capacity,0.03,0.03,0.0,False
3,raw_safe,62,Platt,calibration_ablation_results,target_capacity,0.03,0.03,0.0,False
3,raw_safe,62,Uncalibrated,calibration_ablation_results,target_capacity,0.03,0.03,0.0,False
3,raw_safe,72,Isotonic,calibration_ablation_results,target_capacity,0.03,0.03,0.0,False
3,raw_safe,72,Platt,calibration_ablation_results,target_capacity,0.03,0.03,0.0,False
3,raw_safe,72,Uncalibrated,calibration_ablation_results,target_capacity,0.03,0.03,0.0,False
3,raw_safe,82,Isotonic,calibration_ablation_results,target_capacity,0.03,0.03,0.0,False
3,raw_safe,82,Platt,calibration_ablation_results,target_capacity,0.03,0.03,0.0,False
3,raw_safe,82,Uncalibrated,calibration_ablation_results,target_capacity,0.03,0.03,0.0,False
3,recipient_full_weight_2,42,Isotonic,calibration_ablation_results,target_capacity,0.03,0.03,0.0,False
3,recipient_full_weight_2,42,Platt,calibration_ablation_results,target_capacity,0.03,0.03,0.0,False
3,recipient_full_weight_2,42,Uncalibrated,calibration_ablation_results,target_capacity,0.03,0.03,0.0,False
3,recipient_full_weight_2,52,Isotonic,calibration_ablation_results,target_capacity,0.03,0.03,0.0,False
3,recipient_full_weight_2,52,Platt,calibration_ablation_results,target_capacity,0.03,0.03,0.0,False
3,recipient_full_weight_2,52,Uncalibrated,calibration_ablation_results,target_capacity,0.03,0.03,0.0,False
3,recipient_full_weight_2,62,Isotonic,calibration_ablation_results,target_capacity,0.03,0.03,0.0,False
3,recipient_full_weight_2,62,Platt,calibration_ablation_results,target_capacity,0.03,0.03,0.0,False
3,recipient_full_weight_2,62,Uncalibrated,calibration_ablation_results,target_capacity,0.03,0.03,0.0,False
3,recipient_full_weight_2,72,Isotonic,calibration_ablation_results,target_capacity,0.03,0.03,0.0,False
3,recipient_full_weight_2,72,Platt,calibration_ablation_results,target_capacity,0.03,0.03,0.0,False
3,recipient_full_weight_2,72,Uncalibrated,calibration_ablation_results,target_capacity,0.03,0.03,0.0,False
3,recipient_full_weight_2,82,Isotonic,calibration_ablation_results,target_capacity,0.03,0.03,0.0,False
3,recipient_full_weight_2,82,Platt,calibration_ablation_results,target_capacity,0.03,0.03,0.0,False
3,recipient_full_weight_2,82,Uncalibrated,calibration_ablation_results,target_capacity,0.03,0.03,0.0,False
1,raw_safe,42,Isotonic,calibration_ablation_results,empirical_threshold,0.22727272727272727,0.36363636363636365,0.13636363636363638,True
1,raw_safe,42,Platt,calibration_ablation_results,empirical_threshold,0.050229088137947256,0.030820479039042867,-0.01940860909890439,True
1,raw_safe,42,Uncalibrated,calibration_ablation_results,empirical_threshold,0.09953150553253537,0.21902766011859326,0.11949615458605789,True
1,raw_safe,52,Isotonic,calibration_ablation_results,empirical_threshold,0.7333333333333333,0.1206896551724138,-0.6126436781609195,True
1,raw_safe,52,Platt,calibration_ablation_results,empirical_threshold,0.9221845412675479,0.018571291976139423,-0.9036132492914085,True
1,raw_safe,52,Uncalibrated,calibration_ablation_results,empirical_threshold,1.0,0.09702121612761701,-0.902978783872383,True
1,raw_safe,62,Isotonic,calibration_ablation_results,empirical_threshold,0.23809523809523808,0.7419354838709677,0.5038402457757296,True
1,raw_safe,62,Platt,calibration_ablation_results,empirical_threshold,0.17702079461952264,0.1723833186682106,-0.004637475951312031,True
1,raw_safe,62,Uncalibrated,calibration_ablation_results,empirical_threshold,0.4993607366388181,0.4895998541470641,-0.009760882491753997,True
1,raw_safe,72,Isotonic,calibration_ablation_results,empirical_threshold,0.7333333333333333,0.6521739130434783,-0.08115942028985501,True
1,raw_safe,72,Platt,calibration_ablation_results,empirical_threshold,0.9454455926886338,0.7132315283747293,-0.23221406431390457,True
1,raw_safe,72,Uncalibrated,calibration_ablation_results,empirical_threshold,1.0,1.0,0.0,False
1,raw_safe,82,Isotonic,calibration_ablation_results,empirical_threshold,0.36363636363636365,0.08637873754152824,-0.2772576260948354,True
1,raw_safe,82,Platt,calibration_ablation_results,empirical_threshold,0.0237168617622744,0.029110474844909768,0.005393613082635369,True
1,raw_safe,82,Uncalibrated,calibration_ablation_results,empirical_threshold,0.08159653036771929,0.07249254981772729,-0.009103980549991994,True
1,recipient_full_weight_2,42,Isotonic,calibration_ablation_results,empirical_threshold,0.024854574299312534,0.014563106796116505,-0.010291467503196029,True
1,recipient_full_weight_2,42,Platt,calibration_ablation_results,empirical_threshold,0.002419866475374769,0.002392020127677453,-2.7846347697316025e-05,True
1,recipient_full_weight_2,42,Uncalibrated,calibration_ablation_results,empirical_threshold,0.015442018503090182,0.014142428529625247,-0.0012995899734649357,True
1,recipient_full_weight_2,52,Isotonic,calibration_ablation_results,empirical_threshold,0.01778496362166532,0.00784313725490196,-0.00994182636676336,True
1,recipient_full_weight_2,52,Platt,calibration_ablation_results,empirical_threshold,0.0029190176194189175,0.0016123096695094352,-0.0013067079499094823,True
1,recipient_full_weight_2,52,Uncalibrated,calibration_ablation_results,empirical_threshold,0.018032155007624603,0.007751148415431969,-0.010281006592192634,True
1,recipient_full_weight_2,62,Isotonic,calibration_ablation_results,empirical_threshold,0.01847903340440654,0.013370473537604457,-0.005108559866802082,True
1,recipient_full_weight_2,62,Platt,calibration_ablation_results,empirical_threshold,0.002465564334184434,0.0021416590166197596,-0.0003239053175646744,True
1,recipient_full_weight_2,62,Uncalibrated,calibration_ablation_results,empirical_threshold,0.014047420072087717,0.010963992695148231,-0.0030834273769394863,True
1,recipient_full_weight_2,72,Isotonic,calibration_ablation_results,empirical_threshold,0.006329113924050633,0.01090909090909091,0.004579976985040277,True
1,recipient_full_weight_2,72,Platt,calibration_ablation_results,empirical_threshold,0.0019582959895261933,0.002988658554457097,0.0010303625649309037,True
1,recipient_full_weight_2,72,Uncalibrated,calibration_ablation_results,empirical_threshold,0.0045844430449501605,0.007375332980608874,0.0027908899356587132,True
1,recipient_full_weight_2,82,Isotonic,calibration_ablation_results,empirical_threshold,0.015636105188343994,0.009718172983479106,-0.005917932204864888,True
1,recipient_full_weight_2,82,Platt,calibration_ablation_results,empirical_threshold,0.0022973782908423013,0.0021839490124303945,-0.00011342927841190677,True
1,recipient_full_weight_2,82,Uncalibrated,calibration_ablation_results,empirical_threshold,0.008444652043516514,0.006423198792011659,-0.0020214532515048546,True
2,raw_safe,42,Isotonic,calibration_ablation_results,empirical_threshold,0.16666666666666666,0.078125,-0.08854166666666666,True
2,raw_safe,42,Platt,calibration_ablation_results,empirical_threshold,0.03840223268448969,0.026606131582318848,-0.011796101102170841,True
2,raw_safe,42,Uncalibrated,calibration_ablation_results,empirical_threshold,0.3308892064530421,0.0651248272829021,-0.26576437917014,True
2,raw_safe,52,Isotonic,calibration_ablation_results,empirical_threshold,0.049689440993788817,0.6111111111111112,0.5614216701173224,True
2,raw_safe,52,Platt,calibration_ablation_results,empirical_threshold,0.008805863941050691,0.812199544580547,0.8033936806394963,True
2,raw_safe,52,Uncalibrated,calibration_ablation_results,empirical_threshold,0.02026630900179552,1.0,0.9797336909982045,True
2,raw_safe,62,Isotonic,calibration_ablation_results,empirical_threshold,0.0390625,0.052941176470588235,0.013878676470588235,True
2,raw_safe,62,Platt,calibration_ablation_results,empirical_threshold,0.01796524254664689,0.021603049508244123,0.0036378069615972328,True
2,raw_safe,62,Uncalibrated,calibration_ablation_results,empirical_threshold,0.03636635337033443,0.08124668198438614,0.044880328614051716,True
2,raw_safe,72,Isotonic,calibration_ablation_results,empirical_threshold,0.015873015873015872,0.08620689655172414,0.07033388067870827,True
2,raw_safe,72,Platt,calibration_ablation_results,empirical_threshold,0.061859020302201695,0.03202967063271956,-0.029829349669482134,True
2,raw_safe,72,Uncalibrated,calibration_ablation_results,empirical_threshold,0.4352597658698344,0.07257728177492653,-0.3626824840949079,True
2,raw_safe,82,Isotonic,calibration_ablation_results,empirical_threshold,0.75,0.08571428571428572,-0.6642857142857143,True
2,raw_safe,82,Platt,calibration_ablation_results,empirical_threshold,0.6400036536819892,0.1153509070207511,-0.5246527466612381,True
2,raw_safe,82,Uncalibrated,calibration_ablation_results,empirical_threshold,0.9790332460957709,0.596169905643033,-0.38286334045273795,True
2,recipient_full_weight_2,42,Isotonic,calibration_ablation_results,empirical_threshold,0.02332089552238806,0.018779342723004695,-0.004541552799383366,True
2,recipient_full_weight_2,42,Platt,calibration_ablation_results,empirical_threshold,0.0013242421458932716,0.0025398955697899556,0.001215653423896684,True
2,recipient_full_weight_2,42,Uncalibrated,calibration_ablation_results,empirical_threshold,0.010953530672553955,0.015620917606063723,0.0046673869335097685,True
2,recipient_full_weight_2,52,Isotonic,calibration_ablation_results,empirical_threshold,0.011222681630242174,0.01277445109780439,0.001551769467562216,True
2,recipient_full_weight_2,52,Platt,calibration_ablation_results,empirical_threshold,0.0010675607778779174,0.0007973924352851556,-0.00027016834259276177,True
2,recipient_full_weight_2,52,Uncalibrated,calibration_ablation_results,empirical_threshold,0.005471795494626263,0.006095227538777801,0.0006234320441515376,True
2,recipient_full_weight_2,62,Isotonic,calibration_ablation_results,empirical_threshold,0.016194331983805668,0.019793459552495698,0.0035991275686900297,True
2,recipient_full_weight_2,62,Platt,calibration_ablation_results,empirical_threshold,0.0008913786073537122,0.0012562849274065293,0.00036490632005281706,True
2,recipient_full_weight_2,62,Uncalibrated,calibration_ablation_results,empirical_threshold,0.005694185082761771,0.014887553701510285,0.009193368618748515,True
2,recipient_full_weight_2,72,Isotonic,calibration_ablation_results,empirical_threshold,0.015950920245398775,0.008097165991902834,-0.00785375425349594,True
2,recipient_full_weight_2,72,Platt,calibration_ablation_results,empirical_threshold,0.0009248581446350535,0.0011790213024881167,0.00025416315785306326,True
2,recipient_full_weight_2,72,Uncalibrated,calibration_ablation_results,empirical_threshold,0.0026052152409069213,0.017855513046825134,0.015250297805918214,True
2,recipient_full_weight_2,82,Isotonic,calibration_ablation_results,empirical_threshold,0.014925373134328358,0.013422818791946308,-0.0015025543423820495,True
2,recipient_full_weight_2,82,Platt,calibration_ablation_results,empirical_threshold,0.0022635966688034467,0.0011337381977961315,-0.0011298584710073153,True
2,recipient_full_weight_2,82,Uncalibrated,calibration_ablation_results,empirical_threshold,0.01177153280525132,0.00789516512110642,-0.003876367684144901,True
3,raw_safe,42,Isotonic,calibration_ablation_results,empirical_threshold,0.011348005502063274,0.009917355371900827,-0.0014306501301624471,True
3,raw_safe,42,Platt,calibration_ablation_results,empirical_threshold,0.0035001670169119855,0.0033825973373420247,-0.00011756967956996073,True
3,raw_safe,42,Uncalibrated,calibration_ablation_results,empirical_threshold,0.004149577641345388,0.0032848811041467315,-0.0008646965371986565,True
3,raw_safe,52,Isotonic,calibration_ablation_results,empirical_threshold,0.009708737864077669,0.009986684420772303,0.00027794655669463424,True
3,raw_safe,52,Platt,calibration_ablation_results,empirical_threshold,0.003705427484761341,0.003964484645705811,0.0002590571609444696,True
3,raw_safe,52,Uncalibrated,calibration_ablation_results,empirical_threshold,0.00433894270628652,0.004394966834319817,5.602412803329751e-05,True
3,raw_safe,62,Isotonic,calibration_ablation_results,empirical_threshold,0.008739076154806492,0.00891492613346918,0.00017584997866268784,True
3,raw_safe,62,Platt,calibration_ablation_results,empirical_threshold,0.0042446311794328085,0.003212454308437047,-0.0010321768709957613,True
3,raw_safe,62,Uncalibrated,calibration_ablation_results,empirical_threshold,0.0036897518763665997,0.0031569253542602996,-0.0005328265221063002,True
3,raw_safe,72,Isotonic,calibration_ablation_results,empirical_threshold,0.009035056017347307,0.009812940815700706,0.0007778847983533985,True
3,raw_safe,72,Platt,calibration_ablation_results,empirical_threshold,0.004019850243414142,0.0033191229232958316,-0.0007007273201183107,True
3,raw_safe,72,Uncalibrated,calibration_ablation_results,empirical_threshold,0.004773164304606494,0.0031674776648514943,-0.0016056866397550001,True
3,raw_safe,82,Isotonic,calibration_ablation_results,empirical_threshold,0.007953502600183543,0.00885208452312964,0.000898581922946097,True
3,raw_safe,82,Platt,calibration_ablation_results,empirical_threshold,0.003269794332543706,0.003990894452022016,0.0007211001194783102,True
3,raw_safe,82,Uncalibrated,calibration_ablation_results,empirical_threshold,0.003200895315072832,0.004868603485723839,0.0016677081706510067,True
3,recipient_full_weight_2,42,Isotonic,calibration_ablation_results,empirical_threshold,0.012376237623762377,0.01091707470259519,-0.0014591629211671876,True
3,recipient_full_weight_2,42,Platt,calibration_ablation_results,empirical_threshold,0.001992379642322551,0.003664412009294246,0.0016720323669716952,True
3,recipient_full_weight_2,42,Uncalibrated,calibration_ablation_results,empirical_threshold,0.02302291313109367,0.009197143261383831,-0.013825769869709839,True
3,recipient_full_weight_2,52,Isotonic,calibration_ablation_results,empirical_threshold,0.0189520624303233,0.03253796095444685,0.013585898524123553,True
3,recipient_full_weight_2,52,Platt,calibration_ablation_results,empirical_threshold,0.00221007734575862,0.001360342405300515,-0.000849734940458105,True
3,recipient_full_weight_2,52,Uncalibrated,calibration_ablation_results,empirical_threshold,0.020820208845122815,0.003305889812367847,-0.01751431903275497,True
3,recipient_full_weight_2,62,Isotonic,calibration_ablation_results,empirical_threshold,0.01557632398753894,0.012063492063492064,-0.0035128319240468765,True
3,recipient_full_weight_2,62,Platt,calibration_ablation_results,empirical_threshold,0.0034323682882141542,0.0010587084068616715,-0.0023736598813524825,True
3,recipient_full_weight_2,62,Uncalibrated,calibration_ablation_results,empirical_threshold,0.023762850862516074,0.0033787744170795902,-0.020384076445436484,True
3,recipient_full_weight_2,72,Isotonic,calibration_ablation_results,empirical_threshold,0.014040561622464899,0.011759581881533102,-0.0022809797409317975,True
3,recipient_full_weight_2,72,Platt,calibration_ablation_results,empirical_threshold,0.0021983027952467856,0.005558364879558623,0.003360062084311837,True
3,recipient_full_weight_2,72,Uncalibrated,calibration_ablation_results,empirical_threshold,0.004492746320017616,0.013475760286722708,0.008983013966705092,True
3,recipient_full_weight_2,82,Isotonic,calibration_ablation_results,empirical_threshold,0.012336719883889695,0.01665278934221482,0.004316069458325125,True
3,recipient_full_weight_2,82,Platt,calibration_ablation_results,empirical_threshold,0.0021132249990760557,0.0038275672622750767,0.001714342263199021,True
3,recipient_full_weight_2,82,Uncalibrated,calibration_ablation_results,empirical_threshold,0.014730244641282864,0.02189447524613192,0.007164230604849057,True
1,raw_safe,42,Isotonic,calibration_ablation_results,empirical_threshold_candidate_count,12.0,15.0,3.0,True
1,raw_safe,42,Platt,calibration_ablation_results,empirical_threshold_candidate_count,473.0,436.0,-37.0,True
1,raw_safe,42,Uncalibrated,calibration_ablation_results,empirical_threshold_candidate_count,503.0,510.0,7.0,True
1,raw_safe,52,Isotonic,calibration_ablation_results,empirical_threshold_candidate_count,14.0,15.0,1.0,True
1,raw_safe,52,Platt,calibration_ablation_results,empirical_threshold_candidate_count,446.0,450.0,4.0,True
1,raw_safe,52,Uncalibrated,calibration_ablation_results,empirical_threshold_candidate_count,569.0,519.0,-50.0,True
1,raw_safe,62,Isotonic,calibration_ablation_results,empirical_threshold_candidate_count,12.0,12.0,0.0,False
1,raw_safe,62,Platt,calibration_ablation_results,empirical_threshold_candidate_count,559.0,404.0,-155.0,True
1,raw_safe,62,Uncalibrated,calibration_ablation_results,empirical_threshold_candidate_count,562.0,460.0,-102.0,True
1,raw_safe,72,Isotonic,calibration_ablation_results,empirical_threshold_candidate_count,5.0,8.0,3.0,True
1,raw_safe,72,Platt,calibration_ablation_results,empirical_threshold_candidate_count,504.0,477.0,-27.0,True
1,raw_safe,72,Uncalibrated,calibration_ablation_results,empirical_threshold_candidate_count,538.0,494.0,-44.0,True
1,raw_safe,82,Isotonic,calibration_ablation_results,empirical_threshold_candidate_count,13.0,12.0,-1.0,True
1,raw_safe,82,Platt,calibration_ablation_results,empirical_threshold_candidate_count,548.0,387.0,-161.0,True
1,raw_safe,82,Uncalibrated,calibration_ablation_results,empirical_threshold_candidate_count,608.0,400.0,-208.0,True
1,recipient_full_weight_2,42,Isotonic,calibration_ablation_results,empirical_threshold_candidate_count,20.0,28.0,8.0,True
1,recipient_full_weight_2,42,Platt,calibration_ablation_results,empirical_threshold_candidate_count,27915.0,24212.0,-3703.0,True
1,recipient_full_weight_2,42,Uncalibrated,calibration_ablation_results,empirical_threshold_candidate_count,38243.0,43746.0,5503.0,True
1,recipient_full_weight_2,52,Isotonic,calibration_ablation_results,empirical_threshold_candidate_count,32.0,17.0,-15.0,True
1,recipient_full_weight_2,52,Platt,calibration_ablation_results,empirical_threshold_candidate_count,18901.0,23241.0,4340.0,True
1,recipient_full_weight_2,52,Uncalibrated,calibration_ablation_results,empirical_threshold_candidate_count,31123.0,35263.0,4140.0,True
1,recipient_full_weight_2,62,Isotonic,calibration_ablation_results,empirical_threshold_candidate_count,29.0,24.0,-5.0,True
1,recipient_full_weight_2,62,Platt,calibration_ablation_results,empirical_threshold_candidate_count,7431.0,10727.0,3296.0,True
1,recipient_full_weight_2,62,Uncalibrated,calibration_ablation_results,empirical_threshold_candidate_count,14093.0,16741.0,2648.0,True
1,recipient_full_weight_2,72,Isotonic,calibration_ablation_results,empirical_threshold_candidate_count,31.0,25.0,-6.0,True
1,recipient_full_weight_2,72,Platt,calibration_ablation_results,empirical_threshold_candidate_count,14017.0,15896.0,1879.0,True
1,recipient_full_weight_2,72,Uncalibrated,calibration_ablation_results,empirical_threshold_candidate_count,21273.0,21520.0,247.0,True
1,recipient_full_weight_2,82,Isotonic,calibration_ablation_results,empirical_threshold_candidate_count,17.0,40.0,23.0,True
1,recipient_full_weight_2,82,Platt,calibration_ablation_results,empirical_threshold_candidate_count,31207.0,40092.0,8885.0,True
1,recipient_full_weight_2,82,Uncalibrated,calibration_ablation_results,empirical_threshold_candidate_count,41572.0,62060.0,20488.0,True
2,raw_safe,42,Isotonic,calibration_ablation_results,empirical_threshold_candidate_count,13.0,18.0,5.0,True
2,raw_safe,42,Platt,calibration_ablation_results,empirical_threshold_candidate_count,381.0,409.0,28.0,True
2,raw_safe,42,Uncalibrated,calibration_ablation_results,empirical_threshold_candidate_count,490.0,458.0,-32.0,True
2,raw_safe,52,Isotonic,calibration_ablation_results,empirical_threshold_candidate_count,14.0,13.0,-1.0,True
2,raw_safe,52,Platt,calibration_ablation_results,empirical_threshold_candidate_count,399.0,264.0,-135.0,True
2,raw_safe,52,Uncalibrated,calibration_ablation_results,empirical_threshold_candidate_count,491.0,431.0,-60.0,True
2,raw_safe,62,Isotonic,calibration_ablation_results,empirical_threshold_candidate_count,13.0,9.0,-4.0,True
2,raw_safe,62,Platt,calibration_ablation_results,empirical_threshold_candidate_count,335.0,387.0,52.0,True
2,raw_safe,62,Uncalibrated,calibration_ablation_results,empirical_threshold_candidate_count,437.0,460.0,23.0,True
2,raw_safe,72,Isotonic,calibration_ablation_results,empirical_threshold_candidate_count,12.0,16.0,4.0,True
2,raw_safe,72,Platt,calibration_ablation_results,empirical_threshold_candidate_count,372.0,401.0,29.0,True
2,raw_safe,72,Uncalibrated,calibration_ablation_results,empirical_threshold_candidate_count,474.0,439.0,-35.0,True
2,raw_safe,82,Isotonic,calibration_ablation_results,empirical_threshold_candidate_count,13.0,15.0,2.0,True
2,raw_safe,82,Platt,calibration_ablation_results,empirical_threshold_candidate_count,413.0,423.0,10.0,True
2,raw_safe,82,Uncalibrated,calibration_ablation_results,empirical_threshold_candidate_count,462.0,554.0,92.0,True
2,recipient_full_weight_2,42,Isotonic,calibration_ablation_results,empirical_threshold_candidate_count,21.0,23.0,2.0,True
2,recipient_full_weight_2,42,Platt,calibration_ablation_results,empirical_threshold_candidate_count,3309.0,6552.0,3243.0,True
2,recipient_full_weight_2,42,Uncalibrated,calibration_ablation_results,empirical_threshold_candidate_count,5197.0,10334.0,5137.0,True
2,recipient_full_weight_2,52,Isotonic,calibration_ablation_results,empirical_threshold_candidate_count,17.0,15.0,-2.0,True
2,recipient_full_weight_2,52,Platt,calibration_ablation_results,empirical_threshold_candidate_count,6384.0,7541.0,1157.0,True
2,recipient_full_weight_2,52,Uncalibrated,calibration_ablation_results,empirical_threshold_candidate_count,10415.0,15642.0,5227.0,True
2,recipient_full_weight_2,62,Isotonic,calibration_ablation_results,empirical_threshold_candidate_count,17.0,18.0,1.0,True
2,recipient_full_weight_2,62,Platt,calibration_ablation_results,empirical_threshold_candidate_count,4079.0,7000.0,2921.0,True
2,recipient_full_weight_2,62,Uncalibrated,calibration_ablation_results,empirical_threshold_candidate_count,7249.0,13055.0,5806.0,True
2,recipient_full_weight_2,72,Isotonic,calibration_ablation_results,empirical_threshold_candidate_count,14.0,18.0,4.0,True
2,recipient_full_weight_2,72,Platt,calibration_ablation_results,empirical_threshold_candidate_count,3648.0,18414.0,14766.0,True
2,recipient_full_weight_2,72,Uncalibrated,calibration_ablation_results,empirical_threshold_candidate_count,7186.0,24576.0,17390.0,True
2,recipient_full_weight_2,82,Isotonic,calibration_ablation_results,empirical_threshold_candidate_count,30.0,33.0,3.0,True
2,recipient_full_weight_2,82,Platt,calibration_ablation_results,empirical_threshold_candidate_count,17687.0,27947.0,10260.0,True
2,recipient_full_weight_2,82,Uncalibrated,calibration_ablation_results,empirical_threshold_candidate_count,31351.0,32860.0,1509.0,True
3,raw_safe,42,Isotonic,calibration_ablation_results,empirical_threshold_candidate_count,19.0,16.0,-3.0,True
3,raw_safe,42,Platt,calibration_ablation_results,empirical_threshold_candidate_count,277.0,439.0,162.0,True
3,raw_safe,42,Uncalibrated,calibration_ablation_results,empirical_threshold_candidate_count,302.0,513.0,211.0,True
3,raw_safe,52,Isotonic,calibration_ablation_results,empirical_threshold_candidate_count,25.0,21.0,-4.0,True
3,raw_safe,52,Platt,calibration_ablation_results,empirical_threshold_candidate_count,428.0,396.0,-32.0,True
3,raw_safe,52,Uncalibrated,calibration_ablation_results,empirical_threshold_candidate_count,530.0,459.0,-71.0,True
3,raw_safe,62,Isotonic,calibration_ablation_results,empirical_threshold_candidate_count,22.0,25.0,3.0,True
3,raw_safe,62,Platt,calibration_ablation_results,empirical_threshold_candidate_count,265.0,408.0,143.0,True
3,raw_safe,62,Uncalibrated,calibration_ablation_results,empirical_threshold_candidate_count,274.0,482.0,208.0,True
3,raw_safe,72,Isotonic,calibration_ablation_results,empirical_threshold_candidate_count,20.0,16.0,-4.0,True
3,raw_safe,72,Platt,calibration_ablation_results,empirical_threshold_candidate_count,335.0,405.0,70.0,True
3,raw_safe,72,Uncalibrated,calibration_ablation_results,empirical_threshold_candidate_count,383.0,433.0,50.0,True
3,raw_safe,82,Isotonic,calibration_ablation_results,empirical_threshold_candidate_count,23.0,21.0,-2.0,True
3,raw_safe,82,Platt,calibration_ablation_results,empirical_threshold_candidate_count,436.0,273.0,-163.0,True
3,raw_safe,82,Uncalibrated,calibration_ablation_results,empirical_threshold_candidate_count,445.0,395.0,-50.0,True
3,recipient_full_weight_2,42,Isotonic,calibration_ablation_results,empirical_threshold_candidate_count,33.0,30.0,-3.0,True
3,recipient_full_weight_2,42,Platt,calibration_ablation_results,empirical_threshold_candidate_count,11230.0,7137.0,-4093.0,True
3,recipient_full_weight_2,42,Uncalibrated,calibration_ablation_results,empirical_threshold_candidate_count,15366.0,8669.0,-6697.0,True
3,recipient_full_weight_2,52,Isotonic,calibration_ablation_results,empirical_threshold_candidate_count,20.0,23.0,3.0,True
3,recipient_full_weight_2,52,Platt,calibration_ablation_results,empirical_threshold_candidate_count,3489.0,3981.0,492.0,True
3,recipient_full_weight_2,52,Uncalibrated,calibration_ablation_results,empirical_threshold_candidate_count,5904.0,6772.0,868.0,True
3,recipient_full_weight_2,62,Isotonic,calibration_ablation_results,empirical_threshold_candidate_count,25.0,24.0,-1.0,True
3,recipient_full_weight_2,62,Platt,calibration_ablation_results,empirical_threshold_candidate_count,7237.0,11990.0,4753.0,True
3,recipient_full_weight_2,62,Uncalibrated,calibration_ablation_results,empirical_threshold_candidate_count,8820.0,14914.0,6094.0,True
3,recipient_full_weight_2,72,Isotonic,calibration_ablation_results,empirical_threshold_candidate_count,32.0,31.0,-1.0,True
3,recipient_full_weight_2,72,Platt,calibration_ablation_results,empirical_threshold_candidate_count,16083.0,10757.0,-5326.0,True
3,recipient_full_weight_2,72,Uncalibrated,calibration_ablation_results,empirical_threshold_candidate_count,18070.0,14720.0,-3350.0,True
3,recipient_full_weight_2,82,Isotonic,calibration_ablation_results,empirical_threshold_candidate_count,35.0,38.0,3.0,True
3,recipient_full_weight_2,82,Platt,calibration_ablation_results,empirical_threshold_candidate_count,11193.0,11924.0,731.0,True
3,recipient_full_weight_2,82,Uncalibrated,calibration_ablation_results,empirical_threshold_candidate_count,13499.0,17110.0,3611.0,True
1,raw_safe,42,Isotonic,calibration_ablation_results,threshold_raw_score_percentile,0.9999274711924643,0.9999214271251696,-6.0440672946526774e-06,True
1,raw_safe,42,Platt,calibration_ablation_results,threshold_raw_score_percentile,0.9999274711924643,0.9999214271251696,-6.0440672946526774e-06,True
1,raw_safe,42,Uncalibrated,calibration_ablation_results,threshold_raw_score_percentile,0.9999274711924643,0.9999214271251696,-6.0440672946526774e-06,True
1,raw_safe,52,Isotonic,calibration_ablation_results,threshold_raw_score_percentile,1.0,0.9996796644333839,-0.0003203355666161478,True
1,raw_safe,52,Platt,calibration_ablation_results,threshold_raw_score_percentile,1.0,0.9996796644333839,-0.0003203355666161478,True
1,raw_safe,52,Uncalibrated,calibration_ablation_results,threshold_raw_score_percentile,1.0,0.9996796644333839,-0.0003203355666161478,True
1,raw_safe,62,Isotonic,calibration_ablation_results,threshold_raw_score_percentile,0.9998700525531651,1.0,0.00012994744683492154,True
1,raw_safe,62,Platt,calibration_ablation_results,threshold_raw_score_percentile,0.9998700525531651,1.0,0.00012994744683492154,True
1,raw_safe,62,Uncalibrated,calibration_ablation_results,threshold_raw_score_percentile,0.9998700525531651,1.0,0.00012994744683492154,True
1,raw_safe,72,Isotonic,calibration_ablation_results,threshold_raw_score_percentile,1.0,1.0,0.0,False
1,raw_safe,72,Platt,calibration_ablation_results,threshold_raw_score_percentile,1.0,1.0,0.0,False
1,raw_safe,72,Uncalibrated,calibration_ablation_results,threshold_raw_score_percentile,1.0,1.0,0.0,False
1,raw_safe,82,Isotonic,calibration_ablation_results,threshold_raw_score_percentile,0.999924449158817,0.9986249746904682,-0.0012994744683487713,True
1,raw_safe,82,Platt,calibration_ablation_results,threshold_raw_score_percentile,0.999419769539714,0.9986249746904682,-0.0007947948492458279,True
1,raw_safe,82,Uncalibrated,calibration_ablation_results,threshold_raw_score_percentile,0.999419769539714,0.9986249746904682,-0.0007947948492458279,True
1,recipient_full_weight_2,42,Isotonic,calibration_ablation_results,threshold_raw_score_percentile,0.9919493023635325,0.9880327467566024,-0.003916555606930161,True
1,recipient_full_weight_2,42,Platt,calibration_ablation_results,threshold_raw_score_percentile,0.9922394175936755,0.9898943194833532,-0.0023450981103223523,True
1,recipient_full_weight_2,42,Uncalibrated,calibration_ablation_results,threshold_raw_score_percentile,0.9922394175936755,0.9898943194833532,-0.0023450981103223523,True
1,recipient_full_weight_2,52,Isotonic,calibration_ablation_results,threshold_raw_score_percentile,0.9944213258870425,0.9874071857916066,-0.0070141400954358835,True
1,recipient_full_weight_2,52,Platt,calibration_ablation_results,threshold_raw_score_percentile,0.9928468463567873,0.9875431773057362,-0.005303669051051174,True
1,recipient_full_weight_2,52,Uncalibrated,calibration_ablation_results,threshold_raw_score_percentile,0.9928468463567873,0.9875431773057362,-0.005303669051051174,True
1,recipient_full_weight_2,62,Isotonic,calibration_ablation_results,threshold_raw_score_percentile,0.9929344853325597,0.9893956839315449,-0.0035388014010148128,True
1,recipient_full_weight_2,62,Platt,calibration_ablation_results,threshold_raw_score_percentile,0.9923905192760416,0.9899275618534736,-0.0024629574225679685,True
1,recipient_full_weight_2,62,Uncalibrated,calibration_ablation_results,threshold_raw_score_percentile,0.9923905192760416,0.9899275618534736,-0.0024629574225679685,True
1,recipient_full_weight_2,72,Isotonic,calibration_ablation_results,threshold_raw_score_percentile,0.988797321269375,0.990305316059389,0.0015079947900139556,True
1,recipient_full_weight_2,72,Platt,calibration_ablation_results,threshold_raw_score_percentile,0.9890421059948081,0.990305316059389,0.0012632100645808553,True
1,recipient_full_weight_2,72,Uncalibrated,calibration_ablation_results,threshold_raw_score_percentile,0.9890421059948081,0.990305316059389,0.0012632100645808553,True
1,recipient_full_weight_2,82,Isotonic,calibration_ablation_results,threshold_raw_score_percentile,0.9876519705170398,0.9865912367068295,-0.0010607338102103236,True
1,recipient_full_weight_2,82,Platt,calibration_ablation_results,threshold_raw_score_percentile,0.9881113196314327,0.9878846671078836,-0.00022665252354914234,True
1,recipient_full_weight_2,82,Uncalibrated,calibration_ablation_results,threshold_raw_score_percentile,0.9881113196314327,0.9878846671078836,-0.00022665252354914234,True
2,raw_safe,42,Isotonic,calibration_ablation_results,threshold_raw_score_percentile,0.9998242046015962,0.9998060188707267,-1.8185730869424432e-05,True
2,raw_safe,42,Platt,calibration_ablation_results,threshold_raw_score_percentile,0.9998242046015962,0.9998060188707267,-1.8185730869424432e-05,True
2,raw_safe,42,Uncalibrated,calibration_ablation_results,threshold_raw_score_percentile,0.9998242046015962,0.9998060188707267,-1.8185730869424432e-05,True
2,raw_safe,52,Isotonic,calibration_ablation_results,threshold_raw_score_percentile,0.9995180781319617,1.0,0.00048192186803830417,True
2,raw_safe,52,Platt,calibration_ablation_results,threshold_raw_score_percentile,0.9993513755989926,1.0,0.000648624401007436,True
2,raw_safe,52,Uncalibrated,calibration_ablation_results,threshold_raw_score_percentile,0.9993513755989926,1.0,0.000648624401007436,True
2,raw_safe,62,Isotonic,calibration_ablation_results,threshold_raw_score_percentile,0.9995756662797147,0.9994847376253679,-9.09286543467891e-05,True
2,raw_safe,62,Platt,calibration_ablation_results,threshold_raw_score_percentile,0.9995756662797147,0.9994847376253679,-9.09286543467891e-05,True
2,raw_safe,62,Uncalibrated,calibration_ablation_results,threshold_raw_score_percentile,0.9995756662797147,0.9994847376253679,-9.09286543467891e-05,True
2,raw_safe,72,Isotonic,calibration_ablation_results,threshold_raw_score_percentile,0.9987785250766074,0.9998060188707267,0.0010274937941193718,True
2,raw_safe,72,Platt,calibration_ablation_results,threshold_raw_score_percentile,0.999827235556741,0.9998060188707267,-2.1216686014291497e-05,True
2,raw_safe,72,Uncalibrated,calibration_ablation_results,threshold_raw_score_percentile,0.999827235556741,0.9998060188707267,-2.1216686014291497e-05,True
2,raw_safe,82,Isotonic,calibration_ablation_results,threshold_raw_score_percentile,0.9998757308390593,0.9998332974670308,-4.2433372028582994e-05,True
2,raw_safe,82,Platt,calibration_ablation_results,threshold_raw_score_percentile,0.9998757308390593,0.9998423903324655,-3.334050659387078e-05,True
2,raw_safe,82,Uncalibrated,calibration_ablation_results,threshold_raw_score_percentile,0.9998757308390593,0.9998423903324655,-3.334050659387078e-05,True
2,recipient_full_weight_2,42,Isotonic,calibration_ablation_results,threshold_raw_score_percentile,0.9888976113042504,0.9850513292253787,-0.00384628207887161,True
2,recipient_full_weight_2,42,Platt,calibration_ablation_results,threshold_raw_score_percentile,0.9888976113042504,0.9866759211830424,-0.0022216901212079865,True
2,recipient_full_weight_2,42,Uncalibrated,calibration_ablation_results,threshold_raw_score_percentile,0.9888976113042504,0.9866759211830424,-0.0022216901212079865,True
2,recipient_full_weight_2,52,Isotonic,calibration_ablation_results,threshold_raw_score_percentile,0.979944169806231,0.9796956314843497,-0.00024853832188131975,True
2,recipient_full_weight_2,52,Platt,calibration_ablation_results,threshold_raw_score_percentile,0.9799532626716657,0.9797320029460884,-0.00022125972557729412,True
2,recipient_full_weight_2,52,Uncalibrated,calibration_ablation_results,threshold_raw_score_percentile,0.9799532626716657,0.9797320029460884,-0.00022125972557729412,True
2,recipient_full_weight_2,62,Isotonic,calibration_ablation_results,threshold_raw_score_percentile,0.9867638188822444,0.985706015536676,-0.0010578033455683755,True
2,recipient_full_weight_2,62,Platt,calibration_ablation_results,threshold_raw_score_percentile,0.9847815742174831,0.9897705263859801,0.00498895216849693,True
2,recipient_full_weight_2,62,Uncalibrated,calibration_ablation_results,threshold_raw_score_percentile,0.9847815742174831,0.9897705263859801,0.00498895216849693,True
2,recipient_full_weight_2,72,Isotonic,calibration_ablation_results,threshold_raw_score_percentile,0.9844027048243713,0.9799684174473902,-0.00443428737698115,True
2,recipient_full_weight_2,72,Platt,calibration_ablation_results,threshold_raw_score_percentile,0.9837389256476393,0.9796986624394945,-0.004040263208144768,True
2,recipient_full_weight_2,72,Uncalibrated,calibration_ablation_results,threshold_raw_score_percentile,0.9837389256476393,0.9796986624394945,-0.004040263208144768,True
2,recipient_full_weight_2,82,Isotonic,calibration_ablation_results,threshold_raw_score_percentile,0.9868971809086198,0.9837328637373496,-0.0031643171712701923,True
2,recipient_full_weight_2,82,Platt,calibration_ablation_results,threshold_raw_score_percentile,0.9858848418902249,0.9836873994101761,-0.002197442480048717,True
2,recipient_full_weight_2,82,Uncalibrated,calibration_ablation_results,threshold_raw_score_percentile,0.9858848418902249,0.9836873994101761,-0.002197442480048717,True
3,raw_safe,42,Isotonic,calibration_ablation_results,threshold_raw_score_percentile,0.9940481133082645,0.995344064720466,0.0012959514122015126,True
3,raw_safe,42,Platt,calibration_ablation_results,threshold_raw_score_percentile,0.9920344954389627,0.9933393435427812,0.001304848103818479,True
3,raw_safe,42,Uncalibrated,calibration_ablation_results,threshold_raw_score_percentile,0.9920344954389627,0.9933393435427812,0.001304848103818479,True
3,raw_safe,52,Isotonic,calibration_ablation_results,threshold_raw_score_percentile,0.9927580930238076,0.9938879728591594,0.0011298798353518436,True
3,raw_safe,52,Platt,calibration_ablation_results,threshold_raw_score_percentile,0.9989205347504775,0.9936092098551619,-0.005311324895315606,True
3,raw_safe,52,Uncalibrated,calibration_ablation_results,threshold_raw_score_percentile,0.9989205347504775,0.9936092098551619,-0.005311324895315606,True
3,raw_safe,62,Isotonic,calibration_ablation_results,threshold_raw_score_percentile,0.9867676540017319,0.9909490990616956,0.004181445059963651,True
3,raw_safe,62,Platt,calibration_ablation_results,threshold_raw_score_percentile,0.9912219309379485,0.9913257256734795,0.00010379473553101537,True
3,raw_safe,62,Uncalibrated,calibration_ablation_results,threshold_raw_score_percentile,0.9912219309379485,0.9913257256734795,0.00010379473553101537,True
3,raw_safe,72,Isotonic,calibration_ablation_results,threshold_raw_score_percentile,0.9942942551096665,0.9926276082134257,-0.0016666468962408532,True
3,raw_safe,72,Platt,calibration_ablation_results,threshold_raw_score_percentile,0.9950475083332345,0.9918269059679007,-0.0032206023653338356,True
3,raw_safe,72,Uncalibrated,calibration_ablation_results,threshold_raw_score_percentile,0.9950475083332345,0.9918269059679007,-0.0032206023653338356,True
3,raw_safe,82,Isotonic,calibration_ablation_results,threshold_raw_score_percentile,0.987701806621511,0.9919395973950487,0.004237790773537697,True
3,raw_safe,82,Platt,calibration_ablation_results,threshold_raw_score_percentile,0.9915866952942433,0.9979211397255074,0.006334444431264186,True
3,raw_safe,82,Uncalibrated,calibration_ablation_results,threshold_raw_score_percentile,0.9915866952942433,0.9979211397255074,0.006334444431264186,True
3,recipient_full_weight_2,42,Isotonic,calibration_ablation_results,threshold_raw_score_percentile,0.9911329640217791,0.9915125561974354,0.000379592175656307,True
3,recipient_full_weight_2,42,Platt,calibration_ablation_results,threshold_raw_score_percentile,0.9924911922752992,0.9911566885327576,-0.0013345037425416262,True
3,recipient_full_weight_2,42,Uncalibrated,calibration_ablation_results,threshold_raw_score_percentile,0.9924911922752992,0.9911566885327576,-0.0013345037425416262,True
3,recipient_full_weight_2,52,Isotonic,calibration_ablation_results,threshold_raw_score_percentile,0.9959609020059074,0.9980279000249107,0.002066998019003341,True
3,recipient_full_weight_2,52,Platt,calibration_ablation_results,threshold_raw_score_percentile,0.9959609020059074,0.9879360861674239,-0.008024815838483468,True
3,recipient_full_weight_2,52,Uncalibrated,calibration_ablation_results,threshold_raw_score_percentile,0.9959609020059074,0.9879360861674239,-0.008024815838483468,True
3,recipient_full_weight_2,62,Isotonic,calibration_ablation_results,threshold_raw_score_percentile,0.9913494501844581,0.9889503090117555,-0.002399141172702568,True
3,recipient_full_weight_2,62,Platt,calibration_ablation_results,threshold_raw_score_percentile,0.9913316568012241,0.988766444051672,-0.002565212749552126,True
3,recipient_full_weight_2,62,Uncalibrated,calibration_ablation_results,threshold_raw_score_percentile,0.9913316568012241,0.988766444051672,-0.002565212749552126,True
3,recipient_full_weight_2,72,Isotonic,calibration_ablation_results,threshold_raw_score_percentile,0.9891816229937961,0.9898933583231516,0.000711735329355534,True
3,recipient_full_weight_2,72,Platt,calibration_ablation_results,threshold_raw_score_percentile,0.9886745115716302,0.9899852908031933,0.0013107792315630862,True
3,recipient_full_weight_2,72,Uncalibrated,calibration_ablation_results,threshold_raw_score_percentile,0.9886745115716302,0.9899852908031933,0.0013107792315630862,True
3,recipient_full_weight_2,82,Isotonic,calibration_ablation_results,threshold_raw_score_percentile,0.9874052502342795,0.9902966750097864,0.0028914247755068567,True
3,recipient_full_weight_2,82,Platt,calibration_ablation_results,threshold_raw_score_percentile,0.987701806621511,0.9902966750097864,0.0025948683882753842,True
3,recipient_full_weight_2,82,Uncalibrated,calibration_ablation_results,threshold_raw_score_percentile,0.987701806621511,0.9902966750097864,0.0025948683882753842,True
1,raw_safe,42,Isotonic,calibration_ablation_results,raw_pr_auc,0.15814099019245784,0.15487304187131043,-0.003267948321147407,True
1,raw_safe,42,Platt,calibration_ablation_results,raw_pr_auc,0.15814099019245784,0.15487304187131043,-0.003267948321147407,True
1,raw_safe,42,Uncalibrated,calibration_ablation_results,raw_pr_auc,0.15814099019245784,0.15487304187131043,-0.003267948321147407,True
1,raw_safe,52,Isotonic,calibration_ablation_results,raw_pr_auc,0.14741183005183942,0.0061736332465393215,-0.1412381968053001,True
1,raw_safe,52,Platt,calibration_ablation_results,raw_pr_auc,0.14741183005183942,0.0061736332465393215,-0.1412381968053001,True
1,raw_safe,52,Uncalibrated,calibration_ablation_results,raw_pr_auc,0.14741183005183942,0.0061736332465393215,-0.1412381968053001,True
1,raw_safe,62,Isotonic,calibration_ablation_results,raw_pr_auc,0.16693419927895511,0.14851193220986944,-0.018422267069085674,True
1,raw_safe,62,Platt,calibration_ablation_results,raw_pr_auc,0.16693419927895511,0.14851193220986944,-0.018422267069085674,True
1,raw_safe,62,Uncalibrated,calibration_ablation_results,raw_pr_auc,0.16693419927895511,0.14851193220986944,-0.018422267069085674,True
1,raw_safe,72,Isotonic,calibration_ablation_results,raw_pr_auc,0.14109140912103968,0.14915019060844248,0.0080587814874028,True
1,raw_safe,72,Platt,calibration_ablation_results,raw_pr_auc,0.14109140912103968,0.14915019060844248,0.0080587814874028,True
1,raw_safe,72,Uncalibrated,calibration_ablation_results,raw_pr_auc,0.14109140912103968,0.14915019060844248,0.0080587814874028,True
1,raw_safe,82,Isotonic,calibration_ablation_results,raw_pr_auc,0.16138082959283923,0.022235193074611585,-0.13914563651822764,True
1,raw_safe,82,Platt,calibration_ablation_results,raw_pr_auc,0.16138082959283923,0.022235193074611585,-0.13914563651822764,True
1,raw_safe,82,Uncalibrated,calibration_ablation_results,raw_pr_auc,0.16138082959283923,0.022235193074611585,-0.13914563651822764,True
1,recipient_full_weight_2,42,Isotonic,calibration_ablation_results,raw_pr_auc,0.07280667819808434,0.13673219440486498,0.06392551620678064,True
1,recipient_full_weight_2,42,Platt,calibration_ablation_results,raw_pr_auc,0.07280667819808434,0.13673219440486498,0.06392551620678064,True
1,recipient_full_weight_2,42,Uncalibrated,calibration_ablation_results,raw_pr_auc,0.07280667819808434,0.13673219440486498,0.06392551620678064,True
1,recipient_full_weight_2,52,Isotonic,calibration_ablation_results,raw_pr_auc,0.37140220999835577,0.2907822607724521,-0.08061994922590365,True
1,recipient_full_weight_2,52,Platt,calibration_ablation_results,raw_pr_auc,0.37140220999835577,0.2907822607724521,-0.08061994922590365,True
1,recipient_full_weight_2,52,Uncalibrated,calibration_ablation_results,raw_pr_auc,0.37140220999835577,0.2907822607724521,-0.08061994922590365,True
1,recipient_full_weight_2,62,Isotonic,calibration_ablation_results,raw_pr_auc,0.320039912800587,0.34495710033056903,0.02491718752998201,True
1,recipient_full_weight_2,62,Platt,calibration_ablation_results,raw_pr_auc,0.320039912800587,0.34495710033056903,0.02491718752998201,True
1,recipient_full_weight_2,62,Uncalibrated,calibration_ablation_results,raw_pr_auc,0.320039912800587,0.34495710033056903,0.02491718752998201,True
1,recipient_full_weight_2,72,Isotonic,calibration_ablation_results,raw_pr_auc,0.22837803630797887,0.34445036534799167,0.1160723290400128,True
1,recipient_full_weight_2,72,Platt,calibration_ablation_results,raw_pr_auc,0.22837803630797887,0.34445036534799167,0.1160723290400128,True
1,recipient_full_weight_2,72,Uncalibrated,calibration_ablation_results,raw_pr_auc,0.22837803630797887,0.34445036534799167,0.1160723290400128,True
1,recipient_full_weight_2,82,Isotonic,calibration_ablation_results,raw_pr_auc,0.2898301820775498,0.2697122265422751,-0.02011795553527468,True
1,recipient_full_weight_2,82,Platt,calibration_ablation_results,raw_pr_auc,0.2898301820775498,0.2697122265422751,-0.02011795553527468,True
1,recipient_full_weight_2,82,Uncalibrated,calibration_ablation_results,raw_pr_auc,0.2898301820775498,0.2697122265422751,-0.02011795553527468,True
2,raw_safe,42,Isotonic,calibration_ablation_results,raw_pr_auc,0.13314764749186697,0.14330303043632758,0.010155382944460611,True
2,raw_safe,42,Platt,calibration_ablation_results,raw_pr_auc,0.13314764749186697,0.14330303043632758,0.010155382944460611,True
2,raw_safe,42,Uncalibrated,calibration_ablation_results,raw_pr_auc,0.13314764749186697,0.14330303043632758,0.010155382944460611,True
2,raw_safe,52,Isotonic,calibration_ablation_results,raw_pr_auc,0.10899363366815663,0.07698186387198061,-0.03201176979617602,True
2,raw_safe,52,Platt,calibration_ablation_results,raw_pr_auc,0.10899363366815663,0.07698186387198061,-0.03201176979617602,True
2,raw_safe,52,Uncalibrated,calibration_ablation_results,raw_pr_auc,0.10899363366815663,0.07698186387198061,-0.03201176979617602,True
2,raw_safe,62,Isotonic,calibration_ablation_results,raw_pr_auc,0.13646774342311177,0.12845946631571364,-0.008008277107398126,True
2,raw_safe,62,Platt,calibration_ablation_results,raw_pr_auc,0.13646774342311177,0.12845946631571364,-0.008008277107398126,True
2,raw_safe,62,Uncalibrated,calibration_ablation_results,raw_pr_auc,0.13646774342311177,0.12845946631571364,-0.008008277107398126,True
2,raw_safe,72,Isotonic,calibration_ablation_results,raw_pr_auc,0.12152103544432916,0.1317639845529782,0.010242949108649035,True
2,raw_safe,72,Platt,calibration_ablation_results,raw_pr_auc,0.12152103544432916,0.1317639845529782,0.010242949108649035,True
2,raw_safe,72,Uncalibrated,calibration_ablation_results,raw_pr_auc,0.12152103544432916,0.1317639845529782,0.010242949108649035,True
2,raw_safe,82,Isotonic,calibration_ablation_results,raw_pr_auc,0.12699017789154227,0.11343354258048433,-0.01355663531105794,True
2,raw_safe,82,Platt,calibration_ablation_results,raw_pr_auc,0.12699017789154227,0.11343354258048433,-0.01355663531105794,True
2,raw_safe,82,Uncalibrated,calibration_ablation_results,raw_pr_auc,0.12699017789154227,0.11343354258048433,-0.01355663531105794,True
2,recipient_full_weight_2,42,Isotonic,calibration_ablation_results,raw_pr_auc,0.0853211084921278,0.19869176025396626,0.11337065176183846,True
2,recipient_full_weight_2,42,Platt,calibration_ablation_results,raw_pr_auc,0.0853211084921278,0.19869176025396626,0.11337065176183846,True
2,recipient_full_weight_2,42,Uncalibrated,calibration_ablation_results,raw_pr_auc,0.0853211084921278,0.19869176025396626,0.11337065176183846,True
2,recipient_full_weight_2,52,Isotonic,calibration_ablation_results,raw_pr_auc,0.09895968551860032,0.15824137693072943,0.059281691412129106,True
2,recipient_full_weight_2,52,Platt,calibration_ablation_results,raw_pr_auc,0.09895968551860032,0.15824137693072943,0.059281691412129106,True
2,recipient_full_weight_2,52,Uncalibrated,calibration_ablation_results,raw_pr_auc,0.09895968551860032,0.15824137693072943,0.059281691412129106,True
2,recipient_full_weight_2,62,Isotonic,calibration_ablation_results,raw_pr_auc,0.02884316572211172,0.1262816614408383,0.09743849571872658,True
2,recipient_full_weight_2,62,Platt,calibration_ablation_results,raw_pr_auc,0.02884316572211172,0.1262816614408383,0.09743849571872658,True
2,recipient_full_weight_2,62,Uncalibrated,calibration_ablation_results,raw_pr_auc,0.02884316572211172,0.1262816614408383,0.09743849571872658,True
2,recipient_full_weight_2,72,Isotonic,calibration_ablation_results,raw_pr_auc,0.020331967146601924,0.01765966140952104,-0.0026723057370808857,True
2,recipient_full_weight_2,72,Platt,calibration_ablation_results,raw_pr_auc,0.020331967146601924,0.01765966140952104,-0.0026723057370808857,True
2,recipient_full_weight_2,72,Uncalibrated,calibration_ablation_results,raw_pr_auc,0.020331967146601924,0.01765966140952104,-0.0026723057370808857,True
2,recipient_full_weight_2,82,Isotonic,calibration_ablation_results,raw_pr_auc,0.17790918052272092,0.05356857533628067,-0.12434060518644025,True
2,recipient_full_weight_2,82,Platt,calibration_ablation_results,raw_pr_auc,0.17790918052272092,0.05356857533628067,-0.12434060518644025,True
2,recipient_full_weight_2,82,Uncalibrated,calibration_ablation_results,raw_pr_auc,0.17790918052272092,0.05356857533628067,-0.12434060518644025,True
3,raw_safe,42,Isotonic,calibration_ablation_results,raw_pr_auc,0.2731067508633177,0.253441451171825,-0.01966529969149272,True
3,raw_safe,42,Platt,calibration_ablation_results,raw_pr_auc,0.2731067508633177,0.253441451171825,-0.01966529969149272,True
3,raw_safe,42,Uncalibrated,calibration_ablation_results,raw_pr_auc,0.2731067508633177,0.253441451171825,-0.01966529969149272,True
3,raw_safe,52,Isotonic,calibration_ablation_results,raw_pr_auc,0.2715358190158268,0.274701113945073,0.0031652949292462207,True
3,raw_safe,52,Platt,calibration_ablation_results,raw_pr_auc,0.2715358190158268,0.274701113945073,0.0031652949292462207,True
3,raw_safe,52,Uncalibrated,calibration_ablation_results,raw_pr_auc,0.2715358190158268,0.274701113945073,0.0031652949292462207,True
3,raw_safe,62,Isotonic,calibration_ablation_results,raw_pr_auc,0.20385314535122523,0.2701543249871649,0.06630117963593968,True
3,raw_safe,62,Platt,calibration_ablation_results,raw_pr_auc,0.20385314535122523,0.2701543249871649,0.06630117963593968,True
3,raw_safe,62,Uncalibrated,calibration_ablation_results,raw_pr_auc,0.20385314535122523,0.2701543249871649,0.06630117963593968,True
3,raw_safe,72,Isotonic,calibration_ablation_results,raw_pr_auc,0.27009511088571214,0.267394603603265,-0.00270050728244714,True
3,raw_safe,72,Platt,calibration_ablation_results,raw_pr_auc,0.27009511088571214,0.267394603603265,-0.00270050728244714,True
3,raw_safe,72,Uncalibrated,calibration_ablation_results,raw_pr_auc,0.27009511088571214,0.267394603603265,-0.00270050728244714,True
3,raw_safe,82,Isotonic,calibration_ablation_results,raw_pr_auc,0.26501389243289925,0.27867333847856884,0.013659446045669599,True
3,raw_safe,82,Platt,calibration_ablation_results,raw_pr_auc,0.26501389243289925,0.27867333847856884,0.013659446045669599,True
3,raw_safe,82,Uncalibrated,calibration_ablation_results,raw_pr_auc,0.26501389243289925,0.27867333847856884,0.013659446045669599,True
3,recipient_full_weight_2,42,Isotonic,calibration_ablation_results,raw_pr_auc,0.29542652684379267,0.24527506429373047,-0.0501514625500622,True
3,recipient_full_weight_2,42,Platt,calibration_ablation_results,raw_pr_auc,0.29542652684379267,0.24527506429373047,-0.0501514625500622,True
3,recipient_full_weight_2,42,Uncalibrated,calibration_ablation_results,raw_pr_auc,0.29542652684379267,0.24527506429373047,-0.0501514625500622,True
3,recipient_full_weight_2,52,Isotonic,calibration_ablation_results,raw_pr_auc,0.13972836076086037,0.11437254716561798,-0.025355813595242388,True
3,recipient_full_weight_2,52,Platt,calibration_ablation_results,raw_pr_auc,0.13972836076086037,0.11437254716561798,-0.025355813595242388,True
3,recipient_full_weight_2,52,Uncalibrated,calibration_ablation_results,raw_pr_auc,0.13972836076086037,0.11437254716561798,-0.025355813595242388,True
3,recipient_full_weight_2,62,Isotonic,calibration_ablation_results,raw_pr_auc,0.12390447508883567,0.21201016250095964,0.08810568741212396,True
3,recipient_full_weight_2,62,Platt,calibration_ablation_results,raw_pr_auc,0.12390447508883567,0.21201016250095964,0.08810568741212396,True
3,recipient_full_weight_2,62,Uncalibrated,calibration_ablation_results,raw_pr_auc,0.12390447508883567,0.21201016250095964,0.08810568741212396,True
3,recipient_full_weight_2,72,Isotonic,calibration_ablation_results,raw_pr_auc,0.2030637373884136,0.24549530336128658,0.04243156597287298,True
3,recipient_full_weight_2,72,Platt,calibration_ablation_results,raw_pr_auc,0.2030637373884136,0.24549530336128658,0.04243156597287298,True
3,recipient_full_weight_2,72,Uncalibrated,calibration_ablation_results,raw_pr_auc,0.2030637373884136,0.24549530336128658,0.04243156597287298,True
3,recipient_full_weight_2,82,Isotonic,calibration_ablation_results,raw_pr_auc,0.1835267259465093,0.14370015103379644,-0.03982657491271285,True
3,recipient_full_weight_2,82,Platt,calibration_ablation_results,raw_pr_auc,0.1835267259465093,0.14370015103379644,-0.03982657491271285,True
3,recipient_full_weight_2,82,Uncalibrated,calibration_ablation_results,raw_pr_auc,0.1835267259465093,0.14370015103379644,-0.03982657491271285,True
1,raw_safe,42,Isotonic,calibration_ablation_results,calibrated_pr_auc,0.1559995061985854,0.1534051525475158,-0.0025943536510696086,True
1,raw_safe,42,Platt,calibration_ablation_results,calibrated_pr_auc,0.15814116188785596,0.1548730397037055,-0.003268122184150457,True
1,raw_safe,42,Uncalibrated,calibration_ablation_results,calibrated_pr_auc,0.15814099019245784,0.15487304187131043,-0.003267948321147407,True
1,raw_safe,52,Isotonic,calibration_ablation_results,calibrated_pr_auc,0.14024515127983353,0.00549341350795241,-0.13475173777188112,True
1,raw_safe,52,Platt,calibration_ablation_results,calibrated_pr_auc,0.1474118988785424,0.006175773206330214,-0.14123612567221216,True
1,raw_safe,52,Uncalibrated,calibration_ablation_results,calibrated_pr_auc,0.14741183005183942,0.0061736332465393215,-0.1412381968053001,True
1,raw_safe,62,Isotonic,calibration_ablation_results,calibrated_pr_auc,0.16228744775569023,0.14544831245883894,-0.0168391352968513,True
1,raw_safe,62,Platt,calibration_ablation_results,calibrated_pr_auc,0.16693433420763584,0.14850681436142182,-0.01842751984621402,True
1,raw_safe,62,Uncalibrated,calibration_ablation_results,calibrated_pr_auc,0.16693419927895511,0.14851193220986944,-0.018422267069085674,True
1,raw_safe,72,Isotonic,calibration_ablation_results,calibrated_pr_auc,0.13819475918582141,0.1479729227283875,0.009778163542566082,True
1,raw_safe,72,Platt,calibration_ablation_results,calibrated_pr_auc,0.14109140912103968,0.14915033691806778,0.008058927797028104,True
1,raw_safe,72,Uncalibrated,calibration_ablation_results,calibrated_pr_auc,0.14109140912103968,0.14915019060844248,0.0080587814874028,True
1,raw_safe,82,Isotonic,calibration_ablation_results,calibrated_pr_auc,0.15326338172269235,0.022124853543239904,-0.13113852817945246,True
1,raw_safe,82,Platt,calibration_ablation_results,calibrated_pr_auc,0.16138082959283925,0.022236050222499054,-0.1391447793703402,True
1,raw_safe,82,Uncalibrated,calibration_ablation_results,calibrated_pr_auc,0.16138082959283923,0.022235193074611585,-0.13914563651822764,True
1,recipient_full_weight_2,42,Isotonic,calibration_ablation_results,calibrated_pr_auc,0.07576759795431572,0.14779607904347772,0.072028481089162,True
1,recipient_full_weight_2,42,Platt,calibration_ablation_results,calibrated_pr_auc,0.07666310428435939,0.1415228518252181,0.0648597475408587,True
1,recipient_full_weight_2,42,Uncalibrated,calibration_ablation_results,calibrated_pr_auc,0.07280667819808434,0.13673219440486498,0.06392551620678064,True
1,recipient_full_weight_2,52,Isotonic,calibration_ablation_results,calibrated_pr_auc,0.3507365650574422,0.2742998018807344,-0.07643676317670783,True
1,recipient_full_weight_2,52,Platt,calibration_ablation_results,calibrated_pr_auc,0.3356402987008902,0.2032157814475801,-0.1324245172533101,True
1,recipient_full_weight_2,52,Uncalibrated,calibration_ablation_results,calibrated_pr_auc,0.37140220999835577,0.2907822607724521,-0.08061994922590365,True
1,recipient_full_weight_2,62,Isotonic,calibration_ablation_results,calibrated_pr_auc,0.3094807232108844,0.32712135271338644,0.01764062950250206,True
1,recipient_full_weight_2,62,Platt,calibration_ablation_results,calibrated_pr_auc,0.3003469254574286,0.33378473430438016,0.03343780884695158,True
1,recipient_full_weight_2,62,Uncalibrated,calibration_ablation_results,calibrated_pr_auc,0.320039912800587,0.34495710033056903,0.02491718752998201,True
1,recipient_full_weight_2,72,Isotonic,calibration_ablation_results,calibrated_pr_auc,0.21094922318296175,0.2871011554547809,0.07615193227181913,True
1,recipient_full_weight_2,72,Platt,calibration_ablation_results,calibrated_pr_auc,0.21125596002307956,0.33644145277451165,0.1251854927514321,True
1,recipient_full_weight_2,72,Uncalibrated,calibration_ablation_results,calibrated_pr_auc,0.22837803630797887,0.34445036534799167,0.1160723290400128,True
1,recipient_full_weight_2,82,Isotonic,calibration_ablation_results,calibrated_pr_auc,0.27353174992915086,0.2573250924805348,-0.016206657448616046,True
1,recipient_full_weight_2,82,Platt,calibration_ablation_results,calibrated_pr_auc,0.29878211013822215,0.23389163934286925,-0.0648904707953529,True
1,recipient_full_weight_2,82,Uncalibrated,calibration_ablation_results,calibrated_pr_auc,0.2898301820775498,0.2697122265422751,-0.02011795553527468,True
2,raw_safe,42,Isotonic,calibration_ablation_results,calibrated_pr_auc,0.13308507026338678,0.1429101245335338,0.009825054270147016,True
2,raw_safe,42,Platt,calibration_ablation_results,calibrated_pr_auc,0.12505045465629752,0.14330303043632758,0.01825257578003006,True
2,raw_safe,42,Uncalibrated,calibration_ablation_results,calibrated_pr_auc,0.13314764749186697,0.14330303043632758,0.010155382944460611,True
2,raw_safe,52,Isotonic,calibration_ablation_results,calibrated_pr_auc,0.10652437757564866,0.07623042443500679,-0.03029395314064187,True
2,raw_safe,52,Platt,calibration_ablation_results,calibrated_pr_auc,0.10899363365179189,0.07698055449575661,-0.03201307915603528,True
2,raw_safe,52,Uncalibrated,calibration_ablation_results,calibrated_pr_auc,0.10899363366815663,0.07698186387198061,-0.03201176979617602,True
2,raw_safe,62,Isotonic,calibration_ablation_results,calibrated_pr_auc,0.13571709079814193,0.12512478970005458,-0.010592301098087342,True
2,raw_safe,62,Platt,calibration_ablation_results,calibrated_pr_auc,0.13646774342311177,0.12845946631571364,-0.008008277107398126,True
2,raw_safe,62,Uncalibrated,calibration_ablation_results,calibrated_pr_auc,0.13646774342311177,0.12845946631571364,-0.008008277107398126,True
2,raw_safe,72,Isotonic,calibration_ablation_results,calibrated_pr_auc,0.12773348461160097,0.1319778427543951,0.004244358142794141,True
2,raw_safe,72,Platt,calibration_ablation_results,calibrated_pr_auc,0.12804186504208187,0.1317639845529782,0.003722119510896321,True
2,raw_safe,72,Uncalibrated,calibration_ablation_results,calibrated_pr_auc,0.12152103544432916,0.1317639845529782,0.010242949108649035,True
2,raw_safe,82,Isotonic,calibration_ablation_results,calibrated_pr_auc,0.12540482658487712,0.11296697946726315,-0.012437847117613962,True
2,raw_safe,82,Platt,calibration_ablation_results,calibrated_pr_auc,0.12699017789154227,0.11343290859865836,-0.013557269292883908,True
2,raw_safe,82,Uncalibrated,calibration_ablation_results,calibrated_pr_auc,0.12699017789154227,0.11343354258048433,-0.01355663531105794,True
2,recipient_full_weight_2,42,Isotonic,calibration_ablation_results,calibrated_pr_auc,0.07575227296984244,0.2012436612688465,0.12549138829900405,True
2,recipient_full_weight_2,42,Platt,calibration_ablation_results,calibrated_pr_auc,0.069038892789596,0.198691898109454,0.12965300531985802,True
2,recipient_full_weight_2,42,Uncalibrated,calibration_ablation_results,calibrated_pr_auc,0.0853211084921278,0.19869176025396626,0.11337065176183846,True
2,recipient_full_weight_2,52,Isotonic,calibration_ablation_results,calibrated_pr_auc,0.09156695873095107,0.14856000072508485,0.05699304199413378,True
2,recipient_full_weight_2,52,Platt,calibration_ablation_results,calibrated_pr_auc,0.039156560031252466,0.0488839860214634,0.009727425990210932,True
2,recipient_full_weight_2,52,Uncalibrated,calibration_ablation_results,calibrated_pr_auc,0.09895968551860032,0.15824137693072943,0.059281691412129106,True
2,recipient_full_weight_2,62,Isotonic,calibration_ablation_results,calibrated_pr_auc,0.0276665311348653,0.12120967062675518,0.09354313949188989,True
2,recipient_full_weight_2,62,Platt,calibration_ablation_results,calibrated_pr_auc,0.028716053362842036,0.037035047844967015,0.008318994482124979,True
2,recipient_full_weight_2,62,Uncalibrated,calibration_ablation_results,calibrated_pr_auc,0.02884316572211172,0.1262816614408383,0.09743849571872658,True
2,recipient_full_weight_2,72,Isotonic,calibration_ablation_results,calibrated_pr_auc,0.023636171871897895,0.01833798175586736,-0.005298190116030534,True
2,recipient_full_weight_2,72,Platt,calibration_ablation_results,calibrated_pr_auc,0.02058200363737114,0.016596359904221994,-0.003985643733149146,True
2,recipient_full_weight_2,72,Uncalibrated,calibration_ablation_results,calibrated_pr_auc,0.020331967146601924,0.01765966140952104,-0.0026723057370808857,True
2,recipient_full_weight_2,82,Isotonic,calibration_ablation_results,calibrated_pr_auc,0.1582301420174422,0.048956719951802743,-0.10927342206563946,True
2,recipient_full_weight_2,82,Platt,calibration_ablation_results,calibrated_pr_auc,0.15710030250661927,0.05524871723039192,-0.10185158527622735,True
2,recipient_full_weight_2,82,Uncalibrated,calibration_ablation_results,calibrated_pr_auc,0.17790918052272092,0.05356857533628067,-0.12434060518644025,True
3,raw_safe,42,Isotonic,calibration_ablation_results,calibrated_pr_auc,0.2599918270277111,0.240501742673333,-0.01949008435437813,True
3,raw_safe,42,Platt,calibration_ablation_results,calibrated_pr_auc,0.2731215546288373,0.25276722226617265,-0.02035433236266465,True
3,raw_safe,42,Uncalibrated,calibration_ablation_results,calibrated_pr_auc,0.2731067508633177,0.253441451171825,-0.01966529969149272,True
3,raw_safe,52,Isotonic,calibration_ablation_results,calibrated_pr_auc,0.2557597006372095,0.26393508847104263,0.008175387833833148,True
3,raw_safe,52,Platt,calibration_ablation_results,calibrated_pr_auc,0.2706092116871116,0.27494066545889356,0.004331453771781957,True
3,raw_safe,52,Uncalibrated,calibration_ablation_results,calibrated_pr_auc,0.2715358190158268,0.274701113945073,0.0031652949292462207,True
3,raw_safe,62,Isotonic,calibration_ablation_results,calibrated_pr_auc,0.19353999591553353,0.2544390472121756,0.060899051296642054,True
3,raw_safe,62,Platt,calibration_ablation_results,calibrated_pr_auc,0.20385314535122523,0.2707534474720642,0.06690030212083897,True
3,raw_safe,62,Uncalibrated,calibration_ablation_results,calibrated_pr_auc,0.20385314535122523,0.2701543249871649,0.06630117963593968,True
3,raw_safe,72,Isotonic,calibration_ablation_results,calibrated_pr_auc,0.25634359196978945,0.25393699388504587,-0.002406598084743583,True
3,raw_safe,72,Platt,calibration_ablation_results,calibrated_pr_auc,0.27010991465123163,0.26668081272633637,-0.0034291019248952614,True
3,raw_safe,72,Uncalibrated,calibration_ablation_results,calibrated_pr_auc,0.27009511088571214,0.267394603603265,-0.00270050728244714,True
3,raw_safe,82,Isotonic,calibration_ablation_results,calibrated_pr_auc,0.25486526279109445,0.2637769148715323,0.00891165208043787,True
3,raw_safe,82,Platt,calibration_ablation_results,calibrated_pr_auc,0.26502904802836824,0.27797246301680073,0.012943414988432489,True
3,raw_safe,82,Uncalibrated,calibration_ablation_results,calibrated_pr_auc,0.26501389243289925,0.27867333847856884,0.013659446045669599,True
3,recipient_full_weight_2,42,Isotonic,calibration_ablation_results,calibrated_pr_auc,0.2597701229915953,0.24623486665123565,-0.013535256340359653,True
3,recipient_full_weight_2,42,Platt,calibration_ablation_results,calibrated_pr_auc,0.27243015241581964,0.22699252163896075,-0.04543763077685889,True
3,recipient_full_weight_2,42,Uncalibrated,calibration_ablation_results,calibrated_pr_auc,0.29542652684379267,0.24527506429373047,-0.0501514625500622,True
3,recipient_full_weight_2,52,Isotonic,calibration_ablation_results,calibrated_pr_auc,0.13826339337873478,0.110545759157422,-0.02771763422131278,True
3,recipient_full_weight_2,52,Platt,calibration_ablation_results,calibrated_pr_auc,0.13895298279624096,0.1166362607381906,-0.022316722058050367,True
3,recipient_full_weight_2,52,Uncalibrated,calibration_ablation_results,calibrated_pr_auc,0.13972836076086037,0.11437254716561798,-0.025355813595242388,True
3,recipient_full_weight_2,62,Isotonic,calibration_ablation_results,calibrated_pr_auc,0.12246016502709481,0.2105071932812561,0.0880470282541613,True
3,recipient_full_weight_2,62,Platt,calibration_ablation_results,calibrated_pr_auc,0.10489020218684182,0.21678389840101217,0.11189369621417035,True
3,recipient_full_weight_2,62,Uncalibrated,calibration_ablation_results,calibrated_pr_auc,0.12390447508883567,0.21201016250095964,0.08810568741212396,True
3,recipient_full_weight_2,72,Isotonic,calibration_ablation_results,calibrated_pr_auc,0.1997861541817189,0.24192835871739526,0.04214220453567635,True
3,recipient_full_weight_2,72,Platt,calibration_ablation_results,calibrated_pr_auc,0.19668703041163088,0.24629101328876737,0.04960398287713649,True
3,recipient_full_weight_2,72,Uncalibrated,calibration_ablation_results,calibrated_pr_auc,0.2030637373884136,0.24549530336128658,0.04243156597287298,True
3,recipient_full_weight_2,82,Isotonic,calibration_ablation_results,calibrated_pr_auc,0.1788838594354903,0.13977786661745673,-0.039105992818033564,True
3,recipient_full_weight_2,82,Platt,calibration_ablation_results,calibrated_pr_auc,0.1905609157331449,0.1417704220323988,-0.04879049370074609,True
3,recipient_full_weight_2,82,Uncalibrated,calibration_ablation_results,calibrated_pr_auc,0.1835267259465093,0.14370015103379644,-0.03982657491271285,True
1,raw_safe,42,Isotonic,calibration_ablation_results,val_brier,0.00043426901181803037,0.00043441191587343986,1.4290405540948615e-07,True
1,raw_safe,42,Platt,calibration_ablation_results,val_brier,0.00044266391633959805,0.00043378647411460155,-8.877442224996493e-06,True
1,raw_safe,42,Uncalibrated,calibration_ablation_results,val_brier,0.00043326214141282184,0.00044436178560369266,1.1099644190870823e-05,True
1,raw_safe,52,Isotonic,calibration_ablation_results,val_brier,0.0004289184022749862,0.0004697058435522444,4.07874412772582e-05,True
1,raw_safe,52,Platt,calibration_ablation_results,val_brier,0.00043206085571776873,0.00046729917934751786,3.523832362974913e-05,True
1,raw_safe,52,Uncalibrated,calibration_ablation_results,val_brier,0.0004426035955432912,0.0006604663017459137,0.0002178627062026225,True
1,raw_safe,62,Isotonic,calibration_ablation_results,val_brier,0.0004353857044397231,0.00042695201537373736,-8.433689065985767e-06,True
1,raw_safe,62,Platt,calibration_ablation_results,val_brier,0.00044957913746740603,0.0004525777037963784,2.998566328972366e-06,True
1,raw_safe,62,Uncalibrated,calibration_ablation_results,val_brier,0.00046989291262642237,0.00044904473396677864,-2.0848178659643734e-05,True
1,raw_safe,72,Isotonic,calibration_ablation_results,val_brier,0.0004289657348829393,0.000437850812914931,8.88507803199171e-06,True
1,raw_safe,72,Platt,calibration_ablation_results,val_brier,0.000432943815510719,0.0004408572842269948,7.913468716275825e-06,True
1,raw_safe,72,Uncalibrated,calibration_ablation_results,val_brier,0.00044142069302923376,0.0004831174526475464,4.1696759618312616e-05,True
1,raw_safe,82,Isotonic,calibration_ablation_results,val_brier,0.0004325307859177831,0.000466570361755035,3.4039575837251936e-05,True
1,raw_safe,82,Platt,calibration_ablation_results,val_brier,0.00043143834833521844,0.0004645056683864655,3.3067320051247075e-05,True
1,raw_safe,82,Uncalibrated,calibration_ablation_results,val_brier,0.00044373498246148195,0.0004738987385537311,3.016375609224913e-05,True
1,recipient_full_weight_2,42,Isotonic,calibration_ablation_results,val_brier,0.0004773190361914146,0.00046902146061006996,-8.297575581344622e-06,True
1,recipient_full_weight_2,42,Platt,calibration_ablation_results,val_brier,0.000490795087082342,0.000495612931652352,4.817844570010016e-06,True
1,recipient_full_weight_2,42,Uncalibrated,calibration_ablation_results,val_brier,0.0016613476472512815,0.0012443706435456097,-0.00041697700370567185,True
1,recipient_full_weight_2,52,Isotonic,calibration_ablation_results,val_brier,0.00045328331451581326,0.00048490351758344693,3.162020306763367e-05,True
1,recipient_full_weight_2,52,Platt,calibration_ablation_results,val_brier,0.0004790810120774715,0.0004849594315392545,5.878419461782976e-06,True
1,recipient_full_weight_2,52,Uncalibrated,calibration_ablation_results,val_brier,0.0006689631112587487,0.00127002990436322,0.0006010667931044712,True
1,recipient_full_weight_2,62,Isotonic,calibration_ablation_results,val_brier,0.0004596989642661542,0.00045438724724447175,-5.311717021682456e-06,True
1,recipient_full_weight_2,62,Platt,calibration_ablation_results,val_brier,0.0004892353354020213,0.00047512585363008823,-1.4109481771933108e-05,True
1,recipient_full_weight_2,62,Uncalibrated,calibration_ablation_results,val_brier,0.0008365312565568017,0.0007111206594172464,-0.0001254105971395553,True
1,recipient_full_weight_2,72,Isotonic,calibration_ablation_results,val_brier,0.00047997595695598407,0.00048140718217798623,1.431225222002161e-06,True
1,recipient_full_weight_2,72,Platt,calibration_ablation_results,val_brier,0.0004931002439097815,0.0005030407610492448,9.940517139463362e-06,True
1,recipient_full_weight_2,72,Uncalibrated,calibration_ablation_results,val_brier,0.000704655530930075,0.0006055101070734964,-9.914542385657855e-05,True
1,recipient_full_weight_2,82,Isotonic,calibration_ablation_results,val_brier,0.0004755615729926695,0.00047730261147116155,1.7410384784920761e-06,True
1,recipient_full_weight_2,82,Platt,calibration_ablation_results,val_brier,0.0005102641319785494,0.000529165645181467,1.890151320291765e-05,True
1,recipient_full_weight_2,82,Uncalibrated,calibration_ablation_results,val_brier,0.0006230150823025188,0.0009011034223416947,0.00027808834003917586,True
2,raw_safe,42,Isotonic,calibration_ablation_results,val_brier,0.0005758831371299504,0.0005632107299223014,-1.2672407207649033e-05,True
2,raw_safe,42,Platt,calibration_ablation_results,val_brier,0.0005807998985451875,0.0005637592123731458,-1.704068617204167e-05,True
2,raw_safe,42,Uncalibrated,calibration_ablation_results,val_brier,0.0006333567496292756,0.0005782317706358946,-5.5124978993380974e-05,True
2,raw_safe,52,Isotonic,calibration_ablation_results,val_brier,0.0005743215369703278,0.0006140026822700473,3.968114529971948e-05,True
2,raw_safe,52,Platt,calibration_ablation_results,val_brier,0.0005786314282905661,0.000611652869557425,3.302144126685893e-05,True
2,raw_safe,52,Uncalibrated,calibration_ablation_results,val_brier,0.000626025528764546,0.0006490603121025944,2.303478333804841e-05,True
2,raw_safe,62,Isotonic,calibration_ablation_results,val_brier,0.000568984792444378,0.0005627646002976954,-6.220192146682603e-06,True
2,raw_safe,62,Platt,calibration_ablation_results,val_brier,0.0005706367047342895,0.000567313403821377,-3.323300912912489e-06,True
2,raw_safe,62,Uncalibrated,calibration_ablation_results,val_brier,0.0005734706705124407,0.0006113100928062787,3.783942229383804e-05,True
2,raw_safe,72,Isotonic,calibration_ablation_results,val_brier,0.0005622599082300003,0.0005757172555612683,1.3457347331268053e-05,True
2,raw_safe,72,Platt,calibration_ablation_results,val_brier,0.0005627482997379705,0.0005770644981215439,1.4316198383573352e-05,True
2,raw_safe,72,Uncalibrated,calibration_ablation_results,val_brier,0.0005807507542712388,0.0005831103591528723,2.35960488163356e-06,True
2,raw_safe,82,Isotonic,calibration_ablation_results,val_brier,0.000562237870004114,0.0005768049875520746,1.4567117547960567e-05,True
2,raw_safe,82,Platt,calibration_ablation_results,val_brier,0.0005637785241509628,0.0005805408261870552,1.6762302036092453e-05,True
2,raw_safe,82,Uncalibrated,calibration_ablation_results,val_brier,0.0005811778186719631,0.0006018807813963717,2.0702962724408595e-05,True
2,recipient_full_weight_2,42,Isotonic,calibration_ablation_results,val_brier,0.000656433416768408,0.0005262987737245347,-0.00013013464304387332,True
2,recipient_full_weight_2,42,Platt,calibration_ablation_results,val_brier,0.0006868398221779216,0.0005469526708667223,-0.00013988715131119935,True
2,recipient_full_weight_2,42,Uncalibrated,calibration_ablation_results,val_brier,0.002401555486312775,0.0018904858137080269,-0.000511069672604748,True
2,recipient_full_weight_2,52,Isotonic,calibration_ablation_results,val_brier,0.0006425596692911291,0.0005499577564763214,-9.260191281480778e-05,True
2,recipient_full_weight_2,52,Platt,calibration_ablation_results,val_brier,0.0006666112211606983,0.0006610579495544556,-5.553271606242643e-06,True
2,recipient_full_weight_2,52,Uncalibrated,calibration_ablation_results,val_brier,0.005921241227660505,0.008066187350141155,0.0021449461224806498,True
2,recipient_full_weight_2,62,Isotonic,calibration_ablation_results,val_brier,0.0006836349097090777,0.0005538587935015646,-0.00012977611620751308,True
2,recipient_full_weight_2,62,Platt,calibration_ablation_results,val_brier,0.0006952398467045282,0.0007043029664635087,9.063119758980528e-06,True
2,recipient_full_weight_2,62,Uncalibrated,calibration_ablation_results,val_brier,0.006689462395033634,0.005831737861336174,-0.0008577245336974593,True
2,recipient_full_weight_2,72,Isotonic,calibration_ablation_results,val_brier,0.0006930111147178639,0.0006793154246414828,-1.3695690076381112e-05,True
2,recipient_full_weight_2,72,Platt,calibration_ablation_results,val_brier,0.0007332904959694636,0.0006893592602140007,-4.393123575546288e-05,True
2,recipient_full_weight_2,72,Uncalibrated,calibration_ablation_results,val_brier,0.0058128214602260865,0.008913801185230923,0.0031009797250048368,True
2,recipient_full_weight_2,82,Isotonic,calibration_ablation_results,val_brier,0.0005709608559285354,0.000651915573508821,8.095471758028561e-05,True
2,recipient_full_weight_2,82,Platt,calibration_ablation_results,val_brier,0.0005752869584851699,0.0006406626974330457,6.537573894787587e-05,True
2,recipient_full_weight_2,82,Uncalibrated,calibration_ablation_results,val_brier,0.0017668668659848391,0.0023503278721805896,0.0005834610061957505,True
3,raw_safe,42,Isotonic,calibration_ablation_results,val_brier,0.0006353085768266729,0.000641823676145301,6.515099318628098e-06,True
3,raw_safe,42,Platt,calibration_ablation_results,val_brier,0.0006459242066279067,0.0006442167769014427,-1.7074297264640373e-06,True
3,raw_safe,42,Uncalibrated,calibration_ablation_results,val_brier,0.0006428207753569563,0.0006476510135843712,4.830238227414947e-06,True
3,raw_safe,52,Isotonic,calibration_ablation_results,val_brier,0.0006407014944178189,0.0006345042833368755,-6.197211080943409e-06,True
3,raw_safe,52,Platt,calibration_ablation_results,val_brier,0.0006482739614237982,0.000646827699656164,-1.4462617676341523e-06,True
3,raw_safe,52,Uncalibrated,calibration_ablation_results,val_brier,0.000648621570986104,0.0006423165433531787,-6.305027632925314e-06,True
3,raw_safe,62,Isotonic,calibration_ablation_results,val_brier,0.0006523538657759413,0.000636560314503198,-1.579355127274333e-05,True
3,raw_safe,62,Platt,calibration_ablation_results,val_brier,0.0006545278071247619,0.0006463664123931564,-8.161394731605494e-06,True
3,raw_safe,62,Uncalibrated,calibration_ablation_results,val_brier,0.0006556431277286141,0.0006462357965643651,-9.407331164248923e-06,True
3,raw_safe,72,Isotonic,calibration_ablation_results,val_brier,0.0006360214307766949,0.000637969490905164,1.9480601284691413e-06,True
3,raw_safe,72,Platt,calibration_ablation_results,val_brier,0.0006460882339519288,0.0006456871874578568,-4.010464940719643e-07,True
3,raw_safe,72,Uncalibrated,calibration_ablation_results,val_brier,0.0006439721306014986,0.0006445636164065454,5.914858050467793e-07,True
3,raw_safe,82,Isotonic,calibration_ablation_results,val_brier,0.0006356968509379725,0.0006377237286742018,2.026877736229318e-06,True
3,raw_safe,82,Platt,calibration_ablation_results,val_brier,0.0006440592203007105,0.0006451320975007943,1.0728772000838036e-06,True
3,raw_safe,82,Uncalibrated,calibration_ablation_results,val_brier,0.0006465986028778483,0.0006449095040976743,-1.6890987801739584e-06,True
3,recipient_full_weight_2,42,Isotonic,calibration_ablation_results,val_brier,0.0006436852268132848,0.00048582121112004977,-0.00015786401569323503,True
3,recipient_full_weight_2,42,Platt,calibration_ablation_results,val_brier,0.0007002333217005638,0.0005744644895175455,-0.0001257688321830183,True
3,recipient_full_weight_2,42,Uncalibrated,calibration_ablation_results,val_brier,0.0010964075691012505,0.0005620496732223265,-0.000534357895878924,True
3,recipient_full_weight_2,52,Isotonic,calibration_ablation_results,val_brier,0.0005731214728234255,0.0004772421064854578,-9.587936633796771e-05,True
3,recipient_full_weight_2,52,Platt,calibration_ablation_results,val_brier,0.0005862909397951463,0.0004890828306602777,-9.720810913486856e-05,True
3,recipient_full_weight_2,52,Uncalibrated,calibration_ablation_results,val_brier,0.0008086519188420755,0.0005572782572044418,-0.0002513736616376337,True
3,recipient_full_weight_2,62,Isotonic,calibration_ablation_results,val_brier,0.00045193688890931145,0.0006976762565416467,0.00024573936763233525,True
3,recipient_full_weight_2,62,Platt,calibration_ablation_results,val_brier,0.0004577003980336573,0.0007018960673558311,0.0002441956693221738,True
3,recipient_full_weight_2,62,Uncalibrated,calibration_ablation_results,val_brier,0.0011369968937699996,0.0017323643451269306,0.0005953674513569311,True
3,recipient_full_weight_2,72,Isotonic,calibration_ablation_results,val_brier,0.0004918854657800511,0.0004751701868027404,-1.67152789773107e-05,True
3,recipient_full_weight_2,72,Platt,calibration_ablation_results,val_brier,0.0005661962681201004,0.000556872658560959,-9.323609559141327e-06,True
3,recipient_full_weight_2,72,Uncalibrated,calibration_ablation_results,val_brier,0.00059791818439668,0.0005459944375675423,-5.1923746829137755e-05,True
3,recipient_full_weight_2,82,Isotonic,calibration_ablation_results,val_brier,0.00044254828704183086,0.0004621411603501961,1.9592873308365265e-05,True
3,recipient_full_weight_2,82,Platt,calibration_ablation_results,val_brier,0.0004696367105104164,0.0004719757608055489,2.339050295132499e-06,True
3,recipient_full_weight_2,82,Uncalibrated,calibration_ablation_results,val_brier,0.0016256720137898318,0.0007889638166580023,-0.0008367081971318294,True
1,raw_safe,42,Isotonic,calibration_ablation_results,test_brier,0.0006713922216408541,0.0006716860984574712,2.938768166170936e-07,True
1,raw_safe,42,Platt,calibration_ablation_results,test_brier,0.0007197870605233572,0.000668442764132777,-5.13442963905802e-05,True
1,raw_safe,42,Uncalibrated,calibration_ablation_results,test_brier,0.000677181844167192,0.0006714649800267729,-5.716864140419063e-06,True
1,raw_safe,52,Isotonic,calibration_ablation_results,test_brier,0.0006756392387313228,0.0007730596384794192,9.742039974809636e-05,True
1,raw_safe,52,Platt,calibration_ablation_results,test_brier,0.0006694378662226506,0.0007742804584859339,0.0001048425922632833,True
1,raw_safe,52,Uncalibrated,calibration_ablation_results,test_brier,0.0006722739888177734,0.0009477324883862442,0.0002754584995684708,True
1,raw_safe,62,Isotonic,calibration_ablation_results,test_brier,0.0006654091268441704,0.0006746116085437836,9.202481699613178e-06,True
1,raw_safe,62,Platt,calibration_ablation_results,test_brier,0.0007292190573467874,0.000741118321551169,1.1899264204381574e-05,True
1,raw_safe,62,Uncalibrated,calibration_ablation_results,test_brier,0.0006846170855055348,0.0007094499557722123,2.483287026667743e-05,True
1,raw_safe,72,Isotonic,calibration_ablation_results,test_brier,0.0006759397539189988,0.0006750996498219867,-8.401040970121504e-07,True
1,raw_safe,72,Platt,calibration_ablation_results,test_brier,0.0006694047222743259,0.0006710846705689206,1.6799482945946322e-06,True
1,raw_safe,72,Uncalibrated,calibration_ablation_results,test_brier,0.0006761102484933212,0.0006800444515750898,3.934203081768558e-06,True
1,raw_safe,82,Isotonic,calibration_ablation_results,test_brier,0.0006712082137121323,0.0007606618345458703,8.945362083373801e-05,True
1,raw_safe,82,Platt,calibration_ablation_results,test_brier,0.0006677314036048539,0.0007685510837269616,0.00010081968012210765,True
1,raw_safe,82,Uncalibrated,calibration_ablation_results,test_brier,0.0006682190706997815,0.0007689773897708349,0.00010075831907105338,True
1,recipient_full_weight_2,42,Isotonic,calibration_ablation_results,test_brier,0.0007311590344459735,0.0006980040735899368,-3.3154960856036746e-05,True
1,recipient_full_weight_2,42,Platt,calibration_ablation_results,test_brier,0.0007439447713866931,0.0007160295203321604,-2.7915251054532733e-05,True
1,recipient_full_weight_2,42,Uncalibrated,calibration_ablation_results,test_brier,0.0014179152634646293,0.0012178662888086328,-0.00020004897465599651,True
1,recipient_full_weight_2,52,Isotonic,calibration_ablation_results,test_brier,0.0005728607250110035,0.0005912743794443697,1.8413654433366224e-05,True
1,recipient_full_weight_2,52,Platt,calibration_ablation_results,test_brier,0.0005881958726480775,0.0006703470778721701,8.215120522409264e-05,True
1,recipient_full_weight_2,52,Uncalibrated,calibration_ablation_results,test_brier,0.000648552401266737,0.001058425113960071,0.00040987271269333396,True
1,recipient_full_weight_2,62,Isotonic,calibration_ablation_results,test_brier,0.0005881443046057465,0.0005706662385729107,-1.74780660328358e-05,True
1,recipient_full_weight_2,62,Platt,calibration_ablation_results,test_brier,0.0005975409815305221,0.0005791347994524635,-1.8406182078058685e-05,True
1,recipient_full_weight_2,62,Uncalibrated,calibration_ablation_results,test_brier,0.0007531943425846004,0.0007086997720065284,-4.449457057807205e-05,True
1,recipient_full_weight_2,72,Isotonic,calibration_ablation_results,test_brier,0.000657913628064447,0.0005870569258697262,-7.085670219472077e-05,True
1,recipient_full_weight_2,72,Platt,calibration_ablation_results,test_brier,0.0007033559042304596,0.0006084587376410185,-9.489716658944117e-05,True
1,recipient_full_weight_2,72,Uncalibrated,calibration_ablation_results,test_brier,0.0007030493347583136,0.0006464412525137449,-5.660808224456867e-05,True
1,recipient_full_weight_2,82,Isotonic,calibration_ablation_results,test_brier,0.0006093180399592488,0.0006226229215998315,1.3304881640582703e-05,True
1,recipient_full_weight_2,82,Platt,calibration_ablation_results,test_brier,0.0006365835281886538,0.0006640723202897074,2.7488792101053685e-05,True
1,recipient_full_weight_2,82,Uncalibrated,calibration_ablation_results,test_brier,0.0006829199036856473,0.0008964862463213088,0.00021356634263566148,True
2,raw_safe,42,Isotonic,calibration_ablation_results,test_brier,0.00045682150162750667,0.00045241694403606175,-4.40455759144492e-06,True
2,raw_safe,42,Platt,calibration_ablation_results,test_brier,0.00045999205860647747,0.0004536507617907853,-6.3412968156921815e-06,True
2,raw_safe,42,Uncalibrated,calibration_ablation_results,test_brier,0.0004997988629184122,0.00046005611223009786,-3.97427506883143e-05,True
2,raw_safe,52,Isotonic,calibration_ablation_results,test_brier,0.00046484466218405884,0.00047722766065411826,1.2382998470059417e-05,True
2,raw_safe,52,Platt,calibration_ablation_results,test_brier,0.0004670929453086726,0.00047946203498032435,1.2369089671651753e-05,True
2,raw_safe,52,Uncalibrated,calibration_ablation_results,test_brier,0.000510689562795423,0.0005175541665032453,6.864603707822212e-06,True
2,raw_safe,62,Isotonic,calibration_ablation_results,test_brier,0.00045346475124970344,0.00045568692037532534,2.2221691256218935e-06,True
2,raw_safe,62,Platt,calibration_ablation_results,test_brier,0.0004565996477728722,0.00045929476594544895,2.6951181725767457e-06,True
2,raw_safe,62,Uncalibrated,calibration_ablation_results,test_brier,0.00045720555573993353,0.0004920951899842832,3.4889634244349664e-05,True
2,raw_safe,72,Isotonic,calibration_ablation_results,test_brier,0.00045522547262770137,0.00045841140397954983,3.185931351848458e-06,True
2,raw_safe,72,Platt,calibration_ablation_results,test_brier,0.0004570847281201595,0.00046395698873340674,6.872260613247235e-06,True
2,raw_safe,72,Uncalibrated,calibration_ablation_results,test_brier,0.0004766366020063905,0.0004655154449053972,-1.1121157100993297e-05,True
2,raw_safe,82,Isotonic,calibration_ablation_results,test_brier,0.0004550467246638884,0.00046404635927547376,8.999634611585382e-06,True
2,raw_safe,82,Platt,calibration_ablation_results,test_brier,0.00045613162610280266,0.0004660367592119544,9.905133109151733e-06,True
2,raw_safe,82,Uncalibrated,calibration_ablation_results,test_brier,0.000473023202533257,0.0004925894491710019,1.956624663774489e-05,True
2,recipient_full_weight_2,42,Isotonic,calibration_ablation_results,test_brier,0.00048614776087141024,0.0004230951329782653,-6.305262789314494e-05,True
2,recipient_full_weight_2,42,Platt,calibration_ablation_results,test_brier,0.0005010725938823713,0.0004448521258273392,-5.6220468055032124e-05,True
2,recipient_full_weight_2,42,Uncalibrated,calibration_ablation_results,test_brier,0.0010315782767657269,0.001735053510845875,0.0007034752340801481,True
2,recipient_full_weight_2,52,Isotonic,calibration_ablation_results,test_brier,0.00047662840080239143,0.00045602691520249365,-2.0601485599897778e-05,True
2,recipient_full_weight_2,52,Platt,calibration_ablation_results,test_brier,0.0005042893040581543,0.0004988796535523748,-5.409650505779507e-06,True
2,recipient_full_weight_2,52,Uncalibrated,calibration_ablation_results,test_brier,0.002866426347739903,0.0035479125733678908,0.0006814862256279879,True
2,recipient_full_weight_2,62,Isotonic,calibration_ablation_results,test_brier,0.0005109592296634938,0.00046267363012641744,-4.828559953707636e-05,True
2,recipient_full_weight_2,62,Platt,calibration_ablation_results,test_brier,0.0005175759502023849,0.0005262678776985894,8.69192749620453e-06,True
2,recipient_full_weight_2,62,Uncalibrated,calibration_ablation_results,test_brier,0.004223609858945868,0.0038267127915628143,-0.0003968970673830538,True
2,recipient_full_weight_2,72,Isotonic,calibration_ablation_results,test_brier,0.0005161571646769393,0.0005103144448643764,-5.842719812562897e-06,True
2,recipient_full_weight_2,72,Platt,calibration_ablation_results,test_brier,0.0005388469518409928,0.0005183338529118114,-2.051309892918136e-05,True
2,recipient_full_weight_2,72,Uncalibrated,calibration_ablation_results,test_brier,0.0038966008948430482,0.007513408306683041,0.0036168074118399928,True
2,recipient_full_weight_2,82,Isotonic,calibration_ablation_results,test_brier,0.000456002575357205,0.0004990123497828742,4.300977442566915e-05,True
2,recipient_full_weight_2,82,Platt,calibration_ablation_results,test_brier,0.0004621888776674581,0.0005045402901372386,4.235141246978049e-05,True
2,recipient_full_weight_2,82,Uncalibrated,calibration_ablation_results,test_brier,0.001429699205302497,0.001750043726682105,0.0003203445213796081,True
3,raw_safe,42,Isotonic,calibration_ablation_results,test_brier,0.004858160897680003,0.004952039630595486,9.387873291548301e-05,True
3,raw_safe,42,Platt,calibration_ablation_results,test_brier,0.004880418761826286,0.00491923136085537,3.8812599029084197e-05,True
3,raw_safe,42,Uncalibrated,calibration_ablation_results,test_brier,0.004838458399167214,0.004911079748045206,7.262134887799174e-05,True
3,raw_safe,52,Isotonic,calibration_ablation_results,test_brier,0.004909070014296885,0.004857654907897699,-5.141510639918544e-05,True
3,raw_safe,52,Platt,calibration_ablation_results,test_brier,0.004873466271339264,0.004882402977594148,8.936706254883756e-06,True
3,raw_safe,52,Uncalibrated,calibration_ablation_results,test_brier,0.004826051037910285,0.00483267377870544,6.622740795155652e-06,True
3,raw_safe,62,Isotonic,calibration_ablation_results,test_brier,0.005174030447765899,0.004870919960256712,-0.00030311048750918633,True
3,raw_safe,62,Platt,calibration_ablation_results,test_brier,0.005209978891285949,0.004898997955871736,-0.00031098093541421287,True
3,raw_safe,62,Uncalibrated,calibration_ablation_results,test_brier,0.0051685988208363155,0.00488920825698244,-0.00027939056385387594,True
3,raw_safe,72,Isotonic,calibration_ablation_results,test_brier,0.004863886873598836,0.00490685757917966,4.2970705580823616e-05,True
3,raw_safe,72,Platt,calibration_ablation_results,test_brier,0.00488343350199769,0.004896209295305857,1.2775793308167013e-05,True
3,raw_safe,72,Uncalibrated,calibration_ablation_results,test_brier,0.00485711730321401,0.00484583043267023,-1.1286870543779533e-05,True
3,raw_safe,82,Isotonic,calibration_ablation_results,test_brier,0.004876037030752014,0.00488324434321343,7.207312461415642e-06,True
3,raw_safe,82,Platt,calibration_ablation_results,test_brier,0.004880184632440086,0.0048769289248422245,-3.255707597861132e-06,True
3,raw_safe,82,Uncalibrated,calibration_ablation_results,test_brier,0.00482924980765943,0.004821304108999135,-7.94569866029507e-06,True
3,recipient_full_weight_2,42,Isotonic,calibration_ablation_results,test_brier,0.005118848219744367,0.005699770645670901,0.0005809224259265338,True
3,recipient_full_weight_2,42,Platt,calibration_ablation_results,test_brier,0.005421769022781865,0.006902223210655296,0.0014804541878734312,True
3,recipient_full_weight_2,42,Uncalibrated,calibration_ablation_results,test_brier,0.0065811525867760364,0.008257715867837395,0.001676563281061358,True
3,recipient_full_weight_2,52,Isotonic,calibration_ablation_results,test_brier,0.007170801413069571,0.009715037898282746,0.0025442364852131753,True
3,recipient_full_weight_2,52,Platt,calibration_ablation_results,test_brier,0.007286337855188525,0.010030182945569142,0.002743845090380617,True
3,recipient_full_weight_2,52,Uncalibrated,calibration_ablation_results,test_brier,0.012672345675507915,0.014497442285172942,0.0018250966096650268,True
3,recipient_full_weight_2,62,Isotonic,calibration_ablation_results,test_brier,0.011254151834442035,0.005276031044256741,-0.005978120790185294,True
3,recipient_full_weight_2,62,Platt,calibration_ablation_results,test_brier,0.01327701980652616,0.005332889801999294,-0.007944130004526866,True
3,recipient_full_weight_2,62,Uncalibrated,calibration_ablation_results,test_brier,0.01924155581493493,0.007066920424667835,-0.012174635390267094,True
3,recipient_full_weight_2,72,Isotonic,calibration_ablation_results,test_brier,0.0069076525728206245,0.005834505012017819,-0.0010731475608028052,True
3,recipient_full_weight_2,72,Platt,calibration_ablation_results,test_brier,0.009566114958051446,0.007190913750095426,-0.00237520120795602,True
3,recipient_full_weight_2,72,Uncalibrated,calibration_ablation_results,test_brier,0.010989356832419398,0.0070682284284553755,-0.003921128403964022,True
3,recipient_full_weight_2,82,Isotonic,calibration_ablation_results,test_brier,0.008432135492770339,0.01050351317188044,0.0020713776791101007,True
3,recipient_full_weight_2,82,Platt,calibration_ablation_results,test_brier,0.007135575649275164,0.011835788981337384,0.0047002133320622206,True
3,recipient_full_weight_2,82,Uncalibrated,calibration_ablation_results,test_brier,0.012414180939349762,0.012849228575491907,0.0004350476361421451,True
1,raw_safe,42,Isotonic,calibration_ablation_results,val_ece_uniform_10,0.0003789489851084645,0.0003731776668240817,-5.7713182843828e-06,True
1,raw_safe,42,Platt,calibration_ablation_results,val_ece_uniform_10,0.0004467894598226875,0.0003517547706351157,-9.503468918757178e-05,True
1,raw_safe,42,Uncalibrated,calibration_ablation_results,val_ece_uniform_10,9.809209030496295e-06,0.00016455148838023358,0.00015474227934973727,True
1,raw_safe,52,Isotonic,calibration_ablation_results,val_ece_uniform_10,0.00035389549650788175,0.00038054532413105607,2.664982762317432e-05,True
1,raw_safe,52,Platt,calibration_ablation_results,val_ece_uniform_10,0.0003486564578104724,0.0003749051008724491,2.62486430619767e-05,True
1,raw_safe,52,Uncalibrated,calibration_ablation_results,val_ece_uniform_10,0.00012271065921850313,0.0003428080568654415,0.00022009739764693837,True
1,raw_safe,62,Isotonic,calibration_ablation_results,val_ece_uniform_10,0.00037022809305565114,0.00037091435130372024,6.862582480691016e-07,True
1,raw_safe,62,Platt,calibration_ablation_results,val_ece_uniform_10,0.00045908735555786625,0.0004719101251164121,1.2822769558545855e-05,True
1,raw_safe,62,Uncalibrated,calibration_ablation_results,val_ece_uniform_10,0.00015564923956459586,0.0002155892109609401,5.993997139634423e-05,True
1,raw_safe,72,Isotonic,calibration_ablation_results,val_ece_uniform_10,0.00036351190931527115,0.0003551456408770787,-8.366268438192459e-06,True
1,raw_safe,72,Platt,calibration_ablation_results,val_ece_uniform_10,0.00034394069129696774,0.00034681861184204896,2.8779205450812223e-06,True
1,raw_safe,72,Uncalibrated,calibration_ablation_results,val_ece_uniform_10,2.2755091930047503e-05,0.00020810650254637884,0.00018535141061633132,True
1,raw_safe,82,Isotonic,calibration_ablation_results,val_ece_uniform_10,0.0003726442207470291,0.0003876511855270922,1.5006964780063102e-05,True
1,raw_safe,82,Platt,calibration_ablation_results,val_ece_uniform_10,0.000349072970368398,0.00036801589042071824,1.8942920052320228e-05,True
1,raw_safe,82,Uncalibrated,calibration_ablation_results,val_ece_uniform_10,0.00014653301095288737,1.908180497219123e-06,-0.00014462483045566825,True
1,recipient_full_weight_2,42,Isotonic,calibration_ablation_results,val_ece_uniform_10,0.0002724384907085255,0.00022823971798905556,-4.4198772719469966e-05,True
1,recipient_full_weight_2,42,Platt,calibration_ablation_results,val_ece_uniform_10,0.00031363635522067953,0.00024374957901998265,-6.988677620069689e-05,True
1,recipient_full_weight_2,42,Uncalibrated,calibration_ablation_results,val_ece_uniform_10,0.0015472349644735403,0.0009677086327227781,-0.0005795263317507622,True
1,recipient_full_weight_2,52,Isotonic,calibration_ablation_results,val_ece_uniform_10,0.00013648483245611544,0.00019949019555699212,6.300536310087669e-05,True
1,recipient_full_weight_2,52,Platt,calibration_ablation_results,val_ece_uniform_10,0.0001717805039988231,0.00020533226272464715,3.355175872582405e-05,True
1,recipient_full_weight_2,52,Uncalibrated,calibration_ablation_results,val_ece_uniform_10,0.0005302707063088788,0.0011117812588868597,0.0005815105525779809,True
1,recipient_full_weight_2,62,Isotonic,calibration_ablation_results,val_ece_uniform_10,0.00015588978577885595,0.00011624098737677481,-3.964879840208114e-05,True
1,recipient_full_weight_2,62,Platt,calibration_ablation_results,val_ece_uniform_10,0.00019835601767207974,0.00015807867514027607,-4.027734253180367e-05,True
1,recipient_full_weight_2,62,Uncalibrated,calibration_ablation_results,val_ece_uniform_10,0.0006202857455764991,0.00047039828933815783,-0.0001498874562383413,True
1,recipient_full_weight_2,72,Isotonic,calibration_ablation_results,val_ece_uniform_10,0.00016910018533172093,0.00016640968826260743,-2.690497069113507e-06,True
1,recipient_full_weight_2,72,Platt,calibration_ablation_results,val_ece_uniform_10,0.00024085201714347507,0.00025477370230952176,1.3921685166046693e-05,True
1,recipient_full_weight_2,72,Uncalibrated,calibration_ablation_results,val_ece_uniform_10,0.00036606055163308527,0.000251011372152581,-0.00011504917948050429,True
1,recipient_full_weight_2,82,Isotonic,calibration_ablation_results,val_ece_uniform_10,0.00015281630779729092,0.00014165283095673482,-1.1163476840556096e-05,True
1,recipient_full_weight_2,82,Platt,calibration_ablation_results,val_ece_uniform_10,0.00016500434995781946,0.000209347083948316,4.434273399049653e-05,True
1,recipient_full_weight_2,82,Uncalibrated,calibration_ablation_results,val_ece_uniform_10,0.00037283411621482943,0.0007271855035881595,0.0003543513873733301,True
2,raw_safe,42,Isotonic,calibration_ablation_results,val_ece_uniform_10,7.608674573492618e-05,8.19831124060202e-05,5.8963666710940265e-06,True
2,raw_safe,42,Platt,calibration_ablation_results,val_ece_uniform_10,8.174418399566707e-05,0.00010723277643057976,2.548859243491269e-05,True
2,raw_safe,42,Uncalibrated,calibration_ablation_results,val_ece_uniform_10,0.00027545431366314527,0.0001362449904402361,-0.00013920932322290916,True
2,raw_safe,52,Isotonic,calibration_ablation_results,val_ece_uniform_10,9.652776757213982e-05,0.00010425046810476894,7.722700532629116e-06,True
2,raw_safe,52,Platt,calibration_ablation_results,val_ece_uniform_10,0.0001256615310590898,5.608407216017317e-05,-6.957745889891663e-05,True
2,raw_safe,52,Uncalibrated,calibration_ablation_results,val_ece_uniform_10,0.00020350546035155346,0.0003172194402082602,0.00011371397985670672,True
2,raw_safe,62,Isotonic,calibration_ablation_results,val_ece_uniform_10,8.36453575688783e-05,7.842608858987271e-05,-5.219268979005592e-06,True
2,raw_safe,62,Platt,calibration_ablation_results,val_ece_uniform_10,0.00011418032027843281,0.00014436626709162198,3.0185946813189167e-05,True
2,raw_safe,62,Uncalibrated,calibration_ablation_results,val_ece_uniform_10,0.00016124049579230106,0.0004302027232394216,0.0002689622274471206,True
2,raw_safe,72,Isotonic,calibration_ablation_results,val_ece_uniform_10,8.435946156657443e-05,9.422729257518468e-05,9.867831008610251e-06,True
2,raw_safe,72,Platt,calibration_ablation_results,val_ece_uniform_10,0.00012101567424518202,0.0001409814368384368,1.9965762593254782e-05,True
2,raw_safe,72,Uncalibrated,calibration_ablation_results,val_ece_uniform_10,0.0003001098887973268,0.00020038162322489418,-9.972826557243263e-05,True
2,raw_safe,82,Isotonic,calibration_ablation_results,val_ece_uniform_10,8.446463328653127e-05,8.571250802240036e-05,1.2478747358690896e-06,True
2,raw_safe,82,Platt,calibration_ablation_results,val_ece_uniform_10,0.00011586587535210934,0.00011674835290630536,8.824775541960264e-07,True
2,raw_safe,82,Uncalibrated,calibration_ablation_results,val_ece_uniform_10,0.00014752614555348488,5.111827806906697e-05,-9.640786748441792e-05,True
2,recipient_full_weight_2,42,Isotonic,calibration_ablation_results,val_ece_uniform_10,0.00018736613890634924,0.00013173522240181985,-5.5630916504529395e-05,True
2,recipient_full_weight_2,42,Platt,calibration_ablation_results,val_ece_uniform_10,0.00017194774605647342,0.00014028651660435244,-3.166122945212098e-05,True
2,recipient_full_weight_2,42,Uncalibrated,calibration_ablation_results,val_ece_uniform_10,0.002478435646157432,0.0024649442213094943,-1.349142484793767e-05,True
2,recipient_full_weight_2,52,Isotonic,calibration_ablation_results,val_ece_uniform_10,0.00012811064137535055,0.00012107488911001127,-7.0357522653392846e-06,True
2,recipient_full_weight_2,52,Platt,calibration_ablation_results,val_ece_uniform_10,4.216212375116492e-05,3.923122780865988e-05,-2.9308959425050418e-06,True
2,recipient_full_weight_2,52,Uncalibrated,calibration_ablation_results,val_ece_uniform_10,0.006854817736998159,0.008979256882208011,0.0021244391452098525,True
2,recipient_full_weight_2,62,Isotonic,calibration_ablation_results,val_ece_uniform_10,0.0002585558730720601,0.0001651989340799779,-9.335693899208223e-05,True
2,recipient_full_weight_2,62,Platt,calibration_ablation_results,val_ece_uniform_10,0.0003126697991572738,0.00042748498955843997,0.00011481519040116618,True
2,recipient_full_weight_2,62,Uncalibrated,calibration_ablation_results,val_ece_uniform_10,0.00684255126442663,0.005723654397579995,-0.0011188968668466356,True
2,recipient_full_weight_2,72,Isotonic,calibration_ablation_results,val_ece_uniform_10,0.0002900847350314564,6.143292969700888e-05,-0.00022865180533444753,True
2,recipient_full_weight_2,72,Platt,calibration_ablation_results,val_ece_uniform_10,0.0005553355963617586,0.00010619635867793503,-0.00044913923768382356,True
2,recipient_full_weight_2,72,Uncalibrated,calibration_ablation_results,val_ece_uniform_10,0.006220651948457235,0.009502784380184025,0.00328213243172679,True
2,recipient_full_weight_2,82,Isotonic,calibration_ablation_results,val_ece_uniform_10,0.0001103431359021883,0.0003093999992165086,0.0001990568633143203,True
2,recipient_full_weight_2,82,Platt,calibration_ablation_results,val_ece_uniform_10,0.00010510324203778272,8.930208443649101e-05,-1.580115760129171e-05,True
2,recipient_full_weight_2,82,Uncalibrated,calibration_ablation_results,val_ece_uniform_10,0.0024987968698952138,0.0031583196985018117,0.0006595228286065979,True
3,raw_safe,42,Isotonic,calibration_ablation_results,val_ece_uniform_10,2.7971832836136708e-05,4.7746175617400356e-05,1.9774342781263647e-05,True
3,raw_safe,42,Platt,calibration_ablation_results,val_ece_uniform_10,6.31221030987556e-05,5.1946993916552055e-05,-1.1175109182203548e-05,True
3,raw_safe,42,Uncalibrated,calibration_ablation_results,val_ece_uniform_10,0.00027016200956742764,0.0003487978751086959,7.863586554126824e-05,True
3,raw_safe,52,Isotonic,calibration_ablation_results,val_ece_uniform_10,4.945165127602035e-05,2.1275498414096696e-05,-2.8176152861923653e-05,True
3,raw_safe,52,Platt,calibration_ablation_results,val_ece_uniform_10,6.413372145824635e-05,7.548599785520303e-05,1.1352276396956682e-05,True
3,raw_safe,52,Uncalibrated,calibration_ablation_results,val_ece_uniform_10,0.00035408230381036096,0.0002822989609679292,-7.178334284243176e-05,True
3,raw_safe,62,Isotonic,calibration_ablation_results,val_ece_uniform_10,3.066361627200834e-05,4.481889937098342e-05,1.4155283098975078e-05,True
3,raw_safe,62,Platt,calibration_ablation_results,val_ece_uniform_10,2.170539514043699e-05,5.777323489794795e-05,3.6067839757510964e-05,True
3,raw_safe,62,Uncalibrated,calibration_ablation_results,val_ece_uniform_10,0.00029820832640752503,0.00035090523845427525,5.2696912046750215e-05,True
3,raw_safe,72,Isotonic,calibration_ablation_results,val_ece_uniform_10,2.1812269491976803e-05,4.0161206551647636e-05,1.8348937059670833e-05,True
3,raw_safe,72,Platt,calibration_ablation_results,val_ece_uniform_10,6.085938812199134e-05,6.23538981690989e-05,1.4945100471075592e-06,True
3,raw_safe,72,Uncalibrated,calibration_ablation_results,val_ece_uniform_10,0.0003308835211308537,0.0003542725005855842,2.3388979454730483e-05,True
3,raw_safe,82,Isotonic,calibration_ablation_results,val_ece_uniform_10,3.560516824014545e-05,4.0640441863879074e-05,5.035273623733624e-06,True
3,raw_safe,82,Platt,calibration_ablation_results,val_ece_uniform_10,6.118839021609138e-05,6.295907727631499e-05,1.7706870602236064e-06,True
3,raw_safe,82,Uncalibrated,calibration_ablation_results,val_ece_uniform_10,0.0003559561151005311,0.0003377321920362635,-1.822392306426759e-05,True
3,recipient_full_weight_2,42,Isotonic,calibration_ablation_results,val_ece_uniform_10,0.0001590965873800604,5.1358728184808105e-05,-0.0001077378591952523,True
3,recipient_full_weight_2,42,Platt,calibration_ablation_results,val_ece_uniform_10,0.0001678345074866206,0.00020662623852185825,3.879173103523765e-05,True
3,recipient_full_weight_2,42,Uncalibrated,calibration_ablation_results,val_ece_uniform_10,0.001058051060864856,0.0004041076117317555,-0.0006539434491331006,True
3,recipient_full_weight_2,52,Isotonic,calibration_ablation_results,val_ece_uniform_10,0.00011019591169511,6.984877789619546e-05,-4.0347133798914546e-05,True
3,recipient_full_weight_2,52,Platt,calibration_ablation_results,val_ece_uniform_10,8.091291442760184e-05,2.924337342843646e-05,-5.166954099916538e-05,True
3,recipient_full_weight_2,52,Uncalibrated,calibration_ablation_results,val_ece_uniform_10,0.0006342179807036212,0.0003974402488955963,-0.00023677773180802496,True
3,recipient_full_weight_2,62,Isotonic,calibration_ablation_results,val_ece_uniform_10,6.131922888371766e-05,2.7135343569564122e-05,-3.418388531415354e-05,True
3,recipient_full_weight_2,62,Platt,calibration_ablation_results,val_ece_uniform_10,4.8881435344143894e-05,6.484358609982104e-05,1.596215075567714e-05,True
3,recipient_full_weight_2,62,Uncalibrated,calibration_ablation_results,val_ece_uniform_10,0.001373008824699948,0.0014467532329816093,7.374440828166124e-05,True
3,recipient_full_weight_2,72,Isotonic,calibration_ablation_results,val_ece_uniform_10,2.6321308948915266e-05,8.61269122757635e-05,5.980560332684823e-05,True
3,recipient_full_weight_2,72,Platt,calibration_ablation_results,val_ece_uniform_10,0.00017397056984803726,0.00023282451352231464,5.885394367427738e-05,True
3,recipient_full_weight_2,72,Uncalibrated,calibration_ablation_results,val_ece_uniform_10,0.0004953904339250546,0.0005061488936383336,1.075845971327898e-05,True
3,recipient_full_weight_2,82,Isotonic,calibration_ablation_results,val_ece_uniform_10,5.219905681137837e-05,2.377225927121376e-05,-2.842679754016461e-05,True
3,recipient_full_weight_2,82,Platt,calibration_ablation_results,val_ece_uniform_10,0.00015322552221971907,3.737308924045428e-05,-0.00011585243297926479,True
3,recipient_full_weight_2,82,Uncalibrated,calibration_ablation_results,val_ece_uniform_10,0.0018817507836798916,0.0009373630099660872,-0.0009443877737138044,True
1,raw_safe,42,Isotonic,calibration_ablation_results,test_ece_uniform_10,7.509450241671775e-05,6.148283961980277e-05,-1.3611662796914983e-05,True
1,raw_safe,42,Platt,calibration_ablation_results,test_ece_uniform_10,0.00017620055898560173,3.78225856040193e-05,-0.00013837797338158244,True
1,raw_safe,42,Uncalibrated,calibration_ablation_results,test_ece_uniform_10,0.0003441716623942672,0.0003806035193587917,3.643185696452448e-05,True
1,raw_safe,52,Isotonic,calibration_ablation_results,test_ece_uniform_10,8.467626307965615e-05,2.9410732970802286e-05,-5.526553010885386e-05,True
1,raw_safe,52,Platt,calibration_ablation_results,test_ece_uniform_10,5.330885903809101e-05,2.6225948117717346e-05,-2.7082910920373666e-05,True
1,raw_safe,52,Uncalibrated,calibration_ablation_results,test_ece_uniform_10,0.0003282585140051036,0.0006771273471578908,0.00034886883315278717,True
1,raw_safe,62,Isotonic,calibration_ablation_results,test_ece_uniform_10,5.833198296972006e-05,7.359120882375037e-05,1.5259225854030313e-05,True
1,raw_safe,62,Platt,calibration_ablation_results,test_ece_uniform_10,0.00018847515129683925,0.00019184266173433645,3.367510437497198e-06,True
1,raw_safe,62,Uncalibrated,calibration_ablation_results,test_ece_uniform_10,0.0004564413193108555,0.0005117462203509584,5.530490104010288e-05,True
1,raw_safe,72,Isotonic,calibration_ablation_results,test_ece_uniform_10,9.201186653361489e-05,9.060867836389769e-05,-1.4031881697172075e-06,True
1,raw_safe,72,Platt,calibration_ablation_results,test_ece_uniform_10,5.160505872063279e-05,7.22901979021891e-05,2.068513918155631e-05,True
1,raw_safe,72,Uncalibrated,calibration_ablation_results,test_ece_uniform_10,0.00026763069813109263,0.00044458738659315785,0.00017695668846206522,True
1,raw_safe,82,Isotonic,calibration_ablation_results,test_ece_uniform_10,6.262144112614884e-05,2.2820066150107962e-05,-3.980137497604088e-05,True
1,raw_safe,82,Platt,calibration_ablation_results,test_ece_uniform_10,3.4552882579224e-05,3.2685993279460814e-05,-1.8668892997631887e-06,True
1,raw_safe,82,Uncalibrated,calibration_ablation_results,test_ece_uniform_10,0.00035602287937137596,0.0003593593636047368,3.3364842333608166e-06,True
1,recipient_full_weight_2,42,Isotonic,calibration_ablation_results,test_ece_uniform_10,7.12941293063364e-05,0.00012381201403399537,5.251788472765897e-05,True
1,recipient_full_weight_2,42,Platt,calibration_ablation_results,test_ece_uniform_10,6.187893064163749e-05,7.292828704386242e-05,1.1049356402224934e-05,True
1,recipient_full_weight_2,42,Uncalibrated,calibration_ablation_results,test_ece_uniform_10,0.0011448230318292065,0.0008916027593161742,-0.0002532202725130323,True
1,recipient_full_weight_2,52,Isotonic,calibration_ablation_results,test_ece_uniform_10,0.00012153931893769562,5.713853904591825e-05,-6.440077989177737e-05,True
1,recipient_full_weight_2,52,Platt,calibration_ablation_results,test_ece_uniform_10,7.1956795607992e-05,0.0001354803526586205,6.35235570506285e-05,True
1,recipient_full_weight_2,52,Uncalibrated,calibration_ablation_results,test_ece_uniform_10,0.0002988506232393642,0.0007905201697688681,0.0004916695465295039,True
1,recipient_full_weight_2,62,Isotonic,calibration_ablation_results,test_ece_uniform_10,0.00010752555801074078,8.832999272971264e-05,-1.919556528102813e-05,True
1,recipient_full_weight_2,62,Platt,calibration_ablation_results,test_ece_uniform_10,4.657802364125763e-05,7.252554856673455e-05,2.5947524925476913e-05,True
1,recipient_full_weight_2,62,Uncalibrated,calibration_ablation_results,test_ece_uniform_10,0.00035546267268452014,0.000334177645411192,-2.1285027273328138e-05,True
1,recipient_full_weight_2,72,Isotonic,calibration_ablation_results,test_ece_uniform_10,0.0001062237169870968,6.754099119994265e-05,-3.868272578715415e-05,True
1,recipient_full_weight_2,72,Platt,calibration_ablation_results,test_ece_uniform_10,8.273240510774941e-05,3.619373392691426e-05,-4.653867118083515e-05,True
1,recipient_full_weight_2,72,Uncalibrated,calibration_ablation_results,test_ece_uniform_10,0.0002487703088039719,0.0002747919519380643,2.602164313409241e-05,True
1,recipient_full_weight_2,82,Isotonic,calibration_ablation_results,test_ece_uniform_10,8.083356586116427e-05,7.906015726593661e-05,-1.7734085952276644e-06,True
1,recipient_full_weight_2,82,Platt,calibration_ablation_results,test_ece_uniform_10,0.0001098258528447123,0.00014285022709946123,3.3024374254748924e-05,True
1,recipient_full_weight_2,82,Uncalibrated,calibration_ablation_results,test_ece_uniform_10,0.00025133864720858787,0.0006198500796176651,0.00036851143240907726,True
2,raw_safe,42,Isotonic,calibration_ablation_results,test_ece_uniform_10,0.00019410698288709234,0.00019018033057544283,-3.9266523116495095e-06,True
2,raw_safe,42,Platt,calibration_ablation_results,test_ece_uniform_10,0.00018907997767603335,0.00018558902819256612,-3.4909494834672275e-06,True
2,raw_safe,42,Uncalibrated,calibration_ablation_results,test_ece_uniform_10,0.0002797467357076704,0.00018203206804926872,-9.771466765840168e-05,True
2,raw_safe,52,Isotonic,calibration_ablation_results,test_ece_uniform_10,0.00019887248345713707,0.0001997875009018774,9.150174447403279e-07,True
2,raw_safe,52,Platt,calibration_ablation_results,test_ece_uniform_10,0.00020293157888301905,0.00018145438576304645,-2.1477193119972594e-05,True
2,raw_safe,52,Uncalibrated,calibration_ablation_results,test_ece_uniform_10,0.00025100568650174385,0.00039760447432134107,0.00014659878781959722,True
2,raw_safe,62,Isotonic,calibration_ablation_results,test_ece_uniform_10,0.00018954366674068542,0.00018009649607148516,-9.447170669200255e-06,True
2,raw_safe,62,Platt,calibration_ablation_results,test_ece_uniform_10,0.00018989415867153345,0.00020432637905144752,1.4432220379914065e-05,True
2,raw_safe,62,Uncalibrated,calibration_ablation_results,test_ece_uniform_10,0.0002106838054635433,0.00040994878771644566,0.00019926498225290236,True
2,raw_safe,72,Isotonic,calibration_ablation_results,test_ece_uniform_10,0.0001860036099083316,0.00019288863332341755,6.885023415085964e-06,True
2,raw_safe,72,Platt,calibration_ablation_results,test_ece_uniform_10,0.0001886732172954953,0.00019590915824443296,7.235940948937657e-06,True
2,raw_safe,72,Uncalibrated,calibration_ablation_results,test_ece_uniform_10,0.00029164360469340967,0.0002243875766639519,-6.725602802945776e-05,True
2,raw_safe,82,Isotonic,calibration_ablation_results,test_ece_uniform_10,0.00018387655734337571,0.00019409550668627522,1.0218949342899502e-05,True
2,raw_safe,82,Platt,calibration_ablation_results,test_ece_uniform_10,0.00018630497356855413,0.00019653292440613865,1.0227950837584526e-05,True
2,raw_safe,82,Uncalibrated,calibration_ablation_results,test_ece_uniform_10,0.00018791675370872742,0.0001235448939906523,-6.437185971807513e-05,True
2,recipient_full_weight_2,42,Isotonic,calibration_ablation_results,test_ece_uniform_10,0.00016121226085895319,0.00010534455292927002,-5.586770792968316e-05,True
2,recipient_full_weight_2,42,Platt,calibration_ablation_results,test_ece_uniform_10,4.5339949000894796e-05,0.00013440084829519902,8.906089929430422e-05,True
2,recipient_full_weight_2,42,Uncalibrated,calibration_ablation_results,test_ece_uniform_10,0.001009370996341453,0.0021207132451821773,0.0011113422488407243,True
2,recipient_full_weight_2,52,Isotonic,calibration_ablation_results,test_ece_uniform_10,8.071501012948474e-05,0.00012746674332355756,4.6751733194072824e-05,True
2,recipient_full_weight_2,52,Platt,calibration_ablation_results,test_ece_uniform_10,8.127148803345179e-05,3.443369376736994e-05,-4.6837794266081845e-05,True
2,recipient_full_weight_2,52,Uncalibrated,calibration_ablation_results,test_ece_uniform_10,0.0031773499321920886,0.003974646759626875,0.0007972968274347868,True
2,recipient_full_weight_2,62,Isotonic,calibration_ablation_results,test_ece_uniform_10,0.00020245343982327048,0.00011959786950221201,-8.285557032105846e-05,True
2,recipient_full_weight_2,62,Platt,calibration_ablation_results,test_ece_uniform_10,0.00022999483997496203,0.0003033163859271934,7.332154595223137e-05,True
2,recipient_full_weight_2,62,Uncalibrated,calibration_ablation_results,test_ece_uniform_10,0.004409370537242909,0.0036755831510524896,-0.0007337873861904196,True
2,recipient_full_weight_2,72,Isotonic,calibration_ablation_results,test_ece_uniform_10,0.00024163476038179563,0.00017088073429889512,-7.075402608290051e-05,True
2,recipient_full_weight_2,72,Platt,calibration_ablation_results,test_ece_uniform_10,0.00031088890072701093,0.00021164536792342892,-9.924353280358201e-05,True
2,recipient_full_weight_2,72,Uncalibrated,calibration_ablation_results,test_ece_uniform_10,0.004404835287745096,0.008045696719350962,0.003640861431605866,True
2,recipient_full_weight_2,82,Isotonic,calibration_ablation_results,test_ece_uniform_10,0.00011023937575705561,0.00015403804215846214,4.379866640140653e-05,True
2,recipient_full_weight_2,82,Platt,calibration_ablation_results,test_ece_uniform_10,8.284571906623999e-05,0.00011132916286954664,2.848344380330665e-05,True
2,recipient_full_weight_2,82,Uncalibrated,calibration_ablation_results,test_ece_uniform_10,0.0021218057688117114,0.002207389414780745,8.558364596903366e-05,True
3,raw_safe,42,Isotonic,calibration_ablation_results,test_ece_uniform_10,0.0044659010409256504,0.004494946019403686,2.9044978478035346e-05,True
3,raw_safe,42,Platt,calibration_ablation_results,test_ece_uniform_10,0.004322717882503276,0.004384226275180445,6.150839267716861e-05,True
3,raw_safe,42,Uncalibrated,calibration_ablation_results,test_ece_uniform_10,0.004495714640398509,0.004622001313512317,0.00012628667311380837,True
3,raw_safe,52,Isotonic,calibration_ablation_results,test_ece_uniform_10,0.00445144281877994,0.00446428239460565,1.283957582571063e-05,True
3,raw_safe,52,Platt,calibration_ablation_results,test_ece_uniform_10,0.004320931174926613,0.00438204194742823,6.1110772501617e-05,True
3,raw_safe,52,Uncalibrated,calibration_ablation_results,test_ece_uniform_10,0.004550813535681848,0.004508649456594122,-4.216407908772587e-05,True
3,raw_safe,62,Isotonic,calibration_ablation_results,test_ece_uniform_10,0.004621371480463946,0.004467712438521398,-0.00015365904194254796,True
3,raw_safe,62,Platt,calibration_ablation_results,test_ece_uniform_10,0.004598146857270888,0.004340149455813512,-0.0002579974014573763,True
3,raw_safe,62,Uncalibrated,calibration_ablation_results,test_ece_uniform_10,0.004837665026169508,0.004611108994848624,-0.0002265560313208844,True
3,raw_safe,72,Isotonic,calibration_ablation_results,test_ece_uniform_10,0.00445842026838042,0.004466853142167338,8.432873786917879e-06,True
3,raw_safe,72,Platt,calibration_ablation_results,test_ece_uniform_10,0.004325083031281496,0.004344964076609686,1.9881045328190225e-05,True
3,raw_safe,72,Uncalibrated,calibration_ablation_results,test_ece_uniform_10,0.004567616321411287,0.004584339756017916,1.67234346066282e-05,True
3,raw_safe,82,Isotonic,calibration_ablation_results,test_ece_uniform_10,0.004467784958676825,0.0044595053181095004,-8.279640567324803e-06,True
3,raw_safe,82,Platt,calibration_ablation_results,test_ece_uniform_10,0.004333778841110583,0.004327497112575521,-6.281728535061613e-06,True
3,raw_safe,82,Uncalibrated,calibration_ablation_results,test_ece_uniform_10,0.004541569801010069,0.004534227769821676,-7.342031188392606e-06,True
3,recipient_full_weight_2,42,Isotonic,calibration_ablation_results,test_ece_uniform_10,0.004132865510332196,0.005411863527988603,0.0012789980176564067,True
3,recipient_full_weight_2,42,Platt,calibration_ablation_results,test_ece_uniform_10,0.004656148104074454,0.006233792098384308,0.0015776439943098542,True
3,recipient_full_weight_2,42,Uncalibrated,calibration_ablation_results,test_ece_uniform_10,0.006045954530019048,0.008621602115214238,0.0025756475851951904,True
3,recipient_full_weight_2,52,Isotonic,calibration_ablation_results,test_ece_uniform_10,0.00759902473474363,0.00915145819767625,0.00155243346293262,True
3,recipient_full_weight_2,52,Platt,calibration_ablation_results,test_ece_uniform_10,0.007860165069186215,0.010452221935654442,0.0025920568664682276,True
3,recipient_full_weight_2,52,Uncalibrated,calibration_ablation_results,test_ece_uniform_10,0.012077485432093804,0.013029150570486665,0.0009516651383928605,True
3,recipient_full_weight_2,62,Isotonic,calibration_ablation_results,test_ece_uniform_10,0.012657021501098417,0.004266821494841684,-0.008390200006256733,True
3,recipient_full_weight_2,62,Platt,calibration_ablation_results,test_ece_uniform_10,0.014364574404139057,0.004622232284784231,-0.009742342119354826,True
3,recipient_full_weight_2,62,Uncalibrated,calibration_ablation_results,test_ece_uniform_10,0.019655142003369572,0.007122550232691184,-0.012532591770678388,True
3,recipient_full_weight_2,72,Isotonic,calibration_ablation_results,test_ece_uniform_10,0.007008185277223532,0.004971748400505904,-0.002036436876717628,True
3,recipient_full_weight_2,72,Platt,calibration_ablation_results,test_ece_uniform_10,0.009575593734865932,0.006653703933161554,-0.0029218898017043787,True
3,recipient_full_weight_2,72,Uncalibrated,calibration_ablation_results,test_ece_uniform_10,0.010299964366986453,0.0064639398672756134,-0.00383602449971084,True
3,recipient_full_weight_2,82,Isotonic,calibration_ablation_results,test_ece_uniform_10,0.007940821650666322,0.010705552089161097,0.002764730438494775,True
3,recipient_full_weight_2,82,Platt,calibration_ablation_results,test_ece_uniform_10,0.00688389508050901,0.011727269395020796,0.004843374314511786,True
3,recipient_full_weight_2,82,Uncalibrated,calibration_ablation_results,test_ece_uniform_10,0.012905512532486372,0.012394516645730488,-0.0005109958867558842,True
1,raw_safe,42,Isotonic,calibration_ablation_results,val_ece_quantile_10,0.00037894898510846447,0.0003731776668240818,-5.771318284382692e-06,True
1,raw_safe,42,Platt,calibration_ablation_results,val_ece_quantile_10,0.0004249231203671185,0.0003517547706351158,-7.316834973200272e-05,True
1,raw_safe,42,Uncalibrated,calibration_ablation_results,val_ece_quantile_10,0.0001667244746961357,0.00012881628502582924,-3.790818967030647e-05,True
1,raw_safe,52,Isotonic,calibration_ablation_results,val_ece_quantile_10,0.00035389549650788186,0.0003805453241310562,2.664982762317432e-05,True
1,raw_safe,52,Platt,calibration_ablation_results,val_ece_quantile_10,0.0003486564578104723,0.00042078258866785244,7.212613085738016e-05,True
1,raw_safe,52,Uncalibrated,calibration_ablation_results,val_ece_quantile_10,0.0001845750281246801,0.0004349360615147066,0.00025036103339002647,True
1,raw_safe,62,Isotonic,calibration_ablation_results,val_ece_quantile_10,0.000370228093055651,0.00037091435130372035,6.862582480693727e-07,True
1,raw_safe,62,Platt,calibration_ablation_results,val_ece_quantile_10,0.0004141309972869226,0.000400431875465784,-1.3699121821138618e-05,True
1,raw_safe,62,Uncalibrated,calibration_ablation_results,val_ece_quantile_10,0.00026579506314521376,0.00023176583084479947,-3.402923230041429e-05,True
1,raw_safe,72,Isotonic,calibration_ablation_results,val_ece_quantile_10,0.00036351190931527093,0.0003551456408770786,-8.36626843819235e-06,True
1,raw_safe,72,Platt,calibration_ablation_results,val_ece_quantile_10,0.0003439406912969678,0.00040915214511658046,6.521145381961266e-05,True
1,raw_safe,72,Uncalibrated,calibration_ablation_results,val_ece_quantile_10,0.0002407133144990604,0.0003269757983209991,8.626248382193871e-05,True
1,raw_safe,82,Isotonic,calibration_ablation_results,val_ece_quantile_10,0.00037264422074702915,0.00040942540219313344,3.678118144610429e-05,True
1,raw_safe,82,Platt,calibration_ablation_results,val_ece_quantile_10,0.00034907297036839807,0.00042160487893514375,7.253190856674568e-05,True
1,raw_safe,82,Uncalibrated,calibration_ablation_results,val_ece_quantile_10,0.0001686306886900734,0.0002207791219063876,5.2148433216314184e-05,True
1,recipient_full_weight_2,42,Isotonic,calibration_ablation_results,val_ece_quantile_10,0.0002724384907085257,0.0002399565109574556,-3.24819797510701e-05,True
1,recipient_full_weight_2,42,Platt,calibration_ablation_results,val_ece_quantile_10,0.00048607145923414217,0.00030719089133437723,-0.00017888056789976494,True
1,recipient_full_weight_2,42,Uncalibrated,calibration_ablation_results,val_ece_quantile_10,0.0017195064224701103,0.0011033276115517748,-0.0006161788109183355,True
1,recipient_full_weight_2,52,Isotonic,calibration_ablation_results,val_ece_quantile_10,0.00013710400107147045,0.0002058894946461787,6.878549357470826e-05,True
1,recipient_full_weight_2,52,Platt,calibration_ablation_results,val_ece_quantile_10,0.00029976705432792014,0.00028758363049823506,-1.2183423829685081e-05,True
1,recipient_full_weight_2,52,Uncalibrated,calibration_ablation_results,val_ece_quantile_10,0.0005948949321211927,0.0011682353553309488,0.0005733404232097561,True
1,recipient_full_weight_2,62,Isotonic,calibration_ablation_results,val_ece_quantile_10,0.00015588978577885598,0.00011624098737677484,-3.964879840208114e-05,True
1,recipient_full_weight_2,62,Platt,calibration_ablation_results,val_ece_quantile_10,0.00032835572296295,0.00037055534078946474,4.2199617826514755e-05,True
1,recipient_full_weight_2,62,Uncalibrated,calibration_ablation_results,val_ece_quantile_10,0.0007010047887124088,0.0005849150903356793,-0.00011608969837672949,True
1,recipient_full_weight_2,72,Isotonic,calibration_ablation_results,val_ece_quantile_10,0.00016910018533172102,0.0001665558340418475,-2.544351289873514e-06,True
1,recipient_full_weight_2,72,Platt,calibration_ablation_results,val_ece_quantile_10,0.00038157954122179405,0.0004006157341862531,1.9036192964459026e-05,True
1,recipient_full_weight_2,72,Uncalibrated,calibration_ablation_results,val_ece_quantile_10,0.0005407886996014092,0.00042205079282139007,-0.00011873790678001913,True
1,recipient_full_weight_2,82,Isotonic,calibration_ablation_results,val_ece_quantile_10,0.00017325616307492343,0.00014165283095673474,-3.160333211818869e-05,True
1,recipient_full_weight_2,82,Platt,calibration_ablation_results,val_ece_quantile_10,0.00027525970253026294,0.00022399342077653628,-5.1266281753726666e-05,True
1,recipient_full_weight_2,82,Uncalibrated,calibration_ablation_results,val_ece_quantile_10,0.00041444283825587964,0.0007844920978316814,0.0003700492595758017,True
2,raw_safe,42,Isotonic,calibration_ablation_results,val_ece_quantile_10,7.457126816247889e-05,8.046763483357289e-05,5.896366671093999e-06,True
2,raw_safe,42,Platt,calibration_ablation_results,val_ece_quantile_10,0.00015148819420651136,0.0001141875056434632,-3.730068856304816e-05,True
2,raw_safe,42,Uncalibrated,calibration_ablation_results,val_ece_quantile_10,0.00038257465381674673,0.00023039493015190318,-0.00015217972366484355,True
2,raw_safe,52,Isotonic,calibration_ablation_results,val_ece_quantile_10,9.652776757213977e-05,6.148032328236449e-05,-3.504744428977528e-05,True
2,raw_safe,52,Platt,calibration_ablation_results,val_ece_quantile_10,0.00012875854678946584,0.00028194493941443536,0.00015318639262496952,True
2,raw_safe,52,Uncalibrated,calibration_ablation_results,val_ece_quantile_10,0.00033168622169368563,0.0004956017624254613,0.0001639155407317757,True
2,raw_safe,62,Isotonic,calibration_ablation_results,val_ece_quantile_10,9.585120312400676e-05,9.054990916945187e-05,-5.301293954554893e-06,True
2,raw_safe,62,Platt,calibration_ablation_results,val_ece_quantile_10,0.00011371006257702025,0.00014708591943046024,3.337585685343999e-05,True
2,raw_safe,62,Uncalibrated,calibration_ablation_results,val_ece_quantile_10,0.0002536461965062191,0.0006035685517215986,0.0003499223552153795,True
2,raw_safe,72,Isotonic,calibration_ablation_results,val_ece_quantile_10,8.112644274535337e-05,0.00012390041352113772,4.277397077578435e-05,True
2,raw_safe,72,Platt,calibration_ablation_results,val_ece_quantile_10,0.00012101567424518176,0.00014490969662510453,2.389402237992277e-05,True
2,raw_safe,72,Uncalibrated,calibration_ablation_results,val_ece_quantile_10,0.0004709147469224133,0.0002651393987887994,-0.0002057753481336139,True
2,raw_safe,82,Isotonic,calibration_ablation_results,val_ece_quantile_10,0.00011263562475952025,8.419703044995294e-05,-2.8438594309567313e-05,True
2,raw_safe,82,Platt,calibration_ablation_results,val_ece_quantile_10,0.0001246618778673035,0.00014456408662442716,1.9902208757123648e-05,True
2,raw_safe,82,Uncalibrated,calibration_ablation_results,val_ece_quantile_10,0.00029454828742076595,0.00020270128860841566,-9.18469988123503e-05,True
2,recipient_full_weight_2,42,Isotonic,calibration_ablation_results,val_ece_quantile_10,0.00020239091741060876,0.00011475354990223805,-8.763736750837071e-05,True
2,recipient_full_weight_2,42,Platt,calibration_ablation_results,val_ece_quantile_10,0.0004901553749947648,0.000356535245427626,-0.0001336201295671388,True
2,recipient_full_weight_2,42,Uncalibrated,calibration_ablation_results,val_ece_quantile_10,0.0025223523415043724,0.0025492539893371053,2.6901647832732953e-05,True
2,recipient_full_weight_2,52,Isotonic,calibration_ablation_results,val_ece_quantile_10,0.00023662744866553918,0.00018504333922639895,-5.158410943914023e-05,True
2,recipient_full_weight_2,52,Platt,calibration_ablation_results,val_ece_quantile_10,0.0005068911660221987,0.0003985336867677212,-0.00010835747925447747,True
2,recipient_full_weight_2,52,Uncalibrated,calibration_ablation_results,val_ece_quantile_10,0.007159295796772376,0.00913053544239414,0.001971239645621765,True
2,recipient_full_weight_2,62,Isotonic,calibration_ablation_results,val_ece_quantile_10,0.0003174676673726969,0.0001332333660388278,-0.00018423430133386912,True
2,recipient_full_weight_2,62,Platt,calibration_ablation_results,val_ece_quantile_10,0.00043243502077396605,0.0005276985546678677,9.526353389390164e-05,True
2,recipient_full_weight_2,62,Uncalibrated,calibration_ablation_results,val_ece_quantile_10,0.0069843043841146665,0.00584622729322757,-0.0011380770908870968,True
2,recipient_full_weight_2,72,Isotonic,calibration_ablation_results,val_ece_quantile_10,0.0004003579096000588,0.000103700022371102,-0.0002966578872289568,True
2,recipient_full_weight_2,72,Platt,calibration_ablation_results,val_ece_quantile_10,0.0006216366273947924,0.0003551276002338097,-0.0002665090271609827,True
2,recipient_full_weight_2,72,Uncalibrated,calibration_ablation_results,val_ece_quantile_10,0.006480537042873797,0.009605119902432404,0.0031245828595586065,True
2,recipient_full_weight_2,82,Isotonic,calibration_ablation_results,val_ece_quantile_10,0.00016502006173926934,0.00020285566215189925,3.783560041262991e-05,True
2,recipient_full_weight_2,82,Platt,calibration_ablation_results,val_ece_quantile_10,0.00031859083734228893,0.0004767801579378128,0.00015818932059552386,True
2,recipient_full_weight_2,82,Uncalibrated,calibration_ablation_results,val_ece_quantile_10,0.0026688655033991378,0.0031795106728171,0.0005106451694179624,True
3,raw_safe,42,Isotonic,calibration_ablation_results,val_ece_quantile_10,4.87391998346326e-05,3.839972377820664e-05,-1.033947605642596e-05,True
3,raw_safe,42,Platt,calibration_ablation_results,val_ece_quantile_10,0.0003124592014483709,0.0003145356630864563,2.0764616380853957e-06,True
3,raw_safe,42,Uncalibrated,calibration_ablation_results,val_ece_quantile_10,0.00019444140496218418,0.0002663433053064176,7.190190034423344e-05,True
3,raw_safe,52,Isotonic,calibration_ablation_results,val_ece_quantile_10,4.2118981039134544e-05,4.5305540193497946e-05,3.1865591543634017e-06,True
3,raw_safe,52,Platt,calibration_ablation_results,val_ece_quantile_10,0.00034374885254640034,0.000313518568282379,-3.0230284264021353e-05,True
3,raw_safe,52,Uncalibrated,calibration_ablation_results,val_ece_quantile_10,0.00024959528268158666,0.000206328436765286,-4.326684591630066e-05,True
3,raw_safe,62,Isotonic,calibration_ablation_results,val_ece_quantile_10,6.618159154651587e-05,6.0508116015831874e-05,-5.673475530683994e-06,True
3,raw_safe,62,Platt,calibration_ablation_results,val_ece_quantile_10,0.00030726743585811225,0.0003537948963330257,4.6527460474913445e-05,True
3,raw_safe,62,Uncalibrated,calibration_ablation_results,val_ece_quantile_10,0.00025409207264345026,0.00027425736145533124,2.016528881188098e-05,True
3,raw_safe,72,Isotonic,calibration_ablation_results,val_ece_quantile_10,4.139707349925171e-05,4.117364077036697e-05,-2.234327288847424e-07,True
3,raw_safe,72,Platt,calibration_ablation_results,val_ece_quantile_10,0.00033924015611624546,0.00033482384429523555,-4.41631182100991e-06,True
3,raw_safe,72,Uncalibrated,calibration_ablation_results,val_ece_quantile_10,0.00025520889006966396,0.0002726397597516709,1.743086968200694e-05,True
3,raw_safe,82,Isotonic,calibration_ablation_results,val_ece_quantile_10,3.182952956055513e-05,3.2684099382579546e-05,8.545698220244134e-07,True
3,raw_safe,82,Platt,calibration_ablation_results,val_ece_quantile_10,0.00032764258110216395,0.00033490763356516155,7.265052462997602e-06,True
3,raw_safe,82,Uncalibrated,calibration_ablation_results,val_ece_quantile_10,0.00025779989282124734,0.00023869085335034113,-1.9109039470906208e-05,True
3,recipient_full_weight_2,42,Isotonic,calibration_ablation_results,val_ece_quantile_10,0.00013468526633569775,7.041478103134329e-05,-6.427048530435446e-05,True
3,recipient_full_weight_2,42,Platt,calibration_ablation_results,val_ece_quantile_10,0.0005827121358959321,0.0003279528807605066,-0.0002547592551354255,True
3,recipient_full_weight_2,42,Uncalibrated,calibration_ablation_results,val_ece_quantile_10,0.0010854721955197767,0.0004338898714363688,-0.0006515823240834078,True
3,recipient_full_weight_2,52,Isotonic,calibration_ablation_results,val_ece_quantile_10,0.00011069169949128694,4.7892025543217384e-05,-6.279967394806956e-05,True
3,recipient_full_weight_2,52,Platt,calibration_ablation_results,val_ece_quantile_10,0.00029629477500026785,0.00039524752480069844,9.895274980043059e-05,True
3,recipient_full_weight_2,52,Uncalibrated,calibration_ablation_results,val_ece_quantile_10,0.0007629476625423152,0.000492247731569438,-0.00027069993097287724,True
3,recipient_full_weight_2,62,Isotonic,calibration_ablation_results,val_ece_quantile_10,4.697495812333708e-05,9.395170776216579e-05,4.697674963882871e-05,True
3,recipient_full_weight_2,62,Platt,calibration_ablation_results,val_ece_quantile_10,0.0003020285179123564,0.0005093049004647589,0.00020727638255240246,True
3,recipient_full_weight_2,62,Uncalibrated,calibration_ablation_results,val_ece_quantile_10,0.0014670270591706147,0.0017398921617665672,0.0002728651025959525,True
3,recipient_full_weight_2,72,Isotonic,calibration_ablation_results,val_ece_quantile_10,6.701495898883864e-05,6.729612818147627e-05,2.811691926376354e-07,True
3,recipient_full_weight_2,72,Platt,calibration_ablation_results,val_ece_quantile_10,0.0002698861873793574,0.0002691612706550012,-7.249167243562177e-07,True
3,recipient_full_weight_2,72,Uncalibrated,calibration_ablation_results,val_ece_quantile_10,0.000518617267347172,0.0004936526391772305,-2.496462816994156e-05,True
3,recipient_full_weight_2,82,Isotonic,calibration_ablation_results,val_ece_quantile_10,4.522173522177038e-05,8.960629320490265e-06,-3.626110590128011e-05,True
3,recipient_full_weight_2,82,Platt,calibration_ablation_results,val_ece_quantile_10,0.0002644010792347873,0.0002912736384611517,2.687255922636443e-05,True
3,recipient_full_weight_2,82,Uncalibrated,calibration_ablation_results,val_ece_quantile_10,0.0019212693494016267,0.0010234427487951026,-0.0008978266006065242,True
1,raw_safe,42,Isotonic,calibration_ablation_results,test_ece_quantile_10,0.00010164739940213806,4.871061189310269e-05,-5.293678750903537e-05,True
1,raw_safe,42,Platt,calibration_ablation_results,test_ece_quantile_10,0.00022650367217533728,0.0004082062722636395,0.00018170260008830224,True
1,raw_safe,42,Uncalibrated,calibration_ablation_results,test_ece_quantile_10,0.0003452980543021952,0.0003137007269246297,-3.15973273775655e-05,True
1,raw_safe,52,Isotonic,calibration_ablation_results,test_ece_quantile_10,6.576442698587143e-05,3.213735055427654e-05,-3.362707643159489e-05,True
1,raw_safe,52,Platt,calibration_ablation_results,test_ece_quantile_10,0.0003541943283504823,0.00039197584548333127,3.778151713284899e-05,True
1,raw_safe,52,Uncalibrated,calibration_ablation_results,test_ece_quantile_10,0.0003290135513606443,0.00026197372538403244,-6.703982597661183e-05,True
1,raw_safe,62,Isotonic,calibration_ablation_results,test_ece_quantile_10,0.00017606383448046862,8.869642249594289e-05,-8.736741198452574e-05,True
1,raw_safe,62,Platt,calibration_ablation_results,test_ece_quantile_10,0.0002933680374976582,0.00020676276233098668,-8.660527516667153e-05,True
1,raw_safe,62,Uncalibrated,calibration_ablation_results,test_ece_quantile_10,0.00033976268925254443,0.00034956153613484477,9.798846882300334e-06,True
1,raw_safe,72,Isotonic,calibration_ablation_results,test_ece_quantile_10,0.00010022079652188693,7.876179383636157e-05,-2.1459002685525358e-05,True
1,raw_safe,72,Platt,calibration_ablation_results,test_ece_quantile_10,0.00034436259889758763,0.0004327906436183321,8.842804472074446e-05,True
1,raw_safe,72,Uncalibrated,calibration_ablation_results,test_ece_quantile_10,0.00026902474410552555,0.0002665793374353889,-2.445406670136647e-06,True
1,raw_safe,82,Isotonic,calibration_ablation_results,test_ece_quantile_10,3.052719069987094e-05,8.215956761332315e-05,5.163237691345221e-05,True
1,raw_safe,82,Platt,calibration_ablation_results,test_ece_quantile_10,0.0003063952732276403,0.000342214270326316,3.581899709867567e-05,True
1,raw_safe,82,Uncalibrated,calibration_ablation_results,test_ece_quantile_10,0.00029950604193886097,0.00036210156551857547,6.25955235797145e-05,True
1,recipient_full_weight_2,42,Isotonic,calibration_ablation_results,test_ece_quantile_10,7.129412930633627e-05,0.00015355293599401734,8.225880668768107e-05,True
1,recipient_full_weight_2,42,Platt,calibration_ablation_results,test_ece_quantile_10,0.0006779598337542505,0.0006414243252187263,-3.653550853552421e-05,True
1,recipient_full_weight_2,42,Uncalibrated,calibration_ablation_results,test_ece_quantile_10,0.0012917467001232732,0.000987314172007009,-0.00030443252811626414,True
1,recipient_full_weight_2,52,Isotonic,calibration_ablation_results,test_ece_quantile_10,0.00015706946161599312,7.329178171453593e-05,-8.377767990145719e-05,True
1,recipient_full_weight_2,52,Platt,calibration_ablation_results,test_ece_quantile_10,0.0005052415150656872,0.0006116158370979576,0.00010637432203227043,True
1,recipient_full_weight_2,52,Uncalibrated,calibration_ablation_results,test_ece_quantile_10,0.0003455251284255772,0.0008662115108708999,0.0005206863824453227,True
1,recipient_full_weight_2,62,Isotonic,calibration_ablation_results,test_ece_quantile_10,0.00014269042153250089,0.00016315940494336314,2.046898341086226e-05,True
1,recipient_full_weight_2,62,Platt,calibration_ablation_results,test_ece_quantile_10,0.0005695565367209472,0.0005866816754678565,1.712513874690925e-05,True
1,recipient_full_weight_2,62,Uncalibrated,calibration_ablation_results,test_ece_quantile_10,0.0004346896022169473,0.00043215077621940555,-2.538825997541749e-06,True
1,recipient_full_weight_2,72,Isotonic,calibration_ablation_results,test_ece_quantile_10,0.00012142468149478676,5.923890311827753e-05,-6.218577837650923e-05,True
1,recipient_full_weight_2,72,Platt,calibration_ablation_results,test_ece_quantile_10,0.0006871466013782955,0.0005756881544638566,-0.00011145844691443888,True
1,recipient_full_weight_2,72,Uncalibrated,calibration_ablation_results,test_ece_quantile_10,0.00039051233847745286,0.00037800069529001575,-1.251164318743711e-05,True
1,recipient_full_weight_2,82,Isotonic,calibration_ablation_results,test_ece_quantile_10,0.00013097175918757724,8.936824073457994e-05,-4.1603518452997305e-05,True
1,recipient_full_weight_2,82,Platt,calibration_ablation_results,test_ece_quantile_10,0.0004956784920016053,0.00041585286614971996,-7.982562585188535e-05,True
1,recipient_full_weight_2,82,Uncalibrated,calibration_ablation_results,test_ece_quantile_10,0.00028904345175269174,0.0006425475533285573,0.00035350410157586554,True
2,raw_safe,42,Isotonic,calibration_ablation_results,test_ece_quantile_10,0.000188601981593417,0.0001831614539260068,-5.440527667410202e-06,True
2,raw_safe,42,Platt,calibration_ablation_results,test_ece_quantile_10,0.0001923380317904167,0.00020295811783395659,1.062008604353989e-05,True
2,raw_safe,42,Uncalibrated,calibration_ablation_results,test_ece_quantile_10,0.0003564405682627158,0.00024633748900155963,-0.00011010307926115619,True
2,raw_safe,52,Isotonic,calibration_ablation_results,test_ece_quantile_10,0.00019887248345713717,0.00019318149934946703,-5.690984107670146e-06,True
2,raw_safe,52,Platt,calibration_ablation_results,test_ece_quantile_10,0.0002012724254351702,0.00024772158673755276,4.644916130238256e-05,True
2,raw_safe,52,Uncalibrated,calibration_ablation_results,test_ece_quantile_10,0.0003578397933780439,0.0005023144141499359,0.00014447462077189202,True
2,raw_safe,62,Isotonic,calibration_ablation_results,test_ece_quantile_10,0.00020629114939742623,0.00019991450072871615,-6.376648668710076e-06,True
2,raw_safe,62,Platt,calibration_ablation_results,test_ece_quantile_10,0.00020295099481633795,0.00022395090109924562,2.0999906282907668e-05,True
2,raw_safe,62,Uncalibrated,calibration_ablation_results,test_ece_quantile_10,0.0002775196860479287,0.0005794888252328906,0.00030196913918496186,True
2,raw_safe,72,Isotonic,calibration_ablation_results,test_ece_quantile_10,0.00018600360990833137,0.00021109158561484368,2.50879757065123e-05,True
2,raw_safe,72,Platt,calibration_ablation_results,test_ece_quantile_10,0.00018867321729549533,0.00019590915824443304,7.2359409489377116e-06,True
2,raw_safe,72,Uncalibrated,calibration_ablation_results,test_ece_quantile_10,0.00043560018592154066,0.0002375972271900354,-0.00019800295873150526,True
2,raw_safe,82,Isotonic,calibration_ablation_results,test_ece_quantile_10,0.00020546740847841578,0.0001940955066862751,-1.1371901792140674e-05,True
2,raw_safe,82,Platt,calibration_ablation_results,test_ece_quantile_10,0.00018934083187139176,0.00021691817976266496,2.75773478912732e-05,True
2,raw_safe,82,Uncalibrated,calibration_ablation_results,test_ece_quantile_10,0.00028936327295758,0.000254543645748429,-3.4819627209150997e-05,True
2,recipient_full_weight_2,42,Isotonic,calibration_ablation_results,test_ece_quantile_10,7.249297777162796e-05,8.265734991244448e-05,1.0164372140816528e-05,True
2,recipient_full_weight_2,42,Platt,calibration_ablation_results,test_ece_quantile_10,0.0004889131588165287,0.00020603938830206852,-0.0002828737705144602,True
2,recipient_full_weight_2,42,Uncalibrated,calibration_ablation_results,test_ece_quantile_10,0.0010438201313374951,0.002176416745666797,0.0011325966143293019,True
2,recipient_full_weight_2,52,Isotonic,calibration_ablation_results,test_ece_quantile_10,9.235495210537741e-05,9.732539484640605e-05,4.970442741028641e-06,True
2,recipient_full_weight_2,52,Platt,calibration_ablation_results,test_ece_quantile_10,0.0003680666285163558,0.00039097120656558565,2.290457804922987e-05,True
2,recipient_full_weight_2,52,Uncalibrated,calibration_ablation_results,test_ece_quantile_10,0.003307294213982998,0.004063035776440276,0.0007557415624572781,True
2,recipient_full_weight_2,62,Isotonic,calibration_ablation_results,test_ece_quantile_10,0.00022268704671025137,0.00011959786950221193,-0.00010308917720803944,True
2,recipient_full_weight_2,62,Platt,calibration_ablation_results,test_ece_quantile_10,0.0002957952151913072,0.0003584419919138855,6.264677672257826e-05,True
2,recipient_full_weight_2,62,Uncalibrated,calibration_ablation_results,test_ece_quantile_10,0.004503722518563141,0.003753070054276463,-0.0007506524642866782,True
2,recipient_full_weight_2,72,Isotonic,calibration_ablation_results,test_ece_quantile_10,0.00024163476038179576,0.00017196755820068237,-6.966720218111339e-05,True
2,recipient_full_weight_2,72,Platt,calibration_ablation_results,test_ece_quantile_10,0.0004208452587670699,0.00024921734275158117,-0.0001716279160154887,True
2,recipient_full_weight_2,72,Uncalibrated,calibration_ablation_results,test_ece_quantile_10,0.004545448054569317,0.00810668286791376,0.003561234813344444,True
2,recipient_full_weight_2,82,Isotonic,calibration_ablation_results,test_ece_quantile_10,0.0001488461311550599,0.00017127189605538367,2.242576490032376e-05,True
2,recipient_full_weight_2,82,Platt,calibration_ablation_results,test_ece_quantile_10,0.00027796932342093444,0.0003535245156807491,7.555519225981467e-05,True
2,recipient_full_weight_2,82,Uncalibrated,calibration_ablation_results,test_ece_quantile_10,0.002243728291548248,0.0022130480133831453,-3.0680278165102874e-05,True
3,raw_safe,42,Isotonic,calibration_ablation_results,test_ece_quantile_10,0.0044659010409256504,0.004488663852747227,2.2762811821576932e-05,True
3,raw_safe,42,Platt,calibration_ablation_results,test_ece_quantile_10,0.0043609866779883545,0.0044224886382625865,6.150196027423192e-05,True
3,raw_safe,42,Uncalibrated,calibration_ablation_results,test_ece_quantile_10,0.0044873378225858285,0.0046116930919159116,0.00012435526933008301,True
3,raw_safe,52,Isotonic,calibration_ablation_results,test_ece_quantile_10,0.00445144281877994,0.00446428239460565,1.283957582571063e-05,True
3,raw_safe,52,Platt,calibration_ablation_results,test_ece_quantile_10,0.004360052656780051,0.004409663158369187,4.9610501589135957e-05,True
3,raw_safe,52,Uncalibrated,calibration_ablation_results,test_ece_quantile_10,0.0045291617851597145,0.004500780724607856,-2.8381060551858732e-05,True
3,raw_safe,62,Isotonic,calibration_ablation_results,test_ece_quantile_10,0.004621371480463946,0.004467712438521398,-0.00015365904194254796,True
3,raw_safe,62,Platt,calibration_ablation_results,test_ece_quantile_10,0.0046089050392087065,0.004385615714547762,-0.0002232893246609446,True
3,raw_safe,62,Uncalibrated,calibration_ablation_results,test_ece_quantile_10,0.004817813180477429,0.0046021445452184735,-0.00021566863525895527,True
3,raw_safe,72,Isotonic,calibration_ablation_results,test_ece_quantile_10,0.00445842026838042,0.004466853142167338,8.432873786917879e-06,True
3,raw_safe,72,Platt,calibration_ablation_results,test_ece_quantile_10,0.0043768233994111415,0.0043952563543188106,1.843295490766908e-05,True
3,raw_safe,72,Uncalibrated,calibration_ablation_results,test_ece_quantile_10,0.004559511304011141,0.004575841042820264,1.632973880912221e-05,True
3,raw_safe,82,Isotonic,calibration_ablation_results,test_ece_quantile_10,0.004467784958676824,0.0044595053181095,-8.279640567324803e-06,True
3,raw_safe,82,Platt,calibration_ablation_results,test_ece_quantile_10,0.004390350591082903,0.004327497112575521,-6.285347850738116e-05,True
3,raw_safe,82,Uncalibrated,calibration_ablation_results,test_ece_quantile_10,0.004512279938448038,0.0045097314658627905,-2.548472585247631e-06,True
3,recipient_full_weight_2,42,Isotonic,calibration_ablation_results,test_ece_quantile_10,0.0038629805862754867,0.0010785150742656658,-0.0027844655120098207,True
3,recipient_full_weight_2,42,Platt,calibration_ablation_results,test_ece_quantile_10,0.004853636816644107,0.0007826739437129196,-0.004070962872931187,True
3,recipient_full_weight_2,42,Uncalibrated,calibration_ablation_results,test_ece_quantile_10,0.0025601498179423986,0.004981172410423366,0.0024210225924809676,True
3,recipient_full_weight_2,52,Isotonic,calibration_ablation_results,test_ece_quantile_10,0.003164004956604693,0.007273071294674819,0.004109066338070126,True
3,recipient_full_weight_2,52,Platt,calibration_ablation_results,test_ece_quantile_10,0.0033243282439069668,0.006152137167152521,0.0028278089232455545,True
3,recipient_full_weight_2,52,Uncalibrated,calibration_ablation_results,test_ece_quantile_10,0.008681281376830545,0.012703626945994275,0.00402234556916373,True
3,recipient_full_weight_2,62,Isotonic,calibration_ablation_results,test_ece_quantile_10,0.008380264272382714,0.004266821494841684,-0.00411344277754103,True
3,recipient_full_weight_2,62,Platt,calibration_ablation_results,test_ece_quantile_10,0.010086366430925314,0.0048876599424991386,-0.005198706488426175,True
3,recipient_full_weight_2,62,Uncalibrated,calibration_ablation_results,test_ece_quantile_10,0.016742912925719007,0.004200376548202926,-0.01254253637751608,True
3,recipient_full_weight_2,72,Isotonic,calibration_ablation_results,test_ece_quantile_10,0.0026908164223053287,0.0005658557897509587,-0.00212496063255437,True
3,recipient_full_weight_2,72,Platt,calibration_ablation_results,test_ece_quantile_10,0.0038884881124969482,0.0006835993587766746,-0.0032048887537202736,True
3,recipient_full_weight_2,72,Uncalibrated,calibration_ablation_results,test_ece_quantile_10,0.00676195760254602,0.0029974147527567154,-0.0037645428497893045,True
3,recipient_full_weight_2,82,Isotonic,calibration_ablation_results,test_ece_quantile_10,0.0026276315628251602,0.004378864669022834,0.001751233106197674,True
3,recipient_full_weight_2,82,Platt,calibration_ablation_results,test_ece_quantile_10,0.0019318434043376599,0.00642532405568488,0.00449348065134722,True
3,recipient_full_weight_2,82,Uncalibrated,calibration_ablation_results,test_ece_quantile_10,0.009744603416229547,0.008909387484624439,-0.0008352159316051076,True
1,raw_safe,42,Isotonic,calibration_ablation_results,val_log_loss,0.003433759520743687,0.0033485628069548226,-8.519671378886444e-05,True
1,raw_safe,42,Platt,calibration_ablation_results,val_log_loss,0.0035060941390640875,0.0034266178462421483,-7.94762928219392e-05,True
1,raw_safe,42,Uncalibrated,calibration_ablation_results,val_log_loss,0.004034454119275419,0.004367322243502131,0.00033286812422671144,True
1,raw_safe,52,Isotonic,calibration_ablation_results,val_log_loss,0.0033643358694174594,0.003828036345014494,0.00046370047559703446,True
1,raw_safe,52,Platt,calibration_ablation_results,val_log_loss,0.003440466693316271,0.0038675693175234368,0.00042710262420716594,True
1,raw_safe,52,Uncalibrated,calibration_ablation_results,val_log_loss,0.004733478159417851,0.006054921846925473,0.0013214436875076223,True
1,raw_safe,62,Isotonic,calibration_ablation_results,val_log_loss,0.0033226208936811682,0.0033853442216567257,6.272332797555751e-05,True
1,raw_safe,62,Platt,calibration_ablation_results,val_log_loss,0.0034627695919566387,0.0035271544286572714,6.438483670063262e-05,True
1,raw_safe,62,Uncalibrated,calibration_ablation_results,val_log_loss,0.00378861840679591,0.0035634428049391054,-0.0002251756018568046,True
1,raw_safe,72,Isotonic,calibration_ablation_results,val_log_loss,0.003336855891253778,0.0034311520434760537,9.42961522222758e-05,True
1,raw_safe,72,Platt,calibration_ablation_results,val_log_loss,0.003438448724532678,0.0035100205308676,7.157180633492188e-05,True
1,raw_safe,72,Uncalibrated,calibration_ablation_results,val_log_loss,0.004180503852545292,0.006264959777987939,0.0020844559254426477,True
1,raw_safe,82,Isotonic,calibration_ablation_results,val_log_loss,0.0032578299613344026,0.0036266552849454833,0.0003688253236110808,True
1,raw_safe,82,Platt,calibration_ablation_results,val_log_loss,0.0033540414248456846,0.003687364242786415,0.0003333228179407304,True
1,raw_safe,82,Uncalibrated,calibration_ablation_results,val_log_loss,0.004034750533000316,0.004537058377964999,0.0005023078449646829,True
1,recipient_full_weight_2,42,Isotonic,calibration_ablation_results,val_log_loss,0.003441968611863224,0.003061552305275417,-0.00038041630658780697,True
1,recipient_full_weight_2,42,Platt,calibration_ablation_results,val_log_loss,0.003818486472724181,0.003518156771347427,-0.00030032970137675377,True
1,recipient_full_weight_2,42,Uncalibrated,calibration_ablation_results,val_log_loss,0.035112557366017705,0.02511570528458227,-0.009996852081435435,True
1,recipient_full_weight_2,52,Isotonic,calibration_ablation_results,val_log_loss,0.0028094023121739563,0.0029691797875345117,0.00015977747536055544,True
1,recipient_full_weight_2,52,Platt,calibration_ablation_results,val_log_loss,0.0031697067817365848,0.0033427238966146603,0.0001730171148780755,True
1,recipient_full_weight_2,52,Uncalibrated,calibration_ablation_results,val_log_loss,0.00970988202610764,0.02230642008018703,0.012596538054079391,True
1,recipient_full_weight_2,62,Isotonic,calibration_ablation_results,val_log_loss,0.002935981060614521,0.002936010413571019,2.9352956498144428e-08,True
1,recipient_full_weight_2,62,Platt,calibration_ablation_results,val_log_loss,0.0033292372915369886,0.0033533224171933417,2.4085125656353023e-05,True
1,recipient_full_weight_2,62,Uncalibrated,calibration_ablation_results,val_log_loss,0.0111018502345485,0.010504758274640978,-0.0005970919599075225,True
1,recipient_full_weight_2,72,Isotonic,calibration_ablation_results,val_log_loss,0.003309990928240392,0.00322075467715502,-8.923625108537203e-05,True
1,recipient_full_weight_2,72,Platt,calibration_ablation_results,val_log_loss,0.003671938042157224,0.0035269117542298203,-0.00014502628792740363,True
1,recipient_full_weight_2,72,Uncalibrated,calibration_ablation_results,val_log_loss,0.012885823014922967,0.010469647819808078,-0.002416175195114889,True
1,recipient_full_weight_2,82,Isotonic,calibration_ablation_results,val_log_loss,0.0029115331455141086,0.002934947477071746,2.3414331557637495e-05,True
1,recipient_full_weight_2,82,Platt,calibration_ablation_results,val_log_loss,0.0033531154193920535,0.0033464197251826637,-6.6956942093897645e-06,True
1,recipient_full_weight_2,82,Uncalibrated,calibration_ablation_results,val_log_loss,0.008478657924721262,0.009743305283049486,0.0012646473583282237,True
2,raw_safe,42,Isotonic,calibration_ablation_results,val_log_loss,0.004316301605746317,0.004055517655566262,-0.00026078395018005497,True
2,raw_safe,42,Platt,calibration_ablation_results,val_log_loss,0.004286061842785332,0.00410603792499284,-0.00018002391779249182,True
2,raw_safe,42,Uncalibrated,calibration_ablation_results,val_log_loss,0.004697946893496178,0.0042149595890317235,-0.00048298730446445434,True
2,raw_safe,52,Isotonic,calibration_ablation_results,val_log_loss,0.0042237177794960685,0.004375973973917494,0.00015225619442142593,True
2,raw_safe,52,Platt,calibration_ablation_results,val_log_loss,0.004264903572619019,0.004467238147416227,0.0002023345747972083,True
2,raw_safe,52,Uncalibrated,calibration_ablation_results,val_log_loss,0.0047832010274281795,0.006561400544393375,0.0017781995169651958,True
2,raw_safe,62,Isotonic,calibration_ablation_results,val_log_loss,0.004046041604260975,0.004215002749351065,0.00016896114509009057,True
2,raw_safe,62,Platt,calibration_ablation_results,val_log_loss,0.004119177734991951,0.004177707982724121,5.853024773217006e-05,True
2,raw_safe,62,Uncalibrated,calibration_ablation_results,val_log_loss,0.004209754343644507,0.004542489818793337,0.0003327354751488298,True
2,raw_safe,72,Isotonic,calibration_ablation_results,val_log_loss,0.004031729772073226,0.004246071983000906,0.00021434221092768001,True
2,raw_safe,72,Platt,calibration_ablation_results,val_log_loss,0.004133050085846967,0.004194907584020195,6.18574981732286e-05,True
2,raw_safe,72,Uncalibrated,calibration_ablation_results,val_log_loss,0.004458037051259743,0.004317971672965981,-0.00014006537829376175,True
2,raw_safe,82,Isotonic,calibration_ablation_results,val_log_loss,0.0040529255289546776,0.0041938941917086265,0.00014096866275394894,True
2,raw_safe,82,Platt,calibration_ablation_results,val_log_loss,0.00412549640569096,0.0042792142258422676,0.00015371782015130737,True
2,raw_safe,82,Uncalibrated,calibration_ablation_results,val_log_loss,0.004284360322502996,0.004797104659057404,0.0005127443365544083,True
2,recipient_full_weight_2,42,Isotonic,calibration_ablation_results,val_log_loss,0.0036279124762027327,0.0031497813167614993,-0.00047813115944123335,True
2,recipient_full_weight_2,42,Platt,calibration_ablation_results,val_log_loss,0.004517516837778209,0.0034914391405139705,-0.0010260776972642383,True
2,recipient_full_weight_2,42,Uncalibrated,calibration_ablation_results,val_log_loss,0.07042765309024411,0.010590231685023108,-0.059837421405221004,True
2,recipient_full_weight_2,52,Isotonic,calibration_ablation_results,val_log_loss,0.004008426287837402,0.003377634287071385,-0.0006307920007660173,True
2,recipient_full_weight_2,52,Platt,calibration_ablation_results,val_log_loss,0.004484542840662563,0.004159691726250373,-0.0003248511144121899,True
2,recipient_full_weight_2,52,Uncalibrated,calibration_ablation_results,val_log_loss,0.07812990951479429,0.10345096289454628,0.02532105337975199,True
2,recipient_full_weight_2,62,Isotonic,calibration_ablation_results,val_log_loss,0.003979782990981637,0.003232020971144167,-0.0007477620198374701,True
2,recipient_full_weight_2,62,Platt,calibration_ablation_results,val_log_loss,0.00447665924817618,0.004325656078042834,-0.00015100317013334603,True
2,recipient_full_weight_2,62,Uncalibrated,calibration_ablation_results,val_log_loss,0.2194387931092192,0.11648948136475078,-0.10294931174446843,True
2,recipient_full_weight_2,72,Isotonic,calibration_ablation_results,val_log_loss,0.004272040159120929,0.0039056012054630414,-0.0003664389536578872,True
2,recipient_full_weight_2,72,Platt,calibration_ablation_results,val_log_loss,0.005019979417960682,0.004423184443055263,-0.0005967949749054189,True
2,recipient_full_weight_2,72,Uncalibrated,calibration_ablation_results,val_log_loss,0.1690726730345395,0.23264252773058036,0.06356985469604087,True
2,recipient_full_weight_2,82,Isotonic,calibration_ablation_results,val_log_loss,0.0034744474702648963,0.0034433147957819155,-3.113267448298087e-05,True
2,recipient_full_weight_2,82,Platt,calibration_ablation_results,val_log_loss,0.0037219753004006768,0.0037685758755439964,4.660057514331963e-05,True
2,recipient_full_weight_2,82,Uncalibrated,calibration_ablation_results,val_log_loss,0.013890475885327427,0.04180098643995962,0.027910510554632194,True
3,raw_safe,42,Isotonic,calibration_ablation_results,val_log_loss,0.004406781564687153,0.004322130298231897,-8.465126645525612e-05,True
3,raw_safe,42,Platt,calibration_ablation_results,val_log_loss,0.004504674095701438,0.004522027830114967,1.735373441352859e-05,True
3,raw_safe,42,Uncalibrated,calibration_ablation_results,val_log_loss,0.005617974319964085,0.005291450463060918,-0.0003265238569031669,True
3,raw_safe,52,Isotonic,calibration_ablation_results,val_log_loss,0.0049380740992377515,0.004231851143358467,-0.0007062229558792849,True
3,raw_safe,52,Platt,calibration_ablation_results,val_log_loss,0.004512688328087657,0.004483708401602732,-2.8979926484924527e-05,True
3,raw_safe,52,Uncalibrated,calibration_ablation_results,val_log_loss,0.005580557871968991,0.005561688360689228,-1.8869511279762802e-05,True
3,raw_safe,62,Isotonic,calibration_ablation_results,val_log_loss,0.004600794753699841,0.004249506232833935,-0.0003512885208659059,True
3,raw_safe,62,Platt,calibration_ablation_results,val_log_loss,0.004752164955545716,0.004521311576719775,-0.00023085337882594072,True
3,raw_safe,62,Uncalibrated,calibration_ablation_results,val_log_loss,0.005978096838113327,0.00566907036956867,-0.00030902646854465664,True
3,raw_safe,72,Isotonic,calibration_ablation_results,val_log_loss,0.004349796461747641,0.004246294748443075,-0.00010350171330456622,True
3,raw_safe,72,Platt,calibration_ablation_results,val_log_loss,0.004507196091579638,0.004491517984973456,-1.5678106606182088e-05,True
3,raw_safe,72,Uncalibrated,calibration_ablation_results,val_log_loss,0.005659525894507774,0.00558877554885713,-7.075034565064402e-05,True
3,raw_safe,82,Isotonic,calibration_ablation_results,val_log_loss,0.004265136676971913,0.004423158782147548,0.0001580221051756354,True
3,raw_safe,82,Platt,calibration_ablation_results,val_log_loss,0.0045038553712423894,0.004496139791292607,-7.715579949782794e-06,True
3,raw_safe,82,Uncalibrated,calibration_ablation_results,val_log_loss,0.005705609808192972,0.005644201648501622,-6.14081596913502e-05,True
3,recipient_full_weight_2,42,Isotonic,calibration_ablation_results,val_log_loss,0.0031892766208323885,0.00275503440703108,-0.00043424221380130874,True
3,recipient_full_weight_2,42,Platt,calibration_ablation_results,val_log_loss,0.004038246521411391,0.003380726254296117,-0.0006575202671152743,True
3,recipient_full_weight_2,42,Uncalibrated,calibration_ablation_results,val_log_loss,0.025071950819914344,0.005895084938875634,-0.01917686588103871,True
3,recipient_full_weight_2,52,Isotonic,calibration_ablation_results,val_log_loss,0.003291901417246085,0.0031368185737931393,-0.0001550828434529459,True
3,recipient_full_weight_2,52,Platt,calibration_ablation_results,val_log_loss,0.00373641186116835,0.0034524897368673852,-0.00028392212430096474,True
3,recipient_full_weight_2,52,Uncalibrated,calibration_ablation_results,val_log_loss,0.01694511165801824,0.007426389833798356,-0.009518721824219884,True
3,recipient_full_weight_2,62,Isotonic,calibration_ablation_results,val_log_loss,0.002927565192843039,0.004294977492035601,0.001367412299192562,True
3,recipient_full_weight_2,62,Platt,calibration_ablation_results,val_log_loss,0.003193400129909479,0.004677491440945674,0.001484091311036195,True
3,recipient_full_weight_2,62,Uncalibrated,calibration_ablation_results,val_log_loss,0.008132535200313663,0.045069188999387534,0.03693665379907387,True
3,recipient_full_weight_2,72,Isotonic,calibration_ablation_results,val_log_loss,0.0028521906737555384,0.0027948373803302227,-5.7353293425315734e-05,True
3,recipient_full_weight_2,72,Platt,calibration_ablation_results,val_log_loss,0.0033881494854651486,0.003298576526202163,-8.957295926298545e-05,True
3,recipient_full_weight_2,72,Uncalibrated,calibration_ablation_results,val_log_loss,0.005742631641689635,0.004755625357491222,-0.0009870062841984134,True
3,recipient_full_weight_2,82,Isotonic,calibration_ablation_results,val_log_loss,0.002789297977150182,0.003005247454087249,0.0002159494769370671,True
3,recipient_full_weight_2,82,Platt,calibration_ablation_results,val_log_loss,0.0031583719830410224,0.003237181684631144,7.88097015901215e-05,True
3,recipient_full_weight_2,82,Uncalibrated,calibration_ablation_results,val_log_loss,0.010624738924640546,0.005630831350923337,-0.00499390757371721,True
1,raw_safe,42,Isotonic,calibration_ablation_results,test_log_loss,0.004766699069188999,0.004727829284696588,-3.886978449241154e-05,True
1,raw_safe,42,Platt,calibration_ablation_results,test_log_loss,0.00491833257803736,0.004868756925598269,-4.957565243909109e-05,True
1,raw_safe,42,Uncalibrated,calibration_ablation_results,test_log_loss,0.005401556100712489,0.005179929173717251,-0.00022162692699523746,True
1,raw_safe,52,Isotonic,calibration_ablation_results,test_log_loss,0.00479293810054604,0.005669481875775732,0.0008765437752296917,True
1,raw_safe,52,Platt,calibration_ablation_results,test_log_loss,0.004908138668341208,0.005781570827335129,0.0008734321589939208,True
1,raw_safe,52,Uncalibrated,calibration_ablation_results,test_log_loss,0.005542589383326792,0.009381612803559418,0.003839023420232626,True
1,raw_safe,62,Isotonic,calibration_ablation_results,test_log_loss,0.00468242425840255,0.004754462121637605,7.203786323505424e-05,True
1,raw_safe,62,Platt,calibration_ablation_results,test_log_loss,0.004922399765151023,0.0049926368067345775,7.023704158355421e-05,True
1,raw_safe,62,Uncalibrated,calibration_ablation_results,test_log_loss,0.005316022520543513,0.005180263444853162,-0.00013575907569035074,True
1,raw_safe,72,Isotonic,calibration_ablation_results,test_log_loss,0.004760950002985852,0.005016605426873472,0.0002556554238876199,True
1,raw_safe,72,Platt,calibration_ablation_results,test_log_loss,0.004910237088033342,0.005142699397742327,0.00023246230970898427,True
1,raw_safe,72,Uncalibrated,calibration_ablation_results,test_log_loss,0.005093223633384361,0.0058309778254575055,0.0007377541920731449,True
1,raw_safe,82,Isotonic,calibration_ablation_results,test_log_loss,0.004728374565329914,0.005242242197954056,0.0005138676326241418,True
1,raw_safe,82,Platt,calibration_ablation_results,test_log_loss,0.004783913824099524,0.0054140621917544264,0.0006301483676549027,True
1,raw_safe,82,Uncalibrated,calibration_ablation_results,test_log_loss,0.0049564964926348265,0.006498429558305406,0.0015419330656705798,True
1,recipient_full_weight_2,42,Isotonic,calibration_ablation_results,test_log_loss,0.004655874442565136,0.003843455610524427,-0.0008124188320407094,True
1,recipient_full_weight_2,42,Platt,calibration_ablation_results,test_log_loss,0.005190755981565084,0.004448041404384443,-0.0007427145771806403,True
1,recipient_full_weight_2,42,Uncalibrated,calibration_ablation_results,test_log_loss,0.02829799202828062,0.019495556598470357,-0.008802435429810261,True
1,recipient_full_weight_2,52,Isotonic,calibration_ablation_results,test_log_loss,0.003357898547657898,0.003499889684340807,0.00014199113668290908,True
1,recipient_full_weight_2,52,Platt,calibration_ablation_results,test_log_loss,0.003844182673221813,0.00418870042681643,0.0003445177535946172,True
1,recipient_full_weight_2,52,Uncalibrated,calibration_ablation_results,test_log_loss,0.007087689290712715,0.014963280308928122,0.007875591018215406,True
1,recipient_full_weight_2,62,Isotonic,calibration_ablation_results,test_log_loss,0.003554569683638381,0.003453244037105628,-0.00010132564653275332,True
1,recipient_full_weight_2,62,Platt,calibration_ablation_results,test_log_loss,0.0040448254294573474,0.003969991102420205,-7.483432703714234e-05,True
1,recipient_full_weight_2,62,Uncalibrated,calibration_ablation_results,test_log_loss,0.009605753533937719,0.008219787132817732,-0.0013859664011199868,True
1,recipient_full_weight_2,72,Isotonic,calibration_ablation_results,test_log_loss,0.004174622120268928,0.00373801638815568,-0.0004366057321132477,True
1,recipient_full_weight_2,72,Platt,calibration_ablation_results,test_log_loss,0.004874881380473239,0.00415592216878862,-0.0007189592116846194,True
1,recipient_full_weight_2,72,Uncalibrated,calibration_ablation_results,test_log_loss,0.010425660334428188,0.007510825607232667,-0.0029148347271955206,True
1,recipient_full_weight_2,82,Isotonic,calibration_ablation_results,test_log_loss,0.0034152232495611996,0.0035064952607779185,9.127201121671884e-05,True
1,recipient_full_weight_2,82,Platt,calibration_ablation_results,test_log_loss,0.004032227938198179,0.004077219800897811,4.499186269963165e-05,True
1,recipient_full_weight_2,82,Uncalibrated,calibration_ablation_results,test_log_loss,0.007264339904253059,0.009098236850719981,0.0018338969464669229,True
2,raw_safe,42,Isotonic,calibration_ablation_results,test_log_loss,0.003519030005139946,0.0034034426165925674,-0.00011558738854737863,True
2,raw_safe,42,Platt,calibration_ablation_results,test_log_loss,0.0035218752990094537,0.003397637434065695,-0.00012423786494375868,True
2,raw_safe,42,Uncalibrated,calibration_ablation_results,test_log_loss,0.003873473435673516,0.003464102068359967,-0.0004093713673135489,True
2,raw_safe,52,Isotonic,calibration_ablation_results,test_log_loss,0.0035142748672725055,0.003565951710595048,5.167684332254251e-05,True
2,raw_safe,52,Platt,calibration_ablation_results,test_log_loss,0.0035645862816651138,0.0036439575036161485,7.937122195103476e-05,True
2,raw_safe,52,Uncalibrated,calibration_ablation_results,test_log_loss,0.003989822498208038,0.005441101042888595,0.001451278544680557,True
2,raw_safe,62,Isotonic,calibration_ablation_results,test_log_loss,0.00336992635762138,0.0036681406116426626,0.0002982142540212825,True
2,raw_safe,62,Platt,calibration_ablation_results,test_log_loss,0.003437478329675393,0.0034865469117635432,4.906858208815002e-05,True
2,raw_safe,62,Uncalibrated,calibration_ablation_results,test_log_loss,0.003507286032064356,0.0037705866417656977,0.00026330060970134166,True
2,raw_safe,72,Isotonic,calibration_ablation_results,test_log_loss,0.003386588103114026,0.0033707403592000864,-1.5847743913939387e-05,True
2,raw_safe,72,Platt,calibration_ablation_results,test_log_loss,0.0034875134274772635,0.0034601324936441337,-2.7380933833129773e-05,True
2,raw_safe,72,Uncalibrated,calibration_ablation_results,test_log_loss,0.0037646951721985334,0.0035306330779650823,-0.00023406209423345106,True
2,raw_safe,82,Isotonic,calibration_ablation_results,test_log_loss,0.0033840540360644705,0.003522561885113466,0.00013850784904899556,True
2,raw_safe,82,Platt,calibration_ablation_results,test_log_loss,0.003438303852953926,0.0035785323319007453,0.00014022847894681932,True
2,raw_safe,82,Uncalibrated,calibration_ablation_results,test_log_loss,0.0035500047115929363,0.003951132821095544,0.0004011281095026081,True
2,recipient_full_weight_2,42,Isotonic,calibration_ablation_results,test_log_loss,0.0029335799838315045,0.002722524823618729,-0.0002110551602127757,True
2,recipient_full_weight_2,42,Platt,calibration_ablation_results,test_log_loss,0.003558879823548613,0.0030423045894505943,-0.0005165752340980188,True
2,recipient_full_weight_2,42,Uncalibrated,calibration_ablation_results,test_log_loss,0.02343582154253913,0.009067071829283397,-0.014368749713255734,True
2,recipient_full_weight_2,52,Isotonic,calibration_ablation_results,test_log_loss,0.0030141417595382566,0.002900041489401836,-0.00011410027013642084,True
2,recipient_full_weight_2,52,Platt,calibration_ablation_results,test_log_loss,0.0035128876998394725,0.003438374837188778,-7.451286265069447e-05,True
2,recipient_full_weight_2,52,Uncalibrated,calibration_ablation_results,test_log_loss,0.05351484157665799,0.05748624880046206,0.003971407223804069,True
2,recipient_full_weight_2,62,Isotonic,calibration_ablation_results,test_log_loss,0.003215971594488836,0.002839781058923297,-0.00037619053556553917,True
2,recipient_full_weight_2,62,Platt,calibration_ablation_results,test_log_loss,0.0036414608712528242,0.003587216067856042,-5.424480339678243e-05,True
2,recipient_full_weight_2,62,Uncalibrated,calibration_ablation_results,test_log_loss,0.12943529930116385,0.07392782197524975,-0.0555074773259141,True
2,recipient_full_weight_2,72,Isotonic,calibration_ablation_results,test_log_loss,0.0033843658915682475,0.003212772102529969,-0.00017159378903827856,True
2,recipient_full_weight_2,72,Platt,calibration_ablation_results,test_log_loss,0.003902415305766126,0.0036845773197506804,-0.00021783798601544575,True
2,recipient_full_weight_2,72,Uncalibrated,calibration_ablation_results,test_log_loss,0.10015089219820074,0.18981757063926769,0.08966667844106695,True
2,recipient_full_weight_2,82,Isotonic,calibration_ablation_results,test_log_loss,0.00295670184926238,0.002872729295143565,-8.397255411881493e-05,True
2,recipient_full_weight_2,82,Platt,calibration_ablation_results,test_log_loss,0.0031711369535495247,0.003284996591248554,0.00011385963769902944,True
2,recipient_full_weight_2,82,Uncalibrated,calibration_ablation_results,test_log_loss,0.00994330178211057,0.03753375305308503,0.02759045127097446,True
3,raw_safe,42,Isotonic,calibration_ablation_results,test_log_loss,0.03222986795404432,0.030557865506293143,-0.0016720024477511752,True
3,raw_safe,42,Platt,calibration_ablation_results,test_log_loss,0.030701468899130627,0.03141290846611289,0.000711439566982261,True
3,raw_safe,42,Uncalibrated,calibration_ablation_results,test_log_loss,0.03176782268705899,0.03382192762096884,0.0020541049339098533,True
3,raw_safe,52,Isotonic,calibration_ablation_results,test_log_loss,0.03051973265907798,0.03055965213930846,3.9919480230479754e-05,True
3,raw_safe,52,Platt,calibration_ablation_results,test_log_loss,0.030887316830975526,0.030470478068188048,-0.00041683876278747825,True
3,raw_safe,52,Uncalibrated,calibration_ablation_results,test_log_loss,0.032796206326478394,0.03179455189732235,-0.0010016544291560417,True
3,raw_safe,62,Isotonic,calibration_ablation_results,test_log_loss,0.03279860969756633,0.029847810296484954,-0.002950799401081377,True
3,raw_safe,62,Platt,calibration_ablation_results,test_log_loss,0.03343358787842498,0.03097242913078285,-0.0024611587476421302,True
3,raw_safe,62,Uncalibrated,calibration_ablation_results,test_log_loss,0.043623564767993735,0.03289360184293859,-0.010729962925055146,True
3,raw_safe,72,Isotonic,calibration_ablation_results,test_log_loss,0.03101460674217236,0.030519595992013916,-0.0004950107501584429,True
3,raw_safe,72,Platt,calibration_ablation_results,test_log_loss,0.030855317960938197,0.030904008255022666,4.869029408446912e-05,True
3,raw_safe,72,Uncalibrated,calibration_ablation_results,test_log_loss,0.03268388797409206,0.03299887135879681,0.000314983384704752,True
3,raw_safe,82,Isotonic,calibration_ablation_results,test_log_loss,0.029799648811827204,0.03073001322417956,0.0009303644123523566,True
3,raw_safe,82,Platt,calibration_ablation_results,test_log_loss,0.03079391917311482,0.03069141253313678,-0.00010250663997804152,True
3,raw_safe,82,Uncalibrated,calibration_ablation_results,test_log_loss,0.03278518333287154,0.03233525387986211,-0.00044992945300943027,True
3,recipient_full_weight_2,42,Isotonic,calibration_ablation_results,test_log_loss,0.024822780179774347,0.02513643755951351,0.00031365737973916216,True
3,recipient_full_weight_2,42,Platt,calibration_ablation_results,test_log_loss,0.030856088951075552,0.03493638611102183,0.0040802971599462785,True
3,recipient_full_weight_2,42,Uncalibrated,calibration_ablation_results,test_log_loss,0.08674272765230621,0.11468064310533412,0.0279379154530279,True
3,recipient_full_weight_2,52,Isotonic,calibration_ablation_results,test_log_loss,0.032261091560221444,0.037397264311909754,0.00513617275168831,True
3,recipient_full_weight_2,52,Platt,calibration_ablation_results,test_log_loss,0.03655285234052487,0.040941719383592985,0.004388867043068116,True
3,recipient_full_weight_2,52,Uncalibrated,calibration_ablation_results,test_log_loss,0.35720514069734166,0.3800506087867886,0.02284546808944693,True
3,recipient_full_weight_2,62,Isotonic,calibration_ablation_results,test_log_loss,0.04192022784482297,0.029263250576302115,-0.012656977268520858,True
3,recipient_full_weight_2,62,Platt,calibration_ablation_results,test_log_loss,0.050574514272384234,0.033231103547573984,-0.01734341072481025,True
3,recipient_full_weight_2,62,Uncalibrated,calibration_ablation_results,test_log_loss,0.43865789859892124,0.12762730135962233,-0.31103059723929893,True
3,recipient_full_weight_2,72,Isotonic,calibration_ablation_results,test_log_loss,0.029395542347188178,0.024758403335617407,-0.004637139011570771,True
3,recipient_full_weight_2,72,Platt,calibration_ablation_results,test_log_loss,0.04836360082518029,0.04154834401274185,-0.006815256812438442,True
3,recipient_full_weight_2,72,Uncalibrated,calibration_ablation_results,test_log_loss,0.1819651787117115,0.13198076823379884,-0.04998441047791266,True
3,recipient_full_weight_2,82,Isotonic,calibration_ablation_results,test_log_loss,0.03570013850124151,0.04055054567346726,0.004850407172225749,True
3,recipient_full_weight_2,82,Platt,calibration_ablation_results,test_log_loss,0.03209748522938675,0.04943016629545248,0.017332681066065732,True
3,recipient_full_weight_2,82,Uncalibrated,calibration_ablation_results,test_log_loss,0.22538260196286616,0.31389943272810805,0.08851683076524189,True
1,raw_safe,42,Isotonic,calibration_ablation_results,validation_alert_rate,0.00019341015342864827,0.00015110168236613146,-4.230847106251681e-05,True
1,raw_safe,42,Platt,calibration_ablation_results,validation_alert_rate,0.00019341015342864827,0.00015110168236613146,-4.230847106251681e-05,True
1,raw_safe,42,Uncalibrated,calibration_ablation_results,validation_alert_rate,0.00019341015342864827,0.00015110168236613146,-4.230847106251681e-05,True
1,raw_safe,52,Isotonic,calibration_ablation_results,validation_alert_rate,7.25288075357431e-05,0.00045632708074571705,0.00038379827320997393,True
1,raw_safe,52,Platt,calibration_ablation_results,validation_alert_rate,7.25288075357431e-05,0.00045632708074571705,0.00038379827320997393,True
1,raw_safe,52,Uncalibrated,calibration_ablation_results,validation_alert_rate,7.25288075357431e-05,0.00045632708074571705,0.00038379827320997393,True
1,raw_safe,62,Isotonic,calibration_ablation_results,validation_alert_rate,0.0002478067590804556,7.555084118306573e-05,-0.0001722559178973899,True
1,raw_safe,62,Platt,calibration_ablation_results,validation_alert_rate,0.0002478067590804556,7.555084118306573e-05,-0.0001722559178973899,True
1,raw_safe,62,Uncalibrated,calibration_ablation_results,validation_alert_rate,0.0002478067590804556,7.555084118306573e-05,-0.0001722559178973899,True
1,raw_safe,72,Isotonic,calibration_ablation_results,validation_alert_rate,7.25288075357431e-05,0.00012994744683487305,5.741863929912995e-05,True
1,raw_safe,72,Platt,calibration_ablation_results,validation_alert_rate,7.25288075357431e-05,0.00012994744683487305,5.741863929912995e-05,True
1,raw_safe,72,Uncalibrated,calibration_ablation_results,validation_alert_rate,7.25288075357431e-05,0.00012994744683487305,5.741863929912995e-05,True
1,raw_safe,82,Isotonic,calibration_ablation_results,validation_alert_rate,0.0001450576150714862,0.0014475541170675395,0.0013024965019960532,True
1,raw_safe,82,Platt,calibration_ablation_results,validation_alert_rate,0.0006436931668797201,0.0014475541170675395,0.0008038609501878194,True
1,raw_safe,82,Uncalibrated,calibration_ablation_results,validation_alert_rate,0.0006436931668797201,0.0014475541170675395,0.0008038609501878194,True
1,recipient_full_weight_2,42,Isotonic,calibration_ablation_results,validation_alert_rate,0.00805674170376213,0.012006539680812806,0.003949797977050676,True
1,recipient_full_weight_2,42,Platt,calibration_ablation_results,validation_alert_rate,0.007908662055043321,0.010123812718530809,0.002215150663487488,True
1,recipient_full_weight_2,42,Uncalibrated,calibration_ablation_results,validation_alert_rate,0.007908662055043321,0.010123812718530809,0.002215150663487488,True
1,recipient_full_weight_2,52,Isotonic,calibration_ablation_results,validation_alert_rate,0.005959450352520225,0.012598858275688041,0.0066394079231678164,True
1,recipient_full_weight_2,52,Platt,calibration_ablation_results,validation_alert_rate,0.007219638383453761,0.012477976929795137,0.005258338546341375,True
1,recipient_full_weight_2,52,Uncalibrated,calibration_ablation_results,validation_alert_rate,0.007219638383453761,0.012477976929795137,0.005258338546341375,True
1,recipient_full_weight_2,62,Isotonic,calibration_ablation_results,validation_alert_rate,0.007283101090047536,0.01063151437128101,0.003348413281233473,True
1,recipient_full_weight_2,62,Platt,calibration_ablation_results,validation_alert_rate,0.007675965464199478,0.01008150424746829,0.0024055387832688123,True
1,recipient_full_weight_2,62,Uncalibrated,calibration_ablation_results,validation_alert_rate,0.007675965464199478,0.01008150424746829,0.0024055387832688123,True
1,recipient_full_weight_2,72,Isotonic,calibration_ablation_results,validation_alert_rate,0.01120570076427231,0.009776278849088705,-0.0014294219151836044,True
1,recipient_full_weight_2,72,Platt,calibration_ablation_results,validation_alert_rate,0.010960916038839176,0.009776278849088705,-0.001184637189750471,True
1,recipient_full_weight_2,72,Uncalibrated,calibration_ablation_results,validation_alert_rate,0.010960916038839176,0.009776278849088705,-0.001184637189750471,True
1,recipient_full_weight_2,82,Isotonic,calibration_ablation_results,validation_alert_rate,0.013070295524670372,0.013411785326817829,0.00034148980214745647,True
1,recipient_full_weight_2,82,Platt,calibration_ablation_results,validation_alert_rate,0.012003517647165484,0.01214857526223697,0.00014505761507148558,True
1,recipient_full_weight_2,82,Uncalibrated,calibration_ablation_results,validation_alert_rate,0.012003517647165484,0.01214857526223697,0.00014505761507148558,True
2,raw_safe,42,Isotonic,calibration_ablation_results,validation_alert_rate,0.0001939811292732679,0.0003667455725322721,0.0001727644432590042,True
2,raw_safe,42,Platt,calibration_ablation_results,validation_alert_rate,0.0001939811292732679,0.0003667455725322721,0.0001727644432590042,True
2,raw_safe,42,Uncalibrated,calibration_ablation_results,validation_alert_rate,0.0001939811292732679,0.0003667455725322721,0.0001727644432590042,True
2,raw_safe,52,Isotonic,calibration_ablation_results,validation_alert_rate,0.0006486244010074895,0.00014851680209984573,-0.0005001075989076437,True
2,raw_safe,52,Platt,calibration_ablation_results,validation_alert_rate,0.000833512664846073,0.00014851680209984573,-0.0006849958627462272,True
2,raw_safe,52,Uncalibrated,calibration_ablation_results,validation_alert_rate,0.000833512664846073,0.00014851680209984573,-0.0006849958627462272,True
2,raw_safe,62,Isotonic,calibration_ablation_results,validation_alert_rate,0.0005819433878198036,0.0007789554722379663,0.00019701208441816266,True
2,raw_safe,62,Platt,calibration_ablation_results,validation_alert_rate,0.0005819433878198036,0.0007789554722379663,0.00019701208441816266,True
2,raw_safe,62,Uncalibrated,calibration_ablation_results,validation_alert_rate,0.0005819433878198036,0.0007789554722379663,0.00019701208441816266,True
2,raw_safe,72,Isotonic,calibration_ablation_results,validation_alert_rate,0.0014154560526658767,0.0003667455725322721,-0.0010487104801336045,True
2,raw_safe,72,Platt,calibration_ablation_results,validation_alert_rate,0.00018185730869368864,0.0003667455725322721,0.00018488826383858346,True
2,raw_safe,72,Uncalibrated,calibration_ablation_results,validation_alert_rate,0.00018185730869368864,0.0003667455725322721,0.00018488826383858346,True
2,raw_safe,82,Isotonic,calibration_ablation_results,validation_alert_rate,0.0001394239366651613,0.0002000430395630575,6.0619102897896214e-05,True
2,raw_safe,82,Platt,calibration_ablation_results,validation_alert_rate,0.0001394239366651613,0.0001667025329692146,2.72785963040533e-05,True
2,raw_safe,82,Uncalibrated,calibration_ablation_results,validation_alert_rate,0.0001394239366651613,0.0001667025329692146,2.72785963040533e-05,True
2,recipient_full_weight_2,42,Isotonic,calibration_ablation_results,validation_alert_rate,0.013084633360510897,0.014985042236359944,0.001900408875849047,True
2,recipient_full_weight_2,42,Platt,calibration_ablation_results,validation_alert_rate,0.013084633360510897,0.013681731524055175,0.0005970981635442778,True
2,recipient_full_weight_2,42,Uncalibrated,calibration_ablation_results,validation_alert_rate,0.013084633360510897,0.013681731524055175,0.0005970981635442778,True
2,recipient_full_weight_2,52,Isotonic,calibration_ablation_results,validation_alert_rate,0.020064923059203647,0.020383173349417603,0.0003182502902139561,True
2,recipient_full_weight_2,52,Platt,calibration_ablation_results,validation_alert_rate,0.020055830193768963,0.02028618278478097,0.00023035259101200634,True
2,recipient_full_weight_2,52,Uncalibrated,calibration_ablation_results,validation_alert_rate,0.020055830193768963,0.02028618278478097,0.00023035259101200634,True
2,recipient_full_weight_2,62,Isotonic,calibration_ablation_results,validation_alert_rate,0.015106280442155737,0.014297015418468822,-0.0008092650236869153,True
2,recipient_full_weight_2,62,Platt,calibration_ablation_results,validation_alert_rate,0.015227518647951528,0.010781107450390843,-0.004446411197560686,True
2,recipient_full_weight_2,62,Uncalibrated,calibration_ablation_results,validation_alert_rate,0.015227518647951528,0.010781107450390843,-0.004446411197560686,True
2,recipient_full_weight_2,72,Isotonic,calibration_ablation_results,validation_alert_rate,0.015600326130773591,0.02008613974521791,0.00448581361444432,True
2,recipient_full_weight_2,72,Platt,calibration_ablation_results,validation_alert_rate,0.016339879186127924,0.020334678067099286,0.003994798880971363,True
2,recipient_full_weight_2,72,Uncalibrated,calibration_ablation_results,validation_alert_rate,0.016339879186127924,0.020334678067099286,0.003994798880971363,True
2,recipient_full_weight_2,82,Isotonic,calibration_ablation_results,validation_alert_rate,0.013181623925147531,0.016288352948664712,0.0031067290235171803,True
2,recipient_full_weight_2,82,Platt,calibration_ablation_results,validation_alert_rate,0.014218210584701556,0.016315631544968765,0.0020974209602672086,True
2,recipient_full_weight_2,82,Uncalibrated,calibration_ablation_results,validation_alert_rate,0.014218210584701556,0.016315631544968765,0.0020974209602672086,True
3,raw_safe,42,Isotonic,calibration_ablation_results,validation_alert_rate,0.006272167589945552,0.0049080082086807985,-0.0013641593812647535,True
3,raw_safe,42,Platt,calibration_ablation_results,validation_alert_rate,0.008072264860440563,0.0068504525450469155,-0.001221812315393648,True
3,raw_safe,42,Uncalibrated,calibration_ablation_results,validation_alert_rate,0.008072264860440563,0.0068504525450469155,-0.001221812315393648,True
3,raw_safe,52,Isotonic,calibration_ablation_results,validation_alert_rate,0.007446530883382167,0.006325547739647217,-0.00112098314373495,True
3,raw_safe,52,Platt,calibration_ablation_results,validation_alert_rate,0.004632210768555533,0.00647975706100758,0.0018475462924520472,True
3,raw_safe,52,Uncalibrated,calibration_ablation_results,validation_alert_rate,0.004632210768555533,0.00647975706100758,0.0018475462924520472,True
3,raw_safe,62,Isotonic,calibration_ablation_results,validation_alert_rate,0.013463659980308657,0.013306485095075978,-0.00015717488523267834,True
3,raw_safe,62,Platt,calibration_ablation_results,validation_alert_rate,0.012396056986275371,0.008884829361454787,-0.0035112276248205846,True
3,raw_safe,62,Uncalibrated,calibration_ablation_results,validation_alert_rate,0.012396056986275371,0.008884829361454787,-0.0035112276248205846,True
3,raw_safe,72,Isotonic,calibration_ablation_results,validation_alert_rate,0.006088302629862042,0.007888399900357054,0.0018000972704950114,True
3,raw_safe,72,Platt,calibration_ablation_results,validation_alert_rate,0.005154150010082917,0.00909538439638913,0.003941234386306213,True
3,raw_safe,72,Uncalibrated,calibration_ablation_results,validation_alert_rate,0.005154150010082917,0.00909538439638913,0.003941234386306213,True
3,raw_safe,82,Isotonic,calibration_ablation_results,validation_alert_rate,0.012431643752743146,0.008632756432308038,-0.003798887320435108,True
3,raw_safe,82,Platt,calibration_ablation_results,validation_alert_rate,0.012298193378488986,0.0060764403743727834,-0.006221753004116202,True
3,raw_safe,82,Uncalibrated,calibration_ablation_results,validation_alert_rate,0.012298193378488986,0.0060764403743727834,-0.006221753004116202,True
3,recipient_full_weight_2,42,Isotonic,calibration_ablation_results,validation_alert_rate,0.009080556577027556,0.008490409366436934,-0.0005901472105906223,True
3,recipient_full_weight_2,42,Platt,calibration_ablation_results,validation_alert_rate,0.007520669980190033,0.008846277031114696,0.0013256070509246624,True
3,recipient_full_weight_2,42,Uncalibrated,calibration_ablation_results,validation_alert_rate,0.007520669980190033,0.008846277031114696,0.0013256070509246624,True
3,recipient_full_weight_2,52,Isotonic,calibration_ablation_results,validation_alert_rate,0.007185561262618474,0.003134601013036619,-0.0040509602495818545,True
3,recipient_full_weight_2,52,Platt,calibration_ablation_results,validation_alert_rate,0.007185561262618474,0.012087638343554644,0.0049020770809361704,True
3,recipient_full_weight_2,52,Uncalibrated,calibration_ablation_results,validation_alert_rate,0.007185561262618474,0.012087638343554644,0.0049020770809361704,True
3,recipient_full_weight_2,62,Isotonic,calibration_ablation_results,validation_alert_rate,0.008659446507158872,0.011221693692838756,0.002562247185679885,True
3,recipient_full_weight_2,62,Platt,calibration_ablation_results,validation_alert_rate,0.009018279735708947,0.011340316247731344,0.0023220365120223962,True
3,recipient_full_weight_2,62,Uncalibrated,calibration_ablation_results,validation_alert_rate,0.009018279735708947,0.011340316247731344,0.0023220365120223962,True
3,recipient_full_weight_2,72,Isotonic,calibration_ablation_results,validation_alert_rate,0.01091920617786266,0.010397266936335275,-0.0005219392415273839,True
3,recipient_full_weight_2,72,Platt,calibration_ablation_results,validation_alert_rate,0.011467835494240875,0.010091813857486863,-0.0013760216367540122,True
3,recipient_full_weight_2,72,Uncalibrated,calibration_ablation_results,validation_alert_rate,0.011467835494240875,0.010091813857486863,-0.0013760216367540122,True
3,recipient_full_weight_2,82,Isotonic,calibration_ablation_results,validation_alert_rate,0.012657026607039063,0.01043878483054768,-0.0022182417764913826,True
3,recipient_full_weight_2,82,Platt,calibration_ablation_results,validation_alert_rate,0.012562128563124993,0.01043878483054768,-0.002123343732577313,True
3,recipient_full_weight_2,82,Uncalibrated,calibration_ablation_results,validation_alert_rate,0.012562128563124993,0.01043878483054768,-0.002123343732577313,True
1,raw_safe,42,Isotonic,calibration_ablation_results,validation_business_cost,13646.0,13430.0,-216.0,True
1,raw_safe,42,Platt,calibration_ablation_results,validation_business_cost,13646.0,13430.0,-216.0,True
1,raw_safe,42,Uncalibrated,calibration_ablation_results,validation_business_cost,13646.0,13430.0,-216.0,True
1,raw_safe,52,Isotonic,calibration_ablation_results,validation_business_cost,13707.0,15248.0,1541.0,True
1,raw_safe,52,Platt,calibration_ablation_results,validation_business_cost,13707.0,15248.0,1541.0,True
1,raw_safe,52,Uncalibrated,calibration_ablation_results,validation_business_cost,13707.0,15248.0,1541.0,True
1,raw_safe,62,Isotonic,calibration_ablation_results,validation_business_cost,13260.0,13607.0,347.0,True
1,raw_safe,62,Platt,calibration_ablation_results,validation_business_cost,13260.0,13607.0,347.0,True
1,raw_safe,62,Uncalibrated,calibration_ablation_results,validation_business_cost,13260.0,13607.0,347.0,True
1,raw_safe,72,Isotonic,calibration_ablation_results,validation_business_cost,13707.0,13322.0,-385.0,True
1,raw_safe,72,Platt,calibration_ablation_results,validation_business_cost,13707.0,13322.0,-385.0,True
1,raw_safe,72,Uncalibrated,calibration_ablation_results,validation_business_cost,13707.0,13322.0,-385.0,True
1,raw_safe,82,Isotonic,calibration_ablation_results,validation_business_cost,13428.0,14061.0,633.0,True
1,raw_safe,82,Platt,calibration_ablation_results,validation_business_cost,13391.0,14061.0,670.0,True
1,raw_safe,82,Uncalibrated,calibration_ablation_results,validation_business_cost,13391.0,14061.0,670.0,True
1,recipient_full_weight_2,42,Isotonic,calibration_ablation_results,validation_business_cost,12006.0,10081.0,-1925.0,True
1,recipient_full_weight_2,42,Platt,calibration_ablation_results,validation_business_cost,11957.0,10064.0,-1893.0,True
1,recipient_full_weight_2,42,Uncalibrated,calibration_ablation_results,validation_business_cost,11957.0,10064.0,-1893.0,True
1,recipient_full_weight_2,52,Isotonic,calibration_ablation_results,validation_business_cost,8989.0,9772.0,783.0,True
1,recipient_full_weight_2,52,Platt,calibration_ablation_results,validation_business_cost,8800.0,9732.0,932.0,True
1,recipient_full_weight_2,52,Uncalibrated,calibration_ablation_results,validation_business_cost,8800.0,9732.0,932.0,True
1,recipient_full_weight_2,62,Isotonic,calibration_ablation_results,validation_business_cost,9528.0,10030.0,502.0,True
1,recipient_full_weight_2,62,Platt,calibration_ablation_results,validation_business_cost,9456.0,9848.0,392.0,True
1,recipient_full_weight_2,62,Uncalibrated,calibration_ablation_results,validation_business_cost,9456.0,9848.0,392.0,True
1,recipient_full_weight_2,72,Isotonic,calibration_ablation_results,validation_business_cost,11432.0,10656.0,-776.0,True
1,recipient_full_weight_2,72,Platt,calibration_ablation_results,validation_business_cost,11351.0,10656.0,-695.0,True
1,recipient_full_weight_2,72,Uncalibrated,calibration_ablation_results,validation_business_cost,11351.0,10656.0,-695.0,True
1,recipient_full_weight_2,82,Isotonic,calibration_ablation_results,validation_business_cost,9827.0,9940.0,113.0,True
1,recipient_full_weight_2,82,Platt,calibration_ablation_results,validation_business_cost,9676.0,9623.0,-53.0,True
1,recipient_full_weight_2,82,Uncalibrated,calibration_ablation_results,validation_business_cost,9676.0,9623.0,-53.0,True
2,raw_safe,42,Isotonic,calibration_ablation_results,validation_business_cost,18519.0,18374.0,-145.0,True
2,raw_safe,42,Platt,calibration_ablation_results,validation_business_cost,18519.0,18374.0,-145.0,True
2,raw_safe,42,Uncalibrated,calibration_ablation_results,validation_business_cost,18519.0,18374.0,-145.0,True
2,raw_safe,52,Isotonic,calibration_ablation_results,validation_business_cost,18871.0,19312.0,441.0,True
2,raw_safe,52,Platt,calibration_ablation_results,validation_business_cost,18831.0,19312.0,481.0,True
2,raw_safe,52,Uncalibrated,calibration_ablation_results,validation_business_cost,18831.0,19312.0,481.0,True
2,raw_safe,62,Isotonic,calibration_ablation_results,validation_business_cost,18445.0,18409.0,-36.0,True
2,raw_safe,62,Platt,calibration_ablation_results,validation_business_cost,18445.0,18409.0,-36.0,True
2,raw_safe,62,Uncalibrated,calibration_ablation_results,validation_business_cost,18445.0,18409.0,-36.0,True
2,raw_safe,72,Isotonic,calibration_ablation_results,validation_business_cost,18417.0,18374.0,-43.0,True
2,raw_safe,72,Platt,calibration_ablation_results,validation_business_cost,18414.0,18374.0,-40.0,True
2,raw_safe,72,Uncalibrated,calibration_ablation_results,validation_business_cost,18414.0,18374.0,-40.0,True
2,raw_safe,82,Isotonic,calibration_ablation_results,validation_business_cost,18501.0,18925.0,424.0,True
2,raw_safe,82,Platt,calibration_ablation_results,validation_business_cost,18501.0,18914.0,413.0,True
2,raw_safe,82,Uncalibrated,calibration_ablation_results,validation_business_cost,18501.0,18914.0,413.0,True
2,recipient_full_weight_2,42,Isotonic,calibration_ablation_results,validation_business_cost,9743.0,10168.0,425.0,True
2,recipient_full_weight_2,42,Platt,calibration_ablation_results,validation_business_cost,9743.0,9940.0,197.0,True
2,recipient_full_weight_2,42,Uncalibrated,calibration_ablation_results,validation_business_cost,9743.0,9940.0,197.0,True
2,recipient_full_weight_2,52,Isotonic,calibration_ablation_results,validation_business_cost,14470.0,12555.0,-1915.0,True
2,recipient_full_weight_2,52,Platt,calibration_ablation_results,validation_business_cost,14467.0,12523.0,-1944.0,True
2,recipient_full_weight_2,52,Uncalibrated,calibration_ablation_results,validation_business_cost,14467.0,12523.0,-1944.0,True
2,recipient_full_weight_2,62,Isotonic,calibration_ablation_results,validation_business_cost,11016.0,10042.0,-974.0,True
2,recipient_full_weight_2,62,Platt,calibration_ablation_results,validation_business_cost,10753.0,9892.0,-861.0,True
2,recipient_full_weight_2,62,Uncalibrated,calibration_ablation_results,validation_business_cost,10753.0,9892.0,-861.0,True
2,recipient_full_weight_2,72,Isotonic,calibration_ablation_results,validation_business_cost,12997.0,11952.0,-1045.0,True
2,recipient_full_weight_2,72,Platt,calibration_ablation_results,validation_business_cost,12837.0,11731.0,-1106.0,True
2,recipient_full_weight_2,72,Uncalibrated,calibration_ablation_results,validation_business_cost,12837.0,11731.0,-1106.0,True
2,recipient_full_weight_2,82,Isotonic,calibration_ablation_results,validation_business_cost,11896.0,9285.0,-2611.0,True
2,recipient_full_weight_2,82,Platt,calibration_ablation_results,validation_business_cost,11834.0,9193.0,-2641.0,True
2,recipient_full_weight_2,82,Uncalibrated,calibration_ablation_results,validation_business_cost,11834.0,9193.0,-2641.0,True
3,raw_safe,42,Isotonic,calibration_ablation_results,validation_business_cost,18524.0,18569.0,45.0,True
3,raw_safe,42,Platt,calibration_ablation_results,validation_business_cost,18323.0,18416.0,93.0,True
3,raw_safe,42,Uncalibrated,calibration_ablation_results,validation_business_cost,18323.0,18416.0,93.0,True
3,raw_safe,52,Isotonic,calibration_ablation_results,validation_business_cost,18415.0,18239.0,-176.0,True
3,raw_safe,52,Platt,calibration_ablation_results,validation_business_cost,18072.0,18190.0,118.0,True
3,raw_safe,52,Uncalibrated,calibration_ablation_results,validation_business_cost,18072.0,18190.0,118.0,True
3,raw_safe,62,Isotonic,calibration_ablation_results,validation_business_cost,20545.0,19280.0,-1265.0,True
3,raw_safe,62,Platt,calibration_ablation_results,validation_business_cost,20387.0,18496.0,-1891.0,True
3,raw_safe,62,Uncalibrated,calibration_ablation_results,validation_business_cost,20387.0,18496.0,-1891.0,True
3,raw_safe,72,Isotonic,calibration_ablation_results,validation_business_cost,18159.0,18261.0,102.0,True
3,raw_safe,72,Platt,calibration_ablation_results,validation_business_cost,18046.0,18062.0,16.0,True
3,raw_safe,72,Uncalibrated,calibration_ablation_results,validation_business_cost,18046.0,18062.0,16.0,True
3,raw_safe,82,Isotonic,calibration_ablation_results,validation_business_cost,19389.0,18714.0,-675.0,True
3,raw_safe,82,Platt,calibration_ablation_results,validation_business_cost,19344.0,18256.0,-1088.0,True
3,raw_safe,82,Uncalibrated,calibration_ablation_results,validation_business_cost,19344.0,18256.0,-1088.0,True
3,recipient_full_weight_2,42,Isotonic,calibration_ablation_results,validation_business_cost,8462.0,8263.0,-199.0,True
3,recipient_full_weight_2,42,Platt,calibration_ablation_results,validation_business_cost,8441.0,8181.0,-260.0,True
3,recipient_full_weight_2,42,Uncalibrated,calibration_ablation_results,validation_business_cost,8441.0,8181.0,-260.0,True
3,recipient_full_weight_2,52,Isotonic,calibration_ablation_results,validation_business_cost,9742.0,11103.0,1361.0,True
3,recipient_full_weight_2,52,Platt,calibration_ablation_results,validation_business_cost,9742.0,10587.0,845.0,True
3,recipient_full_weight_2,52,Uncalibrated,calibration_ablation_results,validation_business_cost,9742.0,10587.0,845.0,True
3,recipient_full_weight_2,62,Isotonic,calibration_ablation_results,validation_business_cost,9835.0,13830.0,3995.0,True
3,recipient_full_weight_2,62,Platt,calibration_ablation_results,validation_business_cost,9754.0,13769.0,4015.0,True
3,recipient_full_weight_2,62,Uncalibrated,calibration_ablation_results,validation_business_cost,9754.0,13769.0,4015.0,True
3,recipient_full_weight_2,72,Isotonic,calibration_ablation_results,validation_business_cost,8880.0,9007.0,127.0,True
3,recipient_full_weight_2,72,Platt,calibration_ablation_results,validation_business_cost,8863.0,9005.0,142.0,True
3,recipient_full_weight_2,72,Uncalibrated,calibration_ablation_results,validation_business_cost,8863.0,9005.0,142.0,True
3,recipient_full_weight_2,82,Isotonic,calibration_ablation_results,validation_business_cost,9365.0,9829.0,464.0,True
3,recipient_full_weight_2,82,Platt,calibration_ablation_results,validation_business_cost,9333.0,9829.0,496.0,True
3,recipient_full_weight_2,82,Uncalibrated,calibration_ablation_results,validation_business_cost,9333.0,9829.0,496.0,True
1,raw_safe,42,Isotonic,calibration_ablation_results,validation_selected_fraction,0.00019341015342864827,0.00015110168236613146,-4.230847106251681e-05,True
1,raw_safe,42,Platt,calibration_ablation_results,validation_selected_fraction,0.00019341015342864827,0.00015110168236613146,-4.230847106251681e-05,True
1,raw_safe,42,Uncalibrated,calibration_ablation_results,validation_selected_fraction,0.00019341015342864827,0.00015110168236613146,-4.230847106251681e-05,True
1,raw_safe,52,Isotonic,calibration_ablation_results,validation_selected_fraction,7.25288075357431e-05,0.00045632708074571705,0.00038379827320997393,True
1,raw_safe,52,Platt,calibration_ablation_results,validation_selected_fraction,7.25288075357431e-05,0.00045632708074571705,0.00038379827320997393,True
1,raw_safe,52,Uncalibrated,calibration_ablation_results,validation_selected_fraction,7.25288075357431e-05,0.00045632708074571705,0.00038379827320997393,True
1,raw_safe,62,Isotonic,calibration_ablation_results,validation_selected_fraction,0.0002478067590804556,7.555084118306573e-05,-0.0001722559178973899,True
1,raw_safe,62,Platt,calibration_ablation_results,validation_selected_fraction,0.0002478067590804556,7.555084118306573e-05,-0.0001722559178973899,True
1,raw_safe,62,Uncalibrated,calibration_ablation_results,validation_selected_fraction,0.0002478067590804556,7.555084118306573e-05,-0.0001722559178973899,True
1,raw_safe,72,Isotonic,calibration_ablation_results,validation_selected_fraction,7.25288075357431e-05,0.00012994744683487305,5.741863929912995e-05,True
1,raw_safe,72,Platt,calibration_ablation_results,validation_selected_fraction,7.25288075357431e-05,0.00012994744683487305,5.741863929912995e-05,True
1,raw_safe,72,Uncalibrated,calibration_ablation_results,validation_selected_fraction,7.25288075357431e-05,0.00012994744683487305,5.741863929912995e-05,True
1,raw_safe,82,Isotonic,calibration_ablation_results,validation_selected_fraction,0.0001450576150714862,0.0014475541170675395,0.0013024965019960532,True
1,raw_safe,82,Platt,calibration_ablation_results,validation_selected_fraction,0.0006436931668797201,0.0014475541170675395,0.0008038609501878194,True
1,raw_safe,82,Uncalibrated,calibration_ablation_results,validation_selected_fraction,0.0006436931668797201,0.0014475541170675395,0.0008038609501878194,True
1,recipient_full_weight_2,42,Isotonic,calibration_ablation_results,validation_selected_fraction,0.00805674170376213,0.012006539680812806,0.003949797977050676,True
1,recipient_full_weight_2,42,Platt,calibration_ablation_results,validation_selected_fraction,0.007908662055043321,0.010123812718530809,0.002215150663487488,True
1,recipient_full_weight_2,42,Uncalibrated,calibration_ablation_results,validation_selected_fraction,0.007908662055043321,0.010123812718530809,0.002215150663487488,True
1,recipient_full_weight_2,52,Isotonic,calibration_ablation_results,validation_selected_fraction,0.005959450352520225,0.012598858275688041,0.0066394079231678164,True
1,recipient_full_weight_2,52,Platt,calibration_ablation_results,validation_selected_fraction,0.007219638383453761,0.012477976929795137,0.005258338546341375,True
1,recipient_full_weight_2,52,Uncalibrated,calibration_ablation_results,validation_selected_fraction,0.007219638383453761,0.012477976929795137,0.005258338546341375,True
1,recipient_full_weight_2,62,Isotonic,calibration_ablation_results,validation_selected_fraction,0.007283101090047536,0.01063151437128101,0.003348413281233473,True
1,recipient_full_weight_2,62,Platt,calibration_ablation_results,validation_selected_fraction,0.007675965464199478,0.01008150424746829,0.0024055387832688123,True
1,recipient_full_weight_2,62,Uncalibrated,calibration_ablation_results,validation_selected_fraction,0.007675965464199478,0.01008150424746829,0.0024055387832688123,True
1,recipient_full_weight_2,72,Isotonic,calibration_ablation_results,validation_selected_fraction,0.01120570076427231,0.009776278849088705,-0.0014294219151836044,True
1,recipient_full_weight_2,72,Platt,calibration_ablation_results,validation_selected_fraction,0.010960916038839176,0.009776278849088705,-0.001184637189750471,True
1,recipient_full_weight_2,72,Uncalibrated,calibration_ablation_results,validation_selected_fraction,0.010960916038839176,0.009776278849088705,-0.001184637189750471,True
1,recipient_full_weight_2,82,Isotonic,calibration_ablation_results,validation_selected_fraction,0.013070295524670372,0.013411785326817829,0.00034148980214745647,True
1,recipient_full_weight_2,82,Platt,calibration_ablation_results,validation_selected_fraction,0.012003517647165484,0.01214857526223697,0.00014505761507148558,True
1,recipient_full_weight_2,82,Uncalibrated,calibration_ablation_results,validation_selected_fraction,0.012003517647165484,0.01214857526223697,0.00014505761507148558,True
2,raw_safe,42,Isotonic,calibration_ablation_results,validation_selected_fraction,0.0001939811292732679,0.0003667455725322721,0.0001727644432590042,True
2,raw_safe,42,Platt,calibration_ablation_results,validation_selected_fraction,0.0001939811292732679,0.0003667455725322721,0.0001727644432590042,True
2,raw_safe,42,Uncalibrated,calibration_ablation_results,validation_selected_fraction,0.0001939811292732679,0.0003667455725322721,0.0001727644432590042,True
2,raw_safe,52,Isotonic,calibration_ablation_results,validation_selected_fraction,0.0006486244010074895,0.00014851680209984573,-0.0005001075989076437,True
2,raw_safe,52,Platt,calibration_ablation_results,validation_selected_fraction,0.000833512664846073,0.00014851680209984573,-0.0006849958627462272,True
2,raw_safe,52,Uncalibrated,calibration_ablation_results,validation_selected_fraction,0.000833512664846073,0.00014851680209984573,-0.0006849958627462272,True
2,raw_safe,62,Isotonic,calibration_ablation_results,validation_selected_fraction,0.0005819433878198036,0.0007789554722379663,0.00019701208441816266,True
2,raw_safe,62,Platt,calibration_ablation_results,validation_selected_fraction,0.0005819433878198036,0.0007789554722379663,0.00019701208441816266,True
2,raw_safe,62,Uncalibrated,calibration_ablation_results,validation_selected_fraction,0.0005819433878198036,0.0007789554722379663,0.00019701208441816266,True
2,raw_safe,72,Isotonic,calibration_ablation_results,validation_selected_fraction,0.0014154560526658767,0.0003667455725322721,-0.0010487104801336045,True
2,raw_safe,72,Platt,calibration_ablation_results,validation_selected_fraction,0.00018185730869368864,0.0003667455725322721,0.00018488826383858346,True
2,raw_safe,72,Uncalibrated,calibration_ablation_results,validation_selected_fraction,0.00018185730869368864,0.0003667455725322721,0.00018488826383858346,True
2,raw_safe,82,Isotonic,calibration_ablation_results,validation_selected_fraction,0.0001394239366651613,0.0002000430395630575,6.0619102897896214e-05,True
2,raw_safe,82,Platt,calibration_ablation_results,validation_selected_fraction,0.0001394239366651613,0.0001667025329692146,2.72785963040533e-05,True
2,raw_safe,82,Uncalibrated,calibration_ablation_results,validation_selected_fraction,0.0001394239366651613,0.0001667025329692146,2.72785963040533e-05,True
2,recipient_full_weight_2,42,Isotonic,calibration_ablation_results,validation_selected_fraction,0.013084633360510897,0.014985042236359944,0.001900408875849047,True
2,recipient_full_weight_2,42,Platt,calibration_ablation_results,validation_selected_fraction,0.013084633360510897,0.013681731524055175,0.0005970981635442778,True
2,recipient_full_weight_2,42,Uncalibrated,calibration_ablation_results,validation_selected_fraction,0.013084633360510897,0.013681731524055175,0.0005970981635442778,True
2,recipient_full_weight_2,52,Isotonic,calibration_ablation_results,validation_selected_fraction,0.020064923059203647,0.020383173349417603,0.0003182502902139561,True
2,recipient_full_weight_2,52,Platt,calibration_ablation_results,validation_selected_fraction,0.020055830193768963,0.02028618278478097,0.00023035259101200634,True
2,recipient_full_weight_2,52,Uncalibrated,calibration_ablation_results,validation_selected_fraction,0.020055830193768963,0.02028618278478097,0.00023035259101200634,True
2,recipient_full_weight_2,62,Isotonic,calibration_ablation_results,validation_selected_fraction,0.015106280442155737,0.014297015418468822,-0.0008092650236869153,True
2,recipient_full_weight_2,62,Platt,calibration_ablation_results,validation_selected_fraction,0.015227518647951528,0.010781107450390843,-0.004446411197560686,True
2,recipient_full_weight_2,62,Uncalibrated,calibration_ablation_results,validation_selected_fraction,0.015227518647951528,0.010781107450390843,-0.004446411197560686,True
2,recipient_full_weight_2,72,Isotonic,calibration_ablation_results,validation_selected_fraction,0.015600326130773591,0.02008613974521791,0.00448581361444432,True
2,recipient_full_weight_2,72,Platt,calibration_ablation_results,validation_selected_fraction,0.016339879186127924,0.020334678067099286,0.003994798880971363,True
2,recipient_full_weight_2,72,Uncalibrated,calibration_ablation_results,validation_selected_fraction,0.016339879186127924,0.020334678067099286,0.003994798880971363,True
2,recipient_full_weight_2,82,Isotonic,calibration_ablation_results,validation_selected_fraction,0.013181623925147531,0.016288352948664712,0.0031067290235171803,True
2,recipient_full_weight_2,82,Platt,calibration_ablation_results,validation_selected_fraction,0.014218210584701556,0.016315631544968765,0.0020974209602672086,True
2,recipient_full_weight_2,82,Uncalibrated,calibration_ablation_results,validation_selected_fraction,0.014218210584701556,0.016315631544968765,0.0020974209602672086,True
3,raw_safe,42,Isotonic,calibration_ablation_results,validation_selected_fraction,0.006272167589945552,0.0049080082086807985,-0.0013641593812647535,True
3,raw_safe,42,Platt,calibration_ablation_results,validation_selected_fraction,0.008072264860440563,0.0068504525450469155,-0.001221812315393648,True
3,raw_safe,42,Uncalibrated,calibration_ablation_results,validation_selected_fraction,0.008072264860440563,0.0068504525450469155,-0.001221812315393648,True
3,raw_safe,52,Isotonic,calibration_ablation_results,validation_selected_fraction,0.007446530883382167,0.006325547739647217,-0.00112098314373495,True
3,raw_safe,52,Platt,calibration_ablation_results,validation_selected_fraction,0.004632210768555533,0.00647975706100758,0.0018475462924520472,True
3,raw_safe,52,Uncalibrated,calibration_ablation_results,validation_selected_fraction,0.004632210768555533,0.00647975706100758,0.0018475462924520472,True
3,raw_safe,62,Isotonic,calibration_ablation_results,validation_selected_fraction,0.013463659980308657,0.013306485095075978,-0.00015717488523267834,True
3,raw_safe,62,Platt,calibration_ablation_results,validation_selected_fraction,0.012396056986275371,0.008884829361454787,-0.0035112276248205846,True
3,raw_safe,62,Uncalibrated,calibration_ablation_results,validation_selected_fraction,0.012396056986275371,0.008884829361454787,-0.0035112276248205846,True
3,raw_safe,72,Isotonic,calibration_ablation_results,validation_selected_fraction,0.006088302629862042,0.007888399900357054,0.0018000972704950114,True
3,raw_safe,72,Platt,calibration_ablation_results,validation_selected_fraction,0.005154150010082917,0.00909538439638913,0.003941234386306213,True
3,raw_safe,72,Uncalibrated,calibration_ablation_results,validation_selected_fraction,0.005154150010082917,0.00909538439638913,0.003941234386306213,True
3,raw_safe,82,Isotonic,calibration_ablation_results,validation_selected_fraction,0.012431643752743146,0.008632756432308038,-0.003798887320435108,True
3,raw_safe,82,Platt,calibration_ablation_results,validation_selected_fraction,0.012298193378488986,0.0060764403743727834,-0.006221753004116202,True
3,raw_safe,82,Uncalibrated,calibration_ablation_results,validation_selected_fraction,0.012298193378488986,0.0060764403743727834,-0.006221753004116202,True
3,recipient_full_weight_2,42,Isotonic,calibration_ablation_results,validation_selected_fraction,0.009080556577027556,0.008490409366436934,-0.0005901472105906223,True
3,recipient_full_weight_2,42,Platt,calibration_ablation_results,validation_selected_fraction,0.007520669980190033,0.008846277031114696,0.0013256070509246624,True
3,recipient_full_weight_2,42,Uncalibrated,calibration_ablation_results,validation_selected_fraction,0.007520669980190033,0.008846277031114696,0.0013256070509246624,True
3,recipient_full_weight_2,52,Isotonic,calibration_ablation_results,validation_selected_fraction,0.007185561262618474,0.003134601013036619,-0.0040509602495818545,True
3,recipient_full_weight_2,52,Platt,calibration_ablation_results,validation_selected_fraction,0.007185561262618474,0.012087638343554644,0.0049020770809361704,True
3,recipient_full_weight_2,52,Uncalibrated,calibration_ablation_results,validation_selected_fraction,0.007185561262618474,0.012087638343554644,0.0049020770809361704,True
3,recipient_full_weight_2,62,Isotonic,calibration_ablation_results,validation_selected_fraction,0.008659446507158872,0.011221693692838756,0.002562247185679885,True
3,recipient_full_weight_2,62,Platt,calibration_ablation_results,validation_selected_fraction,0.009018279735708947,0.011340316247731344,0.0023220365120223962,True
3,recipient_full_weight_2,62,Uncalibrated,calibration_ablation_results,validation_selected_fraction,0.009018279735708947,0.011340316247731344,0.0023220365120223962,True
3,recipient_full_weight_2,72,Isotonic,calibration_ablation_results,validation_selected_fraction,0.01091920617786266,0.010397266936335275,-0.0005219392415273839,True
3,recipient_full_weight_2,72,Platt,calibration_ablation_results,validation_selected_fraction,0.011467835494240875,0.010091813857486863,-0.0013760216367540122,True
3,recipient_full_weight_2,72,Uncalibrated,calibration_ablation_results,validation_selected_fraction,0.011467835494240875,0.010091813857486863,-0.0013760216367540122,True
3,recipient_full_weight_2,82,Isotonic,calibration_ablation_results,validation_selected_fraction,0.012657026607039063,0.01043878483054768,-0.0022182417764913826,True
3,recipient_full_weight_2,82,Platt,calibration_ablation_results,validation_selected_fraction,0.012562128563124993,0.01043878483054768,-0.002123343732577313,True
3,recipient_full_weight_2,82,Uncalibrated,calibration_ablation_results,validation_selected_fraction,0.012562128563124993,0.01043878483054768,-0.002123343732577313,True
1,raw_safe,42,Isotonic,calibration_ablation_results,test_alert_rate,0.00011203418287401911,0.00011203418287401911,0.0,False
1,raw_safe,42,Platt,calibration_ablation_results,test_alert_rate,0.00011203418287401911,0.00011203418287401911,0.0,False
1,raw_safe,42,Uncalibrated,calibration_ablation_results,test_alert_rate,0.00011203418287401911,0.00011203418287401911,0.0,False
1,raw_safe,52,Isotonic,calibration_ablation_results,test_alert_rate,0.00010425403128554557,0.00025674500241962717,0.0001524909711340816,True
1,raw_safe,52,Platt,calibration_ablation_results,test_alert_rate,0.00010425403128554557,0.00025674500241962717,0.0001524909711340816,True
1,raw_safe,52,Uncalibrated,calibration_ablation_results,test_alert_rate,0.00010425403128554557,0.00025674500241962717,0.0001524909711340816,True
1,raw_safe,62,Isotonic,calibration_ablation_results,test_alert_rate,0.00011981433446249267,0.00010425403128554557,-1.5560303176947096e-05,True
1,raw_safe,62,Platt,calibration_ablation_results,test_alert_rate,0.00011981433446249267,0.00010425403128554557,-1.5560303176947096e-05,True
1,raw_safe,62,Uncalibrated,calibration_ablation_results,test_alert_rate,0.00011981433446249267,0.00010425403128554557,-1.5560303176947096e-05,True
1,raw_safe,72,Isotonic,calibration_ablation_results,test_alert_rate,0.00010425403128554557,0.00011203418287401911,7.780151588473541e-06,True
1,raw_safe,72,Platt,calibration_ablation_results,test_alert_rate,0.00010425403128554557,0.00011203418287401911,7.780151588473541e-06,True
1,raw_safe,72,Uncalibrated,calibration_ablation_results,test_alert_rate,0.00010425403128554557,0.00011203418287401911,7.780151588473541e-06,True
1,raw_safe,82,Isotonic,calibration_ablation_results,test_alert_rate,0.00011203418287401911,0.0008900493417213741,0.000778015158847355,True
1,raw_safe,82,Platt,calibration_ablation_results,test_alert_rate,0.0004061239129183193,0.0008900493417213741,0.0004839254288030548,True
1,raw_safe,82,Uncalibrated,calibration_ablation_results,test_alert_rate,0.0004061239129183193,0.0008900493417213741,0.0004839254288030548,True
1,recipient_full_weight_2,42,Isotonic,calibration_ablation_results,test_alert_rate,0.008344990593796729,0.012021890234509329,0.0036768996407126,True
1,recipient_full_weight_2,42,Platt,calibration_ablation_results,test_alert_rate,0.008320094108713615,0.010725716979869637,0.002405622871156022,True
1,recipient_full_weight_2,42,Uncalibrated,calibration_ablation_results,test_alert_rate,0.008320094108713615,0.010725716979869637,0.002405622871156022,True
1,recipient_full_weight_2,52,Isotonic,calibration_ablation_results,test_alert_rate,0.00721220052251498,0.013020861698469333,0.005808661175954352,True
1,recipient_full_weight_2,52,Platt,calibration_ablation_results,test_alert_rate,0.008724661991314239,0.012882375000194504,0.004157713008880265,True
1,recipient_full_weight_2,52,Uncalibrated,calibration_ablation_results,test_alert_rate,0.008724661991314239,0.012882375000194504,0.004157713008880265,True
1,recipient_full_weight_2,62,Isotonic,calibration_ablation_results,test_alert_rate,0.00818005138012109,0.011346573076629824,0.0031665216965087346,True
1,recipient_full_weight_2,62,Platt,calibration_ablation_results,test_alert_rate,0.008729330082267324,0.011047815255632441,0.0023184851733651177,True
1,recipient_full_weight_2,62,Uncalibrated,calibration_ablation_results,test_alert_rate,0.008729330082267324,0.011047815255632441,0.0023184851733651177,True
1,recipient_full_weight_2,72,Isotonic,calibration_ablation_results,test_alert_rate,0.012281747297564346,0.010959121527523843,-0.0013226257700405027,True
1,recipient_full_weight_2,72,Platt,calibration_ablation_results,test_alert_rate,0.01132790071281749,0.010959121527523843,-0.0003687791852936464,True
1,recipient_full_weight_2,72,Uncalibrated,calibration_ablation_results,test_alert_rate,0.01132790071281749,0.010959121527523843,-0.0003687791852936464,True
1,recipient_full_weight_2,82,Isotonic,calibration_ablation_results,test_alert_rate,0.013318063489149023,0.013232481821675813,-8.558166747320989e-05,True
1,recipient_full_weight_2,82,Platt,calibration_ablation_results,test_alert_rate,0.011744916837959671,0.012175937235961106,0.0004310203980014346,True
1,recipient_full_weight_2,82,Uncalibrated,calibration_ablation_results,test_alert_rate,0.011744916837959671,0.012175937235961106,0.0004310203980014346,True
2,raw_safe,42,Isotonic,calibration_ablation_results,test_alert_rate,0.00012551402949579694,0.00029727006985846643,0.0001717560403626695,True
2,raw_safe,42,Platt,calibration_ablation_results,test_alert_rate,0.00012551402949579694,0.00029727006985846643,0.0001717560403626695,True
2,raw_safe,42,Uncalibrated,calibration_ablation_results,test_alert_rate,0.00012551402949579694,0.00029727006985846643,0.0001717560403626695,True
2,raw_safe,52,Isotonic,calibration_ablation_results,test_alert_rate,0.0005549041304024707,8.918102095753993e-05,-0.00046572310944493074,True
2,raw_safe,52,Platt,calibration_ablation_results,test_alert_rate,0.0007283116711532427,8.918102095753993e-05,-0.0006391306501957027,True
2,raw_safe,52,Uncalibrated,calibration_ablation_results,test_alert_rate,0.0007283116711532427,8.918102095753993e-05,-0.0006391306501957027,True
2,raw_safe,62,Isotonic,calibration_ablation_results,test_alert_rate,0.00048223811332595665,0.0005912371389407276,0.00010899902561477097,True
2,raw_safe,62,Platt,calibration_ablation_results,test_alert_rate,0.00048223811332595665,0.0005912371389407276,0.00010899902561477097,True
2,raw_safe,62,Uncalibrated,calibration_ablation_results,test_alert_rate,0.00048223811332595665,0.0005912371389407276,0.00010899902561477097,True
2,raw_safe,72,Isotonic,calibration_ablation_results,test_alert_rate,0.0012799128007795083,0.00029396706908226125,-0.000985945731697247,True
2,raw_safe,72,Platt,calibration_ablation_results,test_alert_rate,0.00011725652755528398,0.00029396706908226125,0.00017671054152697727,True
2,raw_safe,72,Uncalibrated,calibration_ablation_results,test_alert_rate,0.00011725652755528398,0.00029396706908226125,0.00017671054152697727,True
2,raw_safe,82,Isotonic,calibration_ablation_results,test_alert_rate,6.440851513600106e-05,0.0001502865353173358,8.587802018133475e-05,True
2,raw_safe,82,Platt,calibration_ablation_results,test_alert_rate,6.440851513600106e-05,0.00010734752522666843,4.293901009066737e-05,True
2,raw_safe,82,Uncalibrated,calibration_ablation_results,test_alert_rate,6.440851513600106e-05,0.00010734752522666843,4.293901009066737e-05,True
2,recipient_full_weight_2,42,Isotonic,calibration_ablation_results,test_alert_rate,0.009793397301448365,0.012591038958894156,0.0027976416574457905,True
2,recipient_full_weight_2,42,Platt,calibration_ablation_results,test_alert_rate,0.009793397301448365,0.010671995507918945,0.0008785982064705797,True
2,recipient_full_weight_2,42,Uncalibrated,calibration_ablation_results,test_alert_rate,0.009793397301448365,0.010671995507918945,0.0008785982064705797,True
2,recipient_full_weight_2,52,Isotonic,calibration_ablation_results,test_alert_rate,0.015291242093441891,0.015192152070155736,-9.909002328615558e-05,True
2,recipient_full_weight_2,52,Platt,calibration_ablation_results,test_alert_rate,0.015282984591501379,0.01511783455269112,-0.00016515003881025815,True
2,recipient_full_weight_2,52,Uncalibrated,calibration_ablation_results,test_alert_rate,0.015282984591501379,0.01511783455269112,-0.00016515003881025815,True
2,recipient_full_weight_2,62,Isotonic,calibration_ablation_results,test_alert_rate,0.013188882099387293,0.012399464913874255,-0.0007894171855130378,True
2,recipient_full_weight_2,62,Platt,calibration_ablation_results,test_alert_rate,0.013278063120344833,0.008586150517745372,-0.004691912602599461,True
2,recipient_full_weight_2,62,Uncalibrated,calibration_ablation_results,test_alert_rate,0.013278063120344833,0.008586150517745372,-0.004691912602599461,True
2,recipient_full_weight_2,72,Isotonic,calibration_ablation_results,test_alert_rate,0.013425046654885964,0.018614060874304304,0.00518901421941834,True
2,recipient_full_weight_2,72,Platt,calibration_ablation_results,test_alert_rate,0.013808194744925764,0.018903073442222258,0.005094878697296494,True
2,recipient_full_weight_2,72,Uncalibrated,calibration_ablation_results,test_alert_rate,0.013808194744925764,0.018903073442222258,0.005094878697296494,True
2,recipient_full_weight_2,82,Isotonic,calibration_ablation_results,test_alert_rate,0.01271490148800185,0.013585242192531915,0.0008703407045300652,True
2,recipient_full_weight_2,82,Platt,calibration_ablation_results,test_alert_rate,0.013743786229789764,0.013598454195636735,-0.00014533203415302912,True
2,recipient_full_weight_2,82,Uncalibrated,calibration_ablation_results,test_alert_rate,0.013743786229789764,0.013598454195636735,-0.00014533203415302912,True
3,raw_safe,42,Isotonic,calibration_ablation_results,test_alert_rate,0.007434944237918215,0.005680649199102278,-0.001754295038815937,True
3,raw_safe,42,Platt,calibration_ablation_results,test_alert_rate,0.009669825025953201,0.00818095152837262,-0.0014888734975805808,True
3,raw_safe,42,Uncalibrated,calibration_ablation_results,test_alert_rate,0.009669825025953201,0.00818095152837262,-0.0014888734975805808,True
3,raw_safe,52,Isotonic,calibration_ablation_results,test_alert_rate,0.009019620777009784,0.007359558238040718,-0.001660062538969066,True
3,raw_safe,52,Platt,calibration_ablation_results,test_alert_rate,0.005559717490965459,0.007555875946055035,0.001996158455089576,True
3,raw_safe,52,Uncalibrated,calibration_ablation_results,test_alert_rate,0.005559717490965459,0.007555875946055035,0.001996158455089576,True
3,raw_safe,62,Isotonic,calibration_ablation_results,test_alert_rate,0.0159142986824726,0.01599125522401421,7.695654154160972e-05,True
3,raw_safe,62,Platt,calibration_ablation_results,test_alert_rate,0.01467514130948623,0.010541475649536768,-0.004133665659949461,True
3,raw_safe,62,Uncalibrated,calibration_ablation_results,test_alert_rate,0.01467514130948623,0.010541475649536768,-0.004133665659949461,True
3,raw_safe,72,Isotonic,calibration_ablation_results,test_alert_rate,0.007213497863278066,0.009135840860154258,0.0019223429968761915,True
3,raw_safe,72,Platt,calibration_ablation_results,test_alert_rate,0.006052867573497423,0.010101723983584698,0.004048856410087275,True
3,raw_safe,72,Uncalibrated,calibration_ablation_results,test_alert_rate,0.006052867573497423,0.010101723983584698,0.004048856410087275,True
3,raw_safe,82,Isotonic,calibration_ablation_results,test_alert_rate,0.014975114767332105,0.00994624035883736,-0.005028874408494746,True
3,raw_safe,82,Platt,calibration_ablation_results,test_alert_rate,0.01480706680927185,0.007032885571904894,-0.007774181237366956,True
3,raw_safe,82,Uncalibrated,calibration_ablation_results,test_alert_rate,0.01480706680927185,0.007032885571904894,-0.007774181237366956,True
3,recipient_full_weight_2,42,Isotonic,calibration_ablation_results,test_alert_rate,0.018409889386750596,0.023569118753366848,0.0051592293666162525,True
3,recipient_full_weight_2,42,Platt,calibration_ablation_results,test_alert_rate,0.016771814431079134,0.02436224229374469,0.007590427862665557,True
3,recipient_full_weight_2,42,Uncalibrated,calibration_ablation_results,test_alert_rate,0.016771814431079134,0.02436224229374469,0.007590427862665557,True
3,recipient_full_weight_2,52,Isotonic,calibration_ablation_results,test_alert_rate,0.019996136467506278,0.021591806798246647,0.0015956703307403695,True
3,recipient_full_weight_2,52,Platt,calibration_ablation_results,test_alert_rate,0.019996136467506278,0.07734446533264858,0.057348328865142295,True
3,recipient_full_weight_2,52,Uncalibrated,calibration_ablation_results,test_alert_rate,0.019996136467506278,0.07734446533264858,0.057348328865142295,True
3,recipient_full_weight_2,62,Isotonic,calibration_ablation_results,test_alert_rate,0.03279919211336798,0.023799988377991684,-0.008999203735376295,True
3,recipient_full_weight_2,62,Platt,calibration_ablation_results,test_alert_rate,0.03319810969605307,0.024052845585914126,-0.009145264110138947,True
3,recipient_full_weight_2,62,Uncalibrated,calibration_ablation_results,test_alert_rate,0.03319810969605307,0.024052845585914126,-0.009145264110138947,True
3,recipient_full_weight_2,72,Isotonic,calibration_ablation_results,test_alert_rate,0.024208329210661465,0.023077539212499,-0.001130789998162466,True
3,recipient_full_weight_2,72,Platt,calibration_ablation_results,test_alert_rate,0.02499202950105462,0.02283567579622536,-0.0021563537048292607,True
3,recipient_full_weight_2,72,Uncalibrated,calibration_ablation_results,test_alert_rate,0.02499202950105462,0.02283567579622536,-0.0021563537048292607,True
3,recipient_full_weight_2,82,Isotonic,calibration_ablation_results,test_alert_rate,0.029980069826282388,0.02847863199538889,-0.0015014378308934977,True
3,recipient_full_weight_2,82,Platt,calibration_ablation_results,test_alert_rate,0.029824586201535046,0.02847863199538889,-0.0013459542061461556,True
3,recipient_full_weight_2,82,Uncalibrated,calibration_ablation_results,test_alert_rate,0.029824586201535046,0.02847863199538889,-0.0013459542061461556,True
1,raw_safe,42,Isotonic,calibration_ablation_results,test_selected_fraction,0.00011203418287401911,0.00011203418287401911,0.0,False
1,raw_safe,42,Platt,calibration_ablation_results,test_selected_fraction,0.00011203418287401911,0.00011203418287401911,0.0,False
1,raw_safe,42,Uncalibrated,calibration_ablation_results,test_selected_fraction,0.00011203418287401911,0.00011203418287401911,0.0,False
1,raw_safe,52,Isotonic,calibration_ablation_results,test_selected_fraction,0.00010425403128554557,0.00025674500241962717,0.0001524909711340816,True
1,raw_safe,52,Platt,calibration_ablation_results,test_selected_fraction,0.00010425403128554557,0.00025674500241962717,0.0001524909711340816,True
1,raw_safe,52,Uncalibrated,calibration_ablation_results,test_selected_fraction,0.00010425403128554557,0.00025674500241962717,0.0001524909711340816,True
1,raw_safe,62,Isotonic,calibration_ablation_results,test_selected_fraction,0.00011981433446249267,0.00010425403128554557,-1.5560303176947096e-05,True
1,raw_safe,62,Platt,calibration_ablation_results,test_selected_fraction,0.00011981433446249267,0.00010425403128554557,-1.5560303176947096e-05,True
1,raw_safe,62,Uncalibrated,calibration_ablation_results,test_selected_fraction,0.00011981433446249267,0.00010425403128554557,-1.5560303176947096e-05,True
1,raw_safe,72,Isotonic,calibration_ablation_results,test_selected_fraction,0.00010425403128554557,0.00011203418287401911,7.780151588473541e-06,True
1,raw_safe,72,Platt,calibration_ablation_results,test_selected_fraction,0.00010425403128554557,0.00011203418287401911,7.780151588473541e-06,True
1,raw_safe,72,Uncalibrated,calibration_ablation_results,test_selected_fraction,0.00010425403128554557,0.00011203418287401911,7.780151588473541e-06,True
1,raw_safe,82,Isotonic,calibration_ablation_results,test_selected_fraction,0.00011203418287401911,0.0008900493417213741,0.000778015158847355,True
1,raw_safe,82,Platt,calibration_ablation_results,test_selected_fraction,0.0004061239129183193,0.0008900493417213741,0.0004839254288030548,True
1,raw_safe,82,Uncalibrated,calibration_ablation_results,test_selected_fraction,0.0004061239129183193,0.0008900493417213741,0.0004839254288030548,True
1,recipient_full_weight_2,42,Isotonic,calibration_ablation_results,test_selected_fraction,0.008344990593796729,0.012021890234509329,0.0036768996407126,True
1,recipient_full_weight_2,42,Platt,calibration_ablation_results,test_selected_fraction,0.008320094108713615,0.010725716979869637,0.002405622871156022,True
1,recipient_full_weight_2,42,Uncalibrated,calibration_ablation_results,test_selected_fraction,0.008320094108713615,0.010725716979869637,0.002405622871156022,True
1,recipient_full_weight_2,52,Isotonic,calibration_ablation_results,test_selected_fraction,0.00721220052251498,0.013020861698469333,0.005808661175954352,True
1,recipient_full_weight_2,52,Platt,calibration_ablation_results,test_selected_fraction,0.008724661991314239,0.012882375000194504,0.004157713008880265,True
1,recipient_full_weight_2,52,Uncalibrated,calibration_ablation_results,test_selected_fraction,0.008724661991314239,0.012882375000194504,0.004157713008880265,True
1,recipient_full_weight_2,62,Isotonic,calibration_ablation_results,test_selected_fraction,0.00818005138012109,0.011346573076629824,0.0031665216965087346,True
1,recipient_full_weight_2,62,Platt,calibration_ablation_results,test_selected_fraction,0.008729330082267324,0.011047815255632441,0.0023184851733651177,True
1,recipient_full_weight_2,62,Uncalibrated,calibration_ablation_results,test_selected_fraction,0.008729330082267324,0.011047815255632441,0.0023184851733651177,True
1,recipient_full_weight_2,72,Isotonic,calibration_ablation_results,test_selected_fraction,0.012281747297564346,0.010959121527523843,-0.0013226257700405027,True
1,recipient_full_weight_2,72,Platt,calibration_ablation_results,test_selected_fraction,0.01132790071281749,0.010959121527523843,-0.0003687791852936464,True
1,recipient_full_weight_2,72,Uncalibrated,calibration_ablation_results,test_selected_fraction,0.01132790071281749,0.010959121527523843,-0.0003687791852936464,True
1,recipient_full_weight_2,82,Isotonic,calibration_ablation_results,test_selected_fraction,0.013318063489149023,0.013232481821675813,-8.558166747320989e-05,True
1,recipient_full_weight_2,82,Platt,calibration_ablation_results,test_selected_fraction,0.011744916837959671,0.012175937235961106,0.0004310203980014346,True
1,recipient_full_weight_2,82,Uncalibrated,calibration_ablation_results,test_selected_fraction,0.011744916837959671,0.012175937235961106,0.0004310203980014346,True
2,raw_safe,42,Isotonic,calibration_ablation_results,test_selected_fraction,0.00012551402949579694,0.00029727006985846643,0.0001717560403626695,True
2,raw_safe,42,Platt,calibration_ablation_results,test_selected_fraction,0.00012551402949579694,0.00029727006985846643,0.0001717560403626695,True
2,raw_safe,42,Uncalibrated,calibration_ablation_results,test_selected_fraction,0.00012551402949579694,0.00029727006985846643,0.0001717560403626695,True
2,raw_safe,52,Isotonic,calibration_ablation_results,test_selected_fraction,0.0005549041304024707,8.918102095753993e-05,-0.00046572310944493074,True
2,raw_safe,52,Platt,calibration_ablation_results,test_selected_fraction,0.0007283116711532427,8.918102095753993e-05,-0.0006391306501957027,True
2,raw_safe,52,Uncalibrated,calibration_ablation_results,test_selected_fraction,0.0007283116711532427,8.918102095753993e-05,-0.0006391306501957027,True
2,raw_safe,62,Isotonic,calibration_ablation_results,test_selected_fraction,0.00048223811332595665,0.0005912371389407276,0.00010899902561477097,True
2,raw_safe,62,Platt,calibration_ablation_results,test_selected_fraction,0.00048223811332595665,0.0005912371389407276,0.00010899902561477097,True
2,raw_safe,62,Uncalibrated,calibration_ablation_results,test_selected_fraction,0.00048223811332595665,0.0005912371389407276,0.00010899902561477097,True
2,raw_safe,72,Isotonic,calibration_ablation_results,test_selected_fraction,0.0012799128007795083,0.00029396706908226125,-0.000985945731697247,True
2,raw_safe,72,Platt,calibration_ablation_results,test_selected_fraction,0.00011725652755528398,0.00029396706908226125,0.00017671054152697727,True
2,raw_safe,72,Uncalibrated,calibration_ablation_results,test_selected_fraction,0.00011725652755528398,0.00029396706908226125,0.00017671054152697727,True
2,raw_safe,82,Isotonic,calibration_ablation_results,test_selected_fraction,6.440851513600106e-05,0.0001502865353173358,8.587802018133475e-05,True
2,raw_safe,82,Platt,calibration_ablation_results,test_selected_fraction,6.440851513600106e-05,0.00010734752522666843,4.293901009066737e-05,True
2,raw_safe,82,Uncalibrated,calibration_ablation_results,test_selected_fraction,6.440851513600106e-05,0.00010734752522666843,4.293901009066737e-05,True
2,recipient_full_weight_2,42,Isotonic,calibration_ablation_results,test_selected_fraction,0.009793397301448365,0.012591038958894156,0.0027976416574457905,True
2,recipient_full_weight_2,42,Platt,calibration_ablation_results,test_selected_fraction,0.009793397301448365,0.010671995507918945,0.0008785982064705797,True
2,recipient_full_weight_2,42,Uncalibrated,calibration_ablation_results,test_selected_fraction,0.009793397301448365,0.010671995507918945,0.0008785982064705797,True
2,recipient_full_weight_2,52,Isotonic,calibration_ablation_results,test_selected_fraction,0.015291242093441891,0.015192152070155736,-9.909002328615558e-05,True
2,recipient_full_weight_2,52,Platt,calibration_ablation_results,test_selected_fraction,0.015282984591501379,0.01511783455269112,-0.00016515003881025815,True
2,recipient_full_weight_2,52,Uncalibrated,calibration_ablation_results,test_selected_fraction,0.015282984591501379,0.01511783455269112,-0.00016515003881025815,True
2,recipient_full_weight_2,62,Isotonic,calibration_ablation_results,test_selected_fraction,0.013188882099387293,0.012399464913874255,-0.0007894171855130378,True
2,recipient_full_weight_2,62,Platt,calibration_ablation_results,test_selected_fraction,0.013278063120344833,0.008586150517745372,-0.004691912602599461,True
2,recipient_full_weight_2,62,Uncalibrated,calibration_ablation_results,test_selected_fraction,0.013278063120344833,0.008586150517745372,-0.004691912602599461,True
2,recipient_full_weight_2,72,Isotonic,calibration_ablation_results,test_selected_fraction,0.013425046654885964,0.018614060874304304,0.00518901421941834,True
2,recipient_full_weight_2,72,Platt,calibration_ablation_results,test_selected_fraction,0.013808194744925764,0.018903073442222258,0.005094878697296494,True
2,recipient_full_weight_2,72,Uncalibrated,calibration_ablation_results,test_selected_fraction,0.013808194744925764,0.018903073442222258,0.005094878697296494,True
2,recipient_full_weight_2,82,Isotonic,calibration_ablation_results,test_selected_fraction,0.01271490148800185,0.013585242192531915,0.0008703407045300652,True
2,recipient_full_weight_2,82,Platt,calibration_ablation_results,test_selected_fraction,0.013743786229789764,0.013598454195636735,-0.00014533203415302912,True
2,recipient_full_weight_2,82,Uncalibrated,calibration_ablation_results,test_selected_fraction,0.013743786229789764,0.013598454195636735,-0.00014533203415302912,True
3,raw_safe,42,Isotonic,calibration_ablation_results,test_selected_fraction,0.007434944237918215,0.005680649199102278,-0.001754295038815937,True
3,raw_safe,42,Platt,calibration_ablation_results,test_selected_fraction,0.009669825025953201,0.00818095152837262,-0.0014888734975805808,True
3,raw_safe,42,Uncalibrated,calibration_ablation_results,test_selected_fraction,0.009669825025953201,0.00818095152837262,-0.0014888734975805808,True
3,raw_safe,52,Isotonic,calibration_ablation_results,test_selected_fraction,0.009019620777009784,0.007359558238040718,-0.001660062538969066,True
3,raw_safe,52,Platt,calibration_ablation_results,test_selected_fraction,0.005559717490965459,0.007555875946055035,0.001996158455089576,True
3,raw_safe,52,Uncalibrated,calibration_ablation_results,test_selected_fraction,0.005559717490965459,0.007555875946055035,0.001996158455089576,True
3,raw_safe,62,Isotonic,calibration_ablation_results,test_selected_fraction,0.0159142986824726,0.01599125522401421,7.695654154160972e-05,True
3,raw_safe,62,Platt,calibration_ablation_results,test_selected_fraction,0.01467514130948623,0.010541475649536768,-0.004133665659949461,True
3,raw_safe,62,Uncalibrated,calibration_ablation_results,test_selected_fraction,0.01467514130948623,0.010541475649536768,-0.004133665659949461,True
3,raw_safe,72,Isotonic,calibration_ablation_results,test_selected_fraction,0.007213497863278066,0.009135840860154258,0.0019223429968761915,True
3,raw_safe,72,Platt,calibration_ablation_results,test_selected_fraction,0.006052867573497423,0.010101723983584698,0.004048856410087275,True
3,raw_safe,72,Uncalibrated,calibration_ablation_results,test_selected_fraction,0.006052867573497423,0.010101723983584698,0.004048856410087275,True
3,raw_safe,82,Isotonic,calibration_ablation_results,test_selected_fraction,0.014975114767332105,0.00994624035883736,-0.005028874408494746,True
3,raw_safe,82,Platt,calibration_ablation_results,test_selected_fraction,0.01480706680927185,0.007032885571904894,-0.007774181237366956,True
3,raw_safe,82,Uncalibrated,calibration_ablation_results,test_selected_fraction,0.01480706680927185,0.007032885571904894,-0.007774181237366956,True
3,recipient_full_weight_2,42,Isotonic,calibration_ablation_results,test_selected_fraction,0.018409889386750596,0.023569118753366848,0.0051592293666162525,True
3,recipient_full_weight_2,42,Platt,calibration_ablation_results,test_selected_fraction,0.016771814431079134,0.02436224229374469,0.007590427862665557,True
3,recipient_full_weight_2,42,Uncalibrated,calibration_ablation_results,test_selected_fraction,0.016771814431079134,0.02436224229374469,0.007590427862665557,True
3,recipient_full_weight_2,52,Isotonic,calibration_ablation_results,test_selected_fraction,0.019996136467506278,0.021591806798246647,0.0015956703307403695,True
3,recipient_full_weight_2,52,Platt,calibration_ablation_results,test_selected_fraction,0.019996136467506278,0.07734446533264858,0.057348328865142295,True
3,recipient_full_weight_2,52,Uncalibrated,calibration_ablation_results,test_selected_fraction,0.019996136467506278,0.07734446533264858,0.057348328865142295,True
3,recipient_full_weight_2,62,Isotonic,calibration_ablation_results,test_selected_fraction,0.03279919211336798,0.023799988377991684,-0.008999203735376295,True
3,recipient_full_weight_2,62,Platt,calibration_ablation_results,test_selected_fraction,0.03319810969605307,0.024052845585914126,-0.009145264110138947,True
3,recipient_full_weight_2,62,Uncalibrated,calibration_ablation_results,test_selected_fraction,0.03319810969605307,0.024052845585914126,-0.009145264110138947,True
3,recipient_full_weight_2,72,Isotonic,calibration_ablation_results,test_selected_fraction,0.024208329210661465,0.023077539212499,-0.001130789998162466,True
3,recipient_full_weight_2,72,Platt,calibration_ablation_results,test_selected_fraction,0.02499202950105462,0.02283567579622536,-0.0021563537048292607,True
3,recipient_full_weight_2,72,Uncalibrated,calibration_ablation_results,test_selected_fraction,0.02499202950105462,0.02283567579622536,-0.0021563537048292607,True
3,recipient_full_weight_2,82,Isotonic,calibration_ablation_results,test_selected_fraction,0.029980069826282388,0.02847863199538889,-0.0015014378308934977,True
3,recipient_full_weight_2,82,Platt,calibration_ablation_results,test_selected_fraction,0.029824586201535046,0.02847863199538889,-0.0013459542061461556,True
3,recipient_full_weight_2,82,Uncalibrated,calibration_ablation_results,test_selected_fraction,0.029824586201535046,0.02847863199538889,-0.0013459542061461556,True
1,raw_safe,42,Isotonic,calibration_ablation_results,capacity_deviation,-0.02988796581712598,-0.02988796581712598,0.0,False
1,raw_safe,42,Platt,calibration_ablation_results,capacity_deviation,-0.02988796581712598,-0.02988796581712598,0.0,False
1,raw_safe,42,Uncalibrated,calibration_ablation_results,capacity_deviation,-0.02988796581712598,-0.02988796581712598,0.0,False
1,raw_safe,52,Isotonic,calibration_ablation_results,capacity_deviation,-0.029895745968714454,-0.029743254997580373,0.00015249097113408105,True
1,raw_safe,52,Platt,calibration_ablation_results,capacity_deviation,-0.029895745968714454,-0.029743254997580373,0.00015249097113408105,True
1,raw_safe,52,Uncalibrated,calibration_ablation_results,capacity_deviation,-0.029895745968714454,-0.029743254997580373,0.00015249097113408105,True
1,raw_safe,62,Isotonic,calibration_ablation_results,capacity_deviation,-0.029880185665537507,-0.029895745968714454,-1.556030317694662e-05,True
1,raw_safe,62,Platt,calibration_ablation_results,capacity_deviation,-0.029880185665537507,-0.029895745968714454,-1.556030317694662e-05,True
1,raw_safe,62,Uncalibrated,calibration_ablation_results,capacity_deviation,-0.029880185665537507,-0.029895745968714454,-1.556030317694662e-05,True
1,raw_safe,72,Isotonic,calibration_ablation_results,capacity_deviation,-0.029895745968714454,-0.02988796581712598,7.78015158847331e-06,True
1,raw_safe,72,Platt,calibration_ablation_results,capacity_deviation,-0.029895745968714454,-0.02988796581712598,7.78015158847331e-06,True
1,raw_safe,72,Uncalibrated,calibration_ablation_results,capacity_deviation,-0.029895745968714454,-0.02988796581712598,7.78015158847331e-06,True
1,raw_safe,82,Isotonic,calibration_ablation_results,capacity_deviation,-0.02988796581712598,-0.029109950658278625,0.0007780151588473554,True
1,raw_safe,82,Platt,calibration_ablation_results,capacity_deviation,-0.02959387608708168,-0.029109950658278625,0.0004839254288030552,True
1,raw_safe,82,Uncalibrated,calibration_ablation_results,capacity_deviation,-0.02959387608708168,-0.029109950658278625,0.0004839254288030552,True
1,recipient_full_weight_2,42,Isotonic,calibration_ablation_results,capacity_deviation,-0.02165500940620327,-0.01797810976549067,0.0036768996407125984,True
1,recipient_full_weight_2,42,Platt,calibration_ablation_results,capacity_deviation,-0.021679905891286384,-0.019274283020130362,0.002405622871156022,True
1,recipient_full_weight_2,42,Uncalibrated,calibration_ablation_results,capacity_deviation,-0.021679905891286384,-0.019274283020130362,0.002405622871156022,True
1,recipient_full_weight_2,52,Isotonic,calibration_ablation_results,capacity_deviation,-0.022787799477485018,-0.016979138301530666,0.0058086611759543515,True
1,recipient_full_weight_2,52,Platt,calibration_ablation_results,capacity_deviation,-0.021275338008685758,-0.017117624999805493,0.004157713008880265,True
1,recipient_full_weight_2,52,Uncalibrated,calibration_ablation_results,capacity_deviation,-0.021275338008685758,-0.017117624999805493,0.004157713008880265,True
1,recipient_full_weight_2,62,Isotonic,calibration_ablation_results,capacity_deviation,-0.02181994861987891,-0.018653426923370173,0.003166521696508738,True
1,recipient_full_weight_2,62,Platt,calibration_ablation_results,capacity_deviation,-0.021270669917732674,-0.018952184744367558,0.002318485173365116,True
1,recipient_full_weight_2,62,Uncalibrated,calibration_ablation_results,capacity_deviation,-0.021270669917732674,-0.018952184744367558,0.002318485173365116,True
1,recipient_full_weight_2,72,Isotonic,calibration_ablation_results,capacity_deviation,-0.017718252702435655,-0.019040878472476156,-0.001322625770040501,True
1,recipient_full_weight_2,72,Platt,calibration_ablation_results,capacity_deviation,-0.01867209928718251,-0.019040878472476156,-0.00036877918529364465,True
1,recipient_full_weight_2,72,Uncalibrated,calibration_ablation_results,capacity_deviation,-0.01867209928718251,-0.019040878472476156,-0.00036877918529364465,True
1,recipient_full_weight_2,82,Isotonic,calibration_ablation_results,capacity_deviation,-0.016681936510850974,-0.016767518178324184,-8.558166747320989e-05,True
1,recipient_full_weight_2,82,Platt,calibration_ablation_results,capacity_deviation,-0.018255083162040327,-0.017824062764038893,0.0004310203980014346,True
1,recipient_full_weight_2,82,Uncalibrated,calibration_ablation_results,capacity_deviation,-0.018255083162040327,-0.017824062764038893,0.0004310203980014346,True
2,raw_safe,42,Isotonic,calibration_ablation_results,capacity_deviation,-0.0298744859705042,-0.029702729930141534,0.00017175604036266667,True
2,raw_safe,42,Platt,calibration_ablation_results,capacity_deviation,-0.0298744859705042,-0.029702729930141534,0.00017175604036266667,True
2,raw_safe,42,Uncalibrated,calibration_ablation_results,capacity_deviation,-0.0298744859705042,-0.029702729930141534,0.00017175604036266667,True
2,raw_safe,52,Isotonic,calibration_ablation_results,capacity_deviation,-0.029445095869597527,-0.02991081897904246,-0.0004657231094449335,True
2,raw_safe,52,Platt,calibration_ablation_results,capacity_deviation,-0.029271688328846756,-0.02991081897904246,-0.0006391306501957045,True
2,raw_safe,52,Uncalibrated,calibration_ablation_results,capacity_deviation,-0.029271688328846756,-0.02991081897904246,-0.0006391306501957045,True
2,raw_safe,62,Isotonic,calibration_ablation_results,capacity_deviation,-0.029517761886674043,-0.02940876286105927,0.0001089990256147727,True
2,raw_safe,62,Platt,calibration_ablation_results,capacity_deviation,-0.029517761886674043,-0.02940876286105927,0.0001089990256147727,True
2,raw_safe,62,Uncalibrated,calibration_ablation_results,capacity_deviation,-0.029517761886674043,-0.02940876286105927,0.0001089990256147727,True
2,raw_safe,72,Isotonic,calibration_ablation_results,capacity_deviation,-0.02872008719922049,-0.02970603293091774,-0.0009859457316972499,True
2,raw_safe,72,Platt,calibration_ablation_results,capacity_deviation,-0.029882743472444715,-0.02970603293091774,0.0001767105415269761,True
2,raw_safe,72,Uncalibrated,calibration_ablation_results,capacity_deviation,-0.029882743472444715,-0.02970603293091774,0.0001767105415269761,True
2,raw_safe,82,Isotonic,calibration_ablation_results,capacity_deviation,-0.029935591484863997,-0.029849713464682664,8.587802018133334e-05,True
2,raw_safe,82,Platt,calibration_ablation_results,capacity_deviation,-0.029935591484863997,-0.02989265247477333,4.293901009066667e-05,True
2,raw_safe,82,Uncalibrated,calibration_ablation_results,capacity_deviation,-0.029935591484863997,-0.02989265247477333,4.293901009066667e-05,True
2,recipient_full_weight_2,42,Isotonic,calibration_ablation_results,capacity_deviation,-0.020206602698551634,-0.01740896104110584,0.0027976416574457923,True
2,recipient_full_weight_2,42,Platt,calibration_ablation_results,capacity_deviation,-0.020206602698551634,-0.019328004492081052,0.0008785982064705815,True
2,recipient_full_weight_2,42,Uncalibrated,calibration_ablation_results,capacity_deviation,-0.020206602698551634,-0.019328004492081052,0.0008785982064705815,True
2,recipient_full_weight_2,52,Isotonic,calibration_ablation_results,capacity_deviation,-0.014708757906558107,-0.014807847929844263,-9.909002328615558e-05,True
2,recipient_full_weight_2,52,Platt,calibration_ablation_results,capacity_deviation,-0.01471701540849862,-0.014882165447308878,-0.00016515003881025815,True
2,recipient_full_weight_2,52,Uncalibrated,calibration_ablation_results,capacity_deviation,-0.01471701540849862,-0.014882165447308878,-0.00016515003881025815,True
2,recipient_full_weight_2,62,Isotonic,calibration_ablation_results,capacity_deviation,-0.016811117900612706,-0.017600535086125746,-0.0007894171855130395,True
2,recipient_full_weight_2,62,Platt,calibration_ablation_results,capacity_deviation,-0.016721936879655168,-0.021413849482254627,-0.004691912602599459,True
2,recipient_full_weight_2,62,Uncalibrated,calibration_ablation_results,capacity_deviation,-0.016721936879655168,-0.021413849482254627,-0.004691912602599459,True
2,recipient_full_weight_2,72,Isotonic,calibration_ablation_results,capacity_deviation,-0.016574953345114034,-0.011385939125695695,0.00518901421941834,True
2,recipient_full_weight_2,72,Platt,calibration_ablation_results,capacity_deviation,-0.016191805255074236,-0.01109692655777774,0.0050948786972964955,True
2,recipient_full_weight_2,72,Uncalibrated,calibration_ablation_results,capacity_deviation,-0.016191805255074236,-0.01109692655777774,0.0050948786972964955,True
2,recipient_full_weight_2,82,Isotonic,calibration_ablation_results,capacity_deviation,-0.01728509851199815,-0.016414757807468084,0.0008703407045300669,True
2,recipient_full_weight_2,82,Platt,calibration_ablation_results,capacity_deviation,-0.016256213770210234,-0.016401545804363264,-0.00014533203415302912,True
2,recipient_full_weight_2,82,Uncalibrated,calibration_ablation_results,capacity_deviation,-0.016256213770210234,-0.016401545804363264,-0.00014533203415302912,True
3,raw_safe,42,Isotonic,calibration_ablation_results,capacity_deviation,-0.022565055762081784,-0.02431935080089772,-0.001754295038815936,True
3,raw_safe,42,Platt,calibration_ablation_results,capacity_deviation,-0.020330174974046798,-0.021819048471627377,-0.001488873497580579,True
3,raw_safe,42,Uncalibrated,calibration_ablation_results,capacity_deviation,-0.020330174974046798,-0.021819048471627377,-0.001488873497580579,True
3,raw_safe,52,Isotonic,calibration_ablation_results,capacity_deviation,-0.020980379222990217,-0.02264044176195928,-0.0016600625389690642,True
3,raw_safe,52,Platt,calibration_ablation_results,capacity_deviation,-0.02444028250903454,-0.022444124053944962,0.0019961584550895785,True
3,raw_safe,52,Uncalibrated,calibration_ablation_results,capacity_deviation,-0.02444028250903454,-0.022444124053944962,0.0019961584550895785,True
3,raw_safe,62,Isotonic,calibration_ablation_results,capacity_deviation,-0.0140857013175274,-0.01400874477598579,7.695654154160972e-05,True
3,raw_safe,62,Platt,calibration_ablation_results,capacity_deviation,-0.01532485869051377,-0.019458524350463233,-0.004133665659949463,True
3,raw_safe,62,Uncalibrated,calibration_ablation_results,capacity_deviation,-0.01532485869051377,-0.019458524350463233,-0.004133665659949463,True
3,raw_safe,72,Isotonic,calibration_ablation_results,capacity_deviation,-0.022786502136721933,-0.02086415913984574,0.0019223429968761932,True
3,raw_safe,72,Platt,calibration_ablation_results,capacity_deviation,-0.023947132426502576,-0.0198982760164153,0.004048856410087277,True
3,raw_safe,72,Uncalibrated,calibration_ablation_results,capacity_deviation,-0.023947132426502576,-0.0198982760164153,0.004048856410087277,True
3,raw_safe,82,Isotonic,calibration_ablation_results,capacity_deviation,-0.015024885232667894,-0.02005375964116264,-0.005028874408494748,True
3,raw_safe,82,Platt,calibration_ablation_results,capacity_deviation,-0.015192933190728149,-0.022967114428095105,-0.007774181237366956,True
3,raw_safe,82,Uncalibrated,calibration_ablation_results,capacity_deviation,-0.015192933190728149,-0.022967114428095105,-0.007774181237366956,True
3,recipient_full_weight_2,42,Isotonic,calibration_ablation_results,capacity_deviation,-0.011590110613249403,-0.006430881246633151,0.0051592293666162525,True
3,recipient_full_weight_2,42,Platt,calibration_ablation_results,capacity_deviation,-0.013228185568920865,-0.005637757706255308,0.007590427862665557,True
3,recipient_full_weight_2,42,Uncalibrated,calibration_ablation_results,capacity_deviation,-0.013228185568920865,-0.005637757706255308,0.007590427862665557,True
3,recipient_full_weight_2,52,Isotonic,calibration_ablation_results,capacity_deviation,-0.010003863532493721,-0.008408193201753351,0.0015956703307403695,True
3,recipient_full_weight_2,52,Platt,calibration_ablation_results,capacity_deviation,-0.010003863532493721,0.04734446533264858,0.057348328865142295,True
3,recipient_full_weight_2,52,Uncalibrated,calibration_ablation_results,capacity_deviation,-0.010003863532493721,0.04734446533264858,0.057348328865142295,True
3,recipient_full_weight_2,62,Isotonic,calibration_ablation_results,capacity_deviation,0.0027991921133679806,-0.006200011622008315,-0.008999203735376295,True
3,recipient_full_weight_2,62,Platt,calibration_ablation_results,capacity_deviation,0.003198109696053074,-0.005947154414085873,-0.009145264110138947,True
3,recipient_full_weight_2,62,Uncalibrated,calibration_ablation_results,capacity_deviation,0.003198109696053074,-0.005947154414085873,-0.009145264110138947,True
3,recipient_full_weight_2,72,Isotonic,calibration_ablation_results,capacity_deviation,-0.005791670789338534,-0.006922460787501,-0.001130789998162466,True
3,recipient_full_weight_2,72,Platt,calibration_ablation_results,capacity_deviation,-0.0050079704989453785,-0.007164324203774639,-0.0021563537048292607,True
3,recipient_full_weight_2,72,Uncalibrated,calibration_ablation_results,capacity_deviation,-0.0050079704989453785,-0.007164324203774639,-0.0021563537048292607,True
3,recipient_full_weight_2,82,Isotonic,calibration_ablation_results,capacity_deviation,-1.9930173717611077e-05,-0.0015213680046111087,-0.0015014378308934977,True
3,recipient_full_weight_2,82,Platt,calibration_ablation_results,capacity_deviation,-0.00017541379846495314,-0.0015213680046111087,-0.0013459542061461556,True
3,recipient_full_weight_2,82,Uncalibrated,calibration_ablation_results,capacity_deviation,-0.00017541379846495314,-0.0015213680046111087,-0.0013459542061461556,True
1,raw_safe,42,Isotonic,calibration_ablation_results,capacity_deviation_abs,0.02988796581712598,0.02988796581712598,0.0,False
1,raw_safe,42,Platt,calibration_ablation_results,capacity_deviation_abs,0.02988796581712598,0.02988796581712598,0.0,False
1,raw_safe,42,Uncalibrated,calibration_ablation_results,capacity_deviation_abs,0.02988796581712598,0.02988796581712598,0.0,False
1,raw_safe,52,Isotonic,calibration_ablation_results,capacity_deviation_abs,0.029895745968714454,0.029743254997580373,-0.00015249097113408105,True
1,raw_safe,52,Platt,calibration_ablation_results,capacity_deviation_abs,0.029895745968714454,0.029743254997580373,-0.00015249097113408105,True
1,raw_safe,52,Uncalibrated,calibration_ablation_results,capacity_deviation_abs,0.029895745968714454,0.029743254997580373,-0.00015249097113408105,True
1,raw_safe,62,Isotonic,calibration_ablation_results,capacity_deviation_abs,0.029880185665537507,0.029895745968714454,1.556030317694662e-05,True
1,raw_safe,62,Platt,calibration_ablation_results,capacity_deviation_abs,0.029880185665537507,0.029895745968714454,1.556030317694662e-05,True
1,raw_safe,62,Uncalibrated,calibration_ablation_results,capacity_deviation_abs,0.029880185665537507,0.029895745968714454,1.556030317694662e-05,True
1,raw_safe,72,Isotonic,calibration_ablation_results,capacity_deviation_abs,0.029895745968714454,0.02988796581712598,-7.78015158847331e-06,True
1,raw_safe,72,Platt,calibration_ablation_results,capacity_deviation_abs,0.029895745968714454,0.02988796581712598,-7.78015158847331e-06,True
1,raw_safe,72,Uncalibrated,calibration_ablation_results,capacity_deviation_abs,0.029895745968714454,0.02988796581712598,-7.78015158847331e-06,True
1,raw_safe,82,Isotonic,calibration_ablation_results,capacity_deviation_abs,0.02988796581712598,0.029109950658278625,-0.0007780151588473554,True
1,raw_safe,82,Platt,calibration_ablation_results,capacity_deviation_abs,0.02959387608708168,0.029109950658278625,-0.0004839254288030552,True
1,raw_safe,82,Uncalibrated,calibration_ablation_results,capacity_deviation_abs,0.02959387608708168,0.029109950658278625,-0.0004839254288030552,True
1,recipient_full_weight_2,42,Isotonic,calibration_ablation_results,capacity_deviation_abs,0.02165500940620327,0.01797810976549067,-0.0036768996407125984,True
1,recipient_full_weight_2,42,Platt,calibration_ablation_results,capacity_deviation_abs,0.021679905891286384,0.019274283020130362,-0.002405622871156022,True
1,recipient_full_weight_2,42,Uncalibrated,calibration_ablation_results,capacity_deviation_abs,0.021679905891286384,0.019274283020130362,-0.002405622871156022,True
1,recipient_full_weight_2,52,Isotonic,calibration_ablation_results,capacity_deviation_abs,0.022787799477485018,0.016979138301530666,-0.0058086611759543515,True
1,recipient_full_weight_2,52,Platt,calibration_ablation_results,capacity_deviation_abs,0.021275338008685758,0.017117624999805493,-0.004157713008880265,True
1,recipient_full_weight_2,52,Uncalibrated,calibration_ablation_results,capacity_deviation_abs,0.021275338008685758,0.017117624999805493,-0.004157713008880265,True
1,recipient_full_weight_2,62,Isotonic,calibration_ablation_results,capacity_deviation_abs,0.02181994861987891,0.018653426923370173,-0.003166521696508738,True
1,recipient_full_weight_2,62,Platt,calibration_ablation_results,capacity_deviation_abs,0.021270669917732674,0.018952184744367558,-0.002318485173365116,True
1,recipient_full_weight_2,62,Uncalibrated,calibration_ablation_results,capacity_deviation_abs,0.021270669917732674,0.018952184744367558,-0.002318485173365116,True
1,recipient_full_weight_2,72,Isotonic,calibration_ablation_results,capacity_deviation_abs,0.017718252702435655,0.019040878472476156,0.001322625770040501,True
1,recipient_full_weight_2,72,Platt,calibration_ablation_results,capacity_deviation_abs,0.01867209928718251,0.019040878472476156,0.00036877918529364465,True
1,recipient_full_weight_2,72,Uncalibrated,calibration_ablation_results,capacity_deviation_abs,0.01867209928718251,0.019040878472476156,0.00036877918529364465,True
1,recipient_full_weight_2,82,Isotonic,calibration_ablation_results,capacity_deviation_abs,0.016681936510850974,0.016767518178324184,8.558166747320989e-05,True
1,recipient_full_weight_2,82,Platt,calibration_ablation_results,capacity_deviation_abs,0.018255083162040327,0.017824062764038893,-0.0004310203980014346,True
1,recipient_full_weight_2,82,Uncalibrated,calibration_ablation_results,capacity_deviation_abs,0.018255083162040327,0.017824062764038893,-0.0004310203980014346,True
2,raw_safe,42,Isotonic,calibration_ablation_results,capacity_deviation_abs,0.0298744859705042,0.029702729930141534,-0.00017175604036266667,True
2,raw_safe,42,Platt,calibration_ablation_results,capacity_deviation_abs,0.0298744859705042,0.029702729930141534,-0.00017175604036266667,True
2,raw_safe,42,Uncalibrated,calibration_ablation_results,capacity_deviation_abs,0.0298744859705042,0.029702729930141534,-0.00017175604036266667,True
2,raw_safe,52,Isotonic,calibration_ablation_results,capacity_deviation_abs,0.029445095869597527,0.02991081897904246,0.0004657231094449335,True
2,raw_safe,52,Platt,calibration_ablation_results,capacity_deviation_abs,0.029271688328846756,0.02991081897904246,0.0006391306501957045,True
2,raw_safe,52,Uncalibrated,calibration_ablation_results,capacity_deviation_abs,0.029271688328846756,0.02991081897904246,0.0006391306501957045,True
2,raw_safe,62,Isotonic,calibration_ablation_results,capacity_deviation_abs,0.029517761886674043,0.02940876286105927,-0.0001089990256147727,True
2,raw_safe,62,Platt,calibration_ablation_results,capacity_deviation_abs,0.029517761886674043,0.02940876286105927,-0.0001089990256147727,True
2,raw_safe,62,Uncalibrated,calibration_ablation_results,capacity_deviation_abs,0.029517761886674043,0.02940876286105927,-0.0001089990256147727,True
2,raw_safe,72,Isotonic,calibration_ablation_results,capacity_deviation_abs,0.02872008719922049,0.02970603293091774,0.0009859457316972499,True
2,raw_safe,72,Platt,calibration_ablation_results,capacity_deviation_abs,0.029882743472444715,0.02970603293091774,-0.0001767105415269761,True
2,raw_safe,72,Uncalibrated,calibration_ablation_results,capacity_deviation_abs,0.029882743472444715,0.02970603293091774,-0.0001767105415269761,True
2,raw_safe,82,Isotonic,calibration_ablation_results,capacity_deviation_abs,0.029935591484863997,0.029849713464682664,-8.587802018133334e-05,True
2,raw_safe,82,Platt,calibration_ablation_results,capacity_deviation_abs,0.029935591484863997,0.02989265247477333,-4.293901009066667e-05,True
2,raw_safe,82,Uncalibrated,calibration_ablation_results,capacity_deviation_abs,0.029935591484863997,0.02989265247477333,-4.293901009066667e-05,True
2,recipient_full_weight_2,42,Isotonic,calibration_ablation_results,capacity_deviation_abs,0.020206602698551634,0.01740896104110584,-0.0027976416574457923,True
2,recipient_full_weight_2,42,Platt,calibration_ablation_results,capacity_deviation_abs,0.020206602698551634,0.019328004492081052,-0.0008785982064705815,True
2,recipient_full_weight_2,42,Uncalibrated,calibration_ablation_results,capacity_deviation_abs,0.020206602698551634,0.019328004492081052,-0.0008785982064705815,True
2,recipient_full_weight_2,52,Isotonic,calibration_ablation_results,capacity_deviation_abs,0.014708757906558107,0.014807847929844263,9.909002328615558e-05,True
2,recipient_full_weight_2,52,Platt,calibration_ablation_results,capacity_deviation_abs,0.01471701540849862,0.014882165447308878,0.00016515003881025815,True
2,recipient_full_weight_2,52,Uncalibrated,calibration_ablation_results,capacity_deviation_abs,0.01471701540849862,0.014882165447308878,0.00016515003881025815,True
2,recipient_full_weight_2,62,Isotonic,calibration_ablation_results,capacity_deviation_abs,0.016811117900612706,0.017600535086125746,0.0007894171855130395,True
2,recipient_full_weight_2,62,Platt,calibration_ablation_results,capacity_deviation_abs,0.016721936879655168,0.021413849482254627,0.004691912602599459,True
2,recipient_full_weight_2,62,Uncalibrated,calibration_ablation_results,capacity_deviation_abs,0.016721936879655168,0.021413849482254627,0.004691912602599459,True
2,recipient_full_weight_2,72,Isotonic,calibration_ablation_results,capacity_deviation_abs,0.016574953345114034,0.011385939125695695,-0.00518901421941834,True
2,recipient_full_weight_2,72,Platt,calibration_ablation_results,capacity_deviation_abs,0.016191805255074236,0.01109692655777774,-0.0050948786972964955,True
2,recipient_full_weight_2,72,Uncalibrated,calibration_ablation_results,capacity_deviation_abs,0.016191805255074236,0.01109692655777774,-0.0050948786972964955,True
2,recipient_full_weight_2,82,Isotonic,calibration_ablation_results,capacity_deviation_abs,0.01728509851199815,0.016414757807468084,-0.0008703407045300669,True
2,recipient_full_weight_2,82,Platt,calibration_ablation_results,capacity_deviation_abs,0.016256213770210234,0.016401545804363264,0.00014533203415302912,True
2,recipient_full_weight_2,82,Uncalibrated,calibration_ablation_results,capacity_deviation_abs,0.016256213770210234,0.016401545804363264,0.00014533203415302912,True
3,raw_safe,42,Isotonic,calibration_ablation_results,capacity_deviation_abs,0.022565055762081784,0.02431935080089772,0.001754295038815936,True
3,raw_safe,42,Platt,calibration_ablation_results,capacity_deviation_abs,0.020330174974046798,0.021819048471627377,0.001488873497580579,True
3,raw_safe,42,Uncalibrated,calibration_ablation_results,capacity_deviation_abs,0.020330174974046798,0.021819048471627377,0.001488873497580579,True
3,raw_safe,52,Isotonic,calibration_ablation_results,capacity_deviation_abs,0.020980379222990217,0.02264044176195928,0.0016600625389690642,True
3,raw_safe,52,Platt,calibration_ablation_results,capacity_deviation_abs,0.02444028250903454,0.022444124053944962,-0.0019961584550895785,True
3,raw_safe,52,Uncalibrated,calibration_ablation_results,capacity_deviation_abs,0.02444028250903454,0.022444124053944962,-0.0019961584550895785,True
3,raw_safe,62,Isotonic,calibration_ablation_results,capacity_deviation_abs,0.0140857013175274,0.01400874477598579,-7.695654154160972e-05,True
3,raw_safe,62,Platt,calibration_ablation_results,capacity_deviation_abs,0.01532485869051377,0.019458524350463233,0.004133665659949463,True
3,raw_safe,62,Uncalibrated,calibration_ablation_results,capacity_deviation_abs,0.01532485869051377,0.019458524350463233,0.004133665659949463,True
3,raw_safe,72,Isotonic,calibration_ablation_results,capacity_deviation_abs,0.022786502136721933,0.02086415913984574,-0.0019223429968761932,True
3,raw_safe,72,Platt,calibration_ablation_results,capacity_deviation_abs,0.023947132426502576,0.0198982760164153,-0.004048856410087277,True
3,raw_safe,72,Uncalibrated,calibration_ablation_results,capacity_deviation_abs,0.023947132426502576,0.0198982760164153,-0.004048856410087277,True
3,raw_safe,82,Isotonic,calibration_ablation_results,capacity_deviation_abs,0.015024885232667894,0.02005375964116264,0.005028874408494748,True
3,raw_safe,82,Platt,calibration_ablation_results,capacity_deviation_abs,0.015192933190728149,0.022967114428095105,0.007774181237366956,True
3,raw_safe,82,Uncalibrated,calibration_ablation_results,capacity_deviation_abs,0.015192933190728149,0.022967114428095105,0.007774181237366956,True
3,recipient_full_weight_2,42,Isotonic,calibration_ablation_results,capacity_deviation_abs,0.011590110613249403,0.006430881246633151,-0.0051592293666162525,True
3,recipient_full_weight_2,42,Platt,calibration_ablation_results,capacity_deviation_abs,0.013228185568920865,0.005637757706255308,-0.007590427862665557,True
3,recipient_full_weight_2,42,Uncalibrated,calibration_ablation_results,capacity_deviation_abs,0.013228185568920865,0.005637757706255308,-0.007590427862665557,True
3,recipient_full_weight_2,52,Isotonic,calibration_ablation_results,capacity_deviation_abs,0.010003863532493721,0.008408193201753351,-0.0015956703307403695,True
3,recipient_full_weight_2,52,Platt,calibration_ablation_results,capacity_deviation_abs,0.010003863532493721,0.04734446533264858,0.03734060180015486,True
3,recipient_full_weight_2,52,Uncalibrated,calibration_ablation_results,capacity_deviation_abs,0.010003863532493721,0.04734446533264858,0.03734060180015486,True
3,recipient_full_weight_2,62,Isotonic,calibration_ablation_results,capacity_deviation_abs,0.0027991921133679806,0.006200011622008315,0.003400819508640334,True
3,recipient_full_weight_2,62,Platt,calibration_ablation_results,capacity_deviation_abs,0.003198109696053074,0.005947154414085873,0.002749044718032799,True
3,recipient_full_weight_2,62,Uncalibrated,calibration_ablation_results,capacity_deviation_abs,0.003198109696053074,0.005947154414085873,0.002749044718032799,True
3,recipient_full_weight_2,72,Isotonic,calibration_ablation_results,capacity_deviation_abs,0.005791670789338534,0.006922460787501,0.001130789998162466,True
3,recipient_full_weight_2,72,Platt,calibration_ablation_results,capacity_deviation_abs,0.0050079704989453785,0.007164324203774639,0.0021563537048292607,True
3,recipient_full_weight_2,72,Uncalibrated,calibration_ablation_results,capacity_deviation_abs,0.0050079704989453785,0.007164324203774639,0.0021563537048292607,True
3,recipient_full_weight_2,82,Isotonic,calibration_ablation_results,capacity_deviation_abs,1.9930173717611077e-05,0.0015213680046111087,0.0015014378308934977,True
3,recipient_full_weight_2,82,Platt,calibration_ablation_results,capacity_deviation_abs,0.00017541379846495314,0.0015213680046111087,0.0013459542061461556,True
3,recipient_full_weight_2,82,Uncalibrated,calibration_ablation_results,capacity_deviation_abs,0.00017541379846495314,0.0015213680046111087,0.0013459542061461556,True
1,raw_safe,42,Isotonic,calibration_ablation_results,precision,0.9861111111111112,0.9861111111111112,0.0,False
1,raw_safe,42,Platt,calibration_ablation_results,precision,0.9861111111111112,0.9861111111111112,0.0,False
1,raw_safe,42,Uncalibrated,calibration_ablation_results,precision,0.9861111111111112,0.9861111111111112,0.0,False
1,raw_safe,52,Isotonic,calibration_ablation_results,precision,1.0,0.048484848484848485,-0.9515151515151515,True
1,raw_safe,52,Platt,calibration_ablation_results,precision,1.0,0.048484848484848485,-0.9515151515151515,True
1,raw_safe,52,Uncalibrated,calibration_ablation_results,precision,1.0,0.048484848484848485,-0.9515151515151515,True
1,raw_safe,62,Isotonic,calibration_ablation_results,precision,0.987012987012987,1.0,0.012987012987012991,True
1,raw_safe,62,Platt,calibration_ablation_results,precision,0.987012987012987,1.0,0.012987012987012991,True
1,raw_safe,62,Uncalibrated,calibration_ablation_results,precision,0.987012987012987,1.0,0.012987012987012991,True
1,raw_safe,72,Isotonic,calibration_ablation_results,precision,1.0,1.0,0.0,False
1,raw_safe,72,Platt,calibration_ablation_results,precision,1.0,1.0,0.0,False
1,raw_safe,72,Uncalibrated,calibration_ablation_results,precision,1.0,1.0,0.0,False
1,raw_safe,82,Isotonic,calibration_ablation_results,precision,0.9861111111111112,0.12237762237762238,-0.8637334887334888,True
1,raw_safe,82,Platt,calibration_ablation_results,precision,0.31417624521072796,0.12237762237762238,-0.19179862283310556,True
1,raw_safe,82,Uncalibrated,calibration_ablation_results,precision,0.31417624521072796,0.12237762237762238,-0.19179862283310556,True
1,recipient_full_weight_2,42,Isotonic,calibration_ablation_results,precision,0.046988625769159055,0.04530157908361377,-0.0016870466855452848,True
1,recipient_full_weight_2,42,Platt,calibration_ablation_results,precision,0.046942210585374976,0.04961555200928478,0.0026733414239098058,True
1,recipient_full_weight_2,42,Uncalibrated,calibration_ablation_results,precision,0.046942210585374976,0.04961555200928478,0.0026733414239098058,True
1,recipient_full_weight_2,52,Isotonic,calibration_ablation_results,precision,0.07227615965480043,0.04349904397705545,-0.028777115677744977,True
1,recipient_full_weight_2,52,Platt,calibration_ablation_results,precision,0.061530230069555915,0.043845875105689096,-0.01768435496386682,True
1,recipient_full_weight_2,52,Uncalibrated,calibration_ablation_results,precision,0.061530230069555915,0.043845875105689096,-0.01768435496386682,True
1,recipient_full_weight_2,62,Isotonic,calibration_ablation_results,precision,0.06258322237017311,0.04827207899067471,-0.014311143379498396,True
1,recipient_full_weight_2,62,Platt,calibration_ablation_results,precision,0.059358288770053474,0.04873239436619718,-0.010625894403856292,True
1,recipient_full_weight_2,62,Uncalibrated,calibration_ablation_results,precision,0.059358288770053474,0.04873239436619718,-0.010625894403856292,True
1,recipient_full_weight_2,72,Isotonic,calibration_ablation_results,precision,0.03864183453693146,0.04671304841686781,0.008071213879936354,True
1,recipient_full_weight_2,72,Platt,calibration_ablation_results,precision,0.040934065934065934,0.04671304841686781,0.005778982482801877,True
1,recipient_full_weight_2,72,Uncalibrated,calibration_ablation_results,precision,0.040934065934065934,0.04671304841686781,0.005778982482801877,True
1,recipient_full_weight_2,82,Isotonic,calibration_ablation_results,precision,0.04428087393387078,0.04444967074317968,0.00016879680930890345,True
1,recipient_full_weight_2,82,Platt,calibration_ablation_results,precision,0.04663487016428193,0.04600638977635783,-0.0006284803879241033,True
1,recipient_full_weight_2,82,Uncalibrated,calibration_ablation_results,precision,0.04663487016428193,0.04600638977635783,-0.0006284803879241033,True
2,raw_safe,42,Isotonic,calibration_ablation_results,precision,0.5921052631578947,0.2722222222222222,-0.3198830409356725,True
2,raw_safe,42,Platt,calibration_ablation_results,precision,0.5921052631578947,0.2722222222222222,-0.3198830409356725,True
2,raw_safe,42,Uncalibrated,calibration_ablation_results,precision,0.5921052631578947,0.2722222222222222,-0.3198830409356725,True
2,raw_safe,52,Isotonic,calibration_ablation_results,precision,0.12797619047619047,0.6481481481481481,0.5201719576719577,True
2,raw_safe,52,Platt,calibration_ablation_results,precision,0.09977324263038549,0.6481481481481481,0.5483749055177627,True
2,raw_safe,52,Uncalibrated,calibration_ablation_results,precision,0.09977324263038549,0.6481481481481481,0.5483749055177627,True
2,raw_safe,62,Isotonic,calibration_ablation_results,precision,0.1678082191780822,0.13687150837988826,-0.030936710798193934,True
2,raw_safe,62,Platt,calibration_ablation_results,precision,0.1678082191780822,0.13687150837988826,-0.030936710798193934,True
2,raw_safe,62,Uncalibrated,calibration_ablation_results,precision,0.1678082191780822,0.13687150837988826,-0.030936710798193934,True
2,raw_safe,72,Isotonic,calibration_ablation_results,precision,0.06451612903225806,0.2752808988764045,0.21076476984414644,True
2,raw_safe,72,Platt,calibration_ablation_results,precision,0.5211267605633803,0.2752808988764045,-0.24584586168697575,True
2,raw_safe,72,Uncalibrated,calibration_ablation_results,precision,0.5211267605633803,0.2752808988764045,-0.24584586168697575,True
2,raw_safe,82,Isotonic,calibration_ablation_results,precision,0.9487179487179487,0.42857142857142855,-0.5201465201465201,True
2,raw_safe,82,Platt,calibration_ablation_results,precision,0.9487179487179487,0.47692307692307695,-0.47179487179487173,True
2,raw_safe,82,Uncalibrated,calibration_ablation_results,precision,0.9487179487179487,0.47692307692307695,-0.47179487179487173,True
2,recipient_full_weight_2,42,Isotonic,calibration_ablation_results,precision,0.034232715008431704,0.02911857292759706,-0.005114142080834643,True
2,recipient_full_weight_2,42,Platt,calibration_ablation_results,precision,0.034232715008431704,0.032497678737233054,-0.0017350362711986492,True
2,recipient_full_weight_2,42,Uncalibrated,calibration_ablation_results,precision,0.034232715008431704,0.032497678737233054,-0.0017350362711986492,True
2,recipient_full_weight_2,52,Isotonic,calibration_ablation_results,precision,0.022680635057781617,0.023263398195456027,0.0005827631376744101,True
2,recipient_full_weight_2,52,Platt,calibration_ablation_results,precision,0.0226928895612708,0.023377758357002402,0.0006848687957316003,True
2,recipient_full_weight_2,52,Uncalibrated,calibration_ablation_results,precision,0.0226928895612708,0.023377758357002402,0.0006848687957316003,True
2,recipient_full_weight_2,62,Isotonic,calibration_ablation_results,precision,0.026045579764588028,0.02876931273308471,0.0027237329684966817,True
2,recipient_full_weight_2,62,Platt,calibration_ablation_results,precision,0.02599502487562189,0.03769955760723216,0.011704532731610272,True
2,recipient_full_weight_2,62,Uncalibrated,calibration_ablation_results,precision,0.02599502487562189,0.03769955760723216,0.011704532731610272,True
2,recipient_full_weight_2,72,Isotonic,calibration_ablation_results,precision,0.023742157706975027,0.0192529500487978,-0.0044892076581772265,True
2,recipient_full_weight_2,72,Platt,calibration_ablation_results,precision,0.02344217198899653,0.019133321684431243,-0.004308850304565289,True
2,recipient_full_weight_2,72,Uncalibrated,calibration_ablation_results,precision,0.02344217198899653,0.019133321684431243,-0.004308850304565289,True
2,recipient_full_weight_2,82,Isotonic,calibration_ablation_results,precision,0.02532796467073646,0.028324823729637735,0.0029968590589012738,True
2,recipient_full_weight_2,82,Platt,calibration_ablation_results,precision,0.02403268445085316,0.028297303862035463,0.004264619411182304,True
2,recipient_full_weight_2,82,Uncalibrated,calibration_ablation_results,precision,0.02403268445085316,0.028297303862035463,0.004264619411182304,True
3,raw_safe,42,Isotonic,calibration_ablation_results,precision,0.2456696239966202,0.29029582526956044,0.04462620127294023,True
3,raw_safe,42,Platt,calibration_ablation_results,precision,0.20155920090953386,0.21654828181992705,0.014989080910393193,True
3,raw_safe,42,Uncalibrated,calibration_ablation_results,precision,0.20155920090953386,0.21654828181992705,0.014989080910393193,True
3,raw_safe,52,Isotonic,calibration_ablation_results,precision,0.20390040048755007,0.2501067008109262,0.04620630032337611,True
3,raw_safe,52,Platt,calibration_ablation_results,precision,0.303954802259887,0.24527125337767616,-0.05868354888221086,True
3,raw_safe,52,Uncalibrated,calibration_ablation_results,precision,0.303954802259887,0.24527125337767616,-0.05868354888221086,True
3,raw_safe,62,Isotonic,calibration_ablation_results,precision,0.11872101055955787,0.13818503241013552,0.019464021850577648,True
3,raw_safe,62,Platt,calibration_ablation_results,precision,0.12596318493150685,0.1881704410011919,0.06220725606968505,True
3,raw_safe,62,Uncalibrated,calibration_ablation_results,precision,0.12596318493150685,0.1881704410011919,0.06220725606968505,True
3,raw_safe,72,Isotonic,calibration_ablation_results,precision,0.24580883953842805,0.2092143716692453,-0.036594467869182745,True
3,raw_safe,72,Platt,calibration_ablation_results,precision,0.2846393357550597,0.19605099502487564,-0.08858834073018404,True
3,raw_safe,72,Uncalibrated,calibration_ablation_results,precision,0.2846393357550597,0.19605099502487564,-0.08858834073018404,True
3,raw_safe,82,Isotonic,calibration_ablation_results,precision,0.14326166754063974,0.19943154902889626,0.05616988148825652,True
3,raw_safe,82,Platt,calibration_ablation_results,precision,0.14425116673737803,0.2572577043322912,0.11300653759491319,True
3,raw_safe,82,Uncalibrated,calibration_ablation_results,precision,0.14425116673737803,0.2572577043322912,0.11300653759491319,True
3,recipient_full_weight_2,42,Isotonic,calibration_ablation_results,precision,0.22811806858897798,0.18877857000066636,-0.03933949858831162,True
3,recipient_full_weight_2,42,Platt,calibration_ablation_results,precision,0.237849985953741,0.18637184115523467,-0.05147814479850632,True
3,recipient_full_weight_2,42,Uncalibrated,calibration_ablation_results,precision,0.237849985953741,0.18637184115523467,-0.05147814479850632,True
3,recipient_full_weight_2,52,Isotonic,calibration_ablation_results,precision,0.18103989946591267,0.14845795752109398,-0.0325819419448187,True
3,recipient_full_weight_2,52,Platt,calibration_ablation_results,precision,0.18103989946591267,0.05882591833005056,-0.12221398113586211,True
3,recipient_full_weight_2,52,Uncalibrated,calibration_ablation_results,precision,0.18103989946591267,0.05882591833005056,-0.12221398113586211,True
3,recipient_full_weight_2,62,Isotonic,calibration_ablation_results,precision,0.11808082742769585,0.15223703312656725,0.0341562056988714,True
3,recipient_full_weight_2,62,Platt,calibration_ablation_results,precision,0.11798656448102943,0.15115899444988573,0.033172429968856304,True
3,recipient_full_weight_2,62,Uncalibrated,calibration_ablation_results,precision,0.11798656448102943,0.15115899444988573,0.033172429968856304,True
3,recipient_full_weight_2,72,Isotonic,calibration_ablation_results,precision,0.1872323861424679,0.19912889614808765,0.011896510005619754,True
3,recipient_full_weight_2,72,Platt,calibration_ablation_results,precision,0.18324640231257464,0.19779917469050895,0.014552772377934314,True
3,recipient_full_weight_2,72,Uncalibrated,calibration_ablation_results,precision,0.18324640231257464,0.19779917469050895,0.014552772377934314,True
3,recipient_full_weight_2,82,Isotonic,calibration_ablation_results,precision,0.15322960867515323,0.15038879391165277,-0.0028408147635004544,True
3,recipient_full_weight_2,82,Platt,calibration_ablation_results,precision,0.1537124802527646,0.15038879391165277,-0.0033236863411118256,True
3,recipient_full_weight_2,82,Uncalibrated,calibration_ablation_results,precision,0.1537124802527646,0.15038879391165277,-0.0033236863411118256,True
1,raw_safe,42,Isotonic,calibration_ablation_results,recall,0.142570281124498,0.142570281124498,0.0,False
1,raw_safe,42,Platt,calibration_ablation_results,recall,0.142570281124498,0.142570281124498,0.0,False
1,raw_safe,42,Uncalibrated,calibration_ablation_results,recall,0.142570281124498,0.142570281124498,0.0,False
1,raw_safe,52,Isotonic,calibration_ablation_results,recall,0.13453815261044177,0.01606425702811245,-0.11847389558232932,True
1,raw_safe,52,Platt,calibration_ablation_results,recall,0.13453815261044177,0.01606425702811245,-0.11847389558232932,True
1,raw_safe,52,Uncalibrated,calibration_ablation_results,recall,0.13453815261044177,0.01606425702811245,-0.11847389558232932,True
1,raw_safe,62,Isotonic,calibration_ablation_results,recall,0.15261044176706828,0.13453815261044177,-0.01807228915662651,True
1,raw_safe,62,Platt,calibration_ablation_results,recall,0.15261044176706828,0.13453815261044177,-0.01807228915662651,True
1,raw_safe,62,Uncalibrated,calibration_ablation_results,recall,0.15261044176706828,0.13453815261044177,-0.01807228915662651,True
1,raw_safe,72,Isotonic,calibration_ablation_results,recall,0.13453815261044177,0.14457831325301204,0.010040160642570267,True
1,raw_safe,72,Platt,calibration_ablation_results,recall,0.13453815261044177,0.14457831325301204,0.010040160642570267,True
1,raw_safe,72,Uncalibrated,calibration_ablation_results,recall,0.13453815261044177,0.14457831325301204,0.010040160642570267,True
1,raw_safe,82,Isotonic,calibration_ablation_results,recall,0.142570281124498,0.14056224899598393,-0.0020080321285140534,True
1,raw_safe,82,Platt,calibration_ablation_results,recall,0.1646586345381526,0.14056224899598393,-0.02409638554216867,True
1,raw_safe,82,Uncalibrated,calibration_ablation_results,recall,0.1646586345381526,0.14056224899598393,-0.02409638554216867,True
1,recipient_full_weight_2,42,Isotonic,calibration_ablation_results,recall,0.5060240963855421,0.7028112449799196,0.19678714859437751,True
1,recipient_full_weight_2,42,Platt,calibration_ablation_results,recall,0.5040160642570282,0.6867469879518072,0.18273092369477906,True
1,recipient_full_weight_2,42,Uncalibrated,calibration_ablation_results,recall,0.5040160642570282,0.6867469879518072,0.18273092369477906,True
1,recipient_full_weight_2,52,Isotonic,calibration_ablation_results,recall,0.6726907630522089,0.7309236947791165,0.05823293172690758,True
1,recipient_full_weight_2,52,Platt,calibration_ablation_results,recall,0.6927710843373494,0.7289156626506024,0.03614457831325302,True
1,recipient_full_weight_2,52,Uncalibrated,calibration_ablation_results,recall,0.6927710843373494,0.7289156626506024,0.03614457831325302,True
1,recipient_full_weight_2,62,Isotonic,calibration_ablation_results,recall,0.6606425702811245,0.7068273092369478,0.04618473895582331,True
1,recipient_full_weight_2,62,Platt,calibration_ablation_results,recall,0.6686746987951807,0.6947791164658634,0.026104417670682722,True
1,recipient_full_weight_2,62,Uncalibrated,calibration_ablation_results,recall,0.6686746987951807,0.6947791164658634,0.026104417670682722,True
1,recipient_full_weight_2,72,Isotonic,calibration_ablation_results,recall,0.6124497991967871,0.6606425702811245,0.048192771084337394,True
1,recipient_full_weight_2,72,Platt,calibration_ablation_results,recall,0.5983935742971888,0.6606425702811245,0.06224899598393574,True
1,recipient_full_weight_2,72,Uncalibrated,calibration_ablation_results,recall,0.5983935742971888,0.6606425702811245,0.06224899598393574,True
1,recipient_full_weight_2,82,Isotonic,calibration_ablation_results,recall,0.7610441767068273,0.7590361445783133,-0.002008032128514081,True
1,recipient_full_weight_2,82,Platt,calibration_ablation_results,recall,0.7068273092369478,0.7228915662650602,0.016064257028112428,True
1,recipient_full_weight_2,82,Uncalibrated,calibration_ablation_results,recall,0.7068273092369478,0.7228915662650602,0.016064257028112428,True
2,raw_safe,42,Isotonic,calibration_ablation_results,recall,0.14423076923076922,0.15705128205128205,0.01282051282051283,True
2,raw_safe,42,Platt,calibration_ablation_results,recall,0.14423076923076922,0.15705128205128205,0.01282051282051283,True
2,raw_safe,42,Uncalibrated,calibration_ablation_results,recall,0.14423076923076922,0.15705128205128205,0.01282051282051283,True
2,raw_safe,52,Isotonic,calibration_ablation_results,recall,0.13782051282051283,0.11217948717948718,-0.025641025641025647,True
2,raw_safe,52,Platt,calibration_ablation_results,recall,0.14102564102564102,0.11217948717948718,-0.02884615384615384,True
2,raw_safe,52,Uncalibrated,calibration_ablation_results,recall,0.14102564102564102,0.11217948717948718,-0.02884615384615384,True
2,raw_safe,62,Isotonic,calibration_ablation_results,recall,0.15705128205128205,0.15705128205128205,0.0,False
2,raw_safe,62,Platt,calibration_ablation_results,recall,0.15705128205128205,0.15705128205128205,0.0,False
2,raw_safe,62,Uncalibrated,calibration_ablation_results,recall,0.15705128205128205,0.15705128205128205,0.0,False
2,raw_safe,72,Isotonic,calibration_ablation_results,recall,0.16025641025641027,0.15705128205128205,-0.0032051282051282215,True
2,raw_safe,72,Platt,calibration_ablation_results,recall,0.11858974358974358,0.15705128205128205,0.038461538461538464,True
2,raw_safe,72,Uncalibrated,calibration_ablation_results,recall,0.11858974358974358,0.15705128205128205,0.038461538461538464,True
2,raw_safe,82,Isotonic,calibration_ablation_results,recall,0.11858974358974358,0.125,0.006410256410256415,True
2,raw_safe,82,Platt,calibration_ablation_results,recall,0.11858974358974358,0.09935897435897435,-0.019230769230769232,True
2,raw_safe,82,Uncalibrated,calibration_ablation_results,recall,0.11858974358974358,0.09935897435897435,-0.019230769230769232,True
2,recipient_full_weight_2,42,Isotonic,calibration_ablation_results,recall,0.6506410256410257,0.7115384615384616,0.0608974358974359,True
2,recipient_full_weight_2,42,Platt,calibration_ablation_results,recall,0.6506410256410257,0.6730769230769231,0.022435897435897467,True
2,recipient_full_weight_2,42,Uncalibrated,calibration_ablation_results,recall,0.6506410256410257,0.6730769230769231,0.022435897435897467,True
2,recipient_full_weight_2,52,Isotonic,calibration_ablation_results,recall,0.6730769230769231,0.6858974358974359,0.012820512820512775,True
2,recipient_full_weight_2,52,Platt,calibration_ablation_results,recall,0.6730769230769231,0.6858974358974359,0.012820512820512775,True
2,recipient_full_weight_2,52,Uncalibrated,calibration_ablation_results,recall,0.6730769230769231,0.6858974358974359,0.012820512820512775,True
2,recipient_full_weight_2,62,Isotonic,calibration_ablation_results,recall,0.6666666666666666,0.6923076923076923,0.02564102564102566,True
2,recipient_full_weight_2,62,Platt,calibration_ablation_results,recall,0.6698717948717948,0.6282051282051282,-0.04166666666666663,True
2,recipient_full_weight_2,62,Uncalibrated,calibration_ablation_results,recall,0.6698717948717948,0.6282051282051282,-0.04166666666666663,True
2,recipient_full_weight_2,72,Isotonic,calibration_ablation_results,recall,0.6185897435897436,0.6955128205128205,0.07692307692307687,True
2,recipient_full_weight_2,72,Platt,calibration_ablation_results,recall,0.6282051282051282,0.7019230769230769,0.07371794871794868,True
2,recipient_full_weight_2,72,Uncalibrated,calibration_ablation_results,recall,0.6282051282051282,0.7019230769230769,0.07371794871794868,True
2,recipient_full_weight_2,82,Isotonic,calibration_ablation_results,recall,0.625,0.7467948717948718,0.1217948717948718,True
2,recipient_full_weight_2,82,Platt,calibration_ablation_results,recall,0.6410256410256411,0.7467948717948718,0.10576923076923073,True
2,recipient_full_weight_2,82,Uncalibrated,calibration_ablation_results,recall,0.6410256410256411,0.7467948717948718,0.10576923076923073,True
3,raw_safe,42,Isotonic,calibration_ablation_results,recall,0.3089798087141339,0.2789585547290117,-0.030021253985122176,True
3,raw_safe,42,Platt,calibration_ablation_results,recall,0.32970244420828904,0.29968119022316686,-0.030021253985122176,True
3,raw_safe,42,Uncalibrated,calibration_ablation_results,recall,0.32970244420828904,0.29968119022316686,-0.030021253985122176,True
3,raw_safe,52,Isotonic,calibration_ablation_results,recall,0.31110520722635493,0.31137088204038255,0.0002656748140276166,True
3,raw_safe,52,Platt,calibration_ablation_results,recall,0.2858660998937301,0.3134962805526036,0.027630180658873515,True
3,raw_safe,52,Uncalibrated,calibration_ablation_results,recall,0.2858660998937301,0.3134962805526036,0.027630180658873515,True
3,raw_safe,62,Isotonic,calibration_ablation_results,recall,0.3196068012752391,0.37380446333687567,0.054197662061636565,True
3,raw_safe,62,Platt,calibration_ablation_results,recall,0.31269925611052074,0.33554729011689693,0.022848034006376194,True
3,raw_safe,62,Uncalibrated,calibration_ablation_results,recall,0.31269925611052074,0.33554729011689693,0.022848034006376194,True
3,raw_safe,72,Isotonic,calibration_ablation_results,recall,0.2999468650371945,0.3233262486716259,0.023379383634431428,True
3,raw_safe,72,Platt,calibration_ablation_results,recall,0.2914452709883103,0.33501594048884165,0.043570669500531345,True
3,raw_safe,72,Uncalibrated,calibration_ablation_results,recall,0.2914452709883103,0.33501594048884165,0.043570669500531345,True
3,raw_safe,82,Isotonic,calibration_ablation_results,recall,0.36291179596174283,0.33554729011689693,-0.0273645058448459,True
3,raw_safe,82,Platt,calibration_ablation_results,recall,0.361317747077577,0.30605738575983,-0.05526036131774703,True
3,raw_safe,82,Uncalibrated,calibration_ablation_results,recall,0.361317747077577,0.30605738575983,-0.05526036131774703,True
3,recipient_full_weight_2,42,Isotonic,calibration_ablation_results,recall,0.7104144527098831,0.7526567481402763,0.04224229543039315,True
3,recipient_full_weight_2,42,Platt,calibration_ablation_results,recall,0.6748140276301806,0.7680658873538788,0.0932518597236982,True
3,recipient_full_weight_2,42,Uncalibrated,calibration_ablation_results,recall,0.6748140276301806,0.7680658873538788,0.0932518597236982,True
3,recipient_full_weight_2,52,Isotonic,calibration_ablation_results,recall,0.6123804463336876,0.5422422954303932,-0.07013815090329445,True
3,recipient_full_weight_2,52,Platt,calibration_ablation_results,recall,0.6123804463336876,0.7696599362380446,0.15727948990435703,True
3,recipient_full_weight_2,52,Uncalibrated,calibration_ablation_results,recall,0.6123804463336876,0.7696599362380446,0.15727948990435703,True
3,recipient_full_weight_2,62,Isotonic,calibration_ablation_results,recall,0.655154091392136,0.6129117959617428,-0.04224229543039315,True
3,recipient_full_weight_2,62,Platt,calibration_ablation_results,recall,0.6625929861849097,0.6150371944739639,-0.047555791710945816,True
3,recipient_full_weight_2,62,Uncalibrated,calibration_ablation_results,recall,0.6625929861849097,0.6150371944739639,-0.047555791710945816,True
3,recipient_full_weight_2,72,Isotonic,calibration_ablation_results,recall,0.7667375132837407,0.777364505844846,0.01062699256110522,True
3,recipient_full_weight_2,72,Platt,calibration_ablation_results,recall,0.7747077577045696,0.7640807651434643,-0.01062699256110522,True
3,recipient_full_weight_2,72,Uncalibrated,calibration_ablation_results,recall,0.7747077577045696,0.7640807651434643,-0.01062699256110522,True
3,recipient_full_weight_2,82,Isotonic,calibration_ablation_results,recall,0.7770988310308182,0.7244952178533475,-0.052603613177470754,True
3,recipient_full_weight_2,82,Platt,calibration_ablation_results,recall,0.7755047821466525,0.7244952178533475,-0.051009564293305054,True
3,recipient_full_weight_2,82,Uncalibrated,calibration_ablation_results,recall,0.7755047821466525,0.7244952178533475,-0.051009564293305054,True
1,raw_safe,42,Isotonic,calibration_ablation_results,f1,0.24912280701754386,0.24912280701754386,0.0,False
1,raw_safe,42,Platt,calibration_ablation_results,f1,0.24912280701754386,0.24912280701754386,0.0,False
1,raw_safe,42,Uncalibrated,calibration_ablation_results,f1,0.24912280701754386,0.24912280701754386,0.0,False
1,raw_safe,52,Isotonic,calibration_ablation_results,f1,0.23716814159292035,0.024132730015082957,-0.2130354115778374,True
1,raw_safe,52,Platt,calibration_ablation_results,f1,0.23716814159292035,0.024132730015082957,-0.2130354115778374,True
1,raw_safe,52,Uncalibrated,calibration_ablation_results,f1,0.23716814159292035,0.024132730015082957,-0.2130354115778374,True
1,raw_safe,62,Isotonic,calibration_ablation_results,f1,0.2643478260869565,0.23716814159292035,-0.027179684494036155,True
1,raw_safe,62,Platt,calibration_ablation_results,f1,0.2643478260869565,0.23716814159292035,-0.027179684494036155,True
1,raw_safe,62,Uncalibrated,calibration_ablation_results,f1,0.2643478260869565,0.23716814159292035,-0.027179684494036155,True
1,raw_safe,72,Isotonic,calibration_ablation_results,f1,0.23716814159292035,0.25263157894736843,0.015463437354448079,True
1,raw_safe,72,Platt,calibration_ablation_results,f1,0.23716814159292035,0.25263157894736843,0.015463437354448079,True
1,raw_safe,72,Uncalibrated,calibration_ablation_results,f1,0.23716814159292035,0.25263157894736843,0.015463437354448079,True
1,raw_safe,82,Isotonic,calibration_ablation_results,f1,0.24912280701754386,0.1308411214953271,-0.11828168552221677,True
1,raw_safe,82,Platt,calibration_ablation_results,f1,0.2160737812911726,0.1308411214953271,-0.08523265979584552,True
1,raw_safe,82,Uncalibrated,calibration_ablation_results,f1,0.2160737812911726,0.1308411214953271,-0.08523265979584552,True
1,recipient_full_weight_2,42,Isotonic,calibration_ablation_results,f1,0.08599215150998123,0.08511673151750973,-0.0008754199924714962,True
1,recipient_full_weight_2,42,Platt,calibration_ablation_results,f1,0.08588537211291702,0.09254498714652956,0.006659615033612537,True
1,recipient_full_weight_2,42,Uncalibrated,calibration_ablation_results,f1,0.08588537211291702,0.09254498714652956,0.006659615033612537,True
1,recipient_full_weight_2,52,Isotonic,calibration_ablation_results,f1,0.13052795636080264,0.08211143695014662,-0.048416519410656014,True
1,recipient_full_weight_2,52,Platt,calibration_ablation_results,f1,0.11302211302211303,0.08271619004215564,-0.030305922979957392,True
1,recipient_full_weight_2,52,Uncalibrated,calibration_ablation_results,f1,0.11302211302211303,0.08271619004215564,-0.030305922979957392,True
1,recipient_full_weight_2,62,Isotonic,calibration_ablation_results,f1,0.11433536055603823,0.09037227214377407,-0.02396308841226416,True
1,recipient_full_weight_2,62,Platt,calibration_ablation_results,f1,0.10903732809430255,0.09107659910502763,-0.01796072898927492,True
1,recipient_full_weight_2,62,Uncalibrated,calibration_ablation_results,f1,0.10903732809430255,0.09107659910502763,-0.01796072898927492,True
1,recipient_full_weight_2,72,Isotonic,calibration_ablation_results,f1,0.07269693719461327,0.08725633205145206,0.014559394856838784,True
1,recipient_full_weight_2,72,Platt,calibration_ablation_results,f1,0.07662638210336847,0.08725633205145206,0.010629949948083584,True
1,recipient_full_weight_2,72,Uncalibrated,calibration_ablation_results,f1,0.07662638210336847,0.08725633205145206,0.010629949948083584,True
1,recipient_full_weight_2,82,Isotonic,calibration_ablation_results,f1,0.08369217180081705,0.08398133748055987,0.0002891656797428255,True
1,recipient_full_weight_2,82,Platt,calibration_ablation_results,f1,0.08749689286602039,0.08650726901357683,-0.0009896238524435552,True
1,recipient_full_weight_2,82,Uncalibrated,calibration_ablation_results,f1,0.08749689286602039,0.08650726901357683,-0.0009896238524435552,True
2,raw_safe,42,Isotonic,calibration_ablation_results,f1,0.23195876288659795,0.1991869918699187,-0.032771771016679246,True
2,raw_safe,42,Platt,calibration_ablation_results,f1,0.23195876288659795,0.1991869918699187,-0.032771771016679246,True
2,raw_safe,42,Uncalibrated,calibration_ablation_results,f1,0.23195876288659795,0.1991869918699187,-0.032771771016679246,True
2,raw_safe,52,Isotonic,calibration_ablation_results,f1,0.13271604938271606,0.1912568306010929,0.05854078121837683,True
2,raw_safe,52,Platt,calibration_ablation_results,f1,0.11686586985391766,0.1912568306010929,0.07439096074717523,True
2,raw_safe,52,Uncalibrated,calibration_ablation_results,f1,0.11686586985391766,0.1912568306010929,0.07439096074717523,True
2,raw_safe,62,Isotonic,calibration_ablation_results,f1,0.16225165562913907,0.14626865671641792,-0.015982998912721147,True
2,raw_safe,62,Platt,calibration_ablation_results,f1,0.16225165562913907,0.14626865671641792,-0.015982998912721147,True
2,raw_safe,62,Uncalibrated,calibration_ablation_results,f1,0.16225165562913907,0.14626865671641792,-0.015982998912721147,True
2,raw_safe,72,Isotonic,calibration_ablation_results,f1,0.09199632014719411,0.2,0.1080036798528059,True
2,raw_safe,72,Platt,calibration_ablation_results,f1,0.19321148825065274,0.2,0.006788511749347276,True
2,raw_safe,72,Uncalibrated,calibration_ablation_results,f1,0.19321148825065274,0.2,0.006788511749347276,True
2,raw_safe,82,Isotonic,calibration_ablation_results,f1,0.21082621082621084,0.1935483870967742,-0.017277823729436648,True
2,raw_safe,82,Platt,calibration_ablation_results,f1,0.21082621082621084,0.16445623342175067,-0.046369977404460166,True
2,raw_safe,82,Uncalibrated,calibration_ablation_results,f1,0.21082621082621084,0.16445623342175067,-0.046369977404460166,True
2,recipient_full_weight_2,42,Isotonic,calibration_ablation_results,f1,0.0650432553668696,0.05594758064516129,-0.00909567472170831,True
2,recipient_full_weight_2,42,Platt,calibration_ablation_results,f1,0.0650432553668696,0.06200177147918512,-0.003041483887684479,True
2,recipient_full_weight_2,42,Uncalibrated,calibration_ablation_results,f1,0.0650432553668696,0.06200177147918512,-0.003041483887684479,True
2,recipient_full_weight_2,52,Isotonic,calibration_ablation_results,f1,0.04388256190575698,0.045000525707076015,0.0011179638013190385,True
2,recipient_full_weight_2,52,Platt,calibration_ablation_results,f1,0.04390549864102028,0.04521445172195225,0.001308953080931971,True
2,recipient_full_weight_2,52,Uncalibrated,calibration_ablation_results,f1,0.04390549864102028,0.04521445172195225,0.001308953080931971,True
2,recipient_full_weight_2,62,Isotonic,calibration_ablation_results,f1,0.05013256206314775,0.05524296675191816,0.005110404688770408,True
2,recipient_full_weight_2,62,Platt,calibration_ablation_results,f1,0.05004789272030651,0.07113046634004717,0.021082573619740662,True
2,recipient_full_weight_2,62,Uncalibrated,calibration_ablation_results,f1,0.05004789272030651,0.07113046634004717,0.021082573619740662,True
2,recipient_full_weight_2,72,Isotonic,calibration_ablation_results,f1,0.04572917900722663,0.0374687041353708,-0.008260474871855827,True
2,recipient_full_weight_2,72,Platt,calibration_ablation_results,f1,0.04519774011299435,0.03725123320292567,-0.00794650691006868,True
2,recipient_full_weight_2,72,Uncalibrated,calibration_ablation_results,f1,0.04519774011299435,0.03725123320292567,-0.00794650691006868,True
2,recipient_full_weight_2,82,Isotonic,calibration_ablation_results,f1,0.04868306079141181,0.05457952682126962,0.005896466029857807,True
2,recipient_full_weight_2,82,Platt,calibration_ablation_results,f1,0.0463284688441047,0.05452843435525392,0.008199965511149217,True
2,recipient_full_weight_2,82,Uncalibrated,calibration_ablation_results,f1,0.0463284688441047,0.05452843435525392,0.008199965511149217,True
3,raw_safe,42,Isotonic,calibration_ablation_results,f1,0.27371146152035775,0.28451429345617124,0.010802831935813495,True
3,raw_safe,42,Platt,calibration_ablation_results,f1,0.2501763935087189,0.25142092945503175,0.0012445359463128525,True
3,raw_safe,42,Uncalibrated,calibration_ablation_results,f1,0.2501763935087189,0.25142092945503175,0.0012445359463128525,True
3,raw_safe,52,Isotonic,calibration_ablation_results,f1,0.24634479856947514,0.277396449704142,0.031051651134666874,True
3,raw_safe,52,Platt,calibration_ablation_results,f1,0.2946330777656079,0.27521865889212827,-0.01941441887347961,True
3,raw_safe,52,Uncalibrated,calibration_ablation_results,f1,0.2946330777656079,0.27521865889212827,-0.01941441887347961,True
3,raw_safe,62,Isotonic,calibration_ablation_results,f1,0.17313089155932934,0.2017782876810555,0.02864739612172615,True
3,raw_safe,62,Platt,calibration_ablation_results,f1,0.179584986267928,0.2411225658648339,0.06153757959690592,True
3,raw_safe,62,Uncalibrated,calibration_ablation_results,f1,0.179584986267928,0.2411225658648339,0.06153757959690592,True
3,raw_safe,72,Isotonic,calibration_ablation_results,f1,0.27019265286586097,0.25404446299968686,-0.016148189866174112,True
3,raw_safe,72,Platt,calibration_ablation_results,f1,0.2880021002887897,0.2473519027069439,-0.04065019758184579,True
3,raw_safe,72,Uncalibrated,calibration_ablation_results,f1,0.2880021002887897,0.2473519027069439,-0.04065019758184579,True
3,raw_safe,82,Isotonic,calibration_ablation_results,f1,0.205428979622528,0.2501733188075666,0.04474433918503859,True
3,raw_safe,82,Platt,calibration_ablation_results,f1,0.20618556701030927,0.2795438000485319,0.07335823303822264,True
3,raw_safe,82,Uncalibrated,calibration_ablation_results,f1,0.20618556701030927,0.2795438000485319,0.07335823303822264,True
3,recipient_full_weight_2,42,Isotonic,calibration_ablation_results,f1,0.34534418184166343,0.3018485962388791,-0.043495585602784326,True
3,recipient_full_weight_2,42,Platt,calibration_ablation_results,f1,0.35172748044035174,0.29995849761361276,-0.051768982826738974,True
3,recipient_full_weight_2,42,Uncalibrated,calibration_ablation_results,f1,0.35172748044035174,0.29995849761361276,-0.051768982826738974,True
3,recipient_full_weight_2,52,Isotonic,calibration_ablation_results,f1,0.27946168768186225,0.2330973047053449,-0.04636438297651735,True
3,recipient_full_weight_2,52,Platt,calibration_ablation_results,f1,0.27946168768186225,0.10929807021184282,-0.17016361747001943,True
3,recipient_full_weight_2,52,Uncalibrated,calibration_ablation_results,f1,0.27946168768186225,0.10929807021184282,-0.17016361747001943,True
3,recipient_full_weight_2,62,Isotonic,calibration_ablation_results,f1,0.20009737098344693,0.24389470345702505,0.043797332473578116,True
3,recipient_full_weight_2,62,Platt,calibration_ablation_results,f1,0.20030519636976948,0.2426751926201583,0.042369996250388814,True
3,recipient_full_weight_2,62,Uncalibrated,calibration_ablation_results,f1,0.20030519636976948,0.2426751926201583,0.042369996250388814,True
3,recipient_full_weight_2,72,Isotonic,calibration_ablation_results,f1,0.30096986129940556,0.3170441001191895,0.016074238819783926,True
3,recipient_full_weight_2,72,Platt,calibration_ablation_results,f1,0.2963866443055344,0.3142482517482518,0.017861607442717364,True
3,recipient_full_weight_2,72,Uncalibrated,calibration_ablation_results,f1,0.2963866443055344,0.3142482517482518,0.017861607442717364,True
3,recipient_full_weight_2,82,Isotonic,calibration_ablation_results,f1,0.255983897081346,0.24907521578298397,-0.006908681298362029,True
3,recipient_full_weight_2,82,Platt,calibration_ablation_results,f1,0.2565702733585304,0.24907521578298397,-0.0074950575755464155,True
3,recipient_full_weight_2,82,Uncalibrated,calibration_ablation_results,f1,0.2565702733585304,0.24907521578298397,-0.0074950575755464155,True
1,raw_safe,42,Isotonic,calibration_ablation_results,tp,71.0,71.0,0.0,False
1,raw_safe,42,Platt,calibration_ablation_results,tp,71.0,71.0,0.0,False
1,raw_safe,42,Uncalibrated,calibration_ablation_results,tp,71.0,71.0,0.0,False
1,raw_safe,52,Isotonic,calibration_ablation_results,tp,67.0,8.0,-59.0,True
1,raw_safe,52,Platt,calibration_ablation_results,tp,67.0,8.0,-59.0,True
1,raw_safe,52,Uncalibrated,calibration_ablation_results,tp,67.0,8.0,-59.0,True
1,raw_safe,62,Isotonic,calibration_ablation_results,tp,76.0,67.0,-9.0,True
1,raw_safe,62,Platt,calibration_ablation_results,tp,76.0,67.0,-9.0,True
1,raw_safe,62,Uncalibrated,calibration_ablation_results,tp,76.0,67.0,-9.0,True
1,raw_safe,72,Isotonic,calibration_ablation_results,tp,67.0,72.0,5.0,True
1,raw_safe,72,Platt,calibration_ablation_results,tp,67.0,72.0,5.0,True
1,raw_safe,72,Uncalibrated,calibration_ablation_results,tp,67.0,72.0,5.0,True
1,raw_safe,82,Isotonic,calibration_ablation_results,tp,71.0,70.0,-1.0,True
1,raw_safe,82,Platt,calibration_ablation_results,tp,82.0,70.0,-12.0,True
1,raw_safe,82,Uncalibrated,calibration_ablation_results,tp,82.0,70.0,-12.0,True
1,recipient_full_weight_2,42,Isotonic,calibration_ablation_results,tp,252.0,350.0,98.0,True
1,recipient_full_weight_2,42,Platt,calibration_ablation_results,tp,251.0,342.0,91.0,True
1,recipient_full_weight_2,42,Uncalibrated,calibration_ablation_results,tp,251.0,342.0,91.0,True
1,recipient_full_weight_2,52,Isotonic,calibration_ablation_results,tp,335.0,364.0,29.0,True
1,recipient_full_weight_2,52,Platt,calibration_ablation_results,tp,345.0,363.0,18.0,True
1,recipient_full_weight_2,52,Uncalibrated,calibration_ablation_results,tp,345.0,363.0,18.0,True
1,recipient_full_weight_2,62,Isotonic,calibration_ablation_results,tp,329.0,352.0,23.0,True
1,recipient_full_weight_2,62,Platt,calibration_ablation_results,tp,333.0,346.0,13.0,True
1,recipient_full_weight_2,62,Uncalibrated,calibration_ablation_results,tp,333.0,346.0,13.0,True
1,recipient_full_weight_2,72,Isotonic,calibration_ablation_results,tp,305.0,329.0,24.0,True
1,recipient_full_weight_2,72,Platt,calibration_ablation_results,tp,298.0,329.0,31.0,True
1,recipient_full_weight_2,72,Uncalibrated,calibration_ablation_results,tp,298.0,329.0,31.0,True
1,recipient_full_weight_2,82,Isotonic,calibration_ablation_results,tp,379.0,378.0,-1.0,True
1,recipient_full_weight_2,82,Platt,calibration_ablation_results,tp,352.0,360.0,8.0,True
1,recipient_full_weight_2,82,Uncalibrated,calibration_ablation_results,tp,352.0,360.0,8.0,True
2,raw_safe,42,Isotonic,calibration_ablation_results,tp,45.0,49.0,4.0,True
2,raw_safe,42,Platt,calibration_ablation_results,tp,45.0,49.0,4.0,True
2,raw_safe,42,Uncalibrated,calibration_ablation_results,tp,45.0,49.0,4.0,True
2,raw_safe,52,Isotonic,calibration_ablation_results,tp,43.0,35.0,-8.0,True
2,raw_safe,52,Platt,calibration_ablation_results,tp,44.0,35.0,-9.0,True
2,raw_safe,52,Uncalibrated,calibration_ablation_results,tp,44.0,35.0,-9.0,True
2,raw_safe,62,Isotonic,calibration_ablation_results,tp,49.0,49.0,0.0,False
2,raw_safe,62,Platt,calibration_ablation_results,tp,49.0,49.0,0.0,False
2,raw_safe,62,Uncalibrated,calibration_ablation_results,tp,49.0,49.0,0.0,False
2,raw_safe,72,Isotonic,calibration_ablation_results,tp,50.0,49.0,-1.0,True
2,raw_safe,72,Platt,calibration_ablation_results,tp,37.0,49.0,12.0,True
2,raw_safe,72,Uncalibrated,calibration_ablation_results,tp,37.0,49.0,12.0,True
2,raw_safe,82,Isotonic,calibration_ablation_results,tp,37.0,39.0,2.0,True
2,raw_safe,82,Platt,calibration_ablation_results,tp,37.0,31.0,-6.0,True
2,raw_safe,82,Uncalibrated,calibration_ablation_results,tp,37.0,31.0,-6.0,True
2,recipient_full_weight_2,42,Isotonic,calibration_ablation_results,tp,203.0,222.0,19.0,True
2,recipient_full_weight_2,42,Platt,calibration_ablation_results,tp,203.0,210.0,7.0,True
2,recipient_full_weight_2,42,Uncalibrated,calibration_ablation_results,tp,203.0,210.0,7.0,True
2,recipient_full_weight_2,52,Isotonic,calibration_ablation_results,tp,210.0,214.0,4.0,True
2,recipient_full_weight_2,52,Platt,calibration_ablation_results,tp,210.0,214.0,4.0,True
2,recipient_full_weight_2,52,Uncalibrated,calibration_ablation_results,tp,210.0,214.0,4.0,True
2,recipient_full_weight_2,62,Isotonic,calibration_ablation_results,tp,208.0,216.0,8.0,True
2,recipient_full_weight_2,62,Platt,calibration_ablation_results,tp,209.0,196.0,-13.0,True
2,recipient_full_weight_2,62,Uncalibrated,calibration_ablation_results,tp,209.0,196.0,-13.0,True
2,recipient_full_weight_2,72,Isotonic,calibration_ablation_results,tp,193.0,217.0,24.0,True
2,recipient_full_weight_2,72,Platt,calibration_ablation_results,tp,196.0,219.0,23.0,True
2,recipient_full_weight_2,72,Uncalibrated,calibration_ablation_results,tp,196.0,219.0,23.0,True
2,recipient_full_weight_2,82,Isotonic,calibration_ablation_results,tp,195.0,233.0,38.0,True
2,recipient_full_weight_2,82,Platt,calibration_ablation_results,tp,200.0,233.0,33.0,True
2,recipient_full_weight_2,82,Uncalibrated,calibration_ablation_results,tp,200.0,233.0,33.0,True
3,raw_safe,42,Isotonic,calibration_ablation_results,tp,1163.0,1050.0,-113.0,True
3,raw_safe,42,Platt,calibration_ablation_results,tp,1241.0,1128.0,-113.0,True
3,raw_safe,42,Uncalibrated,calibration_ablation_results,tp,1241.0,1128.0,-113.0,True
3,raw_safe,52,Isotonic,calibration_ablation_results,tp,1171.0,1172.0,1.0,True
3,raw_safe,52,Platt,calibration_ablation_results,tp,1076.0,1180.0,104.0,True
3,raw_safe,52,Uncalibrated,calibration_ablation_results,tp,1076.0,1180.0,104.0,True
3,raw_safe,62,Isotonic,calibration_ablation_results,tp,1203.0,1407.0,204.0,True
3,raw_safe,62,Platt,calibration_ablation_results,tp,1177.0,1263.0,86.0,True
3,raw_safe,62,Uncalibrated,calibration_ablation_results,tp,1177.0,1263.0,86.0,True
3,raw_safe,72,Isotonic,calibration_ablation_results,tp,1129.0,1217.0,88.0,True
3,raw_safe,72,Platt,calibration_ablation_results,tp,1097.0,1261.0,164.0,True
3,raw_safe,72,Uncalibrated,calibration_ablation_results,tp,1097.0,1261.0,164.0,True
3,raw_safe,82,Isotonic,calibration_ablation_results,tp,1366.0,1263.0,-103.0,True
3,raw_safe,82,Platt,calibration_ablation_results,tp,1360.0,1152.0,-208.0,True
3,raw_safe,82,Uncalibrated,calibration_ablation_results,tp,1360.0,1152.0,-208.0,True
3,recipient_full_weight_2,42,Isotonic,calibration_ablation_results,tp,2674.0,2833.0,159.0,True
3,recipient_full_weight_2,42,Platt,calibration_ablation_results,tp,2540.0,2891.0,351.0,True
3,recipient_full_weight_2,42,Uncalibrated,calibration_ablation_results,tp,2540.0,2891.0,351.0,True
3,recipient_full_weight_2,52,Isotonic,calibration_ablation_results,tp,2305.0,2041.0,-264.0,True
3,recipient_full_weight_2,52,Platt,calibration_ablation_results,tp,2305.0,2897.0,592.0,True
3,recipient_full_weight_2,52,Uncalibrated,calibration_ablation_results,tp,2305.0,2897.0,592.0,True
3,recipient_full_weight_2,62,Isotonic,calibration_ablation_results,tp,2466.0,2307.0,-159.0,True
3,recipient_full_weight_2,62,Platt,calibration_ablation_results,tp,2494.0,2315.0,-179.0,True
3,recipient_full_weight_2,62,Uncalibrated,calibration_ablation_results,tp,2494.0,2315.0,-179.0,True
3,recipient_full_weight_2,72,Isotonic,calibration_ablation_results,tp,2886.0,2926.0,40.0,True
3,recipient_full_weight_2,72,Platt,calibration_ablation_results,tp,2916.0,2876.0,-40.0,True
3,recipient_full_weight_2,72,Uncalibrated,calibration_ablation_results,tp,2916.0,2876.0,-40.0,True
3,recipient_full_weight_2,82,Isotonic,calibration_ablation_results,tp,2925.0,2727.0,-198.0,True
3,recipient_full_weight_2,82,Platt,calibration_ablation_results,tp,2919.0,2727.0,-192.0,True
3,recipient_full_weight_2,82,Uncalibrated,calibration_ablation_results,tp,2919.0,2727.0,-192.0,True
1,raw_safe,42,Isotonic,calibration_ablation_results,fp,1.0,1.0,0.0,False
1,raw_safe,42,Platt,calibration_ablation_results,fp,1.0,1.0,0.0,False
1,raw_safe,42,Uncalibrated,calibration_ablation_results,fp,1.0,1.0,0.0,False
1,raw_safe,52,Isotonic,calibration_ablation_results,fp,0.0,157.0,157.0,True
1,raw_safe,52,Platt,calibration_ablation_results,fp,0.0,157.0,157.0,True
1,raw_safe,52,Uncalibrated,calibration_ablation_results,fp,0.0,157.0,157.0,True
1,raw_safe,62,Isotonic,calibration_ablation_results,fp,1.0,0.0,-1.0,True
1,raw_safe,62,Platt,calibration_ablation_results,fp,1.0,0.0,-1.0,True
1,raw_safe,62,Uncalibrated,calibration_ablation_results,fp,1.0,0.0,-1.0,True
1,raw_safe,72,Isotonic,calibration_ablation_results,fp,0.0,0.0,0.0,False
1,raw_safe,72,Platt,calibration_ablation_results,fp,0.0,0.0,0.0,False
1,raw_safe,72,Uncalibrated,calibration_ablation_results,fp,0.0,0.0,0.0,False
1,raw_safe,82,Isotonic,calibration_ablation_results,fp,1.0,502.0,501.0,True
1,raw_safe,82,Platt,calibration_ablation_results,fp,179.0,502.0,323.0,True
1,raw_safe,82,Uncalibrated,calibration_ablation_results,fp,179.0,502.0,323.0,True
1,recipient_full_weight_2,42,Isotonic,calibration_ablation_results,fp,5111.0,7376.0,2265.0,True
1,recipient_full_weight_2,42,Platt,calibration_ablation_results,fp,5096.0,6551.0,1455.0,True
1,recipient_full_weight_2,42,Uncalibrated,calibration_ablation_results,fp,5096.0,6551.0,1455.0,True
1,recipient_full_weight_2,52,Isotonic,calibration_ablation_results,fp,4300.0,8004.0,3704.0,True
1,recipient_full_weight_2,52,Platt,calibration_ablation_results,fp,5262.0,7916.0,2654.0,True
1,recipient_full_weight_2,52,Uncalibrated,calibration_ablation_results,fp,5262.0,7916.0,2654.0,True
1,recipient_full_weight_2,62,Isotonic,calibration_ablation_results,fp,4928.0,6940.0,2012.0,True
1,recipient_full_weight_2,62,Platt,calibration_ablation_results,fp,5277.0,6754.0,1477.0,True
1,recipient_full_weight_2,62,Uncalibrated,calibration_ablation_results,fp,5277.0,6754.0,1477.0,True
1,recipient_full_weight_2,72,Isotonic,calibration_ablation_results,fp,7588.0,6714.0,-874.0,True
1,recipient_full_weight_2,72,Platt,calibration_ablation_results,fp,6982.0,6714.0,-268.0,True
1,recipient_full_weight_2,72,Uncalibrated,calibration_ablation_results,fp,6982.0,6714.0,-268.0,True
1,recipient_full_weight_2,82,Isotonic,calibration_ablation_results,fp,8180.0,8126.0,-54.0,True
1,recipient_full_weight_2,82,Platt,calibration_ablation_results,fp,7196.0,7465.0,269.0,True
1,recipient_full_weight_2,82,Uncalibrated,calibration_ablation_results,fp,7196.0,7465.0,269.0,True
2,raw_safe,42,Isotonic,calibration_ablation_results,fp,31.0,131.0,100.0,True
2,raw_safe,42,Platt,calibration_ablation_results,fp,31.0,131.0,100.0,True
2,raw_safe,42,Uncalibrated,calibration_ablation_results,fp,31.0,131.0,100.0,True
2,raw_safe,52,Isotonic,calibration_ablation_results,fp,293.0,19.0,-274.0,True
2,raw_safe,52,Platt,calibration_ablation_results,fp,397.0,19.0,-378.0,True
2,raw_safe,52,Uncalibrated,calibration_ablation_results,fp,397.0,19.0,-378.0,True
2,raw_safe,62,Isotonic,calibration_ablation_results,fp,243.0,309.0,66.0,True
2,raw_safe,62,Platt,calibration_ablation_results,fp,243.0,309.0,66.0,True
2,raw_safe,62,Uncalibrated,calibration_ablation_results,fp,243.0,309.0,66.0,True
2,raw_safe,72,Isotonic,calibration_ablation_results,fp,725.0,129.0,-596.0,True
2,raw_safe,72,Platt,calibration_ablation_results,fp,34.0,129.0,95.0,True
2,raw_safe,72,Uncalibrated,calibration_ablation_results,fp,34.0,129.0,95.0,True
2,raw_safe,82,Isotonic,calibration_ablation_results,fp,2.0,52.0,50.0,True
2,raw_safe,82,Platt,calibration_ablation_results,fp,2.0,34.0,32.0,True
2,raw_safe,82,Uncalibrated,calibration_ablation_results,fp,2.0,34.0,32.0,True
2,recipient_full_weight_2,42,Isotonic,calibration_ablation_results,fp,5727.0,7402.0,1675.0,True
2,recipient_full_weight_2,42,Platt,calibration_ablation_results,fp,5727.0,6252.0,525.0,True
2,recipient_full_weight_2,42,Uncalibrated,calibration_ablation_results,fp,5727.0,6252.0,525.0,True
2,recipient_full_weight_2,52,Isotonic,calibration_ablation_results,fp,9049.0,8985.0,-64.0,True
2,recipient_full_weight_2,52,Platt,calibration_ablation_results,fp,9044.0,8940.0,-104.0,True
2,recipient_full_weight_2,52,Uncalibrated,calibration_ablation_results,fp,9044.0,8940.0,-104.0,True
2,recipient_full_weight_2,62,Isotonic,calibration_ablation_results,fp,7778.0,7292.0,-486.0,True
2,recipient_full_weight_2,62,Platt,calibration_ablation_results,fp,7831.0,5003.0,-2828.0,True
2,recipient_full_weight_2,62,Uncalibrated,calibration_ablation_results,fp,7831.0,5003.0,-2828.0,True
2,recipient_full_weight_2,72,Isotonic,calibration_ablation_results,fp,7936.0,11054.0,3118.0,True
2,recipient_full_weight_2,72,Platt,calibration_ablation_results,fp,8165.0,11227.0,3062.0,True
2,recipient_full_weight_2,72,Uncalibrated,calibration_ablation_results,fp,8165.0,11227.0,3062.0,True
2,recipient_full_weight_2,82,Isotonic,calibration_ablation_results,fp,7504.0,7993.0,489.0,True
2,recipient_full_weight_2,82,Platt,calibration_ablation_results,fp,8122.0,8001.0,-121.0,True
2,recipient_full_weight_2,82,Uncalibrated,calibration_ablation_results,fp,8122.0,8001.0,-121.0,True
3,raw_safe,42,Isotonic,calibration_ablation_results,fp,3571.0,2567.0,-1004.0,True
3,raw_safe,42,Platt,calibration_ablation_results,fp,4916.0,4081.0,-835.0,True
3,raw_safe,42,Uncalibrated,calibration_ablation_results,fp,4916.0,4081.0,-835.0,True
3,raw_safe,52,Isotonic,calibration_ablation_results,fp,4572.0,3514.0,-1058.0,True
3,raw_safe,52,Platt,calibration_ablation_results,fp,2464.0,3631.0,1167.0,True
3,raw_safe,52,Uncalibrated,calibration_ablation_results,fp,2464.0,3631.0,1167.0,True
3,raw_safe,62,Isotonic,calibration_ablation_results,fp,8930.0,8775.0,-155.0,True
3,raw_safe,62,Platt,calibration_ablation_results,fp,8167.0,5449.0,-2718.0,True
3,raw_safe,62,Uncalibrated,calibration_ablation_results,fp,8167.0,5449.0,-2718.0,True
3,raw_safe,72,Isotonic,calibration_ablation_results,fp,3464.0,4600.0,1136.0,True
3,raw_safe,72,Platt,calibration_ablation_results,fp,2757.0,5171.0,2414.0,True
3,raw_safe,72,Uncalibrated,calibration_ablation_results,fp,2757.0,5171.0,2414.0,True
3,raw_safe,82,Isotonic,calibration_ablation_results,fp,8169.0,5070.0,-3099.0,True
3,raw_safe,82,Platt,calibration_ablation_results,fp,8068.0,3326.0,-4742.0,True
3,raw_safe,82,Uncalibrated,calibration_ablation_results,fp,8068.0,3326.0,-4742.0,True
3,recipient_full_weight_2,42,Isotonic,calibration_ablation_results,fp,9048.0,12174.0,3126.0,True
3,recipient_full_weight_2,42,Platt,calibration_ablation_results,fp,8139.0,12621.0,4482.0,True
3,recipient_full_weight_2,42,Uncalibrated,calibration_ablation_results,fp,8139.0,12621.0,4482.0,True
3,recipient_full_weight_2,52,Isotonic,calibration_ablation_results,fp,10427.0,11707.0,1280.0,True
3,recipient_full_weight_2,52,Platt,calibration_ablation_results,fp,10427.0,46350.0,35923.0,True
3,recipient_full_weight_2,52,Uncalibrated,calibration_ablation_results,fp,10427.0,46350.0,35923.0,True
3,recipient_full_weight_2,62,Isotonic,calibration_ablation_results,fp,18418.0,12847.0,-5571.0,True
3,recipient_full_weight_2,62,Platt,calibration_ablation_results,fp,18644.0,13000.0,-5644.0,True
3,recipient_full_weight_2,62,Uncalibrated,calibration_ablation_results,fp,18644.0,13000.0,-5644.0,True
3,recipient_full_weight_2,72,Isotonic,calibration_ablation_results,fp,12528.0,11768.0,-760.0,True
3,recipient_full_weight_2,72,Platt,calibration_ablation_results,fp,12997.0,11664.0,-1333.0,True
3,recipient_full_weight_2,72,Uncalibrated,calibration_ablation_results,fp,12997.0,11664.0,-1333.0,True
3,recipient_full_weight_2,82,Isotonic,calibration_ablation_results,fp,16164.0,15406.0,-758.0,True
3,recipient_full_weight_2,82,Platt,calibration_ablation_results,fp,16071.0,15406.0,-665.0,True
3,recipient_full_weight_2,82,Uncalibrated,calibration_ablation_results,fp,16071.0,15406.0,-665.0,True
1,raw_safe,42,Isotonic,calibration_ablation_results,tn,642162.0,642162.0,0.0,False
1,raw_safe,42,Platt,calibration_ablation_results,tn,642162.0,642162.0,0.0,False
1,raw_safe,42,Uncalibrated,calibration_ablation_results,tn,642162.0,642162.0,0.0,False
1,raw_safe,52,Isotonic,calibration_ablation_results,tn,642163.0,642006.0,-157.0,True
1,raw_safe,52,Platt,calibration_ablation_results,tn,642163.0,642006.0,-157.0,True
1,raw_safe,52,Uncalibrated,calibration_ablation_results,tn,642163.0,642006.0,-157.0,True
1,raw_safe,62,Isotonic,calibration_ablation_results,tn,642162.0,642163.0,1.0,True
1,raw_safe,62,Platt,calibration_ablation_results,tn,642162.0,642163.0,1.0,True
1,raw_safe,62,Uncalibrated,calibration_ablation_results,tn,642162.0,642163.0,1.0,True
1,raw_safe,72,Isotonic,calibration_ablation_results,tn,642163.0,642163.0,0.0,False
1,raw_safe,72,Platt,calibration_ablation_results,tn,642163.0,642163.0,0.0,False
1,raw_safe,72,Uncalibrated,calibration_ablation_results,tn,642163.0,642163.0,0.0,False
1,raw_safe,82,Isotonic,calibration_ablation_results,tn,642162.0,641661.0,-501.0,True
1,raw_safe,82,Platt,calibration_ablation_results,tn,641984.0,641661.0,-323.0,True
1,raw_safe,82,Uncalibrated,calibration_ablation_results,tn,641984.0,641661.0,-323.0,True
1,recipient_full_weight_2,42,Isotonic,calibration_ablation_results,tn,637052.0,634787.0,-2265.0,True
1,recipient_full_weight_2,42,Platt,calibration_ablation_results,tn,637067.0,635612.0,-1455.0,True
1,recipient_full_weight_2,42,Uncalibrated,calibration_ablation_results,tn,637067.0,635612.0,-1455.0,True
1,recipient_full_weight_2,52,Isotonic,calibration_ablation_results,tn,637863.0,634159.0,-3704.0,True
1,recipient_full_weight_2,52,Platt,calibration_ablation_results,tn,636901.0,634247.0,-2654.0,True
1,recipient_full_weight_2,52,Uncalibrated,calibration_ablation_results,tn,636901.0,634247.0,-2654.0,True
1,recipient_full_weight_2,62,Isotonic,calibration_ablation_results,tn,637235.0,635223.0,-2012.0,True
1,recipient_full_weight_2,62,Platt,calibration_ablation_results,tn,636886.0,635409.0,-1477.0,True
1,recipient_full_weight_2,62,Uncalibrated,calibration_ablation_results,tn,636886.0,635409.0,-1477.0,True
1,recipient_full_weight_2,72,Isotonic,calibration_ablation_results,tn,634575.0,635449.0,874.0,True
1,recipient_full_weight_2,72,Platt,calibration_ablation_results,tn,635181.0,635449.0,268.0,True
1,recipient_full_weight_2,72,Uncalibrated,calibration_ablation_results,tn,635181.0,635449.0,268.0,True
1,recipient_full_weight_2,82,Isotonic,calibration_ablation_results,tn,633983.0,634037.0,54.0,True
1,recipient_full_weight_2,82,Platt,calibration_ablation_results,tn,634967.0,634698.0,-269.0,True
1,recipient_full_weight_2,82,Uncalibrated,calibration_ablation_results,tn,634967.0,634698.0,-269.0,True
2,raw_safe,42,Isotonic,calibration_ablation_results,tn,605167.0,605067.0,-100.0,True
2,raw_safe,42,Platt,calibration_ablation_results,tn,605167.0,605067.0,-100.0,True
2,raw_safe,42,Uncalibrated,calibration_ablation_results,tn,605167.0,605067.0,-100.0,True
2,raw_safe,52,Isotonic,calibration_ablation_results,tn,604905.0,605179.0,274.0,True
2,raw_safe,52,Platt,calibration_ablation_results,tn,604801.0,605179.0,378.0,True
2,raw_safe,52,Uncalibrated,calibration_ablation_results,tn,604801.0,605179.0,378.0,True
2,raw_safe,62,Isotonic,calibration_ablation_results,tn,604955.0,604889.0,-66.0,True
2,raw_safe,62,Platt,calibration_ablation_results,tn,604955.0,604889.0,-66.0,True
2,raw_safe,62,Uncalibrated,calibration_ablation_results,tn,604955.0,604889.0,-66.0,True
2,raw_safe,72,Isotonic,calibration_ablation_results,tn,604473.0,605069.0,596.0,True
2,raw_safe,72,Platt,calibration_ablation_results,tn,605164.0,605069.0,-95.0,True
2,raw_safe,72,Uncalibrated,calibration_ablation_results,tn,605164.0,605069.0,-95.0,True
2,raw_safe,82,Isotonic,calibration_ablation_results,tn,605196.0,605146.0,-50.0,True
2,raw_safe,82,Platt,calibration_ablation_results,tn,605196.0,605164.0,-32.0,True
2,raw_safe,82,Uncalibrated,calibration_ablation_results,tn,605196.0,605164.0,-32.0,True
2,recipient_full_weight_2,42,Isotonic,calibration_ablation_results,tn,599471.0,597796.0,-1675.0,True
2,recipient_full_weight_2,42,Platt,calibration_ablation_results,tn,599471.0,598946.0,-525.0,True
2,recipient_full_weight_2,42,Uncalibrated,calibration_ablation_results,tn,599471.0,598946.0,-525.0,True
2,recipient_full_weight_2,52,Isotonic,calibration_ablation_results,tn,596149.0,596213.0,64.0,True
2,recipient_full_weight_2,52,Platt,calibration_ablation_results,tn,596154.0,596258.0,104.0,True
2,recipient_full_weight_2,52,Uncalibrated,calibration_ablation_results,tn,596154.0,596258.0,104.0,True
2,recipient_full_weight_2,62,Isotonic,calibration_ablation_results,tn,597420.0,597906.0,486.0,True
2,recipient_full_weight_2,62,Platt,calibration_ablation_results,tn,597367.0,600195.0,2828.0,True
2,recipient_full_weight_2,62,Uncalibrated,calibration_ablation_results,tn,597367.0,600195.0,2828.0,True
2,recipient_full_weight_2,72,Isotonic,calibration_ablation_results,tn,597262.0,594144.0,-3118.0,True
2,recipient_full_weight_2,72,Platt,calibration_ablation_results,tn,597033.0,593971.0,-3062.0,True
2,recipient_full_weight_2,72,Uncalibrated,calibration_ablation_results,tn,597033.0,593971.0,-3062.0,True
2,recipient_full_weight_2,82,Isotonic,calibration_ablation_results,tn,597694.0,597205.0,-489.0,True
2,recipient_full_weight_2,82,Platt,calibration_ablation_results,tn,597076.0,597197.0,121.0,True
2,recipient_full_weight_2,82,Uncalibrated,calibration_ablation_results,tn,597076.0,597197.0,121.0,True
3,raw_safe,42,Isotonic,calibration_ablation_results,tn,629388.0,630392.0,1004.0,True
3,raw_safe,42,Platt,calibration_ablation_results,tn,628043.0,628878.0,835.0,True
3,raw_safe,42,Uncalibrated,calibration_ablation_results,tn,628043.0,628878.0,835.0,True
3,raw_safe,52,Isotonic,calibration_ablation_results,tn,628387.0,629445.0,1058.0,True
3,raw_safe,52,Platt,calibration_ablation_results,tn,630495.0,629328.0,-1167.0,True
3,raw_safe,52,Uncalibrated,calibration_ablation_results,tn,630495.0,629328.0,-1167.0,True
3,raw_safe,62,Isotonic,calibration_ablation_results,tn,624029.0,624184.0,155.0,True
3,raw_safe,62,Platt,calibration_ablation_results,tn,624792.0,627510.0,2718.0,True
3,raw_safe,62,Uncalibrated,calibration_ablation_results,tn,624792.0,627510.0,2718.0,True
3,raw_safe,72,Isotonic,calibration_ablation_results,tn,629495.0,628359.0,-1136.0,True
3,raw_safe,72,Platt,calibration_ablation_results,tn,630202.0,627788.0,-2414.0,True
3,raw_safe,72,Uncalibrated,calibration_ablation_results,tn,630202.0,627788.0,-2414.0,True
3,raw_safe,82,Isotonic,calibration_ablation_results,tn,624790.0,627889.0,3099.0,True
3,raw_safe,82,Platt,calibration_ablation_results,tn,624891.0,629633.0,4742.0,True
3,raw_safe,82,Uncalibrated,calibration_ablation_results,tn,624891.0,629633.0,4742.0,True
3,recipient_full_weight_2,42,Isotonic,calibration_ablation_results,tn,623911.0,620785.0,-3126.0,True
3,recipient_full_weight_2,42,Platt,calibration_ablation_results,tn,624820.0,620338.0,-4482.0,True
3,recipient_full_weight_2,42,Uncalibrated,calibration_ablation_results,tn,624820.0,620338.0,-4482.0,True
3,recipient_full_weight_2,52,Isotonic,calibration_ablation_results,tn,622532.0,621252.0,-1280.0,True
3,recipient_full_weight_2,52,Platt,calibration_ablation_results,tn,622532.0,586609.0,-35923.0,True
3,recipient_full_weight_2,52,Uncalibrated,calibration_ablation_results,tn,622532.0,586609.0,-35923.0,True
3,recipient_full_weight_2,62,Isotonic,calibration_ablation_results,tn,614541.0,620112.0,5571.0,True
3,recipient_full_weight_2,62,Platt,calibration_ablation_results,tn,614315.0,619959.0,5644.0,True
3,recipient_full_weight_2,62,Uncalibrated,calibration_ablation_results,tn,614315.0,619959.0,5644.0,True
3,recipient_full_weight_2,72,Isotonic,calibration_ablation_results,tn,620431.0,621191.0,760.0,True
3,recipient_full_weight_2,72,Platt,calibration_ablation_results,tn,619962.0,621295.0,1333.0,True
3,recipient_full_weight_2,72,Uncalibrated,calibration_ablation_results,tn,619962.0,621295.0,1333.0,True
3,recipient_full_weight_2,82,Isotonic,calibration_ablation_results,tn,616795.0,617553.0,758.0,True
3,recipient_full_weight_2,82,Platt,calibration_ablation_results,tn,616888.0,617553.0,665.0,True
3,recipient_full_weight_2,82,Uncalibrated,calibration_ablation_results,tn,616888.0,617553.0,665.0,True
1,raw_safe,42,Isotonic,calibration_ablation_results,fn,427.0,427.0,0.0,False
1,raw_safe,42,Platt,calibration_ablation_results,fn,427.0,427.0,0.0,False
1,raw_safe,42,Uncalibrated,calibration_ablation_results,fn,427.0,427.0,0.0,False
1,raw_safe,52,Isotonic,calibration_ablation_results,fn,431.0,490.0,59.0,True
1,raw_safe,52,Platt,calibration_ablation_results,fn,431.0,490.0,59.0,True
1,raw_safe,52,Uncalibrated,calibration_ablation_results,fn,431.0,490.0,59.0,True
1,raw_safe,62,Isotonic,calibration_ablation_results,fn,422.0,431.0,9.0,True
1,raw_safe,62,Platt,calibration_ablation_results,fn,422.0,431.0,9.0,True
1,raw_safe,62,Uncalibrated,calibration_ablation_results,fn,422.0,431.0,9.0,True
1,raw_safe,72,Isotonic,calibration_ablation_results,fn,431.0,426.0,-5.0,True
1,raw_safe,72,Platt,calibration_ablation_results,fn,431.0,426.0,-5.0,True
1,raw_safe,72,Uncalibrated,calibration_ablation_results,fn,431.0,426.0,-5.0,True
1,raw_safe,82,Isotonic,calibration_ablation_results,fn,427.0,428.0,1.0,True
1,raw_safe,82,Platt,calibration_ablation_results,fn,416.0,428.0,12.0,True
1,raw_safe,82,Uncalibrated,calibration_ablation_results,fn,416.0,428.0,12.0,True
1,recipient_full_weight_2,42,Isotonic,calibration_ablation_results,fn,246.0,148.0,-98.0,True
1,recipient_full_weight_2,42,Platt,calibration_ablation_results,fn,247.0,156.0,-91.0,True
1,recipient_full_weight_2,42,Uncalibrated,calibration_ablation_results,fn,247.0,156.0,-91.0,True
1,recipient_full_weight_2,52,Isotonic,calibration_ablation_results,fn,163.0,134.0,-29.0,True
1,recipient_full_weight_2,52,Platt,calibration_ablation_results,fn,153.0,135.0,-18.0,True
1,recipient_full_weight_2,52,Uncalibrated,calibration_ablation_results,fn,153.0,135.0,-18.0,True
1,recipient_full_weight_2,62,Isotonic,calibration_ablation_results,fn,169.0,146.0,-23.0,True
1,recipient_full_weight_2,62,Platt,calibration_ablation_results,fn,165.0,152.0,-13.0,True
1,recipient_full_weight_2,62,Uncalibrated,calibration_ablation_results,fn,165.0,152.0,-13.0,True
1,recipient_full_weight_2,72,Isotonic,calibration_ablation_results,fn,193.0,169.0,-24.0,True
1,recipient_full_weight_2,72,Platt,calibration_ablation_results,fn,200.0,169.0,-31.0,True
1,recipient_full_weight_2,72,Uncalibrated,calibration_ablation_results,fn,200.0,169.0,-31.0,True
1,recipient_full_weight_2,82,Isotonic,calibration_ablation_results,fn,119.0,120.0,1.0,True
1,recipient_full_weight_2,82,Platt,calibration_ablation_results,fn,146.0,138.0,-8.0,True
1,recipient_full_weight_2,82,Uncalibrated,calibration_ablation_results,fn,146.0,138.0,-8.0,True
2,raw_safe,42,Isotonic,calibration_ablation_results,fn,267.0,263.0,-4.0,True
2,raw_safe,42,Platt,calibration_ablation_results,fn,267.0,263.0,-4.0,True
2,raw_safe,42,Uncalibrated,calibration_ablation_results,fn,267.0,263.0,-4.0,True
2,raw_safe,52,Isotonic,calibration_ablation_results,fn,269.0,277.0,8.0,True
2,raw_safe,52,Platt,calibration_ablation_results,fn,268.0,277.0,9.0,True
2,raw_safe,52,Uncalibrated,calibration_ablation_results,fn,268.0,277.0,9.0,True
2,raw_safe,62,Isotonic,calibration_ablation_results,fn,263.0,263.0,0.0,False
2,raw_safe,62,Platt,calibration_ablation_results,fn,263.0,263.0,0.0,False
2,raw_safe,62,Uncalibrated,calibration_ablation_results,fn,263.0,263.0,0.0,False
2,raw_safe,72,Isotonic,calibration_ablation_results,fn,262.0,263.0,1.0,True
2,raw_safe,72,Platt,calibration_ablation_results,fn,275.0,263.0,-12.0,True
2,raw_safe,72,Uncalibrated,calibration_ablation_results,fn,275.0,263.0,-12.0,True
2,raw_safe,82,Isotonic,calibration_ablation_results,fn,275.0,273.0,-2.0,True
2,raw_safe,82,Platt,calibration_ablation_results,fn,275.0,281.0,6.0,True
2,raw_safe,82,Uncalibrated,calibration_ablation_results,fn,275.0,281.0,6.0,True
2,recipient_full_weight_2,42,Isotonic,calibration_ablation_results,fn,109.0,90.0,-19.0,True
2,recipient_full_weight_2,42,Platt,calibration_ablation_results,fn,109.0,102.0,-7.0,True
2,recipient_full_weight_2,42,Uncalibrated,calibration_ablation_results,fn,109.0,102.0,-7.0,True
2,recipient_full_weight_2,52,Isotonic,calibration_ablation_results,fn,102.0,98.0,-4.0,True
2,recipient_full_weight_2,52,Platt,calibration_ablation_results,fn,102.0,98.0,-4.0,True
2,recipient_full_weight_2,52,Uncalibrated,calibration_ablation_results,fn,102.0,98.0,-4.0,True
2,recipient_full_weight_2,62,Isotonic,calibration_ablation_results,fn,104.0,96.0,-8.0,True
2,recipient_full_weight_2,62,Platt,calibration_ablation_results,fn,103.0,116.0,13.0,True
2,recipient_full_weight_2,62,Uncalibrated,calibration_ablation_results,fn,103.0,116.0,13.0,True
2,recipient_full_weight_2,72,Isotonic,calibration_ablation_results,fn,119.0,95.0,-24.0,True
2,recipient_full_weight_2,72,Platt,calibration_ablation_results,fn,116.0,93.0,-23.0,True
2,recipient_full_weight_2,72,Uncalibrated,calibration_ablation_results,fn,116.0,93.0,-23.0,True
2,recipient_full_weight_2,82,Isotonic,calibration_ablation_results,fn,117.0,79.0,-38.0,True
2,recipient_full_weight_2,82,Platt,calibration_ablation_results,fn,112.0,79.0,-33.0,True
2,recipient_full_weight_2,82,Uncalibrated,calibration_ablation_results,fn,112.0,79.0,-33.0,True
3,raw_safe,42,Isotonic,calibration_ablation_results,fn,2601.0,2714.0,113.0,True
3,raw_safe,42,Platt,calibration_ablation_results,fn,2523.0,2636.0,113.0,True
3,raw_safe,42,Uncalibrated,calibration_ablation_results,fn,2523.0,2636.0,113.0,True
3,raw_safe,52,Isotonic,calibration_ablation_results,fn,2593.0,2592.0,-1.0,True
3,raw_safe,52,Platt,calibration_ablation_results,fn,2688.0,2584.0,-104.0,True
3,raw_safe,52,Uncalibrated,calibration_ablation_results,fn,2688.0,2584.0,-104.0,True
3,raw_safe,62,Isotonic,calibration_ablation_results,fn,2561.0,2357.0,-204.0,True
3,raw_safe,62,Platt,calibration_ablation_results,fn,2587.0,2501.0,-86.0,True
3,raw_safe,62,Uncalibrated,calibration_ablation_results,fn,2587.0,2501.0,-86.0,True
3,raw_safe,72,Isotonic,calibration_ablation_results,fn,2635.0,2547.0,-88.0,True
3,raw_safe,72,Platt,calibration_ablation_results,fn,2667.0,2503.0,-164.0,True
3,raw_safe,72,Uncalibrated,calibration_ablation_results,fn,2667.0,2503.0,-164.0,True
3,raw_safe,82,Isotonic,calibration_ablation_results,fn,2398.0,2501.0,103.0,True
3,raw_safe,82,Platt,calibration_ablation_results,fn,2404.0,2612.0,208.0,True
3,raw_safe,82,Uncalibrated,calibration_ablation_results,fn,2404.0,2612.0,208.0,True
3,recipient_full_weight_2,42,Isotonic,calibration_ablation_results,fn,1090.0,931.0,-159.0,True
3,recipient_full_weight_2,42,Platt,calibration_ablation_results,fn,1224.0,873.0,-351.0,True
3,recipient_full_weight_2,42,Uncalibrated,calibration_ablation_results,fn,1224.0,873.0,-351.0,True
3,recipient_full_weight_2,52,Isotonic,calibration_ablation_results,fn,1459.0,1723.0,264.0,True
3,recipient_full_weight_2,52,Platt,calibration_ablation_results,fn,1459.0,867.0,-592.0,True
3,recipient_full_weight_2,52,Uncalibrated,calibration_ablation_results,fn,1459.0,867.0,-592.0,True
3,recipient_full_weight_2,62,Isotonic,calibration_ablation_results,fn,1298.0,1457.0,159.0,True
3,recipient_full_weight_2,62,Platt,calibration_ablation_results,fn,1270.0,1449.0,179.0,True
3,recipient_full_weight_2,62,Uncalibrated,calibration_ablation_results,fn,1270.0,1449.0,179.0,True
3,recipient_full_weight_2,72,Isotonic,calibration_ablation_results,fn,878.0,838.0,-40.0,True
3,recipient_full_weight_2,72,Platt,calibration_ablation_results,fn,848.0,888.0,40.0,True
3,recipient_full_weight_2,72,Uncalibrated,calibration_ablation_results,fn,848.0,888.0,40.0,True
3,recipient_full_weight_2,82,Isotonic,calibration_ablation_results,fn,839.0,1037.0,198.0,True
3,recipient_full_weight_2,82,Platt,calibration_ablation_results,fn,845.0,1037.0,192.0,True
3,recipient_full_weight_2,82,Uncalibrated,calibration_ablation_results,fn,845.0,1037.0,192.0,True
1,raw_safe,42,Isotonic,calibration_ablation_results,alert_count,72.0,72.0,0.0,False
1,raw_safe,42,Platt,calibration_ablation_results,alert_count,72.0,72.0,0.0,False
1,raw_safe,42,Uncalibrated,calibration_ablation_results,alert_count,72.0,72.0,0.0,False
1,raw_safe,52,Isotonic,calibration_ablation_results,alert_count,67.0,165.0,98.0,True
1,raw_safe,52,Platt,calibration_ablation_results,alert_count,67.0,165.0,98.0,True
1,raw_safe,52,Uncalibrated,calibration_ablation_results,alert_count,67.0,165.0,98.0,True
1,raw_safe,62,Isotonic,calibration_ablation_results,alert_count,77.0,67.0,-10.0,True
1,raw_safe,62,Platt,calibration_ablation_results,alert_count,77.0,67.0,-10.0,True
1,raw_safe,62,Uncalibrated,calibration_ablation_results,alert_count,77.0,67.0,-10.0,True
1,raw_safe,72,Isotonic,calibration_ablation_results,alert_count,67.0,72.0,5.0,True
1,raw_safe,72,Platt,calibration_ablation_results,alert_count,67.0,72.0,5.0,True
1,raw_safe,72,Uncalibrated,calibration_ablation_results,alert_count,67.0,72.0,5.0,True
1,raw_safe,82,Isotonic,calibration_ablation_results,alert_count,72.0,572.0,500.0,True
1,raw_safe,82,Platt,calibration_ablation_results,alert_count,261.0,572.0,311.0,True
1,raw_safe,82,Uncalibrated,calibration_ablation_results,alert_count,261.0,572.0,311.0,True
1,recipient_full_weight_2,42,Isotonic,calibration_ablation_results,alert_count,5363.0,7726.0,2363.0,True
1,recipient_full_weight_2,42,Platt,calibration_ablation_results,alert_count,5347.0,6893.0,1546.0,True
1,recipient_full_weight_2,42,Uncalibrated,calibration_ablation_results,alert_count,5347.0,6893.0,1546.0,True
1,recipient_full_weight_2,52,Isotonic,calibration_ablation_results,alert_count,4635.0,8368.0,3733.0,True
1,recipient_full_weight_2,52,Platt,calibration_ablation_results,alert_count,5607.0,8279.0,2672.0,True
1,recipient_full_weight_2,52,Uncalibrated,calibration_ablation_results,alert_count,5607.0,8279.0,2672.0,True
1,recipient_full_weight_2,62,Isotonic,calibration_ablation_results,alert_count,5257.0,7292.0,2035.0,True
1,recipient_full_weight_2,62,Platt,calibration_ablation_results,alert_count,5610.0,7100.0,1490.0,True
1,recipient_full_weight_2,62,Uncalibrated,calibration_ablation_results,alert_count,5610.0,7100.0,1490.0,True
1,recipient_full_weight_2,72,Isotonic,calibration_ablation_results,alert_count,7893.0,7043.0,-850.0,True
1,recipient_full_weight_2,72,Platt,calibration_ablation_results,alert_count,7280.0,7043.0,-237.0,True
1,recipient_full_weight_2,72,Uncalibrated,calibration_ablation_results,alert_count,7280.0,7043.0,-237.0,True
1,recipient_full_weight_2,82,Isotonic,calibration_ablation_results,alert_count,8559.0,8504.0,-55.0,True
1,recipient_full_weight_2,82,Platt,calibration_ablation_results,alert_count,7548.0,7825.0,277.0,True
1,recipient_full_weight_2,82,Uncalibrated,calibration_ablation_results,alert_count,7548.0,7825.0,277.0,True
2,raw_safe,42,Isotonic,calibration_ablation_results,alert_count,76.0,180.0,104.0,True
2,raw_safe,42,Platt,calibration_ablation_results,alert_count,76.0,180.0,104.0,True
2,raw_safe,42,Uncalibrated,calibration_ablation_results,alert_count,76.0,180.0,104.0,True
2,raw_safe,52,Isotonic,calibration_ablation_results,alert_count,336.0,54.0,-282.0,True
2,raw_safe,52,Platt,calibration_ablation_results,alert_count,441.0,54.0,-387.0,True
2,raw_safe,52,Uncalibrated,calibration_ablation_results,alert_count,441.0,54.0,-387.0,True
2,raw_safe,62,Isotonic,calibration_ablation_results,alert_count,292.0,358.0,66.0,True
2,raw_safe,62,Platt,calibration_ablation_results,alert_count,292.0,358.0,66.0,True
2,raw_safe,62,Uncalibrated,calibration_ablation_results,alert_count,292.0,358.0,66.0,True
2,raw_safe,72,Isotonic,calibration_ablation_results,alert_count,775.0,178.0,-597.0,True
2,raw_safe,72,Platt,calibration_ablation_results,alert_count,71.0,178.0,107.0,True
2,raw_safe,72,Uncalibrated,calibration_ablation_results,alert_count,71.0,178.0,107.0,True
2,raw_safe,82,Isotonic,calibration_ablation_results,alert_count,39.0,91.0,52.0,True
2,raw_safe,82,Platt,calibration_ablation_results,alert_count,39.0,65.0,26.0,True
2,raw_safe,82,Uncalibrated,calibration_ablation_results,alert_count,39.0,65.0,26.0,True
2,recipient_full_weight_2,42,Isotonic,calibration_ablation_results,alert_count,5930.0,7624.0,1694.0,True
2,recipient_full_weight_2,42,Platt,calibration_ablation_results,alert_count,5930.0,6462.0,532.0,True
2,recipient_full_weight_2,42,Uncalibrated,calibration_ablation_results,alert_count,5930.0,6462.0,532.0,True
2,recipient_full_weight_2,52,Isotonic,calibration_ablation_results,alert_count,9259.0,9199.0,-60.0,True
2,recipient_full_weight_2,52,Platt,calibration_ablation_results,alert_count,9254.0,9154.0,-100.0,True
2,recipient_full_weight_2,52,Uncalibrated,calibration_ablation_results,alert_count,9254.0,9154.0,-100.0,True
2,recipient_full_weight_2,62,Isotonic,calibration_ablation_results,alert_count,7986.0,7508.0,-478.0,True
2,recipient_full_weight_2,62,Platt,calibration_ablation_results,alert_count,8040.0,5199.0,-2841.0,True
2,recipient_full_weight_2,62,Uncalibrated,calibration_ablation_results,alert_count,8040.0,5199.0,-2841.0,True
2,recipient_full_weight_2,72,Isotonic,calibration_ablation_results,alert_count,8129.0,11271.0,3142.0,True
2,recipient_full_weight_2,72,Platt,calibration_ablation_results,alert_count,8361.0,11446.0,3085.0,True
2,recipient_full_weight_2,72,Uncalibrated,calibration_ablation_results,alert_count,8361.0,11446.0,3085.0,True
2,recipient_full_weight_2,82,Isotonic,calibration_ablation_results,alert_count,7699.0,8226.0,527.0,True
2,recipient_full_weight_2,82,Platt,calibration_ablation_results,alert_count,8322.0,8234.0,-88.0,True
2,recipient_full_weight_2,82,Uncalibrated,calibration_ablation_results,alert_count,8322.0,8234.0,-88.0,True
3,raw_safe,42,Isotonic,calibration_ablation_results,alert_count,4734.0,3617.0,-1117.0,True
3,raw_safe,42,Platt,calibration_ablation_results,alert_count,6157.0,5209.0,-948.0,True
3,raw_safe,42,Uncalibrated,calibration_ablation_results,alert_count,6157.0,5209.0,-948.0,True
3,raw_safe,52,Isotonic,calibration_ablation_results,alert_count,5743.0,4686.0,-1057.0,True
3,raw_safe,52,Platt,calibration_ablation_results,alert_count,3540.0,4811.0,1271.0,True
3,raw_safe,52,Uncalibrated,calibration_ablation_results,alert_count,3540.0,4811.0,1271.0,True
3,raw_safe,62,Isotonic,calibration_ablation_results,alert_count,10133.0,10182.0,49.0,True
3,raw_safe,62,Platt,calibration_ablation_results,alert_count,9344.0,6712.0,-2632.0,True
3,raw_safe,62,Uncalibrated,calibration_ablation_results,alert_count,9344.0,6712.0,-2632.0,True
3,raw_safe,72,Isotonic,calibration_ablation_results,alert_count,4593.0,5817.0,1224.0,True
3,raw_safe,72,Platt,calibration_ablation_results,alert_count,3854.0,6432.0,2578.0,True
3,raw_safe,72,Uncalibrated,calibration_ablation_results,alert_count,3854.0,6432.0,2578.0,True
3,raw_safe,82,Isotonic,calibration_ablation_results,alert_count,9535.0,6333.0,-3202.0,True
3,raw_safe,82,Platt,calibration_ablation_results,alert_count,9428.0,4478.0,-4950.0,True
3,raw_safe,82,Uncalibrated,calibration_ablation_results,alert_count,9428.0,4478.0,-4950.0,True
3,recipient_full_weight_2,42,Isotonic,calibration_ablation_results,alert_count,11722.0,15007.0,3285.0,True
3,recipient_full_weight_2,42,Platt,calibration_ablation_results,alert_count,10679.0,15512.0,4833.0,True
3,recipient_full_weight_2,42,Uncalibrated,calibration_ablation_results,alert_count,10679.0,15512.0,4833.0,True
3,recipient_full_weight_2,52,Isotonic,calibration_ablation_results,alert_count,12732.0,13748.0,1016.0,True
3,recipient_full_weight_2,52,Platt,calibration_ablation_results,alert_count,12732.0,49247.0,36515.0,True
3,recipient_full_weight_2,52,Uncalibrated,calibration_ablation_results,alert_count,12732.0,49247.0,36515.0,True
3,recipient_full_weight_2,62,Isotonic,calibration_ablation_results,alert_count,20884.0,15154.0,-5730.0,True
3,recipient_full_weight_2,62,Platt,calibration_ablation_results,alert_count,21138.0,15315.0,-5823.0,True
3,recipient_full_weight_2,62,Uncalibrated,calibration_ablation_results,alert_count,21138.0,15315.0,-5823.0,True
3,recipient_full_weight_2,72,Isotonic,calibration_ablation_results,alert_count,15414.0,14694.0,-720.0,True
3,recipient_full_weight_2,72,Platt,calibration_ablation_results,alert_count,15913.0,14540.0,-1373.0,True
3,recipient_full_weight_2,72,Uncalibrated,calibration_ablation_results,alert_count,15913.0,14540.0,-1373.0,True
3,recipient_full_weight_2,82,Isotonic,calibration_ablation_results,alert_count,19089.0,18133.0,-956.0,True
3,recipient_full_weight_2,82,Platt,calibration_ablation_results,alert_count,18990.0,18133.0,-857.0,True
3,recipient_full_weight_2,82,Uncalibrated,calibration_ablation_results,alert_count,18990.0,18133.0,-857.0,True
1,raw_safe,42,Isotonic,calibration_ablation_results,false_negative_cost,42700.0,42700.0,0.0,False
1,raw_safe,42,Platt,calibration_ablation_results,false_negative_cost,42700.0,42700.0,0.0,False
1,raw_safe,42,Uncalibrated,calibration_ablation_results,false_negative_cost,42700.0,42700.0,0.0,False
1,raw_safe,52,Isotonic,calibration_ablation_results,false_negative_cost,43100.0,49000.0,5900.0,True
1,raw_safe,52,Platt,calibration_ablation_results,false_negative_cost,43100.0,49000.0,5900.0,True
1,raw_safe,52,Uncalibrated,calibration_ablation_results,false_negative_cost,43100.0,49000.0,5900.0,True
1,raw_safe,62,Isotonic,calibration_ablation_results,false_negative_cost,42200.0,43100.0,900.0,True
1,raw_safe,62,Platt,calibration_ablation_results,false_negative_cost,42200.0,43100.0,900.0,True
1,raw_safe,62,Uncalibrated,calibration_ablation_results,false_negative_cost,42200.0,43100.0,900.0,True
1,raw_safe,72,Isotonic,calibration_ablation_results,false_negative_cost,43100.0,42600.0,-500.0,True
1,raw_safe,72,Platt,calibration_ablation_results,false_negative_cost,43100.0,42600.0,-500.0,True
1,raw_safe,72,Uncalibrated,calibration_ablation_results,false_negative_cost,43100.0,42600.0,-500.0,True
1,raw_safe,82,Isotonic,calibration_ablation_results,false_negative_cost,42700.0,42800.0,100.0,True
1,raw_safe,82,Platt,calibration_ablation_results,false_negative_cost,41600.0,42800.0,1200.0,True
1,raw_safe,82,Uncalibrated,calibration_ablation_results,false_negative_cost,41600.0,42800.0,1200.0,True
1,recipient_full_weight_2,42,Isotonic,calibration_ablation_results,false_negative_cost,24600.0,14800.0,-9800.0,True
1,recipient_full_weight_2,42,Platt,calibration_ablation_results,false_negative_cost,24700.0,15600.0,-9100.0,True
1,recipient_full_weight_2,42,Uncalibrated,calibration_ablation_results,false_negative_cost,24700.0,15600.0,-9100.0,True
1,recipient_full_weight_2,52,Isotonic,calibration_ablation_results,false_negative_cost,16300.0,13400.0,-2900.0,True
1,recipient_full_weight_2,52,Platt,calibration_ablation_results,false_negative_cost,15300.0,13500.0,-1800.0,True
1,recipient_full_weight_2,52,Uncalibrated,calibration_ablation_results,false_negative_cost,15300.0,13500.0,-1800.0,True
1,recipient_full_weight_2,62,Isotonic,calibration_ablation_results,false_negative_cost,16900.0,14600.0,-2300.0,True
1,recipient_full_weight_2,62,Platt,calibration_ablation_results,false_negative_cost,16500.0,15200.0,-1300.0,True
1,recipient_full_weight_2,62,Uncalibrated,calibration_ablation_results,false_negative_cost,16500.0,15200.0,-1300.0,True
1,recipient_full_weight_2,72,Isotonic,calibration_ablation_results,false_negative_cost,19300.0,16900.0,-2400.0,True
1,recipient_full_weight_2,72,Platt,calibration_ablation_results,false_negative_cost,20000.0,16900.0,-3100.0,True
1,recipient_full_weight_2,72,Uncalibrated,calibration_ablation_results,false_negative_cost,20000.0,16900.0,-3100.0,True
1,recipient_full_weight_2,82,Isotonic,calibration_ablation_results,false_negative_cost,11900.0,12000.0,100.0,True
1,recipient_full_weight_2,82,Platt,calibration_ablation_results,false_negative_cost,14600.0,13800.0,-800.0,True
1,recipient_full_weight_2,82,Uncalibrated,calibration_ablation_results,false_negative_cost,14600.0,13800.0,-800.0,True
2,raw_safe,42,Isotonic,calibration_ablation_results,false_negative_cost,26700.0,26300.0,-400.0,True
2,raw_safe,42,Platt,calibration_ablation_results,false_negative_cost,26700.0,26300.0,-400.0,True
2,raw_safe,42,Uncalibrated,calibration_ablation_results,false_negative_cost,26700.0,26300.0,-400.0,True
2,raw_safe,52,Isotonic,calibration_ablation_results,false_negative_cost,26900.0,27700.0,800.0,True
2,raw_safe,52,Platt,calibration_ablation_results,false_negative_cost,26800.0,27700.0,900.0,True
2,raw_safe,52,Uncalibrated,calibration_ablation_results,false_negative_cost,26800.0,27700.0,900.0,True
2,raw_safe,62,Isotonic,calibration_ablation_results,false_negative_cost,26300.0,26300.0,0.0,False
2,raw_safe,62,Platt,calibration_ablation_results,false_negative_cost,26300.0,26300.0,0.0,False
2,raw_safe,62,Uncalibrated,calibration_ablation_results,false_negative_cost,26300.0,26300.0,0.0,False
2,raw_safe,72,Isotonic,calibration_ablation_results,false_negative_cost,26200.0,26300.0,100.0,True
2,raw_safe,72,Platt,calibration_ablation_results,false_negative_cost,27500.0,26300.0,-1200.0,True
2,raw_safe,72,Uncalibrated,calibration_ablation_results,false_negative_cost,27500.0,26300.0,-1200.0,True
2,raw_safe,82,Isotonic,calibration_ablation_results,false_negative_cost,27500.0,27300.0,-200.0,True
2,raw_safe,82,Platt,calibration_ablation_results,false_negative_cost,27500.0,28100.0,600.0,True
2,raw_safe,82,Uncalibrated,calibration_ablation_results,false_negative_cost,27500.0,28100.0,600.0,True
2,recipient_full_weight_2,42,Isotonic,calibration_ablation_results,false_negative_cost,10900.0,9000.0,-1900.0,True
2,recipient_full_weight_2,42,Platt,calibration_ablation_results,false_negative_cost,10900.0,10200.0,-700.0,True
2,recipient_full_weight_2,42,Uncalibrated,calibration_ablation_results,false_negative_cost,10900.0,10200.0,-700.0,True
2,recipient_full_weight_2,52,Isotonic,calibration_ablation_results,false_negative_cost,10200.0,9800.0,-400.0,True
2,recipient_full_weight_2,52,Platt,calibration_ablation_results,false_negative_cost,10200.0,9800.0,-400.0,True
2,recipient_full_weight_2,52,Uncalibrated,calibration_ablation_results,false_negative_cost,10200.0,9800.0,-400.0,True
2,recipient_full_weight_2,62,Isotonic,calibration_ablation_results,false_negative_cost,10400.0,9600.0,-800.0,True
2,recipient_full_weight_2,62,Platt,calibration_ablation_results,false_negative_cost,10300.0,11600.0,1300.0,True
2,recipient_full_weight_2,62,Uncalibrated,calibration_ablation_results,false_negative_cost,10300.0,11600.0,1300.0,True
2,recipient_full_weight_2,72,Isotonic,calibration_ablation_results,false_negative_cost,11900.0,9500.0,-2400.0,True
2,recipient_full_weight_2,72,Platt,calibration_ablation_results,false_negative_cost,11600.0,9300.0,-2300.0,True
2,recipient_full_weight_2,72,Uncalibrated,calibration_ablation_results,false_negative_cost,11600.0,9300.0,-2300.0,True
2,recipient_full_weight_2,82,Isotonic,calibration_ablation_results,false_negative_cost,11700.0,7900.0,-3800.0,True
2,recipient_full_weight_2,82,Platt,calibration_ablation_results,false_negative_cost,11200.0,7900.0,-3300.0,True
2,recipient_full_weight_2,82,Uncalibrated,calibration_ablation_results,false_negative_cost,11200.0,7900.0,-3300.0,True
3,raw_safe,42,Isotonic,calibration_ablation_results,false_negative_cost,260100.0,271400.0,11300.0,True
3,raw_safe,42,Platt,calibration_ablation_results,false_negative_cost,252300.0,263600.0,11300.0,True
3,raw_safe,42,Uncalibrated,calibration_ablation_results,false_negative_cost,252300.0,263600.0,11300.0,True
3,raw_safe,52,Isotonic,calibration_ablation_results,false_negative_cost,259300.0,259200.0,-100.0,True
3,raw_safe,52,Platt,calibration_ablation_results,false_negative_cost,268800.0,258400.0,-10400.0,True
3,raw_safe,52,Uncalibrated,calibration_ablation_results,false_negative_cost,268800.0,258400.0,-10400.0,True
3,raw_safe,62,Isotonic,calibration_ablation_results,false_negative_cost,256100.0,235700.0,-20400.0,True
3,raw_safe,62,Platt,calibration_ablation_results,false_negative_cost,258700.0,250100.0,-8600.0,True
3,raw_safe,62,Uncalibrated,calibration_ablation_results,false_negative_cost,258700.0,250100.0,-8600.0,True
3,raw_safe,72,Isotonic,calibration_ablation_results,false_negative_cost,263500.0,254700.0,-8800.0,True
3,raw_safe,72,Platt,calibration_ablation_results,false_negative_cost,266700.0,250300.0,-16400.0,True
3,raw_safe,72,Uncalibrated,calibration_ablation_results,false_negative_cost,266700.0,250300.0,-16400.0,True
3,raw_safe,82,Isotonic,calibration_ablation_results,false_negative_cost,239800.0,250100.0,10300.0,True
3,raw_safe,82,Platt,calibration_ablation_results,false_negative_cost,240400.0,261200.0,20800.0,True
3,raw_safe,82,Uncalibrated,calibration_ablation_results,false_negative_cost,240400.0,261200.0,20800.0,True
3,recipient_full_weight_2,42,Isotonic,calibration_ablation_results,false_negative_cost,109000.0,93100.0,-15900.0,True
3,recipient_full_weight_2,42,Platt,calibration_ablation_results,false_negative_cost,122400.0,87300.0,-35100.0,True
3,recipient_full_weight_2,42,Uncalibrated,calibration_ablation_results,false_negative_cost,122400.0,87300.0,-35100.0,True
3,recipient_full_weight_2,52,Isotonic,calibration_ablation_results,false_negative_cost,145900.0,172300.0,26400.0,True
3,recipient_full_weight_2,52,Platt,calibration_ablation_results,false_negative_cost,145900.0,86700.0,-59200.0,True
3,recipient_full_weight_2,52,Uncalibrated,calibration_ablation_results,false_negative_cost,145900.0,86700.0,-59200.0,True
3,recipient_full_weight_2,62,Isotonic,calibration_ablation_results,false_negative_cost,129800.0,145700.0,15900.0,True
3,recipient_full_weight_2,62,Platt,calibration_ablation_results,false_negative_cost,127000.0,144900.0,17900.0,True
3,recipient_full_weight_2,62,Uncalibrated,calibration_ablation_results,false_negative_cost,127000.0,144900.0,17900.0,True
3,recipient_full_weight_2,72,Isotonic,calibration_ablation_results,false_negative_cost,87800.0,83800.0,-4000.0,True
3,recipient_full_weight_2,72,Platt,calibration_ablation_results,false_negative_cost,84800.0,88800.0,4000.0,True
3,recipient_full_weight_2,72,Uncalibrated,calibration_ablation_results,false_negative_cost,84800.0,88800.0,4000.0,True
3,recipient_full_weight_2,82,Isotonic,calibration_ablation_results,false_negative_cost,83900.0,103700.0,19800.0,True
3,recipient_full_weight_2,82,Platt,calibration_ablation_results,false_negative_cost,84500.0,103700.0,19200.0,True
3,recipient_full_weight_2,82,Uncalibrated,calibration_ablation_results,false_negative_cost,84500.0,103700.0,19200.0,True
1,raw_safe,42,Isotonic,calibration_ablation_results,false_positive_cost,1.0,1.0,0.0,False
1,raw_safe,42,Platt,calibration_ablation_results,false_positive_cost,1.0,1.0,0.0,False
1,raw_safe,42,Uncalibrated,calibration_ablation_results,false_positive_cost,1.0,1.0,0.0,False
1,raw_safe,52,Isotonic,calibration_ablation_results,false_positive_cost,0.0,157.0,157.0,True
1,raw_safe,52,Platt,calibration_ablation_results,false_positive_cost,0.0,157.0,157.0,True
1,raw_safe,52,Uncalibrated,calibration_ablation_results,false_positive_cost,0.0,157.0,157.0,True
1,raw_safe,62,Isotonic,calibration_ablation_results,false_positive_cost,1.0,0.0,-1.0,True
1,raw_safe,62,Platt,calibration_ablation_results,false_positive_cost,1.0,0.0,-1.0,True
1,raw_safe,62,Uncalibrated,calibration_ablation_results,false_positive_cost,1.0,0.0,-1.0,True
1,raw_safe,72,Isotonic,calibration_ablation_results,false_positive_cost,0.0,0.0,0.0,False
1,raw_safe,72,Platt,calibration_ablation_results,false_positive_cost,0.0,0.0,0.0,False
1,raw_safe,72,Uncalibrated,calibration_ablation_results,false_positive_cost,0.0,0.0,0.0,False
1,raw_safe,82,Isotonic,calibration_ablation_results,false_positive_cost,1.0,502.0,501.0,True
1,raw_safe,82,Platt,calibration_ablation_results,false_positive_cost,179.0,502.0,323.0,True
1,raw_safe,82,Uncalibrated,calibration_ablation_results,false_positive_cost,179.0,502.0,323.0,True
1,recipient_full_weight_2,42,Isotonic,calibration_ablation_results,false_positive_cost,5111.0,7376.0,2265.0,True
1,recipient_full_weight_2,42,Platt,calibration_ablation_results,false_positive_cost,5096.0,6551.0,1455.0,True
1,recipient_full_weight_2,42,Uncalibrated,calibration_ablation_results,false_positive_cost,5096.0,6551.0,1455.0,True
1,recipient_full_weight_2,52,Isotonic,calibration_ablation_results,false_positive_cost,4300.0,8004.0,3704.0,True
1,recipient_full_weight_2,52,Platt,calibration_ablation_results,false_positive_cost,5262.0,7916.0,2654.0,True
1,recipient_full_weight_2,52,Uncalibrated,calibration_ablation_results,false_positive_cost,5262.0,7916.0,2654.0,True
1,recipient_full_weight_2,62,Isotonic,calibration_ablation_results,false_positive_cost,4928.0,6940.0,2012.0,True
1,recipient_full_weight_2,62,Platt,calibration_ablation_results,false_positive_cost,5277.0,6754.0,1477.0,True
1,recipient_full_weight_2,62,Uncalibrated,calibration_ablation_results,false_positive_cost,5277.0,6754.0,1477.0,True
1,recipient_full_weight_2,72,Isotonic,calibration_ablation_results,false_positive_cost,7588.0,6714.0,-874.0,True
1,recipient_full_weight_2,72,Platt,calibration_ablation_results,false_positive_cost,6982.0,6714.0,-268.0,True
1,recipient_full_weight_2,72,Uncalibrated,calibration_ablation_results,false_positive_cost,6982.0,6714.0,-268.0,True
1,recipient_full_weight_2,82,Isotonic,calibration_ablation_results,false_positive_cost,8180.0,8126.0,-54.0,True
1,recipient_full_weight_2,82,Platt,calibration_ablation_results,false_positive_cost,7196.0,7465.0,269.0,True
1,recipient_full_weight_2,82,Uncalibrated,calibration_ablation_results,false_positive_cost,7196.0,7465.0,269.0,True
2,raw_safe,42,Isotonic,calibration_ablation_results,false_positive_cost,31.0,131.0,100.0,True
2,raw_safe,42,Platt,calibration_ablation_results,false_positive_cost,31.0,131.0,100.0,True
2,raw_safe,42,Uncalibrated,calibration_ablation_results,false_positive_cost,31.0,131.0,100.0,True
2,raw_safe,52,Isotonic,calibration_ablation_results,false_positive_cost,293.0,19.0,-274.0,True
2,raw_safe,52,Platt,calibration_ablation_results,false_positive_cost,397.0,19.0,-378.0,True
2,raw_safe,52,Uncalibrated,calibration_ablation_results,false_positive_cost,397.0,19.0,-378.0,True
2,raw_safe,62,Isotonic,calibration_ablation_results,false_positive_cost,243.0,309.0,66.0,True
2,raw_safe,62,Platt,calibration_ablation_results,false_positive_cost,243.0,309.0,66.0,True
2,raw_safe,62,Uncalibrated,calibration_ablation_results,false_positive_cost,243.0,309.0,66.0,True
2,raw_safe,72,Isotonic,calibration_ablation_results,false_positive_cost,725.0,129.0,-596.0,True
2,raw_safe,72,Platt,calibration_ablation_results,false_positive_cost,34.0,129.0,95.0,True
2,raw_safe,72,Uncalibrated,calibration_ablation_results,false_positive_cost,34.0,129.0,95.0,True
2,raw_safe,82,Isotonic,calibration_ablation_results,false_positive_cost,2.0,52.0,50.0,True
2,raw_safe,82,Platt,calibration_ablation_results,false_positive_cost,2.0,34.0,32.0,True
2,raw_safe,82,Uncalibrated,calibration_ablation_results,false_positive_cost,2.0,34.0,32.0,True
2,recipient_full_weight_2,42,Isotonic,calibration_ablation_results,false_positive_cost,5727.0,7402.0,1675.0,True
2,recipient_full_weight_2,42,Platt,calibration_ablation_results,false_positive_cost,5727.0,6252.0,525.0,True
2,recipient_full_weight_2,42,Uncalibrated,calibration_ablation_results,false_positive_cost,5727.0,6252.0,525.0,True
2,recipient_full_weight_2,52,Isotonic,calibration_ablation_results,false_positive_cost,9049.0,8985.0,-64.0,True
2,recipient_full_weight_2,52,Platt,calibration_ablation_results,false_positive_cost,9044.0,8940.0,-104.0,True
2,recipient_full_weight_2,52,Uncalibrated,calibration_ablation_results,false_positive_cost,9044.0,8940.0,-104.0,True
2,recipient_full_weight_2,62,Isotonic,calibration_ablation_results,false_positive_cost,7778.0,7292.0,-486.0,True
2,recipient_full_weight_2,62,Platt,calibration_ablation_results,false_positive_cost,7831.0,5003.0,-2828.0,True
2,recipient_full_weight_2,62,Uncalibrated,calibration_ablation_results,false_positive_cost,7831.0,5003.0,-2828.0,True
2,recipient_full_weight_2,72,Isotonic,calibration_ablation_results,false_positive_cost,7936.0,11054.0,3118.0,True
2,recipient_full_weight_2,72,Platt,calibration_ablation_results,false_positive_cost,8165.0,11227.0,3062.0,True
2,recipient_full_weight_2,72,Uncalibrated,calibration_ablation_results,false_positive_cost,8165.0,11227.0,3062.0,True
2,recipient_full_weight_2,82,Isotonic,calibration_ablation_results,false_positive_cost,7504.0,7993.0,489.0,True
2,recipient_full_weight_2,82,Platt,calibration_ablation_results,false_positive_cost,8122.0,8001.0,-121.0,True
2,recipient_full_weight_2,82,Uncalibrated,calibration_ablation_results,false_positive_cost,8122.0,8001.0,-121.0,True
3,raw_safe,42,Isotonic,calibration_ablation_results,false_positive_cost,3571.0,2567.0,-1004.0,True
3,raw_safe,42,Platt,calibration_ablation_results,false_positive_cost,4916.0,4081.0,-835.0,True
3,raw_safe,42,Uncalibrated,calibration_ablation_results,false_positive_cost,4916.0,4081.0,-835.0,True
3,raw_safe,52,Isotonic,calibration_ablation_results,false_positive_cost,4572.0,3514.0,-1058.0,True
3,raw_safe,52,Platt,calibration_ablation_results,false_positive_cost,2464.0,3631.0,1167.0,True
3,raw_safe,52,Uncalibrated,calibration_ablation_results,false_positive_cost,2464.0,3631.0,1167.0,True
3,raw_safe,62,Isotonic,calibration_ablation_results,false_positive_cost,8930.0,8775.0,-155.0,True
3,raw_safe,62,Platt,calibration_ablation_results,false_positive_cost,8167.0,5449.0,-2718.0,True
3,raw_safe,62,Uncalibrated,calibration_ablation_results,false_positive_cost,8167.0,5449.0,-2718.0,True
3,raw_safe,72,Isotonic,calibration_ablation_results,false_positive_cost,3464.0,4600.0,1136.0,True
3,raw_safe,72,Platt,calibration_ablation_results,false_positive_cost,2757.0,5171.0,2414.0,True
3,raw_safe,72,Uncalibrated,calibration_ablation_results,false_positive_cost,2757.0,5171.0,2414.0,True
3,raw_safe,82,Isotonic,calibration_ablation_results,false_positive_cost,8169.0,5070.0,-3099.0,True
3,raw_safe,82,Platt,calibration_ablation_results,false_positive_cost,8068.0,3326.0,-4742.0,True
3,raw_safe,82,Uncalibrated,calibration_ablation_results,false_positive_cost,8068.0,3326.0,-4742.0,True
3,recipient_full_weight_2,42,Isotonic,calibration_ablation_results,false_positive_cost,9048.0,12174.0,3126.0,True
3,recipient_full_weight_2,42,Platt,calibration_ablation_results,false_positive_cost,8139.0,12621.0,4482.0,True
3,recipient_full_weight_2,42,Uncalibrated,calibration_ablation_results,false_positive_cost,8139.0,12621.0,4482.0,True
3,recipient_full_weight_2,52,Isotonic,calibration_ablation_results,false_positive_cost,10427.0,11707.0,1280.0,True
3,recipient_full_weight_2,52,Platt,calibration_ablation_results,false_positive_cost,10427.0,46350.0,35923.0,True
3,recipient_full_weight_2,52,Uncalibrated,calibration_ablation_results,false_positive_cost,10427.0,46350.0,35923.0,True
3,recipient_full_weight_2,62,Isotonic,calibration_ablation_results,false_positive_cost,18418.0,12847.0,-5571.0,True
3,recipient_full_weight_2,62,Platt,calibration_ablation_results,false_positive_cost,18644.0,13000.0,-5644.0,True
3,recipient_full_weight_2,62,Uncalibrated,calibration_ablation_results,false_positive_cost,18644.0,13000.0,-5644.0,True
3,recipient_full_weight_2,72,Isotonic,calibration_ablation_results,false_positive_cost,12528.0,11768.0,-760.0,True
3,recipient_full_weight_2,72,Platt,calibration_ablation_results,false_positive_cost,12997.0,11664.0,-1333.0,True
3,recipient_full_weight_2,72,Uncalibrated,calibration_ablation_results,false_positive_cost,12997.0,11664.0,-1333.0,True
3,recipient_full_weight_2,82,Isotonic,calibration_ablation_results,false_positive_cost,16164.0,15406.0,-758.0,True
3,recipient_full_weight_2,82,Platt,calibration_ablation_results,false_positive_cost,16071.0,15406.0,-665.0,True
3,recipient_full_weight_2,82,Uncalibrated,calibration_ablation_results,false_positive_cost,16071.0,15406.0,-665.0,True
1,raw_safe,42,Isotonic,calibration_ablation_results,business_cost,42701.0,42701.0,0.0,False
1,raw_safe,42,Platt,calibration_ablation_results,business_cost,42701.0,42701.0,0.0,False
1,raw_safe,42,Uncalibrated,calibration_ablation_results,business_cost,42701.0,42701.0,0.0,False
1,raw_safe,52,Isotonic,calibration_ablation_results,business_cost,43100.0,49157.0,6057.0,True
1,raw_safe,52,Platt,calibration_ablation_results,business_cost,43100.0,49157.0,6057.0,True
1,raw_safe,52,Uncalibrated,calibration_ablation_results,business_cost,43100.0,49157.0,6057.0,True
1,raw_safe,62,Isotonic,calibration_ablation_results,business_cost,42201.0,43100.0,899.0,True
1,raw_safe,62,Platt,calibration_ablation_results,business_cost,42201.0,43100.0,899.0,True
1,raw_safe,62,Uncalibrated,calibration_ablation_results,business_cost,42201.0,43100.0,899.0,True
1,raw_safe,72,Isotonic,calibration_ablation_results,business_cost,43100.0,42600.0,-500.0,True
1,raw_safe,72,Platt,calibration_ablation_results,business_cost,43100.0,42600.0,-500.0,True
1,raw_safe,72,Uncalibrated,calibration_ablation_results,business_cost,43100.0,42600.0,-500.0,True
1,raw_safe,82,Isotonic,calibration_ablation_results,business_cost,42701.0,43302.0,601.0,True
1,raw_safe,82,Platt,calibration_ablation_results,business_cost,41779.0,43302.0,1523.0,True
1,raw_safe,82,Uncalibrated,calibration_ablation_results,business_cost,41779.0,43302.0,1523.0,True
1,recipient_full_weight_2,42,Isotonic,calibration_ablation_results,business_cost,29711.0,22176.0,-7535.0,True
1,recipient_full_weight_2,42,Platt,calibration_ablation_results,business_cost,29796.0,22151.0,-7645.0,True
1,recipient_full_weight_2,42,Uncalibrated,calibration_ablation_results,business_cost,29796.0,22151.0,-7645.0,True
1,recipient_full_weight_2,52,Isotonic,calibration_ablation_results,business_cost,20600.0,21404.0,804.0,True
1,recipient_full_weight_2,52,Platt,calibration_ablation_results,business_cost,20562.0,21416.0,854.0,True
1,recipient_full_weight_2,52,Uncalibrated,calibration_ablation_results,business_cost,20562.0,21416.0,854.0,True
1,recipient_full_weight_2,62,Isotonic,calibration_ablation_results,business_cost,21828.0,21540.0,-288.0,True
1,recipient_full_weight_2,62,Platt,calibration_ablation_results,business_cost,21777.0,21954.0,177.0,True
1,recipient_full_weight_2,62,Uncalibrated,calibration_ablation_results,business_cost,21777.0,21954.0,177.0,True
1,recipient_full_weight_2,72,Isotonic,calibration_ablation_results,business_cost,26888.0,23614.0,-3274.0,True
1,recipient_full_weight_2,72,Platt,calibration_ablation_results,business_cost,26982.0,23614.0,-3368.0,True
1,recipient_full_weight_2,72,Uncalibrated,calibration_ablation_results,business_cost,26982.0,23614.0,-3368.0,True
1,recipient_full_weight_2,82,Isotonic,calibration_ablation_results,business_cost,20080.0,20126.0,46.0,True
1,recipient_full_weight_2,82,Platt,calibration_ablation_results,business_cost,21796.0,21265.0,-531.0,True
1,recipient_full_weight_2,82,Uncalibrated,calibration_ablation_results,business_cost,21796.0,21265.0,-531.0,True
2,raw_safe,42,Isotonic,calibration_ablation_results,business_cost,26731.0,26431.0,-300.0,True
2,raw_safe,42,Platt,calibration_ablation_results,business_cost,26731.0,26431.0,-300.0,True
2,raw_safe,42,Uncalibrated,calibration_ablation_results,business_cost,26731.0,26431.0,-300.0,True
2,raw_safe,52,Isotonic,calibration_ablation_results,business_cost,27193.0,27719.0,526.0,True
2,raw_safe,52,Platt,calibration_ablation_results,business_cost,27197.0,27719.0,522.0,True
2,raw_safe,52,Uncalibrated,calibration_ablation_results,business_cost,27197.0,27719.0,522.0,True
2,raw_safe,62,Isotonic,calibration_ablation_results,business_cost,26543.0,26609.0,66.0,True
2,raw_safe,62,Platt,calibration_ablation_results,business_cost,26543.0,26609.0,66.0,True
2,raw_safe,62,Uncalibrated,calibration_ablation_results,business_cost,26543.0,26609.0,66.0,True
2,raw_safe,72,Isotonic,calibration_ablation_results,business_cost,26925.0,26429.0,-496.0,True
2,raw_safe,72,Platt,calibration_ablation_results,business_cost,27534.0,26429.0,-1105.0,True
2,raw_safe,72,Uncalibrated,calibration_ablation_results,business_cost,27534.0,26429.0,-1105.0,True
2,raw_safe,82,Isotonic,calibration_ablation_results,business_cost,27502.0,27352.0,-150.0,True
2,raw_safe,82,Platt,calibration_ablation_results,business_cost,27502.0,28134.0,632.0,True
2,raw_safe,82,Uncalibrated,calibration_ablation_results,business_cost,27502.0,28134.0,632.0,True
2,recipient_full_weight_2,42,Isotonic,calibration_ablation_results,business_cost,16627.0,16402.0,-225.0,True
2,recipient_full_weight_2,42,Platt,calibration_ablation_results,business_cost,16627.0,16452.0,-175.0,True
2,recipient_full_weight_2,42,Uncalibrated,calibration_ablation_results,business_cost,16627.0,16452.0,-175.0,True
2,recipient_full_weight_2,52,Isotonic,calibration_ablation_results,business_cost,19249.0,18785.0,-464.0,True
2,recipient_full_weight_2,52,Platt,calibration_ablation_results,business_cost,19244.0,18740.0,-504.0,True
2,recipient_full_weight_2,52,Uncalibrated,calibration_ablation_results,business_cost,19244.0,18740.0,-504.0,True
2,recipient_full_weight_2,62,Isotonic,calibration_ablation_results,business_cost,18178.0,16892.0,-1286.0,True
2,recipient_full_weight_2,62,Platt,calibration_ablation_results,business_cost,18131.0,16603.0,-1528.0,True
2,recipient_full_weight_2,62,Uncalibrated,calibration_ablation_results,business_cost,18131.0,16603.0,-1528.0,True
2,recipient_full_weight_2,72,Isotonic,calibration_ablation_results,business_cost,19836.0,20554.0,718.0,True
2,recipient_full_weight_2,72,Platt,calibration_ablation_results,business_cost,19765.0,20527.0,762.0,True
2,recipient_full_weight_2,72,Uncalibrated,calibration_ablation_results,business_cost,19765.0,20527.0,762.0,True
2,recipient_full_weight_2,82,Isotonic,calibration_ablation_results,business_cost,19204.0,15893.0,-3311.0,True
2,recipient_full_weight_2,82,Platt,calibration_ablation_results,business_cost,19322.0,15901.0,-3421.0,True
2,recipient_full_weight_2,82,Uncalibrated,calibration_ablation_results,business_cost,19322.0,15901.0,-3421.0,True
3,raw_safe,42,Isotonic,calibration_ablation_results,business_cost,263671.0,273967.0,10296.0,True
3,raw_safe,42,Platt,calibration_ablation_results,business_cost,257216.0,267681.0,10465.0,True
3,raw_safe,42,Uncalibrated,calibration_ablation_results,business_cost,257216.0,267681.0,10465.0,True
3,raw_safe,52,Isotonic,calibration_ablation_results,business_cost,263872.0,262714.0,-1158.0,True
3,raw_safe,52,Platt,calibration_ablation_results,business_cost,271264.0,262031.0,-9233.0,True
3,raw_safe,52,Uncalibrated,calibration_ablation_results,business_cost,271264.0,262031.0,-9233.0,True
3,raw_safe,62,Isotonic,calibration_ablation_results,business_cost,265030.0,244475.0,-20555.0,True
3,raw_safe,62,Platt,calibration_ablation_results,business_cost,266867.0,255549.0,-11318.0,True
3,raw_safe,62,Uncalibrated,calibration_ablation_results,business_cost,266867.0,255549.0,-11318.0,True
3,raw_safe,72,Isotonic,calibration_ablation_results,business_cost,266964.0,259300.0,-7664.0,True
3,raw_safe,72,Platt,calibration_ablation_results,business_cost,269457.0,255471.0,-13986.0,True
3,raw_safe,72,Uncalibrated,calibration_ablation_results,business_cost,269457.0,255471.0,-13986.0,True
3,raw_safe,82,Isotonic,calibration_ablation_results,business_cost,247969.0,255170.0,7201.0,True
3,raw_safe,82,Platt,calibration_ablation_results,business_cost,248468.0,264526.0,16058.0,True
3,raw_safe,82,Uncalibrated,calibration_ablation_results,business_cost,248468.0,264526.0,16058.0,True
3,recipient_full_weight_2,42,Isotonic,calibration_ablation_results,business_cost,118048.0,105274.0,-12774.0,True
3,recipient_full_weight_2,42,Platt,calibration_ablation_results,business_cost,130539.0,99921.0,-30618.0,True
3,recipient_full_weight_2,42,Uncalibrated,calibration_ablation_results,business_cost,130539.0,99921.0,-30618.0,True
3,recipient_full_weight_2,52,Isotonic,calibration_ablation_results,business_cost,156327.0,184007.0,27680.0,True
3,recipient_full_weight_2,52,Platt,calibration_ablation_results,business_cost,156327.0,133050.0,-23277.0,True
3,recipient_full_weight_2,52,Uncalibrated,calibration_ablation_results,business_cost,156327.0,133050.0,-23277.0,True
3,recipient_full_weight_2,62,Isotonic,calibration_ablation_results,business_cost,148218.0,158547.0,10329.0,True
3,recipient_full_weight_2,62,Platt,calibration_ablation_results,business_cost,145644.0,157900.0,12256.0,True
3,recipient_full_weight_2,62,Uncalibrated,calibration_ablation_results,business_cost,145644.0,157900.0,12256.0,True
3,recipient_full_weight_2,72,Isotonic,calibration_ablation_results,business_cost,100328.0,95568.0,-4760.0,True
3,recipient_full_weight_2,72,Platt,calibration_ablation_results,business_cost,97797.0,100464.0,2667.0,True
3,recipient_full_weight_2,72,Uncalibrated,calibration_ablation_results,business_cost,97797.0,100464.0,2667.0,True
3,recipient_full_weight_2,82,Isotonic,calibration_ablation_results,business_cost,100064.0,119106.0,19042.0,True
3,recipient_full_weight_2,82,Platt,calibration_ablation_results,business_cost,100571.0,119106.0,18535.0,True
3,recipient_full_weight_2,82,Uncalibrated,calibration_ablation_results,business_cost,100571.0,119106.0,18535.0,True
1,raw_safe,42,Isotonic,calibration_ablation_results,all_normal_cost,49800.0,49800.0,0.0,False
1,raw_safe,42,Platt,calibration_ablation_results,all_normal_cost,49800.0,49800.0,0.0,False
1,raw_safe,42,Uncalibrated,calibration_ablation_results,all_normal_cost,49800.0,49800.0,0.0,False
1,raw_safe,52,Isotonic,calibration_ablation_results,all_normal_cost,49800.0,49800.0,0.0,False
1,raw_safe,52,Platt,calibration_ablation_results,all_normal_cost,49800.0,49800.0,0.0,False
1,raw_safe,52,Uncalibrated,calibration_ablation_results,all_normal_cost,49800.0,49800.0,0.0,False
1,raw_safe,62,Isotonic,calibration_ablation_results,all_normal_cost,49800.0,49800.0,0.0,False
1,raw_safe,62,Platt,calibration_ablation_results,all_normal_cost,49800.0,49800.0,0.0,False
1,raw_safe,62,Uncalibrated,calibration_ablation_results,all_normal_cost,49800.0,49800.0,0.0,False
1,raw_safe,72,Isotonic,calibration_ablation_results,all_normal_cost,49800.0,49800.0,0.0,False
1,raw_safe,72,Platt,calibration_ablation_results,all_normal_cost,49800.0,49800.0,0.0,False
1,raw_safe,72,Uncalibrated,calibration_ablation_results,all_normal_cost,49800.0,49800.0,0.0,False
1,raw_safe,82,Isotonic,calibration_ablation_results,all_normal_cost,49800.0,49800.0,0.0,False
1,raw_safe,82,Platt,calibration_ablation_results,all_normal_cost,49800.0,49800.0,0.0,False
1,raw_safe,82,Uncalibrated,calibration_ablation_results,all_normal_cost,49800.0,49800.0,0.0,False
1,recipient_full_weight_2,42,Isotonic,calibration_ablation_results,all_normal_cost,49800.0,49800.0,0.0,False
1,recipient_full_weight_2,42,Platt,calibration_ablation_results,all_normal_cost,49800.0,49800.0,0.0,False
1,recipient_full_weight_2,42,Uncalibrated,calibration_ablation_results,all_normal_cost,49800.0,49800.0,0.0,False
1,recipient_full_weight_2,52,Isotonic,calibration_ablation_results,all_normal_cost,49800.0,49800.0,0.0,False
1,recipient_full_weight_2,52,Platt,calibration_ablation_results,all_normal_cost,49800.0,49800.0,0.0,False
1,recipient_full_weight_2,52,Uncalibrated,calibration_ablation_results,all_normal_cost,49800.0,49800.0,0.0,False
1,recipient_full_weight_2,62,Isotonic,calibration_ablation_results,all_normal_cost,49800.0,49800.0,0.0,False
1,recipient_full_weight_2,62,Platt,calibration_ablation_results,all_normal_cost,49800.0,49800.0,0.0,False
1,recipient_full_weight_2,62,Uncalibrated,calibration_ablation_results,all_normal_cost,49800.0,49800.0,0.0,False
1,recipient_full_weight_2,72,Isotonic,calibration_ablation_results,all_normal_cost,49800.0,49800.0,0.0,False
1,recipient_full_weight_2,72,Platt,calibration_ablation_results,all_normal_cost,49800.0,49800.0,0.0,False
1,recipient_full_weight_2,72,Uncalibrated,calibration_ablation_results,all_normal_cost,49800.0,49800.0,0.0,False
1,recipient_full_weight_2,82,Isotonic,calibration_ablation_results,all_normal_cost,49800.0,49800.0,0.0,False
1,recipient_full_weight_2,82,Platt,calibration_ablation_results,all_normal_cost,49800.0,49800.0,0.0,False
1,recipient_full_weight_2,82,Uncalibrated,calibration_ablation_results,all_normal_cost,49800.0,49800.0,0.0,False
2,raw_safe,42,Isotonic,calibration_ablation_results,all_normal_cost,31200.0,31200.0,0.0,False
2,raw_safe,42,Platt,calibration_ablation_results,all_normal_cost,31200.0,31200.0,0.0,False
2,raw_safe,42,Uncalibrated,calibration_ablation_results,all_normal_cost,31200.0,31200.0,0.0,False
2,raw_safe,52,Isotonic,calibration_ablation_results,all_normal_cost,31200.0,31200.0,0.0,False
2,raw_safe,52,Platt,calibration_ablation_results,all_normal_cost,31200.0,31200.0,0.0,False
2,raw_safe,52,Uncalibrated,calibration_ablation_results,all_normal_cost,31200.0,31200.0,0.0,False
2,raw_safe,62,Isotonic,calibration_ablation_results,all_normal_cost,31200.0,31200.0,0.0,False
2,raw_safe,62,Platt,calibration_ablation_results,all_normal_cost,31200.0,31200.0,0.0,False
2,raw_safe,62,Uncalibrated,calibration_ablation_results,all_normal_cost,31200.0,31200.0,0.0,False
2,raw_safe,72,Isotonic,calibration_ablation_results,all_normal_cost,31200.0,31200.0,0.0,False
2,raw_safe,72,Platt,calibration_ablation_results,all_normal_cost,31200.0,31200.0,0.0,False
2,raw_safe,72,Uncalibrated,calibration_ablation_results,all_normal_cost,31200.0,31200.0,0.0,False
2,raw_safe,82,Isotonic,calibration_ablation_results,all_normal_cost,31200.0,31200.0,0.0,False
2,raw_safe,82,Platt,calibration_ablation_results,all_normal_cost,31200.0,31200.0,0.0,False
2,raw_safe,82,Uncalibrated,calibration_ablation_results,all_normal_cost,31200.0,31200.0,0.0,False
2,recipient_full_weight_2,42,Isotonic,calibration_ablation_results,all_normal_cost,31200.0,31200.0,0.0,False
2,recipient_full_weight_2,42,Platt,calibration_ablation_results,all_normal_cost,31200.0,31200.0,0.0,False
2,recipient_full_weight_2,42,Uncalibrated,calibration_ablation_results,all_normal_cost,31200.0,31200.0,0.0,False
2,recipient_full_weight_2,52,Isotonic,calibration_ablation_results,all_normal_cost,31200.0,31200.0,0.0,False
2,recipient_full_weight_2,52,Platt,calibration_ablation_results,all_normal_cost,31200.0,31200.0,0.0,False
2,recipient_full_weight_2,52,Uncalibrated,calibration_ablation_results,all_normal_cost,31200.0,31200.0,0.0,False
2,recipient_full_weight_2,62,Isotonic,calibration_ablation_results,all_normal_cost,31200.0,31200.0,0.0,False
2,recipient_full_weight_2,62,Platt,calibration_ablation_results,all_normal_cost,31200.0,31200.0,0.0,False
2,recipient_full_weight_2,62,Uncalibrated,calibration_ablation_results,all_normal_cost,31200.0,31200.0,0.0,False
2,recipient_full_weight_2,72,Isotonic,calibration_ablation_results,all_normal_cost,31200.0,31200.0,0.0,False
2,recipient_full_weight_2,72,Platt,calibration_ablation_results,all_normal_cost,31200.0,31200.0,0.0,False
2,recipient_full_weight_2,72,Uncalibrated,calibration_ablation_results,all_normal_cost,31200.0,31200.0,0.0,False
2,recipient_full_weight_2,82,Isotonic,calibration_ablation_results,all_normal_cost,31200.0,31200.0,0.0,False
2,recipient_full_weight_2,82,Platt,calibration_ablation_results,all_normal_cost,31200.0,31200.0,0.0,False
2,recipient_full_weight_2,82,Uncalibrated,calibration_ablation_results,all_normal_cost,31200.0,31200.0,0.0,False
3,raw_safe,42,Isotonic,calibration_ablation_results,all_normal_cost,376400.0,376400.0,0.0,False
3,raw_safe,42,Platt,calibration_ablation_results,all_normal_cost,376400.0,376400.0,0.0,False
3,raw_safe,42,Uncalibrated,calibration_ablation_results,all_normal_cost,376400.0,376400.0,0.0,False
3,raw_safe,52,Isotonic,calibration_ablation_results,all_normal_cost,376400.0,376400.0,0.0,False
3,raw_safe,52,Platt,calibration_ablation_results,all_normal_cost,376400.0,376400.0,0.0,False
3,raw_safe,52,Uncalibrated,calibration_ablation_results,all_normal_cost,376400.0,376400.0,0.0,False
3,raw_safe,62,Isotonic,calibration_ablation_results,all_normal_cost,376400.0,376400.0,0.0,False
3,raw_safe,62,Platt,calibration_ablation_results,all_normal_cost,376400.0,376400.0,0.0,False
3,raw_safe,62,Uncalibrated,calibration_ablation_results,all_normal_cost,376400.0,376400.0,0.0,False
3,raw_safe,72,Isotonic,calibration_ablation_results,all_normal_cost,376400.0,376400.0,0.0,False
3,raw_safe,72,Platt,calibration_ablation_results,all_normal_cost,376400.0,376400.0,0.0,False
3,raw_safe,72,Uncalibrated,calibration_ablation_results,all_normal_cost,376400.0,376400.0,0.0,False
3,raw_safe,82,Isotonic,calibration_ablation_results,all_normal_cost,376400.0,376400.0,0.0,False
3,raw_safe,82,Platt,calibration_ablation_results,all_normal_cost,376400.0,376400.0,0.0,False
3,raw_safe,82,Uncalibrated,calibration_ablation_results,all_normal_cost,376400.0,376400.0,0.0,False
3,recipient_full_weight_2,42,Isotonic,calibration_ablation_results,all_normal_cost,376400.0,376400.0,0.0,False
3,recipient_full_weight_2,42,Platt,calibration_ablation_results,all_normal_cost,376400.0,376400.0,0.0,False
3,recipient_full_weight_2,42,Uncalibrated,calibration_ablation_results,all_normal_cost,376400.0,376400.0,0.0,False
3,recipient_full_weight_2,52,Isotonic,calibration_ablation_results,all_normal_cost,376400.0,376400.0,0.0,False
3,recipient_full_weight_2,52,Platt,calibration_ablation_results,all_normal_cost,376400.0,376400.0,0.0,False
3,recipient_full_weight_2,52,Uncalibrated,calibration_ablation_results,all_normal_cost,376400.0,376400.0,0.0,False
3,recipient_full_weight_2,62,Isotonic,calibration_ablation_results,all_normal_cost,376400.0,376400.0,0.0,False
3,recipient_full_weight_2,62,Platt,calibration_ablation_results,all_normal_cost,376400.0,376400.0,0.0,False
3,recipient_full_weight_2,62,Uncalibrated,calibration_ablation_results,all_normal_cost,376400.0,376400.0,0.0,False
3,recipient_full_weight_2,72,Isotonic,calibration_ablation_results,all_normal_cost,376400.0,376400.0,0.0,False
3,recipient_full_weight_2,72,Platt,calibration_ablation_results,all_normal_cost,376400.0,376400.0,0.0,False
3,recipient_full_weight_2,72,Uncalibrated,calibration_ablation_results,all_normal_cost,376400.0,376400.0,0.0,False
3,recipient_full_weight_2,82,Isotonic,calibration_ablation_results,all_normal_cost,376400.0,376400.0,0.0,False
3,recipient_full_weight_2,82,Platt,calibration_ablation_results,all_normal_cost,376400.0,376400.0,0.0,False
3,recipient_full_weight_2,82,Uncalibrated,calibration_ablation_results,all_normal_cost,376400.0,376400.0,0.0,False
1,raw_safe,42,Isotonic,calibration_ablation_results,cost_saving,7099.0,7099.0,0.0,False
1,raw_safe,42,Platt,calibration_ablation_results,cost_saving,7099.0,7099.0,0.0,False
1,raw_safe,42,Uncalibrated,calibration_ablation_results,cost_saving,7099.0,7099.0,0.0,False
1,raw_safe,52,Isotonic,calibration_ablation_results,cost_saving,6700.0,643.0,-6057.0,True
1,raw_safe,52,Platt,calibration_ablation_results,cost_saving,6700.0,643.0,-6057.0,True
1,raw_safe,52,Uncalibrated,calibration_ablation_results,cost_saving,6700.0,643.0,-6057.0,True
1,raw_safe,62,Isotonic,calibration_ablation_results,cost_saving,7599.0,6700.0,-899.0,True
1,raw_safe,62,Platt,calibration_ablation_results,cost_saving,7599.0,6700.0,-899.0,True
1,raw_safe,62,Uncalibrated,calibration_ablation_results,cost_saving,7599.0,6700.0,-899.0,True
1,raw_safe,72,Isotonic,calibration_ablation_results,cost_saving,6700.0,7200.0,500.0,True
1,raw_safe,72,Platt,calibration_ablation_results,cost_saving,6700.0,7200.0,500.0,True
1,raw_safe,72,Uncalibrated,calibration_ablation_results,cost_saving,6700.0,7200.0,500.0,True
1,raw_safe,82,Isotonic,calibration_ablation_results,cost_saving,7099.0,6498.0,-601.0,True
1,raw_safe,82,Platt,calibration_ablation_results,cost_saving,8021.0,6498.0,-1523.0,True
1,raw_safe,82,Uncalibrated,calibration_ablation_results,cost_saving,8021.0,6498.0,-1523.0,True
1,recipient_full_weight_2,42,Isotonic,calibration_ablation_results,cost_saving,20089.0,27624.0,7535.0,True
1,recipient_full_weight_2,42,Platt,calibration_ablation_results,cost_saving,20004.0,27649.0,7645.0,True
1,recipient_full_weight_2,42,Uncalibrated,calibration_ablation_results,cost_saving,20004.0,27649.0,7645.0,True
1,recipient_full_weight_2,52,Isotonic,calibration_ablation_results,cost_saving,29200.0,28396.0,-804.0,True
1,recipient_full_weight_2,52,Platt,calibration_ablation_results,cost_saving,29238.0,28384.0,-854.0,True
1,recipient_full_weight_2,52,Uncalibrated,calibration_ablation_results,cost_saving,29238.0,28384.0,-854.0,True
1,recipient_full_weight_2,62,Isotonic,calibration_ablation_results,cost_saving,27972.0,28260.0,288.0,True
1,recipient_full_weight_2,62,Platt,calibration_ablation_results,cost_saving,28023.0,27846.0,-177.0,True
1,recipient_full_weight_2,62,Uncalibrated,calibration_ablation_results,cost_saving,28023.0,27846.0,-177.0,True
1,recipient_full_weight_2,72,Isotonic,calibration_ablation_results,cost_saving,22912.0,26186.0,3274.0,True
1,recipient_full_weight_2,72,Platt,calibration_ablation_results,cost_saving,22818.0,26186.0,3368.0,True
1,recipient_full_weight_2,72,Uncalibrated,calibration_ablation_results,cost_saving,22818.0,26186.0,3368.0,True
1,recipient_full_weight_2,82,Isotonic,calibration_ablation_results,cost_saving,29720.0,29674.0,-46.0,True
1,recipient_full_weight_2,82,Platt,calibration_ablation_results,cost_saving,28004.0,28535.0,531.0,True
1,recipient_full_weight_2,82,Uncalibrated,calibration_ablation_results,cost_saving,28004.0,28535.0,531.0,True
2,raw_safe,42,Isotonic,calibration_ablation_results,cost_saving,4469.0,4769.0,300.0,True
2,raw_safe,42,Platt,calibration_ablation_results,cost_saving,4469.0,4769.0,300.0,True
2,raw_safe,42,Uncalibrated,calibration_ablation_results,cost_saving,4469.0,4769.0,300.0,True
2,raw_safe,52,Isotonic,calibration_ablation_results,cost_saving,4007.0,3481.0,-526.0,True
2,raw_safe,52,Platt,calibration_ablation_results,cost_saving,4003.0,3481.0,-522.0,True
2,raw_safe,52,Uncalibrated,calibration_ablation_results,cost_saving,4003.0,3481.0,-522.0,True
2,raw_safe,62,Isotonic,calibration_ablation_results,cost_saving,4657.0,4591.0,-66.0,True
2,raw_safe,62,Platt,calibration_ablation_results,cost_saving,4657.0,4591.0,-66.0,True
2,raw_safe,62,Uncalibrated,calibration_ablation_results,cost_saving,4657.0,4591.0,-66.0,True
2,raw_safe,72,Isotonic,calibration_ablation_results,cost_saving,4275.0,4771.0,496.0,True
2,raw_safe,72,Platt,calibration_ablation_results,cost_saving,3666.0,4771.0,1105.0,True
2,raw_safe,72,Uncalibrated,calibration_ablation_results,cost_saving,3666.0,4771.0,1105.0,True
2,raw_safe,82,Isotonic,calibration_ablation_results,cost_saving,3698.0,3848.0,150.0,True
2,raw_safe,82,Platt,calibration_ablation_results,cost_saving,3698.0,3066.0,-632.0,True
2,raw_safe,82,Uncalibrated,calibration_ablation_results,cost_saving,3698.0,3066.0,-632.0,True
2,recipient_full_weight_2,42,Isotonic,calibration_ablation_results,cost_saving,14573.0,14798.0,225.0,True
2,recipient_full_weight_2,42,Platt,calibration_ablation_results,cost_saving,14573.0,14748.0,175.0,True
2,recipient_full_weight_2,42,Uncalibrated,calibration_ablation_results,cost_saving,14573.0,14748.0,175.0,True
2,recipient_full_weight_2,52,Isotonic,calibration_ablation_results,cost_saving,11951.0,12415.0,464.0,True
2,recipient_full_weight_2,52,Platt,calibration_ablation_results,cost_saving,11956.0,12460.0,504.0,True
2,recipient_full_weight_2,52,Uncalibrated,calibration_ablation_results,cost_saving,11956.0,12460.0,504.0,True
2,recipient_full_weight_2,62,Isotonic,calibration_ablation_results,cost_saving,13022.0,14308.0,1286.0,True
2,recipient_full_weight_2,62,Platt,calibration_ablation_results,cost_saving,13069.0,14597.0,1528.0,True
2,recipient_full_weight_2,62,Uncalibrated,calibration_ablation_results,cost_saving,13069.0,14597.0,1528.0,True
2,recipient_full_weight_2,72,Isotonic,calibration_ablation_results,cost_saving,11364.0,10646.0,-718.0,True
2,recipient_full_weight_2,72,Platt,calibration_ablation_results,cost_saving,11435.0,10673.0,-762.0,True
2,recipient_full_weight_2,72,Uncalibrated,calibration_ablation_results,cost_saving,11435.0,10673.0,-762.0,True
2,recipient_full_weight_2,82,Isotonic,calibration_ablation_results,cost_saving,11996.0,15307.0,3311.0,True
2,recipient_full_weight_2,82,Platt,calibration_ablation_results,cost_saving,11878.0,15299.0,3421.0,True
2,recipient_full_weight_2,82,Uncalibrated,calibration_ablation_results,cost_saving,11878.0,15299.0,3421.0,True
3,raw_safe,42,Isotonic,calibration_ablation_results,cost_saving,112729.0,102433.0,-10296.0,True
3,raw_safe,42,Platt,calibration_ablation_results,cost_saving,119184.0,108719.0,-10465.0,True
3,raw_safe,42,Uncalibrated,calibration_ablation_results,cost_saving,119184.0,108719.0,-10465.0,True
3,raw_safe,52,Isotonic,calibration_ablation_results,cost_saving,112528.0,113686.0,1158.0,True
3,raw_safe,52,Platt,calibration_ablation_results,cost_saving,105136.0,114369.0,9233.0,True
3,raw_safe,52,Uncalibrated,calibration_ablation_results,cost_saving,105136.0,114369.0,9233.0,True
3,raw_safe,62,Isotonic,calibration_ablation_results,cost_saving,111370.0,131925.0,20555.0,True
3,raw_safe,62,Platt,calibration_ablation_results,cost_saving,109533.0,120851.0,11318.0,True
3,raw_safe,62,Uncalibrated,calibration_ablation_results,cost_saving,109533.0,120851.0,11318.0,True
3,raw_safe,72,Isotonic,calibration_ablation_results,cost_saving,109436.0,117100.0,7664.0,True
3,raw_safe,72,Platt,calibration_ablation_results,cost_saving,106943.0,120929.0,13986.0,True
3,raw_safe,72,Uncalibrated,calibration_ablation_results,cost_saving,106943.0,120929.0,13986.0,True
3,raw_safe,82,Isotonic,calibration_ablation_results,cost_saving,128431.0,121230.0,-7201.0,True
3,raw_safe,82,Platt,calibration_ablation_results,cost_saving,127932.0,111874.0,-16058.0,True
3,raw_safe,82,Uncalibrated,calibration_ablation_results,cost_saving,127932.0,111874.0,-16058.0,True
3,recipient_full_weight_2,42,Isotonic,calibration_ablation_results,cost_saving,258352.0,271126.0,12774.0,True
3,recipient_full_weight_2,42,Platt,calibration_ablation_results,cost_saving,245861.0,276479.0,30618.0,True
3,recipient_full_weight_2,42,Uncalibrated,calibration_ablation_results,cost_saving,245861.0,276479.0,30618.0,True
3,recipient_full_weight_2,52,Isotonic,calibration_ablation_results,cost_saving,220073.0,192393.0,-27680.0,True
3,recipient_full_weight_2,52,Platt,calibration_ablation_results,cost_saving,220073.0,243350.0,23277.0,True
3,recipient_full_weight_2,52,Uncalibrated,calibration_ablation_results,cost_saving,220073.0,243350.0,23277.0,True
3,recipient_full_weight_2,62,Isotonic,calibration_ablation_results,cost_saving,228182.0,217853.0,-10329.0,True
3,recipient_full_weight_2,62,Platt,calibration_ablation_results,cost_saving,230756.0,218500.0,-12256.0,True
3,recipient_full_weight_2,62,Uncalibrated,calibration_ablation_results,cost_saving,230756.0,218500.0,-12256.0,True
3,recipient_full_weight_2,72,Isotonic,calibration_ablation_results,cost_saving,276072.0,280832.0,4760.0,True
3,recipient_full_weight_2,72,Platt,calibration_ablation_results,cost_saving,278603.0,275936.0,-2667.0,True
3,recipient_full_weight_2,72,Uncalibrated,calibration_ablation_results,cost_saving,278603.0,275936.0,-2667.0,True
3,recipient_full_weight_2,82,Isotonic,calibration_ablation_results,cost_saving,276336.0,257294.0,-19042.0,True
3,recipient_full_weight_2,82,Platt,calibration_ablation_results,cost_saving,275829.0,257294.0,-18535.0,True
3,recipient_full_weight_2,82,Uncalibrated,calibration_ablation_results,cost_saving,275829.0,257294.0,-18535.0,True
1,raw_safe,42,Isotonic,calibration_ablation_results,cost_saving_rate,0.14255020080321285,0.14255020080321285,0.0,False
1,raw_safe,42,Platt,calibration_ablation_results,cost_saving_rate,0.14255020080321285,0.14255020080321285,0.0,False
1,raw_safe,42,Uncalibrated,calibration_ablation_results,cost_saving_rate,0.14255020080321285,0.14255020080321285,0.0,False
1,raw_safe,52,Isotonic,calibration_ablation_results,cost_saving_rate,0.13453815261044177,0.01291164658634538,-0.12162650602409639,True
1,raw_safe,52,Platt,calibration_ablation_results,cost_saving_rate,0.13453815261044177,0.01291164658634538,-0.12162650602409639,True
1,raw_safe,52,Uncalibrated,calibration_ablation_results,cost_saving_rate,0.13453815261044177,0.01291164658634538,-0.12162650602409639,True
1,raw_safe,62,Isotonic,calibration_ablation_results,cost_saving_rate,0.15259036144578314,0.13453815261044177,-0.018052208835341366,True
1,raw_safe,62,Platt,calibration_ablation_results,cost_saving_rate,0.15259036144578314,0.13453815261044177,-0.018052208835341366,True
1,raw_safe,62,Uncalibrated,calibration_ablation_results,cost_saving_rate,0.15259036144578314,0.13453815261044177,-0.018052208835341366,True
1,raw_safe,72,Isotonic,calibration_ablation_results,cost_saving_rate,0.13453815261044177,0.14457831325301204,0.010040160642570267,True
1,raw_safe,72,Platt,calibration_ablation_results,cost_saving_rate,0.13453815261044177,0.14457831325301204,0.010040160642570267,True
1,raw_safe,72,Uncalibrated,calibration_ablation_results,cost_saving_rate,0.13453815261044177,0.14457831325301204,0.010040160642570267,True
1,raw_safe,82,Isotonic,calibration_ablation_results,cost_saving_rate,0.14255020080321285,0.13048192771084338,-0.012068273092369464,True
1,raw_safe,82,Platt,calibration_ablation_results,cost_saving_rate,0.16106425702811245,0.13048192771084338,-0.030582329317269064,True
1,raw_safe,82,Uncalibrated,calibration_ablation_results,cost_saving_rate,0.16106425702811245,0.13048192771084338,-0.030582329317269064,True
1,recipient_full_weight_2,42,Isotonic,calibration_ablation_results,cost_saving_rate,0.40339357429718875,0.5546987951807228,0.1513052208835341,True
1,recipient_full_weight_2,42,Platt,calibration_ablation_results,cost_saving_rate,0.4016867469879518,0.5552008032128514,0.15351405622489955,True
1,recipient_full_weight_2,42,Uncalibrated,calibration_ablation_results,cost_saving_rate,0.4016867469879518,0.5552008032128514,0.15351405622489955,True
1,recipient_full_weight_2,52,Isotonic,calibration_ablation_results,cost_saving_rate,0.5863453815261044,0.5702008032128514,-0.016144578313253,True
1,recipient_full_weight_2,52,Platt,calibration_ablation_results,cost_saving_rate,0.5871084337349397,0.5699598393574297,-0.01714859437751004,True
1,recipient_full_weight_2,52,Uncalibrated,calibration_ablation_results,cost_saving_rate,0.5871084337349397,0.5699598393574297,-0.01714859437751004,True
1,recipient_full_weight_2,62,Isotonic,calibration_ablation_results,cost_saving_rate,0.5616867469879518,0.5674698795180723,0.005783132530120416,True
1,recipient_full_weight_2,62,Platt,calibration_ablation_results,cost_saving_rate,0.562710843373494,0.559156626506024,-0.003554216867469928,True
1,recipient_full_weight_2,62,Uncalibrated,calibration_ablation_results,cost_saving_rate,0.562710843373494,0.559156626506024,-0.003554216867469928,True
1,recipient_full_weight_2,72,Isotonic,calibration_ablation_results,cost_saving_rate,0.46008032128514054,0.5258232931726907,0.06574297188755018,True
1,recipient_full_weight_2,72,Platt,calibration_ablation_results,cost_saving_rate,0.45819277108433737,0.5258232931726907,0.06763052208835335,True
1,recipient_full_weight_2,72,Uncalibrated,calibration_ablation_results,cost_saving_rate,0.45819277108433737,0.5258232931726907,0.06763052208835335,True
1,recipient_full_weight_2,82,Isotonic,calibration_ablation_results,cost_saving_rate,0.5967871485943775,0.5958634538152611,-0.0009236947791164685,True
1,recipient_full_weight_2,82,Platt,calibration_ablation_results,cost_saving_rate,0.5623293172690763,0.572991967871486,0.010662650602409673,True
1,recipient_full_weight_2,82,Uncalibrated,calibration_ablation_results,cost_saving_rate,0.5623293172690763,0.572991967871486,0.010662650602409673,True
2,raw_safe,42,Isotonic,calibration_ablation_results,cost_saving_rate,0.14323717948717948,0.1528525641025641,0.009615384615384609,True
2,raw_safe,42,Platt,calibration_ablation_results,cost_saving_rate,0.14323717948717948,0.1528525641025641,0.009615384615384609,True
2,raw_safe,42,Uncalibrated,calibration_ablation_results,cost_saving_rate,0.14323717948717948,0.1528525641025641,0.009615384615384609,True
2,raw_safe,52,Isotonic,calibration_ablation_results,cost_saving_rate,0.12842948717948718,0.11157051282051282,-0.016858974358974363,True
2,raw_safe,52,Platt,calibration_ablation_results,cost_saving_rate,0.12830128205128205,0.11157051282051282,-0.01673076923076923,True
2,raw_safe,52,Uncalibrated,calibration_ablation_results,cost_saving_rate,0.12830128205128205,0.11157051282051282,-0.01673076923076923,True
2,raw_safe,62,Isotonic,calibration_ablation_results,cost_saving_rate,0.14926282051282053,0.1471474358974359,-0.00211538461538463,True
2,raw_safe,62,Platt,calibration_ablation_results,cost_saving_rate,0.14926282051282053,0.1471474358974359,-0.00211538461538463,True
2,raw_safe,62,Uncalibrated,calibration_ablation_results,cost_saving_rate,0.14926282051282053,0.1471474358974359,-0.00211538461538463,True
2,raw_safe,72,Isotonic,calibration_ablation_results,cost_saving_rate,0.13701923076923078,0.15291666666666667,0.01589743589743589,True
2,raw_safe,72,Platt,calibration_ablation_results,cost_saving_rate,0.1175,0.15291666666666667,0.03541666666666668,True
2,raw_safe,72,Uncalibrated,calibration_ablation_results,cost_saving_rate,0.1175,0.15291666666666667,0.03541666666666668,True
2,raw_safe,82,Isotonic,calibration_ablation_results,cost_saving_rate,0.11852564102564103,0.12333333333333334,0.0048076923076923045,True
2,raw_safe,82,Platt,calibration_ablation_results,cost_saving_rate,0.11852564102564103,0.09826923076923078,-0.020256410256410257,True
2,raw_safe,82,Uncalibrated,calibration_ablation_results,cost_saving_rate,0.11852564102564103,0.09826923076923078,-0.020256410256410257,True
2,recipient_full_weight_2,42,Isotonic,calibration_ablation_results,cost_saving_rate,0.46708333333333335,0.4742948717948718,0.007211538461538436,True
2,recipient_full_weight_2,42,Platt,calibration_ablation_results,cost_saving_rate,0.46708333333333335,0.4726923076923077,0.005608974358974339,True
2,recipient_full_weight_2,42,Uncalibrated,calibration_ablation_results,cost_saving_rate,0.46708333333333335,0.4726923076923077,0.005608974358974339,True
2,recipient_full_weight_2,52,Isotonic,calibration_ablation_results,cost_saving_rate,0.3830448717948718,0.39791666666666664,0.014871794871794852,True
2,recipient_full_weight_2,52,Platt,calibration_ablation_results,cost_saving_rate,0.3832051282051282,0.3993589743589744,0.016153846153846185,True
2,recipient_full_weight_2,52,Uncalibrated,calibration_ablation_results,cost_saving_rate,0.3832051282051282,0.3993589743589744,0.016153846153846185,True
2,recipient_full_weight_2,62,Isotonic,calibration_ablation_results,cost_saving_rate,0.4173717948717949,0.4585897435897436,0.041217948717948705,True
2,recipient_full_weight_2,62,Platt,calibration_ablation_results,cost_saving_rate,0.4188782051282051,0.4678525641025641,0.04897435897435898,True
2,recipient_full_weight_2,62,Uncalibrated,calibration_ablation_results,cost_saving_rate,0.4188782051282051,0.4678525641025641,0.04897435897435898,True
2,recipient_full_weight_2,72,Isotonic,calibration_ablation_results,cost_saving_rate,0.36423076923076925,0.3412179487179487,-0.023012820512820553,True
2,recipient_full_weight_2,72,Platt,calibration_ablation_results,cost_saving_rate,0.36650641025641023,0.34208333333333335,-0.02442307692307688,True
2,recipient_full_weight_2,72,Uncalibrated,calibration_ablation_results,cost_saving_rate,0.36650641025641023,0.34208333333333335,-0.02442307692307688,True
2,recipient_full_weight_2,82,Isotonic,calibration_ablation_results,cost_saving_rate,0.3844871794871795,0.4906089743589744,0.1061217948717949,True
2,recipient_full_weight_2,82,Platt,calibration_ablation_results,cost_saving_rate,0.3807051282051282,0.4903525641025641,0.10964743589743592,True
2,recipient_full_weight_2,82,Uncalibrated,calibration_ablation_results,cost_saving_rate,0.3807051282051282,0.4903525641025641,0.10964743589743592,True
3,raw_safe,42,Isotonic,calibration_ablation_results,cost_saving_rate,0.2994925611052072,0.2721386822529224,-0.027353878852284796,True
3,raw_safe,42,Platt,calibration_ablation_results,cost_saving_rate,0.31664187035069075,0.2888390010626993,-0.027802869287991472,True
3,raw_safe,42,Uncalibrated,calibration_ablation_results,cost_saving_rate,0.31664187035069075,0.2888390010626993,-0.027802869287991472,True
3,raw_safe,52,Isotonic,calibration_ablation_results,cost_saving_rate,0.29895855472901167,0.30203506907545163,0.0030765143464399625,True
3,raw_safe,52,Platt,calibration_ablation_results,cost_saving_rate,0.27931987247608925,0.30384962805526033,0.024529755579171086,True
3,raw_safe,52,Uncalibrated,calibration_ablation_results,cost_saving_rate,0.27931987247608925,0.30384962805526033,0.024529755579171086,True
3,raw_safe,62,Isotonic,calibration_ablation_results,cost_saving_rate,0.2958820403825717,0.3504914984059511,0.05460945802337941,True
3,raw_safe,62,Platt,calibration_ablation_results,cost_saving_rate,0.29100159404888415,0.32107066950053137,0.03006907545164722,True
3,raw_safe,62,Uncalibrated,calibration_ablation_results,cost_saving_rate,0.29100159404888415,0.32107066950053137,0.03006907545164722,True
3,raw_safe,72,Isotonic,calibration_ablation_results,cost_saving_rate,0.2907438894792774,0.31110520722635493,0.020361317747077556,True
3,raw_safe,72,Platt,calibration_ablation_results,cost_saving_rate,0.28412061636556857,0.3212778958554729,0.03715727948990433,True
3,raw_safe,72,Uncalibrated,calibration_ablation_results,cost_saving_rate,0.28412061636556857,0.3212778958554729,0.03715727948990433,True
3,raw_safe,82,Isotonic,calibration_ablation_results,cost_saving_rate,0.3412088204038257,0.32207757704569606,-0.019131243358129657,True
3,raw_safe,82,Platt,calibration_ablation_results,cost_saving_rate,0.33988310308182784,0.297221041445271,-0.042662061636556836,True
3,raw_safe,82,Uncalibrated,calibration_ablation_results,cost_saving_rate,0.33988310308182784,0.297221041445271,-0.042662061636556836,True
3,recipient_full_weight_2,42,Isotonic,calibration_ablation_results,cost_saving_rate,0.6863761955366631,0.7203134962805526,0.033937300743889565,True
3,recipient_full_weight_2,42,Platt,calibration_ablation_results,cost_saving_rate,0.6531907545164718,0.7345350690754516,0.08134431455897984,True
3,recipient_full_weight_2,42,Uncalibrated,calibration_ablation_results,cost_saving_rate,0.6531907545164718,0.7345350690754516,0.08134431455897984,True
3,recipient_full_weight_2,52,Isotonic,calibration_ablation_results,cost_saving_rate,0.5846785334750265,0.5111397449521785,-0.07353878852284801,True
3,recipient_full_weight_2,52,Platt,calibration_ablation_results,cost_saving_rate,0.5846785334750265,0.6465196599362381,0.06184112646121154,True
3,recipient_full_weight_2,52,Uncalibrated,calibration_ablation_results,cost_saving_rate,0.5846785334750265,0.6465196599362381,0.06184112646121154,True
3,recipient_full_weight_2,62,Isotonic,calibration_ablation_results,cost_saving_rate,0.6062221041445272,0.5787805526036132,-0.02744155154091399,True
3,recipient_full_weight_2,62,Platt,calibration_ablation_results,cost_saving_rate,0.6130605738575983,0.5804994686503719,-0.032561105207226326,True
3,recipient_full_weight_2,62,Uncalibrated,calibration_ablation_results,cost_saving_rate,0.6130605738575983,0.5804994686503719,-0.032561105207226326,True
3,recipient_full_weight_2,72,Isotonic,calibration_ablation_results,cost_saving_rate,0.7334537725823592,0.7460998937300743,0.012646121147715128,True
3,recipient_full_weight_2,72,Platt,calibration_ablation_results,cost_saving_rate,0.7401780021253985,0.7330924548352816,-0.0070855472901169,True
3,recipient_full_weight_2,72,Uncalibrated,calibration_ablation_results,cost_saving_rate,0.7401780021253985,0.7330924548352816,-0.0070855472901169,True
3,recipient_full_weight_2,82,Isotonic,calibration_ablation_results,cost_saving_rate,0.7341551540913921,0.6835653560042508,-0.05058979808714126,True
3,recipient_full_weight_2,82,Platt,calibration_ablation_results,cost_saving_rate,0.7328081827842721,0.6835653560042508,-0.04924282678002123,True
3,recipient_full_weight_2,82,Uncalibrated,calibration_ablation_results,cost_saving_rate,0.7328081827842721,0.6835653560042508,-0.04924282678002123,True
1,raw_safe,42,Isotonic,calibration_ablation_results,test_size,642661.0,642661.0,0.0,False
1,raw_safe,42,Platt,calibration_ablation_results,test_size,642661.0,642661.0,0.0,False
1,raw_safe,42,Uncalibrated,calibration_ablation_results,test_size,642661.0,642661.0,0.0,False
1,raw_safe,52,Isotonic,calibration_ablation_results,test_size,642661.0,642661.0,0.0,False
1,raw_safe,52,Platt,calibration_ablation_results,test_size,642661.0,642661.0,0.0,False
1,raw_safe,52,Uncalibrated,calibration_ablation_results,test_size,642661.0,642661.0,0.0,False
1,raw_safe,62,Isotonic,calibration_ablation_results,test_size,642661.0,642661.0,0.0,False
1,raw_safe,62,Platt,calibration_ablation_results,test_size,642661.0,642661.0,0.0,False
1,raw_safe,62,Uncalibrated,calibration_ablation_results,test_size,642661.0,642661.0,0.0,False
1,raw_safe,72,Isotonic,calibration_ablation_results,test_size,642661.0,642661.0,0.0,False
1,raw_safe,72,Platt,calibration_ablation_results,test_size,642661.0,642661.0,0.0,False
1,raw_safe,72,Uncalibrated,calibration_ablation_results,test_size,642661.0,642661.0,0.0,False
1,raw_safe,82,Isotonic,calibration_ablation_results,test_size,642661.0,642661.0,0.0,False
1,raw_safe,82,Platt,calibration_ablation_results,test_size,642661.0,642661.0,0.0,False
1,raw_safe,82,Uncalibrated,calibration_ablation_results,test_size,642661.0,642661.0,0.0,False
1,recipient_full_weight_2,42,Isotonic,calibration_ablation_results,test_size,642661.0,642661.0,0.0,False
1,recipient_full_weight_2,42,Platt,calibration_ablation_results,test_size,642661.0,642661.0,0.0,False
1,recipient_full_weight_2,42,Uncalibrated,calibration_ablation_results,test_size,642661.0,642661.0,0.0,False
1,recipient_full_weight_2,52,Isotonic,calibration_ablation_results,test_size,642661.0,642661.0,0.0,False
1,recipient_full_weight_2,52,Platt,calibration_ablation_results,test_size,642661.0,642661.0,0.0,False
1,recipient_full_weight_2,52,Uncalibrated,calibration_ablation_results,test_size,642661.0,642661.0,0.0,False
1,recipient_full_weight_2,62,Isotonic,calibration_ablation_results,test_size,642661.0,642661.0,0.0,False
1,recipient_full_weight_2,62,Platt,calibration_ablation_results,test_size,642661.0,642661.0,0.0,False
1,recipient_full_weight_2,62,Uncalibrated,calibration_ablation_results,test_size,642661.0,642661.0,0.0,False
1,recipient_full_weight_2,72,Isotonic,calibration_ablation_results,test_size,642661.0,642661.0,0.0,False
1,recipient_full_weight_2,72,Platt,calibration_ablation_results,test_size,642661.0,642661.0,0.0,False
1,recipient_full_weight_2,72,Uncalibrated,calibration_ablation_results,test_size,642661.0,642661.0,0.0,False
1,recipient_full_weight_2,82,Isotonic,calibration_ablation_results,test_size,642661.0,642661.0,0.0,False
1,recipient_full_weight_2,82,Platt,calibration_ablation_results,test_size,642661.0,642661.0,0.0,False
1,recipient_full_weight_2,82,Uncalibrated,calibration_ablation_results,test_size,642661.0,642661.0,0.0,False
2,raw_safe,42,Isotonic,calibration_ablation_results,test_size,605510.0,605510.0,0.0,False
2,raw_safe,42,Platt,calibration_ablation_results,test_size,605510.0,605510.0,0.0,False
2,raw_safe,42,Uncalibrated,calibration_ablation_results,test_size,605510.0,605510.0,0.0,False
2,raw_safe,52,Isotonic,calibration_ablation_results,test_size,605510.0,605510.0,0.0,False
2,raw_safe,52,Platt,calibration_ablation_results,test_size,605510.0,605510.0,0.0,False
2,raw_safe,52,Uncalibrated,calibration_ablation_results,test_size,605510.0,605510.0,0.0,False
2,raw_safe,62,Isotonic,calibration_ablation_results,test_size,605510.0,605510.0,0.0,False
2,raw_safe,62,Platt,calibration_ablation_results,test_size,605510.0,605510.0,0.0,False
2,raw_safe,62,Uncalibrated,calibration_ablation_results,test_size,605510.0,605510.0,0.0,False
2,raw_safe,72,Isotonic,calibration_ablation_results,test_size,605510.0,605510.0,0.0,False
2,raw_safe,72,Platt,calibration_ablation_results,test_size,605510.0,605510.0,0.0,False
2,raw_safe,72,Uncalibrated,calibration_ablation_results,test_size,605510.0,605510.0,0.0,False
2,raw_safe,82,Isotonic,calibration_ablation_results,test_size,605510.0,605510.0,0.0,False
2,raw_safe,82,Platt,calibration_ablation_results,test_size,605510.0,605510.0,0.0,False
2,raw_safe,82,Uncalibrated,calibration_ablation_results,test_size,605510.0,605510.0,0.0,False
2,recipient_full_weight_2,42,Isotonic,calibration_ablation_results,test_size,605510.0,605510.0,0.0,False
2,recipient_full_weight_2,42,Platt,calibration_ablation_results,test_size,605510.0,605510.0,0.0,False
2,recipient_full_weight_2,42,Uncalibrated,calibration_ablation_results,test_size,605510.0,605510.0,0.0,False
2,recipient_full_weight_2,52,Isotonic,calibration_ablation_results,test_size,605510.0,605510.0,0.0,False
2,recipient_full_weight_2,52,Platt,calibration_ablation_results,test_size,605510.0,605510.0,0.0,False
2,recipient_full_weight_2,52,Uncalibrated,calibration_ablation_results,test_size,605510.0,605510.0,0.0,False
2,recipient_full_weight_2,62,Isotonic,calibration_ablation_results,test_size,605510.0,605510.0,0.0,False
2,recipient_full_weight_2,62,Platt,calibration_ablation_results,test_size,605510.0,605510.0,0.0,False
2,recipient_full_weight_2,62,Uncalibrated,calibration_ablation_results,test_size,605510.0,605510.0,0.0,False
2,recipient_full_weight_2,72,Isotonic,calibration_ablation_results,test_size,605510.0,605510.0,0.0,False
2,recipient_full_weight_2,72,Platt,calibration_ablation_results,test_size,605510.0,605510.0,0.0,False
2,recipient_full_weight_2,72,Uncalibrated,calibration_ablation_results,test_size,605510.0,605510.0,0.0,False
2,recipient_full_weight_2,82,Isotonic,calibration_ablation_results,test_size,605510.0,605510.0,0.0,False
2,recipient_full_weight_2,82,Platt,calibration_ablation_results,test_size,605510.0,605510.0,0.0,False
2,recipient_full_weight_2,82,Uncalibrated,calibration_ablation_results,test_size,605510.0,605510.0,0.0,False
3,raw_safe,42,Isotonic,calibration_ablation_results,test_size,636723.0,636723.0,0.0,False
3,raw_safe,42,Platt,calibration_ablation_results,test_size,636723.0,636723.0,0.0,False
3,raw_safe,42,Uncalibrated,calibration_ablation_results,test_size,636723.0,636723.0,0.0,False
3,raw_safe,52,Isotonic,calibration_ablation_results,test_size,636723.0,636723.0,0.0,False
3,raw_safe,52,Platt,calibration_ablation_results,test_size,636723.0,636723.0,0.0,False
3,raw_safe,52,Uncalibrated,calibration_ablation_results,test_size,636723.0,636723.0,0.0,False
3,raw_safe,62,Isotonic,calibration_ablation_results,test_size,636723.0,636723.0,0.0,False
3,raw_safe,62,Platt,calibration_ablation_results,test_size,636723.0,636723.0,0.0,False
3,raw_safe,62,Uncalibrated,calibration_ablation_results,test_size,636723.0,636723.0,0.0,False
3,raw_safe,72,Isotonic,calibration_ablation_results,test_size,636723.0,636723.0,0.0,False
3,raw_safe,72,Platt,calibration_ablation_results,test_size,636723.0,636723.0,0.0,False
3,raw_safe,72,Uncalibrated,calibration_ablation_results,test_size,636723.0,636723.0,0.0,False
3,raw_safe,82,Isotonic,calibration_ablation_results,test_size,636723.0,636723.0,0.0,False
3,raw_safe,82,Platt,calibration_ablation_results,test_size,636723.0,636723.0,0.0,False
3,raw_safe,82,Uncalibrated,calibration_ablation_results,test_size,636723.0,636723.0,0.0,False
3,recipient_full_weight_2,42,Isotonic,calibration_ablation_results,test_size,636723.0,636723.0,0.0,False
3,recipient_full_weight_2,42,Platt,calibration_ablation_results,test_size,636723.0,636723.0,0.0,False
3,recipient_full_weight_2,42,Uncalibrated,calibration_ablation_results,test_size,636723.0,636723.0,0.0,False
3,recipient_full_weight_2,52,Isotonic,calibration_ablation_results,test_size,636723.0,636723.0,0.0,False
3,recipient_full_weight_2,52,Platt,calibration_ablation_results,test_size,636723.0,636723.0,0.0,False
3,recipient_full_weight_2,52,Uncalibrated,calibration_ablation_results,test_size,636723.0,636723.0,0.0,False
3,recipient_full_weight_2,62,Isotonic,calibration_ablation_results,test_size,636723.0,636723.0,0.0,False
3,recipient_full_weight_2,62,Platt,calibration_ablation_results,test_size,636723.0,636723.0,0.0,False
3,recipient_full_weight_2,62,Uncalibrated,calibration_ablation_results,test_size,636723.0,636723.0,0.0,False
3,recipient_full_weight_2,72,Isotonic,calibration_ablation_results,test_size,636723.0,636723.0,0.0,False
3,recipient_full_weight_2,72,Platt,calibration_ablation_results,test_size,636723.0,636723.0,0.0,False
3,recipient_full_weight_2,72,Uncalibrated,calibration_ablation_results,test_size,636723.0,636723.0,0.0,False
3,recipient_full_weight_2,82,Isotonic,calibration_ablation_results,test_size,636723.0,636723.0,0.0,False
3,recipient_full_weight_2,82,Platt,calibration_ablation_results,test_size,636723.0,636723.0,0.0,False
3,recipient_full_weight_2,82,Uncalibrated,calibration_ablation_results,test_size,636723.0,636723.0,0.0,False
1,raw_safe,42,Isotonic,calibration_ablation_results,test_fraud_count,498.0,498.0,0.0,False
1,raw_safe,42,Platt,calibration_ablation_results,test_fraud_count,498.0,498.0,0.0,False
1,raw_safe,42,Uncalibrated,calibration_ablation_results,test_fraud_count,498.0,498.0,0.0,False
1,raw_safe,52,Isotonic,calibration_ablation_results,test_fraud_count,498.0,498.0,0.0,False
1,raw_safe,52,Platt,calibration_ablation_results,test_fraud_count,498.0,498.0,0.0,False
1,raw_safe,52,Uncalibrated,calibration_ablation_results,test_fraud_count,498.0,498.0,0.0,False
1,raw_safe,62,Isotonic,calibration_ablation_results,test_fraud_count,498.0,498.0,0.0,False
1,raw_safe,62,Platt,calibration_ablation_results,test_fraud_count,498.0,498.0,0.0,False
1,raw_safe,62,Uncalibrated,calibration_ablation_results,test_fraud_count,498.0,498.0,0.0,False
1,raw_safe,72,Isotonic,calibration_ablation_results,test_fraud_count,498.0,498.0,0.0,False
1,raw_safe,72,Platt,calibration_ablation_results,test_fraud_count,498.0,498.0,0.0,False
1,raw_safe,72,Uncalibrated,calibration_ablation_results,test_fraud_count,498.0,498.0,0.0,False
1,raw_safe,82,Isotonic,calibration_ablation_results,test_fraud_count,498.0,498.0,0.0,False
1,raw_safe,82,Platt,calibration_ablation_results,test_fraud_count,498.0,498.0,0.0,False
1,raw_safe,82,Uncalibrated,calibration_ablation_results,test_fraud_count,498.0,498.0,0.0,False
1,recipient_full_weight_2,42,Isotonic,calibration_ablation_results,test_fraud_count,498.0,498.0,0.0,False
1,recipient_full_weight_2,42,Platt,calibration_ablation_results,test_fraud_count,498.0,498.0,0.0,False
1,recipient_full_weight_2,42,Uncalibrated,calibration_ablation_results,test_fraud_count,498.0,498.0,0.0,False
1,recipient_full_weight_2,52,Isotonic,calibration_ablation_results,test_fraud_count,498.0,498.0,0.0,False
1,recipient_full_weight_2,52,Platt,calibration_ablation_results,test_fraud_count,498.0,498.0,0.0,False
1,recipient_full_weight_2,52,Uncalibrated,calibration_ablation_results,test_fraud_count,498.0,498.0,0.0,False
1,recipient_full_weight_2,62,Isotonic,calibration_ablation_results,test_fraud_count,498.0,498.0,0.0,False
1,recipient_full_weight_2,62,Platt,calibration_ablation_results,test_fraud_count,498.0,498.0,0.0,False
1,recipient_full_weight_2,62,Uncalibrated,calibration_ablation_results,test_fraud_count,498.0,498.0,0.0,False
1,recipient_full_weight_2,72,Isotonic,calibration_ablation_results,test_fraud_count,498.0,498.0,0.0,False
1,recipient_full_weight_2,72,Platt,calibration_ablation_results,test_fraud_count,498.0,498.0,0.0,False
1,recipient_full_weight_2,72,Uncalibrated,calibration_ablation_results,test_fraud_count,498.0,498.0,0.0,False
1,recipient_full_weight_2,82,Isotonic,calibration_ablation_results,test_fraud_count,498.0,498.0,0.0,False
1,recipient_full_weight_2,82,Platt,calibration_ablation_results,test_fraud_count,498.0,498.0,0.0,False
1,recipient_full_weight_2,82,Uncalibrated,calibration_ablation_results,test_fraud_count,498.0,498.0,0.0,False
2,raw_safe,42,Isotonic,calibration_ablation_results,test_fraud_count,312.0,312.0,0.0,False
2,raw_safe,42,Platt,calibration_ablation_results,test_fraud_count,312.0,312.0,0.0,False
2,raw_safe,42,Uncalibrated,calibration_ablation_results,test_fraud_count,312.0,312.0,0.0,False
2,raw_safe,52,Isotonic,calibration_ablation_results,test_fraud_count,312.0,312.0,0.0,False
2,raw_safe,52,Platt,calibration_ablation_results,test_fraud_count,312.0,312.0,0.0,False
2,raw_safe,52,Uncalibrated,calibration_ablation_results,test_fraud_count,312.0,312.0,0.0,False
2,raw_safe,62,Isotonic,calibration_ablation_results,test_fraud_count,312.0,312.0,0.0,False
2,raw_safe,62,Platt,calibration_ablation_results,test_fraud_count,312.0,312.0,0.0,False
2,raw_safe,62,Uncalibrated,calibration_ablation_results,test_fraud_count,312.0,312.0,0.0,False
2,raw_safe,72,Isotonic,calibration_ablation_results,test_fraud_count,312.0,312.0,0.0,False
2,raw_safe,72,Platt,calibration_ablation_results,test_fraud_count,312.0,312.0,0.0,False
2,raw_safe,72,Uncalibrated,calibration_ablation_results,test_fraud_count,312.0,312.0,0.0,False
2,raw_safe,82,Isotonic,calibration_ablation_results,test_fraud_count,312.0,312.0,0.0,False
2,raw_safe,82,Platt,calibration_ablation_results,test_fraud_count,312.0,312.0,0.0,False
2,raw_safe,82,Uncalibrated,calibration_ablation_results,test_fraud_count,312.0,312.0,0.0,False
2,recipient_full_weight_2,42,Isotonic,calibration_ablation_results,test_fraud_count,312.0,312.0,0.0,False
2,recipient_full_weight_2,42,Platt,calibration_ablation_results,test_fraud_count,312.0,312.0,0.0,False
2,recipient_full_weight_2,42,Uncalibrated,calibration_ablation_results,test_fraud_count,312.0,312.0,0.0,False
2,recipient_full_weight_2,52,Isotonic,calibration_ablation_results,test_fraud_count,312.0,312.0,0.0,False
2,recipient_full_weight_2,52,Platt,calibration_ablation_results,test_fraud_count,312.0,312.0,0.0,False
2,recipient_full_weight_2,52,Uncalibrated,calibration_ablation_results,test_fraud_count,312.0,312.0,0.0,False
2,recipient_full_weight_2,62,Isotonic,calibration_ablation_results,test_fraud_count,312.0,312.0,0.0,False
2,recipient_full_weight_2,62,Platt,calibration_ablation_results,test_fraud_count,312.0,312.0,0.0,False
2,recipient_full_weight_2,62,Uncalibrated,calibration_ablation_results,test_fraud_count,312.0,312.0,0.0,False
2,recipient_full_weight_2,72,Isotonic,calibration_ablation_results,test_fraud_count,312.0,312.0,0.0,False
2,recipient_full_weight_2,72,Platt,calibration_ablation_results,test_fraud_count,312.0,312.0,0.0,False
2,recipient_full_weight_2,72,Uncalibrated,calibration_ablation_results,test_fraud_count,312.0,312.0,0.0,False
2,recipient_full_weight_2,82,Isotonic,calibration_ablation_results,test_fraud_count,312.0,312.0,0.0,False
2,recipient_full_weight_2,82,Platt,calibration_ablation_results,test_fraud_count,312.0,312.0,0.0,False
2,recipient_full_weight_2,82,Uncalibrated,calibration_ablation_results,test_fraud_count,312.0,312.0,0.0,False
3,raw_safe,42,Isotonic,calibration_ablation_results,test_fraud_count,3764.0,3764.0,0.0,False
3,raw_safe,42,Platt,calibration_ablation_results,test_fraud_count,3764.0,3764.0,0.0,False
3,raw_safe,42,Uncalibrated,calibration_ablation_results,test_fraud_count,3764.0,3764.0,0.0,False
3,raw_safe,52,Isotonic,calibration_ablation_results,test_fraud_count,3764.0,3764.0,0.0,False
3,raw_safe,52,Platt,calibration_ablation_results,test_fraud_count,3764.0,3764.0,0.0,False
3,raw_safe,52,Uncalibrated,calibration_ablation_results,test_fraud_count,3764.0,3764.0,0.0,False
3,raw_safe,62,Isotonic,calibration_ablation_results,test_fraud_count,3764.0,3764.0,0.0,False
3,raw_safe,62,Platt,calibration_ablation_results,test_fraud_count,3764.0,3764.0,0.0,False
3,raw_safe,62,Uncalibrated,calibration_ablation_results,test_fraud_count,3764.0,3764.0,0.0,False
3,raw_safe,72,Isotonic,calibration_ablation_results,test_fraud_count,3764.0,3764.0,0.0,False
3,raw_safe,72,Platt,calibration_ablation_results,test_fraud_count,3764.0,3764.0,0.0,False
3,raw_safe,72,Uncalibrated,calibration_ablation_results,test_fraud_count,3764.0,3764.0,0.0,False
3,raw_safe,82,Isotonic,calibration_ablation_results,test_fraud_count,3764.0,3764.0,0.0,False
3,raw_safe,82,Platt,calibration_ablation_results,test_fraud_count,3764.0,3764.0,0.0,False
3,raw_safe,82,Uncalibrated,calibration_ablation_results,test_fraud_count,3764.0,3764.0,0.0,False
3,recipient_full_weight_2,42,Isotonic,calibration_ablation_results,test_fraud_count,3764.0,3764.0,0.0,False
3,recipient_full_weight_2,42,Platt,calibration_ablation_results,test_fraud_count,3764.0,3764.0,0.0,False
3,recipient_full_weight_2,42,Uncalibrated,calibration_ablation_results,test_fraud_count,3764.0,3764.0,0.0,False
3,recipient_full_weight_2,52,Isotonic,calibration_ablation_results,test_fraud_count,3764.0,3764.0,0.0,False
3,recipient_full_weight_2,52,Platt,calibration_ablation_results,test_fraud_count,3764.0,3764.0,0.0,False
3,recipient_full_weight_2,52,Uncalibrated,calibration_ablation_results,test_fraud_count,3764.0,3764.0,0.0,False
3,recipient_full_weight_2,62,Isotonic,calibration_ablation_results,test_fraud_count,3764.0,3764.0,0.0,False
3,recipient_full_weight_2,62,Platt,calibration_ablation_results,test_fraud_count,3764.0,3764.0,0.0,False
3,recipient_full_weight_2,62,Uncalibrated,calibration_ablation_results,test_fraud_count,3764.0,3764.0,0.0,False
3,recipient_full_weight_2,72,Isotonic,calibration_ablation_results,test_fraud_count,3764.0,3764.0,0.0,False
3,recipient_full_weight_2,72,Platt,calibration_ablation_results,test_fraud_count,3764.0,3764.0,0.0,False
3,recipient_full_weight_2,72,Uncalibrated,calibration_ablation_results,test_fraud_count,3764.0,3764.0,0.0,False
3,recipient_full_weight_2,82,Isotonic,calibration_ablation_results,test_fraud_count,3764.0,3764.0,0.0,False
3,recipient_full_weight_2,82,Platt,calibration_ablation_results,test_fraud_count,3764.0,3764.0,0.0,False
3,recipient_full_weight_2,82,Uncalibrated,calibration_ablation_results,test_fraud_count,3764.0,3764.0,0.0,False
1,raw_safe,42,Isotonic,calibration_ablation_results,test_fraud_rate,0.0007749030982119655,0.0007749030982119655,0.0,False
1,raw_safe,42,Platt,calibration_ablation_results,test_fraud_rate,0.0007749030982119655,0.0007749030982119655,0.0,False
1,raw_safe,42,Uncalibrated,calibration_ablation_results,test_fraud_rate,0.0007749030982119655,0.0007749030982119655,0.0,False
1,raw_safe,52,Isotonic,calibration_ablation_results,test_fraud_rate,0.0007749030982119655,0.0007749030982119655,0.0,False
1,raw_safe,52,Platt,calibration_ablation_results,test_fraud_rate,0.0007749030982119655,0.0007749030982119655,0.0,False
1,raw_safe,52,Uncalibrated,calibration_ablation_results,test_fraud_rate,0.0007749030982119655,0.0007749030982119655,0.0,False
1,raw_safe,62,Isotonic,calibration_ablation_results,test_fraud_rate,0.0007749030982119655,0.0007749030982119655,0.0,False
1,raw_safe,62,Platt,calibration_ablation_results,test_fraud_rate,0.0007749030982119655,0.0007749030982119655,0.0,False
1,raw_safe,62,Uncalibrated,calibration_ablation_results,test_fraud_rate,0.0007749030982119655,0.0007749030982119655,0.0,False
1,raw_safe,72,Isotonic,calibration_ablation_results,test_fraud_rate,0.0007749030982119655,0.0007749030982119655,0.0,False
1,raw_safe,72,Platt,calibration_ablation_results,test_fraud_rate,0.0007749030982119655,0.0007749030982119655,0.0,False
1,raw_safe,72,Uncalibrated,calibration_ablation_results,test_fraud_rate,0.0007749030982119655,0.0007749030982119655,0.0,False
1,raw_safe,82,Isotonic,calibration_ablation_results,test_fraud_rate,0.0007749030982119655,0.0007749030982119655,0.0,False
1,raw_safe,82,Platt,calibration_ablation_results,test_fraud_rate,0.0007749030982119655,0.0007749030982119655,0.0,False
1,raw_safe,82,Uncalibrated,calibration_ablation_results,test_fraud_rate,0.0007749030982119655,0.0007749030982119655,0.0,False
1,recipient_full_weight_2,42,Isotonic,calibration_ablation_results,test_fraud_rate,0.0007749030982119655,0.0007749030982119655,0.0,False
1,recipient_full_weight_2,42,Platt,calibration_ablation_results,test_fraud_rate,0.0007749030982119655,0.0007749030982119655,0.0,False
1,recipient_full_weight_2,42,Uncalibrated,calibration_ablation_results,test_fraud_rate,0.0007749030982119655,0.0007749030982119655,0.0,False
1,recipient_full_weight_2,52,Isotonic,calibration_ablation_results,test_fraud_rate,0.0007749030982119655,0.0007749030982119655,0.0,False
1,recipient_full_weight_2,52,Platt,calibration_ablation_results,test_fraud_rate,0.0007749030982119655,0.0007749030982119655,0.0,False
1,recipient_full_weight_2,52,Uncalibrated,calibration_ablation_results,test_fraud_rate,0.0007749030982119655,0.0007749030982119655,0.0,False
1,recipient_full_weight_2,62,Isotonic,calibration_ablation_results,test_fraud_rate,0.0007749030982119655,0.0007749030982119655,0.0,False
1,recipient_full_weight_2,62,Platt,calibration_ablation_results,test_fraud_rate,0.0007749030982119655,0.0007749030982119655,0.0,False
1,recipient_full_weight_2,62,Uncalibrated,calibration_ablation_results,test_fraud_rate,0.0007749030982119655,0.0007749030982119655,0.0,False
1,recipient_full_weight_2,72,Isotonic,calibration_ablation_results,test_fraud_rate,0.0007749030982119655,0.0007749030982119655,0.0,False
1,recipient_full_weight_2,72,Platt,calibration_ablation_results,test_fraud_rate,0.0007749030982119655,0.0007749030982119655,0.0,False
1,recipient_full_weight_2,72,Uncalibrated,calibration_ablation_results,test_fraud_rate,0.0007749030982119655,0.0007749030982119655,0.0,False
1,recipient_full_weight_2,82,Isotonic,calibration_ablation_results,test_fraud_rate,0.0007749030982119655,0.0007749030982119655,0.0,False
1,recipient_full_weight_2,82,Platt,calibration_ablation_results,test_fraud_rate,0.0007749030982119655,0.0007749030982119655,0.0,False
1,recipient_full_weight_2,82,Uncalibrated,calibration_ablation_results,test_fraud_rate,0.0007749030982119655,0.0007749030982119655,0.0,False
2,raw_safe,42,Isotonic,calibration_ablation_results,test_fraud_rate,0.0005152681210880085,0.0005152681210880085,0.0,False
2,raw_safe,42,Platt,calibration_ablation_results,test_fraud_rate,0.0005152681210880085,0.0005152681210880085,0.0,False
2,raw_safe,42,Uncalibrated,calibration_ablation_results,test_fraud_rate,0.0005152681210880085,0.0005152681210880085,0.0,False
2,raw_safe,52,Isotonic,calibration_ablation_results,test_fraud_rate,0.0005152681210880085,0.0005152681210880085,0.0,False
2,raw_safe,52,Platt,calibration_ablation_results,test_fraud_rate,0.0005152681210880085,0.0005152681210880085,0.0,False
2,raw_safe,52,Uncalibrated,calibration_ablation_results,test_fraud_rate,0.0005152681210880085,0.0005152681210880085,0.0,False
2,raw_safe,62,Isotonic,calibration_ablation_results,test_fraud_rate,0.0005152681210880085,0.0005152681210880085,0.0,False
2,raw_safe,62,Platt,calibration_ablation_results,test_fraud_rate,0.0005152681210880085,0.0005152681210880085,0.0,False
2,raw_safe,62,Uncalibrated,calibration_ablation_results,test_fraud_rate,0.0005152681210880085,0.0005152681210880085,0.0,False
2,raw_safe,72,Isotonic,calibration_ablation_results,test_fraud_rate,0.0005152681210880085,0.0005152681210880085,0.0,False
2,raw_safe,72,Platt,calibration_ablation_results,test_fraud_rate,0.0005152681210880085,0.0005152681210880085,0.0,False
2,raw_safe,72,Uncalibrated,calibration_ablation_results,test_fraud_rate,0.0005152681210880085,0.0005152681210880085,0.0,False
2,raw_safe,82,Isotonic,calibration_ablation_results,test_fraud_rate,0.0005152681210880085,0.0005152681210880085,0.0,False
2,raw_safe,82,Platt,calibration_ablation_results,test_fraud_rate,0.0005152681210880085,0.0005152681210880085,0.0,False
2,raw_safe,82,Uncalibrated,calibration_ablation_results,test_fraud_rate,0.0005152681210880085,0.0005152681210880085,0.0,False
2,recipient_full_weight_2,42,Isotonic,calibration_ablation_results,test_fraud_rate,0.0005152681210880085,0.0005152681210880085,0.0,False
2,recipient_full_weight_2,42,Platt,calibration_ablation_results,test_fraud_rate,0.0005152681210880085,0.0005152681210880085,0.0,False
2,recipient_full_weight_2,42,Uncalibrated,calibration_ablation_results,test_fraud_rate,0.0005152681210880085,0.0005152681210880085,0.0,False
2,recipient_full_weight_2,52,Isotonic,calibration_ablation_results,test_fraud_rate,0.0005152681210880085,0.0005152681210880085,0.0,False
2,recipient_full_weight_2,52,Platt,calibration_ablation_results,test_fraud_rate,0.0005152681210880085,0.0005152681210880085,0.0,False
2,recipient_full_weight_2,52,Uncalibrated,calibration_ablation_results,test_fraud_rate,0.0005152681210880085,0.0005152681210880085,0.0,False
2,recipient_full_weight_2,62,Isotonic,calibration_ablation_results,test_fraud_rate,0.0005152681210880085,0.0005152681210880085,0.0,False
2,recipient_full_weight_2,62,Platt,calibration_ablation_results,test_fraud_rate,0.0005152681210880085,0.0005152681210880085,0.0,False
2,recipient_full_weight_2,62,Uncalibrated,calibration_ablation_results,test_fraud_rate,0.0005152681210880085,0.0005152681210880085,0.0,False
2,recipient_full_weight_2,72,Isotonic,calibration_ablation_results,test_fraud_rate,0.0005152681210880085,0.0005152681210880085,0.0,False
2,recipient_full_weight_2,72,Platt,calibration_ablation_results,test_fraud_rate,0.0005152681210880085,0.0005152681210880085,0.0,False
2,recipient_full_weight_2,72,Uncalibrated,calibration_ablation_results,test_fraud_rate,0.0005152681210880085,0.0005152681210880085,0.0,False
2,recipient_full_weight_2,82,Isotonic,calibration_ablation_results,test_fraud_rate,0.0005152681210880085,0.0005152681210880085,0.0,False
2,recipient_full_weight_2,82,Platt,calibration_ablation_results,test_fraud_rate,0.0005152681210880085,0.0005152681210880085,0.0,False
2,recipient_full_weight_2,82,Uncalibrated,calibration_ablation_results,test_fraud_rate,0.0005152681210880085,0.0005152681210880085,0.0,False
3,raw_safe,42,Isotonic,calibration_ablation_results,test_fraud_rate,0.005911518823727115,0.005911518823727115,0.0,False
3,raw_safe,42,Platt,calibration_ablation_results,test_fraud_rate,0.005911518823727115,0.005911518823727115,0.0,False
3,raw_safe,42,Uncalibrated,calibration_ablation_results,test_fraud_rate,0.005911518823727115,0.005911518823727115,0.0,False
3,raw_safe,52,Isotonic,calibration_ablation_results,test_fraud_rate,0.005911518823727115,0.005911518823727115,0.0,False
3,raw_safe,52,Platt,calibration_ablation_results,test_fraud_rate,0.005911518823727115,0.005911518823727115,0.0,False
3,raw_safe,52,Uncalibrated,calibration_ablation_results,test_fraud_rate,0.005911518823727115,0.005911518823727115,0.0,False
3,raw_safe,62,Isotonic,calibration_ablation_results,test_fraud_rate,0.005911518823727115,0.005911518823727115,0.0,False
3,raw_safe,62,Platt,calibration_ablation_results,test_fraud_rate,0.005911518823727115,0.005911518823727115,0.0,False
3,raw_safe,62,Uncalibrated,calibration_ablation_results,test_fraud_rate,0.005911518823727115,0.005911518823727115,0.0,False
3,raw_safe,72,Isotonic,calibration_ablation_results,test_fraud_rate,0.005911518823727115,0.005911518823727115,0.0,False
3,raw_safe,72,Platt,calibration_ablation_results,test_fraud_rate,0.005911518823727115,0.005911518823727115,0.0,False
3,raw_safe,72,Uncalibrated,calibration_ablation_results,test_fraud_rate,0.005911518823727115,0.005911518823727115,0.0,False
3,raw_safe,82,Isotonic,calibration_ablation_results,test_fraud_rate,0.005911518823727115,0.005911518823727115,0.0,False
3,raw_safe,82,Platt,calibration_ablation_results,test_fraud_rate,0.005911518823727115,0.005911518823727115,0.0,False
3,raw_safe,82,Uncalibrated,calibration_ablation_results,test_fraud_rate,0.005911518823727115,0.005911518823727115,0.0,False
3,recipient_full_weight_2,42,Isotonic,calibration_ablation_results,test_fraud_rate,0.005911518823727115,0.005911518823727115,0.0,False
3,recipient_full_weight_2,42,Platt,calibration_ablation_results,test_fraud_rate,0.005911518823727115,0.005911518823727115,0.0,False
3,recipient_full_weight_2,42,Uncalibrated,calibration_ablation_results,test_fraud_rate,0.005911518823727115,0.005911518823727115,0.0,False
3,recipient_full_weight_2,52,Isotonic,calibration_ablation_results,test_fraud_rate,0.005911518823727115,0.005911518823727115,0.0,False
3,recipient_full_weight_2,52,Platt,calibration_ablation_results,test_fraud_rate,0.005911518823727115,0.005911518823727115,0.0,False
3,recipient_full_weight_2,52,Uncalibrated,calibration_ablation_results,test_fraud_rate,0.005911518823727115,0.005911518823727115,0.0,False
3,recipient_full_weight_2,62,Isotonic,calibration_ablation_results,test_fraud_rate,0.005911518823727115,0.005911518823727115,0.0,False
3,recipient_full_weight_2,62,Platt,calibration_ablation_results,test_fraud_rate,0.005911518823727115,0.005911518823727115,0.0,False
3,recipient_full_weight_2,62,Uncalibrated,calibration_ablation_results,test_fraud_rate,0.005911518823727115,0.005911518823727115,0.0,False
3,recipient_full_weight_2,72,Isotonic,calibration_ablation_results,test_fraud_rate,0.005911518823727115,0.005911518823727115,0.0,False
3,recipient_full_weight_2,72,Platt,calibration_ablation_results,test_fraud_rate,0.005911518823727115,0.005911518823727115,0.0,False
3,recipient_full_weight_2,72,Uncalibrated,calibration_ablation_results,test_fraud_rate,0.005911518823727115,0.005911518823727115,0.0,False
3,recipient_full_weight_2,82,Isotonic,calibration_ablation_results,test_fraud_rate,0.005911518823727115,0.005911518823727115,0.0,False
3,recipient_full_weight_2,82,Platt,calibration_ablation_results,test_fraud_rate,0.005911518823727115,0.005911518823727115,0.0,False
3,recipient_full_weight_2,82,Uncalibrated,calibration_ablation_results,test_fraud_rate,0.005911518823727115,0.005911518823727115,0.0,False
1,raw_safe,42,Isotonic,calibration_ablation_results,val_uniform_ece_10,0.0003789489851084645,0.0003731776668240817,-5.7713182843828e-06,True
1,raw_safe,42,Platt,calibration_ablation_results,val_uniform_ece_10,0.0004467894598226875,0.0003517547706351157,-9.503468918757178e-05,True
1,raw_safe,42,Uncalibrated,calibration_ablation_results,val_uniform_ece_10,9.809209030496295e-06,0.00016455148838023358,0.00015474227934973727,True
1,raw_safe,52,Isotonic,calibration_ablation_results,val_uniform_ece_10,0.00035389549650788175,0.00038054532413105607,2.664982762317432e-05,True
1,raw_safe,52,Platt,calibration_ablation_results,val_uniform_ece_10,0.0003486564578104724,0.0003749051008724491,2.62486430619767e-05,True
1,raw_safe,52,Uncalibrated,calibration_ablation_results,val_uniform_ece_10,0.00012271065921850313,0.0003428080568654415,0.00022009739764693837,True
1,raw_safe,62,Isotonic,calibration_ablation_results,val_uniform_ece_10,0.00037022809305565114,0.00037091435130372024,6.862582480691016e-07,True
1,raw_safe,62,Platt,calibration_ablation_results,val_uniform_ece_10,0.00045908735555786625,0.0004719101251164121,1.2822769558545855e-05,True
1,raw_safe,62,Uncalibrated,calibration_ablation_results,val_uniform_ece_10,0.00015564923956459586,0.0002155892109609401,5.993997139634423e-05,True
1,raw_safe,72,Isotonic,calibration_ablation_results,val_uniform_ece_10,0.00036351190931527115,0.0003551456408770787,-8.366268438192459e-06,True
1,raw_safe,72,Platt,calibration_ablation_results,val_uniform_ece_10,0.00034394069129696774,0.00034681861184204896,2.8779205450812223e-06,True
1,raw_safe,72,Uncalibrated,calibration_ablation_results,val_uniform_ece_10,2.2755091930047503e-05,0.00020810650254637884,0.00018535141061633132,True
1,raw_safe,82,Isotonic,calibration_ablation_results,val_uniform_ece_10,0.0003726442207470291,0.0003876511855270922,1.5006964780063102e-05,True
1,raw_safe,82,Platt,calibration_ablation_results,val_uniform_ece_10,0.000349072970368398,0.00036801589042071824,1.8942920052320228e-05,True
1,raw_safe,82,Uncalibrated,calibration_ablation_results,val_uniform_ece_10,0.00014653301095288737,1.908180497219123e-06,-0.00014462483045566825,True
1,recipient_full_weight_2,42,Isotonic,calibration_ablation_results,val_uniform_ece_10,0.0002724384907085255,0.00022823971798905556,-4.4198772719469966e-05,True
1,recipient_full_weight_2,42,Platt,calibration_ablation_results,val_uniform_ece_10,0.00031363635522067953,0.00024374957901998265,-6.988677620069689e-05,True
1,recipient_full_weight_2,42,Uncalibrated,calibration_ablation_results,val_uniform_ece_10,0.0015472349644735403,0.0009677086327227781,-0.0005795263317507622,True
1,recipient_full_weight_2,52,Isotonic,calibration_ablation_results,val_uniform_ece_10,0.00013648483245611544,0.00019949019555699212,6.300536310087669e-05,True
1,recipient_full_weight_2,52,Platt,calibration_ablation_results,val_uniform_ece_10,0.0001717805039988231,0.00020533226272464715,3.355175872582405e-05,True
1,recipient_full_weight_2,52,Uncalibrated,calibration_ablation_results,val_uniform_ece_10,0.0005302707063088788,0.0011117812588868597,0.0005815105525779809,True
1,recipient_full_weight_2,62,Isotonic,calibration_ablation_results,val_uniform_ece_10,0.00015588978577885595,0.00011624098737677481,-3.964879840208114e-05,True
1,recipient_full_weight_2,62,Platt,calibration_ablation_results,val_uniform_ece_10,0.00019835601767207974,0.00015807867514027607,-4.027734253180367e-05,True
1,recipient_full_weight_2,62,Uncalibrated,calibration_ablation_results,val_uniform_ece_10,0.0006202857455764991,0.00047039828933815783,-0.0001498874562383413,True
1,recipient_full_weight_2,72,Isotonic,calibration_ablation_results,val_uniform_ece_10,0.00016910018533172093,0.00016640968826260743,-2.690497069113507e-06,True
1,recipient_full_weight_2,72,Platt,calibration_ablation_results,val_uniform_ece_10,0.00024085201714347507,0.00025477370230952176,1.3921685166046693e-05,True
1,recipient_full_weight_2,72,Uncalibrated,calibration_ablation_results,val_uniform_ece_10,0.00036606055163308527,0.000251011372152581,-0.00011504917948050429,True
1,recipient_full_weight_2,82,Isotonic,calibration_ablation_results,val_uniform_ece_10,0.00015281630779729092,0.00014165283095673482,-1.1163476840556096e-05,True
1,recipient_full_weight_2,82,Platt,calibration_ablation_results,val_uniform_ece_10,0.00016500434995781946,0.000209347083948316,4.434273399049653e-05,True
1,recipient_full_weight_2,82,Uncalibrated,calibration_ablation_results,val_uniform_ece_10,0.00037283411621482943,0.0007271855035881595,0.0003543513873733301,True
2,raw_safe,42,Isotonic,calibration_ablation_results,val_uniform_ece_10,7.608674573492618e-05,8.19831124060202e-05,5.8963666710940265e-06,True
2,raw_safe,42,Platt,calibration_ablation_results,val_uniform_ece_10,8.174418399566707e-05,0.00010723277643057976,2.548859243491269e-05,True
2,raw_safe,42,Uncalibrated,calibration_ablation_results,val_uniform_ece_10,0.00027545431366314527,0.0001362449904402361,-0.00013920932322290916,True
2,raw_safe,52,Isotonic,calibration_ablation_results,val_uniform_ece_10,9.652776757213982e-05,0.00010425046810476894,7.722700532629116e-06,True
2,raw_safe,52,Platt,calibration_ablation_results,val_uniform_ece_10,0.0001256615310590898,5.608407216017317e-05,-6.957745889891663e-05,True
2,raw_safe,52,Uncalibrated,calibration_ablation_results,val_uniform_ece_10,0.00020350546035155346,0.0003172194402082602,0.00011371397985670672,True
2,raw_safe,62,Isotonic,calibration_ablation_results,val_uniform_ece_10,8.36453575688783e-05,7.842608858987271e-05,-5.219268979005592e-06,True
2,raw_safe,62,Platt,calibration_ablation_results,val_uniform_ece_10,0.00011418032027843281,0.00014436626709162198,3.0185946813189167e-05,True
2,raw_safe,62,Uncalibrated,calibration_ablation_results,val_uniform_ece_10,0.00016124049579230106,0.0004302027232394216,0.0002689622274471206,True
2,raw_safe,72,Isotonic,calibration_ablation_results,val_uniform_ece_10,8.435946156657443e-05,9.422729257518468e-05,9.867831008610251e-06,True
2,raw_safe,72,Platt,calibration_ablation_results,val_uniform_ece_10,0.00012101567424518202,0.0001409814368384368,1.9965762593254782e-05,True
2,raw_safe,72,Uncalibrated,calibration_ablation_results,val_uniform_ece_10,0.0003001098887973268,0.00020038162322489418,-9.972826557243263e-05,True
2,raw_safe,82,Isotonic,calibration_ablation_results,val_uniform_ece_10,8.446463328653127e-05,8.571250802240036e-05,1.2478747358690896e-06,True
2,raw_safe,82,Platt,calibration_ablation_results,val_uniform_ece_10,0.00011586587535210934,0.00011674835290630536,8.824775541960264e-07,True
2,raw_safe,82,Uncalibrated,calibration_ablation_results,val_uniform_ece_10,0.00014752614555348488,5.111827806906697e-05,-9.640786748441792e-05,True
2,recipient_full_weight_2,42,Isotonic,calibration_ablation_results,val_uniform_ece_10,0.00018736613890634924,0.00013173522240181985,-5.5630916504529395e-05,True
2,recipient_full_weight_2,42,Platt,calibration_ablation_results,val_uniform_ece_10,0.00017194774605647342,0.00014028651660435244,-3.166122945212098e-05,True
2,recipient_full_weight_2,42,Uncalibrated,calibration_ablation_results,val_uniform_ece_10,0.002478435646157432,0.0024649442213094943,-1.349142484793767e-05,True
2,recipient_full_weight_2,52,Isotonic,calibration_ablation_results,val_uniform_ece_10,0.00012811064137535055,0.00012107488911001127,-7.0357522653392846e-06,True
2,recipient_full_weight_2,52,Platt,calibration_ablation_results,val_uniform_ece_10,4.216212375116492e-05,3.923122780865988e-05,-2.9308959425050418e-06,True
2,recipient_full_weight_2,52,Uncalibrated,calibration_ablation_results,val_uniform_ece_10,0.006854817736998159,0.008979256882208011,0.0021244391452098525,True
2,recipient_full_weight_2,62,Isotonic,calibration_ablation_results,val_uniform_ece_10,0.0002585558730720601,0.0001651989340799779,-9.335693899208223e-05,True
2,recipient_full_weight_2,62,Platt,calibration_ablation_results,val_uniform_ece_10,0.0003126697991572738,0.00042748498955843997,0.00011481519040116618,True
2,recipient_full_weight_2,62,Uncalibrated,calibration_ablation_results,val_uniform_ece_10,0.00684255126442663,0.005723654397579995,-0.0011188968668466356,True
2,recipient_full_weight_2,72,Isotonic,calibration_ablation_results,val_uniform_ece_10,0.0002900847350314564,6.143292969700888e-05,-0.00022865180533444753,True
2,recipient_full_weight_2,72,Platt,calibration_ablation_results,val_uniform_ece_10,0.0005553355963617586,0.00010619635867793503,-0.00044913923768382356,True
2,recipient_full_weight_2,72,Uncalibrated,calibration_ablation_results,val_uniform_ece_10,0.006220651948457235,0.009502784380184025,0.00328213243172679,True
2,recipient_full_weight_2,82,Isotonic,calibration_ablation_results,val_uniform_ece_10,0.0001103431359021883,0.0003093999992165086,0.0001990568633143203,True
2,recipient_full_weight_2,82,Platt,calibration_ablation_results,val_uniform_ece_10,0.00010510324203778272,8.930208443649101e-05,-1.580115760129171e-05,True
2,recipient_full_weight_2,82,Uncalibrated,calibration_ablation_results,val_uniform_ece_10,0.0024987968698952138,0.0031583196985018117,0.0006595228286065979,True
3,raw_safe,42,Isotonic,calibration_ablation_results,val_uniform_ece_10,2.7971832836136708e-05,4.7746175617400356e-05,1.9774342781263647e-05,True
3,raw_safe,42,Platt,calibration_ablation_results,val_uniform_ece_10,6.31221030987556e-05,5.1946993916552055e-05,-1.1175109182203548e-05,True
3,raw_safe,42,Uncalibrated,calibration_ablation_results,val_uniform_ece_10,0.00027016200956742764,0.0003487978751086959,7.863586554126824e-05,True
3,raw_safe,52,Isotonic,calibration_ablation_results,val_uniform_ece_10,4.945165127602035e-05,2.1275498414096696e-05,-2.8176152861923653e-05,True
3,raw_safe,52,Platt,calibration_ablation_results,val_uniform_ece_10,6.413372145824635e-05,7.548599785520303e-05,1.1352276396956682e-05,True
3,raw_safe,52,Uncalibrated,calibration_ablation_results,val_uniform_ece_10,0.00035408230381036096,0.0002822989609679292,-7.178334284243176e-05,True
3,raw_safe,62,Isotonic,calibration_ablation_results,val_uniform_ece_10,3.066361627200834e-05,4.481889937098342e-05,1.4155283098975078e-05,True
3,raw_safe,62,Platt,calibration_ablation_results,val_uniform_ece_10,2.170539514043699e-05,5.777323489794795e-05,3.6067839757510964e-05,True
3,raw_safe,62,Uncalibrated,calibration_ablation_results,val_uniform_ece_10,0.00029820832640752503,0.00035090523845427525,5.2696912046750215e-05,True
3,raw_safe,72,Isotonic,calibration_ablation_results,val_uniform_ece_10,2.1812269491976803e-05,4.0161206551647636e-05,1.8348937059670833e-05,True
3,raw_safe,72,Platt,calibration_ablation_results,val_uniform_ece_10,6.085938812199134e-05,6.23538981690989e-05,1.4945100471075592e-06,True
3,raw_safe,72,Uncalibrated,calibration_ablation_results,val_uniform_ece_10,0.0003308835211308537,0.0003542725005855842,2.3388979454730483e-05,True
3,raw_safe,82,Isotonic,calibration_ablation_results,val_uniform_ece_10,3.560516824014545e-05,4.0640441863879074e-05,5.035273623733624e-06,True
3,raw_safe,82,Platt,calibration_ablation_results,val_uniform_ece_10,6.118839021609138e-05,6.295907727631499e-05,1.7706870602236064e-06,True
3,raw_safe,82,Uncalibrated,calibration_ablation_results,val_uniform_ece_10,0.0003559561151005311,0.0003377321920362635,-1.822392306426759e-05,True
3,recipient_full_weight_2,42,Isotonic,calibration_ablation_results,val_uniform_ece_10,0.0001590965873800604,5.1358728184808105e-05,-0.0001077378591952523,True
3,recipient_full_weight_2,42,Platt,calibration_ablation_results,val_uniform_ece_10,0.0001678345074866206,0.00020662623852185825,3.879173103523765e-05,True
3,recipient_full_weight_2,42,Uncalibrated,calibration_ablation_results,val_uniform_ece_10,0.001058051060864856,0.0004041076117317555,-0.0006539434491331006,True
3,recipient_full_weight_2,52,Isotonic,calibration_ablation_results,val_uniform_ece_10,0.00011019591169511,6.984877789619546e-05,-4.0347133798914546e-05,True
3,recipient_full_weight_2,52,Platt,calibration_ablation_results,val_uniform_ece_10,8.091291442760184e-05,2.924337342843646e-05,-5.166954099916538e-05,True
3,recipient_full_weight_2,52,Uncalibrated,calibration_ablation_results,val_uniform_ece_10,0.0006342179807036212,0.0003974402488955963,-0.00023677773180802496,True
3,recipient_full_weight_2,62,Isotonic,calibration_ablation_results,val_uniform_ece_10,6.131922888371766e-05,2.7135343569564122e-05,-3.418388531415354e-05,True
3,recipient_full_weight_2,62,Platt,calibration_ablation_results,val_uniform_ece_10,4.8881435344143894e-05,6.484358609982104e-05,1.596215075567714e-05,True
3,recipient_full_weight_2,62,Uncalibrated,calibration_ablation_results,val_uniform_ece_10,0.001373008824699948,0.0014467532329816093,7.374440828166124e-05,True
3,recipient_full_weight_2,72,Isotonic,calibration_ablation_results,val_uniform_ece_10,2.6321308948915266e-05,8.61269122757635e-05,5.980560332684823e-05,True
3,recipient_full_weight_2,72,Platt,calibration_ablation_results,val_uniform_ece_10,0.00017397056984803726,0.00023282451352231464,5.885394367427738e-05,True
3,recipient_full_weight_2,72,Uncalibrated,calibration_ablation_results,val_uniform_ece_10,0.0004953904339250546,0.0005061488936383336,1.075845971327898e-05,True
3,recipient_full_weight_2,82,Isotonic,calibration_ablation_results,val_uniform_ece_10,5.219905681137837e-05,2.377225927121376e-05,-2.842679754016461e-05,True
3,recipient_full_weight_2,82,Platt,calibration_ablation_results,val_uniform_ece_10,0.00015322552221971907,3.737308924045428e-05,-0.00011585243297926479,True
3,recipient_full_weight_2,82,Uncalibrated,calibration_ablation_results,val_uniform_ece_10,0.0018817507836798916,0.0009373630099660872,-0.0009443877737138044,True
1,raw_safe,42,Isotonic,calibration_ablation_results,val_uniform_nonempty_bin_count,3.0,3.0,0.0,False
1,raw_safe,42,Platt,calibration_ablation_results,val_uniform_nonempty_bin_count,2.0,2.0,0.0,False
1,raw_safe,42,Uncalibrated,calibration_ablation_results,val_uniform_nonempty_bin_count,2.0,4.0,2.0,True
1,raw_safe,52,Isotonic,calibration_ablation_results,val_uniform_nonempty_bin_count,2.0,2.0,0.0,False
1,raw_safe,52,Platt,calibration_ablation_results,val_uniform_nonempty_bin_count,2.0,2.0,0.0,False
1,raw_safe,52,Uncalibrated,calibration_ablation_results,val_uniform_nonempty_bin_count,3.0,3.0,0.0,False
1,raw_safe,62,Isotonic,calibration_ablation_results,val_uniform_nonempty_bin_count,4.0,2.0,-2.0,True
1,raw_safe,62,Platt,calibration_ablation_results,val_uniform_nonempty_bin_count,3.0,2.0,-1.0,True
1,raw_safe,62,Uncalibrated,calibration_ablation_results,val_uniform_nonempty_bin_count,4.0,4.0,0.0,False
1,raw_safe,72,Isotonic,calibration_ablation_results,val_uniform_nonempty_bin_count,2.0,2.0,0.0,False
1,raw_safe,72,Platt,calibration_ablation_results,val_uniform_nonempty_bin_count,2.0,2.0,0.0,False
1,raw_safe,72,Uncalibrated,calibration_ablation_results,val_uniform_nonempty_bin_count,2.0,4.0,2.0,True
1,raw_safe,82,Isotonic,calibration_ablation_results,val_uniform_nonempty_bin_count,3.0,1.0,-2.0,True
1,raw_safe,82,Platt,calibration_ablation_results,val_uniform_nonempty_bin_count,2.0,1.0,-1.0,True
1,raw_safe,82,Uncalibrated,calibration_ablation_results,val_uniform_nonempty_bin_count,4.0,1.0,-3.0,True
1,recipient_full_weight_2,42,Isotonic,calibration_ablation_results,val_uniform_nonempty_bin_count,2.0,2.0,0.0,False
1,recipient_full_weight_2,42,Platt,calibration_ablation_results,val_uniform_nonempty_bin_count,3.0,3.0,0.0,False
1,recipient_full_weight_2,42,Uncalibrated,calibration_ablation_results,val_uniform_nonempty_bin_count,10.0,9.0,-1.0,True
1,recipient_full_weight_2,52,Isotonic,calibration_ablation_results,val_uniform_nonempty_bin_count,4.0,2.0,-2.0,True
1,recipient_full_weight_2,52,Platt,calibration_ablation_results,val_uniform_nonempty_bin_count,5.0,4.0,-1.0,True
1,recipient_full_weight_2,52,Uncalibrated,calibration_ablation_results,val_uniform_nonempty_bin_count,9.0,10.0,1.0,True
1,recipient_full_weight_2,62,Isotonic,calibration_ablation_results,val_uniform_nonempty_bin_count,5.0,2.0,-3.0,True
1,recipient_full_weight_2,62,Platt,calibration_ablation_results,val_uniform_nonempty_bin_count,4.0,4.0,0.0,False
1,recipient_full_weight_2,62,Uncalibrated,calibration_ablation_results,val_uniform_nonempty_bin_count,10.0,9.0,-1.0,True
1,recipient_full_weight_2,72,Isotonic,calibration_ablation_results,val_uniform_nonempty_bin_count,4.0,5.0,1.0,True
1,recipient_full_weight_2,72,Platt,calibration_ablation_results,val_uniform_nonempty_bin_count,4.0,4.0,0.0,False
1,recipient_full_weight_2,72,Uncalibrated,calibration_ablation_results,val_uniform_nonempty_bin_count,10.0,8.0,-2.0,True
1,recipient_full_weight_2,82,Isotonic,calibration_ablation_results,val_uniform_nonempty_bin_count,4.0,5.0,1.0,True
1,recipient_full_weight_2,82,Platt,calibration_ablation_results,val_uniform_nonempty_bin_count,7.0,7.0,0.0,False
1,recipient_full_weight_2,82,Uncalibrated,calibration_ablation_results,val_uniform_nonempty_bin_count,10.0,10.0,0.0,False
2,raw_safe,42,Isotonic,calibration_ablation_results,val_uniform_nonempty_bin_count,4.0,4.0,0.0,False
2,raw_safe,42,Platt,calibration_ablation_results,val_uniform_nonempty_bin_count,3.0,3.0,0.0,False
2,raw_safe,42,Uncalibrated,calibration_ablation_results,val_uniform_nonempty_bin_count,5.0,4.0,-1.0,True
2,raw_safe,52,Isotonic,calibration_ablation_results,val_uniform_nonempty_bin_count,3.0,2.0,-1.0,True
2,raw_safe,52,Platt,calibration_ablation_results,val_uniform_nonempty_bin_count,6.0,2.0,-4.0,True
2,raw_safe,52,Uncalibrated,calibration_ablation_results,val_uniform_nonempty_bin_count,5.0,3.0,-2.0,True
2,raw_safe,62,Isotonic,calibration_ablation_results,val_uniform_nonempty_bin_count,3.0,3.0,0.0,False
2,raw_safe,62,Platt,calibration_ablation_results,val_uniform_nonempty_bin_count,2.0,4.0,2.0,True
2,raw_safe,62,Uncalibrated,calibration_ablation_results,val_uniform_nonempty_bin_count,3.0,4.0,1.0,True
2,raw_safe,72,Isotonic,calibration_ablation_results,val_uniform_nonempty_bin_count,2.0,4.0,2.0,True
2,raw_safe,72,Platt,calibration_ablation_results,val_uniform_nonempty_bin_count,2.0,3.0,1.0,True
2,raw_safe,72,Uncalibrated,calibration_ablation_results,val_uniform_nonempty_bin_count,4.0,4.0,0.0,False
2,raw_safe,82,Isotonic,calibration_ablation_results,val_uniform_nonempty_bin_count,3.0,3.0,0.0,False
2,raw_safe,82,Platt,calibration_ablation_results,val_uniform_nonempty_bin_count,4.0,4.0,0.0,False
2,raw_safe,82,Uncalibrated,calibration_ablation_results,val_uniform_nonempty_bin_count,4.0,6.0,2.0,True
2,recipient_full_weight_2,42,Isotonic,calibration_ablation_results,val_uniform_nonempty_bin_count,2.0,6.0,4.0,True
2,recipient_full_weight_2,42,Platt,calibration_ablation_results,val_uniform_nonempty_bin_count,2.0,8.0,6.0,True
2,recipient_full_weight_2,42,Uncalibrated,calibration_ablation_results,val_uniform_nonempty_bin_count,10.0,10.0,0.0,False
2,recipient_full_weight_2,52,Isotonic,calibration_ablation_results,val_uniform_nonempty_bin_count,3.0,3.0,0.0,False
2,recipient_full_weight_2,52,Platt,calibration_ablation_results,val_uniform_nonempty_bin_count,2.0,1.0,-1.0,True
2,recipient_full_weight_2,52,Uncalibrated,calibration_ablation_results,val_uniform_nonempty_bin_count,10.0,10.0,0.0,False
2,recipient_full_weight_2,62,Isotonic,calibration_ablation_results,val_uniform_nonempty_bin_count,1.0,4.0,3.0,True
2,recipient_full_weight_2,62,Platt,calibration_ablation_results,val_uniform_nonempty_bin_count,2.0,2.0,0.0,False
2,recipient_full_weight_2,62,Uncalibrated,calibration_ablation_results,val_uniform_nonempty_bin_count,10.0,10.0,0.0,False
2,recipient_full_weight_2,72,Isotonic,calibration_ablation_results,val_uniform_nonempty_bin_count,2.0,1.0,-1.0,True
2,recipient_full_weight_2,72,Platt,calibration_ablation_results,val_uniform_nonempty_bin_count,2.0,1.0,-1.0,True
2,recipient_full_weight_2,72,Uncalibrated,calibration_ablation_results,val_uniform_nonempty_bin_count,10.0,10.0,0.0,False
2,recipient_full_weight_2,82,Isotonic,calibration_ablation_results,val_uniform_nonempty_bin_count,3.0,2.0,-1.0,True
2,recipient_full_weight_2,82,Platt,calibration_ablation_results,val_uniform_nonempty_bin_count,5.0,2.0,-3.0,True
2,recipient_full_weight_2,82,Uncalibrated,calibration_ablation_results,val_uniform_nonempty_bin_count,10.0,10.0,0.0,False
3,raw_safe,42,Isotonic,calibration_ablation_results,val_uniform_nonempty_bin_count,3.0,4.0,1.0,True
3,raw_safe,42,Platt,calibration_ablation_results,val_uniform_nonempty_bin_count,2.0,3.0,1.0,True
3,raw_safe,42,Uncalibrated,calibration_ablation_results,val_uniform_nonempty_bin_count,3.0,3.0,0.0,False
3,raw_safe,52,Isotonic,calibration_ablation_results,val_uniform_nonempty_bin_count,5.0,3.0,-2.0,True
3,raw_safe,52,Platt,calibration_ablation_results,val_uniform_nonempty_bin_count,2.0,3.0,1.0,True
3,raw_safe,52,Uncalibrated,calibration_ablation_results,val_uniform_nonempty_bin_count,4.0,3.0,-1.0,True
3,raw_safe,62,Isotonic,calibration_ablation_results,val_uniform_nonempty_bin_count,4.0,5.0,1.0,True
3,raw_safe,62,Platt,calibration_ablation_results,val_uniform_nonempty_bin_count,3.0,2.0,-1.0,True
3,raw_safe,62,Uncalibrated,calibration_ablation_results,val_uniform_nonempty_bin_count,5.0,2.0,-3.0,True
3,raw_safe,72,Isotonic,calibration_ablation_results,val_uniform_nonempty_bin_count,3.0,5.0,2.0,True
3,raw_safe,72,Platt,calibration_ablation_results,val_uniform_nonempty_bin_count,2.0,2.0,0.0,False
3,raw_safe,72,Uncalibrated,calibration_ablation_results,val_uniform_nonempty_bin_count,3.0,3.0,0.0,False
3,raw_safe,82,Isotonic,calibration_ablation_results,val_uniform_nonempty_bin_count,4.0,4.0,0.0,False
3,raw_safe,82,Platt,calibration_ablation_results,val_uniform_nonempty_bin_count,3.0,2.0,-1.0,True
3,raw_safe,82,Uncalibrated,calibration_ablation_results,val_uniform_nonempty_bin_count,3.0,4.0,1.0,True
3,recipient_full_weight_2,42,Isotonic,calibration_ablation_results,val_uniform_nonempty_bin_count,3.0,6.0,3.0,True
3,recipient_full_weight_2,42,Platt,calibration_ablation_results,val_uniform_nonempty_bin_count,3.0,9.0,6.0,True
3,recipient_full_weight_2,42,Uncalibrated,calibration_ablation_results,val_uniform_nonempty_bin_count,10.0,10.0,0.0,False
3,recipient_full_weight_2,52,Isotonic,calibration_ablation_results,val_uniform_nonempty_bin_count,3.0,4.0,1.0,True
3,recipient_full_weight_2,52,Platt,calibration_ablation_results,val_uniform_nonempty_bin_count,6.0,5.0,-1.0,True
3,recipient_full_weight_2,52,Uncalibrated,calibration_ablation_results,val_uniform_nonempty_bin_count,9.0,9.0,0.0,False
3,recipient_full_weight_2,62,Isotonic,calibration_ablation_results,val_uniform_nonempty_bin_count,4.0,2.0,-2.0,True
3,recipient_full_weight_2,62,Platt,calibration_ablation_results,val_uniform_nonempty_bin_count,4.0,3.0,-1.0,True
3,recipient_full_weight_2,62,Uncalibrated,calibration_ablation_results,val_uniform_nonempty_bin_count,10.0,10.0,0.0,False
3,recipient_full_weight_2,72,Isotonic,calibration_ablation_results,val_uniform_nonempty_bin_count,7.0,6.0,-1.0,True
3,recipient_full_weight_2,72,Platt,calibration_ablation_results,val_uniform_nonempty_bin_count,9.0,8.0,-1.0,True
3,recipient_full_weight_2,72,Uncalibrated,calibration_ablation_results,val_uniform_nonempty_bin_count,10.0,10.0,0.0,False
3,recipient_full_weight_2,82,Isotonic,calibration_ablation_results,val_uniform_nonempty_bin_count,6.0,6.0,0.0,False
3,recipient_full_weight_2,82,Platt,calibration_ablation_results,val_uniform_nonempty_bin_count,7.0,6.0,-1.0,True
3,recipient_full_weight_2,82,Uncalibrated,calibration_ablation_results,val_uniform_nonempty_bin_count,10.0,10.0,0.0,False
1,raw_safe,42,Isotonic,calibration_ablation_results,val_uniform_empty_bin_count,7.0,7.0,0.0,False
1,raw_safe,42,Platt,calibration_ablation_results,val_uniform_empty_bin_count,8.0,8.0,0.0,False
1,raw_safe,42,Uncalibrated,calibration_ablation_results,val_uniform_empty_bin_count,8.0,6.0,-2.0,True
1,raw_safe,52,Isotonic,calibration_ablation_results,val_uniform_empty_bin_count,8.0,8.0,0.0,False
1,raw_safe,52,Platt,calibration_ablation_results,val_uniform_empty_bin_count,8.0,8.0,0.0,False
1,raw_safe,52,Uncalibrated,calibration_ablation_results,val_uniform_empty_bin_count,7.0,7.0,0.0,False
1,raw_safe,62,Isotonic,calibration_ablation_results,val_uniform_empty_bin_count,6.0,8.0,2.0,True
1,raw_safe,62,Platt,calibration_ablation_results,val_uniform_empty_bin_count,7.0,8.0,1.0,True
1,raw_safe,62,Uncalibrated,calibration_ablation_results,val_uniform_empty_bin_count,6.0,6.0,0.0,False
1,raw_safe,72,Isotonic,calibration_ablation_results,val_uniform_empty_bin_count,8.0,8.0,0.0,False
1,raw_safe,72,Platt,calibration_ablation_results,val_uniform_empty_bin_count,8.0,8.0,0.0,False
1,raw_safe,72,Uncalibrated,calibration_ablation_results,val_uniform_empty_bin_count,8.0,6.0,-2.0,True
1,raw_safe,82,Isotonic,calibration_ablation_results,val_uniform_empty_bin_count,7.0,9.0,2.0,True
1,raw_safe,82,Platt,calibration_ablation_results,val_uniform_empty_bin_count,8.0,9.0,1.0,True
1,raw_safe,82,Uncalibrated,calibration_ablation_results,val_uniform_empty_bin_count,6.0,9.0,3.0,True
1,recipient_full_weight_2,42,Isotonic,calibration_ablation_results,val_uniform_empty_bin_count,8.0,8.0,0.0,False
1,recipient_full_weight_2,42,Platt,calibration_ablation_results,val_uniform_empty_bin_count,7.0,7.0,0.0,False
1,recipient_full_weight_2,42,Uncalibrated,calibration_ablation_results,val_uniform_empty_bin_count,0.0,1.0,1.0,True
1,recipient_full_weight_2,52,Isotonic,calibration_ablation_results,val_uniform_empty_bin_count,6.0,8.0,2.0,True
1,recipient_full_weight_2,52,Platt,calibration_ablation_results,val_uniform_empty_bin_count,5.0,6.0,1.0,True
1,recipient_full_weight_2,52,Uncalibrated,calibration_ablation_results,val_uniform_empty_bin_count,1.0,0.0,-1.0,True
1,recipient_full_weight_2,62,Isotonic,calibration_ablation_results,val_uniform_empty_bin_count,5.0,8.0,3.0,True
1,recipient_full_weight_2,62,Platt,calibration_ablation_results,val_uniform_empty_bin_count,6.0,6.0,0.0,False
1,recipient_full_weight_2,62,Uncalibrated,calibration_ablation_results,val_uniform_empty_bin_count,0.0,1.0,1.0,True
1,recipient_full_weight_2,72,Isotonic,calibration_ablation_results,val_uniform_empty_bin_count,6.0,5.0,-1.0,True
1,recipient_full_weight_2,72,Platt,calibration_ablation_results,val_uniform_empty_bin_count,6.0,6.0,0.0,False
1,recipient_full_weight_2,72,Uncalibrated,calibration_ablation_results,val_uniform_empty_bin_count,0.0,2.0,2.0,True
1,recipient_full_weight_2,82,Isotonic,calibration_ablation_results,val_uniform_empty_bin_count,6.0,5.0,-1.0,True
1,recipient_full_weight_2,82,Platt,calibration_ablation_results,val_uniform_empty_bin_count,3.0,3.0,0.0,False
1,recipient_full_weight_2,82,Uncalibrated,calibration_ablation_results,val_uniform_empty_bin_count,0.0,0.0,0.0,False
2,raw_safe,42,Isotonic,calibration_ablation_results,val_uniform_empty_bin_count,6.0,6.0,0.0,False
2,raw_safe,42,Platt,calibration_ablation_results,val_uniform_empty_bin_count,7.0,7.0,0.0,False
2,raw_safe,42,Uncalibrated,calibration_ablation_results,val_uniform_empty_bin_count,5.0,6.0,1.0,True
2,raw_safe,52,Isotonic,calibration_ablation_results,val_uniform_empty_bin_count,7.0,8.0,1.0,True
2,raw_safe,52,Platt,calibration_ablation_results,val_uniform_empty_bin_count,4.0,8.0,4.0,True
2,raw_safe,52,Uncalibrated,calibration_ablation_results,val_uniform_empty_bin_count,5.0,7.0,2.0,True
2,raw_safe,62,Isotonic,calibration_ablation_results,val_uniform_empty_bin_count,7.0,7.0,0.0,False
2,raw_safe,62,Platt,calibration_ablation_results,val_uniform_empty_bin_count,8.0,6.0,-2.0,True
2,raw_safe,62,Uncalibrated,calibration_ablation_results,val_uniform_empty_bin_count,7.0,6.0,-1.0,True
2,raw_safe,72,Isotonic,calibration_ablation_results,val_uniform_empty_bin_count,8.0,6.0,-2.0,True
2,raw_safe,72,Platt,calibration_ablation_results,val_uniform_empty_bin_count,8.0,7.0,-1.0,True
2,raw_safe,72,Uncalibrated,calibration_ablation_results,val_uniform_empty_bin_count,6.0,6.0,0.0,False
2,raw_safe,82,Isotonic,calibration_ablation_results,val_uniform_empty_bin_count,7.0,7.0,0.0,False
2,raw_safe,82,Platt,calibration_ablation_results,val_uniform_empty_bin_count,6.0,6.0,0.0,False
2,raw_safe,82,Uncalibrated,calibration_ablation_results,val_uniform_empty_bin_count,6.0,4.0,-2.0,True
2,recipient_full_weight_2,42,Isotonic,calibration_ablation_results,val_uniform_empty_bin_count,8.0,4.0,-4.0,True
2,recipient_full_weight_2,42,Platt,calibration_ablation_results,val_uniform_empty_bin_count,8.0,2.0,-6.0,True
2,recipient_full_weight_2,42,Uncalibrated,calibration_ablation_results,val_uniform_empty_bin_count,0.0,0.0,0.0,False
2,recipient_full_weight_2,52,Isotonic,calibration_ablation_results,val_uniform_empty_bin_count,7.0,7.0,0.0,False
2,recipient_full_weight_2,52,Platt,calibration_ablation_results,val_uniform_empty_bin_count,8.0,9.0,1.0,True
2,recipient_full_weight_2,52,Uncalibrated,calibration_ablation_results,val_uniform_empty_bin_count,0.0,0.0,0.0,False
2,recipient_full_weight_2,62,Isotonic,calibration_ablation_results,val_uniform_empty_bin_count,9.0,6.0,-3.0,True
2,recipient_full_weight_2,62,Platt,calibration_ablation_results,val_uniform_empty_bin_count,8.0,8.0,0.0,False
2,recipient_full_weight_2,62,Uncalibrated,calibration_ablation_results,val_uniform_empty_bin_count,0.0,0.0,0.0,False
2,recipient_full_weight_2,72,Isotonic,calibration_ablation_results,val_uniform_empty_bin_count,8.0,9.0,1.0,True
2,recipient_full_weight_2,72,Platt,calibration_ablation_results,val_uniform_empty_bin_count,8.0,9.0,1.0,True
2,recipient_full_weight_2,72,Uncalibrated,calibration_ablation_results,val_uniform_empty_bin_count,0.0,0.0,0.0,False
2,recipient_full_weight_2,82,Isotonic,calibration_ablation_results,val_uniform_empty_bin_count,7.0,8.0,1.0,True
2,recipient_full_weight_2,82,Platt,calibration_ablation_results,val_uniform_empty_bin_count,5.0,8.0,3.0,True
2,recipient_full_weight_2,82,Uncalibrated,calibration_ablation_results,val_uniform_empty_bin_count,0.0,0.0,0.0,False
3,raw_safe,42,Isotonic,calibration_ablation_results,val_uniform_empty_bin_count,7.0,6.0,-1.0,True
3,raw_safe,42,Platt,calibration_ablation_results,val_uniform_empty_bin_count,8.0,7.0,-1.0,True
3,raw_safe,42,Uncalibrated,calibration_ablation_results,val_uniform_empty_bin_count,7.0,7.0,0.0,False
3,raw_safe,52,Isotonic,calibration_ablation_results,val_uniform_empty_bin_count,5.0,7.0,2.0,True
3,raw_safe,52,Platt,calibration_ablation_results,val_uniform_empty_bin_count,8.0,7.0,-1.0,True
3,raw_safe,52,Uncalibrated,calibration_ablation_results,val_uniform_empty_bin_count,6.0,7.0,1.0,True
3,raw_safe,62,Isotonic,calibration_ablation_results,val_uniform_empty_bin_count,6.0,5.0,-1.0,True
3,raw_safe,62,Platt,calibration_ablation_results,val_uniform_empty_bin_count,7.0,8.0,1.0,True
3,raw_safe,62,Uncalibrated,calibration_ablation_results,val_uniform_empty_bin_count,5.0,8.0,3.0,True
3,raw_safe,72,Isotonic,calibration_ablation_results,val_uniform_empty_bin_count,7.0,5.0,-2.0,True
3,raw_safe,72,Platt,calibration_ablation_results,val_uniform_empty_bin_count,8.0,8.0,0.0,False
3,raw_safe,72,Uncalibrated,calibration_ablation_results,val_uniform_empty_bin_count,7.0,7.0,0.0,False
3,raw_safe,82,Isotonic,calibration_ablation_results,val_uniform_empty_bin_count,6.0,6.0,0.0,False
3,raw_safe,82,Platt,calibration_ablation_results,val_uniform_empty_bin_count,7.0,8.0,1.0,True
3,raw_safe,82,Uncalibrated,calibration_ablation_results,val_uniform_empty_bin_count,7.0,6.0,-1.0,True
3,recipient_full_weight_2,42,Isotonic,calibration_ablation_results,val_uniform_empty_bin_count,7.0,4.0,-3.0,True
3,recipient_full_weight_2,42,Platt,calibration_ablation_results,val_uniform_empty_bin_count,7.0,1.0,-6.0,True
3,recipient_full_weight_2,42,Uncalibrated,calibration_ablation_results,val_uniform_empty_bin_count,0.0,0.0,0.0,False
3,recipient_full_weight_2,52,Isotonic,calibration_ablation_results,val_uniform_empty_bin_count,7.0,6.0,-1.0,True
3,recipient_full_weight_2,52,Platt,calibration_ablation_results,val_uniform_empty_bin_count,4.0,5.0,1.0,True
3,recipient_full_weight_2,52,Uncalibrated,calibration_ablation_results,val_uniform_empty_bin_count,1.0,1.0,0.0,False
3,recipient_full_weight_2,62,Isotonic,calibration_ablation_results,val_uniform_empty_bin_count,6.0,8.0,2.0,True
3,recipient_full_weight_2,62,Platt,calibration_ablation_results,val_uniform_empty_bin_count,6.0,7.0,1.0,True
3,recipient_full_weight_2,62,Uncalibrated,calibration_ablation_results,val_uniform_empty_bin_count,0.0,0.0,0.0,False
3,recipient_full_weight_2,72,Isotonic,calibration_ablation_results,val_uniform_empty_bin_count,3.0,4.0,1.0,True
3,recipient_full_weight_2,72,Platt,calibration_ablation_results,val_uniform_empty_bin_count,1.0,2.0,1.0,True
3,recipient_full_weight_2,72,Uncalibrated,calibration_ablation_results,val_uniform_empty_bin_count,0.0,0.0,0.0,False
3,recipient_full_weight_2,82,Isotonic,calibration_ablation_results,val_uniform_empty_bin_count,4.0,4.0,0.0,False
3,recipient_full_weight_2,82,Platt,calibration_ablation_results,val_uniform_empty_bin_count,3.0,4.0,1.0,True
3,recipient_full_weight_2,82,Uncalibrated,calibration_ablation_results,val_uniform_empty_bin_count,0.0,0.0,0.0,False
1,raw_safe,42,Isotonic,calibration_ablation_results,val_uniform_maximum_bin_sample_share,0.9998065898465713,0.9998488983176339,4.230847106256874e-05,True
1,raw_safe,42,Platt,calibration_ablation_results,val_uniform_maximum_bin_sample_share,0.9999274711924643,0.9999214271251696,-6.0440672946526774e-06,True
1,raw_safe,42,Uncalibrated,calibration_ablation_results,val_uniform_maximum_bin_sample_share,0.9999274711924643,0.9993744390350042,-0.0005530321574600539,True
1,raw_safe,52,Isotonic,calibration_ablation_results,val_uniform_maximum_bin_sample_share,0.9999274711924643,0.9995436729192543,-0.00038379827321000093,True
1,raw_safe,52,Platt,calibration_ablation_results,val_uniform_maximum_bin_sample_share,0.9999274711924643,0.9997491712072722,-0.00017829998519203194,True
1,raw_safe,52,Uncalibrated,calibration_ablation_results,val_uniform_maximum_bin_sample_share,0.999709884769857,0.9996796644333839,-3.0220336473152365e-05,True
1,raw_safe,62,Isotonic,calibration_ablation_results,val_uniform_maximum_bin_sample_share,0.9997521932409196,0.999924449158817,0.00017225591789737926,True
1,raw_safe,62,Platt,calibration_ablation_results,val_uniform_maximum_bin_sample_share,0.9997521932409196,0.999924449158817,0.00017225591789737926,True
1,raw_safe,62,Uncalibrated,calibration_ablation_results,val_uniform_maximum_bin_sample_share,0.9993623509004149,0.9992565797227586,-0.00010577117765631083,True
1,raw_safe,72,Isotonic,calibration_ablation_results,val_uniform_maximum_bin_sample_share,0.9999274711924643,0.9998700525531651,-5.7418639299200436e-05,True
1,raw_safe,72,Platt,calibration_ablation_results,val_uniform_maximum_bin_sample_share,0.9999274711924643,0.9998700525531651,-5.7418639299200436e-05,True
1,raw_safe,72,Uncalibrated,calibration_ablation_results,val_uniform_maximum_bin_sample_share,0.9999274711924643,0.9994076814051248,-0.0005197897873394641,True
1,raw_safe,82,Isotonic,calibration_ablation_results,val_uniform_maximum_bin_sample_share,0.9998549423849286,1.0,0.00014505761507144221,True
1,raw_safe,82,Platt,calibration_ablation_results,val_uniform_maximum_bin_sample_share,0.999924449158817,1.0,7.555084118304745e-05,True
1,raw_safe,82,Uncalibrated,calibration_ablation_results,val_uniform_maximum_bin_sample_share,0.999419769539714,1.0,0.0005802304602859909,True
1,recipient_full_weight_2,42,Isotonic,calibration_ablation_results,val_uniform_maximum_bin_sample_share,0.9989845966944996,0.9991296543095711,0.00014505761507155324,True
1,recipient_full_weight_2,42,Platt,calibration_ablation_results,val_uniform_maximum_bin_sample_share,0.9991205882086291,0.9993019102274685,0.00018132201883935828,True
1,recipient_full_weight_2,42,Uncalibrated,calibration_ablation_results,val_uniform_maximum_bin_sample_share,0.997564240880258,0.998501071310928,0.0009368304306700548,True
1,recipient_full_weight_2,52,Isotonic,calibration_ablation_results,val_uniform_maximum_bin_sample_share,0.9994046593714775,0.9996554881642052,0.00025082879272775305,True
1,recipient_full_weight_2,52,Platt,calibration_ablation_results,val_uniform_maximum_bin_sample_share,0.999700818668915,0.9992052051507542,-0.0004956135181608534,True
1,recipient_full_weight_2,52,Uncalibrated,calibration_ablation_results,val_uniform_maximum_bin_sample_share,0.997836223908517,0.9982804628546734,0.0004442389461564167,True
1,recipient_full_weight_2,62,Isotonic,calibration_ablation_results,val_uniform_maximum_bin_sample_share,0.9994681220780712,0.9997763695100981,0.00030824743202684246,True
1,recipient_full_weight_2,62,Platt,calibration_ablation_results,val_uniform_maximum_bin_sample_share,0.9996736203660892,0.9997310390053883,5.7418639299089413e-05,True
1,recipient_full_weight_2,62,Uncalibrated,calibration_ablation_results,val_uniform_maximum_bin_sample_share,0.9985524458829325,0.9992384475208747,0.0006860016379421907,True
1,recipient_full_weight_2,72,Isotonic,calibration_ablation_results,val_uniform_maximum_bin_sample_share,0.9994530119098346,0.9997431271399776,0.00029011523014299545,True
1,recipient_full_weight_2,72,Platt,calibration_ablation_results,val_uniform_maximum_bin_sample_share,0.9997370830726829,0.9997824135773927,4.533050470978406e-05,True
1,recipient_full_weight_2,72,Uncalibrated,calibration_ablation_results,val_uniform_maximum_bin_sample_share,0.9993955932705355,0.9995074085154864,0.00011181524495085249,True
1,recipient_full_weight_2,82,Isotonic,calibration_ablation_results,val_uniform_maximum_bin_sample_share,0.9992626237900533,0.9994802102126605,0.00021758642260727434,True
1,recipient_full_weight_2,82,Platt,calibration_ablation_results,val_uniform_maximum_bin_sample_share,0.9997824135773927,0.9996282898613793,-0.00015412371601342123,True
1,recipient_full_weight_2,82,Uncalibrated,calibration_ablation_results,val_uniform_maximum_bin_sample_share,0.9991780068479282,0.9981505154078385,-0.001027491440089734,True
2,raw_safe,42,Isotonic,calibration_ablation_results,val_uniform_maximum_bin_sample_share,0.9998060188707267,0.999827235556741,2.1216686014291497e-05,True
2,raw_safe,42,Platt,calibration_ablation_results,val_uniform_maximum_bin_sample_share,0.9998242046015962,0.9998060188707267,-1.8185730869424432e-05,True
2,raw_safe,42,Uncalibrated,calibration_ablation_results,val_uniform_maximum_bin_sample_share,0.9995726353245699,0.9998060188707267,0.0002333835461568734,True
2,raw_safe,52,Isotonic,calibration_ablation_results,val_uniform_maximum_bin_sample_share,0.9998726998839145,0.9998514831979002,-2.1216686014291497e-05,True
2,raw_safe,52,Platt,calibration_ablation_results,val_uniform_maximum_bin_sample_share,0.9998393593773206,0.9998514831979002,1.212382057957928e-05,True
2,raw_safe,52,Uncalibrated,calibration_ablation_results,val_uniform_maximum_bin_sample_share,0.9995786972348596,0.9998332974670308,0.0002546002321711649,True
2,raw_safe,62,Isotonic,calibration_ablation_results,val_uniform_maximum_bin_sample_share,0.9998181426913063,0.9998605760633349,4.2433372028582994e-05,True
2,raw_safe,62,Platt,calibration_ablation_results,val_uniform_maximum_bin_sample_share,0.9998757308390593,0.9998605760633349,-1.5154775724446345e-05,True
2,raw_safe,62,Uncalibrated,calibration_ablation_results,val_uniform_maximum_bin_sample_share,0.9998181426913063,0.9994847376253679,-0.0003334050659383747,True
2,raw_safe,72,Isotonic,calibration_ablation_results,val_uniform_maximum_bin_sample_share,0.9998605760633349,0.9998060188707267,-5.4557192608162275e-05,True
2,raw_safe,72,Platt,calibration_ablation_results,val_uniform_maximum_bin_sample_share,0.9998605760633349,0.999854514153045,-6.0619102898451516e-06,True
2,raw_safe,72,Uncalibrated,calibration_ablation_results,val_uniform_maximum_bin_sample_share,0.9998181426913063,0.9998060188707267,-1.212382057957928e-05,True
2,raw_safe,82,Isotonic,calibration_ablation_results,val_uniform_maximum_bin_sample_share,0.9998605760633349,0.9998757308390593,1.5154775724446345e-05,True
2,raw_safe,82,Platt,calibration_ablation_results,val_uniform_maximum_bin_sample_share,0.9998302665118859,0.9998332974670308,3.0309551448670646e-06,True
2,raw_safe,82,Uncalibrated,calibration_ablation_results,val_uniform_maximum_bin_sample_share,0.9993483446438476,0.999799956960437,0.0004516123165894115,True
2,recipient_full_weight_2,42,Isotonic,calibration_ablation_results,val_uniform_maximum_bin_sample_share,0.997635854986982,0.9996211306068882,0.001985275619906135,True
2,recipient_full_weight_2,42,Platt,calibration_ablation_results,val_uniform_maximum_bin_sample_share,0.9980086624698041,0.9992119516623273,0.0012032891925232159,True
2,recipient_full_weight_2,42,Uncalibrated,calibration_ablation_results,val_uniform_maximum_bin_sample_share,0.997635854986982,0.9927317695625423,-0.004904085424439764,True
2,recipient_full_weight_2,52,Isotonic,calibration_ablation_results,val_uniform_maximum_bin_sample_share,0.9991786111557335,0.998648194005377,-0.0005304171503565103,True
2,recipient_full_weight_2,52,Platt,calibration_ablation_results,val_uniform_maximum_bin_sample_share,0.9978843933088635,1.0,0.002115606691136529,True
2,recipient_full_weight_2,52,Uncalibrated,calibration_ablation_results,val_uniform_maximum_bin_sample_share,0.9893552855311294,0.9879822628504921,-0.0013730226806373258,True
2,recipient_full_weight_2,62,Isotonic,calibration_ablation_results,val_uniform_maximum_bin_sample_share,1.0,0.9992634778997905,-0.0007365221002094691,True
2,recipient_full_weight_2,62,Platt,calibration_ablation_results,val_uniform_maximum_bin_sample_share,0.9937410776257922,0.9949201191771563,0.0011790415513640573,True
2,recipient_full_weight_2,62,Uncalibrated,calibration_ablation_results,val_uniform_maximum_bin_sample_share,0.9917648948713208,0.9933894868289844,0.0016245919576636236,True
2,recipient_full_weight_2,72,Isotonic,calibration_ablation_results,val_uniform_maximum_bin_sample_share,0.9949958930557786,1.0,0.005004106944221376,True
2,recipient_full_weight_2,72,Platt,calibration_ablation_results,val_uniform_maximum_bin_sample_share,0.9954323505966435,1.0,0.004567649403356522,True
2,recipient_full_weight_2,72,Uncalibrated,calibration_ablation_results,val_uniform_maximum_bin_sample_share,0.9911981062592254,0.9881883678003449,-0.0030097384588805287,True
2,recipient_full_weight_2,82,Isotonic,calibration_ablation_results,val_uniform_maximum_bin_sample_share,0.9993968399261659,0.998733060749434,-0.0006637791767318824,True
2,recipient_full_weight_2,82,Platt,calibration_ablation_results,val_uniform_maximum_bin_sample_share,0.9994362423430496,0.9988300513140707,-0.000606191028978964,True
2,recipient_full_weight_2,82,Uncalibrated,calibration_ablation_results,val_uniform_maximum_bin_sample_share,0.9941926899423815,0.9931803509239867,-0.0010123390183948144,True
3,raw_safe,42,Isotonic,calibration_ablation_results,val_uniform_maximum_bin_sample_share,0.9997538581985979,0.999783513837321,2.965563872314725e-05,True
3,raw_safe,42,Platt,calibration_ablation_results,val_uniform_maximum_bin_sample_share,0.9998131694760442,0.9998131694760442,0.0,False
3,raw_safe,42,Uncalibrated,calibration_ablation_results,val_uniform_maximum_bin_sample_share,0.999783513837321,0.999783513837321,0.0,False
3,raw_safe,52,Isotonic,calibration_ablation_results,val_uniform_maximum_bin_sample_share,0.9997479270708532,0.9997805482734488,3.262120259550638e-05,True
3,raw_safe,52,Platt,calibration_ablation_results,val_uniform_maximum_bin_sample_share,0.9998102039121719,0.9998131694760442,2.9655638722481115e-06,True
3,raw_safe,52,Uncalibrated,calibration_ablation_results,val_uniform_maximum_bin_sample_share,0.9997479270708532,0.9997805482734488,3.262120259550638e-05,True
3,raw_safe,62,Isotonic,calibration_ablation_results,val_uniform_maximum_bin_sample_share,0.9996767535379177,0.9996144766965991,-6.227684131865363e-05,True
3,raw_safe,62,Platt,calibration_ablation_results,val_uniform_maximum_bin_sample_share,0.9998546873702566,0.9998131694760442,-4.151789421247276e-05,True
3,raw_safe,62,Uncalibrated,calibration_ablation_results,val_uniform_maximum_bin_sample_share,0.9998013072205549,0.9998131694760442,1.186225548921449e-05,True
3,raw_safe,72,Isotonic,calibration_ablation_results,val_uniform_maximum_bin_sample_share,0.9997508926347256,0.9997864794011934,3.5586766467754494e-05,True
3,raw_safe,72,Platt,calibration_ablation_results,val_uniform_maximum_bin_sample_share,0.9998131694760442,0.9998131694760442,0.0,False
3,raw_safe,72,Uncalibrated,calibration_ablation_results,val_uniform_maximum_bin_sample_share,0.9997805482734488,0.9997864794011934,5.931127744607245e-06,True
3,raw_safe,82,Isotonic,calibration_ablation_results,val_uniform_maximum_bin_sample_share,0.9996055800049821,0.999783513837321,0.0001779338323388835,True
3,raw_safe,82,Platt,calibration_ablation_results,val_uniform_maximum_bin_sample_share,0.9997953760928103,0.9998131694760442,1.7793383233821736e-05,True
3,raw_safe,82,Uncalibrated,calibration_ablation_results,val_uniform_maximum_bin_sample_share,0.9997686860179594,0.9997568237624702,-1.186225548921449e-05,True
3,recipient_full_weight_2,42,Isotonic,calibration_ablation_results,val_uniform_maximum_bin_sample_share,0.9987396353542662,0.9991844699351135,0.0004448345808472087,True
3,recipient_full_weight_2,42,Platt,calibration_ablation_results,val_uniform_maximum_bin_sample_share,0.9991785388073688,0.9995373720359189,0.0003588332285500151,True
3,recipient_full_weight_2,42,Uncalibrated,calibration_ablation_results,val_uniform_maximum_bin_sample_share,0.9975800998801913,0.9990806751995824,0.0015005753193911842,True
3,recipient_full_weight_2,52,Isotonic,calibration_ablation_results,val_uniform_maximum_bin_sample_share,0.9992467467764321,0.999415783917154,0.0001690371407219171,True
3,recipient_full_weight_2,52,Platt,calibration_ablation_results,val_uniform_maximum_bin_sample_share,0.9992615745957937,0.9995255097804296,0.0002639351846359661,True
3,recipient_full_weight_2,52,Uncalibrated,calibration_ablation_results,val_uniform_maximum_bin_sample_share,0.998615081671629,0.9988434300897973,0.0002283484181682116,True
3,recipient_full_weight_2,62,Isotonic,calibration_ablation_results,val_uniform_maximum_bin_sample_share,0.9995492342914082,0.998567632649672,-0.0009816016417362183,True
3,recipient_full_weight_2,62,Platt,calibration_ablation_results,val_uniform_maximum_bin_sample_share,0.9995610965468974,0.9987010830239261,-0.0008600135229712702,True
3,recipient_full_weight_2,62,Uncalibrated,calibration_ablation_results,val_uniform_maximum_bin_sample_share,0.9973398892065337,0.9979152085977627,0.0005753193912290122,True
3,recipient_full_weight_2,72,Isotonic,calibration_ablation_results,val_uniform_maximum_bin_sample_share,0.9993090236177506,0.999095503018944,-0.00021352059880663798,True
3,recipient_full_weight_2,72,Platt,calibration_ablation_results,val_uniform_maximum_bin_sample_share,0.9994573018113664,0.9995640621107698,0.0001067602994033745,True
3,recipient_full_weight_2,72,Uncalibrated,calibration_ablation_results,val_uniform_maximum_bin_sample_share,0.9987070141516708,0.9988463956536696,0.00013938150199876986,True
3,recipient_full_weight_2,82,Isotonic,calibration_ablation_results,val_uniform_maximum_bin_sample_share,0.999567027674642,0.9995403375997912,-2.6690074850788115e-05,True
3,recipient_full_weight_2,82,Platt,calibration_ablation_results,val_uniform_maximum_bin_sample_share,0.9987544631736278,0.999567027674642,0.0008125645010141902,True
3,recipient_full_weight_2,82,Uncalibrated,calibration_ablation_results,val_uniform_maximum_bin_sample_share,0.9965332558332641,0.9977313436376792,0.0011980878044151044,True
1,raw_safe,42,Isotonic,calibration_ablation_results,val_uniform_minimum_nonempty_bin_sample_count,24.0,24.0,0.0,False
1,raw_safe,42,Platt,calibration_ablation_results,val_uniform_minimum_nonempty_bin_sample_count,24.0,26.0,2.0,True
1,raw_safe,42,Uncalibrated,calibration_ablation_results,val_uniform_minimum_nonempty_bin_sample_count,24.0,24.0,0.0,False
1,raw_safe,52,Isotonic,calibration_ablation_results,val_uniform_minimum_nonempty_bin_sample_count,24.0,151.0,127.0,True
1,raw_safe,52,Platt,calibration_ablation_results,val_uniform_minimum_nonempty_bin_sample_count,24.0,83.0,59.0,True
1,raw_safe,52,Uncalibrated,calibration_ablation_results,val_uniform_minimum_nonempty_bin_sample_count,24.0,23.0,-1.0,True
1,raw_safe,62,Isotonic,calibration_ablation_results,val_uniform_minimum_nonempty_bin_sample_count,19.0,25.0,6.0,True
1,raw_safe,62,Platt,calibration_ablation_results,val_uniform_minimum_nonempty_bin_sample_count,24.0,25.0,1.0,True
1,raw_safe,62,Uncalibrated,calibration_ablation_results,val_uniform_minimum_nonempty_bin_sample_count,39.0,25.0,-14.0,True
1,raw_safe,72,Isotonic,calibration_ablation_results,val_uniform_minimum_nonempty_bin_sample_count,24.0,43.0,19.0,True
1,raw_safe,72,Platt,calibration_ablation_results,val_uniform_minimum_nonempty_bin_sample_count,24.0,43.0,19.0,True
1,raw_safe,72,Uncalibrated,calibration_ablation_results,val_uniform_minimum_nonempty_bin_sample_count,24.0,43.0,19.0,True
1,raw_safe,82,Isotonic,calibration_ablation_results,val_uniform_minimum_nonempty_bin_sample_count,23.0,330903.0,330880.0,True
1,raw_safe,82,Platt,calibration_ablation_results,val_uniform_minimum_nonempty_bin_sample_count,25.0,330903.0,330878.0,True
1,raw_safe,82,Uncalibrated,calibration_ablation_results,val_uniform_minimum_nonempty_bin_sample_count,23.0,330903.0,330880.0,True
1,recipient_full_weight_2,42,Isotonic,calibration_ablation_results,val_uniform_minimum_nonempty_bin_sample_count,336.0,288.0,-48.0,True
1,recipient_full_weight_2,42,Platt,calibration_ablation_results,val_uniform_minimum_nonempty_bin_sample_count,12.0,4.0,-8.0,True
1,recipient_full_weight_2,42,Uncalibrated,calibration_ablation_results,val_uniform_minimum_nonempty_bin_sample_count,18.0,2.0,-16.0,True
1,recipient_full_weight_2,52,Isotonic,calibration_ablation_results,val_uniform_minimum_nonempty_bin_sample_count,1.0,114.0,113.0,True
1,recipient_full_weight_2,52,Platt,calibration_ablation_results,val_uniform_minimum_nonempty_bin_sample_count,1.0,4.0,3.0,True
1,recipient_full_weight_2,52,Uncalibrated,calibration_ablation_results,val_uniform_minimum_nonempty_bin_sample_count,4.0,3.0,-1.0,True
1,recipient_full_weight_2,62,Isotonic,calibration_ablation_results,val_uniform_minimum_nonempty_bin_sample_count,3.0,74.0,71.0,True
1,recipient_full_weight_2,62,Platt,calibration_ablation_results,val_uniform_minimum_nonempty_bin_sample_count,1.0,3.0,2.0,True
1,recipient_full_weight_2,62,Uncalibrated,calibration_ablation_results,val_uniform_minimum_nonempty_bin_sample_count,1.0,2.0,1.0,True
1,recipient_full_weight_2,72,Isotonic,calibration_ablation_results,val_uniform_minimum_nonempty_bin_sample_count,3.0,1.0,-2.0,True
1,recipient_full_weight_2,72,Platt,calibration_ablation_results,val_uniform_minimum_nonempty_bin_sample_count,1.0,2.0,1.0,True
1,recipient_full_weight_2,72,Uncalibrated,calibration_ablation_results,val_uniform_minimum_nonempty_bin_sample_count,1.0,1.0,0.0,False
1,recipient_full_weight_2,82,Isotonic,calibration_ablation_results,val_uniform_minimum_nonempty_bin_sample_count,1.0,1.0,0.0,False
1,recipient_full_weight_2,82,Platt,calibration_ablation_results,val_uniform_minimum_nonempty_bin_sample_count,1.0,5.0,4.0,True
1,recipient_full_weight_2,82,Uncalibrated,calibration_ablation_results,val_uniform_minimum_nonempty_bin_sample_count,2.0,10.0,8.0,True
2,raw_safe,42,Isotonic,calibration_ablation_results,val_uniform_minimum_nonempty_bin_sample_count,5.0,5.0,0.0,False
2,raw_safe,42,Platt,calibration_ablation_results,val_uniform_minimum_nonempty_bin_sample_count,18.0,18.0,0.0,False
2,raw_safe,42,Uncalibrated,calibration_ablation_results,val_uniform_minimum_nonempty_bin_sample_count,6.0,7.0,1.0,True
2,raw_safe,52,Isotonic,calibration_ablation_results,val_uniform_minimum_nonempty_bin_sample_count,4.0,49.0,45.0,True
2,raw_safe,52,Platt,calibration_ablation_results,val_uniform_minimum_nonempty_bin_sample_count,4.0,49.0,45.0,True
2,raw_safe,52,Uncalibrated,calibration_ablation_results,val_uniform_minimum_nonempty_bin_sample_count,7.0,6.0,-1.0,True
2,raw_safe,62,Isotonic,calibration_ablation_results,val_uniform_minimum_nonempty_bin_sample_count,19.0,8.0,-11.0,True
2,raw_safe,62,Platt,calibration_ablation_results,val_uniform_minimum_nonempty_bin_sample_count,41.0,4.0,-37.0,True
2,raw_safe,62,Uncalibrated,calibration_ablation_results,val_uniform_minimum_nonempty_bin_sample_count,19.0,41.0,22.0,True
2,raw_safe,72,Isotonic,calibration_ablation_results,val_uniform_minimum_nonempty_bin_sample_count,46.0,11.0,-35.0,True
2,raw_safe,72,Platt,calibration_ablation_results,val_uniform_minimum_nonempty_bin_sample_count,46.0,7.0,-39.0,True
2,raw_safe,72,Uncalibrated,calibration_ablation_results,val_uniform_minimum_nonempty_bin_sample_count,3.0,7.0,4.0,True
2,raw_safe,82,Isotonic,calibration_ablation_results,val_uniform_minimum_nonempty_bin_sample_count,5.0,5.0,0.0,False
2,raw_safe,82,Platt,calibration_ablation_results,val_uniform_minimum_nonempty_bin_sample_count,5.0,11.0,6.0,True
2,raw_safe,82,Uncalibrated,calibration_ablation_results,val_uniform_minimum_nonempty_bin_sample_count,10.0,3.0,-7.0,True
2,recipient_full_weight_2,42,Isotonic,calibration_ablation_results,val_uniform_minimum_nonempty_bin_sample_count,780.0,1.0,-779.0,True
2,recipient_full_weight_2,42,Platt,calibration_ablation_results,val_uniform_minimum_nonempty_bin_sample_count,657.0,3.0,-654.0,True
2,recipient_full_weight_2,42,Uncalibrated,calibration_ablation_results,val_uniform_minimum_nonempty_bin_sample_count,2.0,10.0,8.0,True
2,recipient_full_weight_2,52,Isotonic,calibration_ablation_results,val_uniform_minimum_nonempty_bin_sample_count,1.0,169.0,168.0,True
2,recipient_full_weight_2,52,Platt,calibration_ablation_results,val_uniform_minimum_nonempty_bin_sample_count,698.0,329929.0,329231.0,True
2,recipient_full_weight_2,52,Uncalibrated,calibration_ablation_results,val_uniform_minimum_nonempty_bin_sample_count,2.0,5.0,3.0,True
2,recipient_full_weight_2,62,Isotonic,calibration_ablation_results,val_uniform_minimum_nonempty_bin_sample_count,329929.0,1.0,-329928.0,True
2,recipient_full_weight_2,62,Platt,calibration_ablation_results,val_uniform_minimum_nonempty_bin_sample_count,2065.0,1676.0,-389.0,True
2,recipient_full_weight_2,62,Uncalibrated,calibration_ablation_results,val_uniform_minimum_nonempty_bin_sample_count,1.0,1.0,0.0,False
2,recipient_full_weight_2,72,Isotonic,calibration_ablation_results,val_uniform_minimum_nonempty_bin_sample_count,1651.0,329929.0,328278.0,True
2,recipient_full_weight_2,72,Platt,calibration_ablation_results,val_uniform_minimum_nonempty_bin_sample_count,1507.0,329929.0,328422.0,True
2,recipient_full_weight_2,72,Uncalibrated,calibration_ablation_results,val_uniform_minimum_nonempty_bin_sample_count,13.0,50.0,37.0,True
2,recipient_full_weight_2,82,Isotonic,calibration_ablation_results,val_uniform_minimum_nonempty_bin_sample_count,86.0,418.0,332.0,True
2,recipient_full_weight_2,82,Platt,calibration_ablation_results,val_uniform_minimum_nonempty_bin_sample_count,19.0,386.0,367.0,True
2,recipient_full_weight_2,82,Uncalibrated,calibration_ablation_results,val_uniform_minimum_nonempty_bin_sample_count,11.0,12.0,1.0,True
3,raw_safe,42,Isotonic,calibration_ablation_results,val_uniform_minimum_nonempty_bin_sample_count,20.0,10.0,-10.0,True
3,raw_safe,42,Platt,calibration_ablation_results,val_uniform_minimum_nonempty_bin_sample_count,63.0,9.0,-54.0,True
3,raw_safe,42,Uncalibrated,calibration_ablation_results,val_uniform_minimum_nonempty_bin_sample_count,10.0,10.0,0.0,False
3,raw_safe,52,Isotonic,calibration_ablation_results,val_uniform_minimum_nonempty_bin_sample_count,8.0,11.0,3.0,True
3,raw_safe,52,Platt,calibration_ablation_results,val_uniform_minimum_nonempty_bin_sample_count,64.0,30.0,-34.0,True
3,raw_safe,52,Uncalibrated,calibration_ablation_results,val_uniform_minimum_nonempty_bin_sample_count,10.0,11.0,1.0,True
3,raw_safe,62,Isotonic,calibration_ablation_results,val_uniform_minimum_nonempty_bin_sample_count,9.0,9.0,0.0,False
3,raw_safe,62,Platt,calibration_ablation_results,val_uniform_minimum_nonempty_bin_sample_count,9.0,63.0,54.0,True
3,raw_safe,62,Uncalibrated,calibration_ablation_results,val_uniform_minimum_nonempty_bin_sample_count,8.0,63.0,55.0,True
3,raw_safe,72,Isotonic,calibration_ablation_results,val_uniform_minimum_nonempty_bin_sample_count,21.0,6.0,-15.0,True
3,raw_safe,72,Platt,calibration_ablation_results,val_uniform_minimum_nonempty_bin_sample_count,63.0,63.0,0.0,False
3,raw_safe,72,Uncalibrated,calibration_ablation_results,val_uniform_minimum_nonempty_bin_sample_count,11.0,9.0,-2.0,True
3,raw_safe,82,Isotonic,calibration_ablation_results,val_uniform_minimum_nonempty_bin_sample_count,6.0,7.0,1.0,True
3,raw_safe,82,Platt,calibration_ablation_results,val_uniform_minimum_nonempty_bin_sample_count,6.0,63.0,57.0,True
3,raw_safe,82,Uncalibrated,calibration_ablation_results,val_uniform_minimum_nonempty_bin_sample_count,9.0,9.0,0.0,False
3,recipient_full_weight_2,42,Isotonic,calibration_ablation_results,val_uniform_minimum_nonempty_bin_sample_count,42.0,1.0,-41.0,True
3,recipient_full_weight_2,42,Platt,calibration_ablation_results,val_uniform_minimum_nonempty_bin_sample_count,8.0,1.0,-7.0,True
3,recipient_full_weight_2,42,Uncalibrated,calibration_ablation_results,val_uniform_minimum_nonempty_bin_sample_count,9.0,4.0,-5.0,True
3,recipient_full_weight_2,52,Isotonic,calibration_ablation_results,val_uniform_minimum_nonempty_bin_sample_count,28.0,11.0,-17.0,True
3,recipient_full_weight_2,52,Platt,calibration_ablation_results,val_uniform_minimum_nonempty_bin_sample_count,1.0,3.0,2.0,True
3,recipient_full_weight_2,52,Uncalibrated,calibration_ablation_results,val_uniform_minimum_nonempty_bin_sample_count,1.0,1.0,0.0,False
3,recipient_full_weight_2,62,Isotonic,calibration_ablation_results,val_uniform_minimum_nonempty_bin_sample_count,5.0,483.0,478.0,True
3,recipient_full_weight_2,62,Platt,calibration_ablation_results,val_uniform_minimum_nonempty_bin_sample_count,1.0,1.0,0.0,False
3,recipient_full_weight_2,62,Uncalibrated,calibration_ablation_results,val_uniform_minimum_nonempty_bin_sample_count,4.0,1.0,-3.0,True
3,recipient_full_weight_2,72,Isotonic,calibration_ablation_results,val_uniform_minimum_nonempty_bin_sample_count,1.0,10.0,9.0,True
3,recipient_full_weight_2,72,Platt,calibration_ablation_results,val_uniform_minimum_nonempty_bin_sample_count,1.0,1.0,0.0,False
3,recipient_full_weight_2,72,Uncalibrated,calibration_ablation_results,val_uniform_minimum_nonempty_bin_sample_count,2.0,12.0,10.0,True
3,recipient_full_weight_2,82,Isotonic,calibration_ablation_results,val_uniform_minimum_nonempty_bin_sample_count,1.0,2.0,1.0,True
3,recipient_full_weight_2,82,Platt,calibration_ablation_results,val_uniform_minimum_nonempty_bin_sample_count,1.0,2.0,1.0,True
3,recipient_full_weight_2,82,Uncalibrated,calibration_ablation_results,val_uniform_minimum_nonempty_bin_sample_count,7.0,7.0,0.0,False
1,raw_safe,42,Isotonic,calibration_ablation_results,val_uniform_maximum_bin_sample_count,330839.0,330853.0,14.0,True
1,raw_safe,42,Platt,calibration_ablation_results,val_uniform_maximum_bin_sample_count,330879.0,330877.0,-2.0,True
1,raw_safe,42,Uncalibrated,calibration_ablation_results,val_uniform_maximum_bin_sample_count,330879.0,330696.0,-183.0,True
1,raw_safe,52,Isotonic,calibration_ablation_results,val_uniform_maximum_bin_sample_count,330879.0,330752.0,-127.0,True
1,raw_safe,52,Platt,calibration_ablation_results,val_uniform_maximum_bin_sample_count,330879.0,330820.0,-59.0,True
1,raw_safe,52,Uncalibrated,calibration_ablation_results,val_uniform_maximum_bin_sample_count,330807.0,330797.0,-10.0,True
1,raw_safe,62,Isotonic,calibration_ablation_results,val_uniform_maximum_bin_sample_count,330821.0,330878.0,57.0,True
1,raw_safe,62,Platt,calibration_ablation_results,val_uniform_maximum_bin_sample_count,330821.0,330878.0,57.0,True
1,raw_safe,62,Uncalibrated,calibration_ablation_results,val_uniform_maximum_bin_sample_count,330692.0,330657.0,-35.0,True
1,raw_safe,72,Isotonic,calibration_ablation_results,val_uniform_maximum_bin_sample_count,330879.0,330860.0,-19.0,True
1,raw_safe,72,Platt,calibration_ablation_results,val_uniform_maximum_bin_sample_count,330879.0,330860.0,-19.0,True
1,raw_safe,72,Uncalibrated,calibration_ablation_results,val_uniform_maximum_bin_sample_count,330879.0,330707.0,-172.0,True
1,raw_safe,82,Isotonic,calibration_ablation_results,val_uniform_maximum_bin_sample_count,330855.0,330903.0,48.0,True
1,raw_safe,82,Platt,calibration_ablation_results,val_uniform_maximum_bin_sample_count,330878.0,330903.0,25.0,True
1,raw_safe,82,Uncalibrated,calibration_ablation_results,val_uniform_maximum_bin_sample_count,330711.0,330903.0,192.0,True
1,recipient_full_weight_2,42,Isotonic,calibration_ablation_results,val_uniform_maximum_bin_sample_count,330567.0,330615.0,48.0,True
1,recipient_full_weight_2,42,Platt,calibration_ablation_results,val_uniform_maximum_bin_sample_count,330612.0,330672.0,60.0,True
1,recipient_full_weight_2,42,Uncalibrated,calibration_ablation_results,val_uniform_maximum_bin_sample_count,330097.0,330407.0,310.0,True
1,recipient_full_weight_2,52,Isotonic,calibration_ablation_results,val_uniform_maximum_bin_sample_count,330706.0,330789.0,83.0,True
1,recipient_full_weight_2,52,Platt,calibration_ablation_results,val_uniform_maximum_bin_sample_count,330804.0,330640.0,-164.0,True
1,recipient_full_weight_2,52,Uncalibrated,calibration_ablation_results,val_uniform_maximum_bin_sample_count,330187.0,330334.0,147.0,True
1,recipient_full_weight_2,62,Isotonic,calibration_ablation_results,val_uniform_maximum_bin_sample_count,330727.0,330829.0,102.0,True
1,recipient_full_weight_2,62,Platt,calibration_ablation_results,val_uniform_maximum_bin_sample_count,330795.0,330814.0,19.0,True
1,recipient_full_weight_2,62,Uncalibrated,calibration_ablation_results,val_uniform_maximum_bin_sample_count,330424.0,330651.0,227.0,True
1,recipient_full_weight_2,72,Isotonic,calibration_ablation_results,val_uniform_maximum_bin_sample_count,330722.0,330818.0,96.0,True
1,recipient_full_weight_2,72,Platt,calibration_ablation_results,val_uniform_maximum_bin_sample_count,330816.0,330831.0,15.0,True
1,recipient_full_weight_2,72,Uncalibrated,calibration_ablation_results,val_uniform_maximum_bin_sample_count,330703.0,330740.0,37.0,True
1,recipient_full_weight_2,82,Isotonic,calibration_ablation_results,val_uniform_maximum_bin_sample_count,330659.0,330731.0,72.0,True
1,recipient_full_weight_2,82,Platt,calibration_ablation_results,val_uniform_maximum_bin_sample_count,330831.0,330780.0,-51.0,True
1,recipient_full_weight_2,82,Uncalibrated,calibration_ablation_results,val_uniform_maximum_bin_sample_count,330631.0,330291.0,-340.0,True
2,raw_safe,42,Isotonic,calibration_ablation_results,val_uniform_maximum_bin_sample_count,329865.0,329872.0,7.0,True
2,raw_safe,42,Platt,calibration_ablation_results,val_uniform_maximum_bin_sample_count,329871.0,329865.0,-6.0,True
2,raw_safe,42,Uncalibrated,calibration_ablation_results,val_uniform_maximum_bin_sample_count,329788.0,329865.0,77.0,True
2,raw_safe,52,Isotonic,calibration_ablation_results,val_uniform_maximum_bin_sample_count,329887.0,329880.0,-7.0,True
2,raw_safe,52,Platt,calibration_ablation_results,val_uniform_maximum_bin_sample_count,329876.0,329880.0,4.0,True
2,raw_safe,52,Uncalibrated,calibration_ablation_results,val_uniform_maximum_bin_sample_count,329790.0,329874.0,84.0,True
2,raw_safe,62,Isotonic,calibration_ablation_results,val_uniform_maximum_bin_sample_count,329869.0,329883.0,14.0,True
2,raw_safe,62,Platt,calibration_ablation_results,val_uniform_maximum_bin_sample_count,329888.0,329883.0,-5.0,True
2,raw_safe,62,Uncalibrated,calibration_ablation_results,val_uniform_maximum_bin_sample_count,329869.0,329759.0,-110.0,True
2,raw_safe,72,Isotonic,calibration_ablation_results,val_uniform_maximum_bin_sample_count,329883.0,329865.0,-18.0,True
2,raw_safe,72,Platt,calibration_ablation_results,val_uniform_maximum_bin_sample_count,329883.0,329881.0,-2.0,True
2,raw_safe,72,Uncalibrated,calibration_ablation_results,val_uniform_maximum_bin_sample_count,329869.0,329865.0,-4.0,True
2,raw_safe,82,Isotonic,calibration_ablation_results,val_uniform_maximum_bin_sample_count,329883.0,329888.0,5.0,True
2,raw_safe,82,Platt,calibration_ablation_results,val_uniform_maximum_bin_sample_count,329873.0,329874.0,1.0,True
2,raw_safe,82,Uncalibrated,calibration_ablation_results,val_uniform_maximum_bin_sample_count,329714.0,329863.0,149.0,True
2,recipient_full_weight_2,42,Isotonic,calibration_ablation_results,val_uniform_maximum_bin_sample_count,329149.0,329804.0,655.0,True
2,recipient_full_weight_2,42,Platt,calibration_ablation_results,val_uniform_maximum_bin_sample_count,329272.0,329669.0,397.0,True
2,recipient_full_weight_2,42,Uncalibrated,calibration_ablation_results,val_uniform_maximum_bin_sample_count,329149.0,327531.0,-1618.0,True
2,recipient_full_weight_2,52,Isotonic,calibration_ablation_results,val_uniform_maximum_bin_sample_count,329658.0,329483.0,-175.0,True
2,recipient_full_weight_2,52,Platt,calibration_ablation_results,val_uniform_maximum_bin_sample_count,329231.0,329929.0,698.0,True
2,recipient_full_weight_2,52,Uncalibrated,calibration_ablation_results,val_uniform_maximum_bin_sample_count,326417.0,325964.0,-453.0,True
2,recipient_full_weight_2,62,Isotonic,calibration_ablation_results,val_uniform_maximum_bin_sample_count,329929.0,329686.0,-243.0,True
2,recipient_full_weight_2,62,Platt,calibration_ablation_results,val_uniform_maximum_bin_sample_count,327864.0,328253.0,389.0,True
2,recipient_full_weight_2,62,Uncalibrated,calibration_ablation_results,val_uniform_maximum_bin_sample_count,327212.0,327748.0,536.0,True
2,recipient_full_weight_2,72,Isotonic,calibration_ablation_results,val_uniform_maximum_bin_sample_count,328278.0,329929.0,1651.0,True
2,recipient_full_weight_2,72,Platt,calibration_ablation_results,val_uniform_maximum_bin_sample_count,328422.0,329929.0,1507.0,True
2,recipient_full_weight_2,72,Uncalibrated,calibration_ablation_results,val_uniform_maximum_bin_sample_count,327025.0,326032.0,-993.0,True
2,recipient_full_weight_2,82,Isotonic,calibration_ablation_results,val_uniform_maximum_bin_sample_count,329730.0,329511.0,-219.0,True
2,recipient_full_weight_2,82,Platt,calibration_ablation_results,val_uniform_maximum_bin_sample_count,329743.0,329543.0,-200.0,True
2,recipient_full_weight_2,82,Uncalibrated,calibration_ablation_results,val_uniform_maximum_bin_sample_count,328013.0,327679.0,-334.0,True
3,raw_safe,42,Isotonic,calibration_ablation_results,val_uniform_maximum_bin_sample_count,337121.0,337131.0,10.0,True
3,raw_safe,42,Platt,calibration_ablation_results,val_uniform_maximum_bin_sample_count,337141.0,337141.0,0.0,False
3,raw_safe,42,Uncalibrated,calibration_ablation_results,val_uniform_maximum_bin_sample_count,337131.0,337131.0,0.0,False
3,raw_safe,52,Isotonic,calibration_ablation_results,val_uniform_maximum_bin_sample_count,337119.0,337130.0,11.0,True
3,raw_safe,52,Platt,calibration_ablation_results,val_uniform_maximum_bin_sample_count,337140.0,337141.0,1.0,True
3,raw_safe,52,Uncalibrated,calibration_ablation_results,val_uniform_maximum_bin_sample_count,337119.0,337130.0,11.0,True
3,raw_safe,62,Isotonic,calibration_ablation_results,val_uniform_maximum_bin_sample_count,337095.0,337074.0,-21.0,True
3,raw_safe,62,Platt,calibration_ablation_results,val_uniform_maximum_bin_sample_count,337155.0,337141.0,-14.0,True
3,raw_safe,62,Uncalibrated,calibration_ablation_results,val_uniform_maximum_bin_sample_count,337137.0,337141.0,4.0,True
3,raw_safe,72,Isotonic,calibration_ablation_results,val_uniform_maximum_bin_sample_count,337120.0,337132.0,12.0,True
3,raw_safe,72,Platt,calibration_ablation_results,val_uniform_maximum_bin_sample_count,337141.0,337141.0,0.0,False
3,raw_safe,72,Uncalibrated,calibration_ablation_results,val_uniform_maximum_bin_sample_count,337130.0,337132.0,2.0,True
3,raw_safe,82,Isotonic,calibration_ablation_results,val_uniform_maximum_bin_sample_count,337071.0,337131.0,60.0,True
3,raw_safe,82,Platt,calibration_ablation_results,val_uniform_maximum_bin_sample_count,337135.0,337141.0,6.0,True
3,raw_safe,82,Uncalibrated,calibration_ablation_results,val_uniform_maximum_bin_sample_count,337126.0,337122.0,-4.0,True
3,recipient_full_weight_2,42,Isotonic,calibration_ablation_results,val_uniform_maximum_bin_sample_count,336779.0,336929.0,150.0,True
3,recipient_full_weight_2,42,Platt,calibration_ablation_results,val_uniform_maximum_bin_sample_count,336927.0,337048.0,121.0,True
3,recipient_full_weight_2,42,Uncalibrated,calibration_ablation_results,val_uniform_maximum_bin_sample_count,336388.0,336894.0,506.0,True
3,recipient_full_weight_2,52,Isotonic,calibration_ablation_results,val_uniform_maximum_bin_sample_count,336950.0,337007.0,57.0,True
3,recipient_full_weight_2,52,Platt,calibration_ablation_results,val_uniform_maximum_bin_sample_count,336955.0,337044.0,89.0,True
3,recipient_full_weight_2,52,Uncalibrated,calibration_ablation_results,val_uniform_maximum_bin_sample_count,336737.0,336814.0,77.0,True
3,recipient_full_weight_2,62,Isotonic,calibration_ablation_results,val_uniform_maximum_bin_sample_count,337052.0,336721.0,-331.0,True
3,recipient_full_weight_2,62,Platt,calibration_ablation_results,val_uniform_maximum_bin_sample_count,337056.0,336766.0,-290.0,True
3,recipient_full_weight_2,62,Uncalibrated,calibration_ablation_results,val_uniform_maximum_bin_sample_count,336307.0,336501.0,194.0,True
3,recipient_full_weight_2,72,Isotonic,calibration_ablation_results,val_uniform_maximum_bin_sample_count,336971.0,336899.0,-72.0,True
3,recipient_full_weight_2,72,Platt,calibration_ablation_results,val_uniform_maximum_bin_sample_count,337021.0,337057.0,36.0,True
3,recipient_full_weight_2,72,Uncalibrated,calibration_ablation_results,val_uniform_maximum_bin_sample_count,336768.0,336815.0,47.0,True
3,recipient_full_weight_2,82,Isotonic,calibration_ablation_results,val_uniform_maximum_bin_sample_count,337058.0,337049.0,-9.0,True
3,recipient_full_weight_2,82,Platt,calibration_ablation_results,val_uniform_maximum_bin_sample_count,336784.0,337058.0,274.0,True
3,recipient_full_weight_2,82,Uncalibrated,calibration_ablation_results,val_uniform_maximum_bin_sample_count,336035.0,336439.0,404.0,True
1,raw_safe,42,Isotonic,calibration_ablation_results,val_quantile_ece_10,0.00037894898510846447,0.0003731776668240818,-5.771318284382692e-06,True
1,raw_safe,42,Platt,calibration_ablation_results,val_quantile_ece_10,0.0004249231203671185,0.0003517547706351158,-7.316834973200272e-05,True
1,raw_safe,42,Uncalibrated,calibration_ablation_results,val_quantile_ece_10,0.0001667244746961357,0.00012881628502582924,-3.790818967030647e-05,True
1,raw_safe,52,Isotonic,calibration_ablation_results,val_quantile_ece_10,0.00035389549650788186,0.0003805453241310562,2.664982762317432e-05,True
1,raw_safe,52,Platt,calibration_ablation_results,val_quantile_ece_10,0.0003486564578104723,0.00042078258866785244,7.212613085738016e-05,True
1,raw_safe,52,Uncalibrated,calibration_ablation_results,val_quantile_ece_10,0.0001845750281246801,0.0004349360615147066,0.00025036103339002647,True
1,raw_safe,62,Isotonic,calibration_ablation_results,val_quantile_ece_10,0.000370228093055651,0.00037091435130372035,6.862582480693727e-07,True
1,raw_safe,62,Platt,calibration_ablation_results,val_quantile_ece_10,0.0004141309972869226,0.000400431875465784,-1.3699121821138618e-05,True
1,raw_safe,62,Uncalibrated,calibration_ablation_results,val_quantile_ece_10,0.00026579506314521376,0.00023176583084479947,-3.402923230041429e-05,True
1,raw_safe,72,Isotonic,calibration_ablation_results,val_quantile_ece_10,0.00036351190931527093,0.0003551456408770786,-8.36626843819235e-06,True
1,raw_safe,72,Platt,calibration_ablation_results,val_quantile_ece_10,0.0003439406912969678,0.00040915214511658046,6.521145381961266e-05,True
1,raw_safe,72,Uncalibrated,calibration_ablation_results,val_quantile_ece_10,0.0002407133144990604,0.0003269757983209991,8.626248382193871e-05,True
1,raw_safe,82,Isotonic,calibration_ablation_results,val_quantile_ece_10,0.00037264422074702915,0.00040942540219313344,3.678118144610429e-05,True
1,raw_safe,82,Platt,calibration_ablation_results,val_quantile_ece_10,0.00034907297036839807,0.00042160487893514375,7.253190856674568e-05,True
1,raw_safe,82,Uncalibrated,calibration_ablation_results,val_quantile_ece_10,0.0001686306886900734,0.0002207791219063876,5.2148433216314184e-05,True
1,recipient_full_weight_2,42,Isotonic,calibration_ablation_results,val_quantile_ece_10,0.0002724384907085257,0.0002399565109574556,-3.24819797510701e-05,True
1,recipient_full_weight_2,42,Platt,calibration_ablation_results,val_quantile_ece_10,0.00048607145923414217,0.00030719089133437723,-0.00017888056789976494,True
1,recipient_full_weight_2,42,Uncalibrated,calibration_ablation_results,val_quantile_ece_10,0.0017195064224701103,0.0011033276115517748,-0.0006161788109183355,True
1,recipient_full_weight_2,52,Isotonic,calibration_ablation_results,val_quantile_ece_10,0.00013710400107147045,0.0002058894946461787,6.878549357470826e-05,True
1,recipient_full_weight_2,52,Platt,calibration_ablation_results,val_quantile_ece_10,0.00029976705432792014,0.00028758363049823506,-1.2183423829685081e-05,True
1,recipient_full_weight_2,52,Uncalibrated,calibration_ablation_results,val_quantile_ece_10,0.0005948949321211927,0.0011682353553309488,0.0005733404232097561,True
1,recipient_full_weight_2,62,Isotonic,calibration_ablation_results,val_quantile_ece_10,0.00015588978577885598,0.00011624098737677484,-3.964879840208114e-05,True
1,recipient_full_weight_2,62,Platt,calibration_ablation_results,val_quantile_ece_10,0.00032835572296295,0.00037055534078946474,4.2199617826514755e-05,True
1,recipient_full_weight_2,62,Uncalibrated,calibration_ablation_results,val_quantile_ece_10,0.0007010047887124088,0.0005849150903356793,-0.00011608969837672949,True
1,recipient_full_weight_2,72,Isotonic,calibration_ablation_results,val_quantile_ece_10,0.00016910018533172102,0.0001665558340418475,-2.544351289873514e-06,True
1,recipient_full_weight_2,72,Platt,calibration_ablation_results,val_quantile_ece_10,0.00038157954122179405,0.0004006157341862531,1.9036192964459026e-05,True
1,recipient_full_weight_2,72,Uncalibrated,calibration_ablation_results,val_quantile_ece_10,0.0005407886996014092,0.00042205079282139007,-0.00011873790678001913,True
1,recipient_full_weight_2,82,Isotonic,calibration_ablation_results,val_quantile_ece_10,0.00017325616307492343,0.00014165283095673474,-3.160333211818869e-05,True
1,recipient_full_weight_2,82,Platt,calibration_ablation_results,val_quantile_ece_10,0.00027525970253026294,0.00022399342077653628,-5.1266281753726666e-05,True
1,recipient_full_weight_2,82,Uncalibrated,calibration_ablation_results,val_quantile_ece_10,0.00041444283825587964,0.0007844920978316814,0.0003700492595758017,True
2,raw_safe,42,Isotonic,calibration_ablation_results,val_quantile_ece_10,7.457126816247889e-05,8.046763483357289e-05,5.896366671093999e-06,True
2,raw_safe,42,Platt,calibration_ablation_results,val_quantile_ece_10,0.00015148819420651136,0.0001141875056434632,-3.730068856304816e-05,True
2,raw_safe,42,Uncalibrated,calibration_ablation_results,val_quantile_ece_10,0.00038257465381674673,0.00023039493015190318,-0.00015217972366484355,True
2,raw_safe,52,Isotonic,calibration_ablation_results,val_quantile_ece_10,9.652776757213977e-05,6.148032328236449e-05,-3.504744428977528e-05,True
2,raw_safe,52,Platt,calibration_ablation_results,val_quantile_ece_10,0.00012875854678946584,0.00028194493941443536,0.00015318639262496952,True
2,raw_safe,52,Uncalibrated,calibration_ablation_results,val_quantile_ece_10,0.00033168622169368563,0.0004956017624254613,0.0001639155407317757,True
2,raw_safe,62,Isotonic,calibration_ablation_results,val_quantile_ece_10,9.585120312400676e-05,9.054990916945187e-05,-5.301293954554893e-06,True
2,raw_safe,62,Platt,calibration_ablation_results,val_quantile_ece_10,0.00011371006257702025,0.00014708591943046024,3.337585685343999e-05,True
2,raw_safe,62,Uncalibrated,calibration_ablation_results,val_quantile_ece_10,0.0002536461965062191,0.0006035685517215986,0.0003499223552153795,True
2,raw_safe,72,Isotonic,calibration_ablation_results,val_quantile_ece_10,8.112644274535337e-05,0.00012390041352113772,4.277397077578435e-05,True
2,raw_safe,72,Platt,calibration_ablation_results,val_quantile_ece_10,0.00012101567424518176,0.00014490969662510453,2.389402237992277e-05,True
2,raw_safe,72,Uncalibrated,calibration_ablation_results,val_quantile_ece_10,0.0004709147469224133,0.0002651393987887994,-0.0002057753481336139,True
2,raw_safe,82,Isotonic,calibration_ablation_results,val_quantile_ece_10,0.00011263562475952025,8.419703044995294e-05,-2.8438594309567313e-05,True
2,raw_safe,82,Platt,calibration_ablation_results,val_quantile_ece_10,0.0001246618778673035,0.00014456408662442716,1.9902208757123648e-05,True
2,raw_safe,82,Uncalibrated,calibration_ablation_results,val_quantile_ece_10,0.00029454828742076595,0.00020270128860841566,-9.18469988123503e-05,True
2,recipient_full_weight_2,42,Isotonic,calibration_ablation_results,val_quantile_ece_10,0.00020239091741060876,0.00011475354990223805,-8.763736750837071e-05,True
2,recipient_full_weight_2,42,Platt,calibration_ablation_results,val_quantile_ece_10,0.0004901553749947648,0.000356535245427626,-0.0001336201295671388,True
2,recipient_full_weight_2,42,Uncalibrated,calibration_ablation_results,val_quantile_ece_10,0.0025223523415043724,0.0025492539893371053,2.6901647832732953e-05,True
2,recipient_full_weight_2,52,Isotonic,calibration_ablation_results,val_quantile_ece_10,0.00023662744866553918,0.00018504333922639895,-5.158410943914023e-05,True
2,recipient_full_weight_2,52,Platt,calibration_ablation_results,val_quantile_ece_10,0.0005068911660221987,0.0003985336867677212,-0.00010835747925447747,True
2,recipient_full_weight_2,52,Uncalibrated,calibration_ablation_results,val_quantile_ece_10,0.007159295796772376,0.00913053544239414,0.001971239645621765,True
2,recipient_full_weight_2,62,Isotonic,calibration_ablation_results,val_quantile_ece_10,0.0003174676673726969,0.0001332333660388278,-0.00018423430133386912,True
2,recipient_full_weight_2,62,Platt,calibration_ablation_results,val_quantile_ece_10,0.00043243502077396605,0.0005276985546678677,9.526353389390164e-05,True
2,recipient_full_weight_2,62,Uncalibrated,calibration_ablation_results,val_quantile_ece_10,0.0069843043841146665,0.00584622729322757,-0.0011380770908870968,True
2,recipient_full_weight_2,72,Isotonic,calibration_ablation_results,val_quantile_ece_10,0.0004003579096000588,0.000103700022371102,-0.0002966578872289568,True
2,recipient_full_weight_2,72,Platt,calibration_ablation_results,val_quantile_ece_10,0.0006216366273947924,0.0003551276002338097,-0.0002665090271609827,True
2,recipient_full_weight_2,72,Uncalibrated,calibration_ablation_results,val_quantile_ece_10,0.006480537042873797,0.009605119902432404,0.0031245828595586065,True
2,recipient_full_weight_2,82,Isotonic,calibration_ablation_results,val_quantile_ece_10,0.00016502006173926934,0.00020285566215189925,3.783560041262991e-05,True
2,recipient_full_weight_2,82,Platt,calibration_ablation_results,val_quantile_ece_10,0.00031859083734228893,0.0004767801579378128,0.00015818932059552386,True
2,recipient_full_weight_2,82,Uncalibrated,calibration_ablation_results,val_quantile_ece_10,0.0026688655033991378,0.0031795106728171,0.0005106451694179624,True
3,raw_safe,42,Isotonic,calibration_ablation_results,val_quantile_ece_10,4.87391998346326e-05,3.839972377820664e-05,-1.033947605642596e-05,True
3,raw_safe,42,Platt,calibration_ablation_results,val_quantile_ece_10,0.0003124592014483709,0.0003145356630864563,2.0764616380853957e-06,True
3,raw_safe,42,Uncalibrated,calibration_ablation_results,val_quantile_ece_10,0.00019444140496218418,0.0002663433053064176,7.190190034423344e-05,True
3,raw_safe,52,Isotonic,calibration_ablation_results,val_quantile_ece_10,4.2118981039134544e-05,4.5305540193497946e-05,3.1865591543634017e-06,True
3,raw_safe,52,Platt,calibration_ablation_results,val_quantile_ece_10,0.00034374885254640034,0.000313518568282379,-3.0230284264021353e-05,True
3,raw_safe,52,Uncalibrated,calibration_ablation_results,val_quantile_ece_10,0.00024959528268158666,0.000206328436765286,-4.326684591630066e-05,True
3,raw_safe,62,Isotonic,calibration_ablation_results,val_quantile_ece_10,6.618159154651587e-05,6.0508116015831874e-05,-5.673475530683994e-06,True
3,raw_safe,62,Platt,calibration_ablation_results,val_quantile_ece_10,0.00030726743585811225,0.0003537948963330257,4.6527460474913445e-05,True
3,raw_safe,62,Uncalibrated,calibration_ablation_results,val_quantile_ece_10,0.00025409207264345026,0.00027425736145533124,2.016528881188098e-05,True
3,raw_safe,72,Isotonic,calibration_ablation_results,val_quantile_ece_10,4.139707349925171e-05,4.117364077036697e-05,-2.234327288847424e-07,True
3,raw_safe,72,Platt,calibration_ablation_results,val_quantile_ece_10,0.00033924015611624546,0.00033482384429523555,-4.41631182100991e-06,True
3,raw_safe,72,Uncalibrated,calibration_ablation_results,val_quantile_ece_10,0.00025520889006966396,0.0002726397597516709,1.743086968200694e-05,True
3,raw_safe,82,Isotonic,calibration_ablation_results,val_quantile_ece_10,3.182952956055513e-05,3.2684099382579546e-05,8.545698220244134e-07,True
3,raw_safe,82,Platt,calibration_ablation_results,val_quantile_ece_10,0.00032764258110216395,0.00033490763356516155,7.265052462997602e-06,True
3,raw_safe,82,Uncalibrated,calibration_ablation_results,val_quantile_ece_10,0.00025779989282124734,0.00023869085335034113,-1.9109039470906208e-05,True
3,recipient_full_weight_2,42,Isotonic,calibration_ablation_results,val_quantile_ece_10,0.00013468526633569775,7.041478103134329e-05,-6.427048530435446e-05,True
3,recipient_full_weight_2,42,Platt,calibration_ablation_results,val_quantile_ece_10,0.0005827121358959321,0.0003279528807605066,-0.0002547592551354255,True
3,recipient_full_weight_2,42,Uncalibrated,calibration_ablation_results,val_quantile_ece_10,0.0010854721955197767,0.0004338898714363688,-0.0006515823240834078,True
3,recipient_full_weight_2,52,Isotonic,calibration_ablation_results,val_quantile_ece_10,0.00011069169949128694,4.7892025543217384e-05,-6.279967394806956e-05,True
3,recipient_full_weight_2,52,Platt,calibration_ablation_results,val_quantile_ece_10,0.00029629477500026785,0.00039524752480069844,9.895274980043059e-05,True
3,recipient_full_weight_2,52,Uncalibrated,calibration_ablation_results,val_quantile_ece_10,0.0007629476625423152,0.000492247731569438,-0.00027069993097287724,True
3,recipient_full_weight_2,62,Isotonic,calibration_ablation_results,val_quantile_ece_10,4.697495812333708e-05,9.395170776216579e-05,4.697674963882871e-05,True
3,recipient_full_weight_2,62,Platt,calibration_ablation_results,val_quantile_ece_10,0.0003020285179123564,0.0005093049004647589,0.00020727638255240246,True
3,recipient_full_weight_2,62,Uncalibrated,calibration_ablation_results,val_quantile_ece_10,0.0014670270591706147,0.0017398921617665672,0.0002728651025959525,True
3,recipient_full_weight_2,72,Isotonic,calibration_ablation_results,val_quantile_ece_10,6.701495898883864e-05,6.729612818147627e-05,2.811691926376354e-07,True
3,recipient_full_weight_2,72,Platt,calibration_ablation_results,val_quantile_ece_10,0.0002698861873793574,0.0002691612706550012,-7.249167243562177e-07,True
3,recipient_full_weight_2,72,Uncalibrated,calibration_ablation_results,val_quantile_ece_10,0.000518617267347172,0.0004936526391772305,-2.496462816994156e-05,True
3,recipient_full_weight_2,82,Isotonic,calibration_ablation_results,val_quantile_ece_10,4.522173522177038e-05,8.960629320490265e-06,-3.626110590128011e-05,True
3,recipient_full_weight_2,82,Platt,calibration_ablation_results,val_quantile_ece_10,0.0002644010792347873,0.0002912736384611517,2.687255922636443e-05,True
3,recipient_full_weight_2,82,Uncalibrated,calibration_ablation_results,val_quantile_ece_10,0.0019212693494016267,0.0010234427487951026,-0.0008978266006065242,True
1,raw_safe,42,Isotonic,calibration_ablation_results,val_quantile_nonempty_bin_count,3.0,3.0,0.0,False
1,raw_safe,42,Platt,calibration_ablation_results,val_quantile_nonempty_bin_count,8.0,8.0,0.0,False
1,raw_safe,42,Uncalibrated,calibration_ablation_results,val_quantile_nonempty_bin_count,10.0,10.0,0.0,False
1,raw_safe,52,Isotonic,calibration_ablation_results,val_quantile_nonempty_bin_count,4.0,4.0,0.0,False
1,raw_safe,52,Platt,calibration_ablation_results,val_quantile_nonempty_bin_count,7.0,7.0,0.0,False
1,raw_safe,52,Uncalibrated,calibration_ablation_results,val_quantile_nonempty_bin_count,10.0,10.0,0.0,False
1,raw_safe,62,Isotonic,calibration_ablation_results,val_quantile_nonempty_bin_count,4.0,4.0,0.0,False
1,raw_safe,62,Platt,calibration_ablation_results,val_quantile_nonempty_bin_count,10.0,7.0,-3.0,True
1,raw_safe,62,Uncalibrated,calibration_ablation_results,val_quantile_nonempty_bin_count,10.0,10.0,0.0,False
1,raw_safe,72,Isotonic,calibration_ablation_results,val_quantile_nonempty_bin_count,3.0,3.0,0.0,False
1,raw_safe,72,Platt,calibration_ablation_results,val_quantile_nonempty_bin_count,7.0,10.0,3.0,True
1,raw_safe,72,Uncalibrated,calibration_ablation_results,val_quantile_nonempty_bin_count,10.0,10.0,0.0,False
1,raw_safe,82,Isotonic,calibration_ablation_results,val_quantile_nonempty_bin_count,3.0,4.0,1.0,True
1,raw_safe,82,Platt,calibration_ablation_results,val_quantile_nonempty_bin_count,7.0,10.0,3.0,True
1,raw_safe,82,Uncalibrated,calibration_ablation_results,val_quantile_nonempty_bin_count,10.0,10.0,0.0,False
1,recipient_full_weight_2,42,Isotonic,calibration_ablation_results,val_quantile_nonempty_bin_count,2.0,3.0,1.0,True
1,recipient_full_weight_2,42,Platt,calibration_ablation_results,val_quantile_nonempty_bin_count,10.0,9.0,-1.0,True
1,recipient_full_weight_2,42,Uncalibrated,calibration_ablation_results,val_quantile_nonempty_bin_count,10.0,10.0,0.0,False
1,recipient_full_weight_2,52,Isotonic,calibration_ablation_results,val_quantile_nonempty_bin_count,3.0,3.0,0.0,False
1,recipient_full_weight_2,52,Platt,calibration_ablation_results,val_quantile_nonempty_bin_count,10.0,10.0,0.0,False
1,recipient_full_weight_2,52,Uncalibrated,calibration_ablation_results,val_quantile_nonempty_bin_count,10.0,10.0,0.0,False
1,recipient_full_weight_2,62,Isotonic,calibration_ablation_results,val_quantile_nonempty_bin_count,3.0,3.0,0.0,False
1,recipient_full_weight_2,62,Platt,calibration_ablation_results,val_quantile_nonempty_bin_count,8.0,9.0,1.0,True
1,recipient_full_weight_2,62,Uncalibrated,calibration_ablation_results,val_quantile_nonempty_bin_count,8.0,9.0,1.0,True
1,recipient_full_weight_2,72,Isotonic,calibration_ablation_results,val_quantile_nonempty_bin_count,3.0,4.0,1.0,True
1,recipient_full_weight_2,72,Platt,calibration_ablation_results,val_quantile_nonempty_bin_count,10.0,9.0,-1.0,True
1,recipient_full_weight_2,72,Uncalibrated,calibration_ablation_results,val_quantile_nonempty_bin_count,10.0,9.0,-1.0,True
1,recipient_full_weight_2,82,Isotonic,calibration_ablation_results,val_quantile_nonempty_bin_count,4.0,3.0,-1.0,True
1,recipient_full_weight_2,82,Platt,calibration_ablation_results,val_quantile_nonempty_bin_count,9.0,10.0,1.0,True
1,recipient_full_weight_2,82,Uncalibrated,calibration_ablation_results,val_quantile_nonempty_bin_count,9.0,10.0,1.0,True
2,raw_safe,42,Isotonic,calibration_ablation_results,val_quantile_nonempty_bin_count,4.0,4.0,0.0,False
2,raw_safe,42,Platt,calibration_ablation_results,val_quantile_nonempty_bin_count,8.0,8.0,0.0,False
2,raw_safe,42,Uncalibrated,calibration_ablation_results,val_quantile_nonempty_bin_count,10.0,10.0,0.0,False
2,raw_safe,52,Isotonic,calibration_ablation_results,val_quantile_nonempty_bin_count,4.0,3.0,-1.0,True
2,raw_safe,52,Platt,calibration_ablation_results,val_quantile_nonempty_bin_count,7.0,5.0,-2.0,True
2,raw_safe,52,Uncalibrated,calibration_ablation_results,val_quantile_nonempty_bin_count,10.0,10.0,0.0,False
2,raw_safe,62,Isotonic,calibration_ablation_results,val_quantile_nonempty_bin_count,5.0,3.0,-2.0,True
2,raw_safe,62,Platt,calibration_ablation_results,val_quantile_nonempty_bin_count,5.0,7.0,2.0,True
2,raw_safe,62,Uncalibrated,calibration_ablation_results,val_quantile_nonempty_bin_count,10.0,10.0,0.0,False
2,raw_safe,72,Isotonic,calibration_ablation_results,val_quantile_nonempty_bin_count,4.0,5.0,1.0,True
2,raw_safe,72,Platt,calibration_ablation_results,val_quantile_nonempty_bin_count,5.0,8.0,3.0,True
2,raw_safe,72,Uncalibrated,calibration_ablation_results,val_quantile_nonempty_bin_count,10.0,10.0,0.0,False
2,raw_safe,82,Isotonic,calibration_ablation_results,val_quantile_nonempty_bin_count,5.0,3.0,-2.0,True
2,raw_safe,82,Platt,calibration_ablation_results,val_quantile_nonempty_bin_count,7.0,8.0,1.0,True
2,raw_safe,82,Uncalibrated,calibration_ablation_results,val_quantile_nonempty_bin_count,10.0,10.0,0.0,False
2,recipient_full_weight_2,42,Isotonic,calibration_ablation_results,val_quantile_nonempty_bin_count,3.0,4.0,1.0,True
2,recipient_full_weight_2,42,Platt,calibration_ablation_results,val_quantile_nonempty_bin_count,10.0,9.0,-1.0,True
2,recipient_full_weight_2,42,Uncalibrated,calibration_ablation_results,val_quantile_nonempty_bin_count,10.0,9.0,-1.0,True
2,recipient_full_weight_2,52,Isotonic,calibration_ablation_results,val_quantile_nonempty_bin_count,3.0,3.0,0.0,False
2,recipient_full_weight_2,52,Platt,calibration_ablation_results,val_quantile_nonempty_bin_count,9.0,9.0,0.0,False
2,recipient_full_weight_2,52,Uncalibrated,calibration_ablation_results,val_quantile_nonempty_bin_count,9.0,9.0,0.0,False
2,recipient_full_weight_2,62,Isotonic,calibration_ablation_results,val_quantile_nonempty_bin_count,4.0,3.0,-1.0,True
2,recipient_full_weight_2,62,Platt,calibration_ablation_results,val_quantile_nonempty_bin_count,10.0,10.0,0.0,False
2,recipient_full_weight_2,62,Uncalibrated,calibration_ablation_results,val_quantile_nonempty_bin_count,10.0,10.0,0.0,False
2,recipient_full_weight_2,72,Isotonic,calibration_ablation_results,val_quantile_nonempty_bin_count,2.0,3.0,1.0,True
2,recipient_full_weight_2,72,Platt,calibration_ablation_results,val_quantile_nonempty_bin_count,9.0,9.0,0.0,False
2,recipient_full_weight_2,72,Uncalibrated,calibration_ablation_results,val_quantile_nonempty_bin_count,9.0,9.0,0.0,False
2,recipient_full_weight_2,82,Isotonic,calibration_ablation_results,val_quantile_nonempty_bin_count,4.0,4.0,0.0,False
2,recipient_full_weight_2,82,Platt,calibration_ablation_results,val_quantile_nonempty_bin_count,9.0,10.0,1.0,True
2,recipient_full_weight_2,82,Uncalibrated,calibration_ablation_results,val_quantile_nonempty_bin_count,10.0,10.0,0.0,False
3,raw_safe,42,Isotonic,calibration_ablation_results,val_quantile_nonempty_bin_count,4.0,3.0,-1.0,True
3,raw_safe,42,Platt,calibration_ablation_results,val_quantile_nonempty_bin_count,8.0,8.0,0.0,False
3,raw_safe,42,Uncalibrated,calibration_ablation_results,val_quantile_nonempty_bin_count,10.0,10.0,0.0,False
3,raw_safe,52,Isotonic,calibration_ablation_results,val_quantile_nonempty_bin_count,5.0,4.0,-1.0,True
3,raw_safe,52,Platt,calibration_ablation_results,val_quantile_nonempty_bin_count,8.0,9.0,1.0,True
3,raw_safe,52,Uncalibrated,calibration_ablation_results,val_quantile_nonempty_bin_count,10.0,10.0,0.0,False
3,raw_safe,62,Isotonic,calibration_ablation_results,val_quantile_nonempty_bin_count,4.0,5.0,1.0,True
3,raw_safe,62,Platt,calibration_ablation_results,val_quantile_nonempty_bin_count,6.0,7.0,1.0,True
3,raw_safe,62,Uncalibrated,calibration_ablation_results,val_quantile_nonempty_bin_count,8.0,10.0,2.0,True
3,raw_safe,72,Isotonic,calibration_ablation_results,val_quantile_nonempty_bin_count,3.0,3.0,0.0,False
3,raw_safe,72,Platt,calibration_ablation_results,val_quantile_nonempty_bin_count,8.0,7.0,-1.0,True
3,raw_safe,72,Uncalibrated,calibration_ablation_results,val_quantile_nonempty_bin_count,10.0,10.0,0.0,False
3,raw_safe,82,Isotonic,calibration_ablation_results,val_quantile_nonempty_bin_count,4.0,4.0,0.0,False
3,raw_safe,82,Platt,calibration_ablation_results,val_quantile_nonempty_bin_count,10.0,5.0,-5.0,True
3,raw_safe,82,Uncalibrated,calibration_ablation_results,val_quantile_nonempty_bin_count,10.0,10.0,0.0,False
3,recipient_full_weight_2,42,Isotonic,calibration_ablation_results,val_quantile_nonempty_bin_count,4.0,3.0,-1.0,True
3,recipient_full_weight_2,42,Platt,calibration_ablation_results,val_quantile_nonempty_bin_count,8.0,9.0,1.0,True
3,recipient_full_weight_2,42,Uncalibrated,calibration_ablation_results,val_quantile_nonempty_bin_count,8.0,9.0,1.0,True
3,recipient_full_weight_2,52,Isotonic,calibration_ablation_results,val_quantile_nonempty_bin_count,3.0,3.0,0.0,False
3,recipient_full_weight_2,52,Platt,calibration_ablation_results,val_quantile_nonempty_bin_count,7.0,9.0,2.0,True
3,recipient_full_weight_2,52,Uncalibrated,calibration_ablation_results,val_quantile_nonempty_bin_count,7.0,9.0,2.0,True
3,recipient_full_weight_2,62,Isotonic,calibration_ablation_results,val_quantile_nonempty_bin_count,3.0,4.0,1.0,True
3,recipient_full_weight_2,62,Platt,calibration_ablation_results,val_quantile_nonempty_bin_count,8.0,9.0,1.0,True
3,recipient_full_weight_2,62,Uncalibrated,calibration_ablation_results,val_quantile_nonempty_bin_count,8.0,9.0,1.0,True
3,recipient_full_weight_2,72,Isotonic,calibration_ablation_results,val_quantile_nonempty_bin_count,4.0,4.0,0.0,False
3,recipient_full_weight_2,72,Platt,calibration_ablation_results,val_quantile_nonempty_bin_count,9.0,9.0,0.0,False
3,recipient_full_weight_2,72,Uncalibrated,calibration_ablation_results,val_quantile_nonempty_bin_count,9.0,9.0,0.0,False
3,recipient_full_weight_2,82,Isotonic,calibration_ablation_results,val_quantile_nonempty_bin_count,3.0,2.0,-1.0,True
3,recipient_full_weight_2,82,Platt,calibration_ablation_results,val_quantile_nonempty_bin_count,10.0,9.0,-1.0,True
3,recipient_full_weight_2,82,Uncalibrated,calibration_ablation_results,val_quantile_nonempty_bin_count,10.0,9.0,-1.0,True
1,raw_safe,42,Isotonic,calibration_ablation_results,val_quantile_empty_bin_count,7.0,7.0,0.0,False
1,raw_safe,42,Platt,calibration_ablation_results,val_quantile_empty_bin_count,2.0,2.0,0.0,False
1,raw_safe,42,Uncalibrated,calibration_ablation_results,val_quantile_empty_bin_count,0.0,0.0,0.0,False
1,raw_safe,52,Isotonic,calibration_ablation_results,val_quantile_empty_bin_count,6.0,6.0,0.0,False
1,raw_safe,52,Platt,calibration_ablation_results,val_quantile_empty_bin_count,3.0,3.0,0.0,False
1,raw_safe,52,Uncalibrated,calibration_ablation_results,val_quantile_empty_bin_count,0.0,0.0,0.0,False
1,raw_safe,62,Isotonic,calibration_ablation_results,val_quantile_empty_bin_count,6.0,6.0,0.0,False
1,raw_safe,62,Platt,calibration_ablation_results,val_quantile_empty_bin_count,0.0,3.0,3.0,True
1,raw_safe,62,Uncalibrated,calibration_ablation_results,val_quantile_empty_bin_count,0.0,0.0,0.0,False
1,raw_safe,72,Isotonic,calibration_ablation_results,val_quantile_empty_bin_count,7.0,7.0,0.0,False
1,raw_safe,72,Platt,calibration_ablation_results,val_quantile_empty_bin_count,3.0,0.0,-3.0,True
1,raw_safe,72,Uncalibrated,calibration_ablation_results,val_quantile_empty_bin_count,0.0,0.0,0.0,False
1,raw_safe,82,Isotonic,calibration_ablation_results,val_quantile_empty_bin_count,7.0,6.0,-1.0,True
1,raw_safe,82,Platt,calibration_ablation_results,val_quantile_empty_bin_count,3.0,0.0,-3.0,True
1,raw_safe,82,Uncalibrated,calibration_ablation_results,val_quantile_empty_bin_count,0.0,0.0,0.0,False
1,recipient_full_weight_2,42,Isotonic,calibration_ablation_results,val_quantile_empty_bin_count,8.0,7.0,-1.0,True
1,recipient_full_weight_2,42,Platt,calibration_ablation_results,val_quantile_empty_bin_count,0.0,1.0,1.0,True
1,recipient_full_weight_2,42,Uncalibrated,calibration_ablation_results,val_quantile_empty_bin_count,0.0,0.0,0.0,False
1,recipient_full_weight_2,52,Isotonic,calibration_ablation_results,val_quantile_empty_bin_count,7.0,7.0,0.0,False
1,recipient_full_weight_2,52,Platt,calibration_ablation_results,val_quantile_empty_bin_count,0.0,0.0,0.0,False
1,recipient_full_weight_2,52,Uncalibrated,calibration_ablation_results,val_quantile_empty_bin_count,0.0,0.0,0.0,False
1,recipient_full_weight_2,62,Isotonic,calibration_ablation_results,val_quantile_empty_bin_count,7.0,7.0,0.0,False
1,recipient_full_weight_2,62,Platt,calibration_ablation_results,val_quantile_empty_bin_count,2.0,1.0,-1.0,True
1,recipient_full_weight_2,62,Uncalibrated,calibration_ablation_results,val_quantile_empty_bin_count,2.0,1.0,-1.0,True
1,recipient_full_weight_2,72,Isotonic,calibration_ablation_results,val_quantile_empty_bin_count,7.0,6.0,-1.0,True
1,recipient_full_weight_2,72,Platt,calibration_ablation_results,val_quantile_empty_bin_count,0.0,1.0,1.0,True
1,recipient_full_weight_2,72,Uncalibrated,calibration_ablation_results,val_quantile_empty_bin_count,0.0,1.0,1.0,True
1,recipient_full_weight_2,82,Isotonic,calibration_ablation_results,val_quantile_empty_bin_count,6.0,7.0,1.0,True
1,recipient_full_weight_2,82,Platt,calibration_ablation_results,val_quantile_empty_bin_count,1.0,0.0,-1.0,True
1,recipient_full_weight_2,82,Uncalibrated,calibration_ablation_results,val_quantile_empty_bin_count,1.0,0.0,-1.0,True
2,raw_safe,42,Isotonic,calibration_ablation_results,val_quantile_empty_bin_count,6.0,6.0,0.0,False
2,raw_safe,42,Platt,calibration_ablation_results,val_quantile_empty_bin_count,2.0,2.0,0.0,False
2,raw_safe,42,Uncalibrated,calibration_ablation_results,val_quantile_empty_bin_count,0.0,0.0,0.0,False
2,raw_safe,52,Isotonic,calibration_ablation_results,val_quantile_empty_bin_count,6.0,7.0,1.0,True
2,raw_safe,52,Platt,calibration_ablation_results,val_quantile_empty_bin_count,3.0,5.0,2.0,True
2,raw_safe,52,Uncalibrated,calibration_ablation_results,val_quantile_empty_bin_count,0.0,0.0,0.0,False
2,raw_safe,62,Isotonic,calibration_ablation_results,val_quantile_empty_bin_count,5.0,7.0,2.0,True
2,raw_safe,62,Platt,calibration_ablation_results,val_quantile_empty_bin_count,5.0,3.0,-2.0,True
2,raw_safe,62,Uncalibrated,calibration_ablation_results,val_quantile_empty_bin_count,0.0,0.0,0.0,False
2,raw_safe,72,Isotonic,calibration_ablation_results,val_quantile_empty_bin_count,6.0,5.0,-1.0,True
2,raw_safe,72,Platt,calibration_ablation_results,val_quantile_empty_bin_count,5.0,2.0,-3.0,True
2,raw_safe,72,Uncalibrated,calibration_ablation_results,val_quantile_empty_bin_count,0.0,0.0,0.0,False
2,raw_safe,82,Isotonic,calibration_ablation_results,val_quantile_empty_bin_count,5.0,7.0,2.0,True
2,raw_safe,82,Platt,calibration_ablation_results,val_quantile_empty_bin_count,3.0,2.0,-1.0,True
2,raw_safe,82,Uncalibrated,calibration_ablation_results,val_quantile_empty_bin_count,0.0,0.0,0.0,False
2,recipient_full_weight_2,42,Isotonic,calibration_ablation_results,val_quantile_empty_bin_count,7.0,6.0,-1.0,True
2,recipient_full_weight_2,42,Platt,calibration_ablation_results,val_quantile_empty_bin_count,0.0,1.0,1.0,True
2,recipient_full_weight_2,42,Uncalibrated,calibration_ablation_results,val_quantile_empty_bin_count,0.0,1.0,1.0,True
2,recipient_full_weight_2,52,Isotonic,calibration_ablation_results,val_quantile_empty_bin_count,7.0,7.0,0.0,False
2,recipient_full_weight_2,52,Platt,calibration_ablation_results,val_quantile_empty_bin_count,1.0,1.0,0.0,False
2,recipient_full_weight_2,52,Uncalibrated,calibration_ablation_results,val_quantile_empty_bin_count,1.0,1.0,0.0,False
2,recipient_full_weight_2,62,Isotonic,calibration_ablation_results,val_quantile_empty_bin_count,6.0,7.0,1.0,True
2,recipient_full_weight_2,62,Platt,calibration_ablation_results,val_quantile_empty_bin_count,0.0,0.0,0.0,False
2,recipient_full_weight_2,62,Uncalibrated,calibration_ablation_results,val_quantile_empty_bin_count,0.0,0.0,0.0,False
2,recipient_full_weight_2,72,Isotonic,calibration_ablation_results,val_quantile_empty_bin_count,8.0,7.0,-1.0,True
2,recipient_full_weight_2,72,Platt,calibration_ablation_results,val_quantile_empty_bin_count,1.0,1.0,0.0,False
2,recipient_full_weight_2,72,Uncalibrated,calibration_ablation_results,val_quantile_empty_bin_count,1.0,1.0,0.0,False
2,recipient_full_weight_2,82,Isotonic,calibration_ablation_results,val_quantile_empty_bin_count,6.0,6.0,0.0,False
2,recipient_full_weight_2,82,Platt,calibration_ablation_results,val_quantile_empty_bin_count,1.0,0.0,-1.0,True
2,recipient_full_weight_2,82,Uncalibrated,calibration_ablation_results,val_quantile_empty_bin_count,0.0,0.0,0.0,False
3,raw_safe,42,Isotonic,calibration_ablation_results,val_quantile_empty_bin_count,6.0,7.0,1.0,True
3,raw_safe,42,Platt,calibration_ablation_results,val_quantile_empty_bin_count,2.0,2.0,0.0,False
3,raw_safe,42,Uncalibrated,calibration_ablation_results,val_quantile_empty_bin_count,0.0,0.0,0.0,False
3,raw_safe,52,Isotonic,calibration_ablation_results,val_quantile_empty_bin_count,5.0,6.0,1.0,True
3,raw_safe,52,Platt,calibration_ablation_results,val_quantile_empty_bin_count,2.0,1.0,-1.0,True
3,raw_safe,52,Uncalibrated,calibration_ablation_results,val_quantile_empty_bin_count,0.0,0.0,0.0,False
3,raw_safe,62,Isotonic,calibration_ablation_results,val_quantile_empty_bin_count,6.0,5.0,-1.0,True
3,raw_safe,62,Platt,calibration_ablation_results,val_quantile_empty_bin_count,4.0,3.0,-1.0,True
3,raw_safe,62,Uncalibrated,calibration_ablation_results,val_quantile_empty_bin_count,2.0,0.0,-2.0,True
3,raw_safe,72,Isotonic,calibration_ablation_results,val_quantile_empty_bin_count,7.0,7.0,0.0,False
3,raw_safe,72,Platt,calibration_ablation_results,val_quantile_empty_bin_count,2.0,3.0,1.0,True
3,raw_safe,72,Uncalibrated,calibration_ablation_results,val_quantile_empty_bin_count,0.0,0.0,0.0,False
3,raw_safe,82,Isotonic,calibration_ablation_results,val_quantile_empty_bin_count,6.0,6.0,0.0,False
3,raw_safe,82,Platt,calibration_ablation_results,val_quantile_empty_bin_count,0.0,5.0,5.0,True
3,raw_safe,82,Uncalibrated,calibration_ablation_results,val_quantile_empty_bin_count,0.0,0.0,0.0,False
3,recipient_full_weight_2,42,Isotonic,calibration_ablation_results,val_quantile_empty_bin_count,6.0,7.0,1.0,True
3,recipient_full_weight_2,42,Platt,calibration_ablation_results,val_quantile_empty_bin_count,2.0,1.0,-1.0,True
3,recipient_full_weight_2,42,Uncalibrated,calibration_ablation_results,val_quantile_empty_bin_count,2.0,1.0,-1.0,True
3,recipient_full_weight_2,52,Isotonic,calibration_ablation_results,val_quantile_empty_bin_count,7.0,7.0,0.0,False
3,recipient_full_weight_2,52,Platt,calibration_ablation_results,val_quantile_empty_bin_count,3.0,1.0,-2.0,True
3,recipient_full_weight_2,52,Uncalibrated,calibration_ablation_results,val_quantile_empty_bin_count,3.0,1.0,-2.0,True
3,recipient_full_weight_2,62,Isotonic,calibration_ablation_results,val_quantile_empty_bin_count,7.0,6.0,-1.0,True
3,recipient_full_weight_2,62,Platt,calibration_ablation_results,val_quantile_empty_bin_count,2.0,1.0,-1.0,True
3,recipient_full_weight_2,62,Uncalibrated,calibration_ablation_results,val_quantile_empty_bin_count,2.0,1.0,-1.0,True
3,recipient_full_weight_2,72,Isotonic,calibration_ablation_results,val_quantile_empty_bin_count,6.0,6.0,0.0,False
3,recipient_full_weight_2,72,Platt,calibration_ablation_results,val_quantile_empty_bin_count,1.0,1.0,0.0,False
3,recipient_full_weight_2,72,Uncalibrated,calibration_ablation_results,val_quantile_empty_bin_count,1.0,1.0,0.0,False
3,recipient_full_weight_2,82,Isotonic,calibration_ablation_results,val_quantile_empty_bin_count,7.0,8.0,1.0,True
3,recipient_full_weight_2,82,Platt,calibration_ablation_results,val_quantile_empty_bin_count,0.0,1.0,1.0,True
3,recipient_full_weight_2,82,Uncalibrated,calibration_ablation_results,val_quantile_empty_bin_count,0.0,1.0,1.0,True
1,raw_safe,42,Isotonic,calibration_ablation_results,val_quantile_maximum_bin_sample_share,0.5559423758624129,0.5608622466402541,0.004919870777841173,True
1,raw_safe,42,Platt,calibration_ablation_results,val_quantile_maximum_bin_sample_share,0.2994654022477886,0.2988730836529134,-0.0005923185948752407,True
1,raw_safe,42,Uncalibrated,calibration_ablation_results,val_quantile_maximum_bin_sample_share,0.13258870424263303,0.1281795571511893,-0.004409147091443716,True
1,raw_safe,52,Isotonic,calibration_ablation_results,val_quantile_maximum_bin_sample_share,0.5733885761084064,0.5533313387911261,-0.020057237317280374,True
1,raw_safe,52,Platt,calibration_ablation_results,val_quantile_maximum_bin_sample_share,0.399863404079141,0.39992082271844015,5.7418639299144925e-05,True
1,raw_safe,52,Uncalibrated,calibration_ablation_results,val_quantile_maximum_bin_sample_share,0.10869650622690033,0.10624865897256901,-0.002447847254331323,True
1,raw_safe,62,Isotonic,calibration_ablation_results,val_quantile_maximum_bin_sample_share,0.5591517755958695,0.37395853165429144,-0.18519324394157805,True
1,raw_safe,62,Platt,calibration_ablation_results,val_quantile_maximum_bin_sample_share,0.10370712867517067,0.39841584996207347,0.2947087212869028,True
1,raw_safe,62,Uncalibrated,calibration_ablation_results,val_quantile_maximum_bin_sample_share,0.10370712867517067,0.14912527236078246,0.0454181436856118,True
1,raw_safe,72,Isotonic,calibration_ablation_results,val_quantile_maximum_bin_sample_share,0.5546338352931222,0.5538753048476441,-0.0007585304454780228,True
1,raw_safe,72,Platt,calibration_ablation_results,val_quantile_maximum_bin_sample_share,0.39731582971444807,0.1225011559278701,-0.274814673786578,True
1,raw_safe,72,Uncalibrated,calibration_ablation_results,val_quantile_maximum_bin_sample_share,0.1300985485172392,0.1225011559278701,-0.0075973925893691036,True
1,raw_safe,82,Isotonic,calibration_ablation_results,val_quantile_maximum_bin_sample_share,0.5620861702674198,0.565488980154305,0.0034028098868852386,True
1,raw_safe,82,Platt,calibration_ablation_results,val_quantile_maximum_bin_sample_share,0.39202424879798614,0.14730298607144693,-0.2447212627265392,True
1,raw_safe,82,Uncalibrated,calibration_ablation_results,val_quantile_maximum_bin_sample_share,0.12207807121724493,0.14730298607144693,0.025224914854202002,True
1,recipient_full_weight_2,42,Isotonic,calibration_ablation_results,val_quantile_maximum_bin_sample_share,0.7352879846964216,0.6810968773326322,-0.054191107363789404,True
1,recipient_full_weight_2,42,Platt,calibration_ablation_results,val_quantile_maximum_bin_sample_share,0.12939441467741303,0.19919130379597647,0.06979688911856344,True
1,recipient_full_weight_2,42,Uncalibrated,calibration_ablation_results,val_quantile_maximum_bin_sample_share,0.12939441467741303,0.1611499442434792,0.03175552956606617,True
1,recipient_full_weight_2,52,Isotonic,calibration_ablation_results,val_quantile_maximum_bin_sample_share,0.621230390779171,0.597861004584425,-0.023369386194745934,True
1,recipient_full_weight_2,52,Platt,calibration_ablation_results,val_quantile_maximum_bin_sample_share,0.16879266733755813,0.13946080875664468,-0.029331858580913445,True
1,recipient_full_weight_2,52,Uncalibrated,calibration_ablation_results,val_quantile_maximum_bin_sample_share,0.16879266733755813,0.13946080875664468,-0.029331858580913445,True
1,recipient_full_weight_2,62,Isotonic,calibration_ablation_results,val_quantile_maximum_bin_sample_share,0.6522334339670538,0.6733060745898345,0.02107264062278069,True
1,recipient_full_weight_2,62,Platt,calibration_ablation_results,val_quantile_maximum_bin_sample_share,0.35784202621311983,0.21461576353191117,-0.14322626268120867,True
1,recipient_full_weight_2,62,Uncalibrated,calibration_ablation_results,val_quantile_maximum_bin_sample_share,0.35784202621311983,0.21461576353191117,-0.14322626268120867,True
1,recipient_full_weight_2,72,Isotonic,calibration_ablation_results,val_quantile_maximum_bin_sample_share,0.649435030809633,0.6841098448790128,0.03467481406937978,True
1,recipient_full_weight_2,72,Platt,calibration_ablation_results,val_quantile_maximum_bin_sample_share,0.15162147215347097,0.18590644388234617,0.03428497172887521,True
1,recipient_full_weight_2,72,Uncalibrated,calibration_ablation_results,val_quantile_maximum_bin_sample_share,0.15162147215347097,0.18590644388234617,0.03428497172887521,True
1,recipient_full_weight_2,82,Isotonic,calibration_ablation_results,val_quantile_maximum_bin_sample_share,0.568242052807016,0.6455335853709395,0.07729153256392352,True
1,recipient_full_weight_2,82,Platt,calibration_ablation_results,val_quantile_maximum_bin_sample_share,0.24754686418678584,0.11738787499660021,-0.13015898919018565,True
1,recipient_full_weight_2,82,Uncalibrated,calibration_ablation_results,val_quantile_maximum_bin_sample_share,0.24754686418678584,0.11738787499660021,-0.13015898919018565,True
2,raw_safe,42,Isotonic,calibration_ablation_results,val_quantile_maximum_bin_sample_share,0.5527855993259155,0.5643335384279649,0.01154793910204932,True
2,raw_safe,42,Platt,calibration_ablation_results,val_quantile_maximum_bin_sample_share,0.2995189874185052,0.29924620145546466,-0.0002727859630405338,True
2,raw_safe,42,Uncalibrated,calibration_ablation_results,val_quantile_maximum_bin_sample_share,0.19452063928905916,0.10927199488374771,-0.08524864440531145,True
2,raw_safe,52,Isotonic,calibration_ablation_results,val_quantile_maximum_bin_sample_share,0.5681707276414016,0.5623482628080587,-0.005822464833342922,True
2,raw_safe,52,Platt,calibration_ablation_results,val_quantile_maximum_bin_sample_share,0.38487371525388797,0.598186276441295,0.213312561187407,True
2,raw_safe,52,Uncalibrated,calibration_ablation_results,val_quantile_maximum_bin_sample_share,0.1275153139008696,0.11056015082032801,-0.016955163080541583,True
2,raw_safe,62,Isotonic,calibration_ablation_results,val_quantile_maximum_bin_sample_share,0.5778910007910792,0.5684616993353115,-0.009429301455767702,True
2,raw_safe,62,Platt,calibration_ablation_results,val_quantile_maximum_bin_sample_share,0.5954523549005998,0.39702784538491614,-0.19842450951568363,True
2,raw_safe,62,Uncalibrated,calibration_ablation_results,val_quantile_maximum_bin_sample_share,0.11275153139008696,0.11929839450305975,0.006546863112972784,True
2,raw_safe,72,Isotonic,calibration_ablation_results,val_quantile_maximum_bin_sample_share,0.5644335599477464,0.5670189646863416,0.002585404738595254,True
2,raw_safe,72,Platt,calibration_ablation_results,val_quantile_maximum_bin_sample_share,0.5998442089055525,0.29675778728150604,-0.3030864216240464,True
2,raw_safe,72,Uncalibrated,calibration_ablation_results,val_quantile_maximum_bin_sample_share,0.11814056963770993,0.11630077986475879,-0.001839789772951142,True
2,raw_safe,82,Isotonic,calibration_ablation_results,val_quantile_maximum_bin_sample_share,0.5632757350823965,0.5750903982371965,0.011814663154800065,True
2,raw_safe,82,Platt,calibration_ablation_results,val_quantile_maximum_bin_sample_share,0.3943666667676985,0.2896077640946992,-0.10475890267299931,True
2,raw_safe,82,Uncalibrated,calibration_ablation_results,val_quantile_maximum_bin_sample_share,0.10528931982335593,0.1777958287995296,0.07250650897617367,True
2,recipient_full_weight_2,42,Isotonic,calibration_ablation_results,val_quantile_maximum_bin_sample_share,0.6974985527189184,0.641231901409091,-0.05626665130982733,True
2,recipient_full_weight_2,42,Platt,calibration_ablation_results,val_quantile_maximum_bin_sample_share,0.18892549609158335,0.21829242049046915,0.029366924398885802,True
2,recipient_full_weight_2,42,Uncalibrated,calibration_ablation_results,val_quantile_maximum_bin_sample_share,0.18892549609158335,0.21829242049046915,0.029366924398885802,True
2,recipient_full_weight_2,52,Isotonic,calibration_ablation_results,val_quantile_maximum_bin_sample_share,0.6749482464409009,0.7789372865070969,0.10398904006619603,True
2,recipient_full_weight_2,52,Platt,calibration_ablation_results,val_quantile_maximum_bin_sample_share,0.1766774063510634,0.18299694782816908,0.006319541477105672,True
2,recipient_full_weight_2,52,Uncalibrated,calibration_ablation_results,val_quantile_maximum_bin_sample_share,0.1766774063510634,0.18299694782816908,0.006319541477105672,True
2,recipient_full_weight_2,62,Isotonic,calibration_ablation_results,val_quantile_maximum_bin_sample_share,0.6394315140530236,0.6455207029391172,0.006089188886093666,True
2,recipient_full_weight_2,62,Platt,calibration_ablation_results,val_quantile_maximum_bin_sample_share,0.19218074191720036,0.13849343343567858,-0.053687308481521784,True
2,recipient_full_weight_2,62,Uncalibrated,calibration_ablation_results,val_quantile_maximum_bin_sample_share,0.19218074191720036,0.13849343343567858,-0.053687308481521784,True
2,recipient_full_weight_2,72,Isotonic,calibration_ablation_results,val_quantile_maximum_bin_sample_share,0.783344295287774,0.7425961343198082,-0.04074816096796585,True
2,recipient_full_weight_2,72,Platt,calibration_ablation_results,val_quantile_maximum_bin_sample_share,0.164644514425831,0.25008410900527084,0.08543959457943984,True
2,recipient_full_weight_2,72,Uncalibrated,calibration_ablation_results,val_quantile_maximum_bin_sample_share,0.164644514425831,0.25008410900527084,0.08543959457943984,True
2,recipient_full_weight_2,82,Isotonic,calibration_ablation_results,val_quantile_maximum_bin_sample_share,0.6901151459859546,0.6968620521384904,0.006746906152535814,True
2,recipient_full_weight_2,82,Platt,calibration_ablation_results,val_quantile_maximum_bin_sample_share,0.16140442337593847,0.14183960791564246,-0.01956481546029601,True
2,recipient_full_weight_2,82,Uncalibrated,calibration_ablation_results,val_quantile_maximum_bin_sample_share,0.15482118880122694,0.14183960791564246,-0.012981580885584487,True
3,raw_safe,42,Isotonic,calibration_ablation_results,val_quantile_maximum_bin_sample_share,0.5785874426163391,0.563498653634002,-0.01508878898233712,True
3,raw_safe,42,Platt,calibration_ablation_results,val_quantile_maximum_bin_sample_share,0.27685318086380944,0.2974193663183118,0.02056618545450234,True
3,raw_safe,42,Uncalibrated,calibration_ablation_results,val_quantile_maximum_bin_sample_share,0.11886276556624477,0.16651641143046939,0.04765364586422462,True
3,raw_safe,52,Isotonic,calibration_ablation_results,val_quantile_maximum_bin_sample_share,0.566873465320696,0.576164576932658,0.009291111611961944,True
3,raw_safe,52,Platt,calibration_ablation_results,val_quantile_maximum_bin_sample_share,0.2985344183343021,0.18838447942491784,-0.11014993890938427,True
3,raw_safe,52,Uncalibrated,calibration_ablation_results,val_quantile_maximum_bin_sample_share,0.12675709659434645,0.10757582946821509,-0.019181267126131357,True
3,raw_safe,62,Isotonic,calibration_ablation_results,val_quantile_maximum_bin_sample_share,0.5647026725661617,0.5977034673372795,0.033000794771117836,True
3,raw_safe,62,Platt,calibration_ablation_results,val_quantile_maximum_bin_sample_share,0.35237423043617516,0.39872895932432595,0.04635472888815079,True
3,raw_safe,62,Uncalibrated,calibration_ablation_results,val_quantile_maximum_bin_sample_share,0.35237423043617516,0.1557276900629886,-0.19664654037318657,True
3,raw_safe,72,Isotonic,calibration_ablation_results,val_quantile_maximum_bin_sample_share,0.5679262404953678,0.5652572330102845,-0.0026690074850832524,True
3,raw_safe,72,Platt,calibration_ablation_results,val_quantile_maximum_bin_sample_share,0.2645579530491928,0.39884758187921854,0.13428962883002576,True
3,raw_safe,72,Uncalibrated,calibration_ablation_results,val_quantile_maximum_bin_sample_share,0.12923037686385688,0.1389485296734321,0.00971815280957522,True
3,raw_safe,82,Isotonic,calibration_ablation_results,val_quantile_maximum_bin_sample_share,0.5779795020225146,0.5845630538190532,0.006583551796538578,True
3,raw_safe,82,Platt,calibration_ablation_results,val_quantile_maximum_bin_sample_share,0.1590461560361087,0.5845630538190532,0.42551689778294444,True
3,raw_safe,82,Uncalibrated,calibration_ablation_results,val_quantile_maximum_bin_sample_share,0.1590461560361087,0.12653467930392284,-0.03251147673218585,True
3,recipient_full_weight_2,42,Isotonic,calibration_ablation_results,val_quantile_maximum_bin_sample_share,0.6405706931115882,0.6314871709706884,-0.009083522140899802,True
3,recipient_full_weight_2,42,Platt,calibration_ablation_results,val_quantile_maximum_bin_sample_share,0.3371430943879669,0.234469342000688,-0.10267375238727891,True
3,recipient_full_weight_2,42,Uncalibrated,calibration_ablation_results,val_quantile_maximum_bin_sample_share,0.3371430943879669,0.234469342000688,-0.10267375238727891,True
3,recipient_full_weight_2,52,Isotonic,calibration_ablation_results,val_quantile_maximum_bin_sample_share,0.6704279901780524,0.5997586031007935,-0.0706693870772589,True
3,recipient_full_weight_2,52,Platt,calibration_ablation_results,val_quantile_maximum_bin_sample_share,0.3009780429650894,0.2524940392166167,-0.048484003748472726,True
3,recipient_full_weight_2,52,Uncalibrated,calibration_ablation_results,val_quantile_maximum_bin_sample_share,0.3009780429650894,0.2524940392166167,-0.048484003748472726,True
3,recipient_full_weight_2,62,Isotonic,calibration_ablation_results,val_quantile_maximum_bin_sample_share,0.6495889728472972,0.5795423541832244,-0.0700466186640728,True
3,recipient_full_weight_2,62,Platt,calibration_ablation_results,val_quantile_maximum_bin_sample_share,0.3514163533054175,0.2411922752992254,-0.11022407800619208,True
3,recipient_full_weight_2,62,Uncalibrated,calibration_ablation_results,val_quantile_maximum_bin_sample_share,0.3514163533054175,0.2411922752992254,-0.11022407800619208,True
3,recipient_full_weight_2,72,Isotonic,calibration_ablation_results,val_quantile_maximum_bin_sample_share,0.583053581808045,0.6510094779421359,0.06795589613409092,True
3,recipient_full_weight_2,72,Platt,calibration_ablation_results,val_quantile_maximum_bin_sample_share,0.24650953132228562,0.2489086724949882,0.002399141172702568,True
3,recipient_full_weight_2,72,Uncalibrated,calibration_ablation_results,val_quantile_maximum_bin_sample_share,0.24650953132228562,0.2489086724949882,0.002399141172702568,True
3,recipient_full_weight_2,82,Isotonic,calibration_ablation_results,val_quantile_maximum_bin_sample_share,0.6787730869147459,0.6754457242500089,-0.003327362664736988,True
3,recipient_full_weight_2,82,Platt,calibration_ablation_results,val_quantile_maximum_bin_sample_share,0.17358038457432295,0.25742577193627597,0.08384538736195302,True
3,recipient_full_weight_2,82,Uncalibrated,calibration_ablation_results,val_quantile_maximum_bin_sample_share,0.17358038457432295,0.25742577193627597,0.08384538736195302,True
1,raw_safe,42,Isotonic,calibration_ablation_results,val_quantile_minimum_nonempty_bin_sample_count,39880.0,35489.0,-4391.0,True
1,raw_safe,42,Platt,calibration_ablation_results,val_quantile_minimum_nonempty_bin_sample_count,30830.0,27391.0,-3439.0,True
1,raw_safe,42,Uncalibrated,calibration_ablation_results,val_quantile_minimum_nonempty_bin_sample_count,20562.0,27391.0,6829.0,True
1,raw_safe,52,Isotonic,calibration_ablation_results,val_quantile_minimum_nonempty_bin_sample_count,9816.0,35528.0,25712.0,True
1,raw_safe,52,Platt,calibration_ablation_results,val_quantile_minimum_nonempty_bin_sample_count,31919.0,29941.0,-1978.0,True
1,raw_safe,52,Uncalibrated,calibration_ablation_results,val_quantile_minimum_nonempty_bin_sample_count,30787.0,29941.0,-846.0,True
1,raw_safe,62,Isotonic,calibration_ablation_results,val_quantile_minimum_nonempty_bin_sample_count,14493.0,36130.0,21637.0,True
1,raw_safe,62,Platt,calibration_ablation_results,val_quantile_minimum_nonempty_bin_sample_count,31349.0,29657.0,-1692.0,True
1,raw_safe,62,Uncalibrated,calibration_ablation_results,val_quantile_minimum_nonempty_bin_sample_count,31349.0,15765.0,-15584.0,True
1,raw_safe,72,Isotonic,calibration_ablation_results,val_quantile_minimum_nonempty_bin_sample_count,37535.0,33941.0,-3594.0,True
1,raw_safe,72,Platt,calibration_ablation_results,val_quantile_minimum_nonempty_bin_sample_count,31470.0,25055.0,-6415.0,True
1,raw_safe,72,Uncalibrated,calibration_ablation_results,val_quantile_minimum_nonempty_bin_sample_count,19562.0,25055.0,5493.0,True
1,raw_safe,82,Isotonic,calibration_ablation_results,val_quantile_minimum_nonempty_bin_sample_count,37105.0,28750.0,-8355.0,True
1,raw_safe,82,Platt,calibration_ablation_results,val_quantile_minimum_nonempty_bin_sample_count,28079.0,22232.0,-5847.0,True
1,raw_safe,82,Uncalibrated,calibration_ablation_results,val_quantile_minimum_nonempty_bin_sample_count,26842.0,22232.0,-4610.0,True
1,recipient_full_weight_2,42,Isotonic,calibration_ablation_results,val_quantile_minimum_nonempty_bin_sample_count,87594.0,25947.0,-61647.0,True
1,recipient_full_weight_2,42,Platt,calibration_ablation_results,val_quantile_minimum_nonempty_bin_sample_count,23004.0,5866.0,-17138.0,True
1,recipient_full_weight_2,42,Uncalibrated,calibration_ablation_results,val_quantile_minimum_nonempty_bin_sample_count,23004.0,5866.0,-17138.0,True
1,recipient_full_weight_2,52,Isotonic,calibration_ablation_results,val_quantile_minimum_nonempty_bin_sample_count,31608.0,55976.0,24368.0,True
1,recipient_full_weight_2,52,Platt,calibration_ablation_results,val_quantile_minimum_nonempty_bin_sample_count,9882.0,20732.0,10850.0,True
1,recipient_full_weight_2,52,Uncalibrated,calibration_ablation_results,val_quantile_minimum_nonempty_bin_sample_count,9882.0,20732.0,10850.0,True
1,recipient_full_weight_2,62,Isotonic,calibration_ablation_results,val_quantile_minimum_nonempty_bin_sample_count,42651.0,40992.0,-1659.0,True
1,recipient_full_weight_2,62,Platt,calibration_ablation_results,val_quantile_minimum_nonempty_bin_sample_count,23745.0,16462.0,-7283.0,True
1,recipient_full_weight_2,62,Uncalibrated,calibration_ablation_results,val_quantile_minimum_nonempty_bin_sample_count,23745.0,16462.0,-7283.0,True
1,recipient_full_weight_2,72,Isotonic,calibration_ablation_results,val_quantile_minimum_nonempty_bin_sample_count,25557.0,16286.0,-9271.0,True
1,recipient_full_weight_2,72,Platt,calibration_ablation_results,val_quantile_minimum_nonempty_bin_sample_count,16049.0,26050.0,10001.0,True
1,recipient_full_weight_2,72,Uncalibrated,calibration_ablation_results,val_quantile_minimum_nonempty_bin_sample_count,16049.0,26050.0,10001.0,True
1,recipient_full_weight_2,82,Isotonic,calibration_ablation_results,val_quantile_minimum_nonempty_bin_sample_count,18706.0,41776.0,23070.0,True
1,recipient_full_weight_2,82,Platt,calibration_ablation_results,val_quantile_minimum_nonempty_bin_sample_count,14922.0,26616.0,11694.0,True
1,recipient_full_weight_2,82,Uncalibrated,calibration_ablation_results,val_quantile_minimum_nonempty_bin_sample_count,14922.0,26616.0,11694.0,True
2,raw_safe,42,Isotonic,calibration_ablation_results,val_quantile_minimum_nonempty_bin_sample_count,3115.0,18442.0,15327.0,True
2,raw_safe,42,Platt,calibration_ablation_results,val_quantile_minimum_nonempty_bin_sample_count,1919.0,29745.0,27826.0,True
2,raw_safe,42,Uncalibrated,calibration_ablation_results,val_quantile_minimum_nonempty_bin_sample_count,1919.0,29745.0,27826.0,True
2,raw_safe,52,Isotonic,calibration_ablation_results,val_quantile_minimum_nonempty_bin_sample_count,28362.0,36496.0,8134.0,True
2,raw_safe,52,Platt,calibration_ablation_results,val_quantile_minimum_nonempty_bin_sample_count,32685.0,31265.0,-1420.0,True
2,raw_safe,52,Uncalibrated,calibration_ablation_results,val_quantile_minimum_nonempty_bin_sample_count,23671.0,26414.0,2743.0,True
2,raw_safe,62,Isotonic,calibration_ablation_results,val_quantile_minimum_nonempty_bin_sample_count,21560.0,36521.0,14961.0,True
2,raw_safe,62,Platt,calibration_ablation_results,val_quantile_minimum_nonempty_bin_sample_count,32990.0,32841.0,-149.0,True
2,raw_safe,62,Uncalibrated,calibration_ablation_results,val_quantile_minimum_nonempty_bin_sample_count,30132.0,26338.0,-3794.0,True
2,raw_safe,72,Isotonic,calibration_ablation_results,val_quantile_minimum_nonempty_bin_sample_count,35124.0,6827.0,-28297.0,True
2,raw_safe,72,Platt,calibration_ablation_results,val_quantile_minimum_nonempty_bin_sample_count,27144.0,27381.0,237.0,True
2,raw_safe,72,Uncalibrated,calibration_ablation_results,val_quantile_minimum_nonempty_bin_sample_count,26983.0,27381.0,398.0,True
2,raw_safe,82,Isotonic,calibration_ablation_results,val_quantile_minimum_nonempty_bin_sample_count,12773.0,34738.0,21965.0,True
2,raw_safe,82,Platt,calibration_ablation_results,val_quantile_minimum_nonempty_bin_sample_count,31933.0,9037.0,-22896.0,True
2,raw_safe,82,Uncalibrated,calibration_ablation_results,val_quantile_minimum_nonempty_bin_sample_count,29872.0,9037.0,-20835.0,True
2,recipient_full_weight_2,42,Isotonic,calibration_ablation_results,val_quantile_minimum_nonempty_bin_sample_count,10881.0,30406.0,19525.0,True
2,recipient_full_weight_2,42,Platt,calibration_ablation_results,val_quantile_minimum_nonempty_bin_sample_count,3849.0,15679.0,11830.0,True
2,recipient_full_weight_2,42,Uncalibrated,calibration_ablation_results,val_quantile_minimum_nonempty_bin_sample_count,3849.0,15679.0,11830.0,True
2,recipient_full_weight_2,52,Isotonic,calibration_ablation_results,val_quantile_minimum_nonempty_bin_sample_count,38440.0,32318.0,-6122.0,True
2,recipient_full_weight_2,52,Platt,calibration_ablation_results,val_quantile_minimum_nonempty_bin_sample_count,24302.0,29908.0,5606.0,True
2,recipient_full_weight_2,52,Uncalibrated,calibration_ablation_results,val_quantile_minimum_nonempty_bin_sample_count,24302.0,29908.0,5606.0,True
2,recipient_full_weight_2,62,Isotonic,calibration_ablation_results,val_quantile_minimum_nonempty_bin_sample_count,32252.0,53197.0,20945.0,True
2,recipient_full_weight_2,62,Platt,calibration_ablation_results,val_quantile_minimum_nonempty_bin_sample_count,318.0,9863.0,9545.0,True
2,recipient_full_weight_2,62,Uncalibrated,calibration_ablation_results,val_quantile_minimum_nonempty_bin_sample_count,318.0,9863.0,9545.0,True
2,recipient_full_weight_2,72,Isotonic,calibration_ablation_results,val_quantile_minimum_nonempty_bin_sample_count,71481.0,37230.0,-34251.0,True
2,recipient_full_weight_2,72,Platt,calibration_ablation_results,val_quantile_minimum_nonempty_bin_sample_count,22581.0,12605.0,-9976.0,True
2,recipient_full_weight_2,72,Uncalibrated,calibration_ablation_results,val_quantile_minimum_nonempty_bin_sample_count,22581.0,12605.0,-9976.0,True
2,recipient_full_weight_2,82,Isotonic,calibration_ablation_results,val_quantile_minimum_nonempty_bin_sample_count,14468.0,22753.0,8285.0,True
2,recipient_full_weight_2,82,Platt,calibration_ablation_results,val_quantile_minimum_nonempty_bin_sample_count,11802.0,14432.0,2630.0,True
2,recipient_full_weight_2,82,Uncalibrated,calibration_ablation_results,val_quantile_minimum_nonempty_bin_sample_count,11802.0,14432.0,2630.0,True
3,raw_safe,42,Isotonic,calibration_ablation_results,val_quantile_minimum_nonempty_bin_sample_count,35686.0,34538.0,-1148.0,True
3,raw_safe,42,Platt,calibration_ablation_results,val_quantile_minimum_nonempty_bin_sample_count,32829.0,12142.0,-20687.0,True
3,raw_safe,42,Uncalibrated,calibration_ablation_results,val_quantile_minimum_nonempty_bin_sample_count,25986.0,12142.0,-13844.0,True
3,raw_safe,52,Isotonic,calibration_ablation_results,val_quantile_minimum_nonempty_bin_sample_count,22987.0,33924.0,10937.0,True
3,raw_safe,52,Platt,calibration_ablation_results,val_quantile_minimum_nonempty_bin_sample_count,25069.0,33409.0,8340.0,True
3,raw_safe,52,Uncalibrated,calibration_ablation_results,val_quantile_minimum_nonempty_bin_sample_count,25069.0,30421.0,5352.0,True
3,raw_safe,62,Isotonic,calibration_ablation_results,val_quantile_minimum_nonempty_bin_sample_count,34257.0,12786.0,-21471.0,True
3,raw_safe,62,Platt,calibration_ablation_results,val_quantile_minimum_nonempty_bin_sample_count,31676.0,14583.0,-17093.0,True
3,raw_safe,62,Uncalibrated,calibration_ablation_results,val_quantile_minimum_nonempty_bin_sample_count,6321.0,14583.0,8262.0,True
3,raw_safe,72,Isotonic,calibration_ablation_results,val_quantile_minimum_nonempty_bin_sample_count,36896.0,34050.0,-2846.0,True
3,raw_safe,72,Platt,calibration_ablation_results,val_quantile_minimum_nonempty_bin_sample_count,31619.0,20279.0,-11340.0,True
3,raw_safe,72,Uncalibrated,calibration_ablation_results,val_quantile_minimum_nonempty_bin_sample_count,23355.0,20279.0,-3076.0,True
3,raw_safe,82,Isotonic,calibration_ablation_results,val_quantile_minimum_nonempty_bin_sample_count,41741.0,18398.0,-23343.0,True
3,raw_safe,82,Platt,calibration_ablation_results,val_quantile_minimum_nonempty_bin_sample_count,13608.0,33409.0,19801.0,True
3,raw_safe,82,Uncalibrated,calibration_ablation_results,val_quantile_minimum_nonempty_bin_sample_count,13608.0,25303.0,11695.0,True
3,recipient_full_weight_2,42,Isotonic,calibration_ablation_results,val_quantile_minimum_nonempty_bin_sample_count,31095.0,27416.0,-3679.0,True
3,recipient_full_weight_2,42,Platt,calibration_ablation_results,val_quantile_minimum_nonempty_bin_sample_count,23823.0,6558.0,-17265.0,True
3,recipient_full_weight_2,42,Uncalibrated,calibration_ablation_results,val_quantile_minimum_nonempty_bin_sample_count,23823.0,6558.0,-17265.0,True
3,recipient_full_weight_2,52,Isotonic,calibration_ablation_results,val_quantile_minimum_nonempty_bin_sample_count,27662.0,35456.0,7794.0,True
3,recipient_full_weight_2,52,Platt,calibration_ablation_results,val_quantile_minimum_nonempty_bin_sample_count,28953.0,21604.0,-7349.0,True
3,recipient_full_weight_2,52,Uncalibrated,calibration_ablation_results,val_quantile_minimum_nonempty_bin_sample_count,28953.0,21604.0,-7349.0,True
3,recipient_full_weight_2,62,Isotonic,calibration_ablation_results,val_quantile_minimum_nonempty_bin_sample_count,42254.0,33090.0,-9164.0,True
3,recipient_full_weight_2,62,Platt,calibration_ablation_results,val_quantile_minimum_nonempty_bin_sample_count,15812.0,24586.0,8774.0,True
3,recipient_full_weight_2,62,Uncalibrated,calibration_ablation_results,val_quantile_minimum_nonempty_bin_sample_count,15812.0,24586.0,8774.0,True
3,recipient_full_weight_2,72,Isotonic,calibration_ablation_results,val_quantile_minimum_nonempty_bin_sample_count,36669.0,36498.0,-171.0,True
3,recipient_full_weight_2,72,Platt,calibration_ablation_results,val_quantile_minimum_nonempty_bin_sample_count,16927.0,9874.0,-7053.0,True
3,recipient_full_weight_2,72,Uncalibrated,calibration_ablation_results,val_quantile_minimum_nonempty_bin_sample_count,16927.0,9874.0,-7053.0,True
3,recipient_full_weight_2,82,Isotonic,calibration_ablation_results,val_quantile_minimum_nonempty_bin_sample_count,35210.0,109441.0,74231.0,True
3,recipient_full_weight_2,82,Platt,calibration_ablation_results,val_quantile_minimum_nonempty_bin_sample_count,16900.0,9095.0,-7805.0,True
3,recipient_full_weight_2,82,Uncalibrated,calibration_ablation_results,val_quantile_minimum_nonempty_bin_sample_count,16900.0,9095.0,-7805.0,True
1,raw_safe,42,Isotonic,calibration_ablation_results,val_quantile_maximum_bin_sample_count,183963.0,185591.0,1628.0,True
1,raw_safe,42,Platt,calibration_ablation_results,val_quantile_maximum_bin_sample_count,99094.0,98898.0,-196.0,True
1,raw_safe,42,Uncalibrated,calibration_ablation_results,val_quantile_maximum_bin_sample_count,43874.0,42415.0,-1459.0,True
1,raw_safe,52,Isotonic,calibration_ablation_results,val_quantile_maximum_bin_sample_count,189736.0,183099.0,-6637.0,True
1,raw_safe,52,Platt,calibration_ablation_results,val_quantile_maximum_bin_sample_count,132316.0,132335.0,19.0,True
1,raw_safe,52,Uncalibrated,calibration_ablation_results,val_quantile_maximum_bin_sample_count,35968.0,35158.0,-810.0,True
1,raw_safe,62,Isotonic,calibration_ablation_results,val_quantile_maximum_bin_sample_count,185025.0,123744.0,-61281.0,True
1,raw_safe,62,Platt,calibration_ablation_results,val_quantile_maximum_bin_sample_count,34317.0,131837.0,97520.0,True
1,raw_safe,62,Uncalibrated,calibration_ablation_results,val_quantile_maximum_bin_sample_count,34317.0,49346.0,15029.0,True
1,raw_safe,72,Isotonic,calibration_ablation_results,val_quantile_maximum_bin_sample_count,183530.0,183279.0,-251.0,True
1,raw_safe,72,Platt,calibration_ablation_results,val_quantile_maximum_bin_sample_count,131473.0,40536.0,-90937.0,True
1,raw_safe,72,Uncalibrated,calibration_ablation_results,val_quantile_maximum_bin_sample_count,43050.0,40536.0,-2514.0,True
1,raw_safe,82,Isotonic,calibration_ablation_results,val_quantile_maximum_bin_sample_count,185996.0,187122.0,1126.0,True
1,raw_safe,82,Platt,calibration_ablation_results,val_quantile_maximum_bin_sample_count,129722.0,48743.0,-80979.0,True
1,raw_safe,82,Uncalibrated,calibration_ablation_results,val_quantile_maximum_bin_sample_count,40396.0,48743.0,8347.0,True
1,recipient_full_weight_2,42,Isotonic,calibration_ablation_results,val_quantile_maximum_bin_sample_count,243309.0,225377.0,-17932.0,True
1,recipient_full_weight_2,42,Platt,calibration_ablation_results,val_quantile_maximum_bin_sample_count,42817.0,65913.0,23096.0,True
1,recipient_full_weight_2,42,Uncalibrated,calibration_ablation_results,val_quantile_maximum_bin_sample_count,42817.0,53325.0,10508.0,True
1,recipient_full_weight_2,52,Isotonic,calibration_ablation_results,val_quantile_maximum_bin_sample_count,205567.0,197834.0,-7733.0,True
1,recipient_full_weight_2,52,Platt,calibration_ablation_results,val_quantile_maximum_bin_sample_count,55854.0,46148.0,-9706.0,True
1,recipient_full_weight_2,52,Uncalibrated,calibration_ablation_results,val_quantile_maximum_bin_sample_count,55854.0,46148.0,-9706.0,True
1,recipient_full_weight_2,62,Isotonic,calibration_ablation_results,val_quantile_maximum_bin_sample_count,215826.0,222799.0,6973.0,True
1,recipient_full_weight_2,62,Platt,calibration_ablation_results,val_quantile_maximum_bin_sample_count,118411.0,71017.0,-47394.0,True
1,recipient_full_weight_2,62,Uncalibrated,calibration_ablation_results,val_quantile_maximum_bin_sample_count,118411.0,71017.0,-47394.0,True
1,recipient_full_weight_2,72,Isotonic,calibration_ablation_results,val_quantile_maximum_bin_sample_count,214900.0,226374.0,11474.0,True
1,recipient_full_weight_2,72,Platt,calibration_ablation_results,val_quantile_maximum_bin_sample_count,50172.0,61517.0,11345.0,True
1,recipient_full_weight_2,72,Uncalibrated,calibration_ablation_results,val_quantile_maximum_bin_sample_count,50172.0,61517.0,11345.0,True
1,recipient_full_weight_2,82,Isotonic,calibration_ablation_results,val_quantile_maximum_bin_sample_count,188033.0,213609.0,25576.0,True
1,recipient_full_weight_2,82,Platt,calibration_ablation_results,val_quantile_maximum_bin_sample_count,81914.0,38844.0,-43070.0,True
1,recipient_full_weight_2,82,Uncalibrated,calibration_ablation_results,val_quantile_maximum_bin_sample_count,81914.0,38844.0,-43070.0,True
2,raw_safe,42,Isotonic,calibration_ablation_results,val_quantile_maximum_bin_sample_count,182380.0,186190.0,3810.0,True
2,raw_safe,42,Platt,calibration_ablation_results,val_quantile_maximum_bin_sample_count,98820.0,98730.0,-90.0,True
2,raw_safe,42,Uncalibrated,calibration_ablation_results,val_quantile_maximum_bin_sample_count,64178.0,36052.0,-28126.0,True
2,raw_safe,52,Isotonic,calibration_ablation_results,val_quantile_maximum_bin_sample_count,187456.0,185535.0,-1921.0,True
2,raw_safe,52,Platt,calibration_ablation_results,val_quantile_maximum_bin_sample_count,126981.0,197359.0,70378.0,True
2,raw_safe,52,Uncalibrated,calibration_ablation_results,val_quantile_maximum_bin_sample_count,42071.0,36477.0,-5594.0,True
2,raw_safe,62,Isotonic,calibration_ablation_results,val_quantile_maximum_bin_sample_count,190663.0,187552.0,-3111.0,True
2,raw_safe,62,Platt,calibration_ablation_results,val_quantile_maximum_bin_sample_count,196457.0,130991.0,-65466.0,True
2,raw_safe,62,Uncalibrated,calibration_ablation_results,val_quantile_maximum_bin_sample_count,37200.0,39360.0,2160.0,True
2,raw_safe,72,Isotonic,calibration_ablation_results,val_quantile_maximum_bin_sample_count,186223.0,187076.0,853.0,True
2,raw_safe,72,Platt,calibration_ablation_results,val_quantile_maximum_bin_sample_count,197906.0,97909.0,-99997.0,True
2,raw_safe,72,Uncalibrated,calibration_ablation_results,val_quantile_maximum_bin_sample_count,38978.0,38371.0,-607.0,True
2,raw_safe,82,Isotonic,calibration_ablation_results,val_quantile_maximum_bin_sample_count,185841.0,189739.0,3898.0,True
2,raw_safe,82,Platt,calibration_ablation_results,val_quantile_maximum_bin_sample_count,130113.0,95550.0,-34563.0,True
2,raw_safe,82,Uncalibrated,calibration_ablation_results,val_quantile_maximum_bin_sample_count,34738.0,58660.0,23922.0,True
2,recipient_full_weight_2,42,Isotonic,calibration_ablation_results,val_quantile_maximum_bin_sample_count,230125.0,211561.0,-18564.0,True
2,recipient_full_weight_2,42,Platt,calibration_ablation_results,val_quantile_maximum_bin_sample_count,62332.0,72021.0,9689.0,True
2,recipient_full_weight_2,42,Uncalibrated,calibration_ablation_results,val_quantile_maximum_bin_sample_count,62332.0,72021.0,9689.0,True
2,recipient_full_weight_2,52,Isotonic,calibration_ablation_results,val_quantile_maximum_bin_sample_count,222685.0,256994.0,34309.0,True
2,recipient_full_weight_2,52,Platt,calibration_ablation_results,val_quantile_maximum_bin_sample_count,58291.0,60376.0,2085.0,True
2,recipient_full_weight_2,52,Uncalibrated,calibration_ablation_results,val_quantile_maximum_bin_sample_count,58291.0,60376.0,2085.0,True
2,recipient_full_weight_2,62,Isotonic,calibration_ablation_results,val_quantile_maximum_bin_sample_count,210967.0,212976.0,2009.0,True
2,recipient_full_weight_2,62,Platt,calibration_ablation_results,val_quantile_maximum_bin_sample_count,63406.0,45693.0,-17713.0,True
2,recipient_full_weight_2,62,Uncalibrated,calibration_ablation_results,val_quantile_maximum_bin_sample_count,63406.0,45693.0,-17713.0,True
2,recipient_full_weight_2,72,Isotonic,calibration_ablation_results,val_quantile_maximum_bin_sample_count,258448.0,245004.0,-13444.0,True
2,recipient_full_weight_2,72,Platt,calibration_ablation_results,val_quantile_maximum_bin_sample_count,54321.0,82510.0,28189.0,True
2,recipient_full_weight_2,72,Uncalibrated,calibration_ablation_results,val_quantile_maximum_bin_sample_count,54321.0,82510.0,28189.0,True
2,recipient_full_weight_2,82,Isotonic,calibration_ablation_results,val_quantile_maximum_bin_sample_count,227689.0,229915.0,2226.0,True
2,recipient_full_weight_2,82,Platt,calibration_ablation_results,val_quantile_maximum_bin_sample_count,53252.0,46797.0,-6455.0,True
2,recipient_full_weight_2,82,Uncalibrated,calibration_ablation_results,val_quantile_maximum_bin_sample_count,51080.0,46797.0,-4283.0,True
3,raw_safe,42,Isotonic,calibration_ablation_results,val_quantile_maximum_bin_sample_count,195102.0,190014.0,-5088.0,True
3,raw_safe,42,Platt,calibration_ablation_results,val_quantile_maximum_bin_sample_count,93356.0,100291.0,6935.0,True
3,raw_safe,42,Uncalibrated,calibration_ablation_results,val_quantile_maximum_bin_sample_count,40081.0,56150.0,16069.0,True
3,raw_safe,52,Isotonic,calibration_ablation_results,val_quantile_maximum_bin_sample_count,191152.0,194285.0,3133.0,True
3,raw_safe,52,Platt,calibration_ablation_results,val_quantile_maximum_bin_sample_count,100667.0,63524.0,-37143.0,True
3,raw_safe,52,Uncalibrated,calibration_ablation_results,val_quantile_maximum_bin_sample_count,42743.0,36275.0,-6468.0,True
3,raw_safe,62,Isotonic,calibration_ablation_results,val_quantile_maximum_bin_sample_count,190420.0,201548.0,11128.0,True
3,raw_safe,62,Platt,calibration_ablation_results,val_quantile_maximum_bin_sample_count,118822.0,134453.0,15631.0,True
3,raw_safe,62,Uncalibrated,calibration_ablation_results,val_quantile_maximum_bin_sample_count,118822.0,52512.0,-66310.0,True
3,raw_safe,72,Isotonic,calibration_ablation_results,val_quantile_maximum_bin_sample_count,191507.0,190607.0,-900.0,True
3,raw_safe,72,Platt,calibration_ablation_results,val_quantile_maximum_bin_sample_count,89210.0,134493.0,45283.0,True
3,raw_safe,72,Uncalibrated,calibration_ablation_results,val_quantile_maximum_bin_sample_count,43577.0,46854.0,3277.0,True
3,raw_safe,82,Isotonic,calibration_ablation_results,val_quantile_maximum_bin_sample_count,194897.0,197117.0,2220.0,True
3,raw_safe,82,Platt,calibration_ablation_results,val_quantile_maximum_bin_sample_count,53631.0,197117.0,143486.0,True
3,raw_safe,82,Uncalibrated,calibration_ablation_results,val_quantile_maximum_bin_sample_count,53631.0,42668.0,-10963.0,True
3,recipient_full_weight_2,42,Isotonic,calibration_ablation_results,val_quantile_maximum_bin_sample_count,216003.0,212940.0,-3063.0,True
3,recipient_full_weight_2,42,Platt,calibration_ablation_results,val_quantile_maximum_bin_sample_count,113686.0,79064.0,-34622.0,True
3,recipient_full_weight_2,42,Uncalibrated,calibration_ablation_results,val_quantile_maximum_bin_sample_count,113686.0,79064.0,-34622.0,True
3,recipient_full_weight_2,52,Isotonic,calibration_ablation_results,val_quantile_maximum_bin_sample_count,226071.0,202241.0,-23830.0,True
3,recipient_full_weight_2,52,Platt,calibration_ablation_results,val_quantile_maximum_bin_sample_count,101491.0,85142.0,-16349.0,True
3,recipient_full_weight_2,52,Uncalibrated,calibration_ablation_results,val_quantile_maximum_bin_sample_count,101491.0,85142.0,-16349.0,True
3,recipient_full_weight_2,62,Isotonic,calibration_ablation_results,val_quantile_maximum_bin_sample_count,219044.0,195424.0,-23620.0,True
3,recipient_full_weight_2,62,Platt,calibration_ablation_results,val_quantile_maximum_bin_sample_count,118499.0,81331.0,-37168.0,True
3,recipient_full_weight_2,62,Uncalibrated,calibration_ablation_results,val_quantile_maximum_bin_sample_count,118499.0,81331.0,-37168.0,True
3,recipient_full_weight_2,72,Isotonic,calibration_ablation_results,val_quantile_maximum_bin_sample_count,196608.0,219523.0,22915.0,True
3,recipient_full_weight_2,72,Platt,calibration_ablation_results,val_quantile_maximum_bin_sample_count,83124.0,83933.0,809.0,True
3,recipient_full_weight_2,72,Uncalibrated,calibration_ablation_results,val_quantile_maximum_bin_sample_count,83124.0,83933.0,809.0,True
3,recipient_full_weight_2,82,Isotonic,calibration_ablation_results,val_quantile_maximum_bin_sample_count,228885.0,227763.0,-1122.0,True
3,recipient_full_weight_2,82,Platt,calibration_ablation_results,val_quantile_maximum_bin_sample_count,58532.0,86805.0,28273.0,True
3,recipient_full_weight_2,82,Uncalibrated,calibration_ablation_results,val_quantile_maximum_bin_sample_count,58532.0,86805.0,28273.0,True
1,raw_safe,42,Isotonic,calibration_ablation_results,test_uniform_ece_10,7.509450241671775e-05,6.148283961980277e-05,-1.3611662796914983e-05,True
1,raw_safe,42,Platt,calibration_ablation_results,test_uniform_ece_10,0.00017620055898560173,3.78225856040193e-05,-0.00013837797338158244,True
1,raw_safe,42,Uncalibrated,calibration_ablation_results,test_uniform_ece_10,0.0003441716623942672,0.0003806035193587917,3.643185696452448e-05,True
1,raw_safe,52,Isotonic,calibration_ablation_results,test_uniform_ece_10,8.467626307965615e-05,2.9410732970802286e-05,-5.526553010885386e-05,True
1,raw_safe,52,Platt,calibration_ablation_results,test_uniform_ece_10,5.330885903809101e-05,2.6225948117717346e-05,-2.7082910920373666e-05,True
1,raw_safe,52,Uncalibrated,calibration_ablation_results,test_uniform_ece_10,0.0003282585140051036,0.0006771273471578908,0.00034886883315278717,True
1,raw_safe,62,Isotonic,calibration_ablation_results,test_uniform_ece_10,5.833198296972006e-05,7.359120882375037e-05,1.5259225854030313e-05,True
1,raw_safe,62,Platt,calibration_ablation_results,test_uniform_ece_10,0.00018847515129683925,0.00019184266173433645,3.367510437497198e-06,True
1,raw_safe,62,Uncalibrated,calibration_ablation_results,test_uniform_ece_10,0.0004564413193108555,0.0005117462203509584,5.530490104010288e-05,True
1,raw_safe,72,Isotonic,calibration_ablation_results,test_uniform_ece_10,9.201186653361489e-05,9.060867836389769e-05,-1.4031881697172075e-06,True
1,raw_safe,72,Platt,calibration_ablation_results,test_uniform_ece_10,5.160505872063279e-05,7.22901979021891e-05,2.068513918155631e-05,True
1,raw_safe,72,Uncalibrated,calibration_ablation_results,test_uniform_ece_10,0.00026763069813109263,0.00044458738659315785,0.00017695668846206522,True
1,raw_safe,82,Isotonic,calibration_ablation_results,test_uniform_ece_10,6.262144112614884e-05,2.2820066150107962e-05,-3.980137497604088e-05,True
1,raw_safe,82,Platt,calibration_ablation_results,test_uniform_ece_10,3.4552882579224e-05,3.2685993279460814e-05,-1.8668892997631887e-06,True
1,raw_safe,82,Uncalibrated,calibration_ablation_results,test_uniform_ece_10,0.00035602287937137596,0.0003593593636047368,3.3364842333608166e-06,True
1,recipient_full_weight_2,42,Isotonic,calibration_ablation_results,test_uniform_ece_10,7.12941293063364e-05,0.00012381201403399537,5.251788472765897e-05,True
1,recipient_full_weight_2,42,Platt,calibration_ablation_results,test_uniform_ece_10,6.187893064163749e-05,7.292828704386242e-05,1.1049356402224934e-05,True
1,recipient_full_weight_2,42,Uncalibrated,calibration_ablation_results,test_uniform_ece_10,0.0011448230318292065,0.0008916027593161742,-0.0002532202725130323,True
1,recipient_full_weight_2,52,Isotonic,calibration_ablation_results,test_uniform_ece_10,0.00012153931893769562,5.713853904591825e-05,-6.440077989177737e-05,True
1,recipient_full_weight_2,52,Platt,calibration_ablation_results,test_uniform_ece_10,7.1956795607992e-05,0.0001354803526586205,6.35235570506285e-05,True
1,recipient_full_weight_2,52,Uncalibrated,calibration_ablation_results,test_uniform_ece_10,0.0002988506232393642,0.0007905201697688681,0.0004916695465295039,True
1,recipient_full_weight_2,62,Isotonic,calibration_ablation_results,test_uniform_ece_10,0.00010752555801074078,8.832999272971264e-05,-1.919556528102813e-05,True
1,recipient_full_weight_2,62,Platt,calibration_ablation_results,test_uniform_ece_10,4.657802364125763e-05,7.252554856673455e-05,2.5947524925476913e-05,True
1,recipient_full_weight_2,62,Uncalibrated,calibration_ablation_results,test_uniform_ece_10,0.00035546267268452014,0.000334177645411192,-2.1285027273328138e-05,True
1,recipient_full_weight_2,72,Isotonic,calibration_ablation_results,test_uniform_ece_10,0.0001062237169870968,6.754099119994265e-05,-3.868272578715415e-05,True
1,recipient_full_weight_2,72,Platt,calibration_ablation_results,test_uniform_ece_10,8.273240510774941e-05,3.619373392691426e-05,-4.653867118083515e-05,True
1,recipient_full_weight_2,72,Uncalibrated,calibration_ablation_results,test_uniform_ece_10,0.0002487703088039719,0.0002747919519380643,2.602164313409241e-05,True
1,recipient_full_weight_2,82,Isotonic,calibration_ablation_results,test_uniform_ece_10,8.083356586116427e-05,7.906015726593661e-05,-1.7734085952276644e-06,True
1,recipient_full_weight_2,82,Platt,calibration_ablation_results,test_uniform_ece_10,0.0001098258528447123,0.00014285022709946123,3.3024374254748924e-05,True
1,recipient_full_weight_2,82,Uncalibrated,calibration_ablation_results,test_uniform_ece_10,0.00025133864720858787,0.0006198500796176651,0.00036851143240907726,True
2,raw_safe,42,Isotonic,calibration_ablation_results,test_uniform_ece_10,0.00019410698288709234,0.00019018033057544283,-3.9266523116495095e-06,True
2,raw_safe,42,Platt,calibration_ablation_results,test_uniform_ece_10,0.00018907997767603335,0.00018558902819256612,-3.4909494834672275e-06,True
2,raw_safe,42,Uncalibrated,calibration_ablation_results,test_uniform_ece_10,0.0002797467357076704,0.00018203206804926872,-9.771466765840168e-05,True
2,raw_safe,52,Isotonic,calibration_ablation_results,test_uniform_ece_10,0.00019887248345713707,0.0001997875009018774,9.150174447403279e-07,True
2,raw_safe,52,Platt,calibration_ablation_results,test_uniform_ece_10,0.00020293157888301905,0.00018145438576304645,-2.1477193119972594e-05,True
2,raw_safe,52,Uncalibrated,calibration_ablation_results,test_uniform_ece_10,0.00025100568650174385,0.00039760447432134107,0.00014659878781959722,True
2,raw_safe,62,Isotonic,calibration_ablation_results,test_uniform_ece_10,0.00018954366674068542,0.00018009649607148516,-9.447170669200255e-06,True
2,raw_safe,62,Platt,calibration_ablation_results,test_uniform_ece_10,0.00018989415867153345,0.00020432637905144752,1.4432220379914065e-05,True
2,raw_safe,62,Uncalibrated,calibration_ablation_results,test_uniform_ece_10,0.0002106838054635433,0.00040994878771644566,0.00019926498225290236,True
2,raw_safe,72,Isotonic,calibration_ablation_results,test_uniform_ece_10,0.0001860036099083316,0.00019288863332341755,6.885023415085964e-06,True
2,raw_safe,72,Platt,calibration_ablation_results,test_uniform_ece_10,0.0001886732172954953,0.00019590915824443296,7.235940948937657e-06,True
2,raw_safe,72,Uncalibrated,calibration_ablation_results,test_uniform_ece_10,0.00029164360469340967,0.0002243875766639519,-6.725602802945776e-05,True
2,raw_safe,82,Isotonic,calibration_ablation_results,test_uniform_ece_10,0.00018387655734337571,0.00019409550668627522,1.0218949342899502e-05,True
2,raw_safe,82,Platt,calibration_ablation_results,test_uniform_ece_10,0.00018630497356855413,0.00019653292440613865,1.0227950837584526e-05,True
2,raw_safe,82,Uncalibrated,calibration_ablation_results,test_uniform_ece_10,0.00018791675370872742,0.0001235448939906523,-6.437185971807513e-05,True
2,recipient_full_weight_2,42,Isotonic,calibration_ablation_results,test_uniform_ece_10,0.00016121226085895319,0.00010534455292927002,-5.586770792968316e-05,True
2,recipient_full_weight_2,42,Platt,calibration_ablation_results,test_uniform_ece_10,4.5339949000894796e-05,0.00013440084829519902,8.906089929430422e-05,True
2,recipient_full_weight_2,42,Uncalibrated,calibration_ablation_results,test_uniform_ece_10,0.001009370996341453,0.0021207132451821773,0.0011113422488407243,True
2,recipient_full_weight_2,52,Isotonic,calibration_ablation_results,test_uniform_ece_10,8.071501012948474e-05,0.00012746674332355756,4.6751733194072824e-05,True
2,recipient_full_weight_2,52,Platt,calibration_ablation_results,test_uniform_ece_10,8.127148803345179e-05,3.443369376736994e-05,-4.6837794266081845e-05,True
2,recipient_full_weight_2,52,Uncalibrated,calibration_ablation_results,test_uniform_ece_10,0.0031773499321920886,0.003974646759626875,0.0007972968274347868,True
2,recipient_full_weight_2,62,Isotonic,calibration_ablation_results,test_uniform_ece_10,0.00020245343982327048,0.00011959786950221201,-8.285557032105846e-05,True
2,recipient_full_weight_2,62,Platt,calibration_ablation_results,test_uniform_ece_10,0.00022999483997496203,0.0003033163859271934,7.332154595223137e-05,True
2,recipient_full_weight_2,62,Uncalibrated,calibration_ablation_results,test_uniform_ece_10,0.004409370537242909,0.0036755831510524896,-0.0007337873861904196,True
2,recipient_full_weight_2,72,Isotonic,calibration_ablation_results,test_uniform_ece_10,0.00024163476038179563,0.00017088073429889512,-7.075402608290051e-05,True
2,recipient_full_weight_2,72,Platt,calibration_ablation_results,test_uniform_ece_10,0.00031088890072701093,0.00021164536792342892,-9.924353280358201e-05,True
2,recipient_full_weight_2,72,Uncalibrated,calibration_ablation_results,test_uniform_ece_10,0.004404835287745096,0.008045696719350962,0.003640861431605866,True
2,recipient_full_weight_2,82,Isotonic,calibration_ablation_results,test_uniform_ece_10,0.00011023937575705561,0.00015403804215846214,4.379866640140653e-05,True
2,recipient_full_weight_2,82,Platt,calibration_ablation_results,test_uniform_ece_10,8.284571906623999e-05,0.00011132916286954664,2.848344380330665e-05,True
2,recipient_full_weight_2,82,Uncalibrated,calibration_ablation_results,test_uniform_ece_10,0.0021218057688117114,0.002207389414780745,8.558364596903366e-05,True
3,raw_safe,42,Isotonic,calibration_ablation_results,test_uniform_ece_10,0.0044659010409256504,0.004494946019403686,2.9044978478035346e-05,True
3,raw_safe,42,Platt,calibration_ablation_results,test_uniform_ece_10,0.004322717882503276,0.004384226275180445,6.150839267716861e-05,True
3,raw_safe,42,Uncalibrated,calibration_ablation_results,test_uniform_ece_10,0.004495714640398509,0.004622001313512317,0.00012628667311380837,True
3,raw_safe,52,Isotonic,calibration_ablation_results,test_uniform_ece_10,0.00445144281877994,0.00446428239460565,1.283957582571063e-05,True
3,raw_safe,52,Platt,calibration_ablation_results,test_uniform_ece_10,0.004320931174926613,0.00438204194742823,6.1110772501617e-05,True
3,raw_safe,52,Uncalibrated,calibration_ablation_results,test_uniform_ece_10,0.004550813535681848,0.004508649456594122,-4.216407908772587e-05,True
3,raw_safe,62,Isotonic,calibration_ablation_results,test_uniform_ece_10,0.004621371480463946,0.004467712438521398,-0.00015365904194254796,True
3,raw_safe,62,Platt,calibration_ablation_results,test_uniform_ece_10,0.004598146857270888,0.004340149455813512,-0.0002579974014573763,True
3,raw_safe,62,Uncalibrated,calibration_ablation_results,test_uniform_ece_10,0.004837665026169508,0.004611108994848624,-0.0002265560313208844,True
3,raw_safe,72,Isotonic,calibration_ablation_results,test_uniform_ece_10,0.00445842026838042,0.004466853142167338,8.432873786917879e-06,True
3,raw_safe,72,Platt,calibration_ablation_results,test_uniform_ece_10,0.004325083031281496,0.004344964076609686,1.9881045328190225e-05,True
3,raw_safe,72,Uncalibrated,calibration_ablation_results,test_uniform_ece_10,0.004567616321411287,0.004584339756017916,1.67234346066282e-05,True
3,raw_safe,82,Isotonic,calibration_ablation_results,test_uniform_ece_10,0.004467784958676825,0.0044595053181095004,-8.279640567324803e-06,True
3,raw_safe,82,Platt,calibration_ablation_results,test_uniform_ece_10,0.004333778841110583,0.004327497112575521,-6.281728535061613e-06,True
3,raw_safe,82,Uncalibrated,calibration_ablation_results,test_uniform_ece_10,0.004541569801010069,0.004534227769821676,-7.342031188392606e-06,True
3,recipient_full_weight_2,42,Isotonic,calibration_ablation_results,test_uniform_ece_10,0.004132865510332196,0.005411863527988603,0.0012789980176564067,True
3,recipient_full_weight_2,42,Platt,calibration_ablation_results,test_uniform_ece_10,0.004656148104074454,0.006233792098384308,0.0015776439943098542,True
3,recipient_full_weight_2,42,Uncalibrated,calibration_ablation_results,test_uniform_ece_10,0.006045954530019048,0.008621602115214238,0.0025756475851951904,True
3,recipient_full_weight_2,52,Isotonic,calibration_ablation_results,test_uniform_ece_10,0.00759902473474363,0.00915145819767625,0.00155243346293262,True
3,recipient_full_weight_2,52,Platt,calibration_ablation_results,test_uniform_ece_10,0.007860165069186215,0.010452221935654442,0.0025920568664682276,True
3,recipient_full_weight_2,52,Uncalibrated,calibration_ablation_results,test_uniform_ece_10,0.012077485432093804,0.013029150570486665,0.0009516651383928605,True
3,recipient_full_weight_2,62,Isotonic,calibration_ablation_results,test_uniform_ece_10,0.012657021501098417,0.004266821494841684,-0.008390200006256733,True
3,recipient_full_weight_2,62,Platt,calibration_ablation_results,test_uniform_ece_10,0.014364574404139057,0.004622232284784231,-0.009742342119354826,True
3,recipient_full_weight_2,62,Uncalibrated,calibration_ablation_results,test_uniform_ece_10,0.019655142003369572,0.007122550232691184,-0.012532591770678388,True
3,recipient_full_weight_2,72,Isotonic,calibration_ablation_results,test_uniform_ece_10,0.007008185277223532,0.004971748400505904,-0.002036436876717628,True
3,recipient_full_weight_2,72,Platt,calibration_ablation_results,test_uniform_ece_10,0.009575593734865932,0.006653703933161554,-0.0029218898017043787,True
3,recipient_full_weight_2,72,Uncalibrated,calibration_ablation_results,test_uniform_ece_10,0.010299964366986453,0.0064639398672756134,-0.00383602449971084,True
3,recipient_full_weight_2,82,Isotonic,calibration_ablation_results,test_uniform_ece_10,0.007940821650666322,0.010705552089161097,0.002764730438494775,True
3,recipient_full_weight_2,82,Platt,calibration_ablation_results,test_uniform_ece_10,0.00688389508050901,0.011727269395020796,0.004843374314511786,True
3,recipient_full_weight_2,82,Uncalibrated,calibration_ablation_results,test_uniform_ece_10,0.012905512532486372,0.012394516645730488,-0.0005109958867558842,True
1,raw_safe,42,Isotonic,calibration_ablation_results,test_uniform_nonempty_bin_count,3.0,3.0,0.0,False
1,raw_safe,42,Platt,calibration_ablation_results,test_uniform_nonempty_bin_count,2.0,2.0,0.0,False
1,raw_safe,42,Uncalibrated,calibration_ablation_results,test_uniform_nonempty_bin_count,2.0,4.0,2.0,True
1,raw_safe,52,Isotonic,calibration_ablation_results,test_uniform_nonempty_bin_count,2.0,2.0,0.0,False
1,raw_safe,52,Platt,calibration_ablation_results,test_uniform_nonempty_bin_count,2.0,2.0,0.0,False
1,raw_safe,52,Uncalibrated,calibration_ablation_results,test_uniform_nonempty_bin_count,3.0,3.0,0.0,False
1,raw_safe,62,Isotonic,calibration_ablation_results,test_uniform_nonempty_bin_count,4.0,2.0,-2.0,True
1,raw_safe,62,Platt,calibration_ablation_results,test_uniform_nonempty_bin_count,3.0,2.0,-1.0,True
1,raw_safe,62,Uncalibrated,calibration_ablation_results,test_uniform_nonempty_bin_count,4.0,4.0,0.0,False
1,raw_safe,72,Isotonic,calibration_ablation_results,test_uniform_nonempty_bin_count,2.0,2.0,0.0,False
1,raw_safe,72,Platt,calibration_ablation_results,test_uniform_nonempty_bin_count,2.0,2.0,0.0,False
1,raw_safe,72,Uncalibrated,calibration_ablation_results,test_uniform_nonempty_bin_count,2.0,4.0,2.0,True
1,raw_safe,82,Isotonic,calibration_ablation_results,test_uniform_nonempty_bin_count,3.0,1.0,-2.0,True
1,raw_safe,82,Platt,calibration_ablation_results,test_uniform_nonempty_bin_count,2.0,1.0,-1.0,True
1,raw_safe,82,Uncalibrated,calibration_ablation_results,test_uniform_nonempty_bin_count,4.0,1.0,-3.0,True
1,recipient_full_weight_2,42,Isotonic,calibration_ablation_results,test_uniform_nonempty_bin_count,2.0,2.0,0.0,False
1,recipient_full_weight_2,42,Platt,calibration_ablation_results,test_uniform_nonempty_bin_count,3.0,3.0,0.0,False
1,recipient_full_weight_2,42,Uncalibrated,calibration_ablation_results,test_uniform_nonempty_bin_count,10.0,10.0,0.0,False
1,recipient_full_weight_2,52,Isotonic,calibration_ablation_results,test_uniform_nonempty_bin_count,4.0,3.0,-1.0,True
1,recipient_full_weight_2,52,Platt,calibration_ablation_results,test_uniform_nonempty_bin_count,7.0,4.0,-3.0,True
1,recipient_full_weight_2,52,Uncalibrated,calibration_ablation_results,test_uniform_nonempty_bin_count,10.0,10.0,0.0,False
1,recipient_full_weight_2,62,Isotonic,calibration_ablation_results,test_uniform_nonempty_bin_count,5.0,2.0,-3.0,True
1,recipient_full_weight_2,62,Platt,calibration_ablation_results,test_uniform_nonempty_bin_count,4.0,3.0,-1.0,True
1,recipient_full_weight_2,62,Uncalibrated,calibration_ablation_results,test_uniform_nonempty_bin_count,9.0,10.0,1.0,True
1,recipient_full_weight_2,72,Isotonic,calibration_ablation_results,test_uniform_nonempty_bin_count,4.0,6.0,2.0,True
1,recipient_full_weight_2,72,Platt,calibration_ablation_results,test_uniform_nonempty_bin_count,4.0,6.0,2.0,True
1,recipient_full_weight_2,72,Uncalibrated,calibration_ablation_results,test_uniform_nonempty_bin_count,10.0,10.0,0.0,False
1,recipient_full_weight_2,82,Isotonic,calibration_ablation_results,test_uniform_nonempty_bin_count,4.0,7.0,3.0,True
1,recipient_full_weight_2,82,Platt,calibration_ablation_results,test_uniform_nonempty_bin_count,8.0,7.0,-1.0,True
1,recipient_full_weight_2,82,Uncalibrated,calibration_ablation_results,test_uniform_nonempty_bin_count,10.0,10.0,0.0,False
2,raw_safe,42,Isotonic,calibration_ablation_results,test_uniform_nonempty_bin_count,4.0,4.0,0.0,False
2,raw_safe,42,Platt,calibration_ablation_results,test_uniform_nonempty_bin_count,3.0,3.0,0.0,False
2,raw_safe,42,Uncalibrated,calibration_ablation_results,test_uniform_nonempty_bin_count,5.0,4.0,-1.0,True
2,raw_safe,52,Isotonic,calibration_ablation_results,test_uniform_nonempty_bin_count,3.0,2.0,-1.0,True
2,raw_safe,52,Platt,calibration_ablation_results,test_uniform_nonempty_bin_count,6.0,2.0,-4.0,True
2,raw_safe,52,Uncalibrated,calibration_ablation_results,test_uniform_nonempty_bin_count,5.0,3.0,-2.0,True
2,raw_safe,62,Isotonic,calibration_ablation_results,test_uniform_nonempty_bin_count,3.0,3.0,0.0,False
2,raw_safe,62,Platt,calibration_ablation_results,test_uniform_nonempty_bin_count,2.0,4.0,2.0,True
2,raw_safe,62,Uncalibrated,calibration_ablation_results,test_uniform_nonempty_bin_count,3.0,4.0,1.0,True
2,raw_safe,72,Isotonic,calibration_ablation_results,test_uniform_nonempty_bin_count,2.0,4.0,2.0,True
2,raw_safe,72,Platt,calibration_ablation_results,test_uniform_nonempty_bin_count,2.0,3.0,1.0,True
2,raw_safe,72,Uncalibrated,calibration_ablation_results,test_uniform_nonempty_bin_count,4.0,4.0,0.0,False
2,raw_safe,82,Isotonic,calibration_ablation_results,test_uniform_nonempty_bin_count,3.0,3.0,0.0,False
2,raw_safe,82,Platt,calibration_ablation_results,test_uniform_nonempty_bin_count,4.0,4.0,0.0,False
2,raw_safe,82,Uncalibrated,calibration_ablation_results,test_uniform_nonempty_bin_count,4.0,6.0,2.0,True
2,recipient_full_weight_2,42,Isotonic,calibration_ablation_results,test_uniform_nonempty_bin_count,2.0,5.0,3.0,True
2,recipient_full_weight_2,42,Platt,calibration_ablation_results,test_uniform_nonempty_bin_count,2.0,8.0,6.0,True
2,recipient_full_weight_2,42,Uncalibrated,calibration_ablation_results,test_uniform_nonempty_bin_count,10.0,10.0,0.0,False
2,recipient_full_weight_2,52,Isotonic,calibration_ablation_results,test_uniform_nonempty_bin_count,3.0,5.0,2.0,True
2,recipient_full_weight_2,52,Platt,calibration_ablation_results,test_uniform_nonempty_bin_count,2.0,1.0,-1.0,True
2,recipient_full_weight_2,52,Uncalibrated,calibration_ablation_results,test_uniform_nonempty_bin_count,10.0,10.0,0.0,False
2,recipient_full_weight_2,62,Isotonic,calibration_ablation_results,test_uniform_nonempty_bin_count,1.0,4.0,3.0,True
2,recipient_full_weight_2,62,Platt,calibration_ablation_results,test_uniform_nonempty_bin_count,2.0,2.0,0.0,False
2,recipient_full_weight_2,62,Uncalibrated,calibration_ablation_results,test_uniform_nonempty_bin_count,9.0,10.0,1.0,True
2,recipient_full_weight_2,72,Isotonic,calibration_ablation_results,test_uniform_nonempty_bin_count,2.0,1.0,-1.0,True
2,recipient_full_weight_2,72,Platt,calibration_ablation_results,test_uniform_nonempty_bin_count,2.0,1.0,-1.0,True
2,recipient_full_weight_2,72,Uncalibrated,calibration_ablation_results,test_uniform_nonempty_bin_count,10.0,10.0,0.0,False
2,recipient_full_weight_2,82,Isotonic,calibration_ablation_results,test_uniform_nonempty_bin_count,5.0,2.0,-3.0,True
2,recipient_full_weight_2,82,Platt,calibration_ablation_results,test_uniform_nonempty_bin_count,7.0,2.0,-5.0,True
2,recipient_full_weight_2,82,Uncalibrated,calibration_ablation_results,test_uniform_nonempty_bin_count,10.0,10.0,0.0,False
3,raw_safe,42,Isotonic,calibration_ablation_results,test_uniform_nonempty_bin_count,3.0,4.0,1.0,True
3,raw_safe,42,Platt,calibration_ablation_results,test_uniform_nonempty_bin_count,2.0,3.0,1.0,True
3,raw_safe,42,Uncalibrated,calibration_ablation_results,test_uniform_nonempty_bin_count,3.0,3.0,0.0,False
3,raw_safe,52,Isotonic,calibration_ablation_results,test_uniform_nonempty_bin_count,5.0,3.0,-2.0,True
3,raw_safe,52,Platt,calibration_ablation_results,test_uniform_nonempty_bin_count,2.0,3.0,1.0,True
3,raw_safe,52,Uncalibrated,calibration_ablation_results,test_uniform_nonempty_bin_count,4.0,3.0,-1.0,True
3,raw_safe,62,Isotonic,calibration_ablation_results,test_uniform_nonempty_bin_count,4.0,5.0,1.0,True
3,raw_safe,62,Platt,calibration_ablation_results,test_uniform_nonempty_bin_count,3.0,2.0,-1.0,True
3,raw_safe,62,Uncalibrated,calibration_ablation_results,test_uniform_nonempty_bin_count,5.0,2.0,-3.0,True
3,raw_safe,72,Isotonic,calibration_ablation_results,test_uniform_nonempty_bin_count,3.0,5.0,2.0,True
3,raw_safe,72,Platt,calibration_ablation_results,test_uniform_nonempty_bin_count,2.0,2.0,0.0,False
3,raw_safe,72,Uncalibrated,calibration_ablation_results,test_uniform_nonempty_bin_count,3.0,3.0,0.0,False
3,raw_safe,82,Isotonic,calibration_ablation_results,test_uniform_nonempty_bin_count,4.0,4.0,0.0,False
3,raw_safe,82,Platt,calibration_ablation_results,test_uniform_nonempty_bin_count,3.0,2.0,-1.0,True
3,raw_safe,82,Uncalibrated,calibration_ablation_results,test_uniform_nonempty_bin_count,3.0,4.0,1.0,True
3,recipient_full_weight_2,42,Isotonic,calibration_ablation_results,test_uniform_nonempty_bin_count,3.0,8.0,5.0,True
3,recipient_full_weight_2,42,Platt,calibration_ablation_results,test_uniform_nonempty_bin_count,3.0,10.0,7.0,True
3,recipient_full_weight_2,42,Uncalibrated,calibration_ablation_results,test_uniform_nonempty_bin_count,10.0,10.0,0.0,False
3,recipient_full_weight_2,52,Isotonic,calibration_ablation_results,test_uniform_nonempty_bin_count,4.0,5.0,1.0,True
3,recipient_full_weight_2,52,Platt,calibration_ablation_results,test_uniform_nonempty_bin_count,5.0,9.0,4.0,True
3,recipient_full_weight_2,52,Uncalibrated,calibration_ablation_results,test_uniform_nonempty_bin_count,10.0,10.0,0.0,False
3,recipient_full_weight_2,62,Isotonic,calibration_ablation_results,test_uniform_nonempty_bin_count,6.0,2.0,-4.0,True
3,recipient_full_weight_2,62,Platt,calibration_ablation_results,test_uniform_nonempty_bin_count,8.0,3.0,-5.0,True
3,recipient_full_weight_2,62,Uncalibrated,calibration_ablation_results,test_uniform_nonempty_bin_count,10.0,10.0,0.0,False
3,recipient_full_weight_2,72,Isotonic,calibration_ablation_results,test_uniform_nonempty_bin_count,8.0,8.0,0.0,False
3,recipient_full_weight_2,72,Platt,calibration_ablation_results,test_uniform_nonempty_bin_count,10.0,10.0,0.0,False
3,recipient_full_weight_2,72,Uncalibrated,calibration_ablation_results,test_uniform_nonempty_bin_count,10.0,10.0,0.0,False
3,recipient_full_weight_2,82,Isotonic,calibration_ablation_results,test_uniform_nonempty_bin_count,10.0,10.0,0.0,False
3,recipient_full_weight_2,82,Platt,calibration_ablation_results,test_uniform_nonempty_bin_count,8.0,10.0,2.0,True
3,recipient_full_weight_2,82,Uncalibrated,calibration_ablation_results,test_uniform_nonempty_bin_count,10.0,10.0,0.0,False
1,raw_safe,42,Isotonic,calibration_ablation_results,test_uniform_empty_bin_count,7.0,7.0,0.0,False
1,raw_safe,42,Platt,calibration_ablation_results,test_uniform_empty_bin_count,8.0,8.0,0.0,False
1,raw_safe,42,Uncalibrated,calibration_ablation_results,test_uniform_empty_bin_count,8.0,6.0,-2.0,True
1,raw_safe,52,Isotonic,calibration_ablation_results,test_uniform_empty_bin_count,8.0,8.0,0.0,False
1,raw_safe,52,Platt,calibration_ablation_results,test_uniform_empty_bin_count,8.0,8.0,0.0,False
1,raw_safe,52,Uncalibrated,calibration_ablation_results,test_uniform_empty_bin_count,7.0,7.0,0.0,False
1,raw_safe,62,Isotonic,calibration_ablation_results,test_uniform_empty_bin_count,6.0,8.0,2.0,True
1,raw_safe,62,Platt,calibration_ablation_results,test_uniform_empty_bin_count,7.0,8.0,1.0,True
1,raw_safe,62,Uncalibrated,calibration_ablation_results,test_uniform_empty_bin_count,6.0,6.0,0.0,False
1,raw_safe,72,Isotonic,calibration_ablation_results,test_uniform_empty_bin_count,8.0,8.0,0.0,False
1,raw_safe,72,Platt,calibration_ablation_results,test_uniform_empty_bin_count,8.0,8.0,0.0,False
1,raw_safe,72,Uncalibrated,calibration_ablation_results,test_uniform_empty_bin_count,8.0,6.0,-2.0,True
1,raw_safe,82,Isotonic,calibration_ablation_results,test_uniform_empty_bin_count,7.0,9.0,2.0,True
1,raw_safe,82,Platt,calibration_ablation_results,test_uniform_empty_bin_count,8.0,9.0,1.0,True
1,raw_safe,82,Uncalibrated,calibration_ablation_results,test_uniform_empty_bin_count,6.0,9.0,3.0,True
1,recipient_full_weight_2,42,Isotonic,calibration_ablation_results,test_uniform_empty_bin_count,8.0,8.0,0.0,False
1,recipient_full_weight_2,42,Platt,calibration_ablation_results,test_uniform_empty_bin_count,7.0,7.0,0.0,False
1,recipient_full_weight_2,42,Uncalibrated,calibration_ablation_results,test_uniform_empty_bin_count,0.0,0.0,0.0,False
1,recipient_full_weight_2,52,Isotonic,calibration_ablation_results,test_uniform_empty_bin_count,6.0,7.0,1.0,True
1,recipient_full_weight_2,52,Platt,calibration_ablation_results,test_uniform_empty_bin_count,3.0,6.0,3.0,True
1,recipient_full_weight_2,52,Uncalibrated,calibration_ablation_results,test_uniform_empty_bin_count,0.0,0.0,0.0,False
1,recipient_full_weight_2,62,Isotonic,calibration_ablation_results,test_uniform_empty_bin_count,5.0,8.0,3.0,True
1,recipient_full_weight_2,62,Platt,calibration_ablation_results,test_uniform_empty_bin_count,6.0,7.0,1.0,True
1,recipient_full_weight_2,62,Uncalibrated,calibration_ablation_results,test_uniform_empty_bin_count,1.0,0.0,-1.0,True
1,recipient_full_weight_2,72,Isotonic,calibration_ablation_results,test_uniform_empty_bin_count,6.0,4.0,-2.0,True
1,recipient_full_weight_2,72,Platt,calibration_ablation_results,test_uniform_empty_bin_count,6.0,4.0,-2.0,True
1,recipient_full_weight_2,72,Uncalibrated,calibration_ablation_results,test_uniform_empty_bin_count,0.0,0.0,0.0,False
1,recipient_full_weight_2,82,Isotonic,calibration_ablation_results,test_uniform_empty_bin_count,6.0,3.0,-3.0,True
1,recipient_full_weight_2,82,Platt,calibration_ablation_results,test_uniform_empty_bin_count,2.0,3.0,1.0,True
1,recipient_full_weight_2,82,Uncalibrated,calibration_ablation_results,test_uniform_empty_bin_count,0.0,0.0,0.0,False
2,raw_safe,42,Isotonic,calibration_ablation_results,test_uniform_empty_bin_count,6.0,6.0,0.0,False
2,raw_safe,42,Platt,calibration_ablation_results,test_uniform_empty_bin_count,7.0,7.0,0.0,False
2,raw_safe,42,Uncalibrated,calibration_ablation_results,test_uniform_empty_bin_count,5.0,6.0,1.0,True
2,raw_safe,52,Isotonic,calibration_ablation_results,test_uniform_empty_bin_count,7.0,8.0,1.0,True
2,raw_safe,52,Platt,calibration_ablation_results,test_uniform_empty_bin_count,4.0,8.0,4.0,True
2,raw_safe,52,Uncalibrated,calibration_ablation_results,test_uniform_empty_bin_count,5.0,7.0,2.0,True
2,raw_safe,62,Isotonic,calibration_ablation_results,test_uniform_empty_bin_count,7.0,7.0,0.0,False
2,raw_safe,62,Platt,calibration_ablation_results,test_uniform_empty_bin_count,8.0,6.0,-2.0,True
2,raw_safe,62,Uncalibrated,calibration_ablation_results,test_uniform_empty_bin_count,7.0,6.0,-1.0,True
2,raw_safe,72,Isotonic,calibration_ablation_results,test_uniform_empty_bin_count,8.0,6.0,-2.0,True
2,raw_safe,72,Platt,calibration_ablation_results,test_uniform_empty_bin_count,8.0,7.0,-1.0,True
2,raw_safe,72,Uncalibrated,calibration_ablation_results,test_uniform_empty_bin_count,6.0,6.0,0.0,False
2,raw_safe,82,Isotonic,calibration_ablation_results,test_uniform_empty_bin_count,7.0,7.0,0.0,False
2,raw_safe,82,Platt,calibration_ablation_results,test_uniform_empty_bin_count,6.0,6.0,0.0,False
2,raw_safe,82,Uncalibrated,calibration_ablation_results,test_uniform_empty_bin_count,6.0,4.0,-2.0,True
2,recipient_full_weight_2,42,Isotonic,calibration_ablation_results,test_uniform_empty_bin_count,8.0,5.0,-3.0,True
2,recipient_full_weight_2,42,Platt,calibration_ablation_results,test_uniform_empty_bin_count,8.0,2.0,-6.0,True
2,recipient_full_weight_2,42,Uncalibrated,calibration_ablation_results,test_uniform_empty_bin_count,0.0,0.0,0.0,False
2,recipient_full_weight_2,52,Isotonic,calibration_ablation_results,test_uniform_empty_bin_count,7.0,5.0,-2.0,True
2,recipient_full_weight_2,52,Platt,calibration_ablation_results,test_uniform_empty_bin_count,8.0,9.0,1.0,True
2,recipient_full_weight_2,52,Uncalibrated,calibration_ablation_results,test_uniform_empty_bin_count,0.0,0.0,0.0,False
2,recipient_full_weight_2,62,Isotonic,calibration_ablation_results,test_uniform_empty_bin_count,9.0,6.0,-3.0,True
2,recipient_full_weight_2,62,Platt,calibration_ablation_results,test_uniform_empty_bin_count,8.0,8.0,0.0,False
2,recipient_full_weight_2,62,Uncalibrated,calibration_ablation_results,test_uniform_empty_bin_count,1.0,0.0,-1.0,True
2,recipient_full_weight_2,72,Isotonic,calibration_ablation_results,test_uniform_empty_bin_count,8.0,9.0,1.0,True
2,recipient_full_weight_2,72,Platt,calibration_ablation_results,test_uniform_empty_bin_count,8.0,9.0,1.0,True
2,recipient_full_weight_2,72,Uncalibrated,calibration_ablation_results,test_uniform_empty_bin_count,0.0,0.0,0.0,False
2,recipient_full_weight_2,82,Isotonic,calibration_ablation_results,test_uniform_empty_bin_count,5.0,8.0,3.0,True
2,recipient_full_weight_2,82,Platt,calibration_ablation_results,test_uniform_empty_bin_count,3.0,8.0,5.0,True
2,recipient_full_weight_2,82,Uncalibrated,calibration_ablation_results,test_uniform_empty_bin_count,0.0,0.0,0.0,False
3,raw_safe,42,Isotonic,calibration_ablation_results,test_uniform_empty_bin_count,7.0,6.0,-1.0,True
3,raw_safe,42,Platt,calibration_ablation_results,test_uniform_empty_bin_count,8.0,7.0,-1.0,True
3,raw_safe,42,Uncalibrated,calibration_ablation_results,test_uniform_empty_bin_count,7.0,7.0,0.0,False
3,raw_safe,52,Isotonic,calibration_ablation_results,test_uniform_empty_bin_count,5.0,7.0,2.0,True
3,raw_safe,52,Platt,calibration_ablation_results,test_uniform_empty_bin_count,8.0,7.0,-1.0,True
3,raw_safe,52,Uncalibrated,calibration_ablation_results,test_uniform_empty_bin_count,6.0,7.0,1.0,True
3,raw_safe,62,Isotonic,calibration_ablation_results,test_uniform_empty_bin_count,6.0,5.0,-1.0,True
3,raw_safe,62,Platt,calibration_ablation_results,test_uniform_empty_bin_count,7.0,8.0,1.0,True
3,raw_safe,62,Uncalibrated,calibration_ablation_results,test_uniform_empty_bin_count,5.0,8.0,3.0,True
3,raw_safe,72,Isotonic,calibration_ablation_results,test_uniform_empty_bin_count,7.0,5.0,-2.0,True
3,raw_safe,72,Platt,calibration_ablation_results,test_uniform_empty_bin_count,8.0,8.0,0.0,False
3,raw_safe,72,Uncalibrated,calibration_ablation_results,test_uniform_empty_bin_count,7.0,7.0,0.0,False
3,raw_safe,82,Isotonic,calibration_ablation_results,test_uniform_empty_bin_count,6.0,6.0,0.0,False
3,raw_safe,82,Platt,calibration_ablation_results,test_uniform_empty_bin_count,7.0,8.0,1.0,True
3,raw_safe,82,Uncalibrated,calibration_ablation_results,test_uniform_empty_bin_count,7.0,6.0,-1.0,True
3,recipient_full_weight_2,42,Isotonic,calibration_ablation_results,test_uniform_empty_bin_count,7.0,2.0,-5.0,True
3,recipient_full_weight_2,42,Platt,calibration_ablation_results,test_uniform_empty_bin_count,7.0,0.0,-7.0,True
3,recipient_full_weight_2,42,Uncalibrated,calibration_ablation_results,test_uniform_empty_bin_count,0.0,0.0,0.0,False
3,recipient_full_weight_2,52,Isotonic,calibration_ablation_results,test_uniform_empty_bin_count,6.0,5.0,-1.0,True
3,recipient_full_weight_2,52,Platt,calibration_ablation_results,test_uniform_empty_bin_count,5.0,1.0,-4.0,True
3,recipient_full_weight_2,52,Uncalibrated,calibration_ablation_results,test_uniform_empty_bin_count,0.0,0.0,0.0,False
3,recipient_full_weight_2,62,Isotonic,calibration_ablation_results,test_uniform_empty_bin_count,4.0,8.0,4.0,True
3,recipient_full_weight_2,62,Platt,calibration_ablation_results,test_uniform_empty_bin_count,2.0,7.0,5.0,True
3,recipient_full_weight_2,62,Uncalibrated,calibration_ablation_results,test_uniform_empty_bin_count,0.0,0.0,0.0,False
3,recipient_full_weight_2,72,Isotonic,calibration_ablation_results,test_uniform_empty_bin_count,2.0,2.0,0.0,False
3,recipient_full_weight_2,72,Platt,calibration_ablation_results,test_uniform_empty_bin_count,0.0,0.0,0.0,False
3,recipient_full_weight_2,72,Uncalibrated,calibration_ablation_results,test_uniform_empty_bin_count,0.0,0.0,0.0,False
3,recipient_full_weight_2,82,Isotonic,calibration_ablation_results,test_uniform_empty_bin_count,0.0,0.0,0.0,False
3,recipient_full_weight_2,82,Platt,calibration_ablation_results,test_uniform_empty_bin_count,2.0,0.0,-2.0,True
3,recipient_full_weight_2,82,Uncalibrated,calibration_ablation_results,test_uniform_empty_bin_count,0.0,0.0,0.0,False
1,raw_safe,42,Isotonic,calibration_ablation_results,test_uniform_maximum_bin_sample_share,0.999887965817126,0.999887965817126,0.0,False
1,raw_safe,42,Platt,calibration_ablation_results,test_uniform_maximum_bin_sample_share,0.9998957459687144,0.9998957459687144,0.0,False
1,raw_safe,42,Uncalibrated,calibration_ablation_results,test_uniform_maximum_bin_sample_share,0.9998957459687144,0.9995860959354932,-0.00030965003322125373,True
1,raw_safe,52,Isotonic,calibration_ablation_results,test_uniform_maximum_bin_sample_share,0.9998957459687144,0.9997432549975803,-0.0001524909711341227,True
1,raw_safe,52,Platt,calibration_ablation_results,test_uniform_maximum_bin_sample_share,0.9998957459687144,0.9997572592704397,-0.00013848669827476456,True
1,raw_safe,52,Uncalibrated,calibration_ablation_results,test_uniform_maximum_bin_sample_share,0.9998537331501367,0.9997510351491689,-0.00010269800096784909,True
1,raw_safe,62,Isotonic,calibration_ablation_results,test_uniform_maximum_bin_sample_share,0.9998801856655375,0.9998957459687144,1.556030317695356e-05,True
1,raw_safe,62,Platt,calibration_ablation_results,test_uniform_maximum_bin_sample_share,0.9998801856655375,0.9998957459687144,1.556030317695356e-05,True
1,raw_safe,62,Uncalibrated,calibration_ablation_results,test_uniform_maximum_bin_sample_share,0.999393148176099,0.9993464672665682,-4.668090953086068e-05,True
1,raw_safe,72,Isotonic,calibration_ablation_results,test_uniform_maximum_bin_sample_share,0.9998957459687144,0.999887965817126,-7.780151588421269e-06,True
1,raw_safe,72,Platt,calibration_ablation_results,test_uniform_maximum_bin_sample_share,0.9998957459687144,0.999887965817126,-7.780151588421269e-06,True
1,raw_safe,72,Uncalibrated,calibration_ablation_results,test_uniform_maximum_bin_sample_share,0.9998957459687144,0.9992997863570374,-0.0005959596116770216,True
1,raw_safe,82,Isotonic,calibration_ablation_results,test_uniform_maximum_bin_sample_share,0.999887965817126,1.0,0.00011203418287397682,True
1,raw_safe,82,Platt,calibration_ablation_results,test_uniform_maximum_bin_sample_share,0.9998957459687144,1.0,0.00010425403128555555,True
1,raw_safe,82,Uncalibrated,calibration_ablation_results,test_uniform_maximum_bin_sample_share,0.9996016562386701,1.0,0.0003983437613298557,True
1,recipient_full_weight_2,42,Isotonic,calibration_ablation_results,test_uniform_maximum_bin_sample_share,0.9991457393555856,0.999113062718914,-3.267663667161358e-05,True
1,recipient_full_weight_2,42,Platt,calibration_ablation_results,test_uniform_maximum_bin_sample_share,0.9992857820841782,0.999352691387839,6.69093036608226e-05,True
1,recipient_full_weight_2,42,Uncalibrated,calibration_ablation_results,test_uniform_maximum_bin_sample_share,0.9980876387395532,0.9982479098622757,0.00016027112272254396,True
1,recipient_full_weight_2,52,Isotonic,calibration_ablation_results,test_uniform_maximum_bin_sample_share,0.9993900361154636,0.999612548450894,0.0002225123354303582,True
1,recipient_full_weight_2,52,Platt,calibration_ablation_results,test_uniform_maximum_bin_sample_share,0.9996001002083524,0.9992935622357666,-0.0003065379725858408,True
1,recipient_full_weight_2,52,Uncalibrated,calibration_ablation_results,test_uniform_maximum_bin_sample_share,0.998190336740521,0.9982852545899005,9.491784937942782e-05,True
1,recipient_full_weight_2,62,Isotonic,calibration_ablation_results,test_uniform_maximum_bin_sample_share,0.9994569454191246,0.9996390009662949,0.00018205554717032335,True
1,recipient_full_weight_2,62,Platt,calibration_ablation_results,test_uniform_maximum_bin_sample_share,0.9995907640264463,0.9996109924205763,2.0228394129961913e-05,True
1,recipient_full_weight_2,62,Uncalibrated,calibration_ablation_results,test_uniform_maximum_bin_sample_share,0.9986851543815479,0.9991270669917732,0.0004419126102253035,True
1,recipient_full_weight_2,72,Isotonic,calibration_ablation_results,test_uniform_maximum_bin_sample_share,0.9994102645095937,0.9995316348743739,0.00012137036478021557,True
1,recipient_full_weight_2,72,Platt,calibration_ablation_results,test_uniform_maximum_bin_sample_share,0.999780599725205,0.9997230266034504,-5.757312175469487e-05,True
1,recipient_full_weight_2,72,Uncalibrated,calibration_ablation_results,test_uniform_maximum_bin_sample_share,0.9993573594787921,0.999133291113044,-0.00022406836574806466,True
1,recipient_full_weight_2,82,Isotonic,calibration_ablation_results,test_uniform_maximum_bin_sample_share,0.9992266529321058,0.9993853680245106,0.0001587150924048375,True
1,recipient_full_weight_2,82,Platt,calibration_ablation_results,test_uniform_maximum_bin_sample_share,0.9996390009662949,0.999536302965327,-0.00010269800096784909,True
1,recipient_full_weight_2,82,Uncalibrated,calibration_ablation_results,test_uniform_maximum_bin_sample_share,0.9990617137184301,0.9978246696158628,-0.0012370441025673085,True
2,raw_safe,42,Isotonic,calibration_ablation_results,test_uniform_maximum_bin_sample_share,0.9998744859705042,0.9998926524747733,1.8166504269112593e-05,True
2,raw_safe,42,Platt,calibration_ablation_results,test_uniform_maximum_bin_sample_share,0.9998777889712804,0.9998744859705042,-3.3030007762224756e-06,True
2,raw_safe,42,Uncalibrated,calibration_ablation_results,test_uniform_maximum_bin_sample_share,0.9996812604250962,0.9998744859705042,0.00019322554540801562,True
2,raw_safe,52,Isotonic,calibration_ablation_results,test_uniform_maximum_bin_sample_share,0.9999455004871927,0.9999108189790424,-3.468150815022497e-05,True
2,raw_safe,52,Platt,calibration_ablation_results,test_uniform_maximum_bin_sample_share,0.9999108189790424,0.9999108189790424,0.0,False
2,raw_safe,52,Uncalibrated,calibration_ablation_results,test_uniform_maximum_bin_sample_share,0.9996730029231556,0.9998926524747733,0.0002196495516176844,True
2,raw_safe,62,Isotonic,calibration_ablation_results,test_uniform_maximum_bin_sample_share,0.9998794404716685,0.999935591484864,5.615101319544902e-05,True
2,raw_safe,62,Platt,calibration_ablation_results,test_uniform_maximum_bin_sample_share,0.9999438489868046,0.999935591484864,-8.257501940556189e-06,True
2,raw_safe,62,Uncalibrated,calibration_ablation_results,test_uniform_maximum_bin_sample_share,0.9998794404716685,0.999613548909184,-0.000265891562484577,True
2,raw_safe,72,Isotonic,calibration_ablation_results,test_uniform_maximum_bin_sample_share,0.999935591484864,0.9998761374708923,-5.945401397167149e-05,True
2,raw_safe,72,Platt,calibration_ablation_results,test_uniform_maximum_bin_sample_share,0.999935591484864,0.9999289854833115,-6.606001552444951e-06,True
2,raw_safe,72,Uncalibrated,calibration_ablation_results,test_uniform_maximum_bin_sample_share,0.9998827434724448,0.9998761374708923,-6.606001552444951e-06,True
2,raw_safe,82,Isotonic,calibration_ablation_results,test_uniform_maximum_bin_sample_share,0.999935591484864,0.9999455004871927,9.909002328667427e-06,True
2,raw_safe,82,Platt,calibration_ablation_results,test_uniform_maximum_bin_sample_share,0.9999009099767139,0.9998926524747733,-8.257501940556189e-06,True
2,raw_safe,82,Uncalibrated,calibration_ablation_results,test_uniform_maximum_bin_sample_share,0.9994781258773596,0.9998497134646827,0.0003715875873230301,True
2,recipient_full_weight_2,42,Isotonic,calibration_ablation_results,test_uniform_maximum_bin_sample_share,0.9991544318012915,0.9998199864576968,0.0006655546564052761,True
2,recipient_full_weight_2,42,Platt,calibration_ablation_results,test_uniform_maximum_bin_sample_share,0.9993691268517448,0.9993476573466995,-2.146950504533507e-05,True
2,recipient_full_weight_2,42,Uncalibrated,calibration_ablation_results,test_uniform_maximum_bin_sample_share,0.9991544318012915,0.9950405443345279,-0.004113887466763555,True
2,recipient_full_weight_2,52,Isotonic,calibration_ablation_results,test_uniform_maximum_bin_sample_share,0.999564003897541,0.998985978761705,-0.0005780251358359356,True
2,recipient_full_weight_2,52,Platt,calibration_ablation_results,test_uniform_maximum_bin_sample_share,0.9983897871216,1.0,0.0016102128784000191,True
2,recipient_full_weight_2,52,Uncalibrated,calibration_ablation_results,test_uniform_maximum_bin_sample_share,0.9950999983484996,0.9942180971412529,-0.000881901207246738,True
2,recipient_full_weight_2,62,Isotonic,calibration_ablation_results,test_uniform_maximum_bin_sample_share,1.0,0.9995722613994814,-0.00042773860051859014,True
2,recipient_full_weight_2,62,Platt,calibration_ablation_results,test_uniform_maximum_bin_sample_share,0.9963683506465624,0.9970520718072369,0.0006837211606744997,True
2,recipient_full_weight_2,62,Uncalibrated,calibration_ablation_results,test_uniform_maximum_bin_sample_share,0.9945203217122756,0.9958762035309078,0.0013558818186322208,True
2,recipient_full_weight_2,72,Isotonic,calibration_ablation_results,test_uniform_maximum_bin_sample_share,0.9970454658056844,1.0,0.0029545341943155723,True
2,recipient_full_weight_2,72,Platt,calibration_ablation_results,test_uniform_maximum_bin_sample_share,0.9973460388763191,1.0,0.0026539611236808813,True
2,recipient_full_weight_2,72,Uncalibrated,calibration_ablation_results,test_uniform_maximum_bin_sample_share,0.9932982114250797,0.9899522716387839,-0.0033459397862958262,True
2,recipient_full_weight_2,82,Isotonic,calibration_ablation_results,test_uniform_maximum_bin_sample_share,0.9996647454212152,0.9989265247477334,-0.0007382206734818375,True
2,recipient_full_weight_2,82,Platt,calibration_ablation_results,test_uniform_maximum_bin_sample_share,0.9996911694274249,0.998985978761705,-0.0007051906657198348,True
2,recipient_full_weight_2,82,Uncalibrated,calibration_ablation_results,test_uniform_maximum_bin_sample_share,0.9948109857805817,0.9958018860134432,0.0009909002328615246,True
3,raw_safe,42,Isotonic,calibration_ablation_results,test_uniform_maximum_bin_sample_share,0.9988503635018682,0.9989901417099744,0.00013977820810617825,True
3,raw_safe,42,Platt,calibration_ablation_results,test_uniform_maximum_bin_sample_share,0.9989901417099744,0.999013699834936,2.3558124961686744e-05,True
3,raw_safe,42,Uncalibrated,calibration_ablation_results,test_uniform_maximum_bin_sample_share,0.9988786332518222,0.9989901417099744,0.00011150845815210975,True
3,raw_safe,52,Isotonic,calibration_ablation_results,test_uniform_maximum_bin_sample_share,0.9988456518768758,0.9988739216268299,2.82697499540685e-05,True
3,raw_safe,52,Platt,calibration_ablation_results,test_uniform_maximum_bin_sample_share,0.9989791479183255,0.9989901417099744,1.0993791648816753e-05,True
3,raw_safe,52,Uncalibrated,calibration_ablation_results,test_uniform_maximum_bin_sample_share,0.9988456518768758,0.9988739216268299,2.82697499540685e-05,True
3,raw_safe,62,Isotonic,calibration_ablation_results,test_uniform_maximum_bin_sample_share,0.9990011355016232,0.9986681806688309,-0.000332954832792276,True
3,raw_safe,62,Platt,calibration_ablation_results,test_uniform_maximum_bin_sample_share,0.9992288640429198,0.9990027060432872,-0.000226157999632548,True
3,raw_safe,62,Uncalibrated,calibration_ablation_results,test_uniform_maximum_bin_sample_share,0.9991534780430422,0.9990027060432872,-0.000150771999754995,True
3,raw_safe,72,Isotonic,calibration_ablation_results,test_uniform_maximum_bin_sample_share,0.99884722241854,0.9988927681267993,4.554570825932025e-05,True
3,raw_safe,72,Platt,calibration_ablation_results,test_uniform_maximum_bin_sample_share,0.9989901417099744,0.9990074176682796,1.727595830525175e-05,True
3,raw_safe,72,Uncalibrated,calibration_ablation_results,test_uniform_maximum_bin_sample_share,0.9988739216268299,0.9988927681267993,1.884649996941601e-05,True
3,raw_safe,82,Isotonic,calibration_ablation_results,test_uniform_maximum_bin_sample_share,0.9986571868771821,0.9988786332518222,0.00022144637464016625,True
3,raw_safe,82,Platt,calibration_ablation_results,test_uniform_maximum_bin_sample_share,0.9989021913767839,0.9989917122516385,8.952087485458726e-05,True
3,raw_safe,82,Uncalibrated,calibration_ablation_results,test_uniform_maximum_bin_sample_share,0.998848792960204,0.9988283759185705,-2.0417041633469246e-05,True
3,recipient_full_weight_2,42,Isotonic,calibration_ablation_results,test_uniform_maximum_bin_sample_share,0.9920938932628475,0.9877654804365478,-0.004328412826299699,True
3,recipient_full_weight_2,42,Platt,calibration_ablation_results,test_uniform_maximum_bin_sample_share,0.9968259352968245,0.9943947368007752,-0.002431198496049336,True
3,recipient_full_weight_2,42,Uncalibrated,calibration_ablation_results,test_uniform_maximum_bin_sample_share,0.990306616849085,0.9872990295623058,-0.0030075872867793008,True
3,recipient_full_weight_2,52,Isotonic,calibration_ablation_results,test_uniform_maximum_bin_sample_share,0.988687388393383,0.9849118062328517,-0.00377558216053131,True
3,recipient_full_weight_2,52,Platt,calibration_ablation_results,test_uniform_maximum_bin_sample_share,0.9888978409763743,0.9879900678945162,-0.0009077730818581875,True
3,recipient_full_weight_2,52,Uncalibrated,calibration_ablation_results,test_uniform_maximum_bin_sample_share,0.9871969443541383,0.9810576969891146,-0.006139247365023692,True
3,recipient_full_weight_2,62,Isotonic,calibration_ablation_results,test_uniform_maximum_bin_sample_share,0.9834857544018356,0.9952805222993358,0.011794767897500225,True
3,recipient_full_weight_2,62,Platt,calibration_ablation_results,test_uniform_maximum_bin_sample_share,0.9835768458183543,0.9961584550895758,0.012581609271221539,True
3,recipient_full_weight_2,62,Uncalibrated,calibration_ablation_results,test_uniform_maximum_bin_sample_share,0.974700144332779,0.9904840880571301,0.0157839437243511,True
3,recipient_full_weight_2,72,Isotonic,calibration_ablation_results,test_uniform_maximum_bin_sample_share,0.9891239989760068,0.9892417896008154,0.00011779062480865576,True
3,recipient_full_weight_2,72,Platt,calibration_ablation_results,test_uniform_maximum_bin_sample_share,0.9901008758910861,0.9941701493428068,0.004069273451720701,True
3,recipient_full_weight_2,72,Uncalibrated,calibration_ablation_results,test_uniform_maximum_bin_sample_share,0.9880340430611113,0.988756492226604,0.000722449165492689,True
3,recipient_full_weight_2,82,Isotonic,calibration_ablation_results,test_uniform_maximum_bin_sample_share,0.9922415241792741,0.9885617450602538,-0.0036797791190202878,True
3,recipient_full_weight_2,82,Platt,calibration_ablation_results,test_uniform_maximum_bin_sample_share,0.9908673002231739,0.9886921000183754,-0.0021752002047985552,True
3,recipient_full_weight_2,82,Uncalibrated,calibration_ablation_results,test_uniform_maximum_bin_sample_share,0.9808331095311462,0.9839396409427648,0.0031065314116185405,True
1,raw_safe,42,Isotonic,calibration_ablation_results,test_uniform_minimum_nonempty_bin_sample_count,5.0,5.0,0.0,False
1,raw_safe,42,Platt,calibration_ablation_results,test_uniform_minimum_nonempty_bin_sample_count,67.0,67.0,0.0,False
1,raw_safe,42,Uncalibrated,calibration_ablation_results,test_uniform_minimum_nonempty_bin_sample_count,67.0,5.0,-62.0,True
1,raw_safe,52,Isotonic,calibration_ablation_results,test_uniform_minimum_nonempty_bin_sample_count,67.0,165.0,98.0,True
1,raw_safe,52,Platt,calibration_ablation_results,test_uniform_minimum_nonempty_bin_sample_count,67.0,156.0,89.0,True
1,raw_safe,52,Uncalibrated,calibration_ablation_results,test_uniform_minimum_nonempty_bin_sample_count,27.0,4.0,-23.0,True
1,raw_safe,62,Isotonic,calibration_ablation_results,test_uniform_minimum_nonempty_bin_sample_count,5.0,67.0,62.0,True
1,raw_safe,62,Platt,calibration_ablation_results,test_uniform_minimum_nonempty_bin_sample_count,10.0,67.0,57.0,True
1,raw_safe,62,Uncalibrated,calibration_ablation_results,test_uniform_minimum_nonempty_bin_sample_count,5.0,67.0,62.0,True
1,raw_safe,72,Isotonic,calibration_ablation_results,test_uniform_minimum_nonempty_bin_sample_count,67.0,72.0,5.0,True
1,raw_safe,72,Platt,calibration_ablation_results,test_uniform_minimum_nonempty_bin_sample_count,67.0,72.0,5.0,True
1,raw_safe,72,Uncalibrated,calibration_ablation_results,test_uniform_minimum_nonempty_bin_sample_count,67.0,72.0,5.0,True
1,raw_safe,82,Isotonic,calibration_ablation_results,test_uniform_minimum_nonempty_bin_sample_count,5.0,642661.0,642656.0,True
1,raw_safe,82,Platt,calibration_ablation_results,test_uniform_minimum_nonempty_bin_sample_count,67.0,642661.0,642594.0,True
1,raw_safe,82,Uncalibrated,calibration_ablation_results,test_uniform_minimum_nonempty_bin_sample_count,5.0,642661.0,642656.0,True
1,recipient_full_weight_2,42,Isotonic,calibration_ablation_results,test_uniform_minimum_nonempty_bin_sample_count,549.0,570.0,21.0,True
1,recipient_full_weight_2,42,Platt,calibration_ablation_results,test_uniform_minimum_nonempty_bin_sample_count,21.0,20.0,-1.0,True
1,recipient_full_weight_2,42,Uncalibrated,calibration_ablation_results,test_uniform_minimum_nonempty_bin_sample_count,31.0,9.0,-22.0,True
1,recipient_full_weight_2,52,Isotonic,calibration_ablation_results,test_uniform_minimum_nonempty_bin_sample_count,1.0,3.0,2.0,True
1,recipient_full_weight_2,52,Platt,calibration_ablation_results,test_uniform_minimum_nonempty_bin_sample_count,1.0,11.0,10.0,True
1,recipient_full_weight_2,52,Uncalibrated,calibration_ablation_results,test_uniform_minimum_nonempty_bin_sample_count,1.0,9.0,8.0,True
1,recipient_full_weight_2,62,Isotonic,calibration_ablation_results,test_uniform_minimum_nonempty_bin_sample_count,2.0,232.0,230.0,True
1,recipient_full_weight_2,62,Platt,calibration_ablation_results,test_uniform_minimum_nonempty_bin_sample_count,1.0,6.0,5.0,True
1,recipient_full_weight_2,62,Uncalibrated,calibration_ablation_results,test_uniform_minimum_nonempty_bin_sample_count,1.0,2.0,1.0,True
1,recipient_full_weight_2,72,Isotonic,calibration_ablation_results,test_uniform_minimum_nonempty_bin_sample_count,22.0,2.0,-20.0,True
1,recipient_full_weight_2,72,Platt,calibration_ablation_results,test_uniform_minimum_nonempty_bin_sample_count,4.0,4.0,0.0,False
1,recipient_full_weight_2,72,Uncalibrated,calibration_ablation_results,test_uniform_minimum_nonempty_bin_sample_count,4.0,7.0,3.0,True
1,recipient_full_weight_2,82,Isotonic,calibration_ablation_results,test_uniform_minimum_nonempty_bin_sample_count,3.0,1.0,-2.0,True
1,recipient_full_weight_2,82,Platt,calibration_ablation_results,test_uniform_minimum_nonempty_bin_sample_count,1.0,3.0,2.0,True
1,recipient_full_weight_2,82,Uncalibrated,calibration_ablation_results,test_uniform_minimum_nonempty_bin_sample_count,9.0,11.0,2.0,True
2,raw_safe,42,Isotonic,calibration_ablation_results,test_uniform_minimum_nonempty_bin_sample_count,5.0,5.0,0.0,False
2,raw_safe,42,Platt,calibration_ablation_results,test_uniform_minimum_nonempty_bin_sample_count,36.0,37.0,1.0,True
2,raw_safe,42,Uncalibrated,calibration_ablation_results,test_uniform_minimum_nonempty_bin_sample_count,2.0,11.0,9.0,True
2,raw_safe,52,Isotonic,calibration_ablation_results,test_uniform_minimum_nonempty_bin_sample_count,5.0,54.0,49.0,True
2,raw_safe,52,Platt,calibration_ablation_results,test_uniform_minimum_nonempty_bin_sample_count,2.0,54.0,52.0,True
2,raw_safe,52,Uncalibrated,calibration_ablation_results,test_uniform_minimum_nonempty_bin_sample_count,10.0,11.0,1.0,True
2,raw_safe,62,Isotonic,calibration_ablation_results,test_uniform_minimum_nonempty_bin_sample_count,34.0,11.0,-23.0,True
2,raw_safe,62,Platt,calibration_ablation_results,test_uniform_minimum_nonempty_bin_sample_count,34.0,5.0,-29.0,True
2,raw_safe,62,Uncalibrated,calibration_ablation_results,test_uniform_minimum_nonempty_bin_sample_count,34.0,39.0,5.0,True
2,raw_safe,72,Isotonic,calibration_ablation_results,test_uniform_minimum_nonempty_bin_sample_count,39.0,7.0,-32.0,True
2,raw_safe,72,Platt,calibration_ablation_results,test_uniform_minimum_nonempty_bin_sample_count,39.0,10.0,-29.0,True
2,raw_safe,72,Uncalibrated,calibration_ablation_results,test_uniform_minimum_nonempty_bin_sample_count,12.0,10.0,-2.0,True
2,raw_safe,82,Isotonic,calibration_ablation_results,test_uniform_minimum_nonempty_bin_sample_count,5.0,5.0,0.0,False
2,raw_safe,82,Platt,calibration_ablation_results,test_uniform_minimum_nonempty_bin_sample_count,5.0,7.0,2.0,True
2,raw_safe,82,Uncalibrated,calibration_ablation_results,test_uniform_minimum_nonempty_bin_sample_count,21.0,10.0,-11.0,True
2,recipient_full_weight_2,42,Isotonic,calibration_ablation_results,test_uniform_minimum_nonempty_bin_sample_count,512.0,1.0,-511.0,True
2,recipient_full_weight_2,42,Platt,calibration_ablation_results,test_uniform_minimum_nonempty_bin_sample_count,382.0,1.0,-381.0,True
2,recipient_full_weight_2,42,Uncalibrated,calibration_ablation_results,test_uniform_minimum_nonempty_bin_sample_count,2.0,8.0,6.0,True
2,recipient_full_weight_2,52,Isotonic,calibration_ablation_results,test_uniform_minimum_nonempty_bin_sample_count,1.0,1.0,0.0,False
2,recipient_full_weight_2,52,Platt,calibration_ablation_results,test_uniform_minimum_nonempty_bin_sample_count,975.0,605510.0,604535.0,True
2,recipient_full_weight_2,52,Uncalibrated,calibration_ablation_results,test_uniform_minimum_nonempty_bin_sample_count,2.0,5.0,3.0,True
2,recipient_full_weight_2,62,Isotonic,calibration_ablation_results,test_uniform_minimum_nonempty_bin_sample_count,605510.0,2.0,-605508.0,True
2,recipient_full_weight_2,62,Platt,calibration_ablation_results,test_uniform_minimum_nonempty_bin_sample_count,2199.0,1785.0,-414.0,True
2,recipient_full_weight_2,62,Uncalibrated,calibration_ablation_results,test_uniform_minimum_nonempty_bin_sample_count,2.0,2.0,0.0,False
2,recipient_full_weight_2,72,Isotonic,calibration_ablation_results,test_uniform_minimum_nonempty_bin_sample_count,1789.0,605510.0,603721.0,True
2,recipient_full_weight_2,72,Platt,calibration_ablation_results,test_uniform_minimum_nonempty_bin_sample_count,1607.0,605510.0,603903.0,True
2,recipient_full_weight_2,72,Uncalibrated,calibration_ablation_results,test_uniform_minimum_nonempty_bin_sample_count,15.0,45.0,30.0,True
2,recipient_full_weight_2,82,Isotonic,calibration_ablation_results,test_uniform_minimum_nonempty_bin_sample_count,1.0,650.0,649.0,True
2,recipient_full_weight_2,82,Platt,calibration_ablation_results,test_uniform_minimum_nonempty_bin_sample_count,1.0,614.0,613.0,True
2,recipient_full_weight_2,82,Uncalibrated,calibration_ablation_results,test_uniform_minimum_nonempty_bin_sample_count,13.0,8.0,-5.0,True
3,raw_safe,42,Isotonic,calibration_ablation_results,test_uniform_minimum_nonempty_bin_sample_count,89.0,15.0,-74.0,True
3,raw_safe,42,Platt,calibration_ablation_results,test_uniform_minimum_nonempty_bin_sample_count,643.0,112.0,-531.0,True
3,raw_safe,42,Uncalibrated,calibration_ablation_results,test_uniform_minimum_nonempty_bin_sample_count,71.0,15.0,-56.0,True
3,raw_safe,52,Isotonic,calibration_ablation_results,test_uniform_minimum_nonempty_bin_sample_count,82.0,74.0,-8.0,True
3,raw_safe,52,Platt,calibration_ablation_results,test_uniform_minimum_nonempty_bin_sample_count,650.0,308.0,-342.0,True
3,raw_safe,52,Uncalibrated,calibration_ablation_results,test_uniform_minimum_nonempty_bin_sample_count,15.0,74.0,59.0,True
3,raw_safe,62,Isotonic,calibration_ablation_results,test_uniform_minimum_nonempty_bin_sample_count,77.0,73.0,-4.0,True
3,raw_safe,62,Platt,calibration_ablation_results,test_uniform_minimum_nonempty_bin_sample_count,77.0,635.0,558.0,True
3,raw_safe,62,Uncalibrated,calibration_ablation_results,test_uniform_minimum_nonempty_bin_sample_count,14.0,635.0,621.0,True
3,raw_safe,72,Isotonic,calibration_ablation_results,test_uniform_minimum_nonempty_bin_sample_count,91.0,66.0,-25.0,True
3,raw_safe,72,Platt,calibration_ablation_results,test_uniform_minimum_nonempty_bin_sample_count,643.0,632.0,-11.0,True
3,raw_safe,72,Uncalibrated,calibration_ablation_results,test_uniform_minimum_nonempty_bin_sample_count,74.0,73.0,-1.0,True
3,raw_safe,82,Isotonic,calibration_ablation_results,test_uniform_minimum_nonempty_bin_sample_count,71.0,72.0,1.0,True
3,raw_safe,82,Platt,calibration_ablation_results,test_uniform_minimum_nonempty_bin_sample_count,71.0,642.0,571.0,True
3,raw_safe,82,Uncalibrated,calibration_ablation_results,test_uniform_minimum_nonempty_bin_sample_count,34.0,32.0,-2.0,True
3,recipient_full_weight_2,42,Isotonic,calibration_ablation_results,test_uniform_minimum_nonempty_bin_sample_count,1270.0,1.0,-1269.0,True
3,recipient_full_weight_2,42,Platt,calibration_ablation_results,test_uniform_minimum_nonempty_bin_sample_count,49.0,22.0,-27.0,True
3,recipient_full_weight_2,42,Uncalibrated,calibration_ablation_results,test_uniform_minimum_nonempty_bin_sample_count,98.0,88.0,-10.0,True
3,recipient_full_weight_2,52,Isotonic,calibration_ablation_results,test_uniform_minimum_nonempty_bin_sample_count,1.0,11.0,10.0,True
3,recipient_full_weight_2,52,Platt,calibration_ablation_results,test_uniform_minimum_nonempty_bin_sample_count,1.0,1.0,0.0,False
3,recipient_full_weight_2,52,Uncalibrated,calibration_ablation_results,test_uniform_minimum_nonempty_bin_sample_count,8.0,9.0,1.0,True
3,recipient_full_weight_2,62,Isotonic,calibration_ablation_results,test_uniform_minimum_nonempty_bin_sample_count,7.0,3005.0,2998.0,True
3,recipient_full_weight_2,62,Platt,calibration_ablation_results,test_uniform_minimum_nonempty_bin_sample_count,8.0,11.0,3.0,True
3,recipient_full_weight_2,62,Uncalibrated,calibration_ablation_results,test_uniform_minimum_nonempty_bin_sample_count,13.0,13.0,0.0,False
3,recipient_full_weight_2,72,Isotonic,calibration_ablation_results,test_uniform_minimum_nonempty_bin_sample_count,48.0,1.0,-47.0,True
3,recipient_full_weight_2,72,Platt,calibration_ablation_results,test_uniform_minimum_nonempty_bin_sample_count,12.0,1.0,-11.0,True
3,recipient_full_weight_2,72,Uncalibrated,calibration_ablation_results,test_uniform_minimum_nonempty_bin_sample_count,48.0,129.0,81.0,True
3,recipient_full_weight_2,82,Isotonic,calibration_ablation_results,test_uniform_minimum_nonempty_bin_sample_count,1.0,4.0,3.0,True
3,recipient_full_weight_2,82,Platt,calibration_ablation_results,test_uniform_minimum_nonempty_bin_sample_count,2.0,5.0,3.0,True
3,recipient_full_weight_2,82,Uncalibrated,calibration_ablation_results,test_uniform_minimum_nonempty_bin_sample_count,188.0,11.0,-177.0,True
1,raw_safe,42,Isotonic,calibration_ablation_results,test_uniform_maximum_bin_sample_count,642589.0,642589.0,0.0,False
1,raw_safe,42,Platt,calibration_ablation_results,test_uniform_maximum_bin_sample_count,642594.0,642594.0,0.0,False
1,raw_safe,42,Uncalibrated,calibration_ablation_results,test_uniform_maximum_bin_sample_count,642594.0,642395.0,-199.0,True
1,raw_safe,52,Isotonic,calibration_ablation_results,test_uniform_maximum_bin_sample_count,642594.0,642496.0,-98.0,True
1,raw_safe,52,Platt,calibration_ablation_results,test_uniform_maximum_bin_sample_count,642594.0,642505.0,-89.0,True
1,raw_safe,52,Uncalibrated,calibration_ablation_results,test_uniform_maximum_bin_sample_count,642567.0,642501.0,-66.0,True
1,raw_safe,62,Isotonic,calibration_ablation_results,test_uniform_maximum_bin_sample_count,642584.0,642594.0,10.0,True
1,raw_safe,62,Platt,calibration_ablation_results,test_uniform_maximum_bin_sample_count,642584.0,642594.0,10.0,True
1,raw_safe,62,Uncalibrated,calibration_ablation_results,test_uniform_maximum_bin_sample_count,642271.0,642241.0,-30.0,True
1,raw_safe,72,Isotonic,calibration_ablation_results,test_uniform_maximum_bin_sample_count,642594.0,642589.0,-5.0,True
1,raw_safe,72,Platt,calibration_ablation_results,test_uniform_maximum_bin_sample_count,642594.0,642589.0,-5.0,True
1,raw_safe,72,Uncalibrated,calibration_ablation_results,test_uniform_maximum_bin_sample_count,642594.0,642211.0,-383.0,True
1,raw_safe,82,Isotonic,calibration_ablation_results,test_uniform_maximum_bin_sample_count,642589.0,642661.0,72.0,True
1,raw_safe,82,Platt,calibration_ablation_results,test_uniform_maximum_bin_sample_count,642594.0,642661.0,67.0,True
1,raw_safe,82,Uncalibrated,calibration_ablation_results,test_uniform_maximum_bin_sample_count,642405.0,642661.0,256.0,True
1,recipient_full_weight_2,42,Isotonic,calibration_ablation_results,test_uniform_maximum_bin_sample_count,642112.0,642091.0,-21.0,True
1,recipient_full_weight_2,42,Platt,calibration_ablation_results,test_uniform_maximum_bin_sample_count,642202.0,642245.0,43.0,True
1,recipient_full_weight_2,42,Uncalibrated,calibration_ablation_results,test_uniform_maximum_bin_sample_count,641432.0,641535.0,103.0,True
1,recipient_full_weight_2,52,Isotonic,calibration_ablation_results,test_uniform_maximum_bin_sample_count,642269.0,642412.0,143.0,True
1,recipient_full_weight_2,52,Platt,calibration_ablation_results,test_uniform_maximum_bin_sample_count,642404.0,642207.0,-197.0,True
1,recipient_full_weight_2,52,Uncalibrated,calibration_ablation_results,test_uniform_maximum_bin_sample_count,641498.0,641559.0,61.0,True
1,recipient_full_weight_2,62,Isotonic,calibration_ablation_results,test_uniform_maximum_bin_sample_count,642312.0,642429.0,117.0,True
1,recipient_full_weight_2,62,Platt,calibration_ablation_results,test_uniform_maximum_bin_sample_count,642398.0,642411.0,13.0,True
1,recipient_full_weight_2,62,Uncalibrated,calibration_ablation_results,test_uniform_maximum_bin_sample_count,641816.0,642100.0,284.0,True
1,recipient_full_weight_2,72,Isotonic,calibration_ablation_results,test_uniform_maximum_bin_sample_count,642282.0,642360.0,78.0,True
1,recipient_full_weight_2,72,Platt,calibration_ablation_results,test_uniform_maximum_bin_sample_count,642520.0,642483.0,-37.0,True
1,recipient_full_weight_2,72,Uncalibrated,calibration_ablation_results,test_uniform_maximum_bin_sample_count,642248.0,642104.0,-144.0,True
1,recipient_full_weight_2,82,Isotonic,calibration_ablation_results,test_uniform_maximum_bin_sample_count,642164.0,642266.0,102.0,True
1,recipient_full_weight_2,82,Platt,calibration_ablation_results,test_uniform_maximum_bin_sample_count,642429.0,642363.0,-66.0,True
1,recipient_full_weight_2,82,Uncalibrated,calibration_ablation_results,test_uniform_maximum_bin_sample_count,642058.0,641263.0,-795.0,True
2,raw_safe,42,Isotonic,calibration_ablation_results,test_uniform_maximum_bin_sample_count,605434.0,605445.0,11.0,True
2,raw_safe,42,Platt,calibration_ablation_results,test_uniform_maximum_bin_sample_count,605436.0,605434.0,-2.0,True
2,raw_safe,42,Uncalibrated,calibration_ablation_results,test_uniform_maximum_bin_sample_count,605317.0,605434.0,117.0,True
2,raw_safe,52,Isotonic,calibration_ablation_results,test_uniform_maximum_bin_sample_count,605477.0,605456.0,-21.0,True
2,raw_safe,52,Platt,calibration_ablation_results,test_uniform_maximum_bin_sample_count,605456.0,605456.0,0.0,False
2,raw_safe,52,Uncalibrated,calibration_ablation_results,test_uniform_maximum_bin_sample_count,605312.0,605445.0,133.0,True
2,raw_safe,62,Isotonic,calibration_ablation_results,test_uniform_maximum_bin_sample_count,605437.0,605471.0,34.0,True
2,raw_safe,62,Platt,calibration_ablation_results,test_uniform_maximum_bin_sample_count,605476.0,605471.0,-5.0,True
2,raw_safe,62,Uncalibrated,calibration_ablation_results,test_uniform_maximum_bin_sample_count,605437.0,605276.0,-161.0,True
2,raw_safe,72,Isotonic,calibration_ablation_results,test_uniform_maximum_bin_sample_count,605471.0,605435.0,-36.0,True
2,raw_safe,72,Platt,calibration_ablation_results,test_uniform_maximum_bin_sample_count,605471.0,605467.0,-4.0,True
2,raw_safe,72,Uncalibrated,calibration_ablation_results,test_uniform_maximum_bin_sample_count,605439.0,605435.0,-4.0,True
2,raw_safe,82,Isotonic,calibration_ablation_results,test_uniform_maximum_bin_sample_count,605471.0,605477.0,6.0,True
2,raw_safe,82,Platt,calibration_ablation_results,test_uniform_maximum_bin_sample_count,605450.0,605445.0,-5.0,True
2,raw_safe,82,Uncalibrated,calibration_ablation_results,test_uniform_maximum_bin_sample_count,605194.0,605419.0,225.0,True
2,recipient_full_weight_2,42,Isotonic,calibration_ablation_results,test_uniform_maximum_bin_sample_count,604998.0,605401.0,403.0,True
2,recipient_full_weight_2,42,Platt,calibration_ablation_results,test_uniform_maximum_bin_sample_count,605128.0,605115.0,-13.0,True
2,recipient_full_weight_2,42,Uncalibrated,calibration_ablation_results,test_uniform_maximum_bin_sample_count,604998.0,602507.0,-2491.0,True
2,recipient_full_weight_2,52,Isotonic,calibration_ablation_results,test_uniform_maximum_bin_sample_count,605246.0,604896.0,-350.0,True
2,recipient_full_weight_2,52,Platt,calibration_ablation_results,test_uniform_maximum_bin_sample_count,604535.0,605510.0,975.0,True
2,recipient_full_weight_2,52,Uncalibrated,calibration_ablation_results,test_uniform_maximum_bin_sample_count,602543.0,602009.0,-534.0,True
2,recipient_full_weight_2,62,Isotonic,calibration_ablation_results,test_uniform_maximum_bin_sample_count,605510.0,605251.0,-259.0,True
2,recipient_full_weight_2,62,Platt,calibration_ablation_results,test_uniform_maximum_bin_sample_count,603311.0,603725.0,414.0,True
2,recipient_full_weight_2,62,Uncalibrated,calibration_ablation_results,test_uniform_maximum_bin_sample_count,602192.0,603013.0,821.0,True
2,recipient_full_weight_2,72,Isotonic,calibration_ablation_results,test_uniform_maximum_bin_sample_count,603721.0,605510.0,1789.0,True
2,recipient_full_weight_2,72,Platt,calibration_ablation_results,test_uniform_maximum_bin_sample_count,603903.0,605510.0,1607.0,True
2,recipient_full_weight_2,72,Uncalibrated,calibration_ablation_results,test_uniform_maximum_bin_sample_count,601452.0,599426.0,-2026.0,True
2,recipient_full_weight_2,82,Isotonic,calibration_ablation_results,test_uniform_maximum_bin_sample_count,605307.0,604860.0,-447.0,True
2,recipient_full_weight_2,82,Platt,calibration_ablation_results,test_uniform_maximum_bin_sample_count,605323.0,604896.0,-427.0,True
2,recipient_full_weight_2,82,Uncalibrated,calibration_ablation_results,test_uniform_maximum_bin_sample_count,602368.0,602968.0,600.0,True
3,raw_safe,42,Isotonic,calibration_ablation_results,test_uniform_maximum_bin_sample_count,635991.0,636080.0,89.0,True
3,raw_safe,42,Platt,calibration_ablation_results,test_uniform_maximum_bin_sample_count,636080.0,636095.0,15.0,True
3,raw_safe,42,Uncalibrated,calibration_ablation_results,test_uniform_maximum_bin_sample_count,636009.0,636080.0,71.0,True
3,raw_safe,52,Isotonic,calibration_ablation_results,test_uniform_maximum_bin_sample_count,635988.0,636006.0,18.0,True
3,raw_safe,52,Platt,calibration_ablation_results,test_uniform_maximum_bin_sample_count,636073.0,636080.0,7.0,True
3,raw_safe,52,Uncalibrated,calibration_ablation_results,test_uniform_maximum_bin_sample_count,635988.0,636006.0,18.0,True
3,raw_safe,62,Isotonic,calibration_ablation_results,test_uniform_maximum_bin_sample_count,636087.0,635875.0,-212.0,True
3,raw_safe,62,Platt,calibration_ablation_results,test_uniform_maximum_bin_sample_count,636232.0,636088.0,-144.0,True
3,raw_safe,62,Uncalibrated,calibration_ablation_results,test_uniform_maximum_bin_sample_count,636184.0,636088.0,-96.0,True
3,raw_safe,72,Isotonic,calibration_ablation_results,test_uniform_maximum_bin_sample_count,635989.0,636018.0,29.0,True
3,raw_safe,72,Platt,calibration_ablation_results,test_uniform_maximum_bin_sample_count,636080.0,636091.0,11.0,True
3,raw_safe,72,Uncalibrated,calibration_ablation_results,test_uniform_maximum_bin_sample_count,636006.0,636018.0,12.0,True
3,raw_safe,82,Isotonic,calibration_ablation_results,test_uniform_maximum_bin_sample_count,635868.0,636009.0,141.0,True
3,raw_safe,82,Platt,calibration_ablation_results,test_uniform_maximum_bin_sample_count,636024.0,636081.0,57.0,True
3,raw_safe,82,Uncalibrated,calibration_ablation_results,test_uniform_maximum_bin_sample_count,635990.0,635977.0,-13.0,True
3,recipient_full_weight_2,42,Isotonic,calibration_ablation_results,test_uniform_maximum_bin_sample_count,631689.0,628933.0,-2756.0,True
3,recipient_full_weight_2,42,Platt,calibration_ablation_results,test_uniform_maximum_bin_sample_count,634702.0,633154.0,-1548.0,True
3,recipient_full_weight_2,42,Uncalibrated,calibration_ablation_results,test_uniform_maximum_bin_sample_count,630551.0,628636.0,-1915.0,True
3,recipient_full_weight_2,52,Isotonic,calibration_ablation_results,test_uniform_maximum_bin_sample_count,629520.0,627116.0,-2404.0,True
3,recipient_full_weight_2,52,Platt,calibration_ablation_results,test_uniform_maximum_bin_sample_count,629654.0,629076.0,-578.0,True
3,recipient_full_weight_2,52,Uncalibrated,calibration_ablation_results,test_uniform_maximum_bin_sample_count,628571.0,624662.0,-3909.0,True
3,recipient_full_weight_2,62,Isotonic,calibration_ablation_results,test_uniform_maximum_bin_sample_count,626208.0,633718.0,7510.0,True
3,recipient_full_weight_2,62,Platt,calibration_ablation_results,test_uniform_maximum_bin_sample_count,626266.0,634277.0,8011.0,True
3,recipient_full_weight_2,62,Uncalibrated,calibration_ablation_results,test_uniform_maximum_bin_sample_count,620614.0,630664.0,10050.0,True
3,recipient_full_weight_2,72,Isotonic,calibration_ablation_results,test_uniform_maximum_bin_sample_count,629798.0,629873.0,75.0,True
3,recipient_full_weight_2,72,Platt,calibration_ablation_results,test_uniform_maximum_bin_sample_count,630420.0,633011.0,2591.0,True
3,recipient_full_weight_2,72,Uncalibrated,calibration_ablation_results,test_uniform_maximum_bin_sample_count,629104.0,629564.0,460.0,True
3,recipient_full_weight_2,82,Isotonic,calibration_ablation_results,test_uniform_maximum_bin_sample_count,631783.0,629440.0,-2343.0,True
3,recipient_full_weight_2,82,Platt,calibration_ablation_results,test_uniform_maximum_bin_sample_count,630908.0,629523.0,-1385.0,True
3,recipient_full_weight_2,82,Uncalibrated,calibration_ablation_results,test_uniform_maximum_bin_sample_count,624519.0,626497.0,1978.0,True
1,raw_safe,42,Isotonic,calibration_ablation_results,test_quantile_ece_10,0.00010164739940213806,4.871061189310269e-05,-5.293678750903537e-05,True
1,raw_safe,42,Platt,calibration_ablation_results,test_quantile_ece_10,0.00022650367217533728,0.0004082062722636395,0.00018170260008830224,True
1,raw_safe,42,Uncalibrated,calibration_ablation_results,test_quantile_ece_10,0.0003452980543021952,0.0003137007269246297,-3.15973273775655e-05,True
1,raw_safe,52,Isotonic,calibration_ablation_results,test_quantile_ece_10,6.576442698587143e-05,3.213735055427654e-05,-3.362707643159489e-05,True
1,raw_safe,52,Platt,calibration_ablation_results,test_quantile_ece_10,0.0003541943283504823,0.00039197584548333127,3.778151713284899e-05,True
1,raw_safe,52,Uncalibrated,calibration_ablation_results,test_quantile_ece_10,0.0003290135513606443,0.00026197372538403244,-6.703982597661183e-05,True
1,raw_safe,62,Isotonic,calibration_ablation_results,test_quantile_ece_10,0.00017606383448046862,8.869642249594289e-05,-8.736741198452574e-05,True
1,raw_safe,62,Platt,calibration_ablation_results,test_quantile_ece_10,0.0002933680374976582,0.00020676276233098668,-8.660527516667153e-05,True
1,raw_safe,62,Uncalibrated,calibration_ablation_results,test_quantile_ece_10,0.00033976268925254443,0.00034956153613484477,9.798846882300334e-06,True
1,raw_safe,72,Isotonic,calibration_ablation_results,test_quantile_ece_10,0.00010022079652188693,7.876179383636157e-05,-2.1459002685525358e-05,True
1,raw_safe,72,Platt,calibration_ablation_results,test_quantile_ece_10,0.00034436259889758763,0.0004327906436183321,8.842804472074446e-05,True
1,raw_safe,72,Uncalibrated,calibration_ablation_results,test_quantile_ece_10,0.00026902474410552555,0.0002665793374353889,-2.445406670136647e-06,True
1,raw_safe,82,Isotonic,calibration_ablation_results,test_quantile_ece_10,3.052719069987094e-05,8.215956761332315e-05,5.163237691345221e-05,True
1,raw_safe,82,Platt,calibration_ablation_results,test_quantile_ece_10,0.0003063952732276403,0.000342214270326316,3.581899709867567e-05,True
1,raw_safe,82,Uncalibrated,calibration_ablation_results,test_quantile_ece_10,0.00029950604193886097,0.00036210156551857547,6.25955235797145e-05,True
1,recipient_full_weight_2,42,Isotonic,calibration_ablation_results,test_quantile_ece_10,7.129412930633627e-05,0.00015355293599401734,8.225880668768107e-05,True
1,recipient_full_weight_2,42,Platt,calibration_ablation_results,test_quantile_ece_10,0.0006779598337542505,0.0006414243252187263,-3.653550853552421e-05,True
1,recipient_full_weight_2,42,Uncalibrated,calibration_ablation_results,test_quantile_ece_10,0.0012917467001232732,0.000987314172007009,-0.00030443252811626414,True
1,recipient_full_weight_2,52,Isotonic,calibration_ablation_results,test_quantile_ece_10,0.00015706946161599312,7.329178171453593e-05,-8.377767990145719e-05,True
1,recipient_full_weight_2,52,Platt,calibration_ablation_results,test_quantile_ece_10,0.0005052415150656872,0.0006116158370979576,0.00010637432203227043,True
1,recipient_full_weight_2,52,Uncalibrated,calibration_ablation_results,test_quantile_ece_10,0.0003455251284255772,0.0008662115108708999,0.0005206863824453227,True
1,recipient_full_weight_2,62,Isotonic,calibration_ablation_results,test_quantile_ece_10,0.00014269042153250089,0.00016315940494336314,2.046898341086226e-05,True
1,recipient_full_weight_2,62,Platt,calibration_ablation_results,test_quantile_ece_10,0.0005695565367209472,0.0005866816754678565,1.712513874690925e-05,True
1,recipient_full_weight_2,62,Uncalibrated,calibration_ablation_results,test_quantile_ece_10,0.0004346896022169473,0.00043215077621940555,-2.538825997541749e-06,True
1,recipient_full_weight_2,72,Isotonic,calibration_ablation_results,test_quantile_ece_10,0.00012142468149478676,5.923890311827753e-05,-6.218577837650923e-05,True
1,recipient_full_weight_2,72,Platt,calibration_ablation_results,test_quantile_ece_10,0.0006871466013782955,0.0005756881544638566,-0.00011145844691443888,True
1,recipient_full_weight_2,72,Uncalibrated,calibration_ablation_results,test_quantile_ece_10,0.00039051233847745286,0.00037800069529001575,-1.251164318743711e-05,True
1,recipient_full_weight_2,82,Isotonic,calibration_ablation_results,test_quantile_ece_10,0.00013097175918757724,8.936824073457994e-05,-4.1603518452997305e-05,True
1,recipient_full_weight_2,82,Platt,calibration_ablation_results,test_quantile_ece_10,0.0004956784920016053,0.00041585286614971996,-7.982562585188535e-05,True
1,recipient_full_weight_2,82,Uncalibrated,calibration_ablation_results,test_quantile_ece_10,0.00028904345175269174,0.0006425475533285573,0.00035350410157586554,True
2,raw_safe,42,Isotonic,calibration_ablation_results,test_quantile_ece_10,0.000188601981593417,0.0001831614539260068,-5.440527667410202e-06,True
2,raw_safe,42,Platt,calibration_ablation_results,test_quantile_ece_10,0.0001923380317904167,0.00020295811783395659,1.062008604353989e-05,True
2,raw_safe,42,Uncalibrated,calibration_ablation_results,test_quantile_ece_10,0.0003564405682627158,0.00024633748900155963,-0.00011010307926115619,True
2,raw_safe,52,Isotonic,calibration_ablation_results,test_quantile_ece_10,0.00019887248345713717,0.00019318149934946703,-5.690984107670146e-06,True
2,raw_safe,52,Platt,calibration_ablation_results,test_quantile_ece_10,0.0002012724254351702,0.00024772158673755276,4.644916130238256e-05,True
2,raw_safe,52,Uncalibrated,calibration_ablation_results,test_quantile_ece_10,0.0003578397933780439,0.0005023144141499359,0.00014447462077189202,True
2,raw_safe,62,Isotonic,calibration_ablation_results,test_quantile_ece_10,0.00020629114939742623,0.00019991450072871615,-6.376648668710076e-06,True
2,raw_safe,62,Platt,calibration_ablation_results,test_quantile_ece_10,0.00020295099481633795,0.00022395090109924562,2.0999906282907668e-05,True
2,raw_safe,62,Uncalibrated,calibration_ablation_results,test_quantile_ece_10,0.0002775196860479287,0.0005794888252328906,0.00030196913918496186,True
2,raw_safe,72,Isotonic,calibration_ablation_results,test_quantile_ece_10,0.00018600360990833137,0.00021109158561484368,2.50879757065123e-05,True
2,raw_safe,72,Platt,calibration_ablation_results,test_quantile_ece_10,0.00018867321729549533,0.00019590915824443304,7.2359409489377116e-06,True
2,raw_safe,72,Uncalibrated,calibration_ablation_results,test_quantile_ece_10,0.00043560018592154066,0.0002375972271900354,-0.00019800295873150526,True
2,raw_safe,82,Isotonic,calibration_ablation_results,test_quantile_ece_10,0.00020546740847841578,0.0001940955066862751,-1.1371901792140674e-05,True
2,raw_safe,82,Platt,calibration_ablation_results,test_quantile_ece_10,0.00018934083187139176,0.00021691817976266496,2.75773478912732e-05,True
2,raw_safe,82,Uncalibrated,calibration_ablation_results,test_quantile_ece_10,0.00028936327295758,0.000254543645748429,-3.4819627209150997e-05,True
2,recipient_full_weight_2,42,Isotonic,calibration_ablation_results,test_quantile_ece_10,7.249297777162796e-05,8.265734991244448e-05,1.0164372140816528e-05,True
2,recipient_full_weight_2,42,Platt,calibration_ablation_results,test_quantile_ece_10,0.0004889131588165287,0.00020603938830206852,-0.0002828737705144602,True
2,recipient_full_weight_2,42,Uncalibrated,calibration_ablation_results,test_quantile_ece_10,0.0010438201313374951,0.002176416745666797,0.0011325966143293019,True
2,recipient_full_weight_2,52,Isotonic,calibration_ablation_results,test_quantile_ece_10,9.235495210537741e-05,9.732539484640605e-05,4.970442741028641e-06,True
2,recipient_full_weight_2,52,Platt,calibration_ablation_results,test_quantile_ece_10,0.0003680666285163558,0.00039097120656558565,2.290457804922987e-05,True
2,recipient_full_weight_2,52,Uncalibrated,calibration_ablation_results,test_quantile_ece_10,0.003307294213982998,0.004063035776440276,0.0007557415624572781,True
2,recipient_full_weight_2,62,Isotonic,calibration_ablation_results,test_quantile_ece_10,0.00022268704671025137,0.00011959786950221193,-0.00010308917720803944,True
2,recipient_full_weight_2,62,Platt,calibration_ablation_results,test_quantile_ece_10,0.0002957952151913072,0.0003584419919138855,6.264677672257826e-05,True
2,recipient_full_weight_2,62,Uncalibrated,calibration_ablation_results,test_quantile_ece_10,0.004503722518563141,0.003753070054276463,-0.0007506524642866782,True
2,recipient_full_weight_2,72,Isotonic,calibration_ablation_results,test_quantile_ece_10,0.00024163476038179576,0.00017196755820068237,-6.966720218111339e-05,True
2,recipient_full_weight_2,72,Platt,calibration_ablation_results,test_quantile_ece_10,0.0004208452587670699,0.00024921734275158117,-0.0001716279160154887,True
2,recipient_full_weight_2,72,Uncalibrated,calibration_ablation_results,test_quantile_ece_10,0.004545448054569317,0.00810668286791376,0.003561234813344444,True
2,recipient_full_weight_2,82,Isotonic,calibration_ablation_results,test_quantile_ece_10,0.0001488461311550599,0.00017127189605538367,2.242576490032376e-05,True
2,recipient_full_weight_2,82,Platt,calibration_ablation_results,test_quantile_ece_10,0.00027796932342093444,0.0003535245156807491,7.555519225981467e-05,True
2,recipient_full_weight_2,82,Uncalibrated,calibration_ablation_results,test_quantile_ece_10,0.002243728291548248,0.0022130480133831453,-3.0680278165102874e-05,True
3,raw_safe,42,Isotonic,calibration_ablation_results,test_quantile_ece_10,0.0044659010409256504,0.004488663852747227,2.2762811821576932e-05,True
3,raw_safe,42,Platt,calibration_ablation_results,test_quantile_ece_10,0.0043609866779883545,0.0044224886382625865,6.150196027423192e-05,True
3,raw_safe,42,Uncalibrated,calibration_ablation_results,test_quantile_ece_10,0.0044873378225858285,0.0046116930919159116,0.00012435526933008301,True
3,raw_safe,52,Isotonic,calibration_ablation_results,test_quantile_ece_10,0.00445144281877994,0.00446428239460565,1.283957582571063e-05,True
3,raw_safe,52,Platt,calibration_ablation_results,test_quantile_ece_10,0.004360052656780051,0.004409663158369187,4.9610501589135957e-05,True
3,raw_safe,52,Uncalibrated,calibration_ablation_results,test_quantile_ece_10,0.0045291617851597145,0.004500780724607856,-2.8381060551858732e-05,True
3,raw_safe,62,Isotonic,calibration_ablation_results,test_quantile_ece_10,0.004621371480463946,0.004467712438521398,-0.00015365904194254796,True
3,raw_safe,62,Platt,calibration_ablation_results,test_quantile_ece_10,0.0046089050392087065,0.004385615714547762,-0.0002232893246609446,True
3,raw_safe,62,Uncalibrated,calibration_ablation_results,test_quantile_ece_10,0.004817813180477429,0.0046021445452184735,-0.00021566863525895527,True
3,raw_safe,72,Isotonic,calibration_ablation_results,test_quantile_ece_10,0.00445842026838042,0.004466853142167338,8.432873786917879e-06,True
3,raw_safe,72,Platt,calibration_ablation_results,test_quantile_ece_10,0.0043768233994111415,0.0043952563543188106,1.843295490766908e-05,True
3,raw_safe,72,Uncalibrated,calibration_ablation_results,test_quantile_ece_10,0.004559511304011141,0.004575841042820264,1.632973880912221e-05,True
3,raw_safe,82,Isotonic,calibration_ablation_results,test_quantile_ece_10,0.004467784958676824,0.0044595053181095,-8.279640567324803e-06,True
3,raw_safe,82,Platt,calibration_ablation_results,test_quantile_ece_10,0.004390350591082903,0.004327497112575521,-6.285347850738116e-05,True
3,raw_safe,82,Uncalibrated,calibration_ablation_results,test_quantile_ece_10,0.004512279938448038,0.0045097314658627905,-2.548472585247631e-06,True
3,recipient_full_weight_2,42,Isotonic,calibration_ablation_results,test_quantile_ece_10,0.0038629805862754867,0.0010785150742656658,-0.0027844655120098207,True
3,recipient_full_weight_2,42,Platt,calibration_ablation_results,test_quantile_ece_10,0.004853636816644107,0.0007826739437129196,-0.004070962872931187,True
3,recipient_full_weight_2,42,Uncalibrated,calibration_ablation_results,test_quantile_ece_10,0.0025601498179423986,0.004981172410423366,0.0024210225924809676,True
3,recipient_full_weight_2,52,Isotonic,calibration_ablation_results,test_quantile_ece_10,0.003164004956604693,0.007273071294674819,0.004109066338070126,True
3,recipient_full_weight_2,52,Platt,calibration_ablation_results,test_quantile_ece_10,0.0033243282439069668,0.006152137167152521,0.0028278089232455545,True
3,recipient_full_weight_2,52,Uncalibrated,calibration_ablation_results,test_quantile_ece_10,0.008681281376830545,0.012703626945994275,0.00402234556916373,True
3,recipient_full_weight_2,62,Isotonic,calibration_ablation_results,test_quantile_ece_10,0.008380264272382714,0.004266821494841684,-0.00411344277754103,True
3,recipient_full_weight_2,62,Platt,calibration_ablation_results,test_quantile_ece_10,0.010086366430925314,0.0048876599424991386,-0.005198706488426175,True
3,recipient_full_weight_2,62,Uncalibrated,calibration_ablation_results,test_quantile_ece_10,0.016742912925719007,0.004200376548202926,-0.01254253637751608,True
3,recipient_full_weight_2,72,Isotonic,calibration_ablation_results,test_quantile_ece_10,0.0026908164223053287,0.0005658557897509587,-0.00212496063255437,True
3,recipient_full_weight_2,72,Platt,calibration_ablation_results,test_quantile_ece_10,0.0038884881124969482,0.0006835993587766746,-0.0032048887537202736,True
3,recipient_full_weight_2,72,Uncalibrated,calibration_ablation_results,test_quantile_ece_10,0.00676195760254602,0.0029974147527567154,-0.0037645428497893045,True
3,recipient_full_weight_2,82,Isotonic,calibration_ablation_results,test_quantile_ece_10,0.0026276315628251602,0.004378864669022834,0.001751233106197674,True
3,recipient_full_weight_2,82,Platt,calibration_ablation_results,test_quantile_ece_10,0.0019318434043376599,0.00642532405568488,0.00449348065134722,True
3,recipient_full_weight_2,82,Uncalibrated,calibration_ablation_results,test_quantile_ece_10,0.009744603416229547,0.008909387484624439,-0.0008352159316051076,True
1,raw_safe,42,Isotonic,calibration_ablation_results,test_quantile_nonempty_bin_count,3.0,3.0,0.0,False
1,raw_safe,42,Platt,calibration_ablation_results,test_quantile_nonempty_bin_count,8.0,7.0,-1.0,True
1,raw_safe,42,Uncalibrated,calibration_ablation_results,test_quantile_nonempty_bin_count,10.0,10.0,0.0,False
1,raw_safe,52,Isotonic,calibration_ablation_results,test_quantile_nonempty_bin_count,4.0,4.0,0.0,False
1,raw_safe,52,Platt,calibration_ablation_results,test_quantile_nonempty_bin_count,6.0,7.0,1.0,True
1,raw_safe,52,Uncalibrated,calibration_ablation_results,test_quantile_nonempty_bin_count,10.0,10.0,0.0,False
1,raw_safe,62,Isotonic,calibration_ablation_results,test_quantile_nonempty_bin_count,4.0,4.0,0.0,False
1,raw_safe,62,Platt,calibration_ablation_results,test_quantile_nonempty_bin_count,10.0,7.0,-3.0,True
1,raw_safe,62,Uncalibrated,calibration_ablation_results,test_quantile_nonempty_bin_count,10.0,9.0,-1.0,True
1,raw_safe,72,Isotonic,calibration_ablation_results,test_quantile_nonempty_bin_count,3.0,2.0,-1.0,True
1,raw_safe,72,Platt,calibration_ablation_results,test_quantile_nonempty_bin_count,7.0,10.0,3.0,True
1,raw_safe,72,Uncalibrated,calibration_ablation_results,test_quantile_nonempty_bin_count,9.0,10.0,1.0,True
1,raw_safe,82,Isotonic,calibration_ablation_results,test_quantile_nonempty_bin_count,3.0,3.0,0.0,False
1,raw_safe,82,Platt,calibration_ablation_results,test_quantile_nonempty_bin_count,7.0,10.0,3.0,True
1,raw_safe,82,Uncalibrated,calibration_ablation_results,test_quantile_nonempty_bin_count,10.0,10.0,0.0,False
1,recipient_full_weight_2,42,Isotonic,calibration_ablation_results,test_quantile_nonempty_bin_count,2.0,3.0,1.0,True
1,recipient_full_weight_2,42,Platt,calibration_ablation_results,test_quantile_nonempty_bin_count,10.0,10.0,0.0,False
1,recipient_full_weight_2,42,Uncalibrated,calibration_ablation_results,test_quantile_nonempty_bin_count,10.0,10.0,0.0,False
1,recipient_full_weight_2,52,Isotonic,calibration_ablation_results,test_quantile_nonempty_bin_count,2.0,3.0,1.0,True
1,recipient_full_weight_2,52,Platt,calibration_ablation_results,test_quantile_nonempty_bin_count,9.0,10.0,1.0,True
1,recipient_full_weight_2,52,Uncalibrated,calibration_ablation_results,test_quantile_nonempty_bin_count,9.0,10.0,1.0,True
1,recipient_full_weight_2,62,Isotonic,calibration_ablation_results,test_quantile_nonempty_bin_count,4.0,4.0,0.0,False
1,recipient_full_weight_2,62,Platt,calibration_ablation_results,test_quantile_nonempty_bin_count,8.0,9.0,1.0,True
1,recipient_full_weight_2,62,Uncalibrated,calibration_ablation_results,test_quantile_nonempty_bin_count,8.0,9.0,1.0,True
1,recipient_full_weight_2,72,Isotonic,calibration_ablation_results,test_quantile_nonempty_bin_count,3.0,4.0,1.0,True
1,recipient_full_weight_2,72,Platt,calibration_ablation_results,test_quantile_nonempty_bin_count,10.0,9.0,-1.0,True
1,recipient_full_weight_2,72,Uncalibrated,calibration_ablation_results,test_quantile_nonempty_bin_count,10.0,9.0,-1.0,True
1,recipient_full_weight_2,82,Isotonic,calibration_ablation_results,test_quantile_nonempty_bin_count,4.0,3.0,-1.0,True
1,recipient_full_weight_2,82,Platt,calibration_ablation_results,test_quantile_nonempty_bin_count,9.0,10.0,1.0,True
1,recipient_full_weight_2,82,Uncalibrated,calibration_ablation_results,test_quantile_nonempty_bin_count,9.0,10.0,1.0,True
2,raw_safe,42,Isotonic,calibration_ablation_results,test_quantile_nonempty_bin_count,4.0,4.0,0.0,False
2,raw_safe,42,Platt,calibration_ablation_results,test_quantile_nonempty_bin_count,8.0,8.0,0.0,False
2,raw_safe,42,Uncalibrated,calibration_ablation_results,test_quantile_nonempty_bin_count,10.0,10.0,0.0,False
2,raw_safe,52,Isotonic,calibration_ablation_results,test_quantile_nonempty_bin_count,4.0,3.0,-1.0,True
2,raw_safe,52,Platt,calibration_ablation_results,test_quantile_nonempty_bin_count,7.0,5.0,-2.0,True
2,raw_safe,52,Uncalibrated,calibration_ablation_results,test_quantile_nonempty_bin_count,10.0,10.0,0.0,False
2,raw_safe,62,Isotonic,calibration_ablation_results,test_quantile_nonempty_bin_count,5.0,3.0,-2.0,True
2,raw_safe,62,Platt,calibration_ablation_results,test_quantile_nonempty_bin_count,5.0,7.0,2.0,True
2,raw_safe,62,Uncalibrated,calibration_ablation_results,test_quantile_nonempty_bin_count,10.0,10.0,0.0,False
2,raw_safe,72,Isotonic,calibration_ablation_results,test_quantile_nonempty_bin_count,4.0,5.0,1.0,True
2,raw_safe,72,Platt,calibration_ablation_results,test_quantile_nonempty_bin_count,5.0,8.0,3.0,True
2,raw_safe,72,Uncalibrated,calibration_ablation_results,test_quantile_nonempty_bin_count,10.0,10.0,0.0,False
2,raw_safe,82,Isotonic,calibration_ablation_results,test_quantile_nonempty_bin_count,4.0,3.0,-1.0,True
2,raw_safe,82,Platt,calibration_ablation_results,test_quantile_nonempty_bin_count,7.0,8.0,1.0,True
2,raw_safe,82,Uncalibrated,calibration_ablation_results,test_quantile_nonempty_bin_count,10.0,10.0,0.0,False
2,recipient_full_weight_2,42,Isotonic,calibration_ablation_results,test_quantile_nonempty_bin_count,3.0,3.0,0.0,False
2,recipient_full_weight_2,42,Platt,calibration_ablation_results,test_quantile_nonempty_bin_count,10.0,7.0,-3.0,True
2,recipient_full_weight_2,42,Uncalibrated,calibration_ablation_results,test_quantile_nonempty_bin_count,10.0,7.0,-3.0,True
2,recipient_full_weight_2,52,Isotonic,calibration_ablation_results,test_quantile_nonempty_bin_count,3.0,3.0,0.0,False
2,recipient_full_weight_2,52,Platt,calibration_ablation_results,test_quantile_nonempty_bin_count,9.0,9.0,0.0,False
2,recipient_full_weight_2,52,Uncalibrated,calibration_ablation_results,test_quantile_nonempty_bin_count,9.0,9.0,0.0,False
2,recipient_full_weight_2,62,Isotonic,calibration_ablation_results,test_quantile_nonempty_bin_count,3.0,3.0,0.0,False
2,recipient_full_weight_2,62,Platt,calibration_ablation_results,test_quantile_nonempty_bin_count,9.0,9.0,0.0,False
2,recipient_full_weight_2,62,Uncalibrated,calibration_ablation_results,test_quantile_nonempty_bin_count,9.0,9.0,0.0,False
2,recipient_full_weight_2,72,Isotonic,calibration_ablation_results,test_quantile_nonempty_bin_count,2.0,3.0,1.0,True
2,recipient_full_weight_2,72,Platt,calibration_ablation_results,test_quantile_nonempty_bin_count,9.0,9.0,0.0,False
2,recipient_full_weight_2,72,Uncalibrated,calibration_ablation_results,test_quantile_nonempty_bin_count,9.0,9.0,0.0,False
2,recipient_full_weight_2,82,Isotonic,calibration_ablation_results,test_quantile_nonempty_bin_count,4.0,3.0,-1.0,True
2,recipient_full_weight_2,82,Platt,calibration_ablation_results,test_quantile_nonempty_bin_count,9.0,10.0,1.0,True
2,recipient_full_weight_2,82,Uncalibrated,calibration_ablation_results,test_quantile_nonempty_bin_count,10.0,10.0,0.0,False
3,raw_safe,42,Isotonic,calibration_ablation_results,test_quantile_nonempty_bin_count,4.0,3.0,-1.0,True
3,raw_safe,42,Platt,calibration_ablation_results,test_quantile_nonempty_bin_count,8.0,7.0,-1.0,True
3,raw_safe,42,Uncalibrated,calibration_ablation_results,test_quantile_nonempty_bin_count,10.0,10.0,0.0,False
3,raw_safe,52,Isotonic,calibration_ablation_results,test_quantile_nonempty_bin_count,5.0,4.0,-1.0,True
3,raw_safe,52,Platt,calibration_ablation_results,test_quantile_nonempty_bin_count,7.0,9.0,2.0,True
3,raw_safe,52,Uncalibrated,calibration_ablation_results,test_quantile_nonempty_bin_count,9.0,10.0,1.0,True
3,raw_safe,62,Isotonic,calibration_ablation_results,test_quantile_nonempty_bin_count,4.0,5.0,1.0,True
3,raw_safe,62,Platt,calibration_ablation_results,test_quantile_nonempty_bin_count,6.0,7.0,1.0,True
3,raw_safe,62,Uncalibrated,calibration_ablation_results,test_quantile_nonempty_bin_count,8.0,10.0,2.0,True
3,raw_safe,72,Isotonic,calibration_ablation_results,test_quantile_nonempty_bin_count,3.0,3.0,0.0,False
3,raw_safe,72,Platt,calibration_ablation_results,test_quantile_nonempty_bin_count,8.0,7.0,-1.0,True
3,raw_safe,72,Uncalibrated,calibration_ablation_results,test_quantile_nonempty_bin_count,10.0,10.0,0.0,False
3,raw_safe,82,Isotonic,calibration_ablation_results,test_quantile_nonempty_bin_count,4.0,4.0,0.0,False
3,raw_safe,82,Platt,calibration_ablation_results,test_quantile_nonempty_bin_count,10.0,5.0,-5.0,True
3,raw_safe,82,Uncalibrated,calibration_ablation_results,test_quantile_nonempty_bin_count,10.0,10.0,0.0,False
3,recipient_full_weight_2,42,Isotonic,calibration_ablation_results,test_quantile_nonempty_bin_count,4.0,3.0,-1.0,True
3,recipient_full_weight_2,42,Platt,calibration_ablation_results,test_quantile_nonempty_bin_count,8.0,9.0,1.0,True
3,recipient_full_weight_2,42,Uncalibrated,calibration_ablation_results,test_quantile_nonempty_bin_count,8.0,9.0,1.0,True
3,recipient_full_weight_2,52,Isotonic,calibration_ablation_results,test_quantile_nonempty_bin_count,2.0,3.0,1.0,True
3,recipient_full_weight_2,52,Platt,calibration_ablation_results,test_quantile_nonempty_bin_count,9.0,8.0,-1.0,True
3,recipient_full_weight_2,52,Uncalibrated,calibration_ablation_results,test_quantile_nonempty_bin_count,9.0,8.0,-1.0,True
3,recipient_full_weight_2,62,Isotonic,calibration_ablation_results,test_quantile_nonempty_bin_count,3.0,4.0,1.0,True
3,recipient_full_weight_2,62,Platt,calibration_ablation_results,test_quantile_nonempty_bin_count,7.0,9.0,2.0,True
3,recipient_full_weight_2,62,Uncalibrated,calibration_ablation_results,test_quantile_nonempty_bin_count,7.0,9.0,2.0,True
3,recipient_full_weight_2,72,Isotonic,calibration_ablation_results,test_quantile_nonempty_bin_count,4.0,4.0,0.0,False
3,recipient_full_weight_2,72,Platt,calibration_ablation_results,test_quantile_nonempty_bin_count,9.0,8.0,-1.0,True
3,recipient_full_weight_2,72,Uncalibrated,calibration_ablation_results,test_quantile_nonempty_bin_count,9.0,8.0,-1.0,True
3,recipient_full_weight_2,82,Isotonic,calibration_ablation_results,test_quantile_nonempty_bin_count,3.0,3.0,0.0,False
3,recipient_full_weight_2,82,Platt,calibration_ablation_results,test_quantile_nonempty_bin_count,10.0,9.0,-1.0,True
3,recipient_full_weight_2,82,Uncalibrated,calibration_ablation_results,test_quantile_nonempty_bin_count,10.0,9.0,-1.0,True
1,raw_safe,42,Isotonic,calibration_ablation_results,test_quantile_empty_bin_count,7.0,7.0,0.0,False
1,raw_safe,42,Platt,calibration_ablation_results,test_quantile_empty_bin_count,2.0,3.0,1.0,True
1,raw_safe,42,Uncalibrated,calibration_ablation_results,test_quantile_empty_bin_count,0.0,0.0,0.0,False
1,raw_safe,52,Isotonic,calibration_ablation_results,test_quantile_empty_bin_count,6.0,6.0,0.0,False
1,raw_safe,52,Platt,calibration_ablation_results,test_quantile_empty_bin_count,4.0,3.0,-1.0,True
1,raw_safe,52,Uncalibrated,calibration_ablation_results,test_quantile_empty_bin_count,0.0,0.0,0.0,False
1,raw_safe,62,Isotonic,calibration_ablation_results,test_quantile_empty_bin_count,6.0,6.0,0.0,False
1,raw_safe,62,Platt,calibration_ablation_results,test_quantile_empty_bin_count,0.0,3.0,3.0,True
1,raw_safe,62,Uncalibrated,calibration_ablation_results,test_quantile_empty_bin_count,0.0,1.0,1.0,True
1,raw_safe,72,Isotonic,calibration_ablation_results,test_quantile_empty_bin_count,7.0,8.0,1.0,True
1,raw_safe,72,Platt,calibration_ablation_results,test_quantile_empty_bin_count,3.0,0.0,-3.0,True
1,raw_safe,72,Uncalibrated,calibration_ablation_results,test_quantile_empty_bin_count,1.0,0.0,-1.0,True
1,raw_safe,82,Isotonic,calibration_ablation_results,test_quantile_empty_bin_count,7.0,7.0,0.0,False
1,raw_safe,82,Platt,calibration_ablation_results,test_quantile_empty_bin_count,3.0,0.0,-3.0,True
1,raw_safe,82,Uncalibrated,calibration_ablation_results,test_quantile_empty_bin_count,0.0,0.0,0.0,False
1,recipient_full_weight_2,42,Isotonic,calibration_ablation_results,test_quantile_empty_bin_count,8.0,7.0,-1.0,True
1,recipient_full_weight_2,42,Platt,calibration_ablation_results,test_quantile_empty_bin_count,0.0,0.0,0.0,False
1,recipient_full_weight_2,42,Uncalibrated,calibration_ablation_results,test_quantile_empty_bin_count,0.0,0.0,0.0,False
1,recipient_full_weight_2,52,Isotonic,calibration_ablation_results,test_quantile_empty_bin_count,8.0,7.0,-1.0,True
1,recipient_full_weight_2,52,Platt,calibration_ablation_results,test_quantile_empty_bin_count,1.0,0.0,-1.0,True
1,recipient_full_weight_2,52,Uncalibrated,calibration_ablation_results,test_quantile_empty_bin_count,1.0,0.0,-1.0,True
1,recipient_full_weight_2,62,Isotonic,calibration_ablation_results,test_quantile_empty_bin_count,6.0,6.0,0.0,False
1,recipient_full_weight_2,62,Platt,calibration_ablation_results,test_quantile_empty_bin_count,2.0,1.0,-1.0,True
1,recipient_full_weight_2,62,Uncalibrated,calibration_ablation_results,test_quantile_empty_bin_count,2.0,1.0,-1.0,True
1,recipient_full_weight_2,72,Isotonic,calibration_ablation_results,test_quantile_empty_bin_count,7.0,6.0,-1.0,True
1,recipient_full_weight_2,72,Platt,calibration_ablation_results,test_quantile_empty_bin_count,0.0,1.0,1.0,True
1,recipient_full_weight_2,72,Uncalibrated,calibration_ablation_results,test_quantile_empty_bin_count,0.0,1.0,1.0,True
1,recipient_full_weight_2,82,Isotonic,calibration_ablation_results,test_quantile_empty_bin_count,6.0,7.0,1.0,True
1,recipient_full_weight_2,82,Platt,calibration_ablation_results,test_quantile_empty_bin_count,1.0,0.0,-1.0,True
1,recipient_full_weight_2,82,Uncalibrated,calibration_ablation_results,test_quantile_empty_bin_count,1.0,0.0,-1.0,True
2,raw_safe,42,Isotonic,calibration_ablation_results,test_quantile_empty_bin_count,6.0,6.0,0.0,False
2,raw_safe,42,Platt,calibration_ablation_results,test_quantile_empty_bin_count,2.0,2.0,0.0,False
2,raw_safe,42,Uncalibrated,calibration_ablation_results,test_quantile_empty_bin_count,0.0,0.0,0.0,False
2,raw_safe,52,Isotonic,calibration_ablation_results,test_quantile_empty_bin_count,6.0,7.0,1.0,True
2,raw_safe,52,Platt,calibration_ablation_results,test_quantile_empty_bin_count,3.0,5.0,2.0,True
2,raw_safe,52,Uncalibrated,calibration_ablation_results,test_quantile_empty_bin_count,0.0,0.0,0.0,False
2,raw_safe,62,Isotonic,calibration_ablation_results,test_quantile_empty_bin_count,5.0,7.0,2.0,True
2,raw_safe,62,Platt,calibration_ablation_results,test_quantile_empty_bin_count,5.0,3.0,-2.0,True
2,raw_safe,62,Uncalibrated,calibration_ablation_results,test_quantile_empty_bin_count,0.0,0.0,0.0,False
2,raw_safe,72,Isotonic,calibration_ablation_results,test_quantile_empty_bin_count,6.0,5.0,-1.0,True
2,raw_safe,72,Platt,calibration_ablation_results,test_quantile_empty_bin_count,5.0,2.0,-3.0,True
2,raw_safe,72,Uncalibrated,calibration_ablation_results,test_quantile_empty_bin_count,0.0,0.0,0.0,False
2,raw_safe,82,Isotonic,calibration_ablation_results,test_quantile_empty_bin_count,6.0,7.0,1.0,True
2,raw_safe,82,Platt,calibration_ablation_results,test_quantile_empty_bin_count,3.0,2.0,-1.0,True
2,raw_safe,82,Uncalibrated,calibration_ablation_results,test_quantile_empty_bin_count,0.0,0.0,0.0,False
2,recipient_full_weight_2,42,Isotonic,calibration_ablation_results,test_quantile_empty_bin_count,7.0,7.0,0.0,False
2,recipient_full_weight_2,42,Platt,calibration_ablation_results,test_quantile_empty_bin_count,0.0,3.0,3.0,True
2,recipient_full_weight_2,42,Uncalibrated,calibration_ablation_results,test_quantile_empty_bin_count,0.0,3.0,3.0,True
2,recipient_full_weight_2,52,Isotonic,calibration_ablation_results,test_quantile_empty_bin_count,7.0,7.0,0.0,False
2,recipient_full_weight_2,52,Platt,calibration_ablation_results,test_quantile_empty_bin_count,1.0,1.0,0.0,False
2,recipient_full_weight_2,52,Uncalibrated,calibration_ablation_results,test_quantile_empty_bin_count,1.0,1.0,0.0,False
2,recipient_full_weight_2,62,Isotonic,calibration_ablation_results,test_quantile_empty_bin_count,7.0,7.0,0.0,False
2,recipient_full_weight_2,62,Platt,calibration_ablation_results,test_quantile_empty_bin_count,1.0,1.0,0.0,False
2,recipient_full_weight_2,62,Uncalibrated,calibration_ablation_results,test_quantile_empty_bin_count,1.0,1.0,0.0,False
2,recipient_full_weight_2,72,Isotonic,calibration_ablation_results,test_quantile_empty_bin_count,8.0,7.0,-1.0,True
2,recipient_full_weight_2,72,Platt,calibration_ablation_results,test_quantile_empty_bin_count,1.0,1.0,0.0,False
2,recipient_full_weight_2,72,Uncalibrated,calibration_ablation_results,test_quantile_empty_bin_count,1.0,1.0,0.0,False
2,recipient_full_weight_2,82,Isotonic,calibration_ablation_results,test_quantile_empty_bin_count,6.0,7.0,1.0,True
2,recipient_full_weight_2,82,Platt,calibration_ablation_results,test_quantile_empty_bin_count,1.0,0.0,-1.0,True
2,recipient_full_weight_2,82,Uncalibrated,calibration_ablation_results,test_quantile_empty_bin_count,0.0,0.0,0.0,False
3,raw_safe,42,Isotonic,calibration_ablation_results,test_quantile_empty_bin_count,6.0,7.0,1.0,True
3,raw_safe,42,Platt,calibration_ablation_results,test_quantile_empty_bin_count,2.0,3.0,1.0,True
3,raw_safe,42,Uncalibrated,calibration_ablation_results,test_quantile_empty_bin_count,0.0,0.0,0.0,False
3,raw_safe,52,Isotonic,calibration_ablation_results,test_quantile_empty_bin_count,5.0,6.0,1.0,True
3,raw_safe,52,Platt,calibration_ablation_results,test_quantile_empty_bin_count,3.0,1.0,-2.0,True
3,raw_safe,52,Uncalibrated,calibration_ablation_results,test_quantile_empty_bin_count,1.0,0.0,-1.0,True
3,raw_safe,62,Isotonic,calibration_ablation_results,test_quantile_empty_bin_count,6.0,5.0,-1.0,True
3,raw_safe,62,Platt,calibration_ablation_results,test_quantile_empty_bin_count,4.0,3.0,-1.0,True
3,raw_safe,62,Uncalibrated,calibration_ablation_results,test_quantile_empty_bin_count,2.0,0.0,-2.0,True
3,raw_safe,72,Isotonic,calibration_ablation_results,test_quantile_empty_bin_count,7.0,7.0,0.0,False
3,raw_safe,72,Platt,calibration_ablation_results,test_quantile_empty_bin_count,2.0,3.0,1.0,True
3,raw_safe,72,Uncalibrated,calibration_ablation_results,test_quantile_empty_bin_count,0.0,0.0,0.0,False
3,raw_safe,82,Isotonic,calibration_ablation_results,test_quantile_empty_bin_count,6.0,6.0,0.0,False
3,raw_safe,82,Platt,calibration_ablation_results,test_quantile_empty_bin_count,0.0,5.0,5.0,True
3,raw_safe,82,Uncalibrated,calibration_ablation_results,test_quantile_empty_bin_count,0.0,0.0,0.0,False
3,recipient_full_weight_2,42,Isotonic,calibration_ablation_results,test_quantile_empty_bin_count,6.0,7.0,1.0,True
3,recipient_full_weight_2,42,Platt,calibration_ablation_results,test_quantile_empty_bin_count,2.0,1.0,-1.0,True
3,recipient_full_weight_2,42,Uncalibrated,calibration_ablation_results,test_quantile_empty_bin_count,2.0,1.0,-1.0,True
3,recipient_full_weight_2,52,Isotonic,calibration_ablation_results,test_quantile_empty_bin_count,8.0,7.0,-1.0,True
3,recipient_full_weight_2,52,Platt,calibration_ablation_results,test_quantile_empty_bin_count,1.0,2.0,1.0,True
3,recipient_full_weight_2,52,Uncalibrated,calibration_ablation_results,test_quantile_empty_bin_count,1.0,2.0,1.0,True
3,recipient_full_weight_2,62,Isotonic,calibration_ablation_results,test_quantile_empty_bin_count,7.0,6.0,-1.0,True
3,recipient_full_weight_2,62,Platt,calibration_ablation_results,test_quantile_empty_bin_count,3.0,1.0,-2.0,True
3,recipient_full_weight_2,62,Uncalibrated,calibration_ablation_results,test_quantile_empty_bin_count,3.0,1.0,-2.0,True
3,recipient_full_weight_2,72,Isotonic,calibration_ablation_results,test_quantile_empty_bin_count,6.0,6.0,0.0,False
3,recipient_full_weight_2,72,Platt,calibration_ablation_results,test_quantile_empty_bin_count,1.0,2.0,1.0,True
3,recipient_full_weight_2,72,Uncalibrated,calibration_ablation_results,test_quantile_empty_bin_count,1.0,2.0,1.0,True
3,recipient_full_weight_2,82,Isotonic,calibration_ablation_results,test_quantile_empty_bin_count,7.0,7.0,0.0,False
3,recipient_full_weight_2,82,Platt,calibration_ablation_results,test_quantile_empty_bin_count,0.0,1.0,1.0,True
3,recipient_full_weight_2,82,Uncalibrated,calibration_ablation_results,test_quantile_empty_bin_count,0.0,1.0,1.0,True
1,raw_safe,42,Isotonic,calibration_ablation_results,test_quantile_maximum_bin_sample_share,0.5684692240543615,0.5735621112841762,0.005092887229814713,True
1,raw_safe,42,Platt,calibration_ablation_results,test_quantile_maximum_bin_sample_share,0.29779463823073127,0.3907425532279071,0.0929479149971758,True
1,raw_safe,42,Uncalibrated,calibration_ablation_results,test_quantile_maximum_bin_sample_share,0.1328289720396912,0.11881691902885036,-0.014012053010840853,True
1,raw_safe,52,Isotonic,calibration_ablation_results,test_quantile_maximum_bin_sample_share,0.5868226016515706,0.5656777056644172,-0.02114489598715341,True
1,raw_safe,52,Platt,calibration_ablation_results,test_quantile_maximum_bin_sample_share,0.49537469988065247,0.38731461843802567,-0.1080600814426268,True
1,raw_safe,52,Uncalibrated,calibration_ablation_results,test_quantile_maximum_bin_sample_share,0.10447031949970513,0.11263792263728467,0.00816760313757954,True
1,raw_safe,62,Isotonic,calibration_ablation_results,test_quantile_maximum_bin_sample_share,0.5707223559543834,0.3967939551334218,-0.17392840082096156,True
1,raw_safe,62,Platt,calibration_ablation_results,test_quantile_maximum_bin_sample_share,0.11416283234862548,0.3995481287957415,0.28538529644711597,True
1,raw_safe,62,Uncalibrated,calibration_ablation_results,test_quantile_maximum_bin_sample_share,0.11416283234862548,0.23879930476565406,0.12463647241702858,True
1,raw_safe,72,Isotonic,calibration_ablation_results,test_quantile_maximum_bin_sample_share,0.5672103955273464,0.5661258423959132,-0.0010845531314331858,True
1,raw_safe,72,Platt,calibration_ablation_results,test_quantile_maximum_bin_sample_share,0.3974194793211351,0.1339539819593845,-0.2634654973617506,True
1,raw_safe,72,Uncalibrated,calibration_ablation_results,test_quantile_maximum_bin_sample_share,0.22424575320425544,0.1339539819593845,-0.09029177124487095,True
1,raw_safe,82,Isotonic,calibration_ablation_results,test_quantile_maximum_bin_sample_share,0.5752566283001458,0.5752488481485574,-7.780151588421269e-06,True
1,raw_safe,82,Platt,calibration_ablation_results,test_quantile_maximum_bin_sample_share,0.3987078724241863,0.1370691546554093,-0.261638717768777,True
1,raw_safe,82,Uncalibrated,calibration_ablation_results,test_quantile_maximum_bin_sample_share,0.11071778122524939,0.1370691546554093,0.02635137343015992,True
1,recipient_full_weight_2,42,Isotonic,calibration_ablation_results,test_quantile_maximum_bin_sample_share,0.730848767857393,0.6752829252125149,-0.05556584264487807,True
1,recipient_full_weight_2,42,Platt,calibration_ablation_results,test_quantile_maximum_bin_sample_share,0.14438560920920984,0.14489754318373138,0.000511933974521539,True
1,recipient_full_weight_2,42,Uncalibrated,calibration_ablation_results,test_quantile_maximum_bin_sample_share,0.14438560920920984,0.14489754318373138,0.000511933974521539,True
1,recipient_full_weight_2,52,Isotonic,calibration_ablation_results,test_quantile_maximum_bin_sample_share,0.6986373842507947,0.5997905583192383,-0.09884682593155636,True
1,recipient_full_weight_2,52,Platt,calibration_ablation_results,test_quantile_maximum_bin_sample_share,0.21582607315520935,0.15790440060934147,-0.057921672545867886,True
1,recipient_full_weight_2,52,Uncalibrated,calibration_ablation_results,test_quantile_maximum_bin_sample_share,0.21582607315520935,0.15790440060934147,-0.057921672545867886,True
1,recipient_full_weight_2,62,Isotonic,calibration_ablation_results,test_quantile_maximum_bin_sample_share,0.6600556125235544,0.6745469228722453,0.014491310348690889,True
1,recipient_full_weight_2,62,Platt,calibration_ablation_results,test_quantile_maximum_bin_sample_share,0.34092468657659325,0.2424886526489082,-0.09843603392768505,True
1,recipient_full_weight_2,62,Uncalibrated,calibration_ablation_results,test_quantile_maximum_bin_sample_share,0.34092468657659325,0.2424886526489082,-0.09843603392768505,True
1,recipient_full_weight_2,72,Isotonic,calibration_ablation_results,test_quantile_maximum_bin_sample_share,0.644532654074232,0.6821979239443501,0.03766526987011809,True
1,recipient_full_weight_2,72,Platt,calibration_ablation_results,test_quantile_maximum_bin_sample_share,0.17654097572437102,0.17278627456777368,-0.0037547011565973454,True
1,recipient_full_weight_2,72,Uncalibrated,calibration_ablation_results,test_quantile_maximum_bin_sample_share,0.17654097572437102,0.17278627456777368,-0.0037547011565973454,True
1,recipient_full_weight_2,82,Isotonic,calibration_ablation_results,test_quantile_maximum_bin_sample_share,0.5592995373921865,0.6386010665031797,0.0793015291109932,True
1,recipient_full_weight_2,82,Platt,calibration_ablation_results,test_quantile_maximum_bin_sample_share,0.28050402934050767,0.12672777716401026,-0.1537762521764974,True
1,recipient_full_weight_2,82,Uncalibrated,calibration_ablation_results,test_quantile_maximum_bin_sample_share,0.28050402934050767,0.12672777716401026,-0.1537762521764974,True
2,raw_safe,42,Isotonic,calibration_ablation_results,test_quantile_maximum_bin_sample_share,0.5492526960743835,0.5613301184125778,0.01207742233819431,True
2,raw_safe,42,Platt,calibration_ablation_results,test_quantile_maximum_bin_sample_share,0.29437003517695826,0.2987911017159089,0.004421066538950635,True
2,raw_safe,42,Uncalibrated,calibration_ablation_results,test_quantile_maximum_bin_sample_share,0.1920381166289574,0.10869845254413635,-0.08333966408482105,True
2,raw_safe,52,Isotonic,calibration_ablation_results,test_quantile_maximum_bin_sample_share,0.5650922362966755,0.5595002559825601,-0.005591980314115341,True
2,raw_safe,52,Platt,calibration_ablation_results,test_quantile_maximum_bin_sample_share,0.3793892751564797,0.5986556786840845,0.21926640352760485,True
2,raw_safe,52,Uncalibrated,calibration_ablation_results,test_quantile_maximum_bin_sample_share,0.1275305114696702,0.11025086290895278,-0.017279648560717425,True
2,raw_safe,62,Isotonic,calibration_ablation_results,test_quantile_maximum_bin_sample_share,0.5749929811233505,0.5652375683308286,-0.0097554127925219,True
2,raw_safe,62,Platt,calibration_ablation_results,test_quantile_maximum_bin_sample_share,0.5975128404155174,0.3924146587174448,-0.20509818169807265,True
2,raw_safe,62,Uncalibrated,calibration_ablation_results,test_quantile_maximum_bin_sample_share,0.11422437284272761,0.11445062839589767,0.00022625555317005996,True
2,raw_safe,72,Isotonic,calibration_ablation_results,test_quantile_maximum_bin_sample_share,0.5612112103846344,0.5639807765354825,0.002769566150848113,True
2,raw_safe,72,Platt,calibration_ablation_results,test_quantile_maximum_bin_sample_share,0.59935591484864,0.2972585093557497,-0.3020974054928903,True
2,raw_safe,72,Uncalibrated,calibration_ablation_results,test_quantile_maximum_bin_sample_share,0.12277584185232283,0.1208369803966904,-0.0019388614556324346,True
2,raw_safe,82,Isotonic,calibration_ablation_results,test_quantile_maximum_bin_sample_share,0.5986342091790392,0.5717576918630576,-0.02687651731598162,True
2,raw_safe,82,Platt,calibration_ablation_results,test_quantile_maximum_bin_sample_share,0.39546332843388216,0.28981684860695944,-0.10564647982692271,True
2,raw_safe,82,Uncalibrated,calibration_ablation_results,test_quantile_maximum_bin_sample_share,0.11158197222176347,0.17856517646281647,0.066983204241053,True
2,recipient_full_weight_2,42,Isotonic,calibration_ablation_results,test_quantile_maximum_bin_sample_share,0.6946028967316807,0.6384683985400736,-0.056134498191607096,True
2,recipient_full_weight_2,42,Platt,calibration_ablation_results,test_quantile_maximum_bin_sample_share,0.19660451520206107,0.3298987630262093,0.13329424782414823,True
2,recipient_full_weight_2,42,Uncalibrated,calibration_ablation_results,test_quantile_maximum_bin_sample_share,0.19660451520206107,0.3298987630262093,0.13329424782414823,True
2,recipient_full_weight_2,52,Isotonic,calibration_ablation_results,test_quantile_maximum_bin_sample_share,0.6789615365559611,0.7737328863272283,0.09477134977126711,True
2,recipient_full_weight_2,52,Platt,calibration_ablation_results,test_quantile_maximum_bin_sample_share,0.23229343858895807,0.20144671433997788,-0.03084672424898019,True
2,recipient_full_weight_2,52,Uncalibrated,calibration_ablation_results,test_quantile_maximum_bin_sample_share,0.23229343858895807,0.20144671433997788,-0.03084672424898019,True
2,recipient_full_weight_2,62,Isotonic,calibration_ablation_results,test_quantile_maximum_bin_sample_share,0.6286502287328037,0.6372694092583112,0.008619180525507475,True
2,recipient_full_weight_2,62,Platt,calibration_ablation_results,test_quantile_maximum_bin_sample_share,0.26886426318310186,0.21828210929629568,-0.050582153886806175,True
2,recipient_full_weight_2,62,Uncalibrated,calibration_ablation_results,test_quantile_maximum_bin_sample_share,0.26886426318310186,0.21828210929629568,-0.050582153886806175,True
2,recipient_full_weight_2,72,Isotonic,calibration_ablation_results,test_quantile_maximum_bin_sample_share,0.7780680748459976,0.7392479067232581,-0.038820168122739473,True
2,recipient_full_weight_2,72,Platt,calibration_ablation_results,test_quantile_maximum_bin_sample_share,0.18925864147578075,0.2662961800796023,0.07703753860382156,True
2,recipient_full_weight_2,72,Uncalibrated,calibration_ablation_results,test_quantile_maximum_bin_sample_share,0.18925864147578075,0.2662961800796023,0.07703753860382156,True
2,recipient_full_weight_2,82,Isotonic,calibration_ablation_results,test_quantile_maximum_bin_sample_share,0.679635348714307,0.6870026919456326,0.007367343231325596,True
2,recipient_full_weight_2,82,Platt,calibration_ablation_results,test_quantile_maximum_bin_sample_share,0.19890505524268798,0.14228171293620254,-0.05662334230648544,True
2,recipient_full_weight_2,82,Uncalibrated,calibration_ablation_results,test_quantile_maximum_bin_sample_share,0.1553830655150204,0.14228171293620254,-0.013101352578817865,True
3,raw_safe,42,Isotonic,calibration_ablation_results,test_quantile_maximum_bin_sample_share,0.5921523174127525,0.5778415417693409,-0.014310775643411655,True
3,raw_safe,42,Platt,calibration_ablation_results,test_quantile_maximum_bin_sample_share,0.28953563794617126,0.3980270855615393,0.10849144761536805,True
3,raw_safe,42,Uncalibrated,calibration_ablation_results,test_quantile_maximum_bin_sample_share,0.17053569605621283,0.15702903774482782,-0.013506658311385006,True
3,raw_safe,52,Isotonic,calibration_ablation_results,test_quantile_maximum_bin_sample_share,0.5810423056808063,0.5897541002916495,0.00871179461084326,True
3,raw_safe,52,Platt,calibration_ablation_results,test_quantile_maximum_bin_sample_share,0.2929013087323687,0.1856804293232693,-0.10722087940909938,True
3,raw_safe,52,Uncalibrated,calibration_ablation_results,test_quantile_maximum_bin_sample_share,0.2002566265079163,0.15483342049839569,-0.04542320600952063,True
3,raw_safe,62,Isotonic,calibration_ablation_results,test_quantile_maximum_bin_sample_share,0.5791121099756095,0.589416433833865,0.010304323858255526,True
3,raw_safe,62,Platt,calibration_ablation_results,test_quantile_maximum_bin_sample_share,0.33986050448939337,0.3818599296711443,0.04199942518175093,True
3,raw_safe,62,Uncalibrated,calibration_ablation_results,test_quantile_maximum_bin_sample_share,0.33986050448939337,0.14432806730713355,-0.19553243718225982,True
3,raw_safe,72,Isotonic,calibration_ablation_results,test_quantile_maximum_bin_sample_share,0.5821793778456251,0.5796036895164773,-0.002575688329147785,True
3,raw_safe,72,Platt,calibration_ablation_results,test_quantile_maximum_bin_sample_share,0.2867652024506732,0.39509017264964513,0.10832497019897191,True
3,raw_safe,72,Uncalibrated,calibration_ablation_results,test_quantile_maximum_bin_sample_share,0.110958768569692,0.12454081288095452,0.013582044311262517,True
3,raw_safe,82,Isotonic,calibration_ablation_results,test_quantile_maximum_bin_sample_share,0.5916497440802359,0.5973539514042998,0.005704207324063959,True
3,raw_safe,82,Platt,calibration_ablation_results,test_quantile_maximum_bin_sample_share,0.14264915826819513,0.5973539514042998,0.4547047931361047,True
3,raw_safe,82,Uncalibrated,calibration_ablation_results,test_quantile_maximum_bin_sample_share,0.14264915826819513,0.11702105939317411,-0.025628098875021016,True
3,recipient_full_weight_2,42,Isotonic,calibration_ablation_results,test_quantile_maximum_bin_sample_share,0.6408202625003337,0.6349982645514611,-0.005821997948872615,True
3,recipient_full_weight_2,42,Platt,calibration_ablation_results,test_quantile_maximum_bin_sample_share,0.27104879201787907,0.2567694272077497,-0.014279364810129369,True
3,recipient_full_weight_2,42,Uncalibrated,calibration_ablation_results,test_quantile_maximum_bin_sample_share,0.27104879201787907,0.2567694272077497,-0.014279364810129369,True
3,recipient_full_weight_2,52,Isotonic,calibration_ablation_results,test_quantile_maximum_bin_sample_share,0.7897264587583611,0.5962435784477709,-0.19348288031059024,True
3,recipient_full_weight_2,52,Platt,calibration_ablation_results,test_quantile_maximum_bin_sample_share,0.23655812653225972,0.34021858798881144,0.10366046145655172,True
3,recipient_full_weight_2,52,Uncalibrated,calibration_ablation_results,test_quantile_maximum_bin_sample_share,0.23655812653225972,0.34021858798881144,0.10366046145655172,True
3,recipient_full_weight_2,62,Isotonic,calibration_ablation_results,test_quantile_maximum_bin_sample_share,0.6482065199466645,0.589334765667331,-0.058871754279333444,True
3,recipient_full_weight_2,62,Platt,calibration_ablation_results,test_quantile_maximum_bin_sample_share,0.32861385563266915,0.22428120234387638,-0.10433265328879276,True
3,recipient_full_weight_2,62,Uncalibrated,calibration_ablation_results,test_quantile_maximum_bin_sample_share,0.32861385563266915,0.22428120234387638,-0.10433265328879276,True
3,recipient_full_weight_2,72,Isotonic,calibration_ablation_results,test_quantile_maximum_bin_sample_share,0.5720917887370175,0.6855822704692621,0.11349048173224463,True
3,recipient_full_weight_2,72,Platt,calibration_ablation_results,test_quantile_maximum_bin_sample_share,0.24514270726830978,0.2677380901899256,0.022595382921615836,True
3,recipient_full_weight_2,72,Uncalibrated,calibration_ablation_results,test_quantile_maximum_bin_sample_share,0.24514270726830978,0.2677380901899256,0.022595382921615836,True
3,recipient_full_weight_2,82,Isotonic,calibration_ablation_results,test_quantile_maximum_bin_sample_share,0.6521768492735459,0.5930208269530078,-0.05915602232053807,True
3,recipient_full_weight_2,82,Platt,calibration_ablation_results,test_quantile_maximum_bin_sample_share,0.19753644834566994,0.2919385666922665,0.09440211834659654,True
3,recipient_full_weight_2,82,Uncalibrated,calibration_ablation_results,test_quantile_maximum_bin_sample_share,0.19753644834566994,0.2919385666922665,0.09440211834659654,True
1,raw_safe,42,Isotonic,calibration_ablation_results,test_quantile_minimum_nonempty_bin_sample_count,70839.0,70052.0,-787.0,True
1,raw_safe,42,Platt,calibration_ablation_results,test_quantile_minimum_nonempty_bin_sample_count,62741.0,53864.0,-8877.0,True
1,raw_safe,42,Uncalibrated,calibration_ablation_results,test_quantile_minimum_nonempty_bin_sample_count,38863.0,53864.0,15001.0,True
1,raw_safe,52,Isotonic,calibration_ablation_results,test_quantile_minimum_nonempty_bin_sample_count,19950.0,67661.0,47711.0,True
1,raw_safe,52,Platt,calibration_ablation_results,test_quantile_minimum_nonempty_bin_sample_count,62290.0,62752.0,462.0,True
1,raw_safe,52,Uncalibrated,calibration_ablation_results,test_quantile_minimum_nonempty_bin_sample_count,60155.0,54135.0,-6020.0,True
1,raw_safe,62,Isotonic,calibration_ablation_results,test_quantile_minimum_nonempty_bin_sample_count,28935.0,64589.0,35654.0,True
1,raw_safe,62,Platt,calibration_ablation_results,test_quantile_minimum_nonempty_bin_sample_count,56785.0,46912.0,-9873.0,True
1,raw_safe,62,Uncalibrated,calibration_ablation_results,test_quantile_minimum_nonempty_bin_sample_count,56785.0,40884.0,-15901.0,True
1,raw_safe,72,Isotonic,calibration_ablation_results,test_quantile_minimum_nonempty_bin_sample_count,67357.0,278834.0,211477.0,True
1,raw_safe,72,Platt,calibration_ablation_results,test_quantile_minimum_nonempty_bin_sample_count,62575.0,44507.0,-18068.0,True
1,raw_safe,72,Uncalibrated,calibration_ablation_results,test_quantile_minimum_nonempty_bin_sample_count,38892.0,44507.0,5615.0,True
1,raw_safe,82,Isotonic,calibration_ablation_results,test_quantile_minimum_nonempty_bin_sample_count,67032.0,52802.0,-14230.0,True
1,raw_safe,82,Platt,calibration_ablation_results,test_quantile_minimum_nonempty_bin_sample_count,58207.0,45693.0,-12514.0,True
1,raw_safe,82,Uncalibrated,calibration_ablation_results,test_quantile_minimum_nonempty_bin_sample_count,54763.0,45693.0,-9070.0,True
1,recipient_full_weight_2,42,Isotonic,calibration_ablation_results,test_quantile_minimum_nonempty_bin_sample_count,172973.0,47397.0,-125576.0,True
1,recipient_full_weight_2,42,Platt,calibration_ablation_results,test_quantile_minimum_nonempty_bin_sample_count,34218.0,19749.0,-14469.0,True
1,recipient_full_weight_2,42,Uncalibrated,calibration_ablation_results,test_quantile_minimum_nonempty_bin_sample_count,34218.0,19749.0,-14469.0,True
1,recipient_full_weight_2,52,Isotonic,calibration_ablation_results,test_quantile_minimum_nonempty_bin_sample_count,193674.0,94633.0,-99041.0,True
1,recipient_full_weight_2,52,Platt,calibration_ablation_results,test_quantile_minimum_nonempty_bin_sample_count,38163.0,48334.0,10171.0,True
1,recipient_full_weight_2,52,Uncalibrated,calibration_ablation_results,test_quantile_minimum_nonempty_bin_sample_count,38163.0,48334.0,10171.0,True
1,recipient_full_weight_2,62,Isotonic,calibration_ablation_results,test_quantile_minimum_nonempty_bin_sample_count,60575.0,64505.0,3930.0,True
1,recipient_full_weight_2,62,Platt,calibration_ablation_results,test_quantile_minimum_nonempty_bin_sample_count,28552.0,36245.0,7693.0,True
1,recipient_full_weight_2,62,Uncalibrated,calibration_ablation_results,test_quantile_minimum_nonempty_bin_sample_count,28552.0,36245.0,7693.0,True
1,recipient_full_weight_2,72,Isotonic,calibration_ablation_results,test_quantile_minimum_nonempty_bin_sample_count,47407.0,28444.0,-18963.0,True
1,recipient_full_weight_2,72,Platt,calibration_ablation_results,test_quantile_minimum_nonempty_bin_sample_count,21247.0,44821.0,23574.0,True
1,recipient_full_weight_2,72,Uncalibrated,calibration_ablation_results,test_quantile_minimum_nonempty_bin_sample_count,21247.0,44821.0,23574.0,True
1,recipient_full_weight_2,82,Isotonic,calibration_ablation_results,test_quantile_minimum_nonempty_bin_sample_count,35480.0,72047.0,36567.0,True
1,recipient_full_weight_2,82,Platt,calibration_ablation_results,test_quantile_minimum_nonempty_bin_sample_count,10936.0,47103.0,36167.0,True
1,recipient_full_weight_2,82,Uncalibrated,calibration_ablation_results,test_quantile_minimum_nonempty_bin_sample_count,10936.0,47103.0,36167.0,True
2,raw_safe,42,Isotonic,calibration_ablation_results,test_quantile_minimum_nonempty_bin_sample_count,5937.0,34273.0,28336.0,True
2,raw_safe,42,Platt,calibration_ablation_results,test_quantile_minimum_nonempty_bin_sample_count,6881.0,53910.0,47029.0,True
2,raw_safe,42,Uncalibrated,calibration_ablation_results,test_quantile_minimum_nonempty_bin_sample_count,6881.0,53910.0,47029.0,True
2,raw_safe,52,Isotonic,calibration_ablation_results,test_quantile_minimum_nonempty_bin_sample_count,52147.0,66863.0,14716.0,True
2,raw_safe,52,Platt,calibration_ablation_results,test_quantile_minimum_nonempty_bin_sample_count,60595.0,55976.0,-4619.0,True
2,raw_safe,52,Uncalibrated,calibration_ablation_results,test_quantile_minimum_nonempty_bin_sample_count,43457.0,49054.0,5597.0,True
2,raw_safe,62,Isotonic,calibration_ablation_results,test_quantile_minimum_nonempty_bin_sample_count,38966.0,66563.0,27597.0,True
2,raw_safe,62,Platt,calibration_ablation_results,test_quantile_minimum_nonempty_bin_sample_count,59128.0,59251.0,123.0,True
2,raw_safe,62,Uncalibrated,calibration_ablation_results,test_quantile_minimum_nonempty_bin_sample_count,55469.0,47248.0,-8221.0,True
2,raw_safe,72,Isotonic,calibration_ablation_results,test_quantile_minimum_nonempty_bin_sample_count,64147.0,12702.0,-51445.0,True
2,raw_safe,72,Platt,calibration_ablation_results,test_quantile_minimum_nonempty_bin_sample_count,48849.0,46826.0,-2023.0,True
2,raw_safe,72,Uncalibrated,calibration_ablation_results,test_quantile_minimum_nonempty_bin_sample_count,46671.0,46826.0,155.0,True
2,raw_safe,82,Isotonic,calibration_ablation_results,test_quantile_minimum_nonempty_bin_sample_count,58215.0,63371.0,5156.0,True
2,raw_safe,82,Platt,calibration_ablation_results,test_quantile_minimum_nonempty_bin_sample_count,57406.0,17161.0,-40245.0,True
2,raw_safe,82,Uncalibrated,calibration_ablation_results,test_quantile_minimum_nonempty_bin_sample_count,52099.0,17161.0,-34938.0,True
2,recipient_full_weight_2,42,Isotonic,calibration_ablation_results,test_quantile_minimum_nonempty_bin_sample_count,17761.0,97314.0,79553.0,True
2,recipient_full_weight_2,42,Platt,calibration_ablation_results,test_quantile_minimum_nonempty_bin_sample_count,5264.0,24222.0,18958.0,True
2,recipient_full_weight_2,42,Uncalibrated,calibration_ablation_results,test_quantile_minimum_nonempty_bin_sample_count,5264.0,24222.0,18958.0,True
2,recipient_full_weight_2,52,Isotonic,calibration_ablation_results,test_quantile_minimum_nonempty_bin_sample_count,67153.0,65442.0,-1711.0,True
2,recipient_full_weight_2,52,Platt,calibration_ablation_results,test_quantile_minimum_nonempty_bin_sample_count,26400.0,44162.0,17762.0,True
2,recipient_full_weight_2,52,Uncalibrated,calibration_ablation_results,test_quantile_minimum_nonempty_bin_sample_count,26400.0,44162.0,17762.0,True
2,recipient_full_weight_2,62,Isotonic,calibration_ablation_results,test_quantile_minimum_nonempty_bin_sample_count,89948.0,89135.0,-813.0,True
2,recipient_full_weight_2,62,Platt,calibration_ablation_results,test_quantile_minimum_nonempty_bin_sample_count,1936.0,50245.0,48309.0,True
2,recipient_full_weight_2,62,Uncalibrated,calibration_ablation_results,test_quantile_minimum_nonempty_bin_sample_count,1936.0,50245.0,48309.0,True
2,recipient_full_weight_2,72,Isotonic,calibration_ablation_results,test_quantile_minimum_nonempty_bin_sample_count,134382.0,63791.0,-70591.0,True
2,recipient_full_weight_2,72,Platt,calibration_ablation_results,test_quantile_minimum_nonempty_bin_sample_count,40648.0,20707.0,-19941.0,True
2,recipient_full_weight_2,72,Uncalibrated,calibration_ablation_results,test_quantile_minimum_nonempty_bin_sample_count,40648.0,20707.0,-19941.0,True
2,recipient_full_weight_2,82,Isotonic,calibration_ablation_results,test_quantile_minimum_nonempty_bin_sample_count,24270.0,43216.0,18946.0,True
2,recipient_full_weight_2,82,Platt,calibration_ablation_results,test_quantile_minimum_nonempty_bin_sample_count,21709.0,23288.0,1579.0,True
2,recipient_full_weight_2,82,Uncalibrated,calibration_ablation_results,test_quantile_minimum_nonempty_bin_sample_count,21709.0,23288.0,1579.0,True
3,raw_safe,42,Isotonic,calibration_ablation_results,test_quantile_minimum_nonempty_bin_sample_count,66392.0,65011.0,-1381.0,True
3,raw_safe,42,Platt,calibration_ablation_results,test_quantile_minimum_nonempty_bin_sample_count,33562.0,28539.0,-5023.0,True
3,raw_safe,42,Uncalibrated,calibration_ablation_results,test_quantile_minimum_nonempty_bin_sample_count,33562.0,28539.0,-5023.0,True
3,raw_safe,52,Isotonic,calibration_ablation_results,test_quantile_minimum_nonempty_bin_sample_count,41722.0,65229.0,23507.0,True
3,raw_safe,52,Platt,calibration_ablation_results,test_quantile_minimum_nonempty_bin_sample_count,56093.0,30277.0,-25816.0,True
3,raw_safe,52,Uncalibrated,calibration_ablation_results,test_quantile_minimum_nonempty_bin_sample_count,56093.0,30277.0,-25816.0,True
3,raw_safe,62,Isotonic,calibration_ablation_results,test_quantile_minimum_nonempty_bin_sample_count,66886.0,23009.0,-43877.0,True
3,raw_safe,62,Platt,calibration_ablation_results,test_quantile_minimum_nonempty_bin_sample_count,63487.0,45033.0,-18454.0,True
3,raw_safe,62,Uncalibrated,calibration_ablation_results,test_quantile_minimum_nonempty_bin_sample_count,12085.0,45033.0,32948.0,True
3,raw_safe,72,Isotonic,calibration_ablation_results,test_quantile_minimum_nonempty_bin_sample_count,64821.0,67091.0,2270.0,True
3,raw_safe,72,Platt,calibration_ablation_results,test_quantile_minimum_nonempty_bin_sample_count,57674.0,48764.0,-8910.0,True
3,raw_safe,72,Uncalibrated,calibration_ablation_results,test_quantile_minimum_nonempty_bin_sample_count,51316.0,48764.0,-2552.0,True
3,raw_safe,82,Isotonic,calibration_ablation_results,test_quantile_minimum_nonempty_bin_sample_count,65325.0,32856.0,-32469.0,True
3,raw_safe,82,Platt,calibration_ablation_results,test_quantile_minimum_nonempty_bin_sample_count,26932.0,58592.0,31660.0,True
3,raw_safe,82,Uncalibrated,calibration_ablation_results,test_quantile_minimum_nonempty_bin_sample_count,26932.0,48267.0,21335.0,True
3,recipient_full_weight_2,42,Isotonic,calibration_ablation_results,test_quantile_minimum_nonempty_bin_sample_count,73308.0,105218.0,31910.0,True
3,recipient_full_weight_2,42,Platt,calibration_ablation_results,test_quantile_minimum_nonempty_bin_sample_count,43464.0,12112.0,-31352.0,True
3,recipient_full_weight_2,42,Uncalibrated,calibration_ablation_results,test_quantile_minimum_nonempty_bin_sample_count,43464.0,12112.0,-31352.0,True
3,recipient_full_weight_2,52,Isotonic,calibration_ablation_results,test_quantile_minimum_nonempty_bin_sample_count,133886.0,64809.0,-69077.0,True
3,recipient_full_weight_2,52,Platt,calibration_ablation_results,test_quantile_minimum_nonempty_bin_sample_count,5812.0,37657.0,31845.0,True
3,recipient_full_weight_2,52,Uncalibrated,calibration_ablation_results,test_quantile_minimum_nonempty_bin_sample_count,5812.0,37657.0,31845.0,True
3,recipient_full_weight_2,62,Isotonic,calibration_ablation_results,test_quantile_minimum_nonempty_bin_sample_count,90300.0,58156.0,-32144.0,True
3,recipient_full_weight_2,62,Platt,calibration_ablation_results,test_quantile_minimum_nonempty_bin_sample_count,8836.0,24103.0,15267.0,True
3,recipient_full_weight_2,62,Uncalibrated,calibration_ablation_results,test_quantile_minimum_nonempty_bin_sample_count,8836.0,24103.0,15267.0,True
3,recipient_full_weight_2,72,Isotonic,calibration_ablation_results,test_quantile_minimum_nonempty_bin_sample_count,72623.0,50654.0,-21969.0,True
3,recipient_full_weight_2,72,Platt,calibration_ablation_results,test_quantile_minimum_nonempty_bin_sample_count,29542.0,59737.0,30195.0,True
3,recipient_full_weight_2,72,Uncalibrated,calibration_ablation_results,test_quantile_minimum_nonempty_bin_sample_count,29542.0,59737.0,30195.0,True
3,recipient_full_weight_2,82,Isotonic,calibration_ablation_results,test_quantile_minimum_nonempty_bin_sample_count,89422.0,47432.0,-41990.0,True
3,recipient_full_weight_2,82,Platt,calibration_ablation_results,test_quantile_minimum_nonempty_bin_sample_count,1572.0,3303.0,1731.0,True
3,recipient_full_weight_2,82,Uncalibrated,calibration_ablation_results,test_quantile_minimum_nonempty_bin_sample_count,1572.0,3303.0,1731.0,True
1,raw_safe,42,Isotonic,calibration_ablation_results,test_quantile_maximum_bin_sample_count,365333.0,368606.0,3273.0,True
1,raw_safe,42,Platt,calibration_ablation_results,test_quantile_maximum_bin_sample_count,191381.0,251115.0,59734.0,True
1,raw_safe,42,Uncalibrated,calibration_ablation_results,test_quantile_maximum_bin_sample_count,85364.0,76359.0,-9005.0,True
1,raw_safe,52,Isotonic,calibration_ablation_results,test_quantile_maximum_bin_sample_count,377128.0,363539.0,-13589.0,True
1,raw_safe,52,Platt,calibration_ablation_results,test_quantile_maximum_bin_sample_count,318358.0,248912.0,-69446.0,True
1,raw_safe,52,Uncalibrated,calibration_ablation_results,test_quantile_maximum_bin_sample_count,67139.0,72388.0,5249.0,True
1,raw_safe,62,Isotonic,calibration_ablation_results,test_quantile_maximum_bin_sample_count,366781.0,255004.0,-111777.0,True
1,raw_safe,62,Platt,calibration_ablation_results,test_quantile_maximum_bin_sample_count,73368.0,256774.0,183406.0,True
1,raw_safe,62,Uncalibrated,calibration_ablation_results,test_quantile_maximum_bin_sample_count,73368.0,153467.0,80099.0,True
1,raw_safe,72,Isotonic,calibration_ablation_results,test_quantile_maximum_bin_sample_count,364524.0,363827.0,-697.0,True
1,raw_safe,72,Platt,calibration_ablation_results,test_quantile_maximum_bin_sample_count,255406.0,86087.0,-169319.0,True
1,raw_safe,72,Uncalibrated,calibration_ablation_results,test_quantile_maximum_bin_sample_count,144114.0,86087.0,-58027.0,True
1,raw_safe,82,Isotonic,calibration_ablation_results,test_quantile_maximum_bin_sample_count,369695.0,369690.0,-5.0,True
1,raw_safe,82,Platt,calibration_ablation_results,test_quantile_maximum_bin_sample_count,256234.0,88089.0,-168145.0,True
1,raw_safe,82,Uncalibrated,calibration_ablation_results,test_quantile_maximum_bin_sample_count,71154.0,88089.0,16935.0,True
1,recipient_full_weight_2,42,Isotonic,calibration_ablation_results,test_quantile_maximum_bin_sample_count,469688.0,433978.0,-35710.0,True
1,recipient_full_weight_2,42,Platt,calibration_ablation_results,test_quantile_maximum_bin_sample_count,92791.0,93120.0,329.0,True
1,recipient_full_weight_2,42,Uncalibrated,calibration_ablation_results,test_quantile_maximum_bin_sample_count,92791.0,93120.0,329.0,True
1,recipient_full_weight_2,52,Isotonic,calibration_ablation_results,test_quantile_maximum_bin_sample_count,448987.0,385462.0,-63525.0,True
1,recipient_full_weight_2,52,Platt,calibration_ablation_results,test_quantile_maximum_bin_sample_count,138703.0,101479.0,-37224.0,True
1,recipient_full_weight_2,52,Uncalibrated,calibration_ablation_results,test_quantile_maximum_bin_sample_count,138703.0,101479.0,-37224.0,True
1,recipient_full_weight_2,62,Isotonic,calibration_ablation_results,test_quantile_maximum_bin_sample_count,424192.0,433505.0,9313.0,True
1,recipient_full_weight_2,62,Platt,calibration_ablation_results,test_quantile_maximum_bin_sample_count,219099.0,155838.0,-63261.0,True
1,recipient_full_weight_2,62,Uncalibrated,calibration_ablation_results,test_quantile_maximum_bin_sample_count,219099.0,155838.0,-63261.0,True
1,recipient_full_weight_2,72,Isotonic,calibration_ablation_results,test_quantile_maximum_bin_sample_count,414216.0,438422.0,24206.0,True
1,recipient_full_weight_2,72,Platt,calibration_ablation_results,test_quantile_maximum_bin_sample_count,113456.0,111043.0,-2413.0,True
1,recipient_full_weight_2,72,Uncalibrated,calibration_ablation_results,test_quantile_maximum_bin_sample_count,113456.0,111043.0,-2413.0,True
1,recipient_full_weight_2,82,Isotonic,calibration_ablation_results,test_quantile_maximum_bin_sample_count,359440.0,410404.0,50964.0,True
1,recipient_full_weight_2,82,Platt,calibration_ablation_results,test_quantile_maximum_bin_sample_count,180269.0,81443.0,-98826.0,True
1,recipient_full_weight_2,82,Uncalibrated,calibration_ablation_results,test_quantile_maximum_bin_sample_count,180269.0,81443.0,-98826.0,True
2,raw_safe,42,Isotonic,calibration_ablation_results,test_quantile_maximum_bin_sample_count,332578.0,339891.0,7313.0,True
2,raw_safe,42,Platt,calibration_ablation_results,test_quantile_maximum_bin_sample_count,178244.0,180921.0,2677.0,True
2,raw_safe,42,Uncalibrated,calibration_ablation_results,test_quantile_maximum_bin_sample_count,116281.0,65818.0,-50463.0,True
2,raw_safe,52,Isotonic,calibration_ablation_results,test_quantile_maximum_bin_sample_count,342169.0,338783.0,-3386.0,True
2,raw_safe,52,Platt,calibration_ablation_results,test_quantile_maximum_bin_sample_count,229724.0,362492.0,132768.0,True
2,raw_safe,52,Uncalibrated,calibration_ablation_results,test_quantile_maximum_bin_sample_count,77221.0,66758.0,-10463.0,True
2,raw_safe,62,Isotonic,calibration_ablation_results,test_quantile_maximum_bin_sample_count,348164.0,342257.0,-5907.0,True
2,raw_safe,62,Platt,calibration_ablation_results,test_quantile_maximum_bin_sample_count,361800.0,237611.0,-124189.0,True
2,raw_safe,62,Uncalibrated,calibration_ablation_results,test_quantile_maximum_bin_sample_count,69164.0,69301.0,137.0,True
2,raw_safe,72,Isotonic,calibration_ablation_results,test_quantile_maximum_bin_sample_count,339819.0,341496.0,1677.0,True
2,raw_safe,72,Platt,calibration_ablation_results,test_quantile_maximum_bin_sample_count,362916.0,179993.0,-182923.0,True
2,raw_safe,72,Uncalibrated,calibration_ablation_results,test_quantile_maximum_bin_sample_count,74342.0,73168.0,-1174.0,True
2,raw_safe,82,Isotonic,calibration_ablation_results,test_quantile_maximum_bin_sample_count,362479.0,346205.0,-16274.0,True
2,raw_safe,82,Platt,calibration_ablation_results,test_quantile_maximum_bin_sample_count,239457.0,175487.0,-63970.0,True
2,raw_safe,82,Uncalibrated,calibration_ablation_results,test_quantile_maximum_bin_sample_count,67564.0,108123.0,40559.0,True
2,recipient_full_weight_2,42,Isotonic,calibration_ablation_results,test_quantile_maximum_bin_sample_count,420589.0,386599.0,-33990.0,True
2,recipient_full_weight_2,42,Platt,calibration_ablation_results,test_quantile_maximum_bin_sample_count,119046.0,199757.0,80711.0,True
2,recipient_full_weight_2,42,Uncalibrated,calibration_ablation_results,test_quantile_maximum_bin_sample_count,119046.0,199757.0,80711.0,True
2,recipient_full_weight_2,52,Isotonic,calibration_ablation_results,test_quantile_maximum_bin_sample_count,411118.0,468503.0,57385.0,True
2,recipient_full_weight_2,52,Platt,calibration_ablation_results,test_quantile_maximum_bin_sample_count,140656.0,121978.0,-18678.0,True
2,recipient_full_weight_2,52,Uncalibrated,calibration_ablation_results,test_quantile_maximum_bin_sample_count,140656.0,121978.0,-18678.0,True
2,recipient_full_weight_2,62,Isotonic,calibration_ablation_results,test_quantile_maximum_bin_sample_count,380654.0,385873.0,5219.0,True
2,recipient_full_weight_2,62,Platt,calibration_ablation_results,test_quantile_maximum_bin_sample_count,162800.0,132172.0,-30628.0,True
2,recipient_full_weight_2,62,Uncalibrated,calibration_ablation_results,test_quantile_maximum_bin_sample_count,162800.0,132172.0,-30628.0,True
2,recipient_full_weight_2,72,Isotonic,calibration_ablation_results,test_quantile_maximum_bin_sample_count,471128.0,447622.0,-23506.0,True
2,recipient_full_weight_2,72,Platt,calibration_ablation_results,test_quantile_maximum_bin_sample_count,114598.0,161245.0,46647.0,True
2,recipient_full_weight_2,72,Uncalibrated,calibration_ablation_results,test_quantile_maximum_bin_sample_count,114598.0,161245.0,46647.0,True
2,recipient_full_weight_2,82,Isotonic,calibration_ablation_results,test_quantile_maximum_bin_sample_count,411526.0,415987.0,4461.0,True
2,recipient_full_weight_2,82,Platt,calibration_ablation_results,test_quantile_maximum_bin_sample_count,120439.0,86153.0,-34286.0,True
2,recipient_full_weight_2,82,Uncalibrated,calibration_ablation_results,test_quantile_maximum_bin_sample_count,94086.0,86153.0,-7933.0,True
3,raw_safe,42,Isotonic,calibration_ablation_results,test_quantile_maximum_bin_sample_count,377037.0,367925.0,-9112.0,True
3,raw_safe,42,Platt,calibration_ablation_results,test_quantile_maximum_bin_sample_count,184354.0,253433.0,69079.0,True
3,raw_safe,42,Uncalibrated,calibration_ablation_results,test_quantile_maximum_bin_sample_count,108584.0,99984.0,-8600.0,True
3,raw_safe,52,Isotonic,calibration_ablation_results,test_quantile_maximum_bin_sample_count,369963.0,375510.0,5547.0,True
3,raw_safe,52,Platt,calibration_ablation_results,test_quantile_maximum_bin_sample_count,186497.0,118227.0,-68270.0,True
3,raw_safe,52,Uncalibrated,calibration_ablation_results,test_quantile_maximum_bin_sample_count,127508.0,98586.0,-28922.0,True
3,raw_safe,62,Isotonic,calibration_ablation_results,test_quantile_maximum_bin_sample_count,368734.0,375295.0,6561.0,True
3,raw_safe,62,Platt,calibration_ablation_results,test_quantile_maximum_bin_sample_count,216397.0,243139.0,26742.0,True
3,raw_safe,62,Uncalibrated,calibration_ablation_results,test_quantile_maximum_bin_sample_count,216397.0,91897.0,-124500.0,True
3,raw_safe,72,Isotonic,calibration_ablation_results,test_quantile_maximum_bin_sample_count,370687.0,369047.0,-1640.0,True
3,raw_safe,72,Platt,calibration_ablation_results,test_quantile_maximum_bin_sample_count,182590.0,251563.0,68973.0,True
3,raw_safe,72,Uncalibrated,calibration_ablation_results,test_quantile_maximum_bin_sample_count,70650.0,79298.0,8648.0,True
3,raw_safe,82,Isotonic,calibration_ablation_results,test_quantile_maximum_bin_sample_count,376717.0,380349.0,3632.0,True
3,raw_safe,82,Platt,calibration_ablation_results,test_quantile_maximum_bin_sample_count,90828.0,380349.0,289521.0,True
3,raw_safe,82,Uncalibrated,calibration_ablation_results,test_quantile_maximum_bin_sample_count,90828.0,74510.0,-16318.0,True
3,recipient_full_weight_2,42,Isotonic,calibration_ablation_results,test_quantile_maximum_bin_sample_count,408025.0,404318.0,-3707.0,True
3,recipient_full_weight_2,42,Platt,calibration_ablation_results,test_quantile_maximum_bin_sample_count,172583.0,163491.0,-9092.0,True
3,recipient_full_weight_2,42,Uncalibrated,calibration_ablation_results,test_quantile_maximum_bin_sample_count,172583.0,163491.0,-9092.0,True
3,recipient_full_weight_2,52,Isotonic,calibration_ablation_results,test_quantile_maximum_bin_sample_count,502837.0,379642.0,-123195.0,True
3,recipient_full_weight_2,52,Platt,calibration_ablation_results,test_quantile_maximum_bin_sample_count,150622.0,216625.0,66003.0,True
3,recipient_full_weight_2,52,Uncalibrated,calibration_ablation_results,test_quantile_maximum_bin_sample_count,150622.0,216625.0,66003.0,True
3,recipient_full_weight_2,62,Isotonic,calibration_ablation_results,test_quantile_maximum_bin_sample_count,412728.0,375243.0,-37485.0,True
3,recipient_full_weight_2,62,Platt,calibration_ablation_results,test_quantile_maximum_bin_sample_count,209236.0,142805.0,-66431.0,True
3,recipient_full_weight_2,62,Uncalibrated,calibration_ablation_results,test_quantile_maximum_bin_sample_count,209236.0,142805.0,-66431.0,True
3,recipient_full_weight_2,72,Isotonic,calibration_ablation_results,test_quantile_maximum_bin_sample_count,364264.0,436526.0,72262.0,True
3,recipient_full_weight_2,72,Platt,calibration_ablation_results,test_quantile_maximum_bin_sample_count,156088.0,170475.0,14387.0,True
3,recipient_full_weight_2,72,Uncalibrated,calibration_ablation_results,test_quantile_maximum_bin_sample_count,156088.0,170475.0,14387.0,True
3,recipient_full_weight_2,82,Isotonic,calibration_ablation_results,test_quantile_maximum_bin_sample_count,415256.0,377590.0,-37666.0,True
3,recipient_full_weight_2,82,Platt,calibration_ablation_results,test_quantile_maximum_bin_sample_count,125776.0,185884.0,60108.0,True
3,recipient_full_weight_2,82,Uncalibrated,calibration_ablation_results,test_quantile_maximum_bin_sample_count,125776.0,185884.0,60108.0,True
1,raw_safe,42,Isotonic,calibration_ablation_results,isotonic_step_count,18.0,20.0,2.0,True
1,raw_safe,42,Platt,calibration_ablation_results,isotonic_step_count,,,,False
1,raw_safe,42,Uncalibrated,calibration_ablation_results,isotonic_step_count,,,,False
1,raw_safe,52,Isotonic,calibration_ablation_results,isotonic_step_count,24.0,22.0,-2.0,True
1,raw_safe,52,Platt,calibration_ablation_results,isotonic_step_count,,,,False
1,raw_safe,52,Uncalibrated,calibration_ablation_results,isotonic_step_count,,,,False
1,raw_safe,62,Isotonic,calibration_ablation_results,isotonic_step_count,18.0,19.0,1.0,True
1,raw_safe,62,Platt,calibration_ablation_results,isotonic_step_count,,,,False
1,raw_safe,62,Uncalibrated,calibration_ablation_results,isotonic_step_count,,,,False
1,raw_safe,72,Isotonic,calibration_ablation_results,isotonic_step_count,7.0,13.0,6.0,True
1,raw_safe,72,Platt,calibration_ablation_results,isotonic_step_count,,,,False
1,raw_safe,72,Uncalibrated,calibration_ablation_results,isotonic_step_count,,,,False
1,raw_safe,82,Isotonic,calibration_ablation_results,isotonic_step_count,21.0,19.0,-2.0,True
1,raw_safe,82,Platt,calibration_ablation_results,isotonic_step_count,,,,False
1,raw_safe,82,Uncalibrated,calibration_ablation_results,isotonic_step_count,,,,False
1,recipient_full_weight_2,42,Isotonic,calibration_ablation_results,isotonic_step_count,26.0,36.0,10.0,True
1,recipient_full_weight_2,42,Platt,calibration_ablation_results,isotonic_step_count,,,,False
1,recipient_full_weight_2,42,Uncalibrated,calibration_ablation_results,isotonic_step_count,,,,False
1,recipient_full_weight_2,52,Isotonic,calibration_ablation_results,isotonic_step_count,44.0,28.0,-16.0,True
1,recipient_full_weight_2,52,Platt,calibration_ablation_results,isotonic_step_count,,,,False
1,recipient_full_weight_2,52,Uncalibrated,calibration_ablation_results,isotonic_step_count,,,,False
1,recipient_full_weight_2,62,Isotonic,calibration_ablation_results,isotonic_step_count,39.0,34.0,-5.0,True
1,recipient_full_weight_2,62,Platt,calibration_ablation_results,isotonic_step_count,,,,False
1,recipient_full_weight_2,62,Uncalibrated,calibration_ablation_results,isotonic_step_count,,,,False
1,recipient_full_weight_2,72,Isotonic,calibration_ablation_results,isotonic_step_count,42.0,43.0,1.0,True
1,recipient_full_weight_2,72,Platt,calibration_ablation_results,isotonic_step_count,,,,False
1,recipient_full_weight_2,72,Uncalibrated,calibration_ablation_results,isotonic_step_count,,,,False
1,recipient_full_weight_2,82,Isotonic,calibration_ablation_results,isotonic_step_count,32.0,42.0,10.0,True
1,recipient_full_weight_2,82,Platt,calibration_ablation_results,isotonic_step_count,,,,False
1,recipient_full_weight_2,82,Uncalibrated,calibration_ablation_results,isotonic_step_count,,,,False
2,raw_safe,42,Isotonic,calibration_ablation_results,isotonic_step_count,20.0,30.0,10.0,True
2,raw_safe,42,Platt,calibration_ablation_results,isotonic_step_count,,,,False
2,raw_safe,42,Uncalibrated,calibration_ablation_results,isotonic_step_count,,,,False
2,raw_safe,52,Isotonic,calibration_ablation_results,isotonic_step_count,25.0,22.0,-3.0,True
2,raw_safe,52,Platt,calibration_ablation_results,isotonic_step_count,,,,False
2,raw_safe,52,Uncalibrated,calibration_ablation_results,isotonic_step_count,,,,False
2,raw_safe,62,Isotonic,calibration_ablation_results,isotonic_step_count,23.0,16.0,-7.0,True
2,raw_safe,62,Platt,calibration_ablation_results,isotonic_step_count,,,,False
2,raw_safe,62,Uncalibrated,calibration_ablation_results,isotonic_step_count,,,,False
2,raw_safe,72,Isotonic,calibration_ablation_results,isotonic_step_count,22.0,28.0,6.0,True
2,raw_safe,72,Platt,calibration_ablation_results,isotonic_step_count,,,,False
2,raw_safe,72,Uncalibrated,calibration_ablation_results,isotonic_step_count,,,,False
2,raw_safe,82,Isotonic,calibration_ablation_results,isotonic_step_count,23.0,26.0,3.0,True
2,raw_safe,82,Platt,calibration_ablation_results,isotonic_step_count,,,,False
2,raw_safe,82,Uncalibrated,calibration_ablation_results,isotonic_step_count,,,,False
2,recipient_full_weight_2,42,Isotonic,calibration_ablation_results,isotonic_step_count,26.0,26.0,0.0,False
2,recipient_full_weight_2,42,Platt,calibration_ablation_results,isotonic_step_count,,,,False
2,recipient_full_weight_2,42,Uncalibrated,calibration_ablation_results,isotonic_step_count,,,,False
2,recipient_full_weight_2,52,Isotonic,calibration_ablation_results,isotonic_step_count,23.0,23.0,0.0,False
2,recipient_full_weight_2,52,Platt,calibration_ablation_results,isotonic_step_count,,,,False
2,recipient_full_weight_2,52,Uncalibrated,calibration_ablation_results,isotonic_step_count,,,,False
2,recipient_full_weight_2,62,Isotonic,calibration_ablation_results,isotonic_step_count,24.0,21.0,-3.0,True
2,recipient_full_weight_2,62,Platt,calibration_ablation_results,isotonic_step_count,,,,False
2,recipient_full_weight_2,62,Uncalibrated,calibration_ablation_results,isotonic_step_count,,,,False
2,recipient_full_weight_2,72,Isotonic,calibration_ablation_results,isotonic_step_count,24.0,26.0,2.0,True
2,recipient_full_weight_2,72,Platt,calibration_ablation_results,isotonic_step_count,,,,False
2,recipient_full_weight_2,72,Uncalibrated,calibration_ablation_results,isotonic_step_count,,,,False
2,recipient_full_weight_2,82,Isotonic,calibration_ablation_results,isotonic_step_count,42.0,38.0,-4.0,True
2,recipient_full_weight_2,82,Platt,calibration_ablation_results,isotonic_step_count,,,,False
2,recipient_full_weight_2,82,Uncalibrated,calibration_ablation_results,isotonic_step_count,,,,False
3,raw_safe,42,Isotonic,calibration_ablation_results,isotonic_step_count,30.0,29.0,-1.0,True
3,raw_safe,42,Platt,calibration_ablation_results,isotonic_step_count,,,,False
3,raw_safe,42,Uncalibrated,calibration_ablation_results,isotonic_step_count,,,,False
3,raw_safe,52,Isotonic,calibration_ablation_results,isotonic_step_count,41.0,38.0,-3.0,True
3,raw_safe,52,Platt,calibration_ablation_results,isotonic_step_count,,,,False
3,raw_safe,52,Uncalibrated,calibration_ablation_results,isotonic_step_count,,,,False
3,raw_safe,62,Isotonic,calibration_ablation_results,isotonic_step_count,37.0,41.0,4.0,True
3,raw_safe,62,Platt,calibration_ablation_results,isotonic_step_count,,,,False
3,raw_safe,62,Uncalibrated,calibration_ablation_results,isotonic_step_count,,,,False
3,raw_safe,72,Isotonic,calibration_ablation_results,isotonic_step_count,32.0,26.0,-6.0,True
3,raw_safe,72,Platt,calibration_ablation_results,isotonic_step_count,,,,False
3,raw_safe,72,Uncalibrated,calibration_ablation_results,isotonic_step_count,,,,False
3,raw_safe,82,Isotonic,calibration_ablation_results,isotonic_step_count,38.0,31.0,-7.0,True
3,raw_safe,82,Platt,calibration_ablation_results,isotonic_step_count,,,,False
3,raw_safe,82,Uncalibrated,calibration_ablation_results,isotonic_step_count,,,,False
3,recipient_full_weight_2,42,Isotonic,calibration_ablation_results,isotonic_step_count,42.0,37.0,-5.0,True
3,recipient_full_weight_2,42,Platt,calibration_ablation_results,isotonic_step_count,,,,False
3,recipient_full_weight_2,42,Uncalibrated,calibration_ablation_results,isotonic_step_count,,,,False
3,recipient_full_weight_2,52,Isotonic,calibration_ablation_results,isotonic_step_count,28.0,28.0,0.0,False
3,recipient_full_weight_2,52,Platt,calibration_ablation_results,isotonic_step_count,,,,False
3,recipient_full_weight_2,52,Uncalibrated,calibration_ablation_results,isotonic_step_count,,,,False
3,recipient_full_weight_2,62,Isotonic,calibration_ablation_results,isotonic_step_count,30.0,30.0,0.0,False
3,recipient_full_weight_2,62,Platt,calibration_ablation_results,isotonic_step_count,,,,False
3,recipient_full_weight_2,62,Uncalibrated,calibration_ablation_results,isotonic_step_count,,,,False
3,recipient_full_weight_2,72,Isotonic,calibration_ablation_results,isotonic_step_count,31.0,43.0,12.0,True
3,recipient_full_weight_2,72,Platt,calibration_ablation_results,isotonic_step_count,,,,False
3,recipient_full_weight_2,72,Uncalibrated,calibration_ablation_results,isotonic_step_count,,,,False
3,recipient_full_weight_2,82,Isotonic,calibration_ablation_results,isotonic_step_count,34.0,39.0,5.0,True
3,recipient_full_weight_2,82,Platt,calibration_ablation_results,isotonic_step_count,,,,False
3,recipient_full_weight_2,82,Uncalibrated,calibration_ablation_results,isotonic_step_count,,,,False
1,raw_safe,42,Isotonic,calibration_ablation_results,isotonic_unique_output_count,11.0,15.0,4.0,True
1,raw_safe,42,Platt,calibration_ablation_results,isotonic_unique_output_count,,,,False
1,raw_safe,42,Uncalibrated,calibration_ablation_results,isotonic_unique_output_count,,,,False
1,raw_safe,52,Isotonic,calibration_ablation_results,isotonic_unique_output_count,13.0,15.0,2.0,True
1,raw_safe,52,Platt,calibration_ablation_results,isotonic_unique_output_count,,,,False
1,raw_safe,52,Uncalibrated,calibration_ablation_results,isotonic_unique_output_count,,,,False
1,raw_safe,62,Isotonic,calibration_ablation_results,isotonic_unique_output_count,11.0,11.0,0.0,False
1,raw_safe,62,Platt,calibration_ablation_results,isotonic_unique_output_count,,,,False
1,raw_safe,62,Uncalibrated,calibration_ablation_results,isotonic_unique_output_count,,,,False
1,raw_safe,72,Isotonic,calibration_ablation_results,isotonic_unique_output_count,11.0,7.0,-4.0,True
1,raw_safe,72,Platt,calibration_ablation_results,isotonic_unique_output_count,,,,False
1,raw_safe,72,Uncalibrated,calibration_ablation_results,isotonic_unique_output_count,,,,False
1,raw_safe,82,Isotonic,calibration_ablation_results,isotonic_unique_output_count,12.0,18.0,6.0,True
1,raw_safe,82,Platt,calibration_ablation_results,isotonic_unique_output_count,,,,False
1,raw_safe,82,Uncalibrated,calibration_ablation_results,isotonic_unique_output_count,,,,False
1,recipient_full_weight_2,42,Isotonic,calibration_ablation_results,isotonic_unique_output_count,24.0,27.0,3.0,True
1,recipient_full_weight_2,42,Platt,calibration_ablation_results,isotonic_unique_output_count,,,,False
1,recipient_full_weight_2,42,Uncalibrated,calibration_ablation_results,isotonic_unique_output_count,,,,False
1,recipient_full_weight_2,52,Isotonic,calibration_ablation_results,isotonic_unique_output_count,35.0,20.0,-15.0,True
1,recipient_full_weight_2,52,Platt,calibration_ablation_results,isotonic_unique_output_count,,,,False
1,recipient_full_weight_2,52,Uncalibrated,calibration_ablation_results,isotonic_unique_output_count,,,,False
1,recipient_full_weight_2,62,Isotonic,calibration_ablation_results,isotonic_unique_output_count,31.0,32.0,1.0,True
1,recipient_full_weight_2,62,Platt,calibration_ablation_results,isotonic_unique_output_count,,,,False
1,recipient_full_weight_2,62,Uncalibrated,calibration_ablation_results,isotonic_unique_output_count,,,,False
1,recipient_full_weight_2,72,Isotonic,calibration_ablation_results,isotonic_unique_output_count,34.0,38.0,4.0,True
1,recipient_full_weight_2,72,Platt,calibration_ablation_results,isotonic_unique_output_count,,,,False
1,recipient_full_weight_2,72,Uncalibrated,calibration_ablation_results,isotonic_unique_output_count,,,,False
1,recipient_full_weight_2,82,Isotonic,calibration_ablation_results,isotonic_unique_output_count,26.0,59.0,33.0,True
1,recipient_full_weight_2,82,Platt,calibration_ablation_results,isotonic_unique_output_count,,,,False
1,recipient_full_weight_2,82,Uncalibrated,calibration_ablation_results,isotonic_unique_output_count,,,,False
2,raw_safe,42,Isotonic,calibration_ablation_results,isotonic_unique_output_count,13.0,17.0,4.0,True
2,raw_safe,42,Platt,calibration_ablation_results,isotonic_unique_output_count,,,,False
2,raw_safe,42,Uncalibrated,calibration_ablation_results,isotonic_unique_output_count,,,,False
2,raw_safe,52,Isotonic,calibration_ablation_results,isotonic_unique_output_count,13.0,12.0,-1.0,True
2,raw_safe,52,Platt,calibration_ablation_results,isotonic_unique_output_count,,,,False
2,raw_safe,52,Uncalibrated,calibration_ablation_results,isotonic_unique_output_count,,,,False
2,raw_safe,62,Isotonic,calibration_ablation_results,isotonic_unique_output_count,12.0,8.0,-4.0,True
2,raw_safe,62,Platt,calibration_ablation_results,isotonic_unique_output_count,,,,False
2,raw_safe,62,Uncalibrated,calibration_ablation_results,isotonic_unique_output_count,,,,False
2,raw_safe,72,Isotonic,calibration_ablation_results,isotonic_unique_output_count,11.0,15.0,4.0,True
2,raw_safe,72,Platt,calibration_ablation_results,isotonic_unique_output_count,,,,False
2,raw_safe,72,Uncalibrated,calibration_ablation_results,isotonic_unique_output_count,,,,False
2,raw_safe,82,Isotonic,calibration_ablation_results,isotonic_unique_output_count,12.0,14.0,2.0,True
2,raw_safe,82,Platt,calibration_ablation_results,isotonic_unique_output_count,,,,False
2,raw_safe,82,Uncalibrated,calibration_ablation_results,isotonic_unique_output_count,,,,False
2,recipient_full_weight_2,42,Isotonic,calibration_ablation_results,isotonic_unique_output_count,18.0,17.0,-1.0,True
2,recipient_full_weight_2,42,Platt,calibration_ablation_results,isotonic_unique_output_count,,,,False
2,recipient_full_weight_2,42,Uncalibrated,calibration_ablation_results,isotonic_unique_output_count,,,,False
2,recipient_full_weight_2,52,Isotonic,calibration_ablation_results,isotonic_unique_output_count,18.0,19.0,1.0,True
2,recipient_full_weight_2,52,Platt,calibration_ablation_results,isotonic_unique_output_count,,,,False
2,recipient_full_weight_2,52,Uncalibrated,calibration_ablation_results,isotonic_unique_output_count,,,,False
2,recipient_full_weight_2,62,Isotonic,calibration_ablation_results,isotonic_unique_output_count,16.0,19.0,3.0,True
2,recipient_full_weight_2,62,Platt,calibration_ablation_results,isotonic_unique_output_count,,,,False
2,recipient_full_weight_2,62,Uncalibrated,calibration_ablation_results,isotonic_unique_output_count,,,,False
2,recipient_full_weight_2,72,Isotonic,calibration_ablation_results,isotonic_unique_output_count,12.0,16.0,4.0,True
2,recipient_full_weight_2,72,Platt,calibration_ablation_results,isotonic_unique_output_count,,,,False
2,recipient_full_weight_2,72,Uncalibrated,calibration_ablation_results,isotonic_unique_output_count,,,,False
2,recipient_full_weight_2,82,Isotonic,calibration_ablation_results,isotonic_unique_output_count,28.0,33.0,5.0,True
2,recipient_full_weight_2,82,Platt,calibration_ablation_results,isotonic_unique_output_count,,,,False
2,recipient_full_weight_2,82,Uncalibrated,calibration_ablation_results,isotonic_unique_output_count,,,,False
3,raw_safe,42,Isotonic,calibration_ablation_results,isotonic_unique_output_count,18.0,15.0,-3.0,True
3,raw_safe,42,Platt,calibration_ablation_results,isotonic_unique_output_count,,,,False
3,raw_safe,42,Uncalibrated,calibration_ablation_results,isotonic_unique_output_count,,,,False
3,raw_safe,52,Isotonic,calibration_ablation_results,isotonic_unique_output_count,24.0,20.0,-4.0,True
3,raw_safe,52,Platt,calibration_ablation_results,isotonic_unique_output_count,,,,False
3,raw_safe,52,Uncalibrated,calibration_ablation_results,isotonic_unique_output_count,,,,False
3,raw_safe,62,Isotonic,calibration_ablation_results,isotonic_unique_output_count,21.0,24.0,3.0,True
3,raw_safe,62,Platt,calibration_ablation_results,isotonic_unique_output_count,,,,False
3,raw_safe,62,Uncalibrated,calibration_ablation_results,isotonic_unique_output_count,,,,False
3,raw_safe,72,Isotonic,calibration_ablation_results,isotonic_unique_output_count,19.0,15.0,-4.0,True
3,raw_safe,72,Platt,calibration_ablation_results,isotonic_unique_output_count,,,,False
3,raw_safe,72,Uncalibrated,calibration_ablation_results,isotonic_unique_output_count,,,,False
3,raw_safe,82,Isotonic,calibration_ablation_results,isotonic_unique_output_count,22.0,20.0,-2.0,True
3,raw_safe,82,Platt,calibration_ablation_results,isotonic_unique_output_count,,,,False
3,raw_safe,82,Uncalibrated,calibration_ablation_results,isotonic_unique_output_count,,,,False
3,recipient_full_weight_2,42,Isotonic,calibration_ablation_results,isotonic_unique_output_count,49.0,86.0,37.0,True
3,recipient_full_weight_2,42,Platt,calibration_ablation_results,isotonic_unique_output_count,,,,False
3,recipient_full_weight_2,42,Uncalibrated,calibration_ablation_results,isotonic_unique_output_count,,,,False
3,recipient_full_weight_2,52,Isotonic,calibration_ablation_results,isotonic_unique_output_count,40.0,34.0,-6.0,True
3,recipient_full_weight_2,52,Platt,calibration_ablation_results,isotonic_unique_output_count,,,,False
3,recipient_full_weight_2,52,Uncalibrated,calibration_ablation_results,isotonic_unique_output_count,,,,False
3,recipient_full_weight_2,62,Isotonic,calibration_ablation_results,isotonic_unique_output_count,40.0,44.0,4.0,True
3,recipient_full_weight_2,62,Platt,calibration_ablation_results,isotonic_unique_output_count,,,,False
3,recipient_full_weight_2,62,Uncalibrated,calibration_ablation_results,isotonic_unique_output_count,,,,False
3,recipient_full_weight_2,72,Isotonic,calibration_ablation_results,isotonic_unique_output_count,136.0,40.0,-96.0,True
3,recipient_full_weight_2,72,Platt,calibration_ablation_results,isotonic_unique_output_count,,,,False
3,recipient_full_weight_2,72,Uncalibrated,calibration_ablation_results,isotonic_unique_output_count,,,,False
3,recipient_full_weight_2,82,Isotonic,calibration_ablation_results,isotonic_unique_output_count,43.0,98.0,55.0,True
3,recipient_full_weight_2,82,Platt,calibration_ablation_results,isotonic_unique_output_count,,,,False
3,recipient_full_weight_2,82,Uncalibrated,calibration_ablation_results,isotonic_unique_output_count,,,,False
1,raw_safe,42,Isotonic,calibration_ablation_results,largest_step_sample_share,0.5684692240543615,0.5735247665565516,0.005055542502190091,True
1,raw_safe,42,Platt,calibration_ablation_results,largest_step_sample_share,,,,False
1,raw_safe,42,Uncalibrated,calibration_ablation_results,largest_step_sample_share,,,,False
1,raw_safe,52,Isotonic,calibration_ablation_results,largest_step_sample_share,0.5724962305165554,0.5656699255128287,-0.006826305003726718,True
1,raw_safe,52,Platt,calibration_ablation_results,largest_step_sample_share,,,,False
1,raw_safe,52,Uncalibrated,calibration_ablation_results,largest_step_sample_share,,,,False
1,raw_safe,62,Isotonic,calibration_ablation_results,largest_step_sample_share,0.5707223559543834,0.3967939551334218,-0.17392840082096156,True
1,raw_safe,62,Platt,calibration_ablation_results,largest_step_sample_share,,,,False
1,raw_safe,62,Uncalibrated,calibration_ablation_results,largest_step_sample_share,,,,False
1,raw_safe,72,Isotonic,calibration_ablation_results,largest_step_sample_share,0.5671777188906749,0.5661258423959132,-0.0010518764947616832,True
1,raw_safe,72,Platt,calibration_ablation_results,largest_step_sample_share,,,,False
1,raw_safe,72,Uncalibrated,calibration_ablation_results,largest_step_sample_share,,,,False
1,raw_safe,82,Isotonic,calibration_ablation_results,largest_step_sample_share,0.5682591599614727,0.5752115034209326,0.006952343459459942,True
1,raw_safe,82,Platt,calibration_ablation_results,largest_step_sample_share,,,,False
1,raw_safe,82,Uncalibrated,calibration_ablation_results,largest_step_sample_share,,,,False
1,recipient_full_weight_2,42,Isotonic,calibration_ablation_results,largest_step_sample_share,0.730848767857393,0.6620084305722612,-0.06884033728513173,True
1,recipient_full_weight_2,42,Platt,calibration_ablation_results,largest_step_sample_share,,,,False
1,recipient_full_weight_2,42,Uncalibrated,calibration_ablation_results,largest_step_sample_share,,,,False
1,recipient_full_weight_2,52,Isotonic,calibration_ablation_results,largest_step_sample_share,0.6191662478351728,0.5997905583192383,-0.01937568951593449,True
1,recipient_full_weight_2,52,Platt,calibration_ablation_results,largest_step_sample_share,,,,False
1,recipient_full_weight_2,52,Uncalibrated,calibration_ablation_results,largest_step_sample_share,,,,False
1,recipient_full_weight_2,62,Isotonic,calibration_ablation_results,largest_step_sample_share,0.6399594809705272,0.6414890587728211,0.0015295778022939022,True
1,recipient_full_weight_2,62,Platt,calibration_ablation_results,largest_step_sample_share,,,,False
1,recipient_full_weight_2,62,Uncalibrated,calibration_ablation_results,largest_step_sample_share,,,,False
1,recipient_full_weight_2,72,Isotonic,calibration_ablation_results,largest_step_sample_share,0.644532654074232,0.6821979239443501,0.03766526987011809,True
1,recipient_full_weight_2,72,Platt,calibration_ablation_results,largest_step_sample_share,,,,False
1,recipient_full_weight_2,72,Uncalibrated,calibration_ablation_results,largest_step_sample_share,,,,False
1,recipient_full_weight_2,82,Isotonic,calibration_ablation_results,largest_step_sample_share,0.5592979813618688,0.6385963984122267,0.0792984170503579,True
1,recipient_full_weight_2,82,Platt,calibration_ablation_results,largest_step_sample_share,,,,False
1,recipient_full_weight_2,82,Uncalibrated,calibration_ablation_results,largest_step_sample_share,,,,False
2,raw_safe,42,Isotonic,calibration_ablation_results,largest_step_sample_share,0.549242787072055,0.5613301184125778,0.012087331340522867,True
2,raw_safe,42,Platt,calibration_ablation_results,largest_step_sample_share,,,,False
2,raw_safe,42,Uncalibrated,calibration_ablation_results,largest_step_sample_share,,,,False
2,raw_safe,52,Isotonic,calibration_ablation_results,largest_step_sample_share,0.5650922362966755,0.5595002559825601,-0.005591980314115341,True
2,raw_safe,52,Platt,calibration_ablation_results,largest_step_sample_share,,,,False
2,raw_safe,52,Uncalibrated,calibration_ablation_results,largest_step_sample_share,,,,False
2,raw_safe,62,Isotonic,calibration_ablation_results,largest_step_sample_share,0.5610708328516457,0.5652375683308286,0.0041667354791828926,True
2,raw_safe,62,Platt,calibration_ablation_results,largest_step_sample_share,,,,False
2,raw_safe,62,Uncalibrated,calibration_ablation_results,largest_step_sample_share,,,,False
2,raw_safe,72,Isotonic,calibration_ablation_results,largest_step_sample_share,0.5612112103846344,0.5639807765354825,0.002769566150848113,True
2,raw_safe,72,Platt,calibration_ablation_results,largest_step_sample_share,,,,False
2,raw_safe,72,Uncalibrated,calibration_ablation_results,largest_step_sample_share,,,,False
2,raw_safe,82,Isotonic,calibration_ablation_results,largest_step_sample_share,0.5602615976614754,0.5653829003649816,0.005121302703506192,True
2,raw_safe,82,Platt,calibration_ablation_results,largest_step_sample_share,,,,False
2,raw_safe,82,Uncalibrated,calibration_ablation_results,largest_step_sample_share,,,,False
2,recipient_full_weight_2,42,Isotonic,calibration_ablation_results,largest_step_sample_share,0.6946028967316807,0.6384683985400736,-0.056134498191607096,True
2,recipient_full_weight_2,42,Platt,calibration_ablation_results,largest_step_sample_share,,,,False
2,recipient_full_weight_2,42,Uncalibrated,calibration_ablation_results,largest_step_sample_share,,,,False
2,recipient_full_weight_2,52,Isotonic,calibration_ablation_results,largest_step_sample_share,0.6789615365559611,0.7737328863272283,0.09477134977126711,True
2,recipient_full_weight_2,52,Platt,calibration_ablation_results,largest_step_sample_share,,,,False
2,recipient_full_weight_2,52,Uncalibrated,calibration_ablation_results,largest_step_sample_share,,,,False
2,recipient_full_weight_2,62,Isotonic,calibration_ablation_results,largest_step_sample_share,0.6286502287328037,0.6372545457548182,0.008604317022014474,True
2,recipient_full_weight_2,62,Platt,calibration_ablation_results,largest_step_sample_share,,,,False
2,recipient_full_weight_2,62,Uncalibrated,calibration_ablation_results,largest_step_sample_share,,,,False
2,recipient_full_weight_2,72,Isotonic,calibration_ablation_results,largest_step_sample_share,0.7365807335964724,0.7392479067232581,0.0026671731267857712,True
2,recipient_full_weight_2,72,Platt,calibration_ablation_results,largest_step_sample_share,,,,False
2,recipient_full_weight_2,72,Uncalibrated,calibration_ablation_results,largest_step_sample_share,,,,False
2,recipient_full_weight_2,82,Isotonic,calibration_ablation_results,largest_step_sample_share,0.6446995095043847,0.6471916235900316,0.002492114085646868,True
2,recipient_full_weight_2,82,Platt,calibration_ablation_results,largest_step_sample_share,,,,False
2,recipient_full_weight_2,82,Uncalibrated,calibration_ablation_results,largest_step_sample_share,,,,False
3,raw_safe,42,Isotonic,calibration_ablation_results,largest_step_sample_share,0.5921523174127525,0.5778415417693409,-0.014310775643411655,True
3,raw_safe,42,Platt,calibration_ablation_results,largest_step_sample_share,,,,False
3,raw_safe,42,Uncalibrated,calibration_ablation_results,largest_step_sample_share,,,,False
3,raw_safe,52,Isotonic,calibration_ablation_results,largest_step_sample_share,0.5810423056808063,0.5815919952632463,0.0005496895824400605,True
3,raw_safe,52,Platt,calibration_ablation_results,largest_step_sample_share,,,,False
3,raw_safe,52,Uncalibrated,calibration_ablation_results,largest_step_sample_share,,,,False
3,raw_safe,62,Isotonic,calibration_ablation_results,largest_step_sample_share,0.5791121099756095,0.5781430857688509,-0.0009690242067585952,True
3,raw_safe,62,Platt,calibration_ablation_results,largest_step_sample_share,,,,False
3,raw_safe,62,Uncalibrated,calibration_ablation_results,largest_step_sample_share,,,,False
3,raw_safe,72,Isotonic,calibration_ablation_results,largest_step_sample_share,0.5821793778456251,0.5796036895164773,-0.002575688329147785,True
3,raw_safe,72,Platt,calibration_ablation_results,largest_step_sample_share,,,,False
3,raw_safe,72,Uncalibrated,calibration_ablation_results,largest_step_sample_share,,,,False
3,raw_safe,82,Isotonic,calibration_ablation_results,largest_step_sample_share,0.5774693233949457,0.5822437700538539,0.004774446658908138,True
3,raw_safe,82,Platt,calibration_ablation_results,largest_step_sample_share,,,,False
3,raw_safe,82,Uncalibrated,calibration_ablation_results,largest_step_sample_share,,,,False
3,recipient_full_weight_2,42,Isotonic,calibration_ablation_results,largest_step_sample_share,0.6110899087986456,0.6349982645514611,0.02390835575281558,True
3,recipient_full_weight_2,42,Platt,calibration_ablation_results,largest_step_sample_share,,,,False
3,recipient_full_weight_2,42,Uncalibrated,calibration_ablation_results,largest_step_sample_share,,,,False
3,recipient_full_weight_2,52,Isotonic,calibration_ablation_results,largest_step_sample_share,0.7422238555855529,0.5962420079061067,-0.14598184767944622,True
3,recipient_full_weight_2,52,Platt,calibration_ablation_results,largest_step_sample_share,,,,False
3,recipient_full_weight_2,52,Uncalibrated,calibration_ablation_results,largest_step_sample_share,,,,False
3,recipient_full_weight_2,62,Isotonic,calibration_ablation_results,largest_step_sample_share,0.6482065199466645,0.5893316245840028,-0.05887489536266166,True
3,recipient_full_weight_2,62,Platt,calibration_ablation_results,largest_step_sample_share,,,,False
3,recipient_full_weight_2,62,Uncalibrated,calibration_ablation_results,largest_step_sample_share,,,,False
3,recipient_full_weight_2,72,Isotonic,calibration_ablation_results,largest_step_sample_share,0.5720902181953534,0.6097722243424535,0.037682006147100044,True
3,recipient_full_weight_2,72,Platt,calibration_ablation_results,largest_step_sample_share,,,,False
3,recipient_full_weight_2,72,Uncalibrated,calibration_ablation_results,largest_step_sample_share,,,,False
3,recipient_full_weight_2,82,Isotonic,calibration_ablation_results,largest_step_sample_share,0.6521768492735459,0.5930082626196949,-0.05916858665385105,True
3,recipient_full_weight_2,82,Platt,calibration_ablation_results,largest_step_sample_share,,,,False
3,recipient_full_weight_2,82,Uncalibrated,calibration_ablation_results,largest_step_sample_share,,,,False
1,raw_safe,42,Isotonic,calibration_ablation_results,fraction_output_zero,0.0,0.0,0.0,False
1,raw_safe,42,Platt,calibration_ablation_results,fraction_output_zero,,,,False
1,raw_safe,42,Uncalibrated,calibration_ablation_results,fraction_output_zero,,,,False
1,raw_safe,52,Isotonic,calibration_ablation_results,fraction_output_zero,0.0,0.0,0.0,False
1,raw_safe,52,Platt,calibration_ablation_results,fraction_output_zero,,,,False
1,raw_safe,52,Uncalibrated,calibration_ablation_results,fraction_output_zero,,,,False
1,raw_safe,62,Isotonic,calibration_ablation_results,fraction_output_zero,0.0,0.3967939551334218,0.3967939551334218,True
1,raw_safe,62,Platt,calibration_ablation_results,fraction_output_zero,,,,False
1,raw_safe,62,Uncalibrated,calibration_ablation_results,fraction_output_zero,,,,False
1,raw_safe,72,Isotonic,calibration_ablation_results,fraction_output_zero,0.5671777188906749,0.0,-0.5671777188906749,True
1,raw_safe,72,Platt,calibration_ablation_results,fraction_output_zero,,,,False
1,raw_safe,72,Uncalibrated,calibration_ablation_results,fraction_output_zero,,,,False
1,raw_safe,82,Isotonic,calibration_ablation_results,fraction_output_zero,0.5682591599614727,0.0,-0.5682591599614727,True
1,raw_safe,82,Platt,calibration_ablation_results,fraction_output_zero,,,,False
1,raw_safe,82,Uncalibrated,calibration_ablation_results,fraction_output_zero,,,,False
1,recipient_full_weight_2,42,Isotonic,calibration_ablation_results,fraction_output_zero,0.0,0.0,0.0,False
1,recipient_full_weight_2,42,Platt,calibration_ablation_results,fraction_output_zero,,,,False
1,recipient_full_weight_2,42,Uncalibrated,calibration_ablation_results,fraction_output_zero,,,,False
1,recipient_full_weight_2,52,Isotonic,calibration_ablation_results,fraction_output_zero,0.0,0.0,0.0,False
1,recipient_full_weight_2,52,Platt,calibration_ablation_results,fraction_output_zero,,,,False
1,recipient_full_weight_2,52,Uncalibrated,calibration_ablation_results,fraction_output_zero,,,,False
1,recipient_full_weight_2,62,Isotonic,calibration_ablation_results,fraction_output_zero,0.0,0.0,0.0,False
1,recipient_full_weight_2,62,Platt,calibration_ablation_results,fraction_output_zero,,,,False
1,recipient_full_weight_2,62,Uncalibrated,calibration_ablation_results,fraction_output_zero,,,,False
1,recipient_full_weight_2,72,Isotonic,calibration_ablation_results,fraction_output_zero,0.0,0.0,0.0,False
1,recipient_full_weight_2,72,Platt,calibration_ablation_results,fraction_output_zero,,,,False
1,recipient_full_weight_2,72,Uncalibrated,calibration_ablation_results,fraction_output_zero,,,,False
1,recipient_full_weight_2,82,Isotonic,calibration_ablation_results,fraction_output_zero,0.0,0.0,0.0,False
1,recipient_full_weight_2,82,Platt,calibration_ablation_results,fraction_output_zero,,,,False
1,recipient_full_weight_2,82,Uncalibrated,calibration_ablation_results,fraction_output_zero,,,,False
2,raw_safe,42,Isotonic,calibration_ablation_results,fraction_output_zero,0.009804957804165085,0.5613301184125778,0.5515251606084127,True
2,raw_safe,42,Platt,calibration_ablation_results,fraction_output_zero,,,,False
2,raw_safe,42,Uncalibrated,calibration_ablation_results,fraction_output_zero,,,,False
2,raw_safe,52,Isotonic,calibration_ablation_results,fraction_output_zero,0.0,0.0,0.0,False
2,raw_safe,52,Platt,calibration_ablation_results,fraction_output_zero,,,,False
2,raw_safe,52,Uncalibrated,calibration_ablation_results,fraction_output_zero,,,,False
2,raw_safe,62,Isotonic,calibration_ablation_results,fraction_output_zero,0.5610708328516457,0.5652375683308286,0.0041667354791828926,True
2,raw_safe,62,Platt,calibration_ablation_results,fraction_output_zero,,,,False
2,raw_safe,62,Uncalibrated,calibration_ablation_results,fraction_output_zero,,,,False
2,raw_safe,72,Isotonic,calibration_ablation_results,fraction_output_zero,0.5612112103846344,0.5639807765354825,0.002769566150848113,True
2,raw_safe,72,Platt,calibration_ablation_results,fraction_output_zero,,,,False
2,raw_safe,72,Uncalibrated,calibration_ablation_results,fraction_output_zero,,,,False
2,raw_safe,82,Isotonic,calibration_ablation_results,fraction_output_zero,0.5602615976614754,0.0,-0.5602615976614754,True
2,raw_safe,82,Platt,calibration_ablation_results,fraction_output_zero,,,,False
2,raw_safe,82,Uncalibrated,calibration_ablation_results,fraction_output_zero,,,,False
2,recipient_full_weight_2,42,Isotonic,calibration_ablation_results,fraction_output_zero,0.0,0.0,0.0,False
2,recipient_full_weight_2,42,Platt,calibration_ablation_results,fraction_output_zero,,,,False
2,recipient_full_weight_2,42,Uncalibrated,calibration_ablation_results,fraction_output_zero,,,,False
2,recipient_full_weight_2,52,Isotonic,calibration_ablation_results,fraction_output_zero,0.0,0.0,0.0,False
2,recipient_full_weight_2,52,Platt,calibration_ablation_results,fraction_output_zero,,,,False
2,recipient_full_weight_2,52,Uncalibrated,calibration_ablation_results,fraction_output_zero,,,,False
2,recipient_full_weight_2,62,Isotonic,calibration_ablation_results,fraction_output_zero,0.0,0.0,0.0,False
2,recipient_full_weight_2,62,Platt,calibration_ablation_results,fraction_output_zero,,,,False
2,recipient_full_weight_2,62,Uncalibrated,calibration_ablation_results,fraction_output_zero,,,,False
2,recipient_full_weight_2,72,Isotonic,calibration_ablation_results,fraction_output_zero,0.0,0.0,0.0,False
2,recipient_full_weight_2,72,Platt,calibration_ablation_results,fraction_output_zero,,,,False
2,recipient_full_weight_2,72,Uncalibrated,calibration_ablation_results,fraction_output_zero,,,,False
2,recipient_full_weight_2,82,Isotonic,calibration_ablation_results,fraction_output_zero,0.0,0.0,0.0,False
2,recipient_full_weight_2,82,Platt,calibration_ablation_results,fraction_output_zero,,,,False
2,recipient_full_weight_2,82,Uncalibrated,calibration_ablation_results,fraction_output_zero,,,,False
3,raw_safe,42,Isotonic,calibration_ablation_results,fraction_output_zero,0.5921523174127525,0.5778415417693409,-0.014310775643411655,True
3,raw_safe,42,Platt,calibration_ablation_results,fraction_output_zero,,,,False
3,raw_safe,42,Uncalibrated,calibration_ablation_results,fraction_output_zero,,,,False
3,raw_safe,52,Isotonic,calibration_ablation_results,fraction_output_zero,0.5810423056808063,0.5815919952632463,0.0005496895824400605,True
3,raw_safe,52,Platt,calibration_ablation_results,fraction_output_zero,,,,False
3,raw_safe,52,Uncalibrated,calibration_ablation_results,fraction_output_zero,,,,False
3,raw_safe,62,Isotonic,calibration_ablation_results,fraction_output_zero,0.0,0.5781430857688509,0.5781430857688509,True
3,raw_safe,62,Platt,calibration_ablation_results,fraction_output_zero,,,,False
3,raw_safe,62,Uncalibrated,calibration_ablation_results,fraction_output_zero,,,,False
3,raw_safe,72,Isotonic,calibration_ablation_results,fraction_output_zero,0.5821793778456251,0.5796036895164773,-0.002575688329147785,True
3,raw_safe,72,Platt,calibration_ablation_results,fraction_output_zero,,,,False
3,raw_safe,72,Uncalibrated,calibration_ablation_results,fraction_output_zero,,,,False
3,raw_safe,82,Isotonic,calibration_ablation_results,fraction_output_zero,0.5774693233949457,0.5822437700538539,0.004774446658908138,True
3,raw_safe,82,Platt,calibration_ablation_results,fraction_output_zero,,,,False
3,raw_safe,82,Uncalibrated,calibration_ablation_results,fraction_output_zero,,,,False
3,recipient_full_weight_2,42,Isotonic,calibration_ablation_results,fraction_output_zero,0.0,0.0,0.0,False
3,recipient_full_weight_2,42,Platt,calibration_ablation_results,fraction_output_zero,,,,False
3,recipient_full_weight_2,42,Uncalibrated,calibration_ablation_results,fraction_output_zero,,,,False
3,recipient_full_weight_2,52,Isotonic,calibration_ablation_results,fraction_output_zero,0.0,0.0,0.0,False
3,recipient_full_weight_2,52,Platt,calibration_ablation_results,fraction_output_zero,,,,False
3,recipient_full_weight_2,52,Uncalibrated,calibration_ablation_results,fraction_output_zero,,,,False
3,recipient_full_weight_2,62,Isotonic,calibration_ablation_results,fraction_output_zero,0.0,0.0,0.0,False
3,recipient_full_weight_2,62,Platt,calibration_ablation_results,fraction_output_zero,,,,False
3,recipient_full_weight_2,62,Uncalibrated,calibration_ablation_results,fraction_output_zero,,,,False
3,recipient_full_weight_2,72,Isotonic,calibration_ablation_results,fraction_output_zero,0.0,0.0,0.0,False
3,recipient_full_weight_2,72,Platt,calibration_ablation_results,fraction_output_zero,,,,False
3,recipient_full_weight_2,72,Uncalibrated,calibration_ablation_results,fraction_output_zero,,,,False
3,recipient_full_weight_2,82,Isotonic,calibration_ablation_results,fraction_output_zero,0.0,0.0,0.0,False
3,recipient_full_weight_2,82,Platt,calibration_ablation_results,fraction_output_zero,,,,False
3,recipient_full_weight_2,82,Uncalibrated,calibration_ablation_results,fraction_output_zero,,,,False
1,raw_safe,42,Isotonic,calibration_ablation_results,fraction_output_one,0.0,0.0,0.0,False
1,raw_safe,42,Platt,calibration_ablation_results,fraction_output_one,,,,False
1,raw_safe,42,Uncalibrated,calibration_ablation_results,fraction_output_one,,,,False
1,raw_safe,52,Isotonic,calibration_ablation_results,fraction_output_one,0.0,0.0,0.0,False
1,raw_safe,52,Platt,calibration_ablation_results,fraction_output_one,,,,False
1,raw_safe,52,Uncalibrated,calibration_ablation_results,fraction_output_one,,,,False
1,raw_safe,62,Isotonic,calibration_ablation_results,fraction_output_one,0.0,0.0,0.0,False
1,raw_safe,62,Platt,calibration_ablation_results,fraction_output_one,,,,False
1,raw_safe,62,Uncalibrated,calibration_ablation_results,fraction_output_one,,,,False
1,raw_safe,72,Isotonic,calibration_ablation_results,fraction_output_one,0.0,0.0,0.0,False
1,raw_safe,72,Platt,calibration_ablation_results,fraction_output_one,,,,False
1,raw_safe,72,Uncalibrated,calibration_ablation_results,fraction_output_one,,,,False
1,raw_safe,82,Isotonic,calibration_ablation_results,fraction_output_one,0.0,0.0,0.0,False
1,raw_safe,82,Platt,calibration_ablation_results,fraction_output_one,,,,False
1,raw_safe,82,Uncalibrated,calibration_ablation_results,fraction_output_one,,,,False
1,recipient_full_weight_2,42,Isotonic,calibration_ablation_results,fraction_output_one,0.0,0.0,0.0,False
1,recipient_full_weight_2,42,Platt,calibration_ablation_results,fraction_output_one,,,,False
1,recipient_full_weight_2,42,Uncalibrated,calibration_ablation_results,fraction_output_one,,,,False
1,recipient_full_weight_2,52,Isotonic,calibration_ablation_results,fraction_output_one,0.0,0.0,0.0,False
1,recipient_full_weight_2,52,Platt,calibration_ablation_results,fraction_output_one,,,,False
1,recipient_full_weight_2,52,Uncalibrated,calibration_ablation_results,fraction_output_one,,,,False
1,recipient_full_weight_2,62,Isotonic,calibration_ablation_results,fraction_output_one,0.0,0.0,0.0,False
1,recipient_full_weight_2,62,Platt,calibration_ablation_results,fraction_output_one,,,,False
1,recipient_full_weight_2,62,Uncalibrated,calibration_ablation_results,fraction_output_one,,,,False
1,recipient_full_weight_2,72,Isotonic,calibration_ablation_results,fraction_output_one,0.0,0.0,0.0,False
1,recipient_full_weight_2,72,Platt,calibration_ablation_results,fraction_output_one,,,,False
1,recipient_full_weight_2,72,Uncalibrated,calibration_ablation_results,fraction_output_one,,,,False
1,recipient_full_weight_2,82,Isotonic,calibration_ablation_results,fraction_output_one,0.0,0.0,0.0,False
1,recipient_full_weight_2,82,Platt,calibration_ablation_results,fraction_output_one,,,,False
1,recipient_full_weight_2,82,Uncalibrated,calibration_ablation_results,fraction_output_one,,,,False
2,raw_safe,42,Isotonic,calibration_ablation_results,fraction_output_one,5.284801241928292e-05,5.61510131954881e-05,3.3030007762051825e-06,True
2,raw_safe,42,Platt,calibration_ablation_results,fraction_output_one,,,,False
2,raw_safe,42,Uncalibrated,calibration_ablation_results,fraction_output_one,,,,False
2,raw_safe,52,Isotonic,calibration_ablation_results,fraction_output_one,4.6242010866872556e-05,0.0,-4.6242010866872556e-05,True
2,raw_safe,52,Platt,calibration_ablation_results,fraction_output_one,,,,False
2,raw_safe,52,Uncalibrated,calibration_ablation_results,fraction_output_one,,,,False
2,raw_safe,62,Isotonic,calibration_ablation_results,fraction_output_one,5.61510131954881e-05,4.6242010866872556e-05,-9.909002328615548e-06,True
2,raw_safe,62,Platt,calibration_ablation_results,fraction_output_one,,,,False
2,raw_safe,62,Uncalibrated,calibration_ablation_results,fraction_output_one,,,,False
2,raw_safe,72,Isotonic,calibration_ablation_results,fraction_output_one,0.0,4.293901009066737e-05,4.293901009066737e-05,True
2,raw_safe,72,Platt,calibration_ablation_results,fraction_output_one,,,,False
2,raw_safe,72,Uncalibrated,calibration_ablation_results,fraction_output_one,,,,False
2,raw_safe,82,Isotonic,calibration_ablation_results,fraction_output_one,5.61510131954881e-05,4.6242010866872556e-05,-9.909002328615548e-06,True
2,raw_safe,82,Platt,calibration_ablation_results,fraction_output_one,,,,False
2,raw_safe,82,Uncalibrated,calibration_ablation_results,fraction_output_one,,,,False
2,recipient_full_weight_2,42,Isotonic,calibration_ablation_results,fraction_output_one,0.0,0.0,0.0,False
2,recipient_full_weight_2,42,Platt,calibration_ablation_results,fraction_output_one,,,,False
2,recipient_full_weight_2,42,Uncalibrated,calibration_ablation_results,fraction_output_one,,,,False
2,recipient_full_weight_2,52,Isotonic,calibration_ablation_results,fraction_output_one,0.0,0.0,0.0,False
2,recipient_full_weight_2,52,Platt,calibration_ablation_results,fraction_output_one,,,,False
2,recipient_full_weight_2,52,Uncalibrated,calibration_ablation_results,fraction_output_one,,,,False
2,recipient_full_weight_2,62,Isotonic,calibration_ablation_results,fraction_output_one,0.0,0.0,0.0,False
2,recipient_full_weight_2,62,Platt,calibration_ablation_results,fraction_output_one,,,,False
2,recipient_full_weight_2,62,Uncalibrated,calibration_ablation_results,fraction_output_one,,,,False
2,recipient_full_weight_2,72,Isotonic,calibration_ablation_results,fraction_output_one,0.0,0.0,0.0,False
2,recipient_full_weight_2,72,Platt,calibration_ablation_results,fraction_output_one,,,,False
2,recipient_full_weight_2,72,Uncalibrated,calibration_ablation_results,fraction_output_one,,,,False
2,recipient_full_weight_2,82,Isotonic,calibration_ablation_results,fraction_output_one,0.0,0.0,0.0,False
2,recipient_full_weight_2,82,Platt,calibration_ablation_results,fraction_output_one,,,,False
2,recipient_full_weight_2,82,Uncalibrated,calibration_ablation_results,fraction_output_one,,,,False
3,raw_safe,42,Isotonic,calibration_ablation_results,fraction_output_one,0.0,0.0,0.0,False
3,raw_safe,42,Platt,calibration_ablation_results,fraction_output_one,,,,False
3,raw_safe,42,Uncalibrated,calibration_ablation_results,fraction_output_one,,,,False
3,raw_safe,52,Isotonic,calibration_ablation_results,fraction_output_one,0.0005889531240429512,0.0,-0.0005889531240429512,True
3,raw_safe,52,Platt,calibration_ablation_results,fraction_output_one,,,,False
3,raw_safe,52,Uncalibrated,calibration_ablation_results,fraction_output_one,,,,False
3,raw_safe,62,Isotonic,calibration_ablation_results,fraction_output_one,0.0,0.0,0.0,False
3,raw_safe,62,Platt,calibration_ablation_results,fraction_output_one,,,,False
3,raw_safe,62,Uncalibrated,calibration_ablation_results,fraction_output_one,,,,False
3,raw_safe,72,Isotonic,calibration_ablation_results,fraction_output_one,0.0,0.0,0.0,False
3,raw_safe,72,Platt,calibration_ablation_results,fraction_output_one,,,,False
3,raw_safe,72,Uncalibrated,calibration_ablation_results,fraction_output_one,,,,False
3,raw_safe,82,Isotonic,calibration_ablation_results,fraction_output_one,0.0,0.0,0.0,False
3,raw_safe,82,Platt,calibration_ablation_results,fraction_output_one,,,,False
3,raw_safe,82,Uncalibrated,calibration_ablation_results,fraction_output_one,,,,False
3,recipient_full_weight_2,42,Isotonic,calibration_ablation_results,fraction_output_one,0.0,0.0,0.0,False
3,recipient_full_weight_2,42,Platt,calibration_ablation_results,fraction_output_one,,,,False
3,recipient_full_weight_2,42,Uncalibrated,calibration_ablation_results,fraction_output_one,,,,False
3,recipient_full_weight_2,52,Isotonic,calibration_ablation_results,fraction_output_one,0.0,0.0,0.0,False
3,recipient_full_weight_2,52,Platt,calibration_ablation_results,fraction_output_one,,,,False
3,recipient_full_weight_2,52,Uncalibrated,calibration_ablation_results,fraction_output_one,,,,False
3,recipient_full_weight_2,62,Isotonic,calibration_ablation_results,fraction_output_one,0.0,0.0,0.0,False
3,recipient_full_weight_2,62,Platt,calibration_ablation_results,fraction_output_one,,,,False
3,recipient_full_weight_2,62,Uncalibrated,calibration_ablation_results,fraction_output_one,,,,False
3,recipient_full_weight_2,72,Isotonic,calibration_ablation_results,fraction_output_one,0.0,0.0,0.0,False
3,recipient_full_weight_2,72,Platt,calibration_ablation_results,fraction_output_one,,,,False
3,recipient_full_weight_2,72,Uncalibrated,calibration_ablation_results,fraction_output_one,,,,False
3,recipient_full_weight_2,82,Isotonic,calibration_ablation_results,fraction_output_one,0.0,0.0,0.0,False
3,recipient_full_weight_2,82,Platt,calibration_ablation_results,fraction_output_one,,,,False
3,recipient_full_weight_2,82,Uncalibrated,calibration_ablation_results,fraction_output_one,,,,False
1,raw_safe,42,Isotonic,calibration_ablation_results,tie_fraction,1.0,1.0,0.0,False
1,raw_safe,42,Platt,calibration_ablation_results,tie_fraction,,,,False
1,raw_safe,42,Uncalibrated,calibration_ablation_results,tie_fraction,,,,False
1,raw_safe,52,Isotonic,calibration_ablation_results,tie_fraction,1.0,0.9999984439696823,-1.5560303177064583e-06,True
1,raw_safe,52,Platt,calibration_ablation_results,tie_fraction,,,,False
1,raw_safe,52,Uncalibrated,calibration_ablation_results,tie_fraction,,,,False
1,raw_safe,62,Isotonic,calibration_ablation_results,tie_fraction,1.0,1.0,0.0,False
1,raw_safe,62,Platt,calibration_ablation_results,tie_fraction,,,,False
1,raw_safe,62,Uncalibrated,calibration_ablation_results,tie_fraction,,,,False
1,raw_safe,72,Isotonic,calibration_ablation_results,tie_fraction,0.9999937758787292,1.0,6.224121270825833e-06,True
1,raw_safe,72,Platt,calibration_ablation_results,tie_fraction,,,,False
1,raw_safe,72,Uncalibrated,calibration_ablation_results,tie_fraction,,,,False
1,raw_safe,82,Isotonic,calibration_ablation_results,tie_fraction,1.0,0.9999953319090469,-4.668090953119375e-06,True
1,raw_safe,82,Platt,calibration_ablation_results,tie_fraction,,,,False
1,raw_safe,82,Uncalibrated,calibration_ablation_results,tie_fraction,,,,False
1,recipient_full_weight_2,42,Isotonic,calibration_ablation_results,tie_fraction,0.9999859957271408,0.9999875517574585,1.5560303177064583e-06,True
1,recipient_full_weight_2,42,Platt,calibration_ablation_results,tie_fraction,,,,False
1,recipient_full_weight_2,42,Uncalibrated,calibration_ablation_results,tie_fraction,,,,False
1,recipient_full_weight_2,52,Isotonic,calibration_ablation_results,tie_fraction,0.9999797716058699,0.9999922198484116,1.2448242541651666e-05,True
1,recipient_full_weight_2,52,Platt,calibration_ablation_results,tie_fraction,,,,False
1,recipient_full_weight_2,52,Uncalibrated,calibration_ablation_results,tie_fraction,,,,False
1,recipient_full_weight_2,62,Isotonic,calibration_ablation_results,tie_fraction,0.9999828836665053,0.9999813276361876,-1.5560303177064583e-06,True
1,recipient_full_weight_2,62,Platt,calibration_ablation_results,tie_fraction,,,,False
1,recipient_full_weight_2,62,Uncalibrated,calibration_ablation_results,tie_fraction,,,,False
1,recipient_full_weight_2,72,Isotonic,calibration_ablation_results,tie_fraction,0.9999813276361876,0.9999797716058699,-1.5560303177064583e-06,True
1,recipient_full_weight_2,72,Platt,calibration_ablation_results,tie_fraction,,,,False
1,recipient_full_weight_2,72,Uncalibrated,calibration_ablation_results,tie_fraction,,,,False
1,recipient_full_weight_2,82,Isotonic,calibration_ablation_results,tie_fraction,0.9999859957271408,0.9999517630601514,-3.423266698932004e-05,True
1,recipient_full_weight_2,82,Platt,calibration_ablation_results,tie_fraction,,,,False
1,recipient_full_weight_2,82,Uncalibrated,calibration_ablation_results,tie_fraction,,,,False
2,raw_safe,42,Isotonic,calibration_ablation_results,tie_fraction,0.9999983484996119,1.0,1.6515003881112378e-06,True
2,raw_safe,42,Platt,calibration_ablation_results,tie_fraction,,,,False
2,raw_safe,42,Uncalibrated,calibration_ablation_results,tie_fraction,,,,False
2,raw_safe,52,Isotonic,calibration_ablation_results,tie_fraction,1.0,1.0,0.0,False
2,raw_safe,52,Platt,calibration_ablation_results,tie_fraction,,,,False
2,raw_safe,52,Uncalibrated,calibration_ablation_results,tie_fraction,,,,False
2,raw_safe,62,Isotonic,calibration_ablation_results,tie_fraction,1.0,1.0,0.0,False
2,raw_safe,62,Platt,calibration_ablation_results,tie_fraction,,,,False
2,raw_safe,62,Uncalibrated,calibration_ablation_results,tie_fraction,,,,False
2,raw_safe,72,Isotonic,calibration_ablation_results,tie_fraction,1.0,1.0,0.0,False
2,raw_safe,72,Platt,calibration_ablation_results,tie_fraction,,,,False
2,raw_safe,72,Uncalibrated,calibration_ablation_results,tie_fraction,,,,False
2,raw_safe,82,Isotonic,calibration_ablation_results,tie_fraction,1.0,1.0,0.0,False
2,raw_safe,82,Platt,calibration_ablation_results,tie_fraction,,,,False
2,raw_safe,82,Uncalibrated,calibration_ablation_results,tie_fraction,,,,False
2,recipient_full_weight_2,42,Isotonic,calibration_ablation_results,tie_fraction,0.9999917424980594,0.9999950454988357,3.3030007762224756e-06,True
2,recipient_full_weight_2,42,Platt,calibration_ablation_results,tie_fraction,,,,False
2,recipient_full_weight_2,42,Uncalibrated,calibration_ablation_results,tie_fraction,,,,False
2,recipient_full_weight_2,52,Isotonic,calibration_ablation_results,tie_fraction,0.9999900909976713,0.9999917424980594,1.6515003881112378e-06,True
2,recipient_full_weight_2,52,Platt,calibration_ablation_results,tie_fraction,,,,False
2,recipient_full_weight_2,52,Uncalibrated,calibration_ablation_results,tie_fraction,,,,False
2,recipient_full_weight_2,62,Isotonic,calibration_ablation_results,tie_fraction,0.9999950454988357,0.9999933939984476,-1.6515003881112378e-06,True
2,recipient_full_weight_2,62,Platt,calibration_ablation_results,tie_fraction,,,,False
2,recipient_full_weight_2,62,Uncalibrated,calibration_ablation_results,tie_fraction,,,,False
2,recipient_full_weight_2,72,Isotonic,calibration_ablation_results,tie_fraction,1.0,0.9999950454988357,-4.954501164333713e-06,True
2,recipient_full_weight_2,72,Platt,calibration_ablation_results,tie_fraction,,,,False
2,recipient_full_weight_2,72,Uncalibrated,calibration_ablation_results,tie_fraction,,,,False
2,recipient_full_weight_2,82,Isotonic,calibration_ablation_results,tie_fraction,0.9999884394972833,0.9999801819953428,-8.257501940556189e-06,True
2,recipient_full_weight_2,82,Platt,calibration_ablation_results,tie_fraction,,,,False
2,recipient_full_weight_2,82,Uncalibrated,calibration_ablation_results,tie_fraction,,,,False
3,raw_safe,42,Isotonic,calibration_ablation_results,tie_fraction,1.0,1.0,0.0,False
3,raw_safe,42,Platt,calibration_ablation_results,tie_fraction,,,,False
3,raw_safe,42,Uncalibrated,calibration_ablation_results,tie_fraction,,,,False
3,raw_safe,52,Isotonic,calibration_ablation_results,tie_fraction,1.0,1.0,0.0,False
3,raw_safe,52,Platt,calibration_ablation_results,tie_fraction,,,,False
3,raw_safe,52,Uncalibrated,calibration_ablation_results,tie_fraction,,,,False
3,raw_safe,62,Isotonic,calibration_ablation_results,tie_fraction,1.0,1.0,0.0,False
3,raw_safe,62,Platt,calibration_ablation_results,tie_fraction,,,,False
3,raw_safe,62,Uncalibrated,calibration_ablation_results,tie_fraction,,,,False
3,raw_safe,72,Isotonic,calibration_ablation_results,tie_fraction,1.0,1.0,0.0,False
3,raw_safe,72,Platt,calibration_ablation_results,tie_fraction,,,,False
3,raw_safe,72,Uncalibrated,calibration_ablation_results,tie_fraction,,,,False
3,raw_safe,82,Isotonic,calibration_ablation_results,tie_fraction,1.0,1.0,0.0,False
3,raw_safe,82,Platt,calibration_ablation_results,tie_fraction,,,,False
3,raw_safe,82,Uncalibrated,calibration_ablation_results,tie_fraction,,,,False
3,recipient_full_weight_2,42,Isotonic,calibration_ablation_results,tie_fraction,0.9999764418750383,0.9999497426667483,-2.6699208290015264e-05,True
3,recipient_full_weight_2,42,Platt,calibration_ablation_results,tie_fraction,,,,False
3,recipient_full_weight_2,42,Uncalibrated,calibration_ablation_results,tie_fraction,,,,False
3,recipient_full_weight_2,52,Isotonic,calibration_ablation_results,tie_fraction,0.9999795829583665,0.9999827240416947,3.1410833282174977e-06,True
3,recipient_full_weight_2,52,Platt,calibration_ablation_results,tie_fraction,,,,False
3,recipient_full_weight_2,52,Uncalibrated,calibration_ablation_results,tie_fraction,,,,False
3,recipient_full_weight_2,62,Isotonic,calibration_ablation_results,tie_fraction,0.9999811535000306,0.9999733007917101,-7.852708320488233e-06,True
3,recipient_full_weight_2,62,Platt,calibration_ablation_results,tie_fraction,,,,False
3,recipient_full_weight_2,62,Uncalibrated,calibration_ablation_results,tie_fraction,,,,False
3,recipient_full_weight_2,72,Isotonic,calibration_ablation_results,tie_fraction,0.9998963442501685,0.9999827240416947,8.637979152625874e-05,True
3,recipient_full_weight_2,72,Platt,calibration_ablation_results,tie_fraction,,,,False
3,recipient_full_weight_2,72,Uncalibrated,calibration_ablation_results,tie_fraction,,,,False
3,recipient_full_weight_2,82,Isotonic,calibration_ablation_results,tie_fraction,0.9999811535000306,0.999918331833466,-6.2821666564572e-05,True
3,recipient_full_weight_2,82,Platt,calibration_ablation_results,tie_fraction,,,,False
3,recipient_full_weight_2,82,Uncalibrated,calibration_ablation_results,tie_fraction,,,,False
1,raw_safe,42,Isotonic,calibration_ablation_results,number_tied_after_isotonic,642661.0,642661.0,0.0,False
1,raw_safe,42,Platt,calibration_ablation_results,number_tied_after_isotonic,,,,False
1,raw_safe,42,Uncalibrated,calibration_ablation_results,number_tied_after_isotonic,,,,False
1,raw_safe,52,Isotonic,calibration_ablation_results,number_tied_after_isotonic,642661.0,642660.0,-1.0,True
1,raw_safe,52,Platt,calibration_ablation_results,number_tied_after_isotonic,,,,False
1,raw_safe,52,Uncalibrated,calibration_ablation_results,number_tied_after_isotonic,,,,False
1,raw_safe,62,Isotonic,calibration_ablation_results,number_tied_after_isotonic,642661.0,642661.0,0.0,False
1,raw_safe,62,Platt,calibration_ablation_results,number_tied_after_isotonic,,,,False
1,raw_safe,62,Uncalibrated,calibration_ablation_results,number_tied_after_isotonic,,,,False
1,raw_safe,72,Isotonic,calibration_ablation_results,number_tied_after_isotonic,642657.0,642661.0,4.0,True
1,raw_safe,72,Platt,calibration_ablation_results,number_tied_after_isotonic,,,,False
1,raw_safe,72,Uncalibrated,calibration_ablation_results,number_tied_after_isotonic,,,,False
1,raw_safe,82,Isotonic,calibration_ablation_results,number_tied_after_isotonic,642661.0,642658.0,-3.0,True
1,raw_safe,82,Platt,calibration_ablation_results,number_tied_after_isotonic,,,,False
1,raw_safe,82,Uncalibrated,calibration_ablation_results,number_tied_after_isotonic,,,,False
1,recipient_full_weight_2,42,Isotonic,calibration_ablation_results,number_tied_after_isotonic,642652.0,642653.0,1.0,True
1,recipient_full_weight_2,42,Platt,calibration_ablation_results,number_tied_after_isotonic,,,,False
1,recipient_full_weight_2,42,Uncalibrated,calibration_ablation_results,number_tied_after_isotonic,,,,False
1,recipient_full_weight_2,52,Isotonic,calibration_ablation_results,number_tied_after_isotonic,642648.0,642656.0,8.0,True
1,recipient_full_weight_2,52,Platt,calibration_ablation_results,number_tied_after_isotonic,,,,False
1,recipient_full_weight_2,52,Uncalibrated,calibration_ablation_results,number_tied_after_isotonic,,,,False
1,recipient_full_weight_2,62,Isotonic,calibration_ablation_results,number_tied_after_isotonic,642650.0,642649.0,-1.0,True
1,recipient_full_weight_2,62,Platt,calibration_ablation_results,number_tied_after_isotonic,,,,False
1,recipient_full_weight_2,62,Uncalibrated,calibration_ablation_results,number_tied_after_isotonic,,,,False
1,recipient_full_weight_2,72,Isotonic,calibration_ablation_results,number_tied_after_isotonic,642649.0,642648.0,-1.0,True
1,recipient_full_weight_2,72,Platt,calibration_ablation_results,number_tied_after_isotonic,,,,False
1,recipient_full_weight_2,72,Uncalibrated,calibration_ablation_results,number_tied_after_isotonic,,,,False
1,recipient_full_weight_2,82,Isotonic,calibration_ablation_results,number_tied_after_isotonic,642652.0,642630.0,-22.0,True
1,recipient_full_weight_2,82,Platt,calibration_ablation_results,number_tied_after_isotonic,,,,False
1,recipient_full_weight_2,82,Uncalibrated,calibration_ablation_results,number_tied_after_isotonic,,,,False
2,raw_safe,42,Isotonic,calibration_ablation_results,number_tied_after_isotonic,605509.0,605510.0,1.0,True
2,raw_safe,42,Platt,calibration_ablation_results,number_tied_after_isotonic,,,,False
2,raw_safe,42,Uncalibrated,calibration_ablation_results,number_tied_after_isotonic,,,,False
2,raw_safe,52,Isotonic,calibration_ablation_results,number_tied_after_isotonic,605510.0,605510.0,0.0,False
2,raw_safe,52,Platt,calibration_ablation_results,number_tied_after_isotonic,,,,False
2,raw_safe,52,Uncalibrated,calibration_ablation_results,number_tied_after_isotonic,,,,False
2,raw_safe,62,Isotonic,calibration_ablation_results,number_tied_after_isotonic,605510.0,605510.0,0.0,False
2,raw_safe,62,Platt,calibration_ablation_results,number_tied_after_isotonic,,,,False
2,raw_safe,62,Uncalibrated,calibration_ablation_results,number_tied_after_isotonic,,,,False
2,raw_safe,72,Isotonic,calibration_ablation_results,number_tied_after_isotonic,605510.0,605510.0,0.0,False
2,raw_safe,72,Platt,calibration_ablation_results,number_tied_after_isotonic,,,,False
2,raw_safe,72,Uncalibrated,calibration_ablation_results,number_tied_after_isotonic,,,,False
2,raw_safe,82,Isotonic,calibration_ablation_results,number_tied_after_isotonic,605510.0,605510.0,0.0,False
2,raw_safe,82,Platt,calibration_ablation_results,number_tied_after_isotonic,,,,False
2,raw_safe,82,Uncalibrated,calibration_ablation_results,number_tied_after_isotonic,,,,False
2,recipient_full_weight_2,42,Isotonic,calibration_ablation_results,number_tied_after_isotonic,605505.0,605507.0,2.0,True
2,recipient_full_weight_2,42,Platt,calibration_ablation_results,number_tied_after_isotonic,,,,False
2,recipient_full_weight_2,42,Uncalibrated,calibration_ablation_results,number_tied_after_isotonic,,,,False
2,recipient_full_weight_2,52,Isotonic,calibration_ablation_results,number_tied_after_isotonic,605504.0,605505.0,1.0,True
2,recipient_full_weight_2,52,Platt,calibration_ablation_results,number_tied_after_isotonic,,,,False
2,recipient_full_weight_2,52,Uncalibrated,calibration_ablation_results,number_tied_after_isotonic,,,,False
2,recipient_full_weight_2,62,Isotonic,calibration_ablation_results,number_tied_after_isotonic,605507.0,605506.0,-1.0,True
2,recipient_full_weight_2,62,Platt,calibration_ablation_results,number_tied_after_isotonic,,,,False
2,recipient_full_weight_2,62,Uncalibrated,calibration_ablation_results,number_tied_after_isotonic,,,,False
2,recipient_full_weight_2,72,Isotonic,calibration_ablation_results,number_tied_after_isotonic,605510.0,605507.0,-3.0,True
2,recipient_full_weight_2,72,Platt,calibration_ablation_results,number_tied_after_isotonic,,,,False
2,recipient_full_weight_2,72,Uncalibrated,calibration_ablation_results,number_tied_after_isotonic,,,,False
2,recipient_full_weight_2,82,Isotonic,calibration_ablation_results,number_tied_after_isotonic,605503.0,605498.0,-5.0,True
2,recipient_full_weight_2,82,Platt,calibration_ablation_results,number_tied_after_isotonic,,,,False
2,recipient_full_weight_2,82,Uncalibrated,calibration_ablation_results,number_tied_after_isotonic,,,,False
3,raw_safe,42,Isotonic,calibration_ablation_results,number_tied_after_isotonic,636723.0,636723.0,0.0,False
3,raw_safe,42,Platt,calibration_ablation_results,number_tied_after_isotonic,,,,False
3,raw_safe,42,Uncalibrated,calibration_ablation_results,number_tied_after_isotonic,,,,False
3,raw_safe,52,Isotonic,calibration_ablation_results,number_tied_after_isotonic,636723.0,636723.0,0.0,False
3,raw_safe,52,Platt,calibration_ablation_results,number_tied_after_isotonic,,,,False
3,raw_safe,52,Uncalibrated,calibration_ablation_results,number_tied_after_isotonic,,,,False
3,raw_safe,62,Isotonic,calibration_ablation_results,number_tied_after_isotonic,636723.0,636723.0,0.0,False
3,raw_safe,62,Platt,calibration_ablation_results,number_tied_after_isotonic,,,,False
3,raw_safe,62,Uncalibrated,calibration_ablation_results,number_tied_after_isotonic,,,,False
3,raw_safe,72,Isotonic,calibration_ablation_results,number_tied_after_isotonic,636723.0,636723.0,0.0,False
3,raw_safe,72,Platt,calibration_ablation_results,number_tied_after_isotonic,,,,False
3,raw_safe,72,Uncalibrated,calibration_ablation_results,number_tied_after_isotonic,,,,False
3,raw_safe,82,Isotonic,calibration_ablation_results,number_tied_after_isotonic,636723.0,636723.0,0.0,False
3,raw_safe,82,Platt,calibration_ablation_results,number_tied_after_isotonic,,,,False
3,raw_safe,82,Uncalibrated,calibration_ablation_results,number_tied_after_isotonic,,,,False
3,recipient_full_weight_2,42,Isotonic,calibration_ablation_results,number_tied_after_isotonic,636708.0,636691.0,-17.0,True
3,recipient_full_weight_2,42,Platt,calibration_ablation_results,number_tied_after_isotonic,,,,False
3,recipient_full_weight_2,42,Uncalibrated,calibration_ablation_results,number_tied_after_isotonic,,,,False
3,recipient_full_weight_2,52,Isotonic,calibration_ablation_results,number_tied_after_isotonic,636710.0,636712.0,2.0,True
3,recipient_full_weight_2,52,Platt,calibration_ablation_results,number_tied_after_isotonic,,,,False
3,recipient_full_weight_2,52,Uncalibrated,calibration_ablation_results,number_tied_after_isotonic,,,,False
3,recipient_full_weight_2,62,Isotonic,calibration_ablation_results,number_tied_after_isotonic,636711.0,636706.0,-5.0,True
3,recipient_full_weight_2,62,Platt,calibration_ablation_results,number_tied_after_isotonic,,,,False
3,recipient_full_weight_2,62,Uncalibrated,calibration_ablation_results,number_tied_after_isotonic,,,,False
3,recipient_full_weight_2,72,Isotonic,calibration_ablation_results,number_tied_after_isotonic,636657.0,636712.0,55.0,True
3,recipient_full_weight_2,72,Platt,calibration_ablation_results,number_tied_after_isotonic,,,,False
3,recipient_full_weight_2,72,Uncalibrated,calibration_ablation_results,number_tied_after_isotonic,,,,False
3,recipient_full_weight_2,82,Isotonic,calibration_ablation_results,number_tied_after_isotonic,636711.0,636671.0,-40.0,True
3,recipient_full_weight_2,82,Platt,calibration_ablation_results,number_tied_after_isotonic,,,,False
3,recipient_full_weight_2,82,Uncalibrated,calibration_ablation_results,number_tied_after_isotonic,,,,False
1,raw_safe,42,Isotonic,calibration_ablation_results,maximum_tie_group_size,365333.0,368582.0,3249.0,True
1,raw_safe,42,Platt,calibration_ablation_results,maximum_tie_group_size,,,,False
1,raw_safe,42,Uncalibrated,calibration_ablation_results,maximum_tie_group_size,,,,False
1,raw_safe,52,Isotonic,calibration_ablation_results,maximum_tie_group_size,367921.0,363534.0,-4387.0,True
1,raw_safe,52,Platt,calibration_ablation_results,maximum_tie_group_size,,,,False
1,raw_safe,52,Uncalibrated,calibration_ablation_results,maximum_tie_group_size,,,,False
1,raw_safe,62,Isotonic,calibration_ablation_results,maximum_tie_group_size,366781.0,255004.0,-111777.0,True
1,raw_safe,62,Platt,calibration_ablation_results,maximum_tie_group_size,,,,False
1,raw_safe,62,Uncalibrated,calibration_ablation_results,maximum_tie_group_size,,,,False
1,raw_safe,72,Isotonic,calibration_ablation_results,maximum_tie_group_size,364503.0,363827.0,-676.0,True
1,raw_safe,72,Platt,calibration_ablation_results,maximum_tie_group_size,,,,False
1,raw_safe,72,Uncalibrated,calibration_ablation_results,maximum_tie_group_size,,,,False
1,raw_safe,82,Isotonic,calibration_ablation_results,maximum_tie_group_size,365198.0,369666.0,4468.0,True
1,raw_safe,82,Platt,calibration_ablation_results,maximum_tie_group_size,,,,False
1,raw_safe,82,Uncalibrated,calibration_ablation_results,maximum_tie_group_size,,,,False
1,recipient_full_weight_2,42,Isotonic,calibration_ablation_results,maximum_tie_group_size,469688.0,425447.0,-44241.0,True
1,recipient_full_weight_2,42,Platt,calibration_ablation_results,maximum_tie_group_size,,,,False
1,recipient_full_weight_2,42,Uncalibrated,calibration_ablation_results,maximum_tie_group_size,,,,False
1,recipient_full_weight_2,52,Isotonic,calibration_ablation_results,maximum_tie_group_size,397914.0,385462.0,-12452.0,True
1,recipient_full_weight_2,52,Platt,calibration_ablation_results,maximum_tie_group_size,,,,False
1,recipient_full_weight_2,52,Uncalibrated,calibration_ablation_results,maximum_tie_group_size,,,,False
1,recipient_full_weight_2,62,Isotonic,calibration_ablation_results,maximum_tie_group_size,411277.0,412260.0,983.0,True
1,recipient_full_weight_2,62,Platt,calibration_ablation_results,maximum_tie_group_size,,,,False
1,recipient_full_weight_2,62,Uncalibrated,calibration_ablation_results,maximum_tie_group_size,,,,False
1,recipient_full_weight_2,72,Isotonic,calibration_ablation_results,maximum_tie_group_size,414216.0,438422.0,24206.0,True
1,recipient_full_weight_2,72,Platt,calibration_ablation_results,maximum_tie_group_size,,,,False
1,recipient_full_weight_2,72,Uncalibrated,calibration_ablation_results,maximum_tie_group_size,,,,False
1,recipient_full_weight_2,82,Isotonic,calibration_ablation_results,maximum_tie_group_size,359439.0,410401.0,50962.0,True
1,recipient_full_weight_2,82,Platt,calibration_ablation_results,maximum_tie_group_size,,,,False
1,recipient_full_weight_2,82,Uncalibrated,calibration_ablation_results,maximum_tie_group_size,,,,False
2,raw_safe,42,Isotonic,calibration_ablation_results,maximum_tie_group_size,332572.0,339891.0,7319.0,True
2,raw_safe,42,Platt,calibration_ablation_results,maximum_tie_group_size,,,,False
2,raw_safe,42,Uncalibrated,calibration_ablation_results,maximum_tie_group_size,,,,False
2,raw_safe,52,Isotonic,calibration_ablation_results,maximum_tie_group_size,342169.0,338783.0,-3386.0,True
2,raw_safe,52,Platt,calibration_ablation_results,maximum_tie_group_size,,,,False
2,raw_safe,52,Uncalibrated,calibration_ablation_results,maximum_tie_group_size,,,,False
2,raw_safe,62,Isotonic,calibration_ablation_results,maximum_tie_group_size,339734.0,342257.0,2523.0,True
2,raw_safe,62,Platt,calibration_ablation_results,maximum_tie_group_size,,,,False
2,raw_safe,62,Uncalibrated,calibration_ablation_results,maximum_tie_group_size,,,,False
2,raw_safe,72,Isotonic,calibration_ablation_results,maximum_tie_group_size,339819.0,341496.0,1677.0,True
2,raw_safe,72,Platt,calibration_ablation_results,maximum_tie_group_size,,,,False
2,raw_safe,72,Uncalibrated,calibration_ablation_results,maximum_tie_group_size,,,,False
2,raw_safe,82,Isotonic,calibration_ablation_results,maximum_tie_group_size,339244.0,342345.0,3101.0,True
2,raw_safe,82,Platt,calibration_ablation_results,maximum_tie_group_size,,,,False
2,raw_safe,82,Uncalibrated,calibration_ablation_results,maximum_tie_group_size,,,,False
2,recipient_full_weight_2,42,Isotonic,calibration_ablation_results,maximum_tie_group_size,420589.0,386599.0,-33990.0,True
2,recipient_full_weight_2,42,Platt,calibration_ablation_results,maximum_tie_group_size,,,,False
2,recipient_full_weight_2,42,Uncalibrated,calibration_ablation_results,maximum_tie_group_size,,,,False
2,recipient_full_weight_2,52,Isotonic,calibration_ablation_results,maximum_tie_group_size,411118.0,468503.0,57385.0,True
2,recipient_full_weight_2,52,Platt,calibration_ablation_results,maximum_tie_group_size,,,,False
2,recipient_full_weight_2,52,Uncalibrated,calibration_ablation_results,maximum_tie_group_size,,,,False
2,recipient_full_weight_2,62,Isotonic,calibration_ablation_results,maximum_tie_group_size,380654.0,385864.0,5210.0,True
2,recipient_full_weight_2,62,Platt,calibration_ablation_results,maximum_tie_group_size,,,,False
2,recipient_full_weight_2,62,Uncalibrated,calibration_ablation_results,maximum_tie_group_size,,,,False
2,recipient_full_weight_2,72,Isotonic,calibration_ablation_results,maximum_tie_group_size,446007.0,447622.0,1615.0,True
2,recipient_full_weight_2,72,Platt,calibration_ablation_results,maximum_tie_group_size,,,,False
2,recipient_full_weight_2,72,Uncalibrated,calibration_ablation_results,maximum_tie_group_size,,,,False
2,recipient_full_weight_2,82,Isotonic,calibration_ablation_results,maximum_tie_group_size,390372.0,391881.0,1509.0,True
2,recipient_full_weight_2,82,Platt,calibration_ablation_results,maximum_tie_group_size,,,,False
2,recipient_full_weight_2,82,Uncalibrated,calibration_ablation_results,maximum_tie_group_size,,,,False
3,raw_safe,42,Isotonic,calibration_ablation_results,maximum_tie_group_size,377037.0,367925.0,-9112.0,True
3,raw_safe,42,Platt,calibration_ablation_results,maximum_tie_group_size,,,,False
3,raw_safe,42,Uncalibrated,calibration_ablation_results,maximum_tie_group_size,,,,False
3,raw_safe,52,Isotonic,calibration_ablation_results,maximum_tie_group_size,369963.0,370313.0,350.0,True
3,raw_safe,52,Platt,calibration_ablation_results,maximum_tie_group_size,,,,False
3,raw_safe,52,Uncalibrated,calibration_ablation_results,maximum_tie_group_size,,,,False
3,raw_safe,62,Isotonic,calibration_ablation_results,maximum_tie_group_size,368734.0,368117.0,-617.0,True
3,raw_safe,62,Platt,calibration_ablation_results,maximum_tie_group_size,,,,False
3,raw_safe,62,Uncalibrated,calibration_ablation_results,maximum_tie_group_size,,,,False
3,raw_safe,72,Isotonic,calibration_ablation_results,maximum_tie_group_size,370687.0,369047.0,-1640.0,True
3,raw_safe,72,Platt,calibration_ablation_results,maximum_tie_group_size,,,,False
3,raw_safe,72,Uncalibrated,calibration_ablation_results,maximum_tie_group_size,,,,False
3,raw_safe,82,Isotonic,calibration_ablation_results,maximum_tie_group_size,367688.0,370728.0,3040.0,True
3,raw_safe,82,Platt,calibration_ablation_results,maximum_tie_group_size,,,,False
3,raw_safe,82,Uncalibrated,calibration_ablation_results,maximum_tie_group_size,,,,False
3,recipient_full_weight_2,42,Isotonic,calibration_ablation_results,maximum_tie_group_size,389095.0,404318.0,15223.0,True
3,recipient_full_weight_2,42,Platt,calibration_ablation_results,maximum_tie_group_size,,,,False
3,recipient_full_weight_2,42,Uncalibrated,calibration_ablation_results,maximum_tie_group_size,,,,False
3,recipient_full_weight_2,52,Isotonic,calibration_ablation_results,maximum_tie_group_size,472591.0,379641.0,-92950.0,True
3,recipient_full_weight_2,52,Platt,calibration_ablation_results,maximum_tie_group_size,,,,False
3,recipient_full_weight_2,52,Uncalibrated,calibration_ablation_results,maximum_tie_group_size,,,,False
3,recipient_full_weight_2,62,Isotonic,calibration_ablation_results,maximum_tie_group_size,412728.0,375241.0,-37487.0,True
3,recipient_full_weight_2,62,Platt,calibration_ablation_results,maximum_tie_group_size,,,,False
3,recipient_full_weight_2,62,Uncalibrated,calibration_ablation_results,maximum_tie_group_size,,,,False
3,recipient_full_weight_2,72,Isotonic,calibration_ablation_results,maximum_tie_group_size,364263.0,388256.0,23993.0,True
3,recipient_full_weight_2,72,Platt,calibration_ablation_results,maximum_tie_group_size,,,,False
3,recipient_full_weight_2,72,Uncalibrated,calibration_ablation_results,maximum_tie_group_size,,,,False
3,recipient_full_weight_2,82,Isotonic,calibration_ablation_results,maximum_tie_group_size,415256.0,377582.0,-37674.0,True
3,recipient_full_weight_2,82,Platt,calibration_ablation_results,maximum_tie_group_size,,,,False
3,recipient_full_weight_2,82,Uncalibrated,calibration_ablation_results,maximum_tie_group_size,,,,False
1,raw_safe,42,Isotonic,calibration_ablation_results,train_min_step,1.0,1.0,0.0,False
1,raw_safe,42,Platt,calibration_ablation_results,train_min_step,1.0,1.0,0.0,False
1,raw_safe,42,Uncalibrated,calibration_ablation_results,train_min_step,1.0,1.0,0.0,False
1,raw_safe,52,Isotonic,calibration_ablation_results,train_min_step,1.0,1.0,0.0,False
1,raw_safe,52,Platt,calibration_ablation_results,train_min_step,1.0,1.0,0.0,False
1,raw_safe,52,Uncalibrated,calibration_ablation_results,train_min_step,1.0,1.0,0.0,False
1,raw_safe,62,Isotonic,calibration_ablation_results,train_min_step,1.0,1.0,0.0,False
1,raw_safe,62,Platt,calibration_ablation_results,train_min_step,1.0,1.0,0.0,False
1,raw_safe,62,Uncalibrated,calibration_ablation_results,train_min_step,1.0,1.0,0.0,False
1,raw_safe,72,Isotonic,calibration_ablation_results,train_min_step,1.0,1.0,0.0,False
1,raw_safe,72,Platt,calibration_ablation_results,train_min_step,1.0,1.0,0.0,False
1,raw_safe,72,Uncalibrated,calibration_ablation_results,train_min_step,1.0,1.0,0.0,False
1,raw_safe,82,Isotonic,calibration_ablation_results,train_min_step,1.0,1.0,0.0,False
1,raw_safe,82,Platt,calibration_ablation_results,train_min_step,1.0,1.0,0.0,False
1,raw_safe,82,Uncalibrated,calibration_ablation_results,train_min_step,1.0,1.0,0.0,False
1,recipient_full_weight_2,42,Isotonic,calibration_ablation_results,train_min_step,1.0,1.0,0.0,False
1,recipient_full_weight_2,42,Platt,calibration_ablation_results,train_min_step,1.0,1.0,0.0,False
1,recipient_full_weight_2,42,Uncalibrated,calibration_ablation_results,train_min_step,1.0,1.0,0.0,False
1,recipient_full_weight_2,52,Isotonic,calibration_ablation_results,train_min_step,1.0,1.0,0.0,False
1,recipient_full_weight_2,52,Platt,calibration_ablation_results,train_min_step,1.0,1.0,0.0,False
1,recipient_full_weight_2,52,Uncalibrated,calibration_ablation_results,train_min_step,1.0,1.0,0.0,False
1,recipient_full_weight_2,62,Isotonic,calibration_ablation_results,train_min_step,1.0,1.0,0.0,False
1,recipient_full_weight_2,62,Platt,calibration_ablation_results,train_min_step,1.0,1.0,0.0,False
1,recipient_full_weight_2,62,Uncalibrated,calibration_ablation_results,train_min_step,1.0,1.0,0.0,False
1,recipient_full_weight_2,72,Isotonic,calibration_ablation_results,train_min_step,1.0,1.0,0.0,False
1,recipient_full_weight_2,72,Platt,calibration_ablation_results,train_min_step,1.0,1.0,0.0,False
1,recipient_full_weight_2,72,Uncalibrated,calibration_ablation_results,train_min_step,1.0,1.0,0.0,False
1,recipient_full_weight_2,82,Isotonic,calibration_ablation_results,train_min_step,1.0,1.0,0.0,False
1,recipient_full_weight_2,82,Platt,calibration_ablation_results,train_min_step,1.0,1.0,0.0,False
1,recipient_full_weight_2,82,Uncalibrated,calibration_ablation_results,train_min_step,1.0,1.0,0.0,False
2,raw_safe,42,Isotonic,calibration_ablation_results,train_min_step,1.0,1.0,0.0,False
2,raw_safe,42,Platt,calibration_ablation_results,train_min_step,1.0,1.0,0.0,False
2,raw_safe,42,Uncalibrated,calibration_ablation_results,train_min_step,1.0,1.0,0.0,False
2,raw_safe,52,Isotonic,calibration_ablation_results,train_min_step,1.0,1.0,0.0,False
2,raw_safe,52,Platt,calibration_ablation_results,train_min_step,1.0,1.0,0.0,False
2,raw_safe,52,Uncalibrated,calibration_ablation_results,train_min_step,1.0,1.0,0.0,False
2,raw_safe,62,Isotonic,calibration_ablation_results,train_min_step,1.0,1.0,0.0,False
2,raw_safe,62,Platt,calibration_ablation_results,train_min_step,1.0,1.0,0.0,False
2,raw_safe,62,Uncalibrated,calibration_ablation_results,train_min_step,1.0,1.0,0.0,False
2,raw_safe,72,Isotonic,calibration_ablation_results,train_min_step,1.0,1.0,0.0,False
2,raw_safe,72,Platt,calibration_ablation_results,train_min_step,1.0,1.0,0.0,False
2,raw_safe,72,Uncalibrated,calibration_ablation_results,train_min_step,1.0,1.0,0.0,False
2,raw_safe,82,Isotonic,calibration_ablation_results,train_min_step,1.0,1.0,0.0,False
2,raw_safe,82,Platt,calibration_ablation_results,train_min_step,1.0,1.0,0.0,False
2,raw_safe,82,Uncalibrated,calibration_ablation_results,train_min_step,1.0,1.0,0.0,False
2,recipient_full_weight_2,42,Isotonic,calibration_ablation_results,train_min_step,1.0,1.0,0.0,False
2,recipient_full_weight_2,42,Platt,calibration_ablation_results,train_min_step,1.0,1.0,0.0,False
2,recipient_full_weight_2,42,Uncalibrated,calibration_ablation_results,train_min_step,1.0,1.0,0.0,False
2,recipient_full_weight_2,52,Isotonic,calibration_ablation_results,train_min_step,1.0,1.0,0.0,False
2,recipient_full_weight_2,52,Platt,calibration_ablation_results,train_min_step,1.0,1.0,0.0,False
2,recipient_full_weight_2,52,Uncalibrated,calibration_ablation_results,train_min_step,1.0,1.0,0.0,False
2,recipient_full_weight_2,62,Isotonic,calibration_ablation_results,train_min_step,1.0,1.0,0.0,False
2,recipient_full_weight_2,62,Platt,calibration_ablation_results,train_min_step,1.0,1.0,0.0,False
2,recipient_full_weight_2,62,Uncalibrated,calibration_ablation_results,train_min_step,1.0,1.0,0.0,False
2,recipient_full_weight_2,72,Isotonic,calibration_ablation_results,train_min_step,1.0,1.0,0.0,False
2,recipient_full_weight_2,72,Platt,calibration_ablation_results,train_min_step,1.0,1.0,0.0,False
2,recipient_full_weight_2,72,Uncalibrated,calibration_ablation_results,train_min_step,1.0,1.0,0.0,False
2,recipient_full_weight_2,82,Isotonic,calibration_ablation_results,train_min_step,1.0,1.0,0.0,False
2,recipient_full_weight_2,82,Platt,calibration_ablation_results,train_min_step,1.0,1.0,0.0,False
2,recipient_full_weight_2,82,Uncalibrated,calibration_ablation_results,train_min_step,1.0,1.0,0.0,False
3,raw_safe,42,Isotonic,calibration_ablation_results,train_min_step,1.0,1.0,0.0,False
3,raw_safe,42,Platt,calibration_ablation_results,train_min_step,1.0,1.0,0.0,False
3,raw_safe,42,Uncalibrated,calibration_ablation_results,train_min_step,1.0,1.0,0.0,False
3,raw_safe,52,Isotonic,calibration_ablation_results,train_min_step,1.0,1.0,0.0,False
3,raw_safe,52,Platt,calibration_ablation_results,train_min_step,1.0,1.0,0.0,False
3,raw_safe,52,Uncalibrated,calibration_ablation_results,train_min_step,1.0,1.0,0.0,False
3,raw_safe,62,Isotonic,calibration_ablation_results,train_min_step,1.0,1.0,0.0,False
3,raw_safe,62,Platt,calibration_ablation_results,train_min_step,1.0,1.0,0.0,False
3,raw_safe,62,Uncalibrated,calibration_ablation_results,train_min_step,1.0,1.0,0.0,False
3,raw_safe,72,Isotonic,calibration_ablation_results,train_min_step,1.0,1.0,0.0,False
3,raw_safe,72,Platt,calibration_ablation_results,train_min_step,1.0,1.0,0.0,False
3,raw_safe,72,Uncalibrated,calibration_ablation_results,train_min_step,1.0,1.0,0.0,False
3,raw_safe,82,Isotonic,calibration_ablation_results,train_min_step,1.0,1.0,0.0,False
3,raw_safe,82,Platt,calibration_ablation_results,train_min_step,1.0,1.0,0.0,False
3,raw_safe,82,Uncalibrated,calibration_ablation_results,train_min_step,1.0,1.0,0.0,False
3,recipient_full_weight_2,42,Isotonic,calibration_ablation_results,train_min_step,1.0,1.0,0.0,False
3,recipient_full_weight_2,42,Platt,calibration_ablation_results,train_min_step,1.0,1.0,0.0,False
3,recipient_full_weight_2,42,Uncalibrated,calibration_ablation_results,train_min_step,1.0,1.0,0.0,False
3,recipient_full_weight_2,52,Isotonic,calibration_ablation_results,train_min_step,1.0,1.0,0.0,False
3,recipient_full_weight_2,52,Platt,calibration_ablation_results,train_min_step,1.0,1.0,0.0,False
3,recipient_full_weight_2,52,Uncalibrated,calibration_ablation_results,train_min_step,1.0,1.0,0.0,False
3,recipient_full_weight_2,62,Isotonic,calibration_ablation_results,train_min_step,1.0,1.0,0.0,False
3,recipient_full_weight_2,62,Platt,calibration_ablation_results,train_min_step,1.0,1.0,0.0,False
3,recipient_full_weight_2,62,Uncalibrated,calibration_ablation_results,train_min_step,1.0,1.0,0.0,False
3,recipient_full_weight_2,72,Isotonic,calibration_ablation_results,train_min_step,1.0,1.0,0.0,False
3,recipient_full_weight_2,72,Platt,calibration_ablation_results,train_min_step,1.0,1.0,0.0,False
3,recipient_full_weight_2,72,Uncalibrated,calibration_ablation_results,train_min_step,1.0,1.0,0.0,False
3,recipient_full_weight_2,82,Isotonic,calibration_ablation_results,train_min_step,1.0,1.0,0.0,False
3,recipient_full_weight_2,82,Platt,calibration_ablation_results,train_min_step,1.0,1.0,0.0,False
3,recipient_full_weight_2,82,Uncalibrated,calibration_ablation_results,train_min_step,1.0,1.0,0.0,False
1,raw_safe,42,Isotonic,calibration_ablation_results,train_max_step,205.0,205.0,0.0,False
1,raw_safe,42,Platt,calibration_ablation_results,train_max_step,205.0,205.0,0.0,False
1,raw_safe,42,Uncalibrated,calibration_ablation_results,train_max_step,205.0,205.0,0.0,False
1,raw_safe,52,Isotonic,calibration_ablation_results,train_max_step,205.0,205.0,0.0,False
1,raw_safe,52,Platt,calibration_ablation_results,train_max_step,205.0,205.0,0.0,False
1,raw_safe,52,Uncalibrated,calibration_ablation_results,train_max_step,205.0,205.0,0.0,False
1,raw_safe,62,Isotonic,calibration_ablation_results,train_max_step,205.0,205.0,0.0,False
1,raw_safe,62,Platt,calibration_ablation_results,train_max_step,205.0,205.0,0.0,False
1,raw_safe,62,Uncalibrated,calibration_ablation_results,train_max_step,205.0,205.0,0.0,False
1,raw_safe,72,Isotonic,calibration_ablation_results,train_max_step,205.0,205.0,0.0,False
1,raw_safe,72,Platt,calibration_ablation_results,train_max_step,205.0,205.0,0.0,False
1,raw_safe,72,Uncalibrated,calibration_ablation_results,train_max_step,205.0,205.0,0.0,False
1,raw_safe,82,Isotonic,calibration_ablation_results,train_max_step,205.0,205.0,0.0,False
1,raw_safe,82,Platt,calibration_ablation_results,train_max_step,205.0,205.0,0.0,False
1,raw_safe,82,Uncalibrated,calibration_ablation_results,train_max_step,205.0,205.0,0.0,False
1,recipient_full_weight_2,42,Isotonic,calibration_ablation_results,train_max_step,205.0,205.0,0.0,False
1,recipient_full_weight_2,42,Platt,calibration_ablation_results,train_max_step,205.0,205.0,0.0,False
1,recipient_full_weight_2,42,Uncalibrated,calibration_ablation_results,train_max_step,205.0,205.0,0.0,False
1,recipient_full_weight_2,52,Isotonic,calibration_ablation_results,train_max_step,205.0,205.0,0.0,False
1,recipient_full_weight_2,52,Platt,calibration_ablation_results,train_max_step,205.0,205.0,0.0,False
1,recipient_full_weight_2,52,Uncalibrated,calibration_ablation_results,train_max_step,205.0,205.0,0.0,False
1,recipient_full_weight_2,62,Isotonic,calibration_ablation_results,train_max_step,205.0,205.0,0.0,False
1,recipient_full_weight_2,62,Platt,calibration_ablation_results,train_max_step,205.0,205.0,0.0,False
1,recipient_full_weight_2,62,Uncalibrated,calibration_ablation_results,train_max_step,205.0,205.0,0.0,False
1,recipient_full_weight_2,72,Isotonic,calibration_ablation_results,train_max_step,205.0,205.0,0.0,False
1,recipient_full_weight_2,72,Platt,calibration_ablation_results,train_max_step,205.0,205.0,0.0,False
1,recipient_full_weight_2,72,Uncalibrated,calibration_ablation_results,train_max_step,205.0,205.0,0.0,False
1,recipient_full_weight_2,82,Isotonic,calibration_ablation_results,train_max_step,205.0,205.0,0.0,False
1,recipient_full_weight_2,82,Platt,calibration_ablation_results,train_max_step,205.0,205.0,0.0,False
1,recipient_full_weight_2,82,Uncalibrated,calibration_ablation_results,train_max_step,205.0,205.0,0.0,False
2,raw_safe,42,Isotonic,calibration_ablation_results,train_max_step,281.0,281.0,0.0,False
2,raw_safe,42,Platt,calibration_ablation_results,train_max_step,281.0,281.0,0.0,False
2,raw_safe,42,Uncalibrated,calibration_ablation_results,train_max_step,281.0,281.0,0.0,False
2,raw_safe,52,Isotonic,calibration_ablation_results,train_max_step,281.0,281.0,0.0,False
2,raw_safe,52,Platt,calibration_ablation_results,train_max_step,281.0,281.0,0.0,False
2,raw_safe,52,Uncalibrated,calibration_ablation_results,train_max_step,281.0,281.0,0.0,False
2,raw_safe,62,Isotonic,calibration_ablation_results,train_max_step,281.0,281.0,0.0,False
2,raw_safe,62,Platt,calibration_ablation_results,train_max_step,281.0,281.0,0.0,False
2,raw_safe,62,Uncalibrated,calibration_ablation_results,train_max_step,281.0,281.0,0.0,False
2,raw_safe,72,Isotonic,calibration_ablation_results,train_max_step,281.0,281.0,0.0,False
2,raw_safe,72,Platt,calibration_ablation_results,train_max_step,281.0,281.0,0.0,False
2,raw_safe,72,Uncalibrated,calibration_ablation_results,train_max_step,281.0,281.0,0.0,False
2,raw_safe,82,Isotonic,calibration_ablation_results,train_max_step,281.0,281.0,0.0,False
2,raw_safe,82,Platt,calibration_ablation_results,train_max_step,281.0,281.0,0.0,False
2,raw_safe,82,Uncalibrated,calibration_ablation_results,train_max_step,281.0,281.0,0.0,False
2,recipient_full_weight_2,42,Isotonic,calibration_ablation_results,train_max_step,281.0,281.0,0.0,False
2,recipient_full_weight_2,42,Platt,calibration_ablation_results,train_max_step,281.0,281.0,0.0,False
2,recipient_full_weight_2,42,Uncalibrated,calibration_ablation_results,train_max_step,281.0,281.0,0.0,False
2,recipient_full_weight_2,52,Isotonic,calibration_ablation_results,train_max_step,281.0,281.0,0.0,False
2,recipient_full_weight_2,52,Platt,calibration_ablation_results,train_max_step,281.0,281.0,0.0,False
2,recipient_full_weight_2,52,Uncalibrated,calibration_ablation_results,train_max_step,281.0,281.0,0.0,False
2,recipient_full_weight_2,62,Isotonic,calibration_ablation_results,train_max_step,281.0,281.0,0.0,False
2,recipient_full_weight_2,62,Platt,calibration_ablation_results,train_max_step,281.0,281.0,0.0,False
2,recipient_full_weight_2,62,Uncalibrated,calibration_ablation_results,train_max_step,281.0,281.0,0.0,False
2,recipient_full_weight_2,72,Isotonic,calibration_ablation_results,train_max_step,281.0,281.0,0.0,False
2,recipient_full_weight_2,72,Platt,calibration_ablation_results,train_max_step,281.0,281.0,0.0,False
2,recipient_full_weight_2,72,Uncalibrated,calibration_ablation_results,train_max_step,281.0,281.0,0.0,False
2,recipient_full_weight_2,82,Isotonic,calibration_ablation_results,train_max_step,281.0,281.0,0.0,False
2,recipient_full_weight_2,82,Platt,calibration_ablation_results,train_max_step,281.0,281.0,0.0,False
2,recipient_full_weight_2,82,Uncalibrated,calibration_ablation_results,train_max_step,281.0,281.0,0.0,False
3,raw_safe,42,Isotonic,calibration_ablation_results,train_max_step,354.0,354.0,0.0,False
3,raw_safe,42,Platt,calibration_ablation_results,train_max_step,354.0,354.0,0.0,False
3,raw_safe,42,Uncalibrated,calibration_ablation_results,train_max_step,354.0,354.0,0.0,False
3,raw_safe,52,Isotonic,calibration_ablation_results,train_max_step,354.0,354.0,0.0,False
3,raw_safe,52,Platt,calibration_ablation_results,train_max_step,354.0,354.0,0.0,False
3,raw_safe,52,Uncalibrated,calibration_ablation_results,train_max_step,354.0,354.0,0.0,False
3,raw_safe,62,Isotonic,calibration_ablation_results,train_max_step,354.0,354.0,0.0,False
3,raw_safe,62,Platt,calibration_ablation_results,train_max_step,354.0,354.0,0.0,False
3,raw_safe,62,Uncalibrated,calibration_ablation_results,train_max_step,354.0,354.0,0.0,False
3,raw_safe,72,Isotonic,calibration_ablation_results,train_max_step,354.0,354.0,0.0,False
3,raw_safe,72,Platt,calibration_ablation_results,train_max_step,354.0,354.0,0.0,False
3,raw_safe,72,Uncalibrated,calibration_ablation_results,train_max_step,354.0,354.0,0.0,False
3,raw_safe,82,Isotonic,calibration_ablation_results,train_max_step,354.0,354.0,0.0,False
3,raw_safe,82,Platt,calibration_ablation_results,train_max_step,354.0,354.0,0.0,False
3,raw_safe,82,Uncalibrated,calibration_ablation_results,train_max_step,354.0,354.0,0.0,False
3,recipient_full_weight_2,42,Isotonic,calibration_ablation_results,train_max_step,354.0,354.0,0.0,False
3,recipient_full_weight_2,42,Platt,calibration_ablation_results,train_max_step,354.0,354.0,0.0,False
3,recipient_full_weight_2,42,Uncalibrated,calibration_ablation_results,train_max_step,354.0,354.0,0.0,False
3,recipient_full_weight_2,52,Isotonic,calibration_ablation_results,train_max_step,354.0,354.0,0.0,False
3,recipient_full_weight_2,52,Platt,calibration_ablation_results,train_max_step,354.0,354.0,0.0,False
3,recipient_full_weight_2,52,Uncalibrated,calibration_ablation_results,train_max_step,354.0,354.0,0.0,False
3,recipient_full_weight_2,62,Isotonic,calibration_ablation_results,train_max_step,354.0,354.0,0.0,False
3,recipient_full_weight_2,62,Platt,calibration_ablation_results,train_max_step,354.0,354.0,0.0,False
3,recipient_full_weight_2,62,Uncalibrated,calibration_ablation_results,train_max_step,354.0,354.0,0.0,False
3,recipient_full_weight_2,72,Isotonic,calibration_ablation_results,train_max_step,354.0,354.0,0.0,False
3,recipient_full_weight_2,72,Platt,calibration_ablation_results,train_max_step,354.0,354.0,0.0,False
3,recipient_full_weight_2,72,Uncalibrated,calibration_ablation_results,train_max_step,354.0,354.0,0.0,False
3,recipient_full_weight_2,82,Isotonic,calibration_ablation_results,train_max_step,354.0,354.0,0.0,False
3,recipient_full_weight_2,82,Platt,calibration_ablation_results,train_max_step,354.0,354.0,0.0,False
3,recipient_full_weight_2,82,Uncalibrated,calibration_ablation_results,train_max_step,354.0,354.0,0.0,False
1,raw_safe,42,Isotonic,calibration_ablation_results,validation_min_step,206.0,206.0,0.0,False
1,raw_safe,42,Platt,calibration_ablation_results,validation_min_step,206.0,206.0,0.0,False
1,raw_safe,42,Uncalibrated,calibration_ablation_results,validation_min_step,206.0,206.0,0.0,False
1,raw_safe,52,Isotonic,calibration_ablation_results,validation_min_step,206.0,206.0,0.0,False
1,raw_safe,52,Platt,calibration_ablation_results,validation_min_step,206.0,206.0,0.0,False
1,raw_safe,52,Uncalibrated,calibration_ablation_results,validation_min_step,206.0,206.0,0.0,False
1,raw_safe,62,Isotonic,calibration_ablation_results,validation_min_step,206.0,206.0,0.0,False
1,raw_safe,62,Platt,calibration_ablation_results,validation_min_step,206.0,206.0,0.0,False
1,raw_safe,62,Uncalibrated,calibration_ablation_results,validation_min_step,206.0,206.0,0.0,False
1,raw_safe,72,Isotonic,calibration_ablation_results,validation_min_step,206.0,206.0,0.0,False
1,raw_safe,72,Platt,calibration_ablation_results,validation_min_step,206.0,206.0,0.0,False
1,raw_safe,72,Uncalibrated,calibration_ablation_results,validation_min_step,206.0,206.0,0.0,False
1,raw_safe,82,Isotonic,calibration_ablation_results,validation_min_step,206.0,206.0,0.0,False
1,raw_safe,82,Platt,calibration_ablation_results,validation_min_step,206.0,206.0,0.0,False
1,raw_safe,82,Uncalibrated,calibration_ablation_results,validation_min_step,206.0,206.0,0.0,False
1,recipient_full_weight_2,42,Isotonic,calibration_ablation_results,validation_min_step,206.0,206.0,0.0,False
1,recipient_full_weight_2,42,Platt,calibration_ablation_results,validation_min_step,206.0,206.0,0.0,False
1,recipient_full_weight_2,42,Uncalibrated,calibration_ablation_results,validation_min_step,206.0,206.0,0.0,False
1,recipient_full_weight_2,52,Isotonic,calibration_ablation_results,validation_min_step,206.0,206.0,0.0,False
1,recipient_full_weight_2,52,Platt,calibration_ablation_results,validation_min_step,206.0,206.0,0.0,False
1,recipient_full_weight_2,52,Uncalibrated,calibration_ablation_results,validation_min_step,206.0,206.0,0.0,False
1,recipient_full_weight_2,62,Isotonic,calibration_ablation_results,validation_min_step,206.0,206.0,0.0,False
1,recipient_full_weight_2,62,Platt,calibration_ablation_results,validation_min_step,206.0,206.0,0.0,False
1,recipient_full_weight_2,62,Uncalibrated,calibration_ablation_results,validation_min_step,206.0,206.0,0.0,False
1,recipient_full_weight_2,72,Isotonic,calibration_ablation_results,validation_min_step,206.0,206.0,0.0,False
1,recipient_full_weight_2,72,Platt,calibration_ablation_results,validation_min_step,206.0,206.0,0.0,False
1,recipient_full_weight_2,72,Uncalibrated,calibration_ablation_results,validation_min_step,206.0,206.0,0.0,False
1,recipient_full_weight_2,82,Isotonic,calibration_ablation_results,validation_min_step,206.0,206.0,0.0,False
1,recipient_full_weight_2,82,Platt,calibration_ablation_results,validation_min_step,206.0,206.0,0.0,False
1,recipient_full_weight_2,82,Uncalibrated,calibration_ablation_results,validation_min_step,206.0,206.0,0.0,False
2,raw_safe,42,Isotonic,calibration_ablation_results,validation_min_step,282.0,282.0,0.0,False
2,raw_safe,42,Platt,calibration_ablation_results,validation_min_step,282.0,282.0,0.0,False
2,raw_safe,42,Uncalibrated,calibration_ablation_results,validation_min_step,282.0,282.0,0.0,False
2,raw_safe,52,Isotonic,calibration_ablation_results,validation_min_step,282.0,282.0,0.0,False
2,raw_safe,52,Platt,calibration_ablation_results,validation_min_step,282.0,282.0,0.0,False
2,raw_safe,52,Uncalibrated,calibration_ablation_results,validation_min_step,282.0,282.0,0.0,False
2,raw_safe,62,Isotonic,calibration_ablation_results,validation_min_step,282.0,282.0,0.0,False
2,raw_safe,62,Platt,calibration_ablation_results,validation_min_step,282.0,282.0,0.0,False
2,raw_safe,62,Uncalibrated,calibration_ablation_results,validation_min_step,282.0,282.0,0.0,False
2,raw_safe,72,Isotonic,calibration_ablation_results,validation_min_step,282.0,282.0,0.0,False
2,raw_safe,72,Platt,calibration_ablation_results,validation_min_step,282.0,282.0,0.0,False
2,raw_safe,72,Uncalibrated,calibration_ablation_results,validation_min_step,282.0,282.0,0.0,False
2,raw_safe,82,Isotonic,calibration_ablation_results,validation_min_step,282.0,282.0,0.0,False
2,raw_safe,82,Platt,calibration_ablation_results,validation_min_step,282.0,282.0,0.0,False
2,raw_safe,82,Uncalibrated,calibration_ablation_results,validation_min_step,282.0,282.0,0.0,False
2,recipient_full_weight_2,42,Isotonic,calibration_ablation_results,validation_min_step,282.0,282.0,0.0,False
2,recipient_full_weight_2,42,Platt,calibration_ablation_results,validation_min_step,282.0,282.0,0.0,False
2,recipient_full_weight_2,42,Uncalibrated,calibration_ablation_results,validation_min_step,282.0,282.0,0.0,False
2,recipient_full_weight_2,52,Isotonic,calibration_ablation_results,validation_min_step,282.0,282.0,0.0,False
2,recipient_full_weight_2,52,Platt,calibration_ablation_results,validation_min_step,282.0,282.0,0.0,False
2,recipient_full_weight_2,52,Uncalibrated,calibration_ablation_results,validation_min_step,282.0,282.0,0.0,False
2,recipient_full_weight_2,62,Isotonic,calibration_ablation_results,validation_min_step,282.0,282.0,0.0,False
2,recipient_full_weight_2,62,Platt,calibration_ablation_results,validation_min_step,282.0,282.0,0.0,False
2,recipient_full_weight_2,62,Uncalibrated,calibration_ablation_results,validation_min_step,282.0,282.0,0.0,False
2,recipient_full_weight_2,72,Isotonic,calibration_ablation_results,validation_min_step,282.0,282.0,0.0,False
2,recipient_full_weight_2,72,Platt,calibration_ablation_results,validation_min_step,282.0,282.0,0.0,False
2,recipient_full_weight_2,72,Uncalibrated,calibration_ablation_results,validation_min_step,282.0,282.0,0.0,False
2,recipient_full_weight_2,82,Isotonic,calibration_ablation_results,validation_min_step,282.0,282.0,0.0,False
2,recipient_full_weight_2,82,Platt,calibration_ablation_results,validation_min_step,282.0,282.0,0.0,False
2,recipient_full_weight_2,82,Uncalibrated,calibration_ablation_results,validation_min_step,282.0,282.0,0.0,False
3,raw_safe,42,Isotonic,calibration_ablation_results,validation_min_step,355.0,355.0,0.0,False
3,raw_safe,42,Platt,calibration_ablation_results,validation_min_step,355.0,355.0,0.0,False
3,raw_safe,42,Uncalibrated,calibration_ablation_results,validation_min_step,355.0,355.0,0.0,False
3,raw_safe,52,Isotonic,calibration_ablation_results,validation_min_step,355.0,355.0,0.0,False
3,raw_safe,52,Platt,calibration_ablation_results,validation_min_step,355.0,355.0,0.0,False
3,raw_safe,52,Uncalibrated,calibration_ablation_results,validation_min_step,355.0,355.0,0.0,False
3,raw_safe,62,Isotonic,calibration_ablation_results,validation_min_step,355.0,355.0,0.0,False
3,raw_safe,62,Platt,calibration_ablation_results,validation_min_step,355.0,355.0,0.0,False
3,raw_safe,62,Uncalibrated,calibration_ablation_results,validation_min_step,355.0,355.0,0.0,False
3,raw_safe,72,Isotonic,calibration_ablation_results,validation_min_step,355.0,355.0,0.0,False
3,raw_safe,72,Platt,calibration_ablation_results,validation_min_step,355.0,355.0,0.0,False
3,raw_safe,72,Uncalibrated,calibration_ablation_results,validation_min_step,355.0,355.0,0.0,False
3,raw_safe,82,Isotonic,calibration_ablation_results,validation_min_step,355.0,355.0,0.0,False
3,raw_safe,82,Platt,calibration_ablation_results,validation_min_step,355.0,355.0,0.0,False
3,raw_safe,82,Uncalibrated,calibration_ablation_results,validation_min_step,355.0,355.0,0.0,False
3,recipient_full_weight_2,42,Isotonic,calibration_ablation_results,validation_min_step,355.0,355.0,0.0,False
3,recipient_full_weight_2,42,Platt,calibration_ablation_results,validation_min_step,355.0,355.0,0.0,False
3,recipient_full_weight_2,42,Uncalibrated,calibration_ablation_results,validation_min_step,355.0,355.0,0.0,False
3,recipient_full_weight_2,52,Isotonic,calibration_ablation_results,validation_min_step,355.0,355.0,0.0,False
3,recipient_full_weight_2,52,Platt,calibration_ablation_results,validation_min_step,355.0,355.0,0.0,False
3,recipient_full_weight_2,52,Uncalibrated,calibration_ablation_results,validation_min_step,355.0,355.0,0.0,False
3,recipient_full_weight_2,62,Isotonic,calibration_ablation_results,validation_min_step,355.0,355.0,0.0,False
3,recipient_full_weight_2,62,Platt,calibration_ablation_results,validation_min_step,355.0,355.0,0.0,False
3,recipient_full_weight_2,62,Uncalibrated,calibration_ablation_results,validation_min_step,355.0,355.0,0.0,False
3,recipient_full_weight_2,72,Isotonic,calibration_ablation_results,validation_min_step,355.0,355.0,0.0,False
3,recipient_full_weight_2,72,Platt,calibration_ablation_results,validation_min_step,355.0,355.0,0.0,False
3,recipient_full_weight_2,72,Uncalibrated,calibration_ablation_results,validation_min_step,355.0,355.0,0.0,False
3,recipient_full_weight_2,82,Isotonic,calibration_ablation_results,validation_min_step,355.0,355.0,0.0,False
3,recipient_full_weight_2,82,Platt,calibration_ablation_results,validation_min_step,355.0,355.0,0.0,False
3,recipient_full_weight_2,82,Uncalibrated,calibration_ablation_results,validation_min_step,355.0,355.0,0.0,False
1,raw_safe,42,Isotonic,calibration_ablation_results,validation_max_step,238.0,238.0,0.0,False
1,raw_safe,42,Platt,calibration_ablation_results,validation_max_step,238.0,238.0,0.0,False
1,raw_safe,42,Uncalibrated,calibration_ablation_results,validation_max_step,238.0,238.0,0.0,False
1,raw_safe,52,Isotonic,calibration_ablation_results,validation_max_step,238.0,238.0,0.0,False
1,raw_safe,52,Platt,calibration_ablation_results,validation_max_step,238.0,238.0,0.0,False
1,raw_safe,52,Uncalibrated,calibration_ablation_results,validation_max_step,238.0,238.0,0.0,False
1,raw_safe,62,Isotonic,calibration_ablation_results,validation_max_step,238.0,238.0,0.0,False
1,raw_safe,62,Platt,calibration_ablation_results,validation_max_step,238.0,238.0,0.0,False
1,raw_safe,62,Uncalibrated,calibration_ablation_results,validation_max_step,238.0,238.0,0.0,False
1,raw_safe,72,Isotonic,calibration_ablation_results,validation_max_step,238.0,238.0,0.0,False
1,raw_safe,72,Platt,calibration_ablation_results,validation_max_step,238.0,238.0,0.0,False
1,raw_safe,72,Uncalibrated,calibration_ablation_results,validation_max_step,238.0,238.0,0.0,False
1,raw_safe,82,Isotonic,calibration_ablation_results,validation_max_step,238.0,238.0,0.0,False
1,raw_safe,82,Platt,calibration_ablation_results,validation_max_step,238.0,238.0,0.0,False
1,raw_safe,82,Uncalibrated,calibration_ablation_results,validation_max_step,238.0,238.0,0.0,False
1,recipient_full_weight_2,42,Isotonic,calibration_ablation_results,validation_max_step,238.0,238.0,0.0,False
1,recipient_full_weight_2,42,Platt,calibration_ablation_results,validation_max_step,238.0,238.0,0.0,False
1,recipient_full_weight_2,42,Uncalibrated,calibration_ablation_results,validation_max_step,238.0,238.0,0.0,False
1,recipient_full_weight_2,52,Isotonic,calibration_ablation_results,validation_max_step,238.0,238.0,0.0,False
1,recipient_full_weight_2,52,Platt,calibration_ablation_results,validation_max_step,238.0,238.0,0.0,False
1,recipient_full_weight_2,52,Uncalibrated,calibration_ablation_results,validation_max_step,238.0,238.0,0.0,False
1,recipient_full_weight_2,62,Isotonic,calibration_ablation_results,validation_max_step,238.0,238.0,0.0,False
1,recipient_full_weight_2,62,Platt,calibration_ablation_results,validation_max_step,238.0,238.0,0.0,False
1,recipient_full_weight_2,62,Uncalibrated,calibration_ablation_results,validation_max_step,238.0,238.0,0.0,False
1,recipient_full_weight_2,72,Isotonic,calibration_ablation_results,validation_max_step,238.0,238.0,0.0,False
1,recipient_full_weight_2,72,Platt,calibration_ablation_results,validation_max_step,238.0,238.0,0.0,False
1,recipient_full_weight_2,72,Uncalibrated,calibration_ablation_results,validation_max_step,238.0,238.0,0.0,False
1,recipient_full_weight_2,82,Isotonic,calibration_ablation_results,validation_max_step,238.0,238.0,0.0,False
1,recipient_full_weight_2,82,Platt,calibration_ablation_results,validation_max_step,238.0,238.0,0.0,False
1,recipient_full_weight_2,82,Uncalibrated,calibration_ablation_results,validation_max_step,238.0,238.0,0.0,False
2,raw_safe,42,Isotonic,calibration_ablation_results,validation_max_step,323.0,323.0,0.0,False
2,raw_safe,42,Platt,calibration_ablation_results,validation_max_step,323.0,323.0,0.0,False
2,raw_safe,42,Uncalibrated,calibration_ablation_results,validation_max_step,323.0,323.0,0.0,False
2,raw_safe,52,Isotonic,calibration_ablation_results,validation_max_step,323.0,323.0,0.0,False
2,raw_safe,52,Platt,calibration_ablation_results,validation_max_step,323.0,323.0,0.0,False
2,raw_safe,52,Uncalibrated,calibration_ablation_results,validation_max_step,323.0,323.0,0.0,False
2,raw_safe,62,Isotonic,calibration_ablation_results,validation_max_step,323.0,323.0,0.0,False
2,raw_safe,62,Platt,calibration_ablation_results,validation_max_step,323.0,323.0,0.0,False
2,raw_safe,62,Uncalibrated,calibration_ablation_results,validation_max_step,323.0,323.0,0.0,False
2,raw_safe,72,Isotonic,calibration_ablation_results,validation_max_step,323.0,323.0,0.0,False
2,raw_safe,72,Platt,calibration_ablation_results,validation_max_step,323.0,323.0,0.0,False
2,raw_safe,72,Uncalibrated,calibration_ablation_results,validation_max_step,323.0,323.0,0.0,False
2,raw_safe,82,Isotonic,calibration_ablation_results,validation_max_step,323.0,323.0,0.0,False
2,raw_safe,82,Platt,calibration_ablation_results,validation_max_step,323.0,323.0,0.0,False
2,raw_safe,82,Uncalibrated,calibration_ablation_results,validation_max_step,323.0,323.0,0.0,False
2,recipient_full_weight_2,42,Isotonic,calibration_ablation_results,validation_max_step,323.0,323.0,0.0,False
2,recipient_full_weight_2,42,Platt,calibration_ablation_results,validation_max_step,323.0,323.0,0.0,False
2,recipient_full_weight_2,42,Uncalibrated,calibration_ablation_results,validation_max_step,323.0,323.0,0.0,False
2,recipient_full_weight_2,52,Isotonic,calibration_ablation_results,validation_max_step,323.0,323.0,0.0,False
2,recipient_full_weight_2,52,Platt,calibration_ablation_results,validation_max_step,323.0,323.0,0.0,False
2,recipient_full_weight_2,52,Uncalibrated,calibration_ablation_results,validation_max_step,323.0,323.0,0.0,False
2,recipient_full_weight_2,62,Isotonic,calibration_ablation_results,validation_max_step,323.0,323.0,0.0,False
2,recipient_full_weight_2,62,Platt,calibration_ablation_results,validation_max_step,323.0,323.0,0.0,False
2,recipient_full_weight_2,62,Uncalibrated,calibration_ablation_results,validation_max_step,323.0,323.0,0.0,False
2,recipient_full_weight_2,72,Isotonic,calibration_ablation_results,validation_max_step,323.0,323.0,0.0,False
2,recipient_full_weight_2,72,Platt,calibration_ablation_results,validation_max_step,323.0,323.0,0.0,False
2,recipient_full_weight_2,72,Uncalibrated,calibration_ablation_results,validation_max_step,323.0,323.0,0.0,False
2,recipient_full_weight_2,82,Isotonic,calibration_ablation_results,validation_max_step,323.0,323.0,0.0,False
2,recipient_full_weight_2,82,Platt,calibration_ablation_results,validation_max_step,323.0,323.0,0.0,False
2,recipient_full_weight_2,82,Uncalibrated,calibration_ablation_results,validation_max_step,323.0,323.0,0.0,False
3,raw_safe,42,Isotonic,calibration_ablation_results,validation_max_step,398.0,398.0,0.0,False
3,raw_safe,42,Platt,calibration_ablation_results,validation_max_step,398.0,398.0,0.0,False
3,raw_safe,42,Uncalibrated,calibration_ablation_results,validation_max_step,398.0,398.0,0.0,False
3,raw_safe,52,Isotonic,calibration_ablation_results,validation_max_step,398.0,398.0,0.0,False
3,raw_safe,52,Platt,calibration_ablation_results,validation_max_step,398.0,398.0,0.0,False
3,raw_safe,52,Uncalibrated,calibration_ablation_results,validation_max_step,398.0,398.0,0.0,False
3,raw_safe,62,Isotonic,calibration_ablation_results,validation_max_step,398.0,398.0,0.0,False
3,raw_safe,62,Platt,calibration_ablation_results,validation_max_step,398.0,398.0,0.0,False
3,raw_safe,62,Uncalibrated,calibration_ablation_results,validation_max_step,398.0,398.0,0.0,False
3,raw_safe,72,Isotonic,calibration_ablation_results,validation_max_step,398.0,398.0,0.0,False
3,raw_safe,72,Platt,calibration_ablation_results,validation_max_step,398.0,398.0,0.0,False
3,raw_safe,72,Uncalibrated,calibration_ablation_results,validation_max_step,398.0,398.0,0.0,False
3,raw_safe,82,Isotonic,calibration_ablation_results,validation_max_step,398.0,398.0,0.0,False
3,raw_safe,82,Platt,calibration_ablation_results,validation_max_step,398.0,398.0,0.0,False
3,raw_safe,82,Uncalibrated,calibration_ablation_results,validation_max_step,398.0,398.0,0.0,False
3,recipient_full_weight_2,42,Isotonic,calibration_ablation_results,validation_max_step,398.0,398.0,0.0,False
3,recipient_full_weight_2,42,Platt,calibration_ablation_results,validation_max_step,398.0,398.0,0.0,False
3,recipient_full_weight_2,42,Uncalibrated,calibration_ablation_results,validation_max_step,398.0,398.0,0.0,False
3,recipient_full_weight_2,52,Isotonic,calibration_ablation_results,validation_max_step,398.0,398.0,0.0,False
3,recipient_full_weight_2,52,Platt,calibration_ablation_results,validation_max_step,398.0,398.0,0.0,False
3,recipient_full_weight_2,52,Uncalibrated,calibration_ablation_results,validation_max_step,398.0,398.0,0.0,False
3,recipient_full_weight_2,62,Isotonic,calibration_ablation_results,validation_max_step,398.0,398.0,0.0,False
3,recipient_full_weight_2,62,Platt,calibration_ablation_results,validation_max_step,398.0,398.0,0.0,False
3,recipient_full_weight_2,62,Uncalibrated,calibration_ablation_results,validation_max_step,398.0,398.0,0.0,False
3,recipient_full_weight_2,72,Isotonic,calibration_ablation_results,validation_max_step,398.0,398.0,0.0,False
3,recipient_full_weight_2,72,Platt,calibration_ablation_results,validation_max_step,398.0,398.0,0.0,False
3,recipient_full_weight_2,72,Uncalibrated,calibration_ablation_results,validation_max_step,398.0,398.0,0.0,False
3,recipient_full_weight_2,82,Isotonic,calibration_ablation_results,validation_max_step,398.0,398.0,0.0,False
3,recipient_full_weight_2,82,Platt,calibration_ablation_results,validation_max_step,398.0,398.0,0.0,False
3,recipient_full_weight_2,82,Uncalibrated,calibration_ablation_results,validation_max_step,398.0,398.0,0.0,False
1,raw_safe,42,Isotonic,calibration_ablation_results,test_min_step,239.0,239.0,0.0,False
1,raw_safe,42,Platt,calibration_ablation_results,test_min_step,239.0,239.0,0.0,False
1,raw_safe,42,Uncalibrated,calibration_ablation_results,test_min_step,239.0,239.0,0.0,False
1,raw_safe,52,Isotonic,calibration_ablation_results,test_min_step,239.0,239.0,0.0,False
1,raw_safe,52,Platt,calibration_ablation_results,test_min_step,239.0,239.0,0.0,False
1,raw_safe,52,Uncalibrated,calibration_ablation_results,test_min_step,239.0,239.0,0.0,False
1,raw_safe,62,Isotonic,calibration_ablation_results,test_min_step,239.0,239.0,0.0,False
1,raw_safe,62,Platt,calibration_ablation_results,test_min_step,239.0,239.0,0.0,False
1,raw_safe,62,Uncalibrated,calibration_ablation_results,test_min_step,239.0,239.0,0.0,False
1,raw_safe,72,Isotonic,calibration_ablation_results,test_min_step,239.0,239.0,0.0,False
1,raw_safe,72,Platt,calibration_ablation_results,test_min_step,239.0,239.0,0.0,False
1,raw_safe,72,Uncalibrated,calibration_ablation_results,test_min_step,239.0,239.0,0.0,False
1,raw_safe,82,Isotonic,calibration_ablation_results,test_min_step,239.0,239.0,0.0,False
1,raw_safe,82,Platt,calibration_ablation_results,test_min_step,239.0,239.0,0.0,False
1,raw_safe,82,Uncalibrated,calibration_ablation_results,test_min_step,239.0,239.0,0.0,False
1,recipient_full_weight_2,42,Isotonic,calibration_ablation_results,test_min_step,239.0,239.0,0.0,False
1,recipient_full_weight_2,42,Platt,calibration_ablation_results,test_min_step,239.0,239.0,0.0,False
1,recipient_full_weight_2,42,Uncalibrated,calibration_ablation_results,test_min_step,239.0,239.0,0.0,False
1,recipient_full_weight_2,52,Isotonic,calibration_ablation_results,test_min_step,239.0,239.0,0.0,False
1,recipient_full_weight_2,52,Platt,calibration_ablation_results,test_min_step,239.0,239.0,0.0,False
1,recipient_full_weight_2,52,Uncalibrated,calibration_ablation_results,test_min_step,239.0,239.0,0.0,False
1,recipient_full_weight_2,62,Isotonic,calibration_ablation_results,test_min_step,239.0,239.0,0.0,False
1,recipient_full_weight_2,62,Platt,calibration_ablation_results,test_min_step,239.0,239.0,0.0,False
1,recipient_full_weight_2,62,Uncalibrated,calibration_ablation_results,test_min_step,239.0,239.0,0.0,False
1,recipient_full_weight_2,72,Isotonic,calibration_ablation_results,test_min_step,239.0,239.0,0.0,False
1,recipient_full_weight_2,72,Platt,calibration_ablation_results,test_min_step,239.0,239.0,0.0,False
1,recipient_full_weight_2,72,Uncalibrated,calibration_ablation_results,test_min_step,239.0,239.0,0.0,False
1,recipient_full_weight_2,82,Isotonic,calibration_ablation_results,test_min_step,239.0,239.0,0.0,False
1,recipient_full_weight_2,82,Platt,calibration_ablation_results,test_min_step,239.0,239.0,0.0,False
1,recipient_full_weight_2,82,Uncalibrated,calibration_ablation_results,test_min_step,239.0,239.0,0.0,False
2,raw_safe,42,Isotonic,calibration_ablation_results,test_min_step,324.0,324.0,0.0,False
2,raw_safe,42,Platt,calibration_ablation_results,test_min_step,324.0,324.0,0.0,False
2,raw_safe,42,Uncalibrated,calibration_ablation_results,test_min_step,324.0,324.0,0.0,False
2,raw_safe,52,Isotonic,calibration_ablation_results,test_min_step,324.0,324.0,0.0,False
2,raw_safe,52,Platt,calibration_ablation_results,test_min_step,324.0,324.0,0.0,False
2,raw_safe,52,Uncalibrated,calibration_ablation_results,test_min_step,324.0,324.0,0.0,False
2,raw_safe,62,Isotonic,calibration_ablation_results,test_min_step,324.0,324.0,0.0,False
2,raw_safe,62,Platt,calibration_ablation_results,test_min_step,324.0,324.0,0.0,False
2,raw_safe,62,Uncalibrated,calibration_ablation_results,test_min_step,324.0,324.0,0.0,False
2,raw_safe,72,Isotonic,calibration_ablation_results,test_min_step,324.0,324.0,0.0,False
2,raw_safe,72,Platt,calibration_ablation_results,test_min_step,324.0,324.0,0.0,False
2,raw_safe,72,Uncalibrated,calibration_ablation_results,test_min_step,324.0,324.0,0.0,False
2,raw_safe,82,Isotonic,calibration_ablation_results,test_min_step,324.0,324.0,0.0,False
2,raw_safe,82,Platt,calibration_ablation_results,test_min_step,324.0,324.0,0.0,False
2,raw_safe,82,Uncalibrated,calibration_ablation_results,test_min_step,324.0,324.0,0.0,False
2,recipient_full_weight_2,42,Isotonic,calibration_ablation_results,test_min_step,324.0,324.0,0.0,False
2,recipient_full_weight_2,42,Platt,calibration_ablation_results,test_min_step,324.0,324.0,0.0,False
2,recipient_full_weight_2,42,Uncalibrated,calibration_ablation_results,test_min_step,324.0,324.0,0.0,False
2,recipient_full_weight_2,52,Isotonic,calibration_ablation_results,test_min_step,324.0,324.0,0.0,False
2,recipient_full_weight_2,52,Platt,calibration_ablation_results,test_min_step,324.0,324.0,0.0,False
2,recipient_full_weight_2,52,Uncalibrated,calibration_ablation_results,test_min_step,324.0,324.0,0.0,False
2,recipient_full_weight_2,62,Isotonic,calibration_ablation_results,test_min_step,324.0,324.0,0.0,False
2,recipient_full_weight_2,62,Platt,calibration_ablation_results,test_min_step,324.0,324.0,0.0,False
2,recipient_full_weight_2,62,Uncalibrated,calibration_ablation_results,test_min_step,324.0,324.0,0.0,False
2,recipient_full_weight_2,72,Isotonic,calibration_ablation_results,test_min_step,324.0,324.0,0.0,False
2,recipient_full_weight_2,72,Platt,calibration_ablation_results,test_min_step,324.0,324.0,0.0,False
2,recipient_full_weight_2,72,Uncalibrated,calibration_ablation_results,test_min_step,324.0,324.0,0.0,False
2,recipient_full_weight_2,82,Isotonic,calibration_ablation_results,test_min_step,324.0,324.0,0.0,False
2,recipient_full_weight_2,82,Platt,calibration_ablation_results,test_min_step,324.0,324.0,0.0,False
2,recipient_full_weight_2,82,Uncalibrated,calibration_ablation_results,test_min_step,324.0,324.0,0.0,False
3,raw_safe,42,Isotonic,calibration_ablation_results,test_min_step,399.0,399.0,0.0,False
3,raw_safe,42,Platt,calibration_ablation_results,test_min_step,399.0,399.0,0.0,False
3,raw_safe,42,Uncalibrated,calibration_ablation_results,test_min_step,399.0,399.0,0.0,False
3,raw_safe,52,Isotonic,calibration_ablation_results,test_min_step,399.0,399.0,0.0,False
3,raw_safe,52,Platt,calibration_ablation_results,test_min_step,399.0,399.0,0.0,False
3,raw_safe,52,Uncalibrated,calibration_ablation_results,test_min_step,399.0,399.0,0.0,False
3,raw_safe,62,Isotonic,calibration_ablation_results,test_min_step,399.0,399.0,0.0,False
3,raw_safe,62,Platt,calibration_ablation_results,test_min_step,399.0,399.0,0.0,False
3,raw_safe,62,Uncalibrated,calibration_ablation_results,test_min_step,399.0,399.0,0.0,False
3,raw_safe,72,Isotonic,calibration_ablation_results,test_min_step,399.0,399.0,0.0,False
3,raw_safe,72,Platt,calibration_ablation_results,test_min_step,399.0,399.0,0.0,False
3,raw_safe,72,Uncalibrated,calibration_ablation_results,test_min_step,399.0,399.0,0.0,False
3,raw_safe,82,Isotonic,calibration_ablation_results,test_min_step,399.0,399.0,0.0,False
3,raw_safe,82,Platt,calibration_ablation_results,test_min_step,399.0,399.0,0.0,False
3,raw_safe,82,Uncalibrated,calibration_ablation_results,test_min_step,399.0,399.0,0.0,False
3,recipient_full_weight_2,42,Isotonic,calibration_ablation_results,test_min_step,399.0,399.0,0.0,False
3,recipient_full_weight_2,42,Platt,calibration_ablation_results,test_min_step,399.0,399.0,0.0,False
3,recipient_full_weight_2,42,Uncalibrated,calibration_ablation_results,test_min_step,399.0,399.0,0.0,False
3,recipient_full_weight_2,52,Isotonic,calibration_ablation_results,test_min_step,399.0,399.0,0.0,False
3,recipient_full_weight_2,52,Platt,calibration_ablation_results,test_min_step,399.0,399.0,0.0,False
3,recipient_full_weight_2,52,Uncalibrated,calibration_ablation_results,test_min_step,399.0,399.0,0.0,False
3,recipient_full_weight_2,62,Isotonic,calibration_ablation_results,test_min_step,399.0,399.0,0.0,False
3,recipient_full_weight_2,62,Platt,calibration_ablation_results,test_min_step,399.0,399.0,0.0,False
3,recipient_full_weight_2,62,Uncalibrated,calibration_ablation_results,test_min_step,399.0,399.0,0.0,False
3,recipient_full_weight_2,72,Isotonic,calibration_ablation_results,test_min_step,399.0,399.0,0.0,False
3,recipient_full_weight_2,72,Platt,calibration_ablation_results,test_min_step,399.0,399.0,0.0,False
3,recipient_full_weight_2,72,Uncalibrated,calibration_ablation_results,test_min_step,399.0,399.0,0.0,False
3,recipient_full_weight_2,82,Isotonic,calibration_ablation_results,test_min_step,399.0,399.0,0.0,False
3,recipient_full_weight_2,82,Platt,calibration_ablation_results,test_min_step,399.0,399.0,0.0,False
3,recipient_full_weight_2,82,Uncalibrated,calibration_ablation_results,test_min_step,399.0,399.0,0.0,False
1,raw_safe,42,Isotonic,calibration_ablation_results,test_max_step,281.0,281.0,0.0,False
1,raw_safe,42,Platt,calibration_ablation_results,test_max_step,281.0,281.0,0.0,False
1,raw_safe,42,Uncalibrated,calibration_ablation_results,test_max_step,281.0,281.0,0.0,False
1,raw_safe,52,Isotonic,calibration_ablation_results,test_max_step,281.0,281.0,0.0,False
1,raw_safe,52,Platt,calibration_ablation_results,test_max_step,281.0,281.0,0.0,False
1,raw_safe,52,Uncalibrated,calibration_ablation_results,test_max_step,281.0,281.0,0.0,False
1,raw_safe,62,Isotonic,calibration_ablation_results,test_max_step,281.0,281.0,0.0,False
1,raw_safe,62,Platt,calibration_ablation_results,test_max_step,281.0,281.0,0.0,False
1,raw_safe,62,Uncalibrated,calibration_ablation_results,test_max_step,281.0,281.0,0.0,False
1,raw_safe,72,Isotonic,calibration_ablation_results,test_max_step,281.0,281.0,0.0,False
1,raw_safe,72,Platt,calibration_ablation_results,test_max_step,281.0,281.0,0.0,False
1,raw_safe,72,Uncalibrated,calibration_ablation_results,test_max_step,281.0,281.0,0.0,False
1,raw_safe,82,Isotonic,calibration_ablation_results,test_max_step,281.0,281.0,0.0,False
1,raw_safe,82,Platt,calibration_ablation_results,test_max_step,281.0,281.0,0.0,False
1,raw_safe,82,Uncalibrated,calibration_ablation_results,test_max_step,281.0,281.0,0.0,False
1,recipient_full_weight_2,42,Isotonic,calibration_ablation_results,test_max_step,281.0,281.0,0.0,False
1,recipient_full_weight_2,42,Platt,calibration_ablation_results,test_max_step,281.0,281.0,0.0,False
1,recipient_full_weight_2,42,Uncalibrated,calibration_ablation_results,test_max_step,281.0,281.0,0.0,False
1,recipient_full_weight_2,52,Isotonic,calibration_ablation_results,test_max_step,281.0,281.0,0.0,False
1,recipient_full_weight_2,52,Platt,calibration_ablation_results,test_max_step,281.0,281.0,0.0,False
1,recipient_full_weight_2,52,Uncalibrated,calibration_ablation_results,test_max_step,281.0,281.0,0.0,False
1,recipient_full_weight_2,62,Isotonic,calibration_ablation_results,test_max_step,281.0,281.0,0.0,False
1,recipient_full_weight_2,62,Platt,calibration_ablation_results,test_max_step,281.0,281.0,0.0,False
1,recipient_full_weight_2,62,Uncalibrated,calibration_ablation_results,test_max_step,281.0,281.0,0.0,False
1,recipient_full_weight_2,72,Isotonic,calibration_ablation_results,test_max_step,281.0,281.0,0.0,False
1,recipient_full_weight_2,72,Platt,calibration_ablation_results,test_max_step,281.0,281.0,0.0,False
1,recipient_full_weight_2,72,Uncalibrated,calibration_ablation_results,test_max_step,281.0,281.0,0.0,False
1,recipient_full_weight_2,82,Isotonic,calibration_ablation_results,test_max_step,281.0,281.0,0.0,False
1,recipient_full_weight_2,82,Platt,calibration_ablation_results,test_max_step,281.0,281.0,0.0,False
1,recipient_full_weight_2,82,Uncalibrated,calibration_ablation_results,test_max_step,281.0,281.0,0.0,False
2,raw_safe,42,Isotonic,calibration_ablation_results,test_max_step,354.0,354.0,0.0,False
2,raw_safe,42,Platt,calibration_ablation_results,test_max_step,354.0,354.0,0.0,False
2,raw_safe,42,Uncalibrated,calibration_ablation_results,test_max_step,354.0,354.0,0.0,False
2,raw_safe,52,Isotonic,calibration_ablation_results,test_max_step,354.0,354.0,0.0,False
2,raw_safe,52,Platt,calibration_ablation_results,test_max_step,354.0,354.0,0.0,False
2,raw_safe,52,Uncalibrated,calibration_ablation_results,test_max_step,354.0,354.0,0.0,False
2,raw_safe,62,Isotonic,calibration_ablation_results,test_max_step,354.0,354.0,0.0,False
2,raw_safe,62,Platt,calibration_ablation_results,test_max_step,354.0,354.0,0.0,False
2,raw_safe,62,Uncalibrated,calibration_ablation_results,test_max_step,354.0,354.0,0.0,False
2,raw_safe,72,Isotonic,calibration_ablation_results,test_max_step,354.0,354.0,0.0,False
2,raw_safe,72,Platt,calibration_ablation_results,test_max_step,354.0,354.0,0.0,False
2,raw_safe,72,Uncalibrated,calibration_ablation_results,test_max_step,354.0,354.0,0.0,False
2,raw_safe,82,Isotonic,calibration_ablation_results,test_max_step,354.0,354.0,0.0,False
2,raw_safe,82,Platt,calibration_ablation_results,test_max_step,354.0,354.0,0.0,False
2,raw_safe,82,Uncalibrated,calibration_ablation_results,test_max_step,354.0,354.0,0.0,False
2,recipient_full_weight_2,42,Isotonic,calibration_ablation_results,test_max_step,354.0,354.0,0.0,False
2,recipient_full_weight_2,42,Platt,calibration_ablation_results,test_max_step,354.0,354.0,0.0,False
2,recipient_full_weight_2,42,Uncalibrated,calibration_ablation_results,test_max_step,354.0,354.0,0.0,False
2,recipient_full_weight_2,52,Isotonic,calibration_ablation_results,test_max_step,354.0,354.0,0.0,False
2,recipient_full_weight_2,52,Platt,calibration_ablation_results,test_max_step,354.0,354.0,0.0,False
2,recipient_full_weight_2,52,Uncalibrated,calibration_ablation_results,test_max_step,354.0,354.0,0.0,False
2,recipient_full_weight_2,62,Isotonic,calibration_ablation_results,test_max_step,354.0,354.0,0.0,False
2,recipient_full_weight_2,62,Platt,calibration_ablation_results,test_max_step,354.0,354.0,0.0,False
2,recipient_full_weight_2,62,Uncalibrated,calibration_ablation_results,test_max_step,354.0,354.0,0.0,False
2,recipient_full_weight_2,72,Isotonic,calibration_ablation_results,test_max_step,354.0,354.0,0.0,False
2,recipient_full_weight_2,72,Platt,calibration_ablation_results,test_max_step,354.0,354.0,0.0,False
2,recipient_full_weight_2,72,Uncalibrated,calibration_ablation_results,test_max_step,354.0,354.0,0.0,False
2,recipient_full_weight_2,82,Isotonic,calibration_ablation_results,test_max_step,354.0,354.0,0.0,False
2,recipient_full_weight_2,82,Platt,calibration_ablation_results,test_max_step,354.0,354.0,0.0,False
2,recipient_full_weight_2,82,Uncalibrated,calibration_ablation_results,test_max_step,354.0,354.0,0.0,False
3,raw_safe,42,Isotonic,calibration_ablation_results,test_max_step,743.0,743.0,0.0,False
3,raw_safe,42,Platt,calibration_ablation_results,test_max_step,743.0,743.0,0.0,False
3,raw_safe,42,Uncalibrated,calibration_ablation_results,test_max_step,743.0,743.0,0.0,False
3,raw_safe,52,Isotonic,calibration_ablation_results,test_max_step,743.0,743.0,0.0,False
3,raw_safe,52,Platt,calibration_ablation_results,test_max_step,743.0,743.0,0.0,False
3,raw_safe,52,Uncalibrated,calibration_ablation_results,test_max_step,743.0,743.0,0.0,False
3,raw_safe,62,Isotonic,calibration_ablation_results,test_max_step,743.0,743.0,0.0,False
3,raw_safe,62,Platt,calibration_ablation_results,test_max_step,743.0,743.0,0.0,False
3,raw_safe,62,Uncalibrated,calibration_ablation_results,test_max_step,743.0,743.0,0.0,False
3,raw_safe,72,Isotonic,calibration_ablation_results,test_max_step,743.0,743.0,0.0,False
3,raw_safe,72,Platt,calibration_ablation_results,test_max_step,743.0,743.0,0.0,False
3,raw_safe,72,Uncalibrated,calibration_ablation_results,test_max_step,743.0,743.0,0.0,False
3,raw_safe,82,Isotonic,calibration_ablation_results,test_max_step,743.0,743.0,0.0,False
3,raw_safe,82,Platt,calibration_ablation_results,test_max_step,743.0,743.0,0.0,False
3,raw_safe,82,Uncalibrated,calibration_ablation_results,test_max_step,743.0,743.0,0.0,False
3,recipient_full_weight_2,42,Isotonic,calibration_ablation_results,test_max_step,743.0,743.0,0.0,False
3,recipient_full_weight_2,42,Platt,calibration_ablation_results,test_max_step,743.0,743.0,0.0,False
3,recipient_full_weight_2,42,Uncalibrated,calibration_ablation_results,test_max_step,743.0,743.0,0.0,False
3,recipient_full_weight_2,52,Isotonic,calibration_ablation_results,test_max_step,743.0,743.0,0.0,False
3,recipient_full_weight_2,52,Platt,calibration_ablation_results,test_max_step,743.0,743.0,0.0,False
3,recipient_full_weight_2,52,Uncalibrated,calibration_ablation_results,test_max_step,743.0,743.0,0.0,False
3,recipient_full_weight_2,62,Isotonic,calibration_ablation_results,test_max_step,743.0,743.0,0.0,False
3,recipient_full_weight_2,62,Platt,calibration_ablation_results,test_max_step,743.0,743.0,0.0,False
3,recipient_full_weight_2,62,Uncalibrated,calibration_ablation_results,test_max_step,743.0,743.0,0.0,False
3,recipient_full_weight_2,72,Isotonic,calibration_ablation_results,test_max_step,743.0,743.0,0.0,False
3,recipient_full_weight_2,72,Platt,calibration_ablation_results,test_max_step,743.0,743.0,0.0,False
3,recipient_full_weight_2,72,Uncalibrated,calibration_ablation_results,test_max_step,743.0,743.0,0.0,False
3,recipient_full_weight_2,82,Isotonic,calibration_ablation_results,test_max_step,743.0,743.0,0.0,False
3,recipient_full_weight_2,82,Platt,calibration_ablation_results,test_max_step,743.0,743.0,0.0,False
3,recipient_full_weight_2,82,Uncalibrated,calibration_ablation_results,test_max_step,743.0,743.0,0.0,False
1,raw_safe,42,Isotonic,calibration_ablation_results,test_probability_p99,0.007183908045977011,0.004307733728208927,-0.002876174317768084,True
1,raw_safe,42,Platt,calibration_ablation_results,test_probability_p99,0.005934352532268981,0.003330094505007456,-0.002604258027261525,True
1,raw_safe,42,Uncalibrated,calibration_ablation_results,test_probability_p99,0.003877514966457205,0.0027393956893403816,-0.0011381192771168233,True
1,raw_safe,52,Isotonic,calibration_ablation_results,test_probability_p99,0.007789827401863449,0.007605559926567008,-0.0001842674752964412,True
1,raw_safe,52,Platt,calibration_ablation_results,test_probability_p99,0.00423920339416227,0.005185313712292,0.00094611031812973,True
1,raw_safe,52,Uncalibrated,calibration_ablation_results,test_probability_p99,0.004711714703467551,0.005579534152737977,0.0008678194492704261,True
1,raw_safe,62,Isotonic,calibration_ablation_results,test_probability_p99,0.004830917874396135,0.008572193945888026,0.0037412760714918914,True
1,raw_safe,62,Platt,calibration_ablation_results,test_probability_p99,0.008571265902391122,0.007997334564064925,-0.0005739313383261967,True
1,raw_safe,62,Uncalibrated,calibration_ablation_results,test_probability_p99,0.006446109407268861,0.005680851510705794,-0.0007652578965630669,True
1,raw_safe,72,Isotonic,calibration_ablation_results,test_probability_p99,0.004329948289826179,0.003802427408204025,-0.0005275208816221538,True
1,raw_safe,72,Platt,calibration_ablation_results,test_probability_p99,0.004107666967154497,0.003043495179626663,-0.0010641717875278342,True
1,raw_safe,72,Uncalibrated,calibration_ablation_results,test_probability_p99,0.005138625387052693,0.00445176896235659,-0.0006868564246961025,True
1,raw_safe,82,Isotonic,calibration_ablation_results,test_probability_p99,0.004214033712269696,0.005842593653339443,0.0016285599410697472,True
1,raw_safe,82,Platt,calibration_ablation_results,test_probability_p99,0.004726007933421766,0.006304782244182417,0.0015787743107606505,True
1,raw_safe,82,Uncalibrated,calibration_ablation_results,test_probability_p99,0.004207104565170643,0.004883716032195557,0.0006766114670249141,True
1,recipient_full_weight_2,42,Isotonic,calibration_ablation_results,test_probability_p99,0.02247191011235955,0.015717092337917484,-0.006754817774442066,True
1,recipient_full_weight_2,42,Platt,calibration_ablation_results,test_probability_p99,0.0021493850435619615,0.0024428457002857226,0.00029346065672376104,True
1,recipient_full_weight_2,42,Uncalibrated,calibration_ablation_results,test_probability_p99,0.009920313573344362,0.015222260688218131,0.00530194711487377,True
1,recipient_full_weight_2,52,Isotonic,calibration_ablation_results,test_probability_p99,0.01634877384196185,0.015313935681470138,-0.0010348381604917134,True
1,recipient_full_weight_2,52,Platt,calibration_ablation_results,test_probability_p99,0.002578634838890541,0.0018294218537216538,-0.0007492129851688872,True
1,recipient_full_weight_2,52,Uncalibrated,calibration_ablation_results,test_probability_p99,0.012846452586168525,0.01176831728076014,-0.0010781353054083852,True
1,recipient_full_weight_2,62,Isotonic,calibration_ablation_results,test_probability_p99,0.011589403973509934,0.013370473537604457,0.0017810695640945225,True
1,recipient_full_weight_2,62,Platt,calibration_ablation_results,test_probability_p99,0.0023387949621638425,0.002646785378563816,0.0003079904163999737,True
1,recipient_full_weight_2,62,Uncalibrated,calibration_ablation_results,test_probability_p99,0.012173714607311056,0.019534617499772644,0.007360902892461588,True
1,recipient_full_weight_2,72,Isotonic,calibration_ablation_results,test_probability_p99,0.021215830273357814,0.01090909090909091,-0.010306739364266904,True
1,recipient_full_weight_2,72,Platt,calibration_ablation_results,test_probability_p99,0.0031291880514800322,0.003733153240851108,0.0006039651893710758,True
1,recipient_full_weight_2,72,Uncalibrated,calibration_ablation_results,test_probability_p99,0.019433224064364492,0.013103797657782454,-0.006329426406582038,True
1,recipient_full_weight_2,82,Isotonic,calibration_ablation_results,test_probability_p99,0.015636105188343994,0.01607717041800643,0.0004410652296624358,True
1,recipient_full_weight_2,82,Platt,calibration_ablation_results,test_probability_p99,0.0024729569981818953,0.002767197598437055,0.0002942406002551597,True
1,recipient_full_weight_2,82,Uncalibrated,calibration_ablation_results,test_probability_p99,0.010223954345257196,0.012388635607677516,0.0021646812624203197,True
2,raw_safe,42,Isotonic,calibration_ablation_results,test_probability_p99,0.004261111439900574,0.004655172413793103,0.000394060973892529,True
2,raw_safe,42,Platt,calibration_ablation_results,test_probability_p99,0.0056266374091291545,0.0070377722244402184,0.001411134815311064,True
2,raw_safe,42,Uncalibrated,calibration_ablation_results,test_probability_p99,0.012730501574526707,0.010238955935943858,-0.0024915456385828493,True
2,raw_safe,52,Isotonic,calibration_ablation_results,test_probability_p99,0.004736035659562613,0.005326876513317191,0.0005908408537545779,True
2,raw_safe,52,Platt,calibration_ablation_results,test_probability_p99,0.005849082053973855,0.003633692564176202,-0.0022153894897976533,True
2,raw_safe,52,Uncalibrated,calibration_ablation_results,test_probability_p99,0.010140515758016111,0.010861851885932663,0.0007213361279165519,True
2,raw_safe,62,Isotonic,calibration_ablation_results,test_probability_p99,0.005256395280925126,0.0037622028346252392,-0.0014941924462998865,True
2,raw_safe,62,Platt,calibration_ablation_results,test_probability_p99,0.007500581933048473,0.0074242745301634095,-7.630740288506327e-05,True
2,raw_safe,62,Uncalibrated,calibration_ablation_results,test_probability_p99,0.01083923231429547,0.015117798474812956,0.004278566160517486,True
2,raw_safe,72,Isotonic,calibration_ablation_results,test_probability_p99,0.004668222740913638,0.005262264471227296,0.0005940417303136577,True
2,raw_safe,72,Platt,calibration_ablation_results,test_probability_p99,0.0074214922819526566,0.00949517380972725,0.002073681527774593,True
2,raw_safe,72,Uncalibrated,calibration_ablation_results,test_probability_p99,0.016505052565126986,0.014213659574151398,-0.0022913929909755878,True
2,raw_safe,82,Isotonic,calibration_ablation_results,test_probability_p99,0.004612736660929432,0.004667555724899981,5.48190639705487e-05,True
2,raw_safe,82,Platt,calibration_ablation_results,test_probability_p99,0.006971939994090477,0.005862542298543181,-0.0011093976955472967,True
2,raw_safe,82,Uncalibrated,calibration_ablation_results,test_probability_p99,0.010473896457727396,0.008252248119138708,-0.002221648338588688,True
2,recipient_full_weight_2,42,Isotonic,calibration_ablation_results,test_probability_p99,0.015810276679841896,0.018779342723004695,0.002969066043162799,True
2,recipient_full_weight_2,42,Platt,calibration_ablation_results,test_probability_p99,0.0013060225109074893,0.0029753220540691427,0.0016692995431616534,True
2,recipient_full_weight_2,42,Uncalibrated,calibration_ablation_results,test_probability_p99,0.010388347119873504,0.022170797387313607,0.011782450267440103,True
2,recipient_full_weight_2,52,Isotonic,calibration_ablation_results,test_probability_p99,0.014829142488716958,0.01277445109780439,-0.002054691390912567,True
2,recipient_full_weight_2,52,Platt,calibration_ablation_results,test_probability_p99,0.0014825964353422675,0.0009237175838350796,-0.000558878851507188,True
2,recipient_full_weight_2,52,Uncalibrated,calibration_ablation_results,test_probability_p99,0.01933655929900027,0.01087602311578982,-0.008460536183210448,True
2,recipient_full_weight_2,62,Isotonic,calibration_ablation_results,test_probability_p99,0.016194331983805668,0.019793459552495698,0.0035991275686900297,True
2,recipient_full_weight_2,62,Platt,calibration_ablation_results,test_probability_p99,0.0012049848578142748,0.0012278532060427325,2.2868348228457678e-05,True
2,recipient_full_weight_2,62,Uncalibrated,calibration_ablation_results,test_probability_p99,0.0183468719272755,0.01370387559892497,-0.004642996328350531,True
2,recipient_full_weight_2,72,Isotonic,calibration_ablation_results,test_probability_p99,0.022664455500276397,0.018698870276587457,-0.0039655852236889395,True
2,recipient_full_weight_2,72,Platt,calibration_ablation_results,test_probability_p99,0.0016138829965311253,0.0017844819541887869,0.0001705989576576616,True
2,recipient_full_weight_2,72,Uncalibrated,calibration_ablation_results,test_probability_p99,0.021778896237201497,0.1090062439987324,0.0872273477615309,True
2,recipient_full_weight_2,82,Isotonic,calibration_ablation_results,test_probability_p99,0.01845444059976932,0.019809523809523808,0.001355083209754488,True
2,recipient_full_weight_2,82,Platt,calibration_ablation_results,test_probability_p99,0.003136887175822644,0.001513020599453866,-0.0016238665763687779,True
2,recipient_full_weight_2,82,Uncalibrated,calibration_ablation_results,test_probability_p99,0.027540156175273243,0.021438342041743833,-0.00610181413352941,True
3,raw_safe,42,Isotonic,calibration_ablation_results,test_probability_p99,0.007877116975187082,0.006557377049180328,-0.0013197399260067542,True
3,raw_safe,42,Platt,calibration_ablation_results,test_probability_p99,0.0034128391596755744,0.00322260769410015,-0.00019023146557542447,True
3,raw_safe,42,Uncalibrated,calibration_ablation_results,test_probability_p99,0.003963339910887133,0.002996960706185088,-0.0009663792047020447,True
3,raw_safe,52,Isotonic,calibration_ablation_results,test_probability_p99,0.006233303650934996,0.008771929824561403,0.002538626173626407,True
3,raw_safe,52,Platt,calibration_ablation_results,test_probability_p99,0.003141004713326619,0.003640437962649595,0.000499433249322976,True
3,raw_safe,52,Uncalibrated,calibration_ablation_results,test_probability_p99,0.003138034014331369,0.0037952693374163804,0.0006572353230850114,True
3,raw_safe,62,Isotonic,calibration_ablation_results,test_probability_p99,0.008739076154806492,0.00891492613346918,0.00017584997866268784,True
3,raw_safe,62,Platt,calibration_ablation_results,test_probability_p99,0.004278716240634821,0.003280074339473245,-0.0009986419011615761,True
3,raw_safe,62,Uncalibrated,calibration_ablation_results,test_probability_p99,0.0037362244923223736,0.003286088395432344,-0.0004501360968900297,True
3,raw_safe,72,Isotonic,calibration_ablation_results,test_probability_p99,0.007475970096119616,0.006267955079655263,-0.001208015016464353,True
3,raw_safe,72,Platt,calibration_ablation_results,test_probability_p99,0.00337081018400072,0.0033191229232958316,-5.168726070488858e-05,True
3,raw_safe,72,Uncalibrated,calibration_ablation_results,test_probability_p99,0.0034346929987553,0.0031674776648514943,-0.00026721533390380555,True
3,raw_safe,82,Isotonic,calibration_ablation_results,test_probability_p99,0.007953502600183543,0.006983240223463687,-0.0009702623767198562,True
3,raw_safe,82,Platt,calibration_ablation_results,test_probability_p99,0.0033862149790848187,0.0033560771983138994,-3.013778077091923e-05,True
3,raw_safe,82,Uncalibrated,calibration_ablation_results,test_probability_p99,0.003421084985063192,0.0035094829947837683,8.839800972057629e-05,True
3,recipient_full_weight_2,42,Isotonic,calibration_ablation_results,test_probability_p99,0.03233256351039261,0.20408163265306123,0.17174906914266863,True
3,recipient_full_weight_2,42,Platt,calibration_ablation_results,test_probability_p99,0.002790911696019379,0.04950469697726905,0.04671378528124967,True
3,recipient_full_weight_2,42,Uncalibrated,calibration_ablation_results,test_probability_p99,0.06978401115704663,0.550148718287941,0.48036470713089435,True
3,recipient_full_weight_2,52,Isotonic,calibration_ablation_results,test_probability_p99,0.6050955414012739,0.7913043478260869,0.18620880642481308,True
3,recipient_full_weight_2,52,Platt,calibration_ablation_results,test_probability_p99,0.5927881294092293,0.8041900097271338,0.21140188031790452,True
3,recipient_full_weight_2,52,Uncalibrated,calibration_ablation_results,test_probability_p99,1.0,1.0,0.0,False
3,recipient_full_weight_2,62,Isotonic,calibration_ablation_results,test_probability_p99,0.771078180889116,0.03225806451612903,-0.738820116372987,True
3,recipient_full_weight_2,62,Platt,calibration_ablation_results,test_probability_p99,0.8647757390900628,0.002626451427149402,-0.8621492876629133,True
3,recipient_full_weight_2,62,Uncalibrated,calibration_ablation_results,test_probability_p99,0.9999999999999303,0.07656444347607144,-0.9234355565238588,True
3,recipient_full_weight_2,72,Isotonic,calibration_ablation_results,test_probability_p99,0.42857142857142855,0.10655737704918032,-0.3220140515222482,True
3,recipient_full_weight_2,72,Platt,calibration_ablation_results,test_probability_p99,0.07590655218048899,0.0357667008275398,-0.04013985135294919,True
3,recipient_full_weight_2,72,Uncalibrated,calibration_ablation_results,test_probability_p99,0.7115109865274408,0.19895152551429765,-0.5125594610131432,True
3,recipient_full_weight_2,82,Isotonic,calibration_ablation_results,test_probability_p99,0.05793991416309014,0.6363636363636364,0.5784237222005462,True
3,recipient_full_weight_2,82,Platt,calibration_ablation_results,test_probability_p99,0.0339606482102406,0.9474199597246731,0.9134593115144325,True
3,recipient_full_weight_2,82,Uncalibrated,calibration_ablation_results,test_probability_p99,0.9276125947527232,0.9999999985761112,0.07238740382338804,True
1,raw_safe,42,Isotonic,calibration_ablation_results,test_probability_p999,0.007183908045977011,0.03773584905660377,0.030551941010626762,True
1,raw_safe,42,Platt,calibration_ablation_results,test_probability_p999,0.016652629988532747,0.011141540840514549,-0.005511089148018199,True
1,raw_safe,42,Uncalibrated,calibration_ablation_results,test_probability_p999,0.01890433863674118,0.03224437909844246,0.013340040461701279,True
1,raw_safe,52,Isotonic,calibration_ablation_results,test_probability_p999,0.007789827401863449,0.009708737864077669,0.0019189104622142203,True
1,raw_safe,52,Platt,calibration_ablation_results,test_probability_p999,0.010068690044675968,0.011107621848133747,0.0010389318034577794,True
1,raw_safe,52,Uncalibrated,calibration_ablation_results,test_probability_p999,0.03739255750153102,0.0315223514645946,-0.005870206036936415,True
1,raw_safe,62,Isotonic,calibration_ablation_results,test_probability_p999,0.00991150442477876,0.010309278350515464,0.00039777392573670314,True
1,raw_safe,62,Platt,calibration_ablation_results,test_probability_p999,0.03574444627511448,0.016899366913233124,-0.018845079361881355,True
1,raw_safe,62,Uncalibrated,calibration_ablation_results,test_probability_p999,0.05968362870744559,0.01848786722155059,-0.041195761485895,True
1,raw_safe,72,Isotonic,calibration_ablation_results,test_probability_p999,0.004329948289826179,0.0056,0.0012700517101738211,True
1,raw_safe,72,Platt,calibration_ablation_results,test_probability_p999,0.014288496203111923,0.005709867628491244,-0.008578628574620679,True
1,raw_safe,72,Uncalibrated,calibration_ablation_results,test_probability_p999,0.0838389461824058,0.026658457458150694,-0.0571804887242551,True
1,raw_safe,82,Isotonic,calibration_ablation_results,test_probability_p999,0.012761020881670533,0.0059665871121718375,-0.0067944337694986956,True
1,raw_safe,82,Platt,calibration_ablation_results,test_probability_p999,0.011470762731891812,0.028116429694507332,0.01664566696261552,True
1,raw_safe,82,Uncalibrated,calibration_ablation_results,test_probability_p999,0.02189187905843085,0.06832136919949296,0.04642949014106211,True
1,recipient_full_weight_2,42,Isotonic,calibration_ablation_results,test_probability_p999,0.041304347826086954,0.05581395348837209,0.014509605662285138,True
1,recipient_full_weight_2,42,Platt,calibration_ablation_results,test_probability_p999,0.008956738495635578,0.009350268436688689,0.00039352994105311054,True
1,recipient_full_weight_2,42,Uncalibrated,calibration_ablation_results,test_probability_p999,0.6912295323020184,0.6480887804708624,-0.043140751831156066,True
1,recipient_full_weight_2,52,Isotonic,calibration_ablation_results,test_probability_p999,0.029748283752860413,0.08505747126436781,0.0553091875115074,True
1,recipient_full_weight_2,52,Platt,calibration_ablation_results,test_probability_p999,0.006565729563301674,0.006665532115320523,9.980255201884943e-05,True
1,recipient_full_weight_2,52,Uncalibrated,calibration_ablation_results,test_probability_p999,0.14905087406764192,0.4733764754162702,0.3243256013486283,True
1,recipient_full_weight_2,62,Isotonic,calibration_ablation_results,test_probability_p999,0.026022304832713755,0.050808314087759814,0.02478600925504606,True
1,recipient_full_weight_2,62,Platt,calibration_ablation_results,test_probability_p999,0.006887396754060647,0.004852458148523122,-0.0020349386055375247,True
1,recipient_full_weight_2,62,Uncalibrated,calibration_ablation_results,test_probability_p999,0.1942354085471167,0.09659709455633055,-0.09763831399078617,True
1,recipient_full_weight_2,72,Isotonic,calibration_ablation_results,test_probability_p999,0.03684210526315789,0.046762589928057555,0.009920484664899663,True
1,recipient_full_weight_2,72,Platt,calibration_ablation_results,test_probability_p999,0.004043071377808473,0.006403543263529025,0.002360471885720552,True
1,recipient_full_weight_2,72,Uncalibrated,calibration_ablation_results,test_probability_p999,0.042189132932445673,0.05160979974089568,0.00942066680845001,True
1,recipient_full_weight_2,82,Isotonic,calibration_ablation_results,test_probability_p999,0.05102040816326531,0.048638132295719845,-0.0023822758675454622,True
1,recipient_full_weight_2,82,Platt,calibration_ablation_results,test_probability_p999,0.005948344905757151,0.008794963203170183,0.002846618297413032,True
1,recipient_full_weight_2,82,Uncalibrated,calibration_ablation_results,test_probability_p999,0.09372186239875485,0.2439431385078808,0.15022127610912595,True
2,raw_safe,42,Isotonic,calibration_ablation_results,test_probability_p999,0.004261111439900574,0.011347517730496455,0.007086406290595881,True
2,raw_safe,42,Platt,calibration_ablation_results,test_probability_p999,0.006551582082524096,0.012918898039311183,0.006367315956787086,True
2,raw_safe,42,Uncalibrated,calibration_ablation_results,test_probability_p999,0.01687040139336453,0.02401812631904802,0.007147724925683493,True
2,raw_safe,52,Isotonic,calibration_ablation_results,test_probability_p999,0.004736035659562613,0.010131108462455305,0.0053950728028926915,True
2,raw_safe,52,Platt,calibration_ablation_results,test_probability_p999,0.007316857222069378,0.0087013786865502,0.0013845214644808215,True
2,raw_safe,52,Uncalibrated,calibration_ablation_results,test_probability_p999,0.014821657517413647,0.09644310494550597,0.08162144742809233,True
2,raw_safe,62,Isotonic,calibration_ablation_results,test_probability_p999,0.005256395280925126,0.00665335994677312,0.0013969646658479945,True
2,raw_safe,62,Platt,calibration_ablation_results,test_probability_p999,0.016262521229750453,0.01043750224402599,-0.005825018985724463,True
2,raw_safe,62,Uncalibrated,calibration_ablation_results,test_probability_p999,0.03171377206838802,0.02606740747986593,-0.00564636458852209,True
2,raw_safe,72,Isotonic,calibration_ablation_results,test_probability_p999,0.015873015873015872,0.005262264471227296,-0.010610751401788576,True
2,raw_safe,72,Platt,calibration_ablation_results,test_probability_p999,0.009332475633630738,0.012102907737519581,0.0027704321038888435,True
2,raw_safe,72,Uncalibrated,calibration_ablation_results,test_probability_p999,0.024572251741899254,0.019756340671881808,-0.004815911070017446,True
2,raw_safe,82,Isotonic,calibration_ablation_results,test_probability_p999,0.004612736660929432,0.008670520231213872,0.00405778357028444,True
2,raw_safe,82,Platt,calibration_ablation_results,test_probability_p999,0.009642243013691248,0.010829033171633046,0.0011867901579417986,True
2,raw_safe,82,Uncalibrated,calibration_ablation_results,test_probability_p999,0.01708102959328982,0.022882884550936594,0.005801854957646773,True
2,recipient_full_weight_2,42,Isotonic,calibration_ablation_results,test_probability_p999,0.056074766355140186,0.050058207217694994,-0.006016559137445192,True
2,recipient_full_weight_2,42,Platt,calibration_ablation_results,test_probability_p999,0.0022916310329688366,0.025458598661345398,0.023166967628376563,True
2,recipient_full_weight_2,42,Uncalibrated,calibration_ablation_results,test_probability_p999,0.08452681692516124,0.7488875603658514,0.6643607434406901,True
2,recipient_full_weight_2,52,Isotonic,calibration_ablation_results,test_probability_p999,0.015267175572519083,0.11479262189980592,0.09952544632728684,True
2,recipient_full_weight_2,52,Platt,calibration_ablation_results,test_probability_p999,0.1254451310873092,0.08575947999887258,-0.03968565108843662,True
2,recipient_full_weight_2,52,Uncalibrated,calibration_ablation_results,test_probability_p999,0.999999999999978,0.9999999999999982,2.020605904817785e-14,True
2,recipient_full_weight_2,62,Isotonic,calibration_ablation_results,test_probability_p999,0.0873320537428023,0.03090507726269316,-0.05642697648010914,True
2,recipient_full_weight_2,62,Platt,calibration_ablation_results,test_probability_p999,0.10155535061515789,0.14584468452052424,0.04428933390536635,True
2,recipient_full_weight_2,62,Uncalibrated,calibration_ablation_results,test_probability_p999,1.0,0.9999999998791795,-1.208204647440425e-10,True
2,recipient_full_weight_2,72,Isotonic,calibration_ablation_results,test_probability_p999,0.10174418604651163,0.044642857142857144,-0.057101328903654484,True
2,recipient_full_weight_2,72,Platt,calibration_ablation_results,test_probability_p999,0.13661818935302306,0.05407554354686936,-0.0825426458061537,True
2,recipient_full_weight_2,72,Uncalibrated,calibration_ablation_results,test_probability_p999,1.0,1.0,0.0,False
2,recipient_full_weight_2,82,Isotonic,calibration_ablation_results,test_probability_p999,0.02125919869174162,0.13824057450628366,0.11698137581454204,True
2,recipient_full_weight_2,82,Platt,calibration_ablation_results,test_probability_p999,0.01496950317197859,0.1885327142272767,0.1735632110552981,True
2,recipient_full_weight_2,82,Uncalibrated,calibration_ablation_results,test_probability_p999,0.6466801530065495,0.9999999999602488,0.35331984695369933,True
3,raw_safe,42,Isotonic,calibration_ablation_results,test_probability_p999,0.8039215686254195,0.2,-0.6039215686254196,True
3,raw_safe,42,Platt,calibration_ablation_results,test_probability_p999,0.9930318595124005,0.021690906422454352,-0.9713409530899462,True
3,raw_safe,42,Uncalibrated,calibration_ablation_results,test_probability_p999,0.9999999999972651,0.10316395861385132,-0.8968360413834138,True
3,raw_safe,52,Isotonic,calibration_ablation_results,test_probability_p999,0.375,0.803921568627451,0.428921568627451,True
3,raw_safe,52,Platt,calibration_ablation_results,test_probability_p999,0.9855279128539991,0.8772929368774876,-0.10823497597651155,True
3,raw_safe,52,Uncalibrated,calibration_ablation_results,test_probability_p999,0.9999999998081583,0.999431995517651,-0.0005680042905072957,True
3,raw_safe,62,Isotonic,calibration_ablation_results,test_probability_p999,0.009779951100244499,0.23076923076923078,0.2209892796689863,True
3,raw_safe,62,Platt,calibration_ablation_results,test_probability_p999,0.014597577020598506,0.01724971833262674,0.0026521413120282333,True
3,raw_safe,62,Uncalibrated,calibration_ablation_results,test_probability_p999,0.025327192544093966,0.07639866871459099,0.051071476170497024,True
3,raw_safe,72,Isotonic,calibration_ablation_results,test_probability_p999,0.803921568622308,0.23076923076923078,-0.5731523378530772,True
3,raw_safe,72,Platt,calibration_ablation_results,test_probability_p999,0.9912825403723622,0.05589968201343283,-0.9353828583589293,True
3,raw_safe,72,Uncalibrated,calibration_ablation_results,test_probability_p999,0.9999999999920115,0.4352339861177601,-0.5647660138742514,True
3,raw_safe,82,Isotonic,calibration_ablation_results,test_probability_p999,0.2727272727272727,0.3749996352220714,0.10227236249479871,True
3,raw_safe,82,Platt,calibration_ablation_results,test_probability_p999,0.18733617793100962,0.9866707968431375,0.7993346189121279,True
3,raw_safe,82,Uncalibrated,calibration_ablation_results,test_probability_p999,0.91251950043098,0.9999982423022751,0.08747874187129512,True
3,recipient_full_weight_2,42,Isotonic,calibration_ablation_results,test_probability_p999,0.20226843100189035,0.8148148148148148,0.6125463838129244,True
3,recipient_full_weight_2,42,Platt,calibration_ablation_results,test_probability_p999,0.2511990922875429,0.9883197127885337,0.7371206205009908,True
3,recipient_full_weight_2,42,Uncalibrated,calibration_ablation_results,test_probability_p999,1.0,1.0,0.0,False
3,recipient_full_weight_2,52,Isotonic,calibration_ablation_results,test_probability_p999,0.6050955414012739,0.7913043478260869,0.18620880642481308,True
3,recipient_full_weight_2,52,Platt,calibration_ablation_results,test_probability_p999,0.5927881294092293,0.8041900097271338,0.21140188031790452,True
3,recipient_full_weight_2,52,Uncalibrated,calibration_ablation_results,test_probability_p999,1.0,1.0,0.0,False
3,recipient_full_weight_2,62,Isotonic,calibration_ablation_results,test_probability_p999,0.8245614035087719,0.1903765690376569,-0.6341848344711151,True
3,recipient_full_weight_2,62,Platt,calibration_ablation_results,test_probability_p999,0.8647757390900628,0.2146161908677313,-0.6501595482223315,True
3,recipient_full_weight_2,62,Uncalibrated,calibration_ablation_results,test_probability_p999,1.0,1.0,0.0,False
3,recipient_full_weight_2,72,Isotonic,calibration_ablation_results,test_probability_p999,0.8266666666666667,0.8115942028985508,-0.015072463768115885,True
3,recipient_full_weight_2,72,Platt,calibration_ablation_results,test_probability_p999,0.9927055010872896,0.9986806421182415,0.005975141030951869,True
3,recipient_full_weight_2,72,Uncalibrated,calibration_ablation_results,test_probability_p999,1.0,1.0,0.0,False
3,recipient_full_weight_2,82,Isotonic,calibration_ablation_results,test_probability_p999,0.9438202247191011,0.9204545454545454,-0.023365679264555683,True
3,recipient_full_weight_2,82,Platt,calibration_ablation_results,test_probability_p999,0.7921750624559687,0.9474199597246731,0.15524489726870438,True
3,recipient_full_weight_2,82,Uncalibrated,calibration_ablation_results,test_probability_p999,1.0,1.0,0.0,False
