dataset,fold,contrast,score_stage,q,analysis,field,v1,v2,v2_minus_v1,changed_exact
paysim,1,P_BUNDLE,clipped,0.01,capacity_contrasts,delta_tp,209.6,233.8,24.200000000000017,True
paysim,1,P_BUNDLE,clipped,0.03,capacity_contrasts,delta_tp,191.6,219.4,27.80000000000001,True
paysim,1,P_BUNDLE,clipped,0.05,capacity_contrasts,delta_tp,149.6,176.0,26.400000000000006,True
paysim,1,P_BUNDLE,clipped,0.1,capacity_contrasts,delta_tp,42.0,92.4,50.400000000000006,True
paysim,1,P_BUNDLE,platt,0.01,capacity_contrasts,delta_tp,209.6,233.8,24.200000000000017,True
paysim,1,P_BUNDLE,platt,0.03,capacity_contrasts,delta_tp,191.6,219.4,27.80000000000001,True
paysim,1,P_BUNDLE,platt,0.05,capacity_contrasts,delta_tp,149.6,176.0,26.400000000000006,True
paysim,1,P_BUNDLE,platt,0.1,capacity_contrasts,delta_tp,42.0,92.4,50.400000000000006,True
paysim,1,P_BUNDLE,raw,0.01,capacity_contrasts,delta_tp,209.6,233.8,24.200000000000017,True
paysim,1,P_BUNDLE,raw,0.03,capacity_contrasts,delta_tp,191.6,219.4,27.80000000000001,True
paysim,1,P_BUNDLE,raw,0.05,capacity_contrasts,delta_tp,149.6,176.0,26.400000000000006,True
paysim,1,P_BUNDLE,raw,0.1,capacity_contrasts,delta_tp,42.0,92.4,50.400000000000006,True
paysim,1,P_H_BASE,clipped,0.01,capacity_contrasts,delta_tp,165.8,168.4,2.5999999999999943,True
paysim,1,P_H_BASE,clipped,0.03,capacity_contrasts,delta_tp,150.8,170.6,19.799999999999983,True
paysim,1,P_H_BASE,clipped,0.05,capacity_contrasts,delta_tp,115.0,147.0,32.0,True
paysim,1,P_H_BASE,clipped,0.1,capacity_contrasts,delta_tp,11.4,62.8,51.4,True
paysim,1,P_H_BASE,platt,0.01,capacity_contrasts,delta_tp,165.8,168.4,2.5999999999999943,True
paysim,1,P_H_BASE,platt,0.03,capacity_contrasts,delta_tp,150.8,170.6,19.799999999999983,True
paysim,1,P_H_BASE,platt,0.05,capacity_contrasts,delta_tp,115.0,147.0,32.0,True
paysim,1,P_H_BASE,platt,0.1,capacity_contrasts,delta_tp,11.4,62.8,51.4,True
paysim,1,P_H_BASE,raw,0.01,capacity_contrasts,delta_tp,165.8,168.4,2.5999999999999943,True
paysim,1,P_H_BASE,raw,0.03,capacity_contrasts,delta_tp,150.8,170.6,19.799999999999983,True
paysim,1,P_H_BASE,raw,0.05,capacity_contrasts,delta_tp,115.0,147.0,32.0,True
paysim,1,P_H_BASE,raw,0.1,capacity_contrasts,delta_tp,11.4,62.8,51.4,True
paysim,1,P_H_TIME,clipped,0.01,capacity_contrasts,delta_tp,81.6,111.2,29.60000000000001,True
paysim,1,P_H_TIME,clipped,0.03,capacity_contrasts,delta_tp,68.4,99.0,30.599999999999994,True
paysim,1,P_H_TIME,clipped,0.05,capacity_contrasts,delta_tp,32.0,71.8,39.8,True
paysim,1,P_H_TIME,clipped,0.1,capacity_contrasts,delta_tp,0.6,39.4,38.8,True
paysim,1,P_H_TIME,platt,0.01,capacity_contrasts,delta_tp,81.6,111.2,29.60000000000001,True
paysim,1,P_H_TIME,platt,0.03,capacity_contrasts,delta_tp,68.4,99.0,30.599999999999994,True
paysim,1,P_H_TIME,platt,0.05,capacity_contrasts,delta_tp,32.0,71.8,39.8,True
paysim,1,P_H_TIME,platt,0.1,capacity_contrasts,delta_tp,0.6,39.4,38.8,True
paysim,1,P_H_TIME,raw,0.01,capacity_contrasts,delta_tp,81.6,111.2,29.60000000000001,True
paysim,1,P_H_TIME,raw,0.03,capacity_contrasts,delta_tp,68.4,99.0,30.599999999999994,True
paysim,1,P_H_TIME,raw,0.05,capacity_contrasts,delta_tp,32.0,71.8,39.8,True
paysim,1,P_H_TIME,raw,0.1,capacity_contrasts,delta_tp,0.6,39.4,38.8,True
paysim,1,P_PRIMARY,clipped,0.01,capacity_contrasts,delta_tp,203.2,236.6,33.400000000000006,True
paysim,1,P_PRIMARY,clipped,0.03,capacity_contrasts,delta_tp,181.4,218.2,36.79999999999998,True
paysim,1,P_PRIMARY,clipped,0.05,capacity_contrasts,delta_tp,141.8,176.2,34.39999999999998,True
paysim,1,P_PRIMARY,clipped,0.1,capacity_contrasts,delta_tp,34.6,87.4,52.800000000000004,True
paysim,1,P_PRIMARY,platt,0.01,capacity_contrasts,delta_tp,203.2,236.6,33.400000000000006,True
paysim,1,P_PRIMARY,platt,0.03,capacity_contrasts,delta_tp,181.4,218.2,36.79999999999998,True
paysim,1,P_PRIMARY,platt,0.05,capacity_contrasts,delta_tp,141.8,176.2,34.39999999999998,True
paysim,1,P_PRIMARY,platt,0.1,capacity_contrasts,delta_tp,34.6,87.4,52.800000000000004,True
paysim,1,P_PRIMARY,raw,0.01,capacity_contrasts,delta_tp,203.2,236.6,33.400000000000006,True
paysim,1,P_PRIMARY,raw,0.03,capacity_contrasts,delta_tp,181.4,218.2,36.79999999999998,True
paysim,1,P_PRIMARY,raw,0.05,capacity_contrasts,delta_tp,141.8,176.2,34.39999999999998,True
paysim,1,P_PRIMARY,raw,0.1,capacity_contrasts,delta_tp,34.6,87.4,52.800000000000004,True
paysim,1,P_WEIGHT,clipped,0.01,capacity_contrasts,delta_tp,-6.4,2.8,9.2,True
paysim,1,P_WEIGHT,clipped,0.03,capacity_contrasts,delta_tp,-10.2,-1.2,9.0,True
paysim,1,P_WEIGHT,clipped,0.05,capacity_contrasts,delta_tp,-7.8,0.2,8.0,True
paysim,1,P_WEIGHT,clipped,0.1,capacity_contrasts,delta_tp,-7.4,-5.0,2.4000000000000004,True
paysim,1,P_WEIGHT,platt,0.01,capacity_contrasts,delta_tp,-6.4,2.8,9.2,True
paysim,1,P_WEIGHT,platt,0.03,capacity_contrasts,delta_tp,-10.2,-1.2,9.0,True
paysim,1,P_WEIGHT,platt,0.05,capacity_contrasts,delta_tp,-7.8,0.2,8.0,True
paysim,1,P_WEIGHT,platt,0.1,capacity_contrasts,delta_tp,-7.4,-5.0,2.4000000000000004,True
paysim,1,P_WEIGHT,raw,0.01,capacity_contrasts,delta_tp,-6.4,2.8,9.2,True
paysim,1,P_WEIGHT,raw,0.03,capacity_contrasts,delta_tp,-10.2,-1.2,9.0,True
paysim,1,P_WEIGHT,raw,0.05,capacity_contrasts,delta_tp,-7.8,0.2,8.0,True
paysim,1,P_WEIGHT,raw,0.1,capacity_contrasts,delta_tp,-7.4,-5.0,2.4000000000000004,True
paysim,2,P_BUNDLE,clipped,0.01,capacity_contrasts,delta_tp,114.2,115.6,1.3999999999999915,True
paysim,2,P_BUNDLE,clipped,0.03,capacity_contrasts,delta_tp,116.4,132.0,15.599999999999994,True
paysim,2,P_BUNDLE,clipped,0.05,capacity_contrasts,delta_tp,93.4,95.8,2.3999999999999915,True
paysim,2,P_BUNDLE,clipped,0.1,capacity_contrasts,delta_tp,24.2,38.8,14.599999999999998,True
paysim,2,P_BUNDLE,platt,0.01,capacity_contrasts,delta_tp,114.2,115.6,1.3999999999999915,True
paysim,2,P_BUNDLE,platt,0.03,capacity_contrasts,delta_tp,116.4,132.0,15.599999999999994,True
paysim,2,P_BUNDLE,platt,0.05,capacity_contrasts,delta_tp,93.4,95.8,2.3999999999999915,True
paysim,2,P_BUNDLE,platt,0.1,capacity_contrasts,delta_tp,24.2,38.8,14.599999999999998,True
paysim,2,P_BUNDLE,raw,0.01,capacity_contrasts,delta_tp,114.2,115.6,1.3999999999999915,True
paysim,2,P_BUNDLE,raw,0.03,capacity_contrasts,delta_tp,116.4,132.0,15.599999999999994,True
paysim,2,P_BUNDLE,raw,0.05,capacity_contrasts,delta_tp,93.4,95.8,2.3999999999999915,True
paysim,2,P_BUNDLE,raw,0.1,capacity_contrasts,delta_tp,24.2,38.8,14.599999999999998,True
paysim,2,P_H_BASE,clipped,0.01,capacity_contrasts,delta_tp,71.6,89.0,17.400000000000006,True
paysim,2,P_H_BASE,clipped,0.03,capacity_contrasts,delta_tp,109.6,109.8,0.20000000000000284,True
paysim,2,P_H_BASE,clipped,0.05,capacity_contrasts,delta_tp,87.0,73.4,-13.599999999999994,True
paysim,2,P_H_BASE,clipped,0.1,capacity_contrasts,delta_tp,19.8,21.8,2.0,True
paysim,2,P_H_BASE,platt,0.01,capacity_contrasts,delta_tp,71.6,89.0,17.400000000000006,True
paysim,2,P_H_BASE,platt,0.03,capacity_contrasts,delta_tp,109.6,109.8,0.20000000000000284,True
paysim,2,P_H_BASE,platt,0.05,capacity_contrasts,delta_tp,87.0,73.4,-13.599999999999994,True
paysim,2,P_H_BASE,platt,0.1,capacity_contrasts,delta_tp,19.8,21.8,2.0,True
paysim,2,P_H_BASE,raw,0.01,capacity_contrasts,delta_tp,71.6,89.0,17.400000000000006,True
paysim,2,P_H_BASE,raw,0.03,capacity_contrasts,delta_tp,109.6,109.8,0.20000000000000284,True
paysim,2,P_H_BASE,raw,0.05,capacity_contrasts,delta_tp,87.0,73.4,-13.599999999999994,True
paysim,2,P_H_BASE,raw,0.1,capacity_contrasts,delta_tp,19.8,21.8,2.0,True
paysim,2,P_H_TIME,clipped,0.01,capacity_contrasts,delta_tp,51.0,59.8,8.799999999999997,True
paysim,2,P_H_TIME,clipped,0.03,capacity_contrasts,delta_tp,62.2,84.2,22.0,True
paysim,2,P_H_TIME,clipped,0.05,capacity_contrasts,delta_tp,42.0,62.6,20.6,True
paysim,2,P_H_TIME,clipped,0.1,capacity_contrasts,delta_tp,6.4,26.0,19.6,True
paysim,2,P_H_TIME,platt,0.01,capacity_contrasts,delta_tp,51.0,59.8,8.799999999999997,True
paysim,2,P_H_TIME,platt,0.03,capacity_contrasts,delta_tp,62.2,84.2,22.0,True
paysim,2,P_H_TIME,platt,0.05,capacity_contrasts,delta_tp,42.0,62.6,20.6,True
paysim,2,P_H_TIME,platt,0.1,capacity_contrasts,delta_tp,6.4,26.0,19.6,True
paysim,2,P_H_TIME,raw,0.01,capacity_contrasts,delta_tp,51.0,59.8,8.799999999999997,True
paysim,2,P_H_TIME,raw,0.03,capacity_contrasts,delta_tp,62.2,84.2,22.0,True
paysim,2,P_H_TIME,raw,0.05,capacity_contrasts,delta_tp,42.0,62.6,20.6,True
paysim,2,P_H_TIME,raw,0.1,capacity_contrasts,delta_tp,6.4,26.0,19.6,True
paysim,2,P_PRIMARY,clipped,0.01,capacity_contrasts,delta_tp,124.8,124.4,-0.3999999999999915,True
paysim,2,P_PRIMARY,clipped,0.03,capacity_contrasts,delta_tp,121.2,135.6,14.399999999999991,True
paysim,2,P_PRIMARY,clipped,0.05,capacity_contrasts,delta_tp,98.2,99.6,1.3999999999999915,True
paysim,2,P_PRIMARY,clipped,0.1,capacity_contrasts,delta_tp,28.6,44.0,15.399999999999999,True
paysim,2,P_PRIMARY,platt,0.01,capacity_contrasts,delta_tp,124.8,124.4,-0.3999999999999915,True
paysim,2,P_PRIMARY,platt,0.03,capacity_contrasts,delta_tp,121.2,135.6,14.399999999999991,True
paysim,2,P_PRIMARY,platt,0.05,capacity_contrasts,delta_tp,98.2,99.6,1.3999999999999915,True
paysim,2,P_PRIMARY,platt,0.1,capacity_contrasts,delta_tp,28.6,44.0,15.399999999999999,True
paysim,2,P_PRIMARY,raw,0.01,capacity_contrasts,delta_tp,124.8,124.4,-0.3999999999999915,True
paysim,2,P_PRIMARY,raw,0.03,capacity_contrasts,delta_tp,121.2,135.6,14.399999999999991,True
paysim,2,P_PRIMARY,raw,0.05,capacity_contrasts,delta_tp,98.2,99.6,1.3999999999999915,True
paysim,2,P_PRIMARY,raw,0.1,capacity_contrasts,delta_tp,28.6,44.0,15.399999999999999,True
paysim,2,P_WEIGHT,clipped,0.01,capacity_contrasts,delta_tp,10.6,8.8,-1.799999999999999,True
paysim,2,P_WEIGHT,clipped,0.03,capacity_contrasts,delta_tp,4.8,3.6,-1.1999999999999997,True
paysim,2,P_WEIGHT,clipped,0.05,capacity_contrasts,delta_tp,4.8,3.8,-1.0,True
paysim,2,P_WEIGHT,clipped,0.1,capacity_contrasts,delta_tp,4.4,5.2,0.7999999999999998,True
paysim,2,P_WEIGHT,platt,0.01,capacity_contrasts,delta_tp,10.6,8.8,-1.799999999999999,True
paysim,2,P_WEIGHT,platt,0.03,capacity_contrasts,delta_tp,4.8,3.6,-1.1999999999999997,True
paysim,2,P_WEIGHT,platt,0.05,capacity_contrasts,delta_tp,4.8,3.8,-1.0,True
paysim,2,P_WEIGHT,platt,0.1,capacity_contrasts,delta_tp,4.4,5.2,0.7999999999999998,True
paysim,2,P_WEIGHT,raw,0.01,capacity_contrasts,delta_tp,10.6,8.8,-1.799999999999999,True
paysim,2,P_WEIGHT,raw,0.03,capacity_contrasts,delta_tp,4.8,3.6,-1.1999999999999997,True
paysim,2,P_WEIGHT,raw,0.05,capacity_contrasts,delta_tp,4.8,3.8,-1.0,True
paysim,2,P_WEIGHT,raw,0.1,capacity_contrasts,delta_tp,4.4,5.2,0.7999999999999998,True
paysim,3,P_BUNDLE,clipped,0.01,capacity_contrasts,delta_tp,138.4,-283.2,-421.6,True
paysim,3,P_BUNDLE,clipped,0.03,capacity_contrasts,delta_tp,1021.6,973.6,-48.0,True
paysim,3,P_BUNDLE,clipped,0.05,capacity_contrasts,delta_tp,941.8,921.2,-20.59999999999991,True
paysim,3,P_BUNDLE,clipped,0.1,capacity_contrasts,delta_tp,386.2,328.0,-58.19999999999999,True
paysim,3,P_BUNDLE,platt,0.01,capacity_contrasts,delta_tp,138.4,-283.2,-421.6,True
paysim,3,P_BUNDLE,platt,0.03,capacity_contrasts,delta_tp,1021.6,973.6,-48.0,True
paysim,3,P_BUNDLE,platt,0.05,capacity_contrasts,delta_tp,941.8,921.2,-20.59999999999991,True
paysim,3,P_BUNDLE,platt,0.1,capacity_contrasts,delta_tp,386.2,328.0,-58.19999999999999,True
paysim,3,P_BUNDLE,raw,0.01,capacity_contrasts,delta_tp,140.0,-274.4,-414.4,True
paysim,3,P_BUNDLE,raw,0.03,capacity_contrasts,delta_tp,1021.6,973.6,-48.0,True
paysim,3,P_BUNDLE,raw,0.05,capacity_contrasts,delta_tp,941.8,921.2,-20.59999999999991,True
paysim,3,P_BUNDLE,raw,0.1,capacity_contrasts,delta_tp,386.2,328.0,-58.19999999999999,True
paysim,3,P_H_BASE,clipped,0.01,capacity_contrasts,delta_tp,660.8,397.8,-262.99999999999994,True
paysim,3,P_H_BASE,clipped,0.03,capacity_contrasts,delta_tp,1039.2,1078.6,39.399999999999864,True
paysim,3,P_H_BASE,clipped,0.05,capacity_contrasts,delta_tp,714.0,791.6,77.60000000000002,True
paysim,3,P_H_BASE,clipped,0.1,capacity_contrasts,delta_tp,247.4,310.6,63.20000000000002,True
paysim,3,P_H_BASE,platt,0.01,capacity_contrasts,delta_tp,660.8,397.8,-262.99999999999994,True
paysim,3,P_H_BASE,platt,0.03,capacity_contrasts,delta_tp,1039.2,1078.6,39.399999999999864,True
paysim,3,P_H_BASE,platt,0.05,capacity_contrasts,delta_tp,714.0,791.6,77.60000000000002,True
paysim,3,P_H_BASE,platt,0.1,capacity_contrasts,delta_tp,247.4,310.6,63.20000000000002,True
paysim,3,P_H_BASE,raw,0.01,capacity_contrasts,delta_tp,660.8,397.8,-262.99999999999994,True
paysim,3,P_H_BASE,raw,0.03,capacity_contrasts,delta_tp,1039.2,1078.6,39.399999999999864,True
paysim,3,P_H_BASE,raw,0.05,capacity_contrasts,delta_tp,714.0,791.6,77.60000000000002,True
paysim,3,P_H_BASE,raw,0.1,capacity_contrasts,delta_tp,247.4,310.6,63.20000000000002,True
paysim,3,P_H_TIME,clipped,0.01,capacity_contrasts,delta_tp,717.4,417.2,-300.2,True
paysim,3,P_H_TIME,clipped,0.03,capacity_contrasts,delta_tp,781.4,708.0,-73.39999999999998,True
paysim,3,P_H_TIME,clipped,0.05,capacity_contrasts,delta_tp,664.0,593.6,-70.39999999999998,True
paysim,3,P_H_TIME,clipped,0.1,capacity_contrasts,delta_tp,288.0,202.2,-85.80000000000001,True
paysim,3,P_H_TIME,platt,0.01,capacity_contrasts,delta_tp,717.4,417.2,-300.2,True
paysim,3,P_H_TIME,platt,0.03,capacity_contrasts,delta_tp,781.4,708.0,-73.39999999999998,True
paysim,3,P_H_TIME,platt,0.05,capacity_contrasts,delta_tp,664.0,593.6,-70.39999999999998,True
paysim,3,P_H_TIME,platt,0.1,capacity_contrasts,delta_tp,288.0,202.2,-85.80000000000001,True
paysim,3,P_H_TIME,raw,0.01,capacity_contrasts,delta_tp,643.8,454.0,-189.79999999999995,True
paysim,3,P_H_TIME,raw,0.03,capacity_contrasts,delta_tp,781.4,708.0,-73.39999999999998,True
paysim,3,P_H_TIME,raw,0.05,capacity_contrasts,delta_tp,664.0,593.6,-70.39999999999998,True
paysim,3,P_H_TIME,raw,0.1,capacity_contrasts,delta_tp,288.0,202.2,-85.80000000000001,True
paysim,3,P_PRIMARY,clipped,0.01,capacity_contrasts,delta_tp,275.6,116.6,-159.00000000000003,True
paysim,3,P_PRIMARY,clipped,0.03,capacity_contrasts,delta_tp,1086.6,1013.0,-73.59999999999991,True
paysim,3,P_PRIMARY,clipped,0.05,capacity_contrasts,delta_tp,874.4,749.4,-125.0,True
paysim,3,P_PRIMARY,clipped,0.1,capacity_contrasts,delta_tp,315.2,314.8,-0.39999999999997726,True
paysim,3,P_PRIMARY,platt,0.01,capacity_contrasts,delta_tp,275.6,116.6,-159.00000000000003,True
paysim,3,P_PRIMARY,platt,0.03,capacity_contrasts,delta_tp,1086.6,1013.0,-73.59999999999991,True
paysim,3,P_PRIMARY,platt,0.05,capacity_contrasts,delta_tp,874.4,749.4,-125.0,True
paysim,3,P_PRIMARY,platt,0.1,capacity_contrasts,delta_tp,315.2,314.8,-0.39999999999997726,True
paysim,3,P_PRIMARY,raw,0.01,capacity_contrasts,delta_tp,354.6,145.0,-209.60000000000002,True
paysim,3,P_PRIMARY,raw,0.03,capacity_contrasts,delta_tp,1086.6,1013.0,-73.59999999999991,True
paysim,3,P_PRIMARY,raw,0.05,capacity_contrasts,delta_tp,874.4,749.4,-125.0,True
paysim,3,P_PRIMARY,raw,0.1,capacity_contrasts,delta_tp,315.2,314.8,-0.39999999999997726,True
paysim,3,P_WEIGHT,clipped,0.01,capacity_contrasts,delta_tp,137.2,399.8,262.6,True
paysim,3,P_WEIGHT,clipped,0.03,capacity_contrasts,delta_tp,65.0,39.4,-25.6,True
paysim,3,P_WEIGHT,clipped,0.05,capacity_contrasts,delta_tp,-67.4,-171.8,-104.4,True
paysim,3,P_WEIGHT,clipped,0.1,capacity_contrasts,delta_tp,-71.0,-13.2,57.8,True
paysim,3,P_WEIGHT,platt,0.01,capacity_contrasts,delta_tp,137.2,399.8,262.6,True
paysim,3,P_WEIGHT,platt,0.03,capacity_contrasts,delta_tp,65.0,39.4,-25.6,True
paysim,3,P_WEIGHT,platt,0.05,capacity_contrasts,delta_tp,-67.4,-171.8,-104.4,True
paysim,3,P_WEIGHT,platt,0.1,capacity_contrasts,delta_tp,-71.0,-13.2,57.8,True
paysim,3,P_WEIGHT,raw,0.01,capacity_contrasts,delta_tp,214.6,419.4,204.79999999999998,True
paysim,3,P_WEIGHT,raw,0.03,capacity_contrasts,delta_tp,65.0,39.4,-25.6,True
paysim,3,P_WEIGHT,raw,0.05,capacity_contrasts,delta_tp,-67.4,-171.8,-104.4,True
paysim,3,P_WEIGHT,raw,0.1,capacity_contrasts,delta_tp,-71.0,-13.2,57.8,True
paysim,1,P_BUNDLE,clipped,0.01,capacity_contrasts,delta_recall,0.42088353413654617,0.4694779116465863,0.04859437751004014,True
paysim,1,P_BUNDLE,clipped,0.03,capacity_contrasts,delta_recall,0.38473895582329315,0.4405622489959839,0.05582329317269075,True
paysim,1,P_BUNDLE,clipped,0.05,capacity_contrasts,delta_recall,0.3004016064257028,0.3534136546184739,0.05301204819277111,True
paysim,1,P_BUNDLE,clipped,0.1,capacity_contrasts,delta_recall,0.08433734939759037,0.1855421686746988,0.10120481927710843,True
paysim,1,P_BUNDLE,platt,0.01,capacity_contrasts,delta_recall,0.42088353413654617,0.4694779116465863,0.04859437751004014,True
paysim,1,P_BUNDLE,platt,0.03,capacity_contrasts,delta_recall,0.38473895582329315,0.4405622489959839,0.05582329317269075,True
paysim,1,P_BUNDLE,platt,0.05,capacity_contrasts,delta_recall,0.3004016064257028,0.3534136546184739,0.05301204819277111,True
paysim,1,P_BUNDLE,platt,0.1,capacity_contrasts,delta_recall,0.08433734939759037,0.1855421686746988,0.10120481927710843,True
paysim,1,P_BUNDLE,raw,0.01,capacity_contrasts,delta_recall,0.42088353413654617,0.4694779116465863,0.04859437751004014,True
paysim,1,P_BUNDLE,raw,0.03,capacity_contrasts,delta_recall,0.38473895582329315,0.4405622489959839,0.05582329317269075,True
paysim,1,P_BUNDLE,raw,0.05,capacity_contrasts,delta_recall,0.3004016064257028,0.3534136546184739,0.05301204819277111,True
paysim,1,P_BUNDLE,raw,0.1,capacity_contrasts,delta_recall,0.08433734939759037,0.1855421686746988,0.10120481927710843,True
paysim,1,P_H_BASE,clipped,0.01,capacity_contrasts,delta_recall,0.3329317269076305,0.33815261044176703,0.005220883534136522,True
paysim,1,P_H_BASE,clipped,0.03,capacity_contrasts,delta_recall,0.3028112449799197,0.342570281124498,0.03975903614457832,True
paysim,1,P_H_BASE,clipped,0.05,capacity_contrasts,delta_recall,0.23092369477911645,0.29518072289156627,0.06425702811244982,True
paysim,1,P_H_BASE,clipped,0.1,capacity_contrasts,delta_recall,0.02289156626506024,0.12610441767068273,0.10321285140562249,True
paysim,1,P_H_BASE,platt,0.01,capacity_contrasts,delta_recall,0.3329317269076305,0.33815261044176703,0.005220883534136522,True
paysim,1,P_H_BASE,platt,0.03,capacity_contrasts,delta_recall,0.3028112449799197,0.342570281124498,0.03975903614457832,True
paysim,1,P_H_BASE,platt,0.05,capacity_contrasts,delta_recall,0.23092369477911645,0.29518072289156627,0.06425702811244982,True
paysim,1,P_H_BASE,platt,0.1,capacity_contrasts,delta_recall,0.02289156626506024,0.12610441767068273,0.10321285140562249,True
paysim,1,P_H_BASE,raw,0.01,capacity_contrasts,delta_recall,0.3329317269076305,0.33815261044176703,0.005220883534136522,True
paysim,1,P_H_BASE,raw,0.03,capacity_contrasts,delta_recall,0.3028112449799197,0.342570281124498,0.03975903614457832,True
paysim,1,P_H_BASE,raw,0.05,capacity_contrasts,delta_recall,0.23092369477911645,0.29518072289156627,0.06425702811244982,True
paysim,1,P_H_BASE,raw,0.1,capacity_contrasts,delta_recall,0.02289156626506024,0.12610441767068273,0.10321285140562249,True
paysim,1,P_H_TIME,clipped,0.01,capacity_contrasts,delta_recall,0.163855421686747,0.22329317269076307,0.059437751004016076,True
paysim,1,P_H_TIME,clipped,0.03,capacity_contrasts,delta_recall,0.13734939759036144,0.19879518072289157,0.06144578313253013,True
paysim,1,P_H_TIME,clipped,0.05,capacity_contrasts,delta_recall,0.0642570281124498,0.14417670682730924,0.07991967871485944,True
paysim,1,P_H_TIME,clipped,0.1,capacity_contrasts,delta_recall,0.0012048192771084334,0.07911646586345382,0.07791164658634539,True
paysim,1,P_H_TIME,platt,0.01,capacity_contrasts,delta_recall,0.163855421686747,0.22329317269076307,0.059437751004016076,True
paysim,1,P_H_TIME,platt,0.03,capacity_contrasts,delta_recall,0.13734939759036144,0.19879518072289157,0.06144578313253013,True
paysim,1,P_H_TIME,platt,0.05,capacity_contrasts,delta_recall,0.0642570281124498,0.14417670682730924,0.07991967871485944,True
paysim,1,P_H_TIME,platt,0.1,capacity_contrasts,delta_recall,0.0012048192771084334,0.07911646586345382,0.07791164658634539,True
paysim,1,P_H_TIME,raw,0.01,capacity_contrasts,delta_recall,0.163855421686747,0.22329317269076307,0.059437751004016076,True
paysim,1,P_H_TIME,raw,0.03,capacity_contrasts,delta_recall,0.13734939759036144,0.19879518072289157,0.06144578313253013,True
paysim,1,P_H_TIME,raw,0.05,capacity_contrasts,delta_recall,0.0642570281124498,0.14417670682730924,0.07991967871485944,True
paysim,1,P_H_TIME,raw,0.1,capacity_contrasts,delta_recall,0.0012048192771084334,0.07911646586345382,0.07791164658634539,True
paysim,1,P_PRIMARY,clipped,0.01,capacity_contrasts,delta_recall,0.40803212851405624,0.47510040160642575,0.06706827309236951,True
paysim,1,P_PRIMARY,clipped,0.03,capacity_contrasts,delta_recall,0.3642570281124498,0.4381526104417671,0.07389558232931731,True
paysim,1,P_PRIMARY,clipped,0.05,capacity_contrasts,delta_recall,0.28473895582329317,0.3538152610441767,0.06907630522088354,True
paysim,1,P_PRIMARY,clipped,0.1,capacity_contrasts,delta_recall,0.06947791164658634,0.1755020080321285,0.10602409638554217,True
paysim,1,P_PRIMARY,platt,0.01,capacity_contrasts,delta_recall,0.40803212851405624,0.47510040160642575,0.06706827309236951,True
paysim,1,P_PRIMARY,platt,0.03,capacity_contrasts,delta_recall,0.3642570281124498,0.4381526104417671,0.07389558232931731,True
paysim,1,P_PRIMARY,platt,0.05,capacity_contrasts,delta_recall,0.28473895582329317,0.3538152610441767,0.06907630522088354,True
paysim,1,P_PRIMARY,platt,0.1,capacity_contrasts,delta_recall,0.06947791164658634,0.1755020080321285,0.10602409638554217,True
paysim,1,P_PRIMARY,raw,0.01,capacity_contrasts,delta_recall,0.40803212851405624,0.47510040160642575,0.06706827309236951,True
paysim,1,P_PRIMARY,raw,0.03,capacity_contrasts,delta_recall,0.3642570281124498,0.4381526104417671,0.07389558232931731,True
paysim,1,P_PRIMARY,raw,0.05,capacity_contrasts,delta_recall,0.28473895582329317,0.3538152610441767,0.06907630522088354,True
paysim,1,P_PRIMARY,raw,0.1,capacity_contrasts,delta_recall,0.06947791164658634,0.1755020080321285,0.10602409638554217,True
paysim,1,P_WEIGHT,clipped,0.01,capacity_contrasts,delta_recall,-0.012851405622489959,0.00562248995983936,0.01847389558232932,True
paysim,1,P_WEIGHT,clipped,0.03,capacity_contrasts,delta_recall,-0.020481927710843378,-0.002409638554216867,0.018072289156626512,True
paysim,1,P_WEIGHT,clipped,0.05,capacity_contrasts,delta_recall,-0.01566265060240964,0.0004016064257028121,0.016064257028112452,True
paysim,1,P_WEIGHT,clipped,0.1,capacity_contrasts,delta_recall,-0.014859437751004017,-0.010040160642570283,0.0048192771084337345,True
paysim,1,P_WEIGHT,platt,0.01,capacity_contrasts,delta_recall,-0.012851405622489959,0.00562248995983936,0.01847389558232932,True
paysim,1,P_WEIGHT,platt,0.03,capacity_contrasts,delta_recall,-0.020481927710843378,-0.002409638554216867,0.018072289156626512,True
paysim,1,P_WEIGHT,platt,0.05,capacity_contrasts,delta_recall,-0.01566265060240964,0.0004016064257028121,0.016064257028112452,True
paysim,1,P_WEIGHT,platt,0.1,capacity_contrasts,delta_recall,-0.014859437751004017,-0.010040160642570283,0.0048192771084337345,True
paysim,1,P_WEIGHT,raw,0.01,capacity_contrasts,delta_recall,-0.012851405622489959,0.00562248995983936,0.01847389558232932,True
paysim,1,P_WEIGHT,raw,0.03,capacity_contrasts,delta_recall,-0.020481927710843378,-0.002409638554216867,0.018072289156626512,True
paysim,1,P_WEIGHT,raw,0.05,capacity_contrasts,delta_recall,-0.01566265060240964,0.0004016064257028121,0.016064257028112452,True
paysim,1,P_WEIGHT,raw,0.1,capacity_contrasts,delta_recall,-0.014859437751004017,-0.010040160642570283,0.0048192771084337345,True
paysim,2,P_BUNDLE,clipped,0.01,capacity_contrasts,delta_recall,0.366025641025641,0.37051282051282053,0.004487179487179527,True
paysim,2,P_BUNDLE,clipped,0.03,capacity_contrasts,delta_recall,0.3730769230769231,0.4230769230769231,0.04999999999999999,True
paysim,2,P_BUNDLE,clipped,0.05,capacity_contrasts,delta_recall,0.29935897435897435,0.307051282051282,0.007692307692307665,True
paysim,2,P_BUNDLE,clipped,0.1,capacity_contrasts,delta_recall,0.07756410256410257,0.12435897435897436,0.046794871794871795,True
paysim,2,P_BUNDLE,platt,0.01,capacity_contrasts,delta_recall,0.366025641025641,0.37051282051282053,0.004487179487179527,True
paysim,2,P_BUNDLE,platt,0.03,capacity_contrasts,delta_recall,0.3730769230769231,0.4230769230769231,0.04999999999999999,True
paysim,2,P_BUNDLE,platt,0.05,capacity_contrasts,delta_recall,0.29935897435897435,0.307051282051282,0.007692307692307665,True
paysim,2,P_BUNDLE,platt,0.1,capacity_contrasts,delta_recall,0.07756410256410257,0.12435897435897436,0.046794871794871795,True
paysim,2,P_BUNDLE,raw,0.01,capacity_contrasts,delta_recall,0.366025641025641,0.37051282051282053,0.004487179487179527,True
paysim,2,P_BUNDLE,raw,0.03,capacity_contrasts,delta_recall,0.3730769230769231,0.4230769230769231,0.04999999999999999,True
paysim,2,P_BUNDLE,raw,0.05,capacity_contrasts,delta_recall,0.29935897435897435,0.307051282051282,0.007692307692307665,True
paysim,2,P_BUNDLE,raw,0.1,capacity_contrasts,delta_recall,0.07756410256410257,0.12435897435897436,0.046794871794871795,True
paysim,2,P_H_BASE,clipped,0.01,capacity_contrasts,delta_recall,0.22948717948717948,0.28525641025641024,0.055769230769230765,True
paysim,2,P_H_BASE,clipped,0.03,capacity_contrasts,delta_recall,0.35128205128205126,0.3519230769230769,0.0006410256410256387,True
paysim,2,P_H_BASE,clipped,0.05,capacity_contrasts,delta_recall,0.27884615384615385,0.23525641025641025,-0.0435897435897436,True
paysim,2,P_H_BASE,clipped,0.1,capacity_contrasts,delta_recall,0.06346153846153846,0.06987179487179487,0.006410256410256415,True
paysim,2,P_H_BASE,platt,0.01,capacity_contrasts,delta_recall,0.22948717948717948,0.28525641025641024,0.055769230769230765,True
paysim,2,P_H_BASE,platt,0.03,capacity_contrasts,delta_recall,0.35128205128205126,0.3519230769230769,0.0006410256410256387,True
paysim,2,P_H_BASE,platt,0.05,capacity_contrasts,delta_recall,0.27884615384615385,0.23525641025641025,-0.0435897435897436,True
paysim,2,P_H_BASE,platt,0.1,capacity_contrasts,delta_recall,0.06346153846153846,0.06987179487179487,0.006410256410256415,True
paysim,2,P_H_BASE,raw,0.01,capacity_contrasts,delta_recall,0.22948717948717948,0.28525641025641024,0.055769230769230765,True
paysim,2,P_H_BASE,raw,0.03,capacity_contrasts,delta_recall,0.35128205128205126,0.3519230769230769,0.0006410256410256387,True
paysim,2,P_H_BASE,raw,0.05,capacity_contrasts,delta_recall,0.27884615384615385,0.23525641025641025,-0.0435897435897436,True
paysim,2,P_H_BASE,raw,0.1,capacity_contrasts,delta_recall,0.06346153846153846,0.06987179487179487,0.006410256410256415,True
paysim,2,P_H_TIME,clipped,0.01,capacity_contrasts,delta_recall,0.16346153846153846,0.19166666666666668,0.028205128205128216,True
paysim,2,P_H_TIME,clipped,0.03,capacity_contrasts,delta_recall,0.19935897435897437,0.2698717948717949,0.07051282051282054,True
paysim,2,P_H_TIME,clipped,0.05,capacity_contrasts,delta_recall,0.1346153846153846,0.20064102564102565,0.06602564102564104,True
paysim,2,P_H_TIME,clipped,0.1,capacity_contrasts,delta_recall,0.020512820512820513,0.08333333333333334,0.06282051282051283,True
paysim,2,P_H_TIME,platt,0.01,capacity_contrasts,delta_recall,0.16346153846153846,0.19166666666666668,0.028205128205128216,True
paysim,2,P_H_TIME,platt,0.03,capacity_contrasts,delta_recall,0.19935897435897437,0.2698717948717949,0.07051282051282054,True
paysim,2,P_H_TIME,platt,0.05,capacity_contrasts,delta_recall,0.1346153846153846,0.20064102564102565,0.06602564102564104,True
paysim,2,P_H_TIME,platt,0.1,capacity_contrasts,delta_recall,0.020512820512820513,0.08333333333333334,0.06282051282051283,True
paysim,2,P_H_TIME,raw,0.01,capacity_contrasts,delta_recall,0.16346153846153846,0.19166666666666668,0.028205128205128216,True
paysim,2,P_H_TIME,raw,0.03,capacity_contrasts,delta_recall,0.19935897435897437,0.2698717948717949,0.07051282051282054,True
paysim,2,P_H_TIME,raw,0.05,capacity_contrasts,delta_recall,0.1346153846153846,0.20064102564102565,0.06602564102564104,True
paysim,2,P_H_TIME,raw,0.1,capacity_contrasts,delta_recall,0.020512820512820513,0.08333333333333334,0.06282051282051283,True
paysim,2,P_PRIMARY,clipped,0.01,capacity_contrasts,delta_recall,0.4,0.39871794871794874,-0.0012820512820512775,True
paysim,2,P_PRIMARY,clipped,0.03,capacity_contrasts,delta_recall,0.38846153846153847,0.43461538461538457,0.0461538461538461,True
paysim,2,P_PRIMARY,clipped,0.05,capacity_contrasts,delta_recall,0.31474358974358974,0.31923076923076926,0.004487179487179527,True
paysim,2,P_PRIMARY,clipped,0.1,capacity_contrasts,delta_recall,0.09166666666666667,0.14102564102564102,0.04935897435897435,True
paysim,2,P_PRIMARY,platt,0.01,capacity_contrasts,delta_recall,0.4,0.39871794871794874,-0.0012820512820512775,True
paysim,2,P_PRIMARY,platt,0.03,capacity_contrasts,delta_recall,0.38846153846153847,0.43461538461538457,0.0461538461538461,True
paysim,2,P_PRIMARY,platt,0.05,capacity_contrasts,delta_recall,0.31474358974358974,0.31923076923076926,0.004487179487179527,True
paysim,2,P_PRIMARY,platt,0.1,capacity_contrasts,delta_recall,0.09166666666666667,0.14102564102564102,0.04935897435897435,True
paysim,2,P_PRIMARY,raw,0.01,capacity_contrasts,delta_recall,0.4,0.39871794871794874,-0.0012820512820512775,True
paysim,2,P_PRIMARY,raw,0.03,capacity_contrasts,delta_recall,0.38846153846153847,0.43461538461538457,0.0461538461538461,True
paysim,2,P_PRIMARY,raw,0.05,capacity_contrasts,delta_recall,0.31474358974358974,0.31923076923076926,0.004487179487179527,True
paysim,2,P_PRIMARY,raw,0.1,capacity_contrasts,delta_recall,0.09166666666666667,0.14102564102564102,0.04935897435897435,True
paysim,2,P_WEIGHT,clipped,0.01,capacity_contrasts,delta_recall,0.03397435897435898,0.0282051282051282,-0.00576923076923078,True
paysim,2,P_WEIGHT,clipped,0.03,capacity_contrasts,delta_recall,0.015384615384615382,0.011538461538461537,-0.0038461538461538446,True
paysim,2,P_WEIGHT,clipped,0.05,capacity_contrasts,delta_recall,0.015384615384615382,0.01217948717948718,-0.0032051282051282024,True
paysim,2,P_WEIGHT,clipped,0.1,capacity_contrasts,delta_recall,0.014102564102564103,0.01666666666666667,0.002564102564102567,True
paysim,2,P_WEIGHT,platt,0.01,capacity_contrasts,delta_recall,0.03397435897435898,0.0282051282051282,-0.00576923076923078,True
paysim,2,P_WEIGHT,platt,0.03,capacity_contrasts,delta_recall,0.015384615384615382,0.011538461538461537,-0.0038461538461538446,True
paysim,2,P_WEIGHT,platt,0.05,capacity_contrasts,delta_recall,0.015384615384615382,0.01217948717948718,-0.0032051282051282024,True
paysim,2,P_WEIGHT,platt,0.1,capacity_contrasts,delta_recall,0.014102564102564103,0.01666666666666667,0.002564102564102567,True
paysim,2,P_WEIGHT,raw,0.01,capacity_contrasts,delta_recall,0.03397435897435898,0.0282051282051282,-0.00576923076923078,True
paysim,2,P_WEIGHT,raw,0.03,capacity_contrasts,delta_recall,0.015384615384615382,0.011538461538461537,-0.0038461538461538446,True
paysim,2,P_WEIGHT,raw,0.05,capacity_contrasts,delta_recall,0.015384615384615382,0.01217948717948718,-0.0032051282051282024,True
paysim,2,P_WEIGHT,raw,0.1,capacity_contrasts,delta_recall,0.014102564102564103,0.01666666666666667,0.002564102564102567,True
paysim,3,P_BUNDLE,clipped,0.01,capacity_contrasts,delta_recall,0.03676939426142402,-0.07523910733262487,-0.11200850159404889,True
paysim,3,P_BUNDLE,clipped,0.03,capacity_contrasts,delta_recall,0.271413390010627,0.2586609989373007,-0.012752391073326264,True
paysim,3,P_BUNDLE,clipped,0.05,capacity_contrasts,delta_recall,0.2502125398512221,0.2447396386822529,-0.005472901168969202,True
paysim,3,P_BUNDLE,clipped,0.1,capacity_contrasts,delta_recall,0.10260361317747077,0.0871413390010627,-0.015462274176408067,True
paysim,3,P_BUNDLE,platt,0.01,capacity_contrasts,delta_recall,0.03676939426142402,-0.07523910733262487,-0.11200850159404889,True
paysim,3,P_BUNDLE,platt,0.03,capacity_contrasts,delta_recall,0.271413390010627,0.2586609989373007,-0.012752391073326264,True
paysim,3,P_BUNDLE,platt,0.05,capacity_contrasts,delta_recall,0.2502125398512221,0.2447396386822529,-0.005472901168969202,True
paysim,3,P_BUNDLE,platt,0.1,capacity_contrasts,delta_recall,0.10260361317747077,0.0871413390010627,-0.015462274176408067,True
paysim,3,P_BUNDLE,raw,0.01,capacity_contrasts,delta_recall,0.03719447396386822,-0.07290116896918172,-0.11009564293304994,True
paysim,3,P_BUNDLE,raw,0.03,capacity_contrasts,delta_recall,0.271413390010627,0.2586609989373007,-0.012752391073326264,True
paysim,3,P_BUNDLE,raw,0.05,capacity_contrasts,delta_recall,0.2502125398512221,0.2447396386822529,-0.005472901168969202,True
paysim,3,P_BUNDLE,raw,0.1,capacity_contrasts,delta_recall,0.10260361317747077,0.0871413390010627,-0.015462274176408067,True
paysim,3,P_H_BASE,clipped,0.01,capacity_contrasts,delta_recall,0.17555791710945803,0.10568544102019128,-0.06987247608926675,True
paysim,3,P_H_BASE,clipped,0.03,capacity_contrasts,delta_recall,0.27608926673751333,0.2865568544102019,0.010467587672688572,True
paysim,3,P_H_BASE,clipped,0.05,capacity_contrasts,delta_recall,0.18969181721572795,0.21030818278427205,0.0206163655685441,True
paysim,3,P_H_BASE,clipped,0.1,capacity_contrasts,delta_recall,0.0657279489904357,0.08251859723698193,0.016790648246546233,True
paysim,3,P_H_BASE,platt,0.01,capacity_contrasts,delta_recall,0.17555791710945803,0.10568544102019128,-0.06987247608926675,True
paysim,3,P_H_BASE,platt,0.03,capacity_contrasts,delta_recall,0.27608926673751333,0.2865568544102019,0.010467587672688572,True
paysim,3,P_H_BASE,platt,0.05,capacity_contrasts,delta_recall,0.18969181721572795,0.21030818278427205,0.0206163655685441,True
paysim,3,P_H_BASE,platt,0.1,capacity_contrasts,delta_recall,0.0657279489904357,0.08251859723698193,0.016790648246546233,True
paysim,3,P_H_BASE,raw,0.01,capacity_contrasts,delta_recall,0.17555791710945803,0.10568544102019128,-0.06987247608926675,True
paysim,3,P_H_BASE,raw,0.03,capacity_contrasts,delta_recall,0.27608926673751333,0.2865568544102019,0.010467587672688572,True
paysim,3,P_H_BASE,raw,0.05,capacity_contrasts,delta_recall,0.18969181721572795,0.21030818278427205,0.0206163655685441,True
paysim,3,P_H_BASE,raw,0.1,capacity_contrasts,delta_recall,0.0657279489904357,0.08251859723698193,0.016790648246546233,True
paysim,3,P_H_TIME,clipped,0.01,capacity_contrasts,delta_recall,0.1905951115834219,0.11083953241232732,-0.07975557917109459,True
paysim,3,P_H_TIME,clipped,0.03,capacity_contrasts,delta_recall,0.2075982996811902,0.18809776833156217,-0.019500531349628036,True
paysim,3,P_H_TIME,clipped,0.05,capacity_contrasts,delta_recall,0.17640807651434645,0.15770456960680126,-0.018703506907545187,True
paysim,3,P_H_TIME,clipped,0.1,capacity_contrasts,delta_recall,0.0765143464399575,0.05371944739638682,-0.022794899043570675,True
paysim,3,P_H_TIME,platt,0.01,capacity_contrasts,delta_recall,0.1905951115834219,0.11083953241232732,-0.07975557917109459,True
paysim,3,P_H_TIME,platt,0.03,capacity_contrasts,delta_recall,0.2075982996811902,0.18809776833156217,-0.019500531349628036,True
paysim,3,P_H_TIME,platt,0.05,capacity_contrasts,delta_recall,0.17640807651434645,0.15770456960680126,-0.018703506907545187,True
paysim,3,P_H_TIME,platt,0.1,capacity_contrasts,delta_recall,0.0765143464399575,0.05371944739638682,-0.022794899043570675,True
paysim,3,P_H_TIME,raw,0.01,capacity_contrasts,delta_recall,0.1710414452709883,0.12061636556854412,-0.050425079702444184,True
paysim,3,P_H_TIME,raw,0.03,capacity_contrasts,delta_recall,0.2075982996811902,0.18809776833156217,-0.019500531349628036,True
paysim,3,P_H_TIME,raw,0.05,capacity_contrasts,delta_recall,0.17640807651434645,0.15770456960680126,-0.018703506907545187,True
paysim,3,P_H_TIME,raw,0.1,capacity_contrasts,delta_recall,0.0765143464399575,0.05371944739638682,-0.022794899043570675,True
paysim,3,P_PRIMARY,clipped,0.01,capacity_contrasts,delta_recall,0.07321997874601487,0.030977683315621684,-0.04224229543039318,True
paysim,3,P_PRIMARY,clipped,0.03,capacity_contrasts,delta_recall,0.28868225292242294,0.2691285866099894,-0.01955366631243355,True
paysim,3,P_PRIMARY,clipped,0.05,capacity_contrasts,delta_recall,0.23230605738575982,0.19909670563230605,-0.03320935175345377,True
paysim,3,P_PRIMARY,clipped,0.1,capacity_contrasts,delta_recall,0.08374070138150903,0.08363443145589798,-0.0001062699256110522,True
paysim,3,P_PRIMARY,platt,0.01,capacity_contrasts,delta_recall,0.07321997874601487,0.030977683315621684,-0.04224229543039318,True
paysim,3,P_PRIMARY,platt,0.03,capacity_contrasts,delta_recall,0.28868225292242294,0.2691285866099894,-0.01955366631243355,True
paysim,3,P_PRIMARY,platt,0.05,capacity_contrasts,delta_recall,0.23230605738575982,0.19909670563230605,-0.03320935175345377,True
paysim,3,P_PRIMARY,platt,0.1,capacity_contrasts,delta_recall,0.08374070138150903,0.08363443145589798,-0.0001062699256110522,True
paysim,3,P_PRIMARY,raw,0.01,capacity_contrasts,delta_recall,0.09420828905419766,0.03852284803400637,-0.05568544102019129,True
paysim,3,P_PRIMARY,raw,0.03,capacity_contrasts,delta_recall,0.28868225292242294,0.2691285866099894,-0.01955366631243355,True
paysim,3,P_PRIMARY,raw,0.05,capacity_contrasts,delta_recall,0.23230605738575982,0.19909670563230605,-0.03320935175345377,True
paysim,3,P_PRIMARY,raw,0.1,capacity_contrasts,delta_recall,0.08374070138150903,0.08363443145589798,-0.0001062699256110522,True
paysim,3,P_WEIGHT,clipped,0.01,capacity_contrasts,delta_recall,0.03645058448459086,0.10621679064824655,0.06976620616365568,True
paysim,3,P_WEIGHT,clipped,0.03,capacity_contrasts,delta_recall,0.017268862911795968,0.010467587672688631,-0.006801275239107337,True
paysim,3,P_WEIGHT,clipped,0.05,capacity_contrasts,delta_recall,-0.017906482465462274,-0.04564293304994687,-0.027736450584484595,True
paysim,3,P_WEIGHT,clipped,0.1,capacity_contrasts,delta_recall,-0.018862911795961744,-0.003506907545164717,0.015356004250797027,True
paysim,3,P_WEIGHT,platt,0.01,capacity_contrasts,delta_recall,0.03645058448459086,0.10621679064824655,0.06976620616365568,True
paysim,3,P_WEIGHT,platt,0.03,capacity_contrasts,delta_recall,0.017268862911795968,0.010467587672688631,-0.006801275239107337,True
paysim,3,P_WEIGHT,platt,0.05,capacity_contrasts,delta_recall,-0.017906482465462274,-0.04564293304994687,-0.027736450584484595,True
paysim,3,P_WEIGHT,platt,0.1,capacity_contrasts,delta_recall,-0.018862911795961744,-0.003506907545164717,0.015356004250797027,True
paysim,3,P_WEIGHT,raw,0.01,capacity_contrasts,delta_recall,0.057013815090329434,0.11142401700318809,0.054410201912858655,True
paysim,3,P_WEIGHT,raw,0.03,capacity_contrasts,delta_recall,0.017268862911795968,0.010467587672688631,-0.006801275239107337,True
paysim,3,P_WEIGHT,raw,0.05,capacity_contrasts,delta_recall,-0.017906482465462274,-0.04564293304994687,-0.027736450584484595,True
paysim,3,P_WEIGHT,raw,0.1,capacity_contrasts,delta_recall,-0.018862911795961744,-0.003506907545164717,0.015356004250797027,True
paysim,1,P_BUNDLE,clipped,0.01,capacity_contrasts,cost_reduction,21169.6,23613.8,2444.2000000000007,True
paysim,1,P_BUNDLE,clipped,0.03,capacity_contrasts,cost_reduction,19351.6,22159.4,2807.800000000003,True
paysim,1,P_BUNDLE,clipped,0.05,capacity_contrasts,cost_reduction,15109.6,17776.0,2666.3999999999996,True
paysim,1,P_BUNDLE,clipped,0.1,capacity_contrasts,cost_reduction,4242.0,9332.4,5090.4,True
paysim,1,P_BUNDLE,platt,0.01,capacity_contrasts,cost_reduction,21169.6,23613.8,2444.2000000000007,True
paysim,1,P_BUNDLE,platt,0.03,capacity_contrasts,cost_reduction,19351.6,22159.4,2807.800000000003,True
paysim,1,P_BUNDLE,platt,0.05,capacity_contrasts,cost_reduction,15109.6,17776.0,2666.3999999999996,True
paysim,1,P_BUNDLE,platt,0.1,capacity_contrasts,cost_reduction,4242.0,9332.4,5090.4,True
paysim,1,P_BUNDLE,raw,0.01,capacity_contrasts,cost_reduction,21169.6,23613.8,2444.2000000000007,True
paysim,1,P_BUNDLE,raw,0.03,capacity_contrasts,cost_reduction,19351.6,22159.4,2807.800000000003,True
paysim,1,P_BUNDLE,raw,0.05,capacity_contrasts,cost_reduction,15109.6,17776.0,2666.3999999999996,True
paysim,1,P_BUNDLE,raw,0.1,capacity_contrasts,cost_reduction,4242.0,9332.4,5090.4,True
paysim,1,P_H_BASE,clipped,0.01,capacity_contrasts,cost_reduction,16745.8,17008.4,262.6000000000022,True
paysim,1,P_H_BASE,clipped,0.03,capacity_contrasts,cost_reduction,15230.8,17230.6,1999.7999999999993,True
paysim,1,P_H_BASE,clipped,0.05,capacity_contrasts,cost_reduction,11615.0,14847.0,3232.0,True
paysim,1,P_H_BASE,clipped,0.1,capacity_contrasts,cost_reduction,1151.4,6342.8,5191.4,True
paysim,1,P_H_BASE,platt,0.01,capacity_contrasts,cost_reduction,16745.8,17008.4,262.6000000000022,True
paysim,1,P_H_BASE,platt,0.03,capacity_contrasts,cost_reduction,15230.8,17230.6,1999.7999999999993,True
paysim,1,P_H_BASE,platt,0.05,capacity_contrasts,cost_reduction,11615.0,14847.0,3232.0,True
paysim,1,P_H_BASE,platt,0.1,capacity_contrasts,cost_reduction,1151.4,6342.8,5191.4,True
paysim,1,P_H_BASE,raw,0.01,capacity_contrasts,cost_reduction,16745.8,17008.4,262.6000000000022,True
paysim,1,P_H_BASE,raw,0.03,capacity_contrasts,cost_reduction,15230.8,17230.6,1999.7999999999993,True
paysim,1,P_H_BASE,raw,0.05,capacity_contrasts,cost_reduction,11615.0,14847.0,3232.0,True
paysim,1,P_H_BASE,raw,0.1,capacity_contrasts,cost_reduction,1151.4,6342.8,5191.4,True
paysim,1,P_H_TIME,clipped,0.01,capacity_contrasts,cost_reduction,8241.6,11231.2,2989.6000000000004,True
paysim,1,P_H_TIME,clipped,0.03,capacity_contrasts,cost_reduction,6908.4,9999.0,3090.6000000000004,True
paysim,1,P_H_TIME,clipped,0.05,capacity_contrasts,cost_reduction,3232.0,7251.8,4019.8,True
paysim,1,P_H_TIME,clipped,0.1,capacity_contrasts,cost_reduction,60.6,3979.4,3918.8,True
paysim,1,P_H_TIME,platt,0.01,capacity_contrasts,cost_reduction,8241.6,11231.2,2989.6000000000004,True
paysim,1,P_H_TIME,platt,0.03,capacity_contrasts,cost_reduction,6908.4,9999.0,3090.6000000000004,True
paysim,1,P_H_TIME,platt,0.05,capacity_contrasts,cost_reduction,3232.0,7251.8,4019.8,True
paysim,1,P_H_TIME,platt,0.1,capacity_contrasts,cost_reduction,60.6,3979.4,3918.8,True
paysim,1,P_H_TIME,raw,0.01,capacity_contrasts,cost_reduction,8241.6,11231.2,2989.6000000000004,True
paysim,1,P_H_TIME,raw,0.03,capacity_contrasts,cost_reduction,6908.4,9999.0,3090.6000000000004,True
paysim,1,P_H_TIME,raw,0.05,capacity_contrasts,cost_reduction,3232.0,7251.8,4019.8,True
paysim,1,P_H_TIME,raw,0.1,capacity_contrasts,cost_reduction,60.6,3979.4,3918.8,True
paysim,1,P_PRIMARY,clipped,0.01,capacity_contrasts,cost_reduction,20523.2,23896.6,3373.399999999998,True
paysim,1,P_PRIMARY,clipped,0.03,capacity_contrasts,cost_reduction,18321.4,22038.2,3716.7999999999993,True
paysim,1,P_PRIMARY,clipped,0.05,capacity_contrasts,cost_reduction,14321.8,17796.2,3474.4000000000015,True
paysim,1,P_PRIMARY,clipped,0.1,capacity_contrasts,cost_reduction,3494.6,8827.4,5332.799999999999,True
paysim,1,P_PRIMARY,platt,0.01,capacity_contrasts,cost_reduction,20523.2,23896.6,3373.399999999998,True
paysim,1,P_PRIMARY,platt,0.03,capacity_contrasts,cost_reduction,18321.4,22038.2,3716.7999999999993,True
paysim,1,P_PRIMARY,platt,0.05,capacity_contrasts,cost_reduction,14321.8,17796.2,3474.4000000000015,True
paysim,1,P_PRIMARY,platt,0.1,capacity_contrasts,cost_reduction,3494.6,8827.4,5332.799999999999,True
paysim,1,P_PRIMARY,raw,0.01,capacity_contrasts,cost_reduction,20523.2,23896.6,3373.399999999998,True
paysim,1,P_PRIMARY,raw,0.03,capacity_contrasts,cost_reduction,18321.4,22038.2,3716.7999999999993,True
paysim,1,P_PRIMARY,raw,0.05,capacity_contrasts,cost_reduction,14321.8,17796.2,3474.4000000000015,True
paysim,1,P_PRIMARY,raw,0.1,capacity_contrasts,cost_reduction,3494.6,8827.4,5332.799999999999,True
paysim,1,P_WEIGHT,clipped,0.01,capacity_contrasts,cost_reduction,-646.4,282.8,929.2,True
paysim,1,P_WEIGHT,clipped,0.03,capacity_contrasts,cost_reduction,-1030.2,-121.2,909.0,True
paysim,1,P_WEIGHT,clipped,0.05,capacity_contrasts,cost_reduction,-787.8,20.2,808.0,True
paysim,1,P_WEIGHT,clipped,0.1,capacity_contrasts,cost_reduction,-747.4,-505.0,242.39999999999998,True
paysim,1,P_WEIGHT,platt,0.01,capacity_contrasts,cost_reduction,-646.4,282.8,929.2,True
paysim,1,P_WEIGHT,platt,0.03,capacity_contrasts,cost_reduction,-1030.2,-121.2,909.0,True
paysim,1,P_WEIGHT,platt,0.05,capacity_contrasts,cost_reduction,-787.8,20.2,808.0,True
paysim,1,P_WEIGHT,platt,0.1,capacity_contrasts,cost_reduction,-747.4,-505.0,242.39999999999998,True
paysim,1,P_WEIGHT,raw,0.01,capacity_contrasts,cost_reduction,-646.4,282.8,929.2,True
paysim,1,P_WEIGHT,raw,0.03,capacity_contrasts,cost_reduction,-1030.2,-121.2,909.0,True
paysim,1,P_WEIGHT,raw,0.05,capacity_contrasts,cost_reduction,-787.8,20.2,808.0,True
paysim,1,P_WEIGHT,raw,0.1,capacity_contrasts,cost_reduction,-747.4,-505.0,242.39999999999998,True
paysim,2,P_BUNDLE,clipped,0.01,capacity_contrasts,cost_reduction,11534.2,11675.6,141.39999999999964,True
paysim,2,P_BUNDLE,clipped,0.03,capacity_contrasts,cost_reduction,11756.4,13332.0,1575.6000000000004,True
paysim,2,P_BUNDLE,clipped,0.05,capacity_contrasts,cost_reduction,9433.4,9675.8,242.39999999999964,True
paysim,2,P_BUNDLE,clipped,0.1,capacity_contrasts,cost_reduction,2444.2,3918.8,1474.6000000000004,True
paysim,2,P_BUNDLE,platt,0.01,capacity_contrasts,cost_reduction,11534.2,11675.6,141.39999999999964,True
paysim,2,P_BUNDLE,platt,0.03,capacity_contrasts,cost_reduction,11756.4,13332.0,1575.6000000000004,True
paysim,2,P_BUNDLE,platt,0.05,capacity_contrasts,cost_reduction,9433.4,9675.8,242.39999999999964,True
paysim,2,P_BUNDLE,platt,0.1,capacity_contrasts,cost_reduction,2444.2,3918.8,1474.6000000000004,True
paysim,2,P_BUNDLE,raw,0.01,capacity_contrasts,cost_reduction,11534.2,11675.6,141.39999999999964,True
paysim,2,P_BUNDLE,raw,0.03,capacity_contrasts,cost_reduction,11756.4,13332.0,1575.6000000000004,True
paysim,2,P_BUNDLE,raw,0.05,capacity_contrasts,cost_reduction,9433.4,9675.8,242.39999999999964,True
paysim,2,P_BUNDLE,raw,0.1,capacity_contrasts,cost_reduction,2444.2,3918.8,1474.6000000000004,True
paysim,2,P_H_BASE,clipped,0.01,capacity_contrasts,cost_reduction,7231.6,8989.0,1757.3999999999996,True
paysim,2,P_H_BASE,clipped,0.03,capacity_contrasts,cost_reduction,11069.6,11089.8,20.19999999999891,True
paysim,2,P_H_BASE,clipped,0.05,capacity_contrasts,cost_reduction,8787.0,7413.4,-1373.6000000000004,True
paysim,2,P_H_BASE,clipped,0.1,capacity_contrasts,cost_reduction,1999.8,2201.8,202.00000000000023,True
paysim,2,P_H_BASE,platt,0.01,capacity_contrasts,cost_reduction,7231.6,8989.0,1757.3999999999996,True
paysim,2,P_H_BASE,platt,0.03,capacity_contrasts,cost_reduction,11069.6,11089.8,20.19999999999891,True
paysim,2,P_H_BASE,platt,0.05,capacity_contrasts,cost_reduction,8787.0,7413.4,-1373.6000000000004,True
paysim,2,P_H_BASE,platt,0.1,capacity_contrasts,cost_reduction,1999.8,2201.8,202.00000000000023,True
paysim,2,P_H_BASE,raw,0.01,capacity_contrasts,cost_reduction,7231.6,8989.0,1757.3999999999996,True
paysim,2,P_H_BASE,raw,0.03,capacity_contrasts,cost_reduction,11069.6,11089.8,20.19999999999891,True
paysim,2,P_H_BASE,raw,0.05,capacity_contrasts,cost_reduction,8787.0,7413.4,-1373.6000000000004,True
paysim,2,P_H_BASE,raw,0.1,capacity_contrasts,cost_reduction,1999.8,2201.8,202.00000000000023,True
paysim,2,P_H_TIME,clipped,0.01,capacity_contrasts,cost_reduction,5151.0,6039.8,888.8000000000002,True
paysim,2,P_H_TIME,clipped,0.03,capacity_contrasts,cost_reduction,6282.2,8504.2,2222.000000000001,True
paysim,2,P_H_TIME,clipped,0.05,capacity_contrasts,cost_reduction,4242.0,6322.6,2080.6000000000004,True
paysim,2,P_H_TIME,clipped,0.1,capacity_contrasts,cost_reduction,646.4,2626.0,1979.6,True
paysim,2,P_H_TIME,platt,0.01,capacity_contrasts,cost_reduction,5151.0,6039.8,888.8000000000002,True
paysim,2,P_H_TIME,platt,0.03,capacity_contrasts,cost_reduction,6282.2,8504.2,2222.000000000001,True
paysim,2,P_H_TIME,platt,0.05,capacity_contrasts,cost_reduction,4242.0,6322.6,2080.6000000000004,True
paysim,2,P_H_TIME,platt,0.1,capacity_contrasts,cost_reduction,646.4,2626.0,1979.6,True
paysim,2,P_H_TIME,raw,0.01,capacity_contrasts,cost_reduction,5151.0,6039.8,888.8000000000002,True
paysim,2,P_H_TIME,raw,0.03,capacity_contrasts,cost_reduction,6282.2,8504.2,2222.000000000001,True
paysim,2,P_H_TIME,raw,0.05,capacity_contrasts,cost_reduction,4242.0,6322.6,2080.6000000000004,True
paysim,2,P_H_TIME,raw,0.1,capacity_contrasts,cost_reduction,646.4,2626.0,1979.6,True
paysim,2,P_PRIMARY,clipped,0.01,capacity_contrasts,cost_reduction,12604.8,12564.4,-40.399999999999636,True
paysim,2,P_PRIMARY,clipped,0.03,capacity_contrasts,cost_reduction,12241.2,13695.6,1454.3999999999996,True
paysim,2,P_PRIMARY,clipped,0.05,capacity_contrasts,cost_reduction,9918.2,10059.6,141.39999999999964,True
paysim,2,P_PRIMARY,clipped,0.1,capacity_contrasts,cost_reduction,2888.6,4444.0,1555.4,True
paysim,2,P_PRIMARY,platt,0.01,capacity_contrasts,cost_reduction,12604.8,12564.4,-40.399999999999636,True
paysim,2,P_PRIMARY,platt,0.03,capacity_contrasts,cost_reduction,12241.2,13695.6,1454.3999999999996,True
paysim,2,P_PRIMARY,platt,0.05,capacity_contrasts,cost_reduction,9918.2,10059.6,141.39999999999964,True
paysim,2,P_PRIMARY,platt,0.1,capacity_contrasts,cost_reduction,2888.6,4444.0,1555.4,True
paysim,2,P_PRIMARY,raw,0.01,capacity_contrasts,cost_reduction,12604.8,12564.4,-40.399999999999636,True
paysim,2,P_PRIMARY,raw,0.03,capacity_contrasts,cost_reduction,12241.2,13695.6,1454.3999999999996,True
paysim,2,P_PRIMARY,raw,0.05,capacity_contrasts,cost_reduction,9918.2,10059.6,141.39999999999964,True
paysim,2,P_PRIMARY,raw,0.1,capacity_contrasts,cost_reduction,2888.6,4444.0,1555.4,True
paysim,2,P_WEIGHT,clipped,0.01,capacity_contrasts,cost_reduction,1070.6,888.8,-181.79999999999995,True
paysim,2,P_WEIGHT,clipped,0.03,capacity_contrasts,cost_reduction,484.8,363.6,-121.19999999999999,True
paysim,2,P_WEIGHT,clipped,0.05,capacity_contrasts,cost_reduction,484.8,383.8,-101.0,True
paysim,2,P_WEIGHT,clipped,0.1,capacity_contrasts,cost_reduction,444.4,525.2,80.80000000000007,True
paysim,2,P_WEIGHT,platt,0.01,capacity_contrasts,cost_reduction,1070.6,888.8,-181.79999999999995,True
paysim,2,P_WEIGHT,platt,0.03,capacity_contrasts,cost_reduction,484.8,363.6,-121.19999999999999,True
paysim,2,P_WEIGHT,platt,0.05,capacity_contrasts,cost_reduction,484.8,383.8,-101.0,True
paysim,2,P_WEIGHT,platt,0.1,capacity_contrasts,cost_reduction,444.4,525.2,80.80000000000007,True
paysim,2,P_WEIGHT,raw,0.01,capacity_contrasts,cost_reduction,1070.6,888.8,-181.79999999999995,True
paysim,2,P_WEIGHT,raw,0.03,capacity_contrasts,cost_reduction,484.8,363.6,-121.19999999999999,True
paysim,2,P_WEIGHT,raw,0.05,capacity_contrasts,cost_reduction,484.8,383.8,-101.0,True
paysim,2,P_WEIGHT,raw,0.1,capacity_contrasts,cost_reduction,444.4,525.2,80.80000000000007,True
paysim,3,P_BUNDLE,clipped,0.01,capacity_contrasts,cost_reduction,13978.4,-28603.2,-42581.6,True
paysim,3,P_BUNDLE,clipped,0.03,capacity_contrasts,cost_reduction,103181.6,98333.6,-4848.0,True
paysim,3,P_BUNDLE,clipped,0.05,capacity_contrasts,cost_reduction,95121.8,93041.2,-2080.600000000006,True
paysim,3,P_BUNDLE,clipped,0.1,capacity_contrasts,cost_reduction,39006.2,33128.0,-5878.199999999997,True
paysim,3,P_BUNDLE,platt,0.01,capacity_contrasts,cost_reduction,13978.4,-28603.2,-42581.6,True
paysim,3,P_BUNDLE,platt,0.03,capacity_contrasts,cost_reduction,103181.6,98333.6,-4848.0,True
paysim,3,P_BUNDLE,platt,0.05,capacity_contrasts,cost_reduction,95121.8,93041.2,-2080.600000000006,True
paysim,3,P_BUNDLE,platt,0.1,capacity_contrasts,cost_reduction,39006.2,33128.0,-5878.199999999997,True
paysim,3,P_BUNDLE,raw,0.01,capacity_contrasts,cost_reduction,14140.0,-27714.4,-41854.4,True
paysim,3,P_BUNDLE,raw,0.03,capacity_contrasts,cost_reduction,103181.6,98333.6,-4848.0,True
paysim,3,P_BUNDLE,raw,0.05,capacity_contrasts,cost_reduction,95121.8,93041.2,-2080.600000000006,True
paysim,3,P_BUNDLE,raw,0.1,capacity_contrasts,cost_reduction,39006.2,33128.0,-5878.199999999997,True
paysim,3,P_H_BASE,clipped,0.01,capacity_contrasts,cost_reduction,66740.8,40177.8,-26563.0,True
paysim,3,P_H_BASE,clipped,0.03,capacity_contrasts,cost_reduction,104959.2,108938.6,3979.4000000000087,True
paysim,3,P_H_BASE,clipped,0.05,capacity_contrasts,cost_reduction,72114.0,79951.6,7837.600000000006,True
paysim,3,P_H_BASE,clipped,0.1,capacity_contrasts,cost_reduction,24987.4,31370.6,6383.199999999997,True
paysim,3,P_H_BASE,platt,0.01,capacity_contrasts,cost_reduction,66740.8,40177.8,-26563.0,True
paysim,3,P_H_BASE,platt,0.03,capacity_contrasts,cost_reduction,104959.2,108938.6,3979.4000000000087,True
paysim,3,P_H_BASE,platt,0.05,capacity_contrasts,cost_reduction,72114.0,79951.6,7837.600000000006,True
paysim,3,P_H_BASE,platt,0.1,capacity_contrasts,cost_reduction,24987.4,31370.6,6383.199999999997,True
paysim,3,P_H_BASE,raw,0.01,capacity_contrasts,cost_reduction,66740.8,40177.8,-26563.0,True
paysim,3,P_H_BASE,raw,0.03,capacity_contrasts,cost_reduction,104959.2,108938.6,3979.4000000000087,True
paysim,3,P_H_BASE,raw,0.05,capacity_contrasts,cost_reduction,72114.0,79951.6,7837.600000000006,True
paysim,3,P_H_BASE,raw,0.1,capacity_contrasts,cost_reduction,24987.4,31370.6,6383.199999999997,True
paysim,3,P_H_TIME,clipped,0.01,capacity_contrasts,cost_reduction,72457.4,42137.2,-30320.199999999997,True
paysim,3,P_H_TIME,clipped,0.03,capacity_contrasts,cost_reduction,78921.4,71508.0,-7413.399999999994,True
paysim,3,P_H_TIME,clipped,0.05,capacity_contrasts,cost_reduction,67064.0,59953.6,-7110.4000000000015,True
paysim,3,P_H_TIME,clipped,0.1,capacity_contrasts,cost_reduction,29088.0,20422.2,-8665.8,True
paysim,3,P_H_TIME,platt,0.01,capacity_contrasts,cost_reduction,72457.4,42137.2,-30320.199999999997,True
paysim,3,P_H_TIME,platt,0.03,capacity_contrasts,cost_reduction,78921.4,71508.0,-7413.399999999994,True
paysim,3,P_H_TIME,platt,0.05,capacity_contrasts,cost_reduction,67064.0,59953.6,-7110.4000000000015,True
paysim,3,P_H_TIME,platt,0.1,capacity_contrasts,cost_reduction,29088.0,20422.2,-8665.8,True
paysim,3,P_H_TIME,raw,0.01,capacity_contrasts,cost_reduction,65023.8,45854.0,-19169.800000000003,True
paysim,3,P_H_TIME,raw,0.03,capacity_contrasts,cost_reduction,78921.4,71508.0,-7413.399999999994,True
paysim,3,P_H_TIME,raw,0.05,capacity_contrasts,cost_reduction,67064.0,59953.6,-7110.4000000000015,True
paysim,3,P_H_TIME,raw,0.1,capacity_contrasts,cost_reduction,29088.0,20422.2,-8665.8,True
paysim,3,P_PRIMARY,clipped,0.01,capacity_contrasts,cost_reduction,27835.6,11776.6,-16058.999999999998,True
paysim,3,P_PRIMARY,clipped,0.03,capacity_contrasts,cost_reduction,109746.6,102313.0,-7433.600000000006,True
paysim,3,P_PRIMARY,clipped,0.05,capacity_contrasts,cost_reduction,88314.4,75689.4,-12625.0,True
paysim,3,P_PRIMARY,clipped,0.1,capacity_contrasts,cost_reduction,31835.2,31794.8,-40.400000000001455,True
paysim,3,P_PRIMARY,platt,0.01,capacity_contrasts,cost_reduction,27835.6,11776.6,-16058.999999999998,True
paysim,3,P_PRIMARY,platt,0.03,capacity_contrasts,cost_reduction,109746.6,102313.0,-7433.600000000006,True
paysim,3,P_PRIMARY,platt,0.05,capacity_contrasts,cost_reduction,88314.4,75689.4,-12625.0,True
paysim,3,P_PRIMARY,platt,0.1,capacity_contrasts,cost_reduction,31835.2,31794.8,-40.400000000001455,True
paysim,3,P_PRIMARY,raw,0.01,capacity_contrasts,cost_reduction,35814.6,14645.0,-21169.6,True
paysim,3,P_PRIMARY,raw,0.03,capacity_contrasts,cost_reduction,109746.6,102313.0,-7433.600000000006,True
paysim,3,P_PRIMARY,raw,0.05,capacity_contrasts,cost_reduction,88314.4,75689.4,-12625.0,True
paysim,3,P_PRIMARY,raw,0.1,capacity_contrasts,cost_reduction,31835.2,31794.8,-40.400000000001455,True
paysim,3,P_WEIGHT,clipped,0.01,capacity_contrasts,cost_reduction,13857.2,40379.8,26522.600000000002,True
paysim,3,P_WEIGHT,clipped,0.03,capacity_contrasts,cost_reduction,6565.0,3979.4,-2585.6,True
paysim,3,P_WEIGHT,clipped,0.05,capacity_contrasts,cost_reduction,-6807.4,-17351.8,-10544.4,True
paysim,3,P_WEIGHT,clipped,0.1,capacity_contrasts,cost_reduction,-7171.0,-1333.2,5837.8,True
paysim,3,P_WEIGHT,platt,0.01,capacity_contrasts,cost_reduction,13857.2,40379.8,26522.600000000002,True
paysim,3,P_WEIGHT,platt,0.03,capacity_contrasts,cost_reduction,6565.0,3979.4,-2585.6,True
paysim,3,P_WEIGHT,platt,0.05,capacity_contrasts,cost_reduction,-6807.4,-17351.8,-10544.4,True
paysim,3,P_WEIGHT,platt,0.1,capacity_contrasts,cost_reduction,-7171.0,-1333.2,5837.8,True
paysim,3,P_WEIGHT,raw,0.01,capacity_contrasts,cost_reduction,21674.6,42359.4,20684.800000000003,True
paysim,3,P_WEIGHT,raw,0.03,capacity_contrasts,cost_reduction,6565.0,3979.4,-2585.6,True
paysim,3,P_WEIGHT,raw,0.05,capacity_contrasts,cost_reduction,-6807.4,-17351.8,-10544.4,True
paysim,3,P_WEIGHT,raw,0.1,capacity_contrasts,cost_reduction,-7171.0,-1333.2,5837.8,True
paysim,1,P_BUNDLE,clipped,0.01,capacity_contrasts,envelope_lower,205.0,217.4,12.400000000000006,True
paysim,1,P_BUNDLE,clipped,0.03,capacity_contrasts,envelope_lower,188.4,217.0,28.599999999999994,True
paysim,1,P_BUNDLE,clipped,0.05,capacity_contrasts,envelope_lower,144.0,168.6,24.599999999999994,True
paysim,1,P_BUNDLE,clipped,0.1,capacity_contrasts,envelope_lower,37.6,89.6,51.99999999999999,True
paysim,1,P_BUNDLE,platt,0.01,capacity_contrasts,envelope_lower,205.0,217.4,12.400000000000006,True
paysim,1,P_BUNDLE,platt,0.03,capacity_contrasts,envelope_lower,188.4,217.0,28.599999999999994,True
paysim,1,P_BUNDLE,platt,0.05,capacity_contrasts,envelope_lower,144.0,168.6,24.599999999999994,True
paysim,1,P_BUNDLE,platt,0.1,capacity_contrasts,envelope_lower,37.6,89.6,51.99999999999999,True
paysim,1,P_BUNDLE,raw,0.01,capacity_contrasts,envelope_lower,205.0,217.4,12.400000000000006,True
paysim,1,P_BUNDLE,raw,0.03,capacity_contrasts,envelope_lower,188.4,217.0,28.599999999999994,True
paysim,1,P_BUNDLE,raw,0.05,capacity_contrasts,envelope_lower,144.0,168.6,24.599999999999994,True
paysim,1,P_BUNDLE,raw,0.1,capacity_contrasts,envelope_lower,37.6,89.6,51.99999999999999,True
paysim,1,P_H_BASE,clipped,0.01,capacity_contrasts,envelope_lower,142.0,144.4,2.4000000000000057,True
paysim,1,P_H_BASE,clipped,0.03,capacity_contrasts,envelope_lower,143.6,166.8,23.200000000000017,True
paysim,1,P_H_BASE,clipped,0.05,capacity_contrasts,envelope_lower,103.6,137.2,33.599999999999994,True
paysim,1,P_H_BASE,clipped,0.1,capacity_contrasts,envelope_lower,5.6,57.8,52.199999999999996,True
paysim,1,P_H_BASE,platt,0.01,capacity_contrasts,envelope_lower,142.0,144.4,2.4000000000000057,True
paysim,1,P_H_BASE,platt,0.03,capacity_contrasts,envelope_lower,143.6,166.8,23.200000000000017,True
paysim,1,P_H_BASE,platt,0.05,capacity_contrasts,envelope_lower,103.6,137.2,33.599999999999994,True
paysim,1,P_H_BASE,platt,0.1,capacity_contrasts,envelope_lower,5.6,57.8,52.199999999999996,True
paysim,1,P_H_BASE,raw,0.01,capacity_contrasts,envelope_lower,142.0,144.4,2.4000000000000057,True
paysim,1,P_H_BASE,raw,0.03,capacity_contrasts,envelope_lower,143.6,166.8,23.200000000000017,True
paysim,1,P_H_BASE,raw,0.05,capacity_contrasts,envelope_lower,103.6,137.2,33.599999999999994,True
paysim,1,P_H_BASE,raw,0.1,capacity_contrasts,envelope_lower,5.6,57.8,52.199999999999996,True
paysim,1,P_H_TIME,clipped,0.01,capacity_contrasts,envelope_lower,77.8,107.0,29.200000000000003,True
paysim,1,P_H_TIME,clipped,0.03,capacity_contrasts,envelope_lower,66.8,97.8,31.0,True
paysim,1,P_H_TIME,clipped,0.05,capacity_contrasts,envelope_lower,26.8,67.6,40.8,True
paysim,1,P_H_TIME,clipped,0.1,capacity_contrasts,envelope_lower,-2.6,37.4,40.0,True
paysim,1,P_H_TIME,platt,0.01,capacity_contrasts,envelope_lower,77.8,107.0,29.200000000000003,True
paysim,1,P_H_TIME,platt,0.03,capacity_contrasts,envelope_lower,66.8,97.8,31.0,True
paysim,1,P_H_TIME,platt,0.05,capacity_contrasts,envelope_lower,26.8,67.6,40.8,True
paysim,1,P_H_TIME,platt,0.1,capacity_contrasts,envelope_lower,-2.6,37.4,40.0,True
paysim,1,P_H_TIME,raw,0.01,capacity_contrasts,envelope_lower,77.8,107.0,29.200000000000003,True
paysim,1,P_H_TIME,raw,0.03,capacity_contrasts,envelope_lower,66.8,97.8,31.0,True
paysim,1,P_H_TIME,raw,0.05,capacity_contrasts,envelope_lower,26.8,67.6,40.8,True
paysim,1,P_H_TIME,raw,0.1,capacity_contrasts,envelope_lower,-2.6,37.4,40.0,True
paysim,1,P_PRIMARY,clipped,0.01,capacity_contrasts,envelope_lower,201.2,219.4,18.200000000000017,True
paysim,1,P_PRIMARY,clipped,0.03,capacity_contrasts,envelope_lower,178.2,215.2,37.0,True
paysim,1,P_PRIMARY,clipped,0.05,capacity_contrasts,envelope_lower,138.4,169.2,30.799999999999983,True
paysim,1,P_PRIMARY,clipped,0.1,capacity_contrasts,envelope_lower,30.2,84.2,54.0,True
paysim,1,P_PRIMARY,platt,0.01,capacity_contrasts,envelope_lower,201.2,219.4,18.200000000000017,True
paysim,1,P_PRIMARY,platt,0.03,capacity_contrasts,envelope_lower,178.2,215.2,37.0,True
paysim,1,P_PRIMARY,platt,0.05,capacity_contrasts,envelope_lower,138.4,169.2,30.799999999999983,True
paysim,1,P_PRIMARY,platt,0.1,capacity_contrasts,envelope_lower,30.2,84.2,54.0,True
paysim,1,P_PRIMARY,raw,0.01,capacity_contrasts,envelope_lower,201.2,219.4,18.200000000000017,True
paysim,1,P_PRIMARY,raw,0.03,capacity_contrasts,envelope_lower,178.2,215.2,37.0,True
paysim,1,P_PRIMARY,raw,0.05,capacity_contrasts,envelope_lower,138.4,169.2,30.799999999999983,True
paysim,1,P_PRIMARY,raw,0.1,capacity_contrasts,envelope_lower,30.2,84.2,54.0,True
paysim,1,P_WEIGHT,clipped,0.01,capacity_contrasts,envelope_lower,-12.2,-3.4,8.799999999999999,True
paysim,1,P_WEIGHT,clipped,0.03,capacity_contrasts,envelope_lower,-17.2,-6.0,11.2,True
paysim,1,P_WEIGHT,clipped,0.05,capacity_contrasts,envelope_lower,-15.2,-5.2,10.0,True
paysim,1,P_WEIGHT,clipped,0.1,capacity_contrasts,envelope_lower,-16.4,-11.8,4.599999999999998,True
paysim,1,P_WEIGHT,platt,0.01,capacity_contrasts,envelope_lower,-12.2,-3.4,8.799999999999999,True
paysim,1,P_WEIGHT,platt,0.03,capacity_contrasts,envelope_lower,-17.2,-6.0,11.2,True
paysim,1,P_WEIGHT,platt,0.05,capacity_contrasts,envelope_lower,-15.2,-5.2,10.0,True
paysim,1,P_WEIGHT,platt,0.1,capacity_contrasts,envelope_lower,-16.4,-11.8,4.599999999999998,True
paysim,1,P_WEIGHT,raw,0.01,capacity_contrasts,envelope_lower,-12.2,-3.4,8.799999999999999,True
paysim,1,P_WEIGHT,raw,0.03,capacity_contrasts,envelope_lower,-17.2,-6.0,11.2,True
paysim,1,P_WEIGHT,raw,0.05,capacity_contrasts,envelope_lower,-15.2,-5.2,10.0,True
paysim,1,P_WEIGHT,raw,0.1,capacity_contrasts,envelope_lower,-16.4,-11.8,4.599999999999998,True
paysim,2,P_BUNDLE,clipped,0.01,capacity_contrasts,envelope_lower,88.4,93.8,5.3999999999999915,True
paysim,2,P_BUNDLE,clipped,0.03,capacity_contrasts,envelope_lower,113.0,130.8,17.80000000000001,True
paysim,2,P_BUNDLE,clipped,0.05,capacity_contrasts,envelope_lower,90.4,92.2,1.7999999999999972,True
paysim,2,P_BUNDLE,clipped,0.1,capacity_contrasts,envelope_lower,23.2,38.0,14.8,True
paysim,2,P_BUNDLE,platt,0.01,capacity_contrasts,envelope_lower,88.4,93.8,5.3999999999999915,True
paysim,2,P_BUNDLE,platt,0.03,capacity_contrasts,envelope_lower,113.0,130.8,17.80000000000001,True
paysim,2,P_BUNDLE,platt,0.05,capacity_contrasts,envelope_lower,90.4,92.2,1.7999999999999972,True
paysim,2,P_BUNDLE,platt,0.1,capacity_contrasts,envelope_lower,23.2,38.0,14.8,True
paysim,2,P_BUNDLE,raw,0.01,capacity_contrasts,envelope_lower,88.4,93.8,5.3999999999999915,True
paysim,2,P_BUNDLE,raw,0.03,capacity_contrasts,envelope_lower,113.0,130.8,17.80000000000001,True
paysim,2,P_BUNDLE,raw,0.05,capacity_contrasts,envelope_lower,90.4,92.2,1.7999999999999972,True
paysim,2,P_BUNDLE,raw,0.1,capacity_contrasts,envelope_lower,23.2,38.0,14.8,True
paysim,2,P_H_BASE,clipped,0.01,capacity_contrasts,envelope_lower,44.4,56.6,12.200000000000003,True
paysim,2,P_H_BASE,clipped,0.03,capacity_contrasts,envelope_lower,107.0,108.6,1.5999999999999943,True
paysim,2,P_H_BASE,clipped,0.05,capacity_contrasts,envelope_lower,81.6,69.4,-12.199999999999989,True
paysim,2,P_H_BASE,clipped,0.1,capacity_contrasts,envelope_lower,17.0,20.6,3.6000000000000014,True
paysim,2,P_H_BASE,platt,0.01,capacity_contrasts,envelope_lower,44.4,56.6,12.200000000000003,True
paysim,2,P_H_BASE,platt,0.03,capacity_contrasts,envelope_lower,107.0,108.6,1.5999999999999943,True
paysim,2,P_H_BASE,platt,0.05,capacity_contrasts,envelope_lower,81.6,69.4,-12.199999999999989,True
paysim,2,P_H_BASE,platt,0.1,capacity_contrasts,envelope_lower,17.0,20.6,3.6000000000000014,True
paysim,2,P_H_BASE,raw,0.01,capacity_contrasts,envelope_lower,44.4,56.6,12.200000000000003,True
paysim,2,P_H_BASE,raw,0.03,capacity_contrasts,envelope_lower,107.0,108.6,1.5999999999999943,True
paysim,2,P_H_BASE,raw,0.05,capacity_contrasts,envelope_lower,81.6,69.4,-12.199999999999989,True
paysim,2,P_H_BASE,raw,0.1,capacity_contrasts,envelope_lower,17.0,20.6,3.6000000000000014,True
paysim,2,P_H_TIME,clipped,0.01,capacity_contrasts,envelope_lower,43.8,50.0,6.200000000000003,True
paysim,2,P_H_TIME,clipped,0.03,capacity_contrasts,envelope_lower,60.0,83.2,23.200000000000003,True
paysim,2,P_H_TIME,clipped,0.05,capacity_contrasts,envelope_lower,41.0,59.8,18.799999999999997,True
paysim,2,P_H_TIME,clipped,0.1,capacity_contrasts,envelope_lower,6.0,25.2,19.2,True
paysim,2,P_H_TIME,platt,0.01,capacity_contrasts,envelope_lower,43.8,50.0,6.200000000000003,True
paysim,2,P_H_TIME,platt,0.03,capacity_contrasts,envelope_lower,60.0,83.2,23.200000000000003,True
paysim,2,P_H_TIME,platt,0.05,capacity_contrasts,envelope_lower,41.0,59.8,18.799999999999997,True
paysim,2,P_H_TIME,platt,0.1,capacity_contrasts,envelope_lower,6.0,25.2,19.2,True
paysim,2,P_H_TIME,raw,0.01,capacity_contrasts,envelope_lower,43.8,50.0,6.200000000000003,True
paysim,2,P_H_TIME,raw,0.03,capacity_contrasts,envelope_lower,60.0,83.2,23.200000000000003,True
paysim,2,P_H_TIME,raw,0.05,capacity_contrasts,envelope_lower,41.0,59.8,18.799999999999997,True
paysim,2,P_H_TIME,raw,0.1,capacity_contrasts,envelope_lower,6.0,25.2,19.2,True
paysim,2,P_PRIMARY,clipped,0.01,capacity_contrasts,envelope_lower,92.2,104.0,11.799999999999997,True
paysim,2,P_PRIMARY,clipped,0.03,capacity_contrasts,envelope_lower,119.2,134.2,14.999999999999986,True
paysim,2,P_PRIMARY,clipped,0.05,capacity_contrasts,envelope_lower,93.0,97.6,4.599999999999994,True
paysim,2,P_PRIMARY,clipped,0.1,capacity_contrasts,envelope_lower,26.6,42.8,16.199999999999996,True
paysim,2,P_PRIMARY,platt,0.01,capacity_contrasts,envelope_lower,92.2,104.0,11.799999999999997,True
paysim,2,P_PRIMARY,platt,0.03,capacity_contrasts,envelope_lower,119.2,134.2,14.999999999999986,True
paysim,2,P_PRIMARY,platt,0.05,capacity_contrasts,envelope_lower,93.0,97.6,4.599999999999994,True
paysim,2,P_PRIMARY,platt,0.1,capacity_contrasts,envelope_lower,26.6,42.8,16.199999999999996,True
paysim,2,P_PRIMARY,raw,0.01,capacity_contrasts,envelope_lower,92.2,104.0,11.799999999999997,True
paysim,2,P_PRIMARY,raw,0.03,capacity_contrasts,envelope_lower,119.2,134.2,14.999999999999986,True
paysim,2,P_PRIMARY,raw,0.05,capacity_contrasts,envelope_lower,93.0,97.6,4.599999999999994,True
paysim,2,P_PRIMARY,raw,0.1,capacity_contrasts,envelope_lower,26.6,42.8,16.199999999999996,True
paysim,2,P_WEIGHT,clipped,0.01,capacity_contrasts,envelope_lower,-1.6,3.6,5.2,True
paysim,2,P_WEIGHT,clipped,0.03,capacity_contrasts,envelope_lower,3.0,2.4,-0.6000000000000001,True
paysim,2,P_WEIGHT,clipped,0.05,capacity_contrasts,envelope_lower,-2.0,-2.8,-0.7999999999999998,True
paysim,2,P_WEIGHT,clipped,0.1,capacity_contrasts,envelope_lower,2.8,4.0,1.2000000000000002,True
paysim,2,P_WEIGHT,platt,0.01,capacity_contrasts,envelope_lower,-1.6,3.6,5.2,True
paysim,2,P_WEIGHT,platt,0.03,capacity_contrasts,envelope_lower,3.0,2.4,-0.6000000000000001,True
paysim,2,P_WEIGHT,platt,0.05,capacity_contrasts,envelope_lower,-2.0,-2.8,-0.7999999999999998,True
paysim,2,P_WEIGHT,platt,0.1,capacity_contrasts,envelope_lower,2.8,4.0,1.2000000000000002,True
paysim,2,P_WEIGHT,raw,0.01,capacity_contrasts,envelope_lower,-1.6,3.6,5.2,True
paysim,2,P_WEIGHT,raw,0.03,capacity_contrasts,envelope_lower,3.0,2.4,-0.6000000000000001,True
paysim,2,P_WEIGHT,raw,0.05,capacity_contrasts,envelope_lower,-2.0,-2.8,-0.7999999999999998,True
paysim,2,P_WEIGHT,raw,0.1,capacity_contrasts,envelope_lower,2.8,4.0,1.2000000000000002,True
paysim,3,P_BUNDLE,clipped,0.01,capacity_contrasts,envelope_lower,-13.4,-536.6,-523.2,True
paysim,3,P_BUNDLE,clipped,0.03,capacity_contrasts,envelope_lower,988.0,927.2,-60.799999999999955,True
paysim,3,P_BUNDLE,clipped,0.05,capacity_contrasts,envelope_lower,930.8,882.2,-48.59999999999991,True
paysim,3,P_BUNDLE,clipped,0.1,capacity_contrasts,envelope_lower,362.2,286.0,-76.19999999999999,True
paysim,3,P_BUNDLE,platt,0.01,capacity_contrasts,envelope_lower,-13.4,-536.6,-523.2,True
paysim,3,P_BUNDLE,platt,0.03,capacity_contrasts,envelope_lower,988.0,927.2,-60.799999999999955,True
paysim,3,P_BUNDLE,platt,0.05,capacity_contrasts,envelope_lower,930.8,882.2,-48.59999999999991,True
paysim,3,P_BUNDLE,platt,0.1,capacity_contrasts,envelope_lower,362.2,286.0,-76.19999999999999,True
paysim,3,P_BUNDLE,raw,0.01,capacity_contrasts,envelope_lower,7.4,-522.2,-529.6,True
paysim,3,P_BUNDLE,raw,0.03,capacity_contrasts,envelope_lower,988.0,927.2,-60.799999999999955,True
paysim,3,P_BUNDLE,raw,0.05,capacity_contrasts,envelope_lower,930.8,882.2,-48.59999999999991,True
paysim,3,P_BUNDLE,raw,0.1,capacity_contrasts,envelope_lower,362.2,286.0,-76.19999999999999,True
paysim,3,P_H_BASE,clipped,0.01,capacity_contrasts,envelope_lower,442.2,357.4,-84.80000000000001,True
paysim,3,P_H_BASE,clipped,0.03,capacity_contrasts,envelope_lower,1003.0,1029.8,26.799999999999955,True
paysim,3,P_H_BASE,clipped,0.05,capacity_contrasts,envelope_lower,698.4,737.8,39.39999999999998,True
paysim,3,P_H_BASE,clipped,0.1,capacity_contrasts,envelope_lower,212.6,266.8,54.20000000000002,True
paysim,3,P_H_BASE,platt,0.01,capacity_contrasts,envelope_lower,442.2,357.4,-84.80000000000001,True
paysim,3,P_H_BASE,platt,0.03,capacity_contrasts,envelope_lower,1003.0,1029.8,26.799999999999955,True
paysim,3,P_H_BASE,platt,0.05,capacity_contrasts,envelope_lower,698.4,737.8,39.39999999999998,True
paysim,3,P_H_BASE,platt,0.1,capacity_contrasts,envelope_lower,212.6,266.8,54.20000000000002,True
paysim,3,P_H_BASE,raw,0.01,capacity_contrasts,envelope_lower,442.2,357.4,-84.80000000000001,True
paysim,3,P_H_BASE,raw,0.03,capacity_contrasts,envelope_lower,1003.0,1029.8,26.799999999999955,True
paysim,3,P_H_BASE,raw,0.05,capacity_contrasts,envelope_lower,698.4,737.8,39.39999999999998,True
paysim,3,P_H_BASE,raw,0.1,capacity_contrasts,envelope_lower,212.6,266.8,54.20000000000002,True
paysim,3,P_H_TIME,clipped,0.01,capacity_contrasts,envelope_lower,-238.8,-741.4,-502.59999999999997,True
paysim,3,P_H_TIME,clipped,0.03,capacity_contrasts,envelope_lower,779.2,703.4,-75.80000000000007,True
paysim,3,P_H_TIME,clipped,0.05,capacity_contrasts,envelope_lower,656.0,587.0,-69.0,True
paysim,3,P_H_TIME,clipped,0.1,capacity_contrasts,envelope_lower,281.0,184.0,-97.0,True
paysim,3,P_H_TIME,platt,0.01,capacity_contrasts,envelope_lower,-238.8,-741.4,-502.59999999999997,True
paysim,3,P_H_TIME,platt,0.03,capacity_contrasts,envelope_lower,779.2,703.4,-75.80000000000007,True
paysim,3,P_H_TIME,platt,0.05,capacity_contrasts,envelope_lower,656.0,587.0,-69.0,True
paysim,3,P_H_TIME,platt,0.1,capacity_contrasts,envelope_lower,281.0,184.0,-97.0,True
paysim,3,P_H_TIME,raw,0.01,capacity_contrasts,envelope_lower,-0.8,-610.6,-609.8000000000001,True
paysim,3,P_H_TIME,raw,0.03,capacity_contrasts,envelope_lower,779.2,703.4,-75.80000000000007,True
paysim,3,P_H_TIME,raw,0.05,capacity_contrasts,envelope_lower,656.0,587.0,-69.0,True
paysim,3,P_H_TIME,raw,0.1,capacity_contrasts,envelope_lower,281.0,184.0,-97.0,True
paysim,3,P_PRIMARY,clipped,0.01,capacity_contrasts,envelope_lower,-24.0,-121.4,-97.4,True
paysim,3,P_PRIMARY,clipped,0.03,capacity_contrasts,envelope_lower,1050.8,966.6,-84.19999999999993,True
paysim,3,P_PRIMARY,clipped,0.05,capacity_contrasts,envelope_lower,856.4,707.8,-148.60000000000002,True
paysim,3,P_PRIMARY,clipped,0.1,capacity_contrasts,envelope_lower,277.8,286.8,9.0,True
paysim,3,P_PRIMARY,platt,0.01,capacity_contrasts,envelope_lower,-24.0,-121.4,-97.4,True
paysim,3,P_PRIMARY,platt,0.03,capacity_contrasts,envelope_lower,1050.8,966.6,-84.19999999999993,True
paysim,3,P_PRIMARY,platt,0.05,capacity_contrasts,envelope_lower,856.4,707.8,-148.60000000000002,True
paysim,3,P_PRIMARY,platt,0.1,capacity_contrasts,envelope_lower,277.8,286.8,9.0,True
paysim,3,P_PRIMARY,raw,0.01,capacity_contrasts,envelope_lower,307.0,11.4,-295.6,True
paysim,3,P_PRIMARY,raw,0.03,capacity_contrasts,envelope_lower,1050.8,966.6,-84.19999999999993,True
paysim,3,P_PRIMARY,raw,0.05,capacity_contrasts,envelope_lower,856.4,707.8,-148.60000000000002,True
paysim,3,P_PRIMARY,raw,0.1,capacity_contrasts,envelope_lower,277.8,286.8,9.0,True
paysim,3,P_WEIGHT,clipped,0.01,capacity_contrasts,envelope_lower,-347.4,-190.6,156.79999999999998,True
paysim,3,P_WEIGHT,clipped,0.03,capacity_contrasts,envelope_lower,58.8,24.8,-34.0,True
paysim,3,P_WEIGHT,clipped,0.05,capacity_contrasts,envelope_lower,-77.4,-191.6,-114.19999999999999,True
paysim,3,P_WEIGHT,clipped,0.1,capacity_contrasts,envelope_lower,-91.4,-18.8,72.60000000000001,True
paysim,3,P_WEIGHT,platt,0.01,capacity_contrasts,envelope_lower,-347.4,-190.6,156.79999999999998,True
paysim,3,P_WEIGHT,platt,0.03,capacity_contrasts,envelope_lower,58.8,24.8,-34.0,True
paysim,3,P_WEIGHT,platt,0.05,capacity_contrasts,envelope_lower,-77.4,-191.6,-114.19999999999999,True
paysim,3,P_WEIGHT,platt,0.1,capacity_contrasts,envelope_lower,-91.4,-18.8,72.60000000000001,True
paysim,3,P_WEIGHT,raw,0.01,capacity_contrasts,envelope_lower,3.6,-32.0,-35.6,True
paysim,3,P_WEIGHT,raw,0.03,capacity_contrasts,envelope_lower,58.8,24.8,-34.0,True
paysim,3,P_WEIGHT,raw,0.05,capacity_contrasts,envelope_lower,-77.4,-191.6,-114.19999999999999,True
paysim,3,P_WEIGHT,raw,0.1,capacity_contrasts,envelope_lower,-91.4,-18.8,72.60000000000001,True
paysim,1,P_BUNDLE,clipped,0.01,capacity_contrasts,envelope_upper,214.4,250.4,36.0,True
paysim,1,P_BUNDLE,clipped,0.03,capacity_contrasts,envelope_upper,198.2,236.2,38.0,True
paysim,1,P_BUNDLE,clipped,0.05,capacity_contrasts,envelope_upper,155.2,180.8,25.600000000000023,True
paysim,1,P_BUNDLE,clipped,0.1,capacity_contrasts,envelope_upper,49.2,97.4,48.2,True
paysim,1,P_BUNDLE,platt,0.01,capacity_contrasts,envelope_upper,214.4,250.4,36.0,True
paysim,1,P_BUNDLE,platt,0.03,capacity_contrasts,envelope_upper,198.2,236.2,38.0,True
paysim,1,P_BUNDLE,platt,0.05,capacity_contrasts,envelope_upper,155.2,180.8,25.600000000000023,True
paysim,1,P_BUNDLE,platt,0.1,capacity_contrasts,envelope_upper,49.2,97.4,48.2,True
paysim,1,P_BUNDLE,raw,0.01,capacity_contrasts,envelope_upper,214.4,250.4,36.0,True
paysim,1,P_BUNDLE,raw,0.03,capacity_contrasts,envelope_upper,198.2,236.2,38.0,True
paysim,1,P_BUNDLE,raw,0.05,capacity_contrasts,envelope_upper,155.2,180.8,25.600000000000023,True
paysim,1,P_BUNDLE,raw,0.1,capacity_contrasts,envelope_upper,49.2,97.4,48.2,True
paysim,1,P_H_BASE,clipped,0.01,capacity_contrasts,envelope_upper,174.8,194.8,20.0,True
paysim,1,P_H_BASE,clipped,0.03,capacity_contrasts,envelope_upper,163.8,188.0,24.19999999999999,True
paysim,1,P_H_BASE,clipped,0.05,capacity_contrasts,envelope_upper,123.8,157.8,34.000000000000014,True
paysim,1,P_H_BASE,clipped,0.1,capacity_contrasts,envelope_upper,18.2,64.2,46.0,True
paysim,1,P_H_BASE,platt,0.01,capacity_contrasts,envelope_upper,174.8,194.8,20.0,True
paysim,1,P_H_BASE,platt,0.03,capacity_contrasts,envelope_upper,163.8,188.0,24.19999999999999,True
paysim,1,P_H_BASE,platt,0.05,capacity_contrasts,envelope_upper,123.8,157.8,34.000000000000014,True
paysim,1,P_H_BASE,platt,0.1,capacity_contrasts,envelope_upper,18.2,64.2,46.0,True
paysim,1,P_H_BASE,raw,0.01,capacity_contrasts,envelope_upper,174.8,194.8,20.0,True
paysim,1,P_H_BASE,raw,0.03,capacity_contrasts,envelope_upper,163.8,188.0,24.19999999999999,True
paysim,1,P_H_BASE,raw,0.05,capacity_contrasts,envelope_upper,123.8,157.8,34.000000000000014,True
paysim,1,P_H_BASE,raw,0.1,capacity_contrasts,envelope_upper,18.2,64.2,46.0,True
paysim,1,P_H_TIME,clipped,0.01,capacity_contrasts,envelope_upper,86.2,112.4,26.200000000000003,True
paysim,1,P_H_TIME,clipped,0.03,capacity_contrasts,envelope_upper,73.8,102.4,28.60000000000001,True
paysim,1,P_H_TIME,clipped,0.05,capacity_contrasts,envelope_upper,36.4,73.4,37.00000000000001,True
paysim,1,P_H_TIME,clipped,0.1,capacity_contrasts,envelope_upper,6.6,43.8,37.199999999999996,True
paysim,1,P_H_TIME,platt,0.01,capacity_contrasts,envelope_upper,86.2,112.4,26.200000000000003,True
paysim,1,P_H_TIME,platt,0.03,capacity_contrasts,envelope_upper,73.8,102.4,28.60000000000001,True
paysim,1,P_H_TIME,platt,0.05,capacity_contrasts,envelope_upper,36.4,73.4,37.00000000000001,True
paysim,1,P_H_TIME,platt,0.1,capacity_contrasts,envelope_upper,6.6,43.8,37.199999999999996,True
paysim,1,P_H_TIME,raw,0.01,capacity_contrasts,envelope_upper,86.2,112.4,26.200000000000003,True
paysim,1,P_H_TIME,raw,0.03,capacity_contrasts,envelope_upper,73.8,102.4,28.60000000000001,True
paysim,1,P_H_TIME,raw,0.05,capacity_contrasts,envelope_upper,36.4,73.4,37.00000000000001,True
paysim,1,P_H_TIME,raw,0.1,capacity_contrasts,envelope_upper,6.6,43.8,37.199999999999996,True
paysim,1,P_PRIMARY,clipped,0.01,capacity_contrasts,envelope_upper,205.4,253.0,47.599999999999994,True
paysim,1,P_PRIMARY,clipped,0.03,capacity_contrasts,envelope_upper,188.4,234.4,46.0,True
paysim,1,P_PRIMARY,clipped,0.05,capacity_contrasts,envelope_upper,144.2,180.2,36.0,True
paysim,1,P_PRIMARY,clipped,0.1,capacity_contrasts,envelope_upper,43.0,89.4,46.400000000000006,True
paysim,1,P_PRIMARY,platt,0.01,capacity_contrasts,envelope_upper,205.4,253.0,47.599999999999994,True
paysim,1,P_PRIMARY,platt,0.03,capacity_contrasts,envelope_upper,188.4,234.4,46.0,True
paysim,1,P_PRIMARY,platt,0.05,capacity_contrasts,envelope_upper,144.2,180.2,36.0,True
paysim,1,P_PRIMARY,platt,0.1,capacity_contrasts,envelope_upper,43.0,89.4,46.400000000000006,True
paysim,1,P_PRIMARY,raw,0.01,capacity_contrasts,envelope_upper,205.4,253.0,47.599999999999994,True
paysim,1,P_PRIMARY,raw,0.03,capacity_contrasts,envelope_upper,188.4,234.4,46.0,True
paysim,1,P_PRIMARY,raw,0.05,capacity_contrasts,envelope_upper,144.2,180.2,36.0,True
paysim,1,P_PRIMARY,raw,0.1,capacity_contrasts,envelope_upper,43.0,89.4,46.400000000000006,True
paysim,1,P_WEIGHT,clipped,0.01,capacity_contrasts,envelope_upper,-0.6,8.0,8.6,True
paysim,1,P_WEIGHT,clipped,0.03,capacity_contrasts,envelope_upper,-2.8,2.4,5.199999999999999,True
paysim,1,P_WEIGHT,clipped,0.05,capacity_contrasts,envelope_upper,-1.4,5.2,6.6,True
paysim,1,P_WEIGHT,clipped,0.1,capacity_contrasts,envelope_upper,2.8,-1.6,-4.4,True
paysim,1,P_WEIGHT,platt,0.01,capacity_contrasts,envelope_upper,-0.6,8.0,8.6,True
paysim,1,P_WEIGHT,platt,0.03,capacity_contrasts,envelope_upper,-2.8,2.4,5.199999999999999,True
paysim,1,P_WEIGHT,platt,0.05,capacity_contrasts,envelope_upper,-1.4,5.2,6.6,True
paysim,1,P_WEIGHT,platt,0.1,capacity_contrasts,envelope_upper,2.8,-1.6,-4.4,True
paysim,1,P_WEIGHT,raw,0.01,capacity_contrasts,envelope_upper,-0.6,8.0,8.6,True
paysim,1,P_WEIGHT,raw,0.03,capacity_contrasts,envelope_upper,-2.8,2.4,5.199999999999999,True
paysim,1,P_WEIGHT,raw,0.05,capacity_contrasts,envelope_upper,-1.4,5.2,6.6,True
paysim,1,P_WEIGHT,raw,0.1,capacity_contrasts,envelope_upper,2.8,-1.6,-4.4,True
paysim,2,P_BUNDLE,clipped,0.01,capacity_contrasts,envelope_upper,120.0,122.0,2.0,True
paysim,2,P_BUNDLE,clipped,0.03,capacity_contrasts,envelope_upper,119.0,135.8,16.80000000000001,True
paysim,2,P_BUNDLE,clipped,0.05,capacity_contrasts,envelope_upper,97.4,102.2,4.799999999999997,True
paysim,2,P_BUNDLE,clipped,0.1,capacity_contrasts,envelope_upper,26.4,40.6,14.200000000000003,True
paysim,2,P_BUNDLE,platt,0.01,capacity_contrasts,envelope_upper,120.0,122.0,2.0,True
paysim,2,P_BUNDLE,platt,0.03,capacity_contrasts,envelope_upper,119.0,135.8,16.80000000000001,True
paysim,2,P_BUNDLE,platt,0.05,capacity_contrasts,envelope_upper,97.4,102.2,4.799999999999997,True
paysim,2,P_BUNDLE,platt,0.1,capacity_contrasts,envelope_upper,26.4,40.6,14.200000000000003,True
paysim,2,P_BUNDLE,raw,0.01,capacity_contrasts,envelope_upper,120.0,122.0,2.0,True
paysim,2,P_BUNDLE,raw,0.03,capacity_contrasts,envelope_upper,119.0,135.8,16.80000000000001,True
paysim,2,P_BUNDLE,raw,0.05,capacity_contrasts,envelope_upper,97.4,102.2,4.799999999999997,True
paysim,2,P_BUNDLE,raw,0.1,capacity_contrasts,envelope_upper,26.4,40.6,14.200000000000003,True
paysim,2,P_H_BASE,clipped,0.01,capacity_contrasts,envelope_upper,95.4,104.2,8.799999999999997,True
paysim,2,P_H_BASE,clipped,0.03,capacity_contrasts,envelope_upper,115.8,118.4,2.6000000000000085,True
paysim,2,P_H_BASE,clipped,0.05,capacity_contrasts,envelope_upper,94.6,83.6,-11.0,True
paysim,2,P_H_BASE,clipped,0.1,capacity_contrasts,envelope_upper,27.2,24.0,-3.1999999999999993,True
paysim,2,P_H_BASE,platt,0.01,capacity_contrasts,envelope_upper,95.4,104.2,8.799999999999997,True
paysim,2,P_H_BASE,platt,0.03,capacity_contrasts,envelope_upper,115.8,118.4,2.6000000000000085,True
paysim,2,P_H_BASE,platt,0.05,capacity_contrasts,envelope_upper,94.6,83.6,-11.0,True
paysim,2,P_H_BASE,platt,0.1,capacity_contrasts,envelope_upper,27.2,24.0,-3.1999999999999993,True
paysim,2,P_H_BASE,raw,0.01,capacity_contrasts,envelope_upper,95.4,104.2,8.799999999999997,True
paysim,2,P_H_BASE,raw,0.03,capacity_contrasts,envelope_upper,115.8,118.4,2.6000000000000085,True
paysim,2,P_H_BASE,raw,0.05,capacity_contrasts,envelope_upper,94.6,83.6,-11.0,True
paysim,2,P_H_BASE,raw,0.1,capacity_contrasts,envelope_upper,27.2,24.0,-3.1999999999999993,True
paysim,2,P_H_TIME,clipped,0.01,capacity_contrasts,envelope_upper,55.2,64.6,9.399999999999991,True
paysim,2,P_H_TIME,clipped,0.03,capacity_contrasts,envelope_upper,63.4,84.8,21.4,True
paysim,2,P_H_TIME,clipped,0.05,capacity_contrasts,envelope_upper,45.8,68.0,22.200000000000003,True
paysim,2,P_H_TIME,clipped,0.1,capacity_contrasts,envelope_upper,6.6,26.6,20.0,True
paysim,2,P_H_TIME,platt,0.01,capacity_contrasts,envelope_upper,55.2,64.6,9.399999999999991,True
paysim,2,P_H_TIME,platt,0.03,capacity_contrasts,envelope_upper,63.4,84.8,21.4,True
paysim,2,P_H_TIME,platt,0.05,capacity_contrasts,envelope_upper,45.8,68.0,22.200000000000003,True
paysim,2,P_H_TIME,platt,0.1,capacity_contrasts,envelope_upper,6.6,26.6,20.0,True
paysim,2,P_H_TIME,raw,0.01,capacity_contrasts,envelope_upper,55.2,64.6,9.399999999999991,True
paysim,2,P_H_TIME,raw,0.03,capacity_contrasts,envelope_upper,63.4,84.8,21.4,True
paysim,2,P_H_TIME,raw,0.05,capacity_contrasts,envelope_upper,45.8,68.0,22.200000000000003,True
paysim,2,P_H_TIME,raw,0.1,capacity_contrasts,envelope_upper,6.6,26.6,20.0,True
paysim,2,P_PRIMARY,clipped,0.01,capacity_contrasts,envelope_upper,130.4,129.0,-1.4000000000000057,True
paysim,2,P_PRIMARY,clipped,0.03,capacity_contrasts,envelope_upper,126.6,140.4,13.800000000000011,True
paysim,2,P_PRIMARY,clipped,0.05,capacity_contrasts,envelope_upper,101.6,103.4,1.8000000000000114,True
paysim,2,P_PRIMARY,clipped,0.1,capacity_contrasts,envelope_upper,37.4,49.6,12.200000000000003,True
paysim,2,P_PRIMARY,platt,0.01,capacity_contrasts,envelope_upper,130.4,129.0,-1.4000000000000057,True
paysim,2,P_PRIMARY,platt,0.03,capacity_contrasts,envelope_upper,126.6,140.4,13.800000000000011,True
paysim,2,P_PRIMARY,platt,0.05,capacity_contrasts,envelope_upper,101.6,103.4,1.8000000000000114,True
paysim,2,P_PRIMARY,platt,0.1,capacity_contrasts,envelope_upper,37.4,49.6,12.200000000000003,True
paysim,2,P_PRIMARY,raw,0.01,capacity_contrasts,envelope_upper,130.4,129.0,-1.4000000000000057,True
paysim,2,P_PRIMARY,raw,0.03,capacity_contrasts,envelope_upper,126.6,140.4,13.800000000000011,True
paysim,2,P_PRIMARY,raw,0.05,capacity_contrasts,envelope_upper,101.6,103.4,1.8000000000000114,True
paysim,2,P_PRIMARY,raw,0.1,capacity_contrasts,envelope_upper,37.4,49.6,12.200000000000003,True
paysim,2,P_WEIGHT,clipped,0.01,capacity_contrasts,envelope_upper,15.8,13.6,-2.200000000000001,True
paysim,2,P_WEIGHT,clipped,0.03,capacity_contrasts,envelope_upper,10.8,5.6,-5.200000000000001,True
paysim,2,P_WEIGHT,clipped,0.05,capacity_contrasts,envelope_upper,8.8,9.4,0.5999999999999996,True
paysim,2,P_WEIGHT,clipped,0.1,capacity_contrasts,envelope_upper,11.6,9.8,-1.799999999999999,True
paysim,2,P_WEIGHT,platt,0.01,capacity_contrasts,envelope_upper,15.8,13.6,-2.200000000000001,True
paysim,2,P_WEIGHT,platt,0.03,capacity_contrasts,envelope_upper,10.8,5.6,-5.200000000000001,True
paysim,2,P_WEIGHT,platt,0.05,capacity_contrasts,envelope_upper,8.8,9.4,0.5999999999999996,True
paysim,2,P_WEIGHT,platt,0.1,capacity_contrasts,envelope_upper,11.6,9.8,-1.799999999999999,True
paysim,2,P_WEIGHT,raw,0.01,capacity_contrasts,envelope_upper,15.8,13.6,-2.200000000000001,True
paysim,2,P_WEIGHT,raw,0.03,capacity_contrasts,envelope_upper,10.8,5.6,-5.200000000000001,True
paysim,2,P_WEIGHT,raw,0.05,capacity_contrasts,envelope_upper,8.8,9.4,0.5999999999999996,True
paysim,2,P_WEIGHT,raw,0.1,capacity_contrasts,envelope_upper,11.6,9.8,-1.799999999999999,True
paysim,3,P_BUNDLE,clipped,0.01,capacity_contrasts,envelope_upper,360.0,118.2,-241.8,True
paysim,3,P_BUNDLE,clipped,0.03,capacity_contrasts,envelope_upper,1036.2,1000.0,-36.200000000000045,True
paysim,3,P_BUNDLE,clipped,0.05,capacity_contrasts,envelope_upper,951.8,945.8,-6.0,True
paysim,3,P_BUNDLE,clipped,0.1,capacity_contrasts,envelope_upper,398.6,345.8,-52.80000000000001,True
paysim,3,P_BUNDLE,platt,0.01,capacity_contrasts,envelope_upper,360.0,118.2,-241.8,True
paysim,3,P_BUNDLE,platt,0.03,capacity_contrasts,envelope_upper,1036.2,1000.0,-36.200000000000045,True
paysim,3,P_BUNDLE,platt,0.05,capacity_contrasts,envelope_upper,951.8,945.8,-6.0,True
paysim,3,P_BUNDLE,platt,0.1,capacity_contrasts,envelope_upper,398.6,345.8,-52.80000000000001,True
paysim,3,P_BUNDLE,raw,0.01,capacity_contrasts,envelope_upper,340.0,92.4,-247.6,True
paysim,3,P_BUNDLE,raw,0.03,capacity_contrasts,envelope_upper,1036.2,1000.0,-36.200000000000045,True
paysim,3,P_BUNDLE,raw,0.05,capacity_contrasts,envelope_upper,951.8,945.8,-6.0,True
paysim,3,P_BUNDLE,raw,0.1,capacity_contrasts,envelope_upper,398.6,345.8,-52.80000000000001,True
paysim,3,P_H_BASE,clipped,0.01,capacity_contrasts,envelope_upper,902.8,743.0,-159.79999999999995,True
paysim,3,P_H_BASE,clipped,0.03,capacity_contrasts,envelope_upper,1069.6,1142.6,73.0,True
paysim,3,P_H_BASE,clipped,0.05,capacity_contrasts,envelope_upper,806.0,893.6,87.60000000000002,True
paysim,3,P_H_BASE,clipped,0.1,capacity_contrasts,envelope_upper,268.6,335.2,66.59999999999997,True
paysim,3,P_H_BASE,platt,0.01,capacity_contrasts,envelope_upper,902.8,743.0,-159.79999999999995,True
paysim,3,P_H_BASE,platt,0.03,capacity_contrasts,envelope_upper,1069.6,1142.6,73.0,True
paysim,3,P_H_BASE,platt,0.05,capacity_contrasts,envelope_upper,806.0,893.6,87.60000000000002,True
paysim,3,P_H_BASE,platt,0.1,capacity_contrasts,envelope_upper,268.6,335.2,66.59999999999997,True
paysim,3,P_H_BASE,raw,0.01,capacity_contrasts,envelope_upper,902.8,743.0,-159.79999999999995,True
paysim,3,P_H_BASE,raw,0.03,capacity_contrasts,envelope_upper,1069.6,1142.6,73.0,True
paysim,3,P_H_BASE,raw,0.05,capacity_contrasts,envelope_upper,806.0,893.6,87.60000000000002,True
paysim,3,P_H_BASE,raw,0.1,capacity_contrasts,envelope_upper,268.6,335.2,66.59999999999997,True
paysim,3,P_H_TIME,clipped,0.01,capacity_contrasts,envelope_upper,1445.8,1317.0,-128.79999999999995,True
paysim,3,P_H_TIME,clipped,0.03,capacity_contrasts,envelope_upper,786.2,719.8,-66.40000000000009,True
paysim,3,P_H_TIME,clipped,0.05,capacity_contrasts,envelope_upper,666.0,613.2,-52.799999999999955,True
paysim,3,P_H_TIME,clipped,0.1,capacity_contrasts,envelope_upper,292.0,207.4,-84.6,True
paysim,3,P_H_TIME,platt,0.01,capacity_contrasts,envelope_upper,1445.8,1317.0,-128.79999999999995,True
paysim,3,P_H_TIME,platt,0.03,capacity_contrasts,envelope_upper,786.2,719.8,-66.40000000000009,True
paysim,3,P_H_TIME,platt,0.05,capacity_contrasts,envelope_upper,666.0,613.2,-52.799999999999955,True
paysim,3,P_H_TIME,platt,0.1,capacity_contrasts,envelope_upper,292.0,207.4,-84.6,True
paysim,3,P_H_TIME,raw,0.01,capacity_contrasts,envelope_upper,1251.8,1291.2,39.40000000000009,True
paysim,3,P_H_TIME,raw,0.03,capacity_contrasts,envelope_upper,786.2,719.8,-66.40000000000009,True
paysim,3,P_H_TIME,raw,0.05,capacity_contrasts,envelope_upper,666.0,613.2,-52.799999999999955,True
paysim,3,P_H_TIME,raw,0.1,capacity_contrasts,envelope_upper,292.0,207.4,-84.6,True
paysim,3,P_PRIMARY,clipped,0.01,capacity_contrasts,envelope_upper,435.8,262.0,-173.8,True
paysim,3,P_PRIMARY,clipped,0.03,capacity_contrasts,envelope_upper,1142.0,1038.4,-103.59999999999991,True
paysim,3,P_PRIMARY,clipped,0.05,capacity_contrasts,envelope_upper,898.2,769.4,-128.80000000000007,True
paysim,3,P_PRIMARY,clipped,0.1,capacity_contrasts,envelope_upper,349.8,336.0,-13.800000000000011,True
paysim,3,P_PRIMARY,platt,0.01,capacity_contrasts,envelope_upper,435.8,262.0,-173.8,True
paysim,3,P_PRIMARY,platt,0.03,capacity_contrasts,envelope_upper,1142.0,1038.4,-103.59999999999991,True
paysim,3,P_PRIMARY,platt,0.05,capacity_contrasts,envelope_upper,898.2,769.4,-128.80000000000007,True
paysim,3,P_PRIMARY,platt,0.1,capacity_contrasts,envelope_upper,349.8,336.0,-13.800000000000011,True
paysim,3,P_PRIMARY,raw,0.01,capacity_contrasts,envelope_upper,413.2,234.0,-179.2,True
paysim,3,P_PRIMARY,raw,0.03,capacity_contrasts,envelope_upper,1142.0,1038.4,-103.59999999999991,True
paysim,3,P_PRIMARY,raw,0.05,capacity_contrasts,envelope_upper,898.2,769.4,-128.80000000000007,True
paysim,3,P_PRIMARY,raw,0.1,capacity_contrasts,envelope_upper,349.8,336.0,-13.800000000000011,True
paysim,3,P_WEIGHT,clipped,0.01,capacity_contrasts,envelope_upper,412.6,749.6,337.0,True
paysim,3,P_WEIGHT,clipped,0.03,capacity_contrasts,envelope_upper,109.8,53.0,-56.8,True
paysim,3,P_WEIGHT,clipped,0.05,capacity_contrasts,envelope_upper,-50.6,-159.2,-108.6,True
paysim,3,P_WEIGHT,clipped,0.1,capacity_contrasts,envelope_upper,-41.8,9.8,51.599999999999994,True
paysim,3,P_WEIGHT,platt,0.01,capacity_contrasts,envelope_upper,412.6,749.6,337.0,True
paysim,3,P_WEIGHT,platt,0.03,capacity_contrasts,envelope_upper,109.8,53.0,-56.8,True
paysim,3,P_WEIGHT,platt,0.05,capacity_contrasts,envelope_upper,-50.6,-159.2,-108.6,True
paysim,3,P_WEIGHT,platt,0.1,capacity_contrasts,envelope_upper,-41.8,9.8,51.599999999999994,True
paysim,3,P_WEIGHT,raw,0.01,capacity_contrasts,envelope_upper,369.2,707.2,338.00000000000006,True
paysim,3,P_WEIGHT,raw,0.03,capacity_contrasts,envelope_upper,109.8,53.0,-56.8,True
paysim,3,P_WEIGHT,raw,0.05,capacity_contrasts,envelope_upper,-50.6,-159.2,-108.6,True
paysim,3,P_WEIGHT,raw,0.1,capacity_contrasts,envelope_upper,-41.8,9.8,51.599999999999994,True
paysim,1,P_BUNDLE,clipped,0.01,capacity_contrasts,expected_delta_tp,209.58446147083947,237.18582403256534,27.601362561725864,True
paysim,1,P_BUNDLE,clipped,0.03,capacity_contrasts,expected_delta_tp,191.7509057559814,222.142673785285,30.39176802930362,True
paysim,1,P_BUNDLE,clipped,0.05,capacity_contrasts,expected_delta_tp,150.4894976779931,174.6704888596292,24.180991181636074,True
paysim,1,P_BUNDLE,clipped,0.1,capacity_contrasts,expected_delta_tp,40.83842613444466,91.74763026952398,50.90920413507932,True
paysim,1,P_BUNDLE,platt,0.01,capacity_contrasts,expected_delta_tp,209.58446147083947,237.18582403256534,27.601362561725864,True
paysim,1,P_BUNDLE,platt,0.03,capacity_contrasts,expected_delta_tp,191.7509057559814,222.142673785285,30.39176802930362,True
paysim,1,P_BUNDLE,platt,0.05,capacity_contrasts,expected_delta_tp,150.4894976779931,174.6704888596292,24.180991181636074,True
paysim,1,P_BUNDLE,platt,0.1,capacity_contrasts,expected_delta_tp,40.83842613444466,91.74763026952398,50.90920413507932,True
paysim,1,P_BUNDLE,raw,0.01,capacity_contrasts,expected_delta_tp,209.58446147083947,237.18582403256534,27.601362561725864,True
paysim,1,P_BUNDLE,raw,0.03,capacity_contrasts,expected_delta_tp,191.7509057559814,222.142673785285,30.39176802930362,True
paysim,1,P_BUNDLE,raw,0.05,capacity_contrasts,expected_delta_tp,150.4894976779931,174.6704888596292,24.180991181636074,True
paysim,1,P_BUNDLE,raw,0.1,capacity_contrasts,expected_delta_tp,40.83842613444466,91.74763026952398,50.90920413507932,True
paysim,1,P_H_BASE,clipped,0.01,capacity_contrasts,expected_delta_tp,165.2713697073523,168.51236591066612,3.240996203313813,True
paysim,1,P_H_BASE,clipped,0.03,capacity_contrasts,expected_delta_tp,149.65282009886744,172.56901194585745,22.916191846990017,True
paysim,1,P_H_BASE,clipped,0.05,capacity_contrasts,expected_delta_tp,114.3506890293997,146.04758686813352,31.69689783873382,True
paysim,1,P_H_BASE,clipped,0.1,capacity_contrasts,expected_delta_tp,11.396016525141283,62.27717155501877,50.88115502987748,True
paysim,1,P_H_BASE,platt,0.01,capacity_contrasts,expected_delta_tp,165.2713697073523,168.51236591066612,3.240996203313813,True
paysim,1,P_H_BASE,platt,0.03,capacity_contrasts,expected_delta_tp,149.65282009886744,172.56901194585745,22.916191846990017,True
paysim,1,P_H_BASE,platt,0.05,capacity_contrasts,expected_delta_tp,114.3506890293997,146.04758686813352,31.69689783873382,True
paysim,1,P_H_BASE,platt,0.1,capacity_contrasts,expected_delta_tp,11.396016525141283,62.27717155501877,50.88115502987748,True
paysim,1,P_H_BASE,raw,0.01,capacity_contrasts,expected_delta_tp,165.2713697073523,168.51236591066612,3.240996203313813,True
paysim,1,P_H_BASE,raw,0.03,capacity_contrasts,expected_delta_tp,149.65282009886744,172.56901194585745,22.916191846990017,True
paysim,1,P_H_BASE,raw,0.05,capacity_contrasts,expected_delta_tp,114.3506890293997,146.04758686813352,31.69689783873382,True
paysim,1,P_H_BASE,raw,0.1,capacity_contrasts,expected_delta_tp,11.396016525141283,62.27717155501877,50.88115502987748,True
paysim,1,P_H_TIME,clipped,0.01,capacity_contrasts,expected_delta_tp,81.84899113965855,111.40448583035416,29.55549469069561,True
paysim,1,P_H_TIME,clipped,0.03,capacity_contrasts,expected_delta_tp,68.45041725726242,98.70155840690292,30.251141149640503,True
paysim,1,P_H_TIME,clipped,0.05,capacity_contrasts,expected_delta_tp,32.696506575229705,71.57848415253508,38.88197757730538,True
paysim,1,P_H_TIME,clipped,0.1,capacity_contrasts,expected_delta_tp,-0.4305829747981306,38.92426322258308,39.35484619738121,True
paysim,1,P_H_TIME,platt,0.01,capacity_contrasts,expected_delta_tp,81.84899113965855,111.40448583035416,29.55549469069561,True
paysim,1,P_H_TIME,platt,0.03,capacity_contrasts,expected_delta_tp,68.45041725726242,98.70155840690292,30.251141149640503,True
paysim,1,P_H_TIME,platt,0.05,capacity_contrasts,expected_delta_tp,32.696506575229705,71.57848415253508,38.88197757730538,True
paysim,1,P_H_TIME,platt,0.1,capacity_contrasts,expected_delta_tp,-0.4305829747981306,38.92426322258308,39.35484619738121,True
paysim,1,P_H_TIME,raw,0.01,capacity_contrasts,expected_delta_tp,81.84899113965855,111.40448583035416,29.55549469069561,True
paysim,1,P_H_TIME,raw,0.03,capacity_contrasts,expected_delta_tp,68.45041725726242,98.70155840690292,30.251141149640503,True
paysim,1,P_H_TIME,raw,0.05,capacity_contrasts,expected_delta_tp,32.696506575229705,71.57848415253508,38.88197757730538,True
paysim,1,P_H_TIME,raw,0.1,capacity_contrasts,expected_delta_tp,-0.4305829747981306,38.92426322258308,39.35484619738121,True
paysim,1,P_PRIMARY,clipped,0.01,capacity_contrasts,expected_delta_tp,203.0534231400934,239.24630767575724,36.192884535663836,True
paysim,1,P_PRIMARY,clipped,0.03,capacity_contrasts,expected_delta_tp,182.17995188592388,220.94575602517733,38.76580413925345,True
paysim,1,P_PRIMARY,clipped,0.05,capacity_contrasts,expected_delta_tp,142.23568907717714,174.90955401621866,32.67386493904152,True
paysim,1,P_PRIMARY,clipped,0.1,capacity_contrasts,expected_delta_tp,34.29194766929918,86.36603030223685,52.074082632937674,True
paysim,1,P_PRIMARY,platt,0.01,capacity_contrasts,expected_delta_tp,203.0534231400934,239.24630767575724,36.192884535663836,True
paysim,1,P_PRIMARY,platt,0.03,capacity_contrasts,expected_delta_tp,182.17995188592388,220.94575602517733,38.76580413925345,True
paysim,1,P_PRIMARY,platt,0.05,capacity_contrasts,expected_delta_tp,142.23568907717714,174.90955401621866,32.67386493904152,True
paysim,1,P_PRIMARY,platt,0.1,capacity_contrasts,expected_delta_tp,34.29194766929918,86.36603030223685,52.074082632937674,True
paysim,1,P_PRIMARY,raw,0.01,capacity_contrasts,expected_delta_tp,203.0534231400934,239.24630767575724,36.192884535663836,True
paysim,1,P_PRIMARY,raw,0.03,capacity_contrasts,expected_delta_tp,182.17995188592388,220.94575602517733,38.76580413925345,True
paysim,1,P_PRIMARY,raw,0.05,capacity_contrasts,expected_delta_tp,142.23568907717714,174.90955401621866,32.67386493904152,True
paysim,1,P_PRIMARY,raw,0.1,capacity_contrasts,expected_delta_tp,34.29194766929918,86.36603030223685,52.074082632937674,True
paysim,1,P_WEIGHT,clipped,0.01,capacity_contrasts,expected_delta_tp,-6.531038330746048,2.0604836431919127,8.591521973937962,True
paysim,1,P_WEIGHT,clipped,0.03,capacity_contrasts,expected_delta_tp,-9.570953870057519,-1.1969177601076808,8.374036109949838,True
paysim,1,P_WEIGHT,clipped,0.05,capacity_contrasts,expected_delta_tp,-8.253808600815967,0.23906515658945865,8.492873757405425,True
paysim,1,P_WEIGHT,clipped,0.1,capacity_contrasts,expected_delta_tp,-6.546478465145481,-5.381599967287139,1.164878497858342,True
paysim,1,P_WEIGHT,platt,0.01,capacity_contrasts,expected_delta_tp,-6.531038330746048,2.0604836431919127,8.591521973937962,True
paysim,1,P_WEIGHT,platt,0.03,capacity_contrasts,expected_delta_tp,-9.570953870057519,-1.1969177601076808,8.374036109949838,True
paysim,1,P_WEIGHT,platt,0.05,capacity_contrasts,expected_delta_tp,-8.253808600815967,0.23906515658945865,8.492873757405425,True
paysim,1,P_WEIGHT,platt,0.1,capacity_contrasts,expected_delta_tp,-6.546478465145481,-5.381599967287139,1.164878497858342,True
paysim,1,P_WEIGHT,raw,0.01,capacity_contrasts,expected_delta_tp,-6.531038330746048,2.0604836431919127,8.591521973937962,True
paysim,1,P_WEIGHT,raw,0.03,capacity_contrasts,expected_delta_tp,-9.570953870057519,-1.1969177601076808,8.374036109949838,True
paysim,1,P_WEIGHT,raw,0.05,capacity_contrasts,expected_delta_tp,-8.253808600815967,0.23906515658945865,8.492873757405425,True
paysim,1,P_WEIGHT,raw,0.1,capacity_contrasts,expected_delta_tp,-6.546478465145481,-5.381599967287139,1.164878497858342,True
paysim,2,P_BUNDLE,clipped,0.01,capacity_contrasts,expected_delta_tp,106.79847845406707,109.95972468880932,3.1612462347422507,True
paysim,2,P_BUNDLE,clipped,0.03,capacity_contrasts,expected_delta_tp,116.76084134746603,132.2625867485727,15.50174540110666,True
paysim,2,P_BUNDLE,clipped,0.05,capacity_contrasts,expected_delta_tp,93.57422614494837,96.70273890535493,3.128512760406565,True
paysim,2,P_BUNDLE,clipped,0.1,capacity_contrasts,expected_delta_tp,24.573495023226872,38.99033196230375,14.416836939076877,True
paysim,2,P_BUNDLE,platt,0.01,capacity_contrasts,expected_delta_tp,106.79847845406707,109.95972468880932,3.1612462347422507,True
paysim,2,P_BUNDLE,platt,0.03,capacity_contrasts,expected_delta_tp,116.76084134746603,132.2625867485727,15.50174540110666,True
paysim,2,P_BUNDLE,platt,0.05,capacity_contrasts,expected_delta_tp,93.57422614494837,96.70273890535493,3.128512760406565,True
paysim,2,P_BUNDLE,platt,0.1,capacity_contrasts,expected_delta_tp,24.573495023226872,38.99033196230375,14.416836939076877,True
paysim,2,P_BUNDLE,raw,0.01,capacity_contrasts,expected_delta_tp,106.79847845406707,109.95972468880932,3.1612462347422507,True
paysim,2,P_BUNDLE,raw,0.03,capacity_contrasts,expected_delta_tp,116.76084134746603,132.2625867485727,15.50174540110666,True
paysim,2,P_BUNDLE,raw,0.05,capacity_contrasts,expected_delta_tp,93.57422614494837,96.70273890535493,3.128512760406565,True
paysim,2,P_BUNDLE,raw,0.1,capacity_contrasts,expected_delta_tp,24.573495023226872,38.99033196230375,14.416836939076877,True
paysim,2,P_H_BASE,clipped,0.01,capacity_contrasts,expected_delta_tp,66.26389070235385,84.53268055286009,18.268789850506238,True
paysim,2,P_H_BASE,clipped,0.03,capacity_contrasts,expected_delta_tp,109.91070876426272,110.07667970390007,0.16597093963734721,True
paysim,2,P_H_BASE,clipped,0.05,capacity_contrasts,expected_delta_tp,88.22529811589571,75.51341777878537,-12.711880337110344,True
paysim,2,P_H_BASE,clipped,0.1,capacity_contrasts,expected_delta_tp,19.972321033483375,21.581886663216494,1.609565629733119,True
paysim,2,P_H_BASE,platt,0.01,capacity_contrasts,expected_delta_tp,66.26389070235385,84.53268055286009,18.268789850506238,True
paysim,2,P_H_BASE,platt,0.03,capacity_contrasts,expected_delta_tp,109.91070876426272,110.07667970390007,0.16597093963734721,True
paysim,2,P_H_BASE,platt,0.05,capacity_contrasts,expected_delta_tp,88.22529811589571,75.51341777878537,-12.711880337110344,True
paysim,2,P_H_BASE,platt,0.1,capacity_contrasts,expected_delta_tp,19.972321033483375,21.581886663216494,1.609565629733119,True
paysim,2,P_H_BASE,raw,0.01,capacity_contrasts,expected_delta_tp,66.26389070235385,84.53268055286009,18.268789850506238,True
paysim,2,P_H_BASE,raw,0.03,capacity_contrasts,expected_delta_tp,109.91070876426272,110.07667970390007,0.16597093963734721,True
paysim,2,P_H_BASE,raw,0.05,capacity_contrasts,expected_delta_tp,88.22529811589571,75.51341777878537,-12.711880337110344,True
paysim,2,P_H_BASE,raw,0.1,capacity_contrasts,expected_delta_tp,19.972321033483375,21.581886663216494,1.609565629733119,True
paysim,2,P_H_TIME,clipped,0.01,capacity_contrasts,expected_delta_tp,48.75117525496135,55.52215754808863,6.770982293127275,True
paysim,2,P_H_TIME,clipped,0.03,capacity_contrasts,expected_delta_tp,62.27830012237409,84.12722620322106,21.848926080846965,True
paysim,2,P_H_TIME,clipped,0.05,capacity_contrasts,expected_delta_tp,42.59489148614925,63.33527899657331,20.740387510424057,True
paysim,2,P_H_TIME,clipped,0.1,capacity_contrasts,expected_delta_tp,6.503229974160206,25.830313740051214,19.327083765891008,True
paysim,2,P_H_TIME,platt,0.01,capacity_contrasts,expected_delta_tp,48.75117525496135,55.52215754808863,6.770982293127275,True
paysim,2,P_H_TIME,platt,0.03,capacity_contrasts,expected_delta_tp,62.27830012237409,84.12722620322106,21.848926080846965,True
paysim,2,P_H_TIME,platt,0.05,capacity_contrasts,expected_delta_tp,42.59489148614925,63.33527899657331,20.740387510424057,True
paysim,2,P_H_TIME,platt,0.1,capacity_contrasts,expected_delta_tp,6.503229974160206,25.830313740051214,19.327083765891008,True
paysim,2,P_H_TIME,raw,0.01,capacity_contrasts,expected_delta_tp,48.75117525496135,55.52215754808863,6.770982293127275,True
paysim,2,P_H_TIME,raw,0.03,capacity_contrasts,expected_delta_tp,62.27830012237409,84.12722620322106,21.848926080846965,True
paysim,2,P_H_TIME,raw,0.05,capacity_contrasts,expected_delta_tp,42.59489148614925,63.33527899657331,20.740387510424057,True
paysim,2,P_H_TIME,raw,0.1,capacity_contrasts,expected_delta_tp,6.503229974160206,25.830313740051214,19.327083765891008,True
paysim,2,P_PRIMARY,clipped,0.01,capacity_contrasts,expected_delta_tp,117.42639787390279,119.60123536782407,2.174837493921288,True
paysim,2,P_PRIMARY,clipped,0.03,capacity_contrasts,expected_delta_tp,121.52117381228966,135.9313447678374,14.410170955547741,True
paysim,2,P_PRIMARY,clipped,0.05,capacity_contrasts,expected_delta_tp,98.52965618496947,100.45776799982427,1.9281118148548018,True
paysim,2,P_PRIMARY,clipped,0.1,capacity_contrasts,expected_delta_tp,28.703337100400393,43.919406957579895,15.216069857179502,True
paysim,2,P_PRIMARY,platt,0.01,capacity_contrasts,expected_delta_tp,117.42639787390279,119.60123536782407,2.174837493921288,True
paysim,2,P_PRIMARY,platt,0.03,capacity_contrasts,expected_delta_tp,121.52117381228966,135.9313447678374,14.410170955547741,True
paysim,2,P_PRIMARY,platt,0.05,capacity_contrasts,expected_delta_tp,98.52965618496947,100.45776799982427,1.9281118148548018,True
paysim,2,P_PRIMARY,platt,0.1,capacity_contrasts,expected_delta_tp,28.703337100400393,43.919406957579895,15.216069857179502,True
paysim,2,P_PRIMARY,raw,0.01,capacity_contrasts,expected_delta_tp,117.42639787390279,119.60123536782407,2.174837493921288,True
paysim,2,P_PRIMARY,raw,0.03,capacity_contrasts,expected_delta_tp,121.52117381228966,135.9313447678374,14.410170955547741,True
paysim,2,P_PRIMARY,raw,0.05,capacity_contrasts,expected_delta_tp,98.52965618496947,100.45776799982427,1.9281118148548018,True
paysim,2,P_PRIMARY,raw,0.1,capacity_contrasts,expected_delta_tp,28.703337100400393,43.919406957579895,15.216069857179502,True
paysim,2,P_WEIGHT,clipped,0.01,capacity_contrasts,expected_delta_tp,10.627919419835717,9.641510679014761,-0.9864087408209556,True
paysim,2,P_WEIGHT,clipped,0.03,capacity_contrasts,expected_delta_tp,4.7603324648236365,3.668758019264698,-1.0915744455589387,True
paysim,2,P_WEIGHT,clipped,0.05,capacity_contrasts,expected_delta_tp,4.955430040021099,3.7550290944693416,-1.2004009455517575,True
paysim,2,P_WEIGHT,clipped,0.1,capacity_contrasts,expected_delta_tp,4.129842077173521,4.929074995276148,0.7992329181026268,True
paysim,2,P_WEIGHT,platt,0.01,capacity_contrasts,expected_delta_tp,10.627919419835717,9.641510679014761,-0.9864087408209556,True
paysim,2,P_WEIGHT,platt,0.03,capacity_contrasts,expected_delta_tp,4.7603324648236365,3.668758019264698,-1.0915744455589387,True
paysim,2,P_WEIGHT,platt,0.05,capacity_contrasts,expected_delta_tp,4.955430040021099,3.7550290944693416,-1.2004009455517575,True
paysim,2,P_WEIGHT,platt,0.1,capacity_contrasts,expected_delta_tp,4.129842077173521,4.929074995276148,0.7992329181026268,True
paysim,2,P_WEIGHT,raw,0.01,capacity_contrasts,expected_delta_tp,10.627919419835717,9.641510679014761,-0.9864087408209556,True
paysim,2,P_WEIGHT,raw,0.03,capacity_contrasts,expected_delta_tp,4.7603324648236365,3.668758019264698,-1.0915744455589387,True
paysim,2,P_WEIGHT,raw,0.05,capacity_contrasts,expected_delta_tp,4.955430040021099,3.7550290944693416,-1.2004009455517575,True
paysim,2,P_WEIGHT,raw,0.1,capacity_contrasts,expected_delta_tp,4.129842077173521,4.929074995276148,0.7992329181026268,True
paysim,3,P_BUNDLE,clipped,0.01,capacity_contrasts,expected_delta_tp,200.42997313772202,-175.94374392637405,-376.37371706409607,True
paysim,3,P_BUNDLE,clipped,0.03,capacity_contrasts,expected_delta_tp,1012.3281836991966,961.4722023809379,-50.85598131825873,True
paysim,3,P_BUNDLE,clipped,0.05,capacity_contrasts,expected_delta_tp,938.305425026437,912.600057761967,-25.705367264469942,True
paysim,3,P_BUNDLE,clipped,0.1,capacity_contrasts,expected_delta_tp,378.98935806456586,322.7006133197048,-56.28874474486105,True
paysim,3,P_BUNDLE,platt,0.01,capacity_contrasts,expected_delta_tp,200.42997313772202,-175.94374392637405,-376.37371706409607,True
paysim,3,P_BUNDLE,platt,0.03,capacity_contrasts,expected_delta_tp,1012.3281836991966,961.4722023809379,-50.85598131825873,True
paysim,3,P_BUNDLE,platt,0.05,capacity_contrasts,expected_delta_tp,938.305425026437,912.600057761967,-25.705367264469942,True
paysim,3,P_BUNDLE,platt,0.1,capacity_contrasts,expected_delta_tp,378.98935806456586,322.7006133197048,-56.28874474486105,True
paysim,3,P_BUNDLE,raw,0.01,capacity_contrasts,expected_delta_tp,194.66711295541248,-186.22402090511977,-380.89113386053225,True
paysim,3,P_BUNDLE,raw,0.03,capacity_contrasts,expected_delta_tp,1012.3281836991966,961.4722023809379,-50.85598131825873,True
paysim,3,P_BUNDLE,raw,0.05,capacity_contrasts,expected_delta_tp,938.305425026437,912.600057761967,-25.705367264469942,True
paysim,3,P_BUNDLE,raw,0.1,capacity_contrasts,expected_delta_tp,378.98935806456586,322.7006133197048,-56.28874474486105,True
paysim,3,P_H_BASE,clipped,0.01,capacity_contrasts,expected_delta_tp,722.6365070775445,475.12894038116093,-247.50756669638355,True
paysim,3,P_H_BASE,clipped,0.03,capacity_contrasts,expected_delta_tp,1031.2893333752443,1071.8282009514264,40.538867576182156,True
paysim,3,P_H_BASE,clipped,0.05,capacity_contrasts,expected_delta_tp,731.6991648424681,804.2260606432183,72.52689580075014,True
paysim,3,P_H_BASE,clipped,0.1,capacity_contrasts,expected_delta_tp,243.44037002248297,308.8621595211528,65.42178949866985,True
paysim,3,P_H_BASE,platt,0.01,capacity_contrasts,expected_delta_tp,722.6365070775445,475.12894038116093,-247.50756669638355,True
paysim,3,P_H_BASE,platt,0.03,capacity_contrasts,expected_delta_tp,1031.2893333752443,1071.8282009514264,40.538867576182156,True
paysim,3,P_H_BASE,platt,0.05,capacity_contrasts,expected_delta_tp,731.6991648424681,804.2260606432183,72.52689580075014,True
paysim,3,P_H_BASE,platt,0.1,capacity_contrasts,expected_delta_tp,243.44037002248297,308.8621595211528,65.42178949866985,True
paysim,3,P_H_BASE,raw,0.01,capacity_contrasts,expected_delta_tp,722.6365070775445,475.12894038116093,-247.50756669638355,True
paysim,3,P_H_BASE,raw,0.03,capacity_contrasts,expected_delta_tp,1031.2893333752443,1071.8282009514264,40.538867576182156,True
paysim,3,P_H_BASE,raw,0.05,capacity_contrasts,expected_delta_tp,731.6991648424681,804.2260606432183,72.52689580075014,True
paysim,3,P_H_BASE,raw,0.1,capacity_contrasts,expected_delta_tp,243.44037002248297,308.8621595211528,65.42178949866985,True
paysim,3,P_H_TIME,clipped,0.01,capacity_contrasts,expected_delta_tp,587.8074744295657,345.39241619326515,-242.41505823630052,True
paysim,3,P_H_TIME,clipped,0.03,capacity_contrasts,expected_delta_tp,782.2649018336855,712.379084659448,-69.88581717423745,True
paysim,3,P_H_TIME,clipped,0.05,capacity_contrasts,expected_delta_tp,661.6231033219672,593.19952201407,-68.42358130789717,True
paysim,3,P_H_TIME,clipped,0.1,capacity_contrasts,expected_delta_tp,287.6114874950543,203.71413422405476,-83.89735327099953,True
paysim,3,P_H_TIME,platt,0.01,capacity_contrasts,expected_delta_tp,587.8074744295657,345.39241619326515,-242.41505823630052,True
paysim,3,P_H_TIME,platt,0.03,capacity_contrasts,expected_delta_tp,782.2649018336855,712.379084659448,-69.88581717423745,True
paysim,3,P_H_TIME,platt,0.05,capacity_contrasts,expected_delta_tp,661.6231033219672,593.19952201407,-68.42358130789717,True
paysim,3,P_H_TIME,platt,0.1,capacity_contrasts,expected_delta_tp,287.6114874950543,203.71413422405476,-83.89735327099953,True
paysim,3,P_H_TIME,raw,0.01,capacity_contrasts,expected_delta_tp,541.4922622954458,369.2291192505306,-172.26314304491524,True
paysim,3,P_H_TIME,raw,0.03,capacity_contrasts,expected_delta_tp,782.2649018336855,712.379084659448,-69.88581717423745,True
paysim,3,P_H_TIME,raw,0.05,capacity_contrasts,expected_delta_tp,661.6231033219672,593.19952201407,-68.42358130789717,True
paysim,3,P_H_TIME,raw,0.1,capacity_contrasts,expected_delta_tp,287.6114874950543,203.71413422405476,-83.89735327099953,True
paysim,3,P_PRIMARY,clipped,0.01,capacity_contrasts,expected_delta_tp,302.00831252458437,164.48578542831507,-137.5225270962693,True
paysim,3,P_PRIMARY,clipped,0.03,capacity_contrasts,expected_delta_tp,1080.5651241360727,996.5921968043779,-83.97292733169479,True
paysim,3,P_PRIMARY,clipped,0.05,capacity_contrasts,expected_delta_tp,874.7115064004884,743.5250966347045,-131.18640976578388,True
paysim,3,P_PRIMARY,clipped,0.1,capacity_contrasts,expected_delta_tp,310.2871440858501,308.4629536170798,-1.8241904687703254,True
paysim,3,P_PRIMARY,platt,0.01,capacity_contrasts,expected_delta_tp,302.00831252458437,164.48578542831507,-137.5225270962693,True
paysim,3,P_PRIMARY,platt,0.03,capacity_contrasts,expected_delta_tp,1080.5651241360727,996.5921968043779,-83.97292733169479,True
paysim,3,P_PRIMARY,platt,0.05,capacity_contrasts,expected_delta_tp,874.7115064004884,743.5250966347045,-131.18640976578388,True
paysim,3,P_PRIMARY,platt,0.1,capacity_contrasts,expected_delta_tp,310.2871440858501,308.4629536170798,-1.8241904687703254,True
paysim,3,P_PRIMARY,raw,0.01,capacity_contrasts,expected_delta_tp,374.0102322025835,164.34856141071128,-209.6616707918722,True
paysim,3,P_PRIMARY,raw,0.03,capacity_contrasts,expected_delta_tp,1080.5651241360727,996.5921968043779,-83.97292733169479,True
paysim,3,P_PRIMARY,raw,0.05,capacity_contrasts,expected_delta_tp,874.7115064004884,743.5250966347045,-131.18640976578388,True
paysim,3,P_PRIMARY,raw,0.1,capacity_contrasts,expected_delta_tp,310.2871440858501,308.4629536170798,-1.8241904687703254,True
paysim,3,P_WEIGHT,clipped,0.01,capacity_contrasts,expected_delta_tp,101.57833938686235,340.4295293546891,238.85118996782677,True
paysim,3,P_WEIGHT,clipped,0.03,capacity_contrasts,expected_delta_tp,68.2369404368761,35.11999442343976,-33.11694601343633,True
paysim,3,P_WEIGHT,clipped,0.05,capacity_contrasts,expected_delta_tp,-63.593918625948575,-169.07496112726267,-105.48104250131409,True
paysim,3,P_WEIGHT,clipped,0.1,capacity_contrasts,expected_delta_tp,-68.70221397871573,-14.237659702625024,54.46455427609071,True
paysim,3,P_WEIGHT,platt,0.01,capacity_contrasts,expected_delta_tp,101.57833938686235,340.4295293546891,238.85118996782677,True
paysim,3,P_WEIGHT,platt,0.03,capacity_contrasts,expected_delta_tp,68.2369404368761,35.11999442343976,-33.11694601343633,True
paysim,3,P_WEIGHT,platt,0.05,capacity_contrasts,expected_delta_tp,-63.593918625948575,-169.07496112726267,-105.48104250131409,True
paysim,3,P_WEIGHT,platt,0.1,capacity_contrasts,expected_delta_tp,-68.70221397871573,-14.237659702625024,54.46455427609071,True
paysim,3,P_WEIGHT,raw,0.01,capacity_contrasts,expected_delta_tp,179.34311924717105,350.572582315831,171.22946306865998,True
paysim,3,P_WEIGHT,raw,0.03,capacity_contrasts,expected_delta_tp,68.2369404368761,35.11999442343976,-33.11694601343633,True
paysim,3,P_WEIGHT,raw,0.05,capacity_contrasts,expected_delta_tp,-63.593918625948575,-169.07496112726267,-105.48104250131409,True
paysim,3,P_WEIGHT,raw,0.1,capacity_contrasts,expected_delta_tp,-68.70221397871573,-14.237659702625024,54.46455427609071,True
