dataset,fold,model,seed,score_stage,analysis,field,v1,v2,v2_minus_v1,changed_exact
paysim,1,P0,42,clipped,score_stage_models,ap,0.15814116188785596,0.1548730397037055,-0.003268122184150457,True
paysim,1,P0,42,platt,score_stage_models,ap,0.15814116188785596,0.1548730397037055,-0.003268122184150457,True
paysim,1,P0,42,raw,score_stage_models,ap,0.15814099019245784,0.15487304187131043,-0.003267948321147407,True
paysim,1,P0,52,clipped,score_stage_models,ap,0.1474118988785424,0.006175773206330214,-0.14123612567221216,True
paysim,1,P0,52,platt,score_stage_models,ap,0.1474118988785424,0.006175773206330214,-0.14123612567221216,True
paysim,1,P0,52,raw,score_stage_models,ap,0.14741183005183942,0.0061736332465393215,-0.1412381968053001,True
paysim,1,P0,62,clipped,score_stage_models,ap,0.16693433420763584,0.14850681436142182,-0.01842751984621402,True
paysim,1,P0,62,platt,score_stage_models,ap,0.16693433420763584,0.14850681436142182,-0.01842751984621402,True
paysim,1,P0,62,raw,score_stage_models,ap,0.16693419927895511,0.14851193220986944,-0.018422267069085674,True
paysim,1,P0,72,clipped,score_stage_models,ap,0.14109140912103968,0.14915033691806778,0.008058927797028104,True
paysim,1,P0,72,platt,score_stage_models,ap,0.14109140912103968,0.14915033691806778,0.008058927797028104,True
paysim,1,P0,72,raw,score_stage_models,ap,0.14109140912103968,0.14915019060844248,0.0080587814874028,True
paysim,1,P0,82,clipped,score_stage_models,ap,0.16138082959283925,0.022236050222499054,-0.1391447793703402,True
paysim,1,P0,82,platt,score_stage_models,ap,0.16138082959283925,0.022236050222499054,-0.1391447793703402,True
paysim,1,P0,82,raw,score_stage_models,ap,0.16138082959283923,0.022235193074611585,-0.13914563651822764,True
paysim,1,PH,42,clipped,score_stage_models,ap,0.14209233290170484,0.09745832693676806,-0.044634005964936774,True
paysim,1,PH,42,platt,score_stage_models,ap,0.14209233290170484,0.09745832693676806,-0.044634005964936774,True
paysim,1,PH,42,raw,score_stage_models,ap,0.1464335116123,0.09395350972497031,-0.052480001887329694,True
paysim,1,PH,52,clipped,score_stage_models,ap,0.040910130027272826,0.16775771866149605,0.12684758863422324,True
paysim,1,PH,52,platt,score_stage_models,ap,0.040910130027272826,0.16775771866149605,0.12684758863422324,True
paysim,1,PH,52,raw,score_stage_models,ap,0.04857991354949224,0.17878309103088816,0.13020317748139593,True
paysim,1,PH,62,clipped,score_stage_models,ap,0.13227232274551112,0.11278350697235157,-0.019488815773159557,True
paysim,1,PH,62,platt,score_stage_models,ap,0.13227232274551112,0.11278350697235157,-0.019488815773159557,True
paysim,1,PH,62,raw,score_stage_models,ap,0.1608607016034041,0.14033430443087286,-0.02052639717253124,True
paysim,1,PH,72,clipped,score_stage_models,ap,0.11952072035464037,0.09605428121011972,-0.02346643914452065,True
paysim,1,PH,72,platt,score_stage_models,ap,0.11952072035464037,0.09605428121011972,-0.02346643914452065,True
paysim,1,PH,72,raw,score_stage_models,ap,0.11918494190460303,0.1331765585127244,0.013991616608121357,True
paysim,1,PH,82,clipped,score_stage_models,ap,0.12368544050453309,0.06394865969732222,-0.05973678080721087,True
paysim,1,PH,82,platt,score_stage_models,ap,0.12368544050453309,0.06394865969732222,-0.05973678080721087,True
paysim,1,PH,82,raw,score_stage_models,ap,0.13354265799883375,0.08811433636372848,-0.04542832163510527,True
paysim,1,PT,42,clipped,score_stage_models,ap,0.1296134258323702,0.18239394291105804,0.05278051707868783,True
paysim,1,PT,42,platt,score_stage_models,ap,0.1296134258323702,0.18239394291105804,0.05278051707868783,True
paysim,1,PT,42,raw,score_stage_models,ap,0.24178733910342723,0.18700074921858117,-0.054786589884846054,True
paysim,1,PT,52,clipped,score_stage_models,ap,0.037851968640191226,0.30607232464432754,0.2682203560041363,True
paysim,1,PT,52,platt,score_stage_models,ap,0.037851968640191226,0.30607232464432754,0.2682203560041363,True
paysim,1,PT,52,raw,score_stage_models,ap,0.045293775552731876,0.32405483529732004,0.27876105974458815,True
paysim,1,PT,62,clipped,score_stage_models,ap,0.3324280352206018,0.27750119243412885,-0.054926842786472974,True
paysim,1,PT,62,platt,score_stage_models,ap,0.3324280352206018,0.27750119243412885,-0.054926842786472974,True
paysim,1,PT,62,raw,score_stage_models,ap,0.34465896554682623,0.2818413649971682,-0.06281760054965801,True
paysim,1,PT,72,clipped,score_stage_models,ap,0.3099532466553819,0.32547714552562557,0.01552389887024369,True
paysim,1,PT,72,platt,score_stage_models,ap,0.3099532466553819,0.32547714552562557,0.01552389887024369,True
paysim,1,PT,72,raw,score_stage_models,ap,0.3123404256310231,0.33056557096768024,0.018225145336657145,True
paysim,1,PT,82,clipped,score_stage_models,ap,0.353795531174527,0.359565999944084,0.005770468769557002,True
paysim,1,PT,82,platt,score_stage_models,ap,0.353795531174527,0.359565999944084,0.005770468769557002,True
paysim,1,PT,82,raw,score_stage_models,ap,0.3520011920629361,0.36875600084101445,0.016754808778078334,True
paysim,1,PTH,42,clipped,score_stage_models,ap,0.07845199029965945,0.1726153665329735,0.09416337623331404,True
paysim,1,PTH,42,platt,score_stage_models,ap,0.07845199029965945,0.1726153665329735,0.09416337623331404,True
paysim,1,PTH,42,raw,score_stage_models,ap,0.08765038937828598,0.14860990746542102,0.06095951808713504,True
paysim,1,PTH,52,clipped,score_stage_models,ap,0.2796012394264604,0.2930113723466047,0.013410132920144258,True
paysim,1,PTH,52,platt,score_stage_models,ap,0.2796012394264604,0.2930113723466047,0.013410132920144258,True
paysim,1,PTH,52,raw,score_stage_models,ap,0.3232879445059469,0.3461168732526113,0.022828928746664423,True
paysim,1,PTH,62,clipped,score_stage_models,ap,0.33231839761268084,0.14087974395816552,-0.19143865365451532,True
paysim,1,PTH,62,platt,score_stage_models,ap,0.33231839761268084,0.14087974395816552,-0.19143865365451532,True
paysim,1,PTH,62,raw,score_stage_models,ap,0.3639482946889623,0.22358675772020117,-0.1403615369687611,True
paysim,1,PTH,72,clipped,score_stage_models,ap,0.291918509084598,0.25007012310402377,-0.04184838598057422,True
paysim,1,PTH,72,platt,score_stage_models,ap,0.291918509084598,0.25007012310402377,-0.04184838598057422,True
paysim,1,PTH,72,raw,score_stage_models,ap,0.3088601930024093,0.22228127938328462,-0.08657891361912468,True
paysim,1,PTH,82,clipped,score_stage_models,ap,0.24894177225540887,0.2973521650368171,0.04841039278140824,True
paysim,1,PTH,82,platt,score_stage_models,ap,0.24894177225540887,0.2973521650368171,0.04841039278140824,True
paysim,1,PTH,82,raw,score_stage_models,ap,0.3035549338342404,0.3562751950912453,0.05272026125700485,True
paysim,1,PTHW,42,clipped,score_stage_models,ap,0.07666310428435939,0.1415228518252181,0.0648597475408587,True
paysim,1,PTHW,42,platt,score_stage_models,ap,0.07666310428435939,0.1415228518252181,0.0648597475408587,True
paysim,1,PTHW,42,raw,score_stage_models,ap,0.07280667819808434,0.13673219440486498,0.06392551620678064,True
paysim,1,PTHW,52,clipped,score_stage_models,ap,0.3356402987008902,0.2032157814475801,-0.1324245172533101,True
paysim,1,PTHW,52,platt,score_stage_models,ap,0.3356402987008902,0.2032157814475801,-0.1324245172533101,True
paysim,1,PTHW,52,raw,score_stage_models,ap,0.37140220999835577,0.2907822607724521,-0.08061994922590365,True
paysim,1,PTHW,62,clipped,score_stage_models,ap,0.3003469254574286,0.33378473430438016,0.03343780884695158,True
paysim,1,PTHW,62,platt,score_stage_models,ap,0.3003469254574286,0.33378473430438016,0.03343780884695158,True
paysim,1,PTHW,62,raw,score_stage_models,ap,0.320039912800587,0.34495710033056903,0.02491718752998201,True
paysim,1,PTHW,72,clipped,score_stage_models,ap,0.21125596002307956,0.33644145277451165,0.1251854927514321,True
paysim,1,PTHW,72,platt,score_stage_models,ap,0.21125596002307956,0.33644145277451165,0.1251854927514321,True
paysim,1,PTHW,72,raw,score_stage_models,ap,0.22837803630797887,0.34445036534799167,0.1160723290400128,True
paysim,1,PTHW,82,clipped,score_stage_models,ap,0.29878211013822215,0.23389163934286925,-0.0648904707953529,True
paysim,1,PTHW,82,platt,score_stage_models,ap,0.29878211013822215,0.23389163934286925,-0.0648904707953529,True
paysim,1,PTHW,82,raw,score_stage_models,ap,0.2898301820775498,0.2697122265422751,-0.02011795553527468,True
paysim,2,P0,42,clipped,score_stage_models,ap,0.12505045465629752,0.14330303043632758,0.01825257578003006,True
paysim,2,P0,42,platt,score_stage_models,ap,0.12505045465629752,0.14330303043632758,0.01825257578003006,True
paysim,2,P0,42,raw,score_stage_models,ap,0.13314764749186697,0.14330303043632758,0.010155382944460611,True
paysim,2,P0,52,clipped,score_stage_models,ap,0.10899363365179189,0.07698055449575661,-0.03201307915603528,True
paysim,2,P0,52,platt,score_stage_models,ap,0.10899363365179189,0.07698055449575661,-0.03201307915603528,True
paysim,2,P0,52,raw,score_stage_models,ap,0.10899363366815663,0.07698186387198061,-0.03201176979617602,True
paysim,2,P0,62,clipped,score_stage_models,ap,0.13646774342311177,0.12845946631571364,-0.008008277107398126,True
paysim,2,P0,62,platt,score_stage_models,ap,0.13646774342311177,0.12845946631571364,-0.008008277107398126,True
paysim,2,P0,62,raw,score_stage_models,ap,0.13646774342311177,0.12845946631571364,-0.008008277107398126,True
paysim,2,P0,72,clipped,score_stage_models,ap,0.12804186504208187,0.1317639845529782,0.003722119510896321,True
paysim,2,P0,72,platt,score_stage_models,ap,0.12804186504208187,0.1317639845529782,0.003722119510896321,True
paysim,2,P0,72,raw,score_stage_models,ap,0.12152103544432916,0.1317639845529782,0.010242949108649035,True
paysim,2,P0,82,clipped,score_stage_models,ap,0.12699017789154227,0.11343290859865836,-0.013557269292883908,True
paysim,2,P0,82,platt,score_stage_models,ap,0.12699017789154227,0.11343290859865836,-0.013557269292883908,True
paysim,2,P0,82,raw,score_stage_models,ap,0.12699017789154227,0.11343354258048433,-0.01355663531105794,True
paysim,2,PH,42,clipped,score_stage_models,ap,0.06437901830740889,0.05344006217127265,-0.010938956136136234,True
paysim,2,PH,42,platt,score_stage_models,ap,0.06437901830740889,0.05344006217127265,-0.010938956136136234,True
paysim,2,PH,42,raw,score_stage_models,ap,0.06285053326028087,0.07454704243400538,0.011696509173724515,True
paysim,2,PH,52,clipped,score_stage_models,ap,0.03365862625231094,0.06539480564786496,0.031736179395554016,True
paysim,2,PH,52,platt,score_stage_models,ap,0.03365862625231094,0.06539480564786496,0.031736179395554016,True
paysim,2,PH,52,raw,score_stage_models,ap,0.057167738668156526,0.08091158809992754,0.02374384943177102,True
paysim,2,PH,62,clipped,score_stage_models,ap,0.06628680857187627,0.06505029466682433,-0.0012365139050519447,True
paysim,2,PH,62,platt,score_stage_models,ap,0.06628680857187627,0.06505029466682433,-0.0012365139050519447,True
paysim,2,PH,62,raw,score_stage_models,ap,0.09085590032773394,0.09141344493403956,0.0005575446063056239,True
paysim,2,PH,72,clipped,score_stage_models,ap,0.034934847636318496,0.019958408684492175,-0.01497643895182632,True
paysim,2,PH,72,platt,score_stage_models,ap,0.034934847636318496,0.019958408684492175,-0.01497643895182632,True
paysim,2,PH,72,raw,score_stage_models,ap,0.04429383088702225,0.02031809401959121,-0.023975736867431038,True
paysim,2,PH,82,clipped,score_stage_models,ap,0.055671588096273684,0.056800868993213086,0.001129280896939401,True
paysim,2,PH,82,platt,score_stage_models,ap,0.055671588096273684,0.056800868993213086,0.001129280896939401,True
paysim,2,PH,82,raw,score_stage_models,ap,0.07240038406541519,0.08609818526375572,0.013697801198340534,True
paysim,2,PT,42,clipped,score_stage_models,ap,0.04107060004766141,0.028699883293518767,-0.012370716754142641,True
paysim,2,PT,42,platt,score_stage_models,ap,0.04107060004766141,0.028699883293518767,-0.012370716754142641,True
paysim,2,PT,42,raw,score_stage_models,ap,0.04401956035480089,0.02875042856443923,-0.01526913179036166,True
paysim,2,PT,52,clipped,score_stage_models,ap,0.27630951441280577,0.27918919145481447,0.0028796770420086992,True
paysim,2,PT,52,platt,score_stage_models,ap,0.27630951441280577,0.27918919145481447,0.0028796770420086992,True
paysim,2,PT,52,raw,score_stage_models,ap,0.28510951259517975,0.27868919157790134,-0.0064203210172784075,True
paysim,2,PT,62,clipped,score_stage_models,ap,0.08648955858165279,0.05974374967620022,-0.02674580890545257,True
paysim,2,PT,62,platt,score_stage_models,ap,0.08648955858165279,0.05974374967620022,-0.02674580890545257,True
paysim,2,PT,62,raw,score_stage_models,ap,0.17937724393059892,0.22945579459708731,0.05007855066648839,True
paysim,2,PT,72,clipped,score_stage_models,ap,0.16592958877150785,0.051550039884289287,-0.11437954888721856,True
paysim,2,PT,72,platt,score_stage_models,ap,0.16592958877150785,0.051550039884289287,-0.11437954888721856,True
paysim,2,PT,72,raw,score_stage_models,ap,0.23376264546711,0.11370802917457606,-0.12005461629253394,True
paysim,2,PT,82,clipped,score_stage_models,ap,0.2832488793724307,0.10845730533487172,-0.174791574037559,True
paysim,2,PT,82,platt,score_stage_models,ap,0.2832488793724307,0.10845730533487172,-0.174791574037559,True
paysim,2,PT,82,raw,score_stage_models,ap,0.29203921000413385,0.21811629182793243,-0.07392291817620142,True
paysim,2,PTH,42,clipped,score_stage_models,ap,0.0807621190883499,0.08012594403006039,-0.0006361750582895148,True
paysim,2,PTH,42,platt,score_stage_models,ap,0.0807621190883499,0.08012594403006039,-0.0006361750582895148,True
paysim,2,PTH,42,raw,score_stage_models,ap,0.12228337338628333,0.08196371878560334,-0.04031965460067999,True
paysim,2,PTH,52,clipped,score_stage_models,ap,0.1369812836036892,0.08611402629446102,-0.05086725730922817,True
paysim,2,PTH,52,platt,score_stage_models,ap,0.1369812836036892,0.08611402629446102,-0.05086725730922817,True
paysim,2,PTH,52,raw,score_stage_models,ap,0.19956996138948024,0.20751951427317653,0.007949552883696281,True
paysim,2,PTH,62,clipped,score_stage_models,ap,0.06060752062492882,0.17029844899329047,0.10969092836836164,True
paysim,2,PTH,62,platt,score_stage_models,ap,0.06060752062492882,0.17029844899329047,0.10969092836836164,True
paysim,2,PTH,62,raw,score_stage_models,ap,0.13215645016470365,0.21648303822150886,0.08432658805680521,True
paysim,2,PTH,72,clipped,score_stage_models,ap,0.09297200748149029,0.16062173322918552,0.06764972574769523,True
paysim,2,PTH,72,platt,score_stage_models,ap,0.09297200748149029,0.16062173322918552,0.06764972574769523,True
paysim,2,PTH,72,raw,score_stage_models,ap,0.09454700605866498,0.20159037455378745,0.10704336849512247,True
paysim,2,PTH,82,clipped,score_stage_models,ap,0.044125109013195656,0.0764508670628878,0.03232575804969214,True
paysim,2,PTH,82,platt,score_stage_models,ap,0.044125109013195656,0.0764508670628878,0.03232575804969214,True
paysim,2,PTH,82,raw,score_stage_models,ap,0.08575219977096264,0.0813364846837678,-0.004415715087194835,True
paysim,2,PTHW,42,clipped,score_stage_models,ap,0.069038892789596,0.198691898109454,0.12965300531985802,True
paysim,2,PTHW,42,platt,score_stage_models,ap,0.069038892789596,0.198691898109454,0.12965300531985802,True
paysim,2,PTHW,42,raw,score_stage_models,ap,0.0853211084921278,0.19869176025396626,0.11337065176183846,True
paysim,2,PTHW,52,clipped,score_stage_models,ap,0.039156560031252466,0.0488839860214634,0.009727425990210932,True
paysim,2,PTHW,52,platt,score_stage_models,ap,0.039156560031252466,0.0488839860214634,0.009727425990210932,True
paysim,2,PTHW,52,raw,score_stage_models,ap,0.09895968551860032,0.15824137693072943,0.059281691412129106,True
paysim,2,PTHW,62,clipped,score_stage_models,ap,0.028716053362842036,0.037035047844967015,0.008318994482124979,True
paysim,2,PTHW,62,platt,score_stage_models,ap,0.028716053362842036,0.037035047844967015,0.008318994482124979,True
paysim,2,PTHW,62,raw,score_stage_models,ap,0.02884316572211172,0.1262816614408383,0.09743849571872658,True
paysim,2,PTHW,72,clipped,score_stage_models,ap,0.02058200363737114,0.016596359904221994,-0.003985643733149146,True
paysim,2,PTHW,72,platt,score_stage_models,ap,0.02058200363737114,0.016596359904221994,-0.003985643733149146,True
paysim,2,PTHW,72,raw,score_stage_models,ap,0.020331967146601924,0.01765966140952104,-0.0026723057370808857,True
paysim,2,PTHW,82,clipped,score_stage_models,ap,0.15710030250661927,0.05524871723039192,-0.10185158527622735,True
paysim,2,PTHW,82,platt,score_stage_models,ap,0.15710030250661927,0.05524871723039192,-0.10185158527622735,True
paysim,2,PTHW,82,raw,score_stage_models,ap,0.17790918052272092,0.05356857533628067,-0.12434060518644025,True
paysim,3,P0,42,clipped,score_stage_models,ap,0.2731215546288373,0.25276722226617265,-0.02035433236266465,True
paysim,3,P0,42,platt,score_stage_models,ap,0.2731215546288373,0.25276722226617265,-0.02035433236266465,True
paysim,3,P0,42,raw,score_stage_models,ap,0.2731067508633177,0.253441451171825,-0.01966529969149272,True
paysim,3,P0,52,clipped,score_stage_models,ap,0.2706092116871116,0.27494066545889356,0.004331453771781957,True
paysim,3,P0,52,platt,score_stage_models,ap,0.2706092116871116,0.27494066545889356,0.004331453771781957,True
paysim,3,P0,52,raw,score_stage_models,ap,0.2715358190158268,0.274701113945073,0.0031652949292462207,True
paysim,3,P0,62,clipped,score_stage_models,ap,0.20385314535122523,0.2707534474720642,0.06690030212083897,True
paysim,3,P0,62,platt,score_stage_models,ap,0.20385314535122523,0.2707534474720642,0.06690030212083897,True
paysim,3,P0,62,raw,score_stage_models,ap,0.20385314535122523,0.2701543249871649,0.06630117963593968,True
paysim,3,P0,72,clipped,score_stage_models,ap,0.27010991465123163,0.26668081272633637,-0.0034291019248952614,True
paysim,3,P0,72,platt,score_stage_models,ap,0.27010991465123163,0.26668081272633637,-0.0034291019248952614,True
paysim,3,P0,72,raw,score_stage_models,ap,0.27009511088571214,0.267394603603265,-0.00270050728244714,True
paysim,3,P0,82,clipped,score_stage_models,ap,0.26502904802836824,0.27797246301680073,0.012943414988432489,True
paysim,3,P0,82,platt,score_stage_models,ap,0.26502904802836824,0.27797246301680073,0.012943414988432489,True
paysim,3,P0,82,raw,score_stage_models,ap,0.26501389243289925,0.27867333847856884,0.013659446045669599,True
paysim,3,PH,42,clipped,score_stage_models,ap,0.4090880910470286,0.2576154581675889,-0.15147263287943968,True
paysim,3,PH,42,platt,score_stage_models,ap,0.4090880910470286,0.2576154581675889,-0.15147263287943968,True
paysim,3,PH,42,raw,score_stage_models,ap,0.4093218615527252,0.2632558068391221,-0.14606605471360312,True
paysim,3,PH,52,clipped,score_stage_models,ap,0.37643995817418474,0.3794987852523022,0.003058827078117443,True
paysim,3,PH,52,platt,score_stage_models,ap,0.37643995817418474,0.3794987852523022,0.003058827078117443,True
paysim,3,PH,52,raw,score_stage_models,ap,0.376441526354006,0.38116720106448004,0.004725674710474026,True
paysim,3,PH,62,clipped,score_stage_models,ap,0.3542223456342772,0.40176044407379896,0.04753809843952178,True
paysim,3,PH,62,platt,score_stage_models,ap,0.3542223456342772,0.40176044407379896,0.04753809843952178,True
paysim,3,PH,62,raw,score_stage_models,ap,0.3553811773051243,0.40299705906202404,0.047615881756899736,True
paysim,3,PH,72,clipped,score_stage_models,ap,0.2650811971904731,0.3491508121867916,0.08406961499631854,True
paysim,3,PH,72,platt,score_stage_models,ap,0.2650811971904731,0.3491508121867916,0.08406961499631854,True
paysim,3,PH,72,raw,score_stage_models,ap,0.2652090818237571,0.3554219882052402,0.0902129063814831,True
paysim,3,PH,82,clipped,score_stage_models,ap,0.35368639989056044,0.36059813419901815,0.0069117343084577065,True
paysim,3,PH,82,platt,score_stage_models,ap,0.35368639989056044,0.36059813419901815,0.0069117343084577065,True
paysim,3,PH,82,raw,score_stage_models,ap,0.35596696049400267,0.36124541426307455,0.005278453769071878,True
paysim,3,PT,42,clipped,score_stage_models,ap,0.0960233591601537,0.06935007036508618,-0.026673288795067515,True
paysim,3,PT,42,platt,score_stage_models,ap,0.0960233591601537,0.06935007036508618,-0.026673288795067515,True
paysim,3,PT,42,raw,score_stage_models,ap,0.09250709028827855,0.06515423036009667,-0.027352859928181886,True
paysim,3,PT,52,clipped,score_stage_models,ap,0.08603956518121111,0.08079855704648384,-0.005241008134727276,True
paysim,3,PT,52,platt,score_stage_models,ap,0.08603956518121111,0.08079855704648384,-0.005241008134727276,True
paysim,3,PT,52,raw,score_stage_models,ap,0.08103827273315038,0.08349366686184802,0.0024553941286976355,True
paysim,3,PT,62,clipped,score_stage_models,ap,0.08584405861067988,0.08481414645191197,-0.0010299121587679094,True
paysim,3,PT,62,platt,score_stage_models,ap,0.08584405861067988,0.08481414645191197,-0.0010299121587679094,True
paysim,3,PT,62,raw,score_stage_models,ap,0.0832433124874565,0.08005595426291721,-0.003187358224539291,True
paysim,3,PT,72,clipped,score_stage_models,ap,0.05998828226057259,0.09516745438147768,0.03517917212090509,True
paysim,3,PT,72,platt,score_stage_models,ap,0.05998828226057259,0.09516745438147768,0.03517917212090509,True
paysim,3,PT,72,raw,score_stage_models,ap,0.07006559350260032,0.09331372967105199,0.023248136168451672,True
paysim,3,PT,82,clipped,score_stage_models,ap,0.08492474247727962,0.08946670644109075,0.004541963963811138,True
paysim,3,PT,82,platt,score_stage_models,ap,0.08492474247727962,0.08946670644109075,0.004541963963811138,True
paysim,3,PT,82,raw,score_stage_models,ap,0.09669291239067247,0.08904133014626184,-0.007651582244410635,True
paysim,3,PTH,42,clipped,score_stage_models,ap,0.23641207984851534,0.2774874572738156,0.041075377425300236,True
paysim,3,PTH,42,platt,score_stage_models,ap,0.23641207984851534,0.2774874572738156,0.041075377425300236,True
paysim,3,PTH,42,raw,score_stage_models,ap,0.3247478508842967,0.25353502243911075,-0.07121282844518595,True
paysim,3,PTH,52,clipped,score_stage_models,ap,0.08686254199467777,0.11294916928096964,0.026086627286291866,True
paysim,3,PTH,52,platt,score_stage_models,ap,0.08686254199467777,0.11294916928096964,0.026086627286291866,True
paysim,3,PTH,52,raw,score_stage_models,ap,0.08554858480790148,0.1116466183343632,0.026098033526461728,True
paysim,3,PTH,62,clipped,score_stage_models,ap,0.1461087953666735,0.10689067295992037,-0.03921812240675314,True
paysim,3,PTH,62,platt,score_stage_models,ap,0.1461087953666735,0.10689067295992037,-0.03921812240675314,True
paysim,3,PTH,62,raw,score_stage_models,ap,0.14579063230784775,0.10638692107833202,-0.039403711229515734,True
paysim,3,PTH,72,clipped,score_stage_models,ap,0.16159046288814688,0.10135083276799205,-0.06023963012015483,True
paysim,3,PTH,72,platt,score_stage_models,ap,0.16159046288814688,0.10135083276799205,-0.06023963012015483,True
paysim,3,PTH,72,raw,score_stage_models,ap,0.14704693482077966,0.09999524528365145,-0.04705168953712821,True
paysim,3,PTH,82,clipped,score_stage_models,ap,0.2495044231797706,0.1487291810395653,-0.10077524214020528,True
paysim,3,PTH,82,platt,score_stage_models,ap,0.2495044231797706,0.1487291810395653,-0.10077524214020528,True
paysim,3,PTH,82,raw,score_stage_models,ap,0.23642212360306658,0.1456463084603093,-0.09077581514275729,True
paysim,3,PTHW,42,clipped,score_stage_models,ap,0.27243015241581964,0.22699252163896075,-0.04543763077685889,True
paysim,3,PTHW,42,platt,score_stage_models,ap,0.27243015241581964,0.22699252163896075,-0.04543763077685889,True
paysim,3,PTHW,42,raw,score_stage_models,ap,0.29542652684379267,0.24527506429373047,-0.0501514625500622,True
paysim,3,PTHW,52,clipped,score_stage_models,ap,0.13895298279624096,0.1166362607381906,-0.022316722058050367,True
paysim,3,PTHW,52,platt,score_stage_models,ap,0.13895298279624096,0.1166362607381906,-0.022316722058050367,True
paysim,3,PTHW,52,raw,score_stage_models,ap,0.13972836076086037,0.11437254716561798,-0.025355813595242388,True
paysim,3,PTHW,62,clipped,score_stage_models,ap,0.10489020218684182,0.21678389840101217,0.11189369621417035,True
paysim,3,PTHW,62,platt,score_stage_models,ap,0.10489020218684182,0.21678389840101217,0.11189369621417035,True
paysim,3,PTHW,62,raw,score_stage_models,ap,0.12390447508883567,0.21201016250095964,0.08810568741212396,True
paysim,3,PTHW,72,clipped,score_stage_models,ap,0.19668703041163088,0.24629101328876737,0.04960398287713649,True
paysim,3,PTHW,72,platt,score_stage_models,ap,0.19668703041163088,0.24629101328876737,0.04960398287713649,True
paysim,3,PTHW,72,raw,score_stage_models,ap,0.2030637373884136,0.24549530336128658,0.04243156597287298,True
paysim,3,PTHW,82,clipped,score_stage_models,ap,0.1905609157331449,0.1417704220323988,-0.04879049370074609,True
paysim,3,PTHW,82,platt,score_stage_models,ap,0.1905609157331449,0.1417704220323988,-0.04879049370074609,True
paysim,3,PTHW,82,raw,score_stage_models,ap,0.1835267259465093,0.14370015103379644,-0.03982657491271285,True
paysim,1,P0,42,clipped,score_stage_models,unique_scores,501.0,464.0,-37.0,True
paysim,1,P0,42,platt,score_stage_models,unique_scores,501.0,464.0,-37.0,True
paysim,1,P0,42,raw,score_stage_models,unique_scores,528.0,536.0,8.0,True
paysim,1,P0,52,clipped,score_stage_models,unique_scores,488.0,491.0,3.0,True
paysim,1,P0,52,platt,score_stage_models,unique_scores,488.0,491.0,3.0,True
paysim,1,P0,52,raw,score_stage_models,unique_scores,610.0,559.0,-51.0,True
paysim,1,P0,62,clipped,score_stage_models,unique_scores,599.0,438.0,-161.0,True
paysim,1,P0,62,platt,score_stage_models,unique_scores,599.0,438.0,-161.0,True
paysim,1,P0,62,raw,score_stage_models,unique_scores,601.0,492.0,-109.0,True
paysim,1,P0,72,clipped,score_stage_models,unique_scores,547.0,513.0,-34.0,True
paysim,1,P0,72,platt,score_stage_models,unique_scores,547.0,513.0,-34.0,True
paysim,1,P0,72,raw,score_stage_models,unique_scores,578.0,527.0,-51.0,True
paysim,1,P0,82,clipped,score_stage_models,unique_scores,593.0,410.0,-183.0,True
paysim,1,P0,82,platt,score_stage_models,unique_scores,593.0,410.0,-183.0,True
paysim,1,P0,82,raw,score_stage_models,unique_scores,651.0,422.0,-229.0,True
paysim,1,PH,42,clipped,score_stage_models,unique_scores,29215.0,63143.0,33928.0,True
paysim,1,PH,42,platt,score_stage_models,unique_scores,29215.0,63143.0,33928.0,True
paysim,1,PH,42,raw,score_stage_models,unique_scores,40847.0,82641.0,41794.0,True
paysim,1,PH,52,clipped,score_stage_models,unique_scores,21037.0,25917.0,4880.0,True
paysim,1,PH,52,platt,score_stage_models,unique_scores,21037.0,25917.0,4880.0,True
paysim,1,PH,52,raw,score_stage_models,unique_scores,34526.0,35107.0,581.0,True
paysim,1,PH,62,clipped,score_stage_models,unique_scores,38064.0,25032.0,-13032.0,True
paysim,1,PH,62,platt,score_stage_models,unique_scores,38064.0,25032.0,-13032.0,True
paysim,1,PH,62,raw,score_stage_models,unique_scores,48105.0,43113.0,-4992.0,True
paysim,1,PH,72,clipped,score_stage_models,unique_scores,51059.0,15492.0,-35567.0,True
paysim,1,PH,72,platt,score_stage_models,unique_scores,51059.0,15492.0,-35567.0,True
paysim,1,PH,72,raw,score_stage_models,unique_scores,81492.0,24942.0,-56550.0,True
paysim,1,PH,82,clipped,score_stage_models,unique_scores,28543.0,33242.0,4699.0,True
paysim,1,PH,82,platt,score_stage_models,unique_scores,28543.0,33242.0,4699.0,True
paysim,1,PH,82,raw,score_stage_models,unique_scores,42150.0,46744.0,4594.0,True
paysim,1,PT,42,clipped,score_stage_models,unique_scores,5092.0,6225.0,1133.0,True
paysim,1,PT,42,platt,score_stage_models,unique_scores,5092.0,6225.0,1133.0,True
paysim,1,PT,42,raw,score_stage_models,unique_scores,5618.0,6410.0,792.0,True
paysim,1,PT,52,clipped,score_stage_models,unique_scores,6686.0,4755.0,-1931.0,True
paysim,1,PT,52,platt,score_stage_models,unique_scores,6686.0,4755.0,-1931.0,True
paysim,1,PT,52,raw,score_stage_models,unique_scores,7128.0,4788.0,-2340.0,True
paysim,1,PT,62,clipped,score_stage_models,unique_scores,6550.0,5194.0,-1356.0,True
paysim,1,PT,62,platt,score_stage_models,unique_scores,6550.0,5194.0,-1356.0,True
paysim,1,PT,62,raw,score_stage_models,unique_scores,7088.0,5848.0,-1240.0,True
paysim,1,PT,72,clipped,score_stage_models,unique_scores,5288.0,5996.0,708.0,True
paysim,1,PT,72,platt,score_stage_models,unique_scores,5288.0,5996.0,708.0,True
paysim,1,PT,72,raw,score_stage_models,unique_scores,6043.0,6677.0,634.0,True
paysim,1,PT,82,clipped,score_stage_models,unique_scores,6485.0,6572.0,87.0,True
paysim,1,PT,82,platt,score_stage_models,unique_scores,6485.0,6572.0,87.0,True
paysim,1,PT,82,raw,score_stage_models,unique_scores,6566.0,6863.0,297.0,True
paysim,1,PTH,42,clipped,score_stage_models,unique_scores,16819.0,28058.0,11239.0,True
paysim,1,PTH,42,platt,score_stage_models,unique_scores,16819.0,28058.0,11239.0,True
paysim,1,PTH,42,raw,score_stage_models,unique_scores,25514.0,38798.0,13284.0,True
paysim,1,PTH,52,clipped,score_stage_models,unique_scores,9798.0,79458.0,69660.0,True
paysim,1,PTH,52,platt,score_stage_models,unique_scores,9798.0,79458.0,69660.0,True
paysim,1,PTH,52,raw,score_stage_models,unique_scores,18139.0,87133.0,68994.0,True
paysim,1,PTH,62,clipped,score_stage_models,unique_scores,53554.0,25079.0,-28475.0,True
paysim,1,PTH,62,platt,score_stage_models,unique_scores,53554.0,25079.0,-28475.0,True
paysim,1,PTH,62,raw,score_stage_models,unique_scores,74355.0,47102.0,-27253.0,True
paysim,1,PTH,72,clipped,score_stage_models,unique_scores,39102.0,39565.0,463.0,True
paysim,1,PTH,72,platt,score_stage_models,unique_scores,39102.0,39565.0,463.0,True
paysim,1,PTH,72,raw,score_stage_models,unique_scores,60281.0,66882.0,6601.0,True
paysim,1,PTH,82,clipped,score_stage_models,unique_scores,49240.0,52087.0,2847.0,True
paysim,1,PTH,82,platt,score_stage_models,unique_scores,49240.0,52087.0,2847.0,True
paysim,1,PTH,82,raw,score_stage_models,unique_scores,69801.0,76791.0,6990.0,True
paysim,1,PTHW,42,clipped,score_stage_models,unique_scores,37757.0,36069.0,-1688.0,True
paysim,1,PTHW,42,platt,score_stage_models,unique_scores,37757.0,36069.0,-1688.0,True
paysim,1,PTHW,42,raw,score_stage_models,unique_scores,51400.0,62957.0,11557.0,True
paysim,1,PTHW,52,clipped,score_stage_models,unique_scores,25445.0,34332.0,8887.0,True
paysim,1,PTHW,52,platt,score_stage_models,unique_scores,25445.0,34330.0,8885.0,True
paysim,1,PTHW,52,raw,score_stage_models,unique_scores,40762.0,50406.0,9644.0,True
paysim,1,PTHW,62,clipped,score_stage_models,unique_scores,9294.0,13344.0,4050.0,True
paysim,1,PTHW,62,platt,score_stage_models,unique_scores,9294.0,13344.0,4050.0,True
paysim,1,PTHW,62,raw,score_stage_models,unique_scores,18585.0,21974.0,3389.0,True
paysim,1,PTHW,72,clipped,score_stage_models,unique_scores,19828.0,21577.0,1749.0,True
paysim,1,PTHW,72,platt,score_stage_models,unique_scores,19828.0,21577.0,1749.0,True
paysim,1,PTHW,72,raw,score_stage_models,unique_scores,28690.0,29248.0,558.0,True
paysim,1,PTHW,82,clipped,score_stage_models,unique_scores,43043.0,57132.0,14089.0,True
paysim,1,PTHW,82,platt,score_stage_models,unique_scores,43043.0,57132.0,14089.0,True
paysim,1,PTHW,82,raw,score_stage_models,unique_scores,55885.0,86417.0,30532.0,True
paysim,2,P0,42,clipped,score_stage_models,unique_scores,390.0,416.0,26.0,True
paysim,2,P0,42,platt,score_stage_models,unique_scores,390.0,416.0,26.0,True
paysim,2,P0,42,raw,score_stage_models,unique_scores,501.0,467.0,-34.0,True
paysim,2,P0,52,clipped,score_stage_models,unique_scores,404.0,263.0,-141.0,True
paysim,2,P0,52,platt,score_stage_models,unique_scores,404.0,263.0,-141.0,True
paysim,2,P0,52,raw,score_stage_models,unique_scores,497.0,436.0,-61.0,True
paysim,2,P0,62,clipped,score_stage_models,unique_scores,337.0,392.0,55.0,True
paysim,2,P0,62,platt,score_stage_models,unique_scores,337.0,392.0,55.0,True
paysim,2,P0,62,raw,score_stage_models,unique_scores,437.0,466.0,29.0,True
paysim,2,P0,72,clipped,score_stage_models,unique_scores,376.0,404.0,28.0,True
paysim,2,P0,72,platt,score_stage_models,unique_scores,376.0,404.0,28.0,True
paysim,2,P0,72,raw,score_stage_models,unique_scores,479.0,444.0,-35.0,True
paysim,2,P0,82,clipped,score_stage_models,unique_scores,422.0,427.0,5.0,True
paysim,2,P0,82,platt,score_stage_models,unique_scores,422.0,427.0,5.0,True
paysim,2,P0,82,raw,score_stage_models,unique_scores,471.0,560.0,89.0,True
paysim,2,PH,42,clipped,score_stage_models,unique_scores,20401.0,16958.0,-3443.0,True
paysim,2,PH,42,platt,score_stage_models,unique_scores,20401.0,16958.0,-3443.0,True
paysim,2,PH,42,raw,score_stage_models,unique_scores,26048.0,31926.0,5878.0,True
paysim,2,PH,52,clipped,score_stage_models,unique_scores,23870.0,14624.0,-9246.0,True
paysim,2,PH,52,platt,score_stage_models,unique_scores,23870.0,14624.0,-9246.0,True
paysim,2,PH,52,raw,score_stage_models,unique_scores,41735.0,25844.0,-15891.0,True
paysim,2,PH,62,clipped,score_stage_models,unique_scores,12733.0,28715.0,15982.0,True
paysim,2,PH,62,platt,score_stage_models,unique_scores,12733.0,28715.0,15982.0,True
paysim,2,PH,62,raw,score_stage_models,unique_scores,26208.0,54051.0,27843.0,True
paysim,2,PH,72,clipped,score_stage_models,unique_scores,29313.0,10435.0,-18878.0,True
paysim,2,PH,72,platt,score_stage_models,unique_scores,29313.0,10435.0,-18878.0,True
paysim,2,PH,72,raw,score_stage_models,unique_scores,49517.0,14612.0,-34905.0,True
paysim,2,PH,82,clipped,score_stage_models,unique_scores,23131.0,25056.0,1925.0,True
paysim,2,PH,82,platt,score_stage_models,unique_scores,23131.0,25056.0,1925.0,True
paysim,2,PH,82,raw,score_stage_models,unique_scores,32669.0,36310.0,3641.0,True
paysim,2,PT,42,clipped,score_stage_models,unique_scores,3746.0,1533.0,-2213.0,True
paysim,2,PT,42,platt,score_stage_models,unique_scores,3746.0,1533.0,-2213.0,True
paysim,2,PT,42,raw,score_stage_models,unique_scores,4249.0,1560.0,-2689.0,True
paysim,2,PT,52,clipped,score_stage_models,unique_scores,4607.0,3468.0,-1139.0,True
paysim,2,PT,52,platt,score_stage_models,unique_scores,4607.0,3468.0,-1139.0,True
paysim,2,PT,52,raw,score_stage_models,unique_scores,5286.0,4538.0,-748.0,True
paysim,2,PT,62,clipped,score_stage_models,unique_scores,2804.0,3141.0,337.0,True
paysim,2,PT,62,platt,score_stage_models,unique_scores,2804.0,3141.0,337.0,True
paysim,2,PT,62,raw,score_stage_models,unique_scores,4094.0,3798.0,-296.0,True
paysim,2,PT,72,clipped,score_stage_models,unique_scores,4668.0,3132.0,-1536.0,True
paysim,2,PT,72,platt,score_stage_models,unique_scores,4668.0,3132.0,-1536.0,True
paysim,2,PT,72,raw,score_stage_models,unique_scores,5154.0,4279.0,-875.0,True
paysim,2,PT,82,clipped,score_stage_models,unique_scores,3744.0,3868.0,124.0,True
paysim,2,PT,82,platt,score_stage_models,unique_scores,3744.0,3868.0,124.0,True
paysim,2,PT,82,raw,score_stage_models,unique_scores,4835.0,4687.0,-148.0,True
paysim,2,PTH,42,clipped,score_stage_models,unique_scores,12966.0,15712.0,2746.0,True
paysim,2,PTH,42,platt,score_stage_models,unique_scores,12966.0,15712.0,2746.0,True
paysim,2,PTH,42,raw,score_stage_models,unique_scores,20717.0,26873.0,6156.0,True
paysim,2,PTH,52,clipped,score_stage_models,unique_scores,26226.0,22187.0,-4039.0,True
paysim,2,PTH,52,platt,score_stage_models,unique_scores,26226.0,22187.0,-4039.0,True
paysim,2,PTH,52,raw,score_stage_models,unique_scores,38352.0,34053.0,-4299.0,True
paysim,2,PTH,62,clipped,score_stage_models,unique_scores,22690.0,20497.0,-2193.0,True
paysim,2,PTH,62,platt,score_stage_models,unique_scores,22690.0,20497.0,-2193.0,True
paysim,2,PTH,62,raw,score_stage_models,unique_scores,35288.0,40325.0,5037.0,True
paysim,2,PTH,72,clipped,score_stage_models,unique_scores,20016.0,18493.0,-1523.0,True
paysim,2,PTH,72,platt,score_stage_models,unique_scores,20016.0,18493.0,-1523.0,True
paysim,2,PTH,72,raw,score_stage_models,unique_scores,27051.0,36372.0,9321.0,True
paysim,2,PTH,82,clipped,score_stage_models,unique_scores,17147.0,24005.0,6858.0,True
paysim,2,PTH,82,platt,score_stage_models,unique_scores,17147.0,24005.0,6858.0,True
paysim,2,PTH,82,raw,score_stage_models,unique_scores,32663.0,29377.0,-3286.0,True
paysim,2,PTHW,42,clipped,score_stage_models,unique_scores,3532.0,7325.0,3793.0,True
paysim,2,PTHW,42,platt,score_stage_models,unique_scores,3532.0,7325.0,3793.0,True
paysim,2,PTHW,42,raw,score_stage_models,unique_scores,6084.0,12870.0,6786.0,True
paysim,2,PTHW,52,clipped,score_stage_models,unique_scores,7828.0,8577.0,749.0,True
paysim,2,PTHW,52,platt,score_stage_models,unique_scores,7828.0,8577.0,749.0,True
paysim,2,PTHW,52,raw,score_stage_models,unique_scores,13610.0,20252.0,6642.0,True
paysim,2,PTHW,62,clipped,score_stage_models,unique_scores,4711.0,8440.0,3729.0,True
paysim,2,PTHW,62,platt,score_stage_models,unique_scores,4711.0,8440.0,3729.0,True
paysim,2,PTHW,62,raw,score_stage_models,unique_scores,9334.0,16728.0,7394.0,True
paysim,2,PTHW,72,clipped,score_stage_models,unique_scores,3838.0,22779.0,18941.0,True
paysim,2,PTHW,72,platt,score_stage_models,unique_scores,3838.0,22779.0,18941.0,True
paysim,2,PTHW,72,raw,score_stage_models,unique_scores,8777.0,32574.0,23797.0,True
paysim,2,PTHW,82,clipped,score_stage_models,unique_scores,22155.0,37827.0,15672.0,True
paysim,2,PTHW,82,platt,score_stage_models,unique_scores,22155.0,37827.0,15672.0,True
paysim,2,PTHW,82,raw,score_stage_models,unique_scores,41126.0,44893.0,3767.0,True
paysim,3,P0,42,clipped,score_stage_models,unique_scores,271.0,445.0,174.0,True
paysim,3,P0,42,platt,score_stage_models,unique_scores,271.0,445.0,174.0,True
paysim,3,P0,42,raw,score_stage_models,unique_scores,296.0,519.0,223.0,True
paysim,3,P0,52,clipped,score_stage_models,unique_scores,419.0,401.0,-18.0,True
paysim,3,P0,52,platt,score_stage_models,unique_scores,419.0,401.0,-18.0,True
paysim,3,P0,52,raw,score_stage_models,unique_scores,520.0,464.0,-56.0,True
paysim,3,P0,62,clipped,score_stage_models,unique_scores,265.0,396.0,131.0,True
paysim,3,P0,62,platt,score_stage_models,unique_scores,265.0,396.0,131.0,True
paysim,3,P0,62,raw,score_stage_models,unique_scores,274.0,471.0,197.0,True
paysim,3,P0,72,clipped,score_stage_models,unique_scores,335.0,399.0,64.0,True
paysim,3,P0,72,platt,score_stage_models,unique_scores,335.0,399.0,64.0,True
paysim,3,P0,72,raw,score_stage_models,unique_scores,383.0,430.0,47.0,True
paysim,3,P0,82,clipped,score_stage_models,unique_scores,422.0,269.0,-153.0,True
paysim,3,P0,82,platt,score_stage_models,unique_scores,422.0,269.0,-153.0,True
paysim,3,P0,82,raw,score_stage_models,unique_scores,431.0,391.0,-40.0,True
paysim,3,PH,42,clipped,score_stage_models,unique_scores,9509.0,11247.0,1738.0,True
paysim,3,PH,42,platt,score_stage_models,unique_scores,9509.0,11247.0,1738.0,True
paysim,3,PH,42,raw,score_stage_models,unique_scores,12296.0,14795.0,2499.0,True
paysim,3,PH,52,clipped,score_stage_models,unique_scores,22151.0,13398.0,-8753.0,True
paysim,3,PH,52,platt,score_stage_models,unique_scores,22151.0,13398.0,-8753.0,True
paysim,3,PH,52,raw,score_stage_models,unique_scores,24269.0,19041.0,-5228.0,True
paysim,3,PH,62,clipped,score_stage_models,unique_scores,7291.0,11366.0,4075.0,True
paysim,3,PH,62,platt,score_stage_models,unique_scores,7291.0,11366.0,4075.0,True
paysim,3,PH,62,raw,score_stage_models,unique_scores,9856.0,17964.0,8108.0,True
paysim,3,PH,72,clipped,score_stage_models,unique_scores,6530.0,7127.0,597.0,True
paysim,3,PH,72,platt,score_stage_models,unique_scores,6530.0,7127.0,597.0,True
paysim,3,PH,72,raw,score_stage_models,unique_scores,10668.0,9969.0,-699.0,True
paysim,3,PH,82,clipped,score_stage_models,unique_scores,6950.0,5111.0,-1839.0,True
paysim,3,PH,82,platt,score_stage_models,unique_scores,6950.0,5111.0,-1839.0,True
paysim,3,PH,82,raw,score_stage_models,unique_scores,11773.0,9877.0,-1896.0,True
paysim,3,PT,42,clipped,score_stage_models,unique_scores,3849.0,4497.0,648.0,True
paysim,3,PT,42,platt,score_stage_models,unique_scores,3849.0,4497.0,648.0,True
paysim,3,PT,42,raw,score_stage_models,unique_scores,4376.0,5564.0,1188.0,True
paysim,3,PT,52,clipped,score_stage_models,unique_scores,3083.0,4642.0,1559.0,True
paysim,3,PT,52,platt,score_stage_models,unique_scores,3083.0,4642.0,1559.0,True
paysim,3,PT,52,raw,score_stage_models,unique_scores,4535.0,5274.0,739.0,True
paysim,3,PT,62,clipped,score_stage_models,unique_scores,3460.0,3778.0,318.0,True
paysim,3,PT,62,platt,score_stage_models,unique_scores,3460.0,3778.0,318.0,True
paysim,3,PT,62,raw,score_stage_models,unique_scores,4958.0,4109.0,-849.0,True
paysim,3,PT,72,clipped,score_stage_models,unique_scores,2345.0,3155.0,810.0,True
paysim,3,PT,72,platt,score_stage_models,unique_scores,2345.0,3155.0,810.0,True
paysim,3,PT,72,raw,score_stage_models,unique_scores,3190.0,4129.0,939.0,True
paysim,3,PT,82,clipped,score_stage_models,unique_scores,4452.0,2781.0,-1671.0,True
paysim,3,PT,82,platt,score_stage_models,unique_scores,4452.0,2781.0,-1671.0,True
paysim,3,PT,82,raw,score_stage_models,unique_scores,5147.0,3955.0,-1192.0,True
paysim,3,PTH,42,clipped,score_stage_models,unique_scores,10168.0,9827.0,-341.0,True
paysim,3,PTH,42,platt,score_stage_models,unique_scores,10168.0,9827.0,-341.0,True
paysim,3,PTH,42,raw,score_stage_models,unique_scores,12661.0,12630.0,-31.0,True
paysim,3,PTH,52,clipped,score_stage_models,unique_scores,13382.0,16368.0,2986.0,True
paysim,3,PTH,52,platt,score_stage_models,unique_scores,13382.0,16368.0,2986.0,True
paysim,3,PTH,52,raw,score_stage_models,unique_scores,17967.0,20381.0,2414.0,True
paysim,3,PTH,62,clipped,score_stage_models,unique_scores,13610.0,13260.0,-350.0,True
paysim,3,PTH,62,platt,score_stage_models,unique_scores,13610.0,13260.0,-350.0,True
paysim,3,PTH,62,raw,score_stage_models,unique_scores,17667.0,17084.0,-583.0,True
paysim,3,PTH,72,clipped,score_stage_models,unique_scores,17706.0,8715.0,-8991.0,True
paysim,3,PTH,72,platt,score_stage_models,unique_scores,17706.0,8715.0,-8991.0,True
paysim,3,PTH,72,raw,score_stage_models,unique_scores,22079.0,12919.0,-9160.0,True
paysim,3,PTH,82,clipped,score_stage_models,unique_scores,19513.0,14202.0,-5311.0,True
paysim,3,PTH,82,platt,score_stage_models,unique_scores,19513.0,14202.0,-5311.0,True
paysim,3,PTH,82,raw,score_stage_models,unique_scores,25669.0,18492.0,-7177.0,True
paysim,3,PTHW,42,clipped,score_stage_models,unique_scores,11531.0,8451.0,-3080.0,True
paysim,3,PTHW,42,platt,score_stage_models,unique_scores,11531.0,8451.0,-3080.0,True
paysim,3,PTHW,42,raw,score_stage_models,unique_scores,16103.0,10414.0,-5689.0,True
paysim,3,PTHW,52,clipped,score_stage_models,unique_scores,3745.0,3767.0,22.0,True
paysim,3,PTHW,52,platt,score_stage_models,unique_scores,3745.0,3767.0,22.0,True
paysim,3,PTHW,52,raw,score_stage_models,unique_scores,6915.0,7195.0,280.0,True
paysim,3,PTHW,62,clipped,score_stage_models,unique_scores,6834.0,11783.0,4949.0,True
paysim,3,PTHW,62,platt,score_stage_models,unique_scores,6834.0,11783.0,4949.0,True
paysim,3,PTHW,62,raw,score_stage_models,unique_scores,8542.0,14964.0,6422.0,True
paysim,3,PTHW,72,clipped,score_stage_models,unique_scores,15035.0,10701.0,-4334.0,True
paysim,3,PTHW,72,platt,score_stage_models,unique_scores,15035.0,10701.0,-4334.0,True
paysim,3,PTHW,72,raw,score_stage_models,unique_scores,17099.0,14634.0,-2465.0,True
paysim,3,PTHW,82,clipped,score_stage_models,unique_scores,12684.0,12170.0,-514.0,True
paysim,3,PTHW,82,platt,score_stage_models,unique_scores,12684.0,12170.0,-514.0,True
paysim,3,PTHW,82,raw,score_stage_models,unique_scores,15204.0,17650.0,2446.0,True
paysim,1,P0,42,clipped,score_stage_models,tied_rows,642649.0,642651.0,2.0,True
paysim,1,P0,42,platt,score_stage_models,tied_rows,642649.0,642651.0,2.0,True
paysim,1,P0,42,raw,score_stage_models,tied_rows,642649.0,642650.0,1.0,True
paysim,1,P0,52,clipped,score_stage_models,tied_rows,642641.0,642640.0,-1.0,True
paysim,1,P0,52,platt,score_stage_models,tied_rows,642641.0,642640.0,-1.0,True
paysim,1,P0,52,raw,score_stage_models,tied_rows,642640.0,642638.0,-2.0,True
paysim,1,P0,62,clipped,score_stage_models,tied_rows,642639.0,642644.0,5.0,True
paysim,1,P0,62,platt,score_stage_models,tied_rows,642639.0,642644.0,5.0,True
paysim,1,P0,62,raw,score_stage_models,tied_rows,642639.0,642643.0,4.0,True
paysim,1,P0,72,clipped,score_stage_models,tied_rows,642637.0,642642.0,5.0,True
paysim,1,P0,72,platt,score_stage_models,tied_rows,642637.0,642642.0,5.0,True
paysim,1,P0,72,raw,score_stage_models,tied_rows,642636.0,642642.0,6.0,True
paysim,1,P0,82,clipped,score_stage_models,tied_rows,642640.0,642650.0,10.0,True
paysim,1,P0,82,platt,score_stage_models,tied_rows,642640.0,642650.0,10.0,True
paysim,1,P0,82,raw,score_stage_models,tied_rows,642639.0,642649.0,10.0,True
paysim,1,PH,42,clipped,score_stage_models,tied_rows,624235.0,598952.0,-25283.0,True
paysim,1,PH,42,platt,score_stage_models,tied_rows,624235.0,598952.0,-25283.0,True
paysim,1,PH,42,raw,score_stage_models,tied_rows,614227.0,582683.0,-31544.0,True
paysim,1,PH,52,clipped,score_stage_models,tied_rows,630400.0,628152.0,-2248.0,True
paysim,1,PH,52,platt,score_stage_models,tied_rows,630400.0,628152.0,-2248.0,True
paysim,1,PH,52,raw,score_stage_models,tied_rows,619858.0,621580.0,1722.0,True
paysim,1,PH,62,clipped,score_stage_models,tied_rows,618853.0,627018.0,8165.0,True
paysim,1,PH,62,platt,score_stage_models,tied_rows,618853.0,627018.0,8165.0,True
paysim,1,PH,62,raw,score_stage_models,tied_rows,610461.0,612841.0,2380.0,True
paysim,1,PH,72,clipped,score_stage_models,tied_rows,607232.0,633407.0,26175.0,True
paysim,1,PH,72,platt,score_stage_models,tied_rows,607232.0,633407.0,26175.0,True
paysim,1,PH,72,raw,score_stage_models,tied_rows,584613.0,625336.0,40723.0,True
paysim,1,PH,82,clipped,score_stage_models,tied_rows,624721.0,622352.0,-2369.0,True
paysim,1,PH,82,platt,score_stage_models,tied_rows,624721.0,622352.0,-2369.0,True
paysim,1,PH,82,raw,score_stage_models,tied_rows,614285.0,611224.0,-3061.0,True
paysim,1,PT,42,clipped,score_stage_models,tied_rows,642173.0,641972.0,-201.0,True
paysim,1,PT,42,platt,score_stage_models,tied_rows,642173.0,641972.0,-201.0,True
paysim,1,PT,42,raw,score_stage_models,tied_rows,642119.0,641949.0,-170.0,True
paysim,1,PT,52,clipped,score_stage_models,tied_rows,641948.0,642213.0,265.0,True
paysim,1,PT,52,platt,score_stage_models,tied_rows,641948.0,642213.0,265.0,True
paysim,1,PT,52,raw,score_stage_models,tied_rows,641882.0,642189.0,307.0,True
paysim,1,PT,62,clipped,score_stage_models,tied_rows,641945.0,642025.0,80.0,True
paysim,1,PT,62,platt,score_stage_models,tied_rows,641945.0,642025.0,80.0,True
paysim,1,PT,62,raw,score_stage_models,tied_rows,641871.0,641987.0,116.0,True
paysim,1,PT,72,clipped,score_stage_models,tied_rows,642068.0,642061.0,-7.0,True
paysim,1,PT,72,platt,score_stage_models,tied_rows,642068.0,642061.0,-7.0,True
paysim,1,PT,72,raw,score_stage_models,tied_rows,642021.0,641966.0,-55.0,True
paysim,1,PT,82,clipped,score_stage_models,tied_rows,641892.0,641985.0,93.0,True
paysim,1,PT,82,platt,score_stage_models,tied_rows,641892.0,641985.0,93.0,True
paysim,1,PT,82,raw,score_stage_models,tied_rows,641868.0,641945.0,77.0,True
paysim,1,PTH,42,clipped,score_stage_models,tied_rows,633975.0,625951.0,-8024.0,True
paysim,1,PTH,42,platt,score_stage_models,tied_rows,633975.0,625951.0,-8024.0,True
paysim,1,PTH,42,raw,score_stage_models,tied_rows,627230.0,616975.0,-10255.0,True
paysim,1,PTH,52,clipped,score_stage_models,tied_rows,637959.0,585611.0,-52348.0,True
paysim,1,PTH,52,platt,score_stage_models,tied_rows,637959.0,585611.0,-52348.0,True
paysim,1,PTH,52,raw,score_stage_models,tied_rows,631843.0,578809.0,-53034.0,True
paysim,1,PTH,62,clipped,score_stage_models,tied_rows,605717.0,627860.0,22143.0,True
paysim,1,PTH,62,platt,score_stage_models,tied_rows,605717.0,627860.0,22143.0,True
paysim,1,PTH,62,raw,score_stage_models,tied_rows,587343.0,611660.0,24317.0,True
paysim,1,PTH,72,clipped,score_stage_models,tied_rows,615322.0,616215.0,893.0,True
paysim,1,PTH,72,platt,score_stage_models,tied_rows,615322.0,616215.0,893.0,True
paysim,1,PTH,72,raw,score_stage_models,tied_rows,597033.0,592418.0,-4615.0,True
paysim,1,PTH,82,clipped,score_stage_models,tied_rows,609667.0,604869.0,-4798.0,True
paysim,1,PTH,82,platt,score_stage_models,tied_rows,609667.0,604869.0,-4798.0,True
paysim,1,PTH,82,raw,score_stage_models,tied_rows,592950.0,584513.0,-8437.0,True
paysim,1,PTHW,42,clipped,score_stage_models,tied_rows,619256.0,620257.0,1001.0,True
paysim,1,PTHW,42,platt,score_stage_models,tied_rows,619256.0,620257.0,1001.0,True
paysim,1,PTHW,42,raw,score_stage_models,tied_rows,608979.0,598600.0,-10379.0,True
paysim,1,PTHW,52,clipped,score_stage_models,tied_rows,627186.0,622023.0,-5163.0,True
paysim,1,PTHW,52,platt,score_stage_models,tied_rows,627186.0,622024.0,-5162.0,True
paysim,1,PTHW,52,raw,score_stage_models,tied_rows,614960.0,609615.0,-5345.0,True
paysim,1,PTHW,62,clipped,score_stage_models,tied_rows,637544.0,635477.0,-2067.0,True
paysim,1,PTHW,62,platt,score_stage_models,tied_rows,637544.0,635477.0,-2067.0,True
paysim,1,PTHW,62,raw,score_stage_models,tied_rows,630259.0,628837.0,-1422.0,True
paysim,1,PTHW,72,clipped,score_stage_models,tied_rows,630346.0,630317.0,-29.0,True
paysim,1,PTHW,72,platt,score_stage_models,tied_rows,630346.0,630317.0,-29.0,True
paysim,1,PTHW,72,raw,score_stage_models,tied_rows,622661.0,624413.0,1752.0,True
paysim,1,PTHW,82,clipped,score_stage_models,tied_rows,613285.0,603381.0,-9904.0,True
paysim,1,PTHW,82,platt,score_stage_models,tied_rows,613285.0,603381.0,-9904.0,True
paysim,1,PTHW,82,raw,score_stage_models,tied_rows,601758.0,578241.0,-23517.0,True
paysim,2,P0,42,clipped,score_stage_models,tied_rows,605506.0,605508.0,2.0,True
paysim,2,P0,42,platt,score_stage_models,tied_rows,605506.0,605508.0,2.0,True
paysim,2,P0,42,raw,score_stage_models,tied_rows,605505.0,605507.0,2.0,True
paysim,2,P0,52,clipped,score_stage_models,tied_rows,605509.0,605509.0,0.0,False
paysim,2,P0,52,platt,score_stage_models,tied_rows,605509.0,605509.0,0.0,False
paysim,2,P0,52,raw,score_stage_models,tied_rows,605506.0,605509.0,3.0,True
paysim,2,P0,62,clipped,score_stage_models,tied_rows,605508.0,605504.0,-4.0,True
paysim,2,P0,62,platt,score_stage_models,tied_rows,605508.0,605504.0,-4.0,True
paysim,2,P0,62,raw,score_stage_models,tied_rows,605507.0,605503.0,-4.0,True
paysim,2,P0,72,clipped,score_stage_models,tied_rows,605507.0,605505.0,-2.0,True
paysim,2,P0,72,platt,score_stage_models,tied_rows,605507.0,605505.0,-2.0,True
paysim,2,P0,72,raw,score_stage_models,tied_rows,605506.0,605504.0,-2.0,True
paysim,2,P0,82,clipped,score_stage_models,tied_rows,605506.0,605506.0,0.0,False
paysim,2,P0,82,platt,score_stage_models,tied_rows,605506.0,605506.0,0.0,False
paysim,2,P0,82,raw,score_stage_models,tied_rows,605504.0,605505.0,1.0,True
paysim,2,PH,42,clipped,score_stage_models,tied_rows,594095.0,595640.0,1545.0,True
paysim,2,PH,42,platt,score_stage_models,tied_rows,594095.0,595640.0,1545.0,True
paysim,2,PH,42,raw,score_stage_models,tied_rows,589689.0,585143.0,-4546.0,True
paysim,2,PH,52,clipped,score_stage_models,tied_rows,590642.0,598023.0,7381.0,True
paysim,2,PH,52,platt,score_stage_models,tied_rows,590642.0,598023.0,7381.0,True
paysim,2,PH,52,raw,score_stage_models,tied_rows,576878.0,589611.0,12733.0,True
paysim,2,PH,62,clipped,score_stage_models,tied_rows,598644.0,586365.0,-12279.0,True
paysim,2,PH,62,platt,score_stage_models,tied_rows,598644.0,586365.0,-12279.0,True
paysim,2,PH,62,raw,score_stage_models,tied_rows,588339.0,566190.0,-22149.0,True
paysim,2,PH,72,clipped,score_stage_models,tied_rows,586270.0,599948.0,13678.0,True
paysim,2,PH,72,platt,score_stage_models,tied_rows,586270.0,599948.0,13678.0,True
paysim,2,PH,72,raw,score_stage_models,tied_rows,571392.0,596768.0,25376.0,True
paysim,2,PH,82,clipped,score_stage_models,tied_rows,591825.0,589703.0,-2122.0,True
paysim,2,PH,82,platt,score_stage_models,tied_rows,591825.0,589703.0,-2122.0,True
paysim,2,PH,82,raw,score_stage_models,tied_rows,584073.0,580489.0,-3584.0,True
paysim,2,PT,42,clipped,score_stage_models,tied_rows,605055.0,605428.0,373.0,True
paysim,2,PT,42,platt,score_stage_models,tied_rows,605055.0,605428.0,373.0,True
paysim,2,PT,42,raw,score_stage_models,tied_rows,605004.0,605416.0,412.0,True
paysim,2,PT,52,clipped,score_stage_models,tied_rows,604932.0,604997.0,65.0,True
paysim,2,PT,52,platt,score_stage_models,tied_rows,604932.0,604997.0,65.0,True
paysim,2,PT,52,raw,score_stage_models,tied_rows,604895.0,604945.0,50.0,True
paysim,2,PT,62,clipped,score_stage_models,tied_rows,605094.0,605157.0,63.0,True
paysim,2,PT,62,platt,score_stage_models,tied_rows,605094.0,605157.0,63.0,True
paysim,2,PT,62,raw,score_stage_models,tied_rows,604952.0,605065.0,113.0,True
paysim,2,PT,72,clipped,score_stage_models,tied_rows,604998.0,605105.0,107.0,True
paysim,2,PT,72,platt,score_stage_models,tied_rows,604998.0,605105.0,107.0,True
paysim,2,PT,72,raw,score_stage_models,tied_rows,604880.0,604957.0,77.0,True
paysim,2,PT,82,clipped,score_stage_models,tied_rows,604956.0,604947.0,-9.0,True
paysim,2,PT,82,platt,score_stage_models,tied_rows,604956.0,604947.0,-9.0,True
paysim,2,PT,82,raw,score_stage_models,tied_rows,604894.0,604842.0,-52.0,True
paysim,2,PTH,42,clipped,score_stage_models,tied_rows,599018.0,596576.0,-2442.0,True
paysim,2,PTH,42,platt,score_stage_models,tied_rows,599018.0,596576.0,-2442.0,True
paysim,2,PTH,42,raw,score_stage_models,tied_rows,592985.0,588023.0,-4962.0,True
paysim,2,PTH,52,clipped,score_stage_models,tied_rows,589877.0,592432.0,2555.0,True
paysim,2,PTH,52,platt,score_stage_models,tied_rows,589877.0,592432.0,2555.0,True
paysim,2,PTH,52,raw,score_stage_models,tied_rows,580391.0,582769.0,2378.0,True
paysim,2,PTH,62,clipped,score_stage_models,tied_rows,592688.0,593318.0,630.0,True
paysim,2,PTH,62,platt,score_stage_models,tied_rows,592688.0,593318.0,630.0,True
paysim,2,PTH,62,raw,score_stage_models,tied_rows,582516.0,576901.0,-5615.0,True
paysim,2,PTH,72,clipped,score_stage_models,tied_rows,593447.0,595038.0,1591.0,True
paysim,2,PTH,72,platt,score_stage_models,tied_rows,593447.0,595038.0,1591.0,True
paysim,2,PTH,72,raw,score_stage_models,tied_rows,587873.0,580908.0,-6965.0,True
paysim,2,PTH,82,clipped,score_stage_models,tied_rows,595534.0,590331.0,-5203.0,True
paysim,2,PTH,82,platt,score_stage_models,tied_rows,595534.0,590331.0,-5203.0,True
paysim,2,PTH,82,raw,score_stage_models,tied_rows,584244.0,585958.0,1714.0,True
paysim,2,PTHW,42,clipped,score_stage_models,tied_rows,604246.0,602208.0,-2038.0,True
paysim,2,PTHW,42,platt,score_stage_models,tied_rows,604246.0,602208.0,-2038.0,True
paysim,2,PTHW,42,raw,score_stage_models,tied_rows,602554.0,597867.0,-4687.0,True
paysim,2,PTHW,52,clipped,score_stage_models,tied_rows,602078.0,601238.0,-840.0,True
paysim,2,PTHW,52,platt,score_stage_models,tied_rows,602078.0,601238.0,-840.0,True
paysim,2,PTHW,52,raw,score_stage_models,tied_rows,597633.0,591789.0,-5844.0,True
paysim,2,PTHW,62,clipped,score_stage_models,tied_rows,603579.0,601319.0,-2260.0,True
paysim,2,PTHW,62,platt,score_stage_models,tied_rows,603579.0,601319.0,-2260.0,True
paysim,2,PTHW,62,raw,score_stage_models,tied_rows,600329.0,594931.0,-5398.0,True
paysim,2,PTHW,72,clipped,score_stage_models,tied_rows,603952.0,592268.0,-11684.0,True
paysim,2,PTHW,72,platt,score_stage_models,tied_rows,603952.0,592268.0,-11684.0,True
paysim,2,PTHW,72,raw,score_stage_models,tied_rows,600449.0,583754.0,-16695.0,True
paysim,2,PTHW,82,clipped,score_stage_models,tied_rows,590821.0,580285.0,-10536.0,True
paysim,2,PTHW,82,platt,score_stage_models,tied_rows,590821.0,580285.0,-10536.0,True
paysim,2,PTHW,82,raw,score_stage_models,tied_rows,576322.0,574040.0,-2282.0,True
paysim,3,P0,42,clipped,score_stage_models,tied_rows,636721.0,636697.0,-24.0,True
paysim,3,P0,42,platt,score_stage_models,tied_rows,636721.0,636697.0,-24.0,True
paysim,3,P0,42,raw,score_stage_models,tied_rows,636721.0,636697.0,-24.0,True
paysim,3,P0,52,clipped,score_stage_models,tied_rows,636700.0,636701.0,1.0,True
paysim,3,P0,52,platt,score_stage_models,tied_rows,636700.0,636701.0,1.0,True
paysim,3,P0,52,raw,score_stage_models,tied_rows,636700.0,636701.0,1.0,True
paysim,3,P0,62,clipped,score_stage_models,tied_rows,636720.0,636701.0,-19.0,True
paysim,3,P0,62,platt,score_stage_models,tied_rows,636720.0,636701.0,-19.0,True
paysim,3,P0,62,raw,score_stage_models,tied_rows,636720.0,636701.0,-19.0,True
paysim,3,P0,72,clipped,score_stage_models,tied_rows,636717.0,636708.0,-9.0,True
paysim,3,P0,72,platt,score_stage_models,tied_rows,636717.0,636708.0,-9.0,True
paysim,3,P0,72,raw,score_stage_models,tied_rows,636717.0,636708.0,-9.0,True
paysim,3,P0,82,clipped,score_stage_models,tied_rows,636705.0,636713.0,8.0,True
paysim,3,P0,82,platt,score_stage_models,tied_rows,636705.0,636713.0,8.0,True
paysim,3,P0,82,raw,score_stage_models,tied_rows,636705.0,636713.0,8.0,True
paysim,3,PH,42,clipped,score_stage_models,tied_rows,631546.0,630624.0,-922.0,True
paysim,3,PH,42,platt,score_stage_models,tied_rows,631546.0,630624.0,-922.0,True
paysim,3,PH,42,raw,score_stage_models,tied_rows,629528.0,628187.0,-1341.0,True
paysim,3,PH,52,clipped,score_stage_models,tied_rows,621628.0,628537.0,6909.0,True
paysim,3,PH,52,platt,score_stage_models,tied_rows,621628.0,628537.0,6909.0,True
paysim,3,PH,52,raw,score_stage_models,tied_rows,619743.0,624070.0,4327.0,True
paysim,3,PH,62,clipped,score_stage_models,tied_rows,632903.0,630040.0,-2863.0,True
paysim,3,PH,62,platt,score_stage_models,tied_rows,632903.0,630040.0,-2863.0,True
paysim,3,PH,62,raw,score_stage_models,tied_rows,630904.0,624698.0,-6206.0,True
paysim,3,PH,72,clipped,score_stage_models,tied_rows,633274.0,633251.0,-23.0,True
paysim,3,PH,72,platt,score_stage_models,tied_rows,633274.0,633251.0,-23.0,True
paysim,3,PH,72,raw,score_stage_models,tied_rows,630136.0,631055.0,919.0,True
paysim,3,PH,82,clipped,score_stage_models,tied_rows,633347.0,634208.0,861.0,True
paysim,3,PH,82,platt,score_stage_models,tied_rows,633347.0,634208.0,861.0,True
paysim,3,PH,82,raw,score_stage_models,tied_rows,629524.0,630635.0,1111.0,True
paysim,3,PT,42,clipped,score_stage_models,tied_rows,636426.0,636290.0,-136.0,True
paysim,3,PT,42,platt,score_stage_models,tied_rows,636426.0,636290.0,-136.0,True
paysim,3,PT,42,raw,score_stage_models,tied_rows,636413.0,636275.0,-138.0,True
paysim,3,PT,52,clipped,score_stage_models,tied_rows,636386.0,636267.0,-119.0,True
paysim,3,PT,52,platt,score_stage_models,tied_rows,636386.0,636267.0,-119.0,True
paysim,3,PT,52,raw,score_stage_models,tied_rows,636271.0,636210.0,-61.0,True
paysim,3,PT,62,clipped,score_stage_models,tied_rows,636386.0,636351.0,-35.0,True
paysim,3,PT,62,platt,score_stage_models,tied_rows,636386.0,636351.0,-35.0,True
paysim,3,PT,62,raw,score_stage_models,tied_rows,636260.0,636327.0,67.0,True
paysim,3,PT,72,clipped,score_stage_models,tied_rows,636480.0,636376.0,-104.0,True
paysim,3,PT,72,platt,score_stage_models,tied_rows,636480.0,636376.0,-104.0,True
paysim,3,PT,72,raw,score_stage_models,tied_rows,636307.0,636322.0,15.0,True
paysim,3,PT,82,clipped,score_stage_models,tied_rows,636224.0,636330.0,106.0,True
paysim,3,PT,82,platt,score_stage_models,tied_rows,636224.0,636330.0,106.0,True
paysim,3,PT,82,raw,score_stage_models,tied_rows,636164.0,636276.0,112.0,True
paysim,3,PTH,42,clipped,score_stage_models,tied_rows,631177.0,631495.0,318.0,True
paysim,3,PTH,42,platt,score_stage_models,tied_rows,631177.0,631495.0,318.0,True
paysim,3,PTH,42,raw,score_stage_models,tied_rows,629315.0,629378.0,63.0,True
paysim,3,PTH,52,clipped,score_stage_models,tied_rows,630513.0,627002.0,-3511.0,True
paysim,3,PTH,52,platt,score_stage_models,tied_rows,630513.0,627002.0,-3511.0,True
paysim,3,PTH,52,raw,score_stage_models,tied_rows,627476.0,623465.0,-4011.0,True
paysim,3,PTH,62,clipped,score_stage_models,tied_rows,628896.0,628478.0,-418.0,True
paysim,3,PTH,62,platt,score_stage_models,tied_rows,628896.0,628478.0,-418.0,True
paysim,3,PTH,62,raw,score_stage_models,tied_rows,625623.0,625250.0,-373.0,True
paysim,3,PTH,72,clipped,score_stage_models,tied_rows,626607.0,632933.0,6326.0,True
paysim,3,PTH,72,platt,score_stage_models,tied_rows,626607.0,632933.0,6326.0,True
paysim,3,PTH,72,raw,score_stage_models,tied_rows,623213.0,629878.0,6665.0,True
paysim,3,PTH,82,clipped,score_stage_models,tied_rows,625046.0,628160.0,3114.0,True
paysim,3,PTH,82,platt,score_stage_models,tied_rows,625046.0,628160.0,3114.0,True
paysim,3,PTH,82,raw,score_stage_models,tied_rows,619521.0,624600.0,5079.0,True
paysim,3,PTHW,42,clipped,score_stage_models,tied_rows,630228.0,632715.0,2487.0,True
paysim,3,PTHW,42,platt,score_stage_models,tied_rows,630228.0,632715.0,2487.0,True
paysim,3,PTHW,42,raw,score_stage_models,tied_rows,626549.0,631378.0,4829.0,True
paysim,3,PTHW,52,clipped,score_stage_models,tied_rows,635022.0,635029.0,7.0,True
paysim,3,PTHW,52,platt,score_stage_models,tied_rows,635022.0,635029.0,7.0,True
paysim,3,PTHW,52,raw,score_stage_models,tied_rows,633155.0,632479.0,-676.0,True
paysim,3,PTHW,62,clipped,score_stage_models,tied_rows,633045.0,630547.0,-2498.0,True
paysim,3,PTHW,62,platt,score_stage_models,tied_rows,633045.0,630547.0,-2498.0,True
paysim,3,PTHW,62,raw,score_stage_models,tied_rows,631840.0,628067.0,-3773.0,True
paysim,3,PTHW,72,clipped,score_stage_models,tied_rows,628043.0,631308.0,3265.0,True
paysim,3,PTHW,72,platt,score_stage_models,tied_rows,628043.0,631308.0,3265.0,True
paysim,3,PTHW,72,raw,score_stage_models,tied_rows,626344.0,627952.0,1608.0,True
paysim,3,PTHW,82,clipped,score_stage_models,tied_rows,629847.0,629382.0,-465.0,True
paysim,3,PTHW,82,platt,score_stage_models,tied_rows,629847.0,629382.0,-465.0,True
paysim,3,PTHW,82,raw,score_stage_models,tied_rows,627950.0,624938.0,-3012.0,True
paysim,1,P0,42,clipped,score_stage_models,low_saturated,191381.0,200027.0,8646.0,True
paysim,1,P0,42,platt,score_stage_models,low_saturated,0.0,0.0,0.0,False
paysim,1,P0,42,raw,score_stage_models,low_saturated,191381.0,200027.0,8646.0,True
paysim,1,P0,52,clipped,score_stage_models,low_saturated,265442.0,224722.0,-40720.0,True
paysim,1,P0,52,platt,score_stage_models,low_saturated,0.0,0.0,0.0,False
paysim,1,P0,52,raw,score_stage_models,low_saturated,265442.0,224722.0,-40720.0,True
paysim,1,P0,62,clipped,score_stage_models,low_saturated,1665.0,256774.0,255109.0,True
paysim,1,P0,62,platt,score_stage_models,low_saturated,0.0,0.0,0.0,False
paysim,1,P0,62,raw,score_stage_models,low_saturated,1665.0,256774.0,255109.0,True
paysim,1,P0,72,clipped,score_stage_models,low_saturated,220950.0,6522.0,-214428.0,True
paysim,1,P0,72,platt,score_stage_models,low_saturated,0.0,0.0,0.0,False
paysim,1,P0,72,raw,score_stage_models,low_saturated,220950.0,6522.0,-214428.0,True
paysim,1,P0,82,clipped,score_stage_models,low_saturated,220627.0,910.0,-219717.0,True
paysim,1,P0,82,platt,score_stage_models,low_saturated,0.0,0.0,0.0,False
paysim,1,P0,82,raw,score_stage_models,low_saturated,220627.0,910.0,-219717.0,True
paysim,1,PH,42,clipped,score_stage_models,low_saturated,19247.0,37050.0,17803.0,True
paysim,1,PH,42,platt,score_stage_models,low_saturated,0.0,0.0,0.0,False
paysim,1,PH,42,raw,score_stage_models,low_saturated,19247.0,37050.0,17803.0,True
paysim,1,PH,52,clipped,score_stage_models,low_saturated,31308.0,30481.0,-827.0,True
paysim,1,PH,52,platt,score_stage_models,low_saturated,0.0,0.0,0.0,False
paysim,1,PH,52,raw,score_stage_models,low_saturated,31308.0,30481.0,-827.0,True
paysim,1,PH,62,clipped,score_stage_models,low_saturated,16482.0,40997.0,24515.0,True
paysim,1,PH,62,platt,score_stage_models,low_saturated,0.0,0.0,0.0,False
paysim,1,PH,62,raw,score_stage_models,low_saturated,16482.0,40997.0,24515.0,True
paysim,1,PH,72,clipped,score_stage_models,low_saturated,95286.0,17872.0,-77414.0,True
paysim,1,PH,72,platt,score_stage_models,low_saturated,0.0,0.0,0.0,False
paysim,1,PH,72,raw,score_stage_models,low_saturated,95286.0,17872.0,-77414.0,True
paysim,1,PH,82,clipped,score_stage_models,low_saturated,31674.0,27947.0,-3727.0,True
paysim,1,PH,82,platt,score_stage_models,low_saturated,0.0,0.0,0.0,False
paysim,1,PH,82,raw,score_stage_models,low_saturated,31674.0,27947.0,-3727.0,True
paysim,1,PT,42,clipped,score_stage_models,low_saturated,157411.0,47580.0,-109831.0,True
paysim,1,PT,42,platt,score_stage_models,low_saturated,0.0,0.0,0.0,False
paysim,1,PT,42,raw,score_stage_models,low_saturated,157411.0,47580.0,-109831.0,True
paysim,1,PT,52,clipped,score_stage_models,low_saturated,32936.0,9.0,-32927.0,True
paysim,1,PT,52,platt,score_stage_models,low_saturated,0.0,0.0,0.0,False
paysim,1,PT,52,raw,score_stage_models,low_saturated,32936.0,9.0,-32927.0,True
paysim,1,PT,62,clipped,score_stage_models,low_saturated,134720.0,177923.0,43203.0,True
paysim,1,PT,62,platt,score_stage_models,low_saturated,0.0,0.0,0.0,False
paysim,1,PT,62,raw,score_stage_models,low_saturated,134720.0,177923.0,43203.0,True
paysim,1,PT,72,clipped,score_stage_models,low_saturated,137583.0,101109.0,-36474.0,True
paysim,1,PT,72,platt,score_stage_models,low_saturated,0.0,0.0,0.0,False
paysim,1,PT,72,raw,score_stage_models,low_saturated,137583.0,101109.0,-36474.0,True
paysim,1,PT,82,clipped,score_stage_models,low_saturated,1220.0,79202.0,77982.0,True
paysim,1,PT,82,platt,score_stage_models,low_saturated,0.0,0.0,0.0,False
paysim,1,PT,82,raw,score_stage_models,low_saturated,1220.0,79202.0,77982.0,True
paysim,1,PTH,42,clipped,score_stage_models,low_saturated,32330.0,45234.0,12904.0,True
paysim,1,PTH,42,platt,score_stage_models,low_saturated,0.0,0.0,0.0,False
paysim,1,PTH,42,raw,score_stage_models,low_saturated,32330.0,45234.0,12904.0,True
paysim,1,PTH,52,clipped,score_stage_models,low_saturated,41290.0,14949.0,-26341.0,True
paysim,1,PTH,52,platt,score_stage_models,low_saturated,0.0,0.0,0.0,False
paysim,1,PTH,52,raw,score_stage_models,low_saturated,41290.0,14949.0,-26341.0,True
paysim,1,PTH,62,clipped,score_stage_models,low_saturated,31259.0,103254.0,71995.0,True
paysim,1,PTH,62,platt,score_stage_models,low_saturated,0.0,0.0,0.0,False
paysim,1,PTH,62,raw,score_stage_models,low_saturated,31259.0,103254.0,71995.0,True
paysim,1,PTH,72,clipped,score_stage_models,low_saturated,37286.0,45804.0,8518.0,True
paysim,1,PTH,72,platt,score_stage_models,low_saturated,0.0,0.0,0.0,False
paysim,1,PTH,72,raw,score_stage_models,low_saturated,37286.0,45804.0,8518.0,True
paysim,1,PTH,82,clipped,score_stage_models,low_saturated,43198.0,44041.0,843.0,True
paysim,1,PTH,82,platt,score_stage_models,low_saturated,0.0,0.0,0.0,False
paysim,1,PTH,82,raw,score_stage_models,low_saturated,43198.0,44041.0,843.0,True
paysim,1,PTHW,42,clipped,score_stage_models,low_saturated,36820.0,55739.0,18919.0,True
paysim,1,PTHW,42,platt,score_stage_models,low_saturated,0.0,0.0,0.0,False
paysim,1,PTHW,42,raw,score_stage_models,low_saturated,36820.0,55739.0,18919.0,True
paysim,1,PTHW,52,clipped,score_stage_models,low_saturated,35480.0,33482.0,-1998.0,True
paysim,1,PTHW,52,platt,score_stage_models,low_saturated,0.0,0.0,0.0,False
paysim,1,PTHW,52,raw,score_stage_models,low_saturated,35480.0,33482.0,-1998.0,True
paysim,1,PTHW,62,clipped,score_stage_models,low_saturated,23593.0,25552.0,1959.0,True
paysim,1,PTHW,62,platt,score_stage_models,low_saturated,0.0,0.0,0.0,False
paysim,1,PTHW,62,raw,score_stage_models,low_saturated,23593.0,25552.0,1959.0,True
paysim,1,PTHW,72,clipped,score_stage_models,low_saturated,16804.0,24360.0,7556.0,True
paysim,1,PTHW,72,platt,score_stage_models,low_saturated,0.0,0.0,0.0,False
paysim,1,PTHW,72,raw,score_stage_models,low_saturated,16804.0,24360.0,7556.0,True
paysim,1,PTHW,82,clipped,score_stage_models,low_saturated,17048.0,44787.0,27739.0,True
paysim,1,PTHW,82,platt,score_stage_models,low_saturated,0.0,0.0,0.0,False
paysim,1,PTHW,82,raw,score_stage_models,low_saturated,17048.0,44787.0,27739.0,True
paysim,2,P0,42,clipped,score_stage_models,low_saturated,159129.0,138013.0,-21116.0,True
paysim,2,P0,42,platt,score_stage_models,low_saturated,0.0,0.0,0.0,False
paysim,2,P0,42,raw,score_stage_models,low_saturated,159129.0,138013.0,-21116.0,True
paysim,2,P0,52,clipped,score_stage_models,low_saturated,209195.0,338783.0,129588.0,True
paysim,2,P0,52,platt,score_stage_models,low_saturated,0.0,0.0,0.0,False
paysim,2,P0,52,raw,score_stage_models,low_saturated,209195.0,338783.0,129588.0,True
paysim,2,P0,62,clipped,score_stage_models,low_saturated,335056.0,221899.0,-113157.0,True
paysim,2,P0,62,platt,score_stage_models,low_saturated,0.0,0.0,0.0,False
paysim,2,P0,62,raw,score_stage_models,low_saturated,335056.0,221899.0,-113157.0,True
paysim,2,P0,72,clipped,score_stage_models,low_saturated,332431.0,129808.0,-202623.0,True
paysim,2,P0,72,platt,score_stage_models,low_saturated,0.0,0.0,0.0,False
paysim,2,P0,72,raw,score_stage_models,low_saturated,332431.0,129808.0,-202623.0,True
paysim,2,P0,82,clipped,score_stage_models,low_saturated,200224.0,158845.0,-41379.0,True
paysim,2,P0,82,platt,score_stage_models,low_saturated,0.0,0.0,0.0,False
paysim,2,P0,82,raw,score_stage_models,low_saturated,200224.0,158845.0,-41379.0,True
paysim,2,PH,42,clipped,score_stage_models,low_saturated,16785.0,50515.0,33730.0,True
paysim,2,PH,42,platt,score_stage_models,low_saturated,0.0,0.0,0.0,False
paysim,2,PH,42,raw,score_stage_models,low_saturated,16785.0,50515.0,33730.0,True
paysim,2,PH,52,clipped,score_stage_models,low_saturated,51028.0,40344.0,-10684.0,True
paysim,2,PH,52,platt,score_stage_models,low_saturated,0.0,0.0,0.0,False
paysim,2,PH,52,raw,score_stage_models,low_saturated,51028.0,40344.0,-10684.0,True
paysim,2,PH,62,clipped,score_stage_models,low_saturated,35418.0,61630.0,26212.0,True
paysim,2,PH,62,platt,score_stage_models,low_saturated,0.0,0.0,0.0,False
paysim,2,PH,62,raw,score_stage_models,low_saturated,35418.0,61630.0,26212.0,True
paysim,2,PH,72,clipped,score_stage_models,low_saturated,61939.0,17506.0,-44433.0,True
paysim,2,PH,72,platt,score_stage_models,low_saturated,0.0,0.0,0.0,False
paysim,2,PH,72,raw,score_stage_models,low_saturated,61939.0,17506.0,-44433.0,True
paysim,2,PH,82,clipped,score_stage_models,low_saturated,21846.0,21865.0,19.0,True
paysim,2,PH,82,platt,score_stage_models,low_saturated,0.0,0.0,0.0,False
paysim,2,PH,82,raw,score_stage_models,low_saturated,21846.0,21865.0,19.0,True
paysim,2,PT,42,clipped,score_stage_models,low_saturated,116487.0,943.0,-115544.0,True
paysim,2,PT,42,platt,score_stage_models,low_saturated,0.0,0.0,0.0,False
paysim,2,PT,42,raw,score_stage_models,low_saturated,116487.0,943.0,-115544.0,True
paysim,2,PT,52,clipped,score_stage_models,low_saturated,58790.0,172848.0,114058.0,True
paysim,2,PT,52,platt,score_stage_models,low_saturated,0.0,0.0,0.0,False
paysim,2,PT,52,raw,score_stage_models,low_saturated,58790.0,172848.0,114058.0,True
paysim,2,PT,62,clipped,score_stage_models,low_saturated,305361.0,86498.0,-218863.0,True
paysim,2,PT,62,platt,score_stage_models,low_saturated,0.0,0.0,0.0,False
paysim,2,PT,62,raw,score_stage_models,low_saturated,305361.0,86498.0,-218863.0,True
paysim,2,PT,72,clipped,score_stage_models,low_saturated,68166.0,165000.0,96834.0,True
paysim,2,PT,72,platt,score_stage_models,low_saturated,0.0,0.0,0.0,False
paysim,2,PT,72,raw,score_stage_models,low_saturated,68166.0,165000.0,96834.0,True
paysim,2,PT,82,clipped,score_stage_models,low_saturated,147972.0,125156.0,-22816.0,True
paysim,2,PT,82,platt,score_stage_models,low_saturated,0.0,0.0,0.0,False
paysim,2,PT,82,raw,score_stage_models,low_saturated,147972.0,125156.0,-22816.0,True
paysim,2,PTH,42,clipped,score_stage_models,low_saturated,23274.0,32965.0,9691.0,True
paysim,2,PTH,42,platt,score_stage_models,low_saturated,0.0,0.0,0.0,False
paysim,2,PTH,42,raw,score_stage_models,low_saturated,23274.0,32965.0,9691.0,True
paysim,2,PTH,52,clipped,score_stage_models,low_saturated,28312.0,26234.0,-2078.0,True
paysim,2,PTH,52,platt,score_stage_models,low_saturated,0.0,0.0,0.0,False
paysim,2,PTH,52,raw,score_stage_models,low_saturated,28312.0,26234.0,-2078.0,True
paysim,2,PTH,62,clipped,score_stage_models,low_saturated,29691.0,34896.0,5205.0,True
paysim,2,PTH,62,platt,score_stage_models,low_saturated,0.0,0.0,0.0,False
paysim,2,PTH,62,raw,score_stage_models,low_saturated,29691.0,34896.0,5205.0,True
paysim,2,PTH,72,clipped,score_stage_models,low_saturated,22996.0,41926.0,18930.0,True
paysim,2,PTH,72,platt,score_stage_models,low_saturated,0.0,0.0,0.0,False
paysim,2,PTH,72,raw,score_stage_models,low_saturated,22996.0,41926.0,18930.0,True
paysim,2,PTH,82,clipped,score_stage_models,low_saturated,54899.0,23329.0,-31570.0,True
paysim,2,PTH,82,platt,score_stage_models,low_saturated,0.0,0.0,0.0,False
paysim,2,PTH,82,raw,score_stage_models,low_saturated,54899.0,23329.0,-31570.0,True
paysim,2,PTHW,42,clipped,score_stage_models,low_saturated,27887.0,20063.0,-7824.0,True
paysim,2,PTHW,42,platt,score_stage_models,low_saturated,0.0,0.0,0.0,False
paysim,2,PTHW,42,raw,score_stage_models,low_saturated,27887.0,20063.0,-7824.0,True
paysim,2,PTHW,52,clipped,score_stage_models,low_saturated,35936.0,33781.0,-2155.0,True
paysim,2,PTHW,52,platt,score_stage_models,low_saturated,0.0,0.0,0.0,False
paysim,2,PTHW,52,raw,score_stage_models,low_saturated,35936.0,33781.0,-2155.0,True
paysim,2,PTHW,62,clipped,score_stage_models,low_saturated,28858.0,29239.0,381.0,True
paysim,2,PTHW,62,platt,score_stage_models,low_saturated,0.0,0.0,0.0,False
paysim,2,PTHW,62,raw,score_stage_models,low_saturated,28858.0,29239.0,381.0,True
paysim,2,PTHW,72,clipped,score_stage_models,low_saturated,41582.0,22619.0,-18963.0,True
paysim,2,PTHW,72,platt,score_stage_models,low_saturated,0.0,0.0,0.0,False
paysim,2,PTHW,72,raw,score_stage_models,low_saturated,41582.0,22619.0,-18963.0,True
paysim,2,PTHW,82,clipped,score_stage_models,low_saturated,60935.0,9830.0,-51105.0,True
paysim,2,PTHW,82,platt,score_stage_models,low_saturated,0.0,0.0,0.0,False
paysim,2,PTHW,82,raw,score_stage_models,low_saturated,60935.0,9830.0,-51105.0,True
paysim,3,P0,42,clipped,score_stage_models,low_saturated,141724.0,205636.0,63912.0,True
paysim,3,P0,42,platt,score_stage_models,low_saturated,0.0,0.0,0.0,False
paysim,3,P0,42,raw,score_stage_models,low_saturated,141724.0,205636.0,63912.0,True
paysim,3,P0,52,clipped,score_stage_models,low_saturated,177840.0,72552.0,-105288.0,True
paysim,3,P0,52,platt,score_stage_models,low_saturated,0.0,0.0,0.0,False
paysim,3,P0,52,raw,score_stage_models,low_saturated,177840.0,72552.0,-105288.0,True
paysim,3,P0,62,clipped,score_stage_models,low_saturated,140838.0,233709.0,92871.0,True
paysim,3,P0,62,platt,score_stage_models,low_saturated,0.0,0.0,0.0,False
paysim,3,P0,62,raw,score_stage_models,low_saturated,140838.0,233709.0,92871.0,True
paysim,3,P0,72,clipped,score_stage_models,low_saturated,153841.0,221352.0,67511.0,True
paysim,3,P0,72,platt,score_stage_models,low_saturated,0.0,0.0,0.0,False
paysim,3,P0,72,raw,score_stage_models,low_saturated,153841.0,221352.0,67511.0,True
paysim,3,P0,82,clipped,score_stage_models,low_saturated,7942.0,363041.0,355099.0,True
paysim,3,P0,82,platt,score_stage_models,low_saturated,0.0,0.0,0.0,False
paysim,3,P0,82,raw,score_stage_models,low_saturated,7942.0,363041.0,355099.0,True
paysim,3,PH,42,clipped,score_stage_models,low_saturated,8217.0,21147.0,12930.0,True
paysim,3,PH,42,platt,score_stage_models,low_saturated,0.0,0.0,0.0,False
paysim,3,PH,42,raw,score_stage_models,low_saturated,8217.0,21147.0,12930.0,True
paysim,3,PH,52,clipped,score_stage_models,low_saturated,3613.0,11498.0,7885.0,True
paysim,3,PH,52,platt,score_stage_models,low_saturated,0.0,0.0,0.0,False
paysim,3,PH,52,raw,score_stage_models,low_saturated,3613.0,11498.0,7885.0,True
paysim,3,PH,62,clipped,score_stage_models,low_saturated,10422.0,12809.0,2387.0,True
paysim,3,PH,62,platt,score_stage_models,low_saturated,0.0,0.0,0.0,False
paysim,3,PH,62,raw,score_stage_models,low_saturated,10422.0,12809.0,2387.0,True
paysim,3,PH,72,clipped,score_stage_models,low_saturated,13374.0,7524.0,-5850.0,True
paysim,3,PH,72,platt,score_stage_models,low_saturated,0.0,0.0,0.0,False
paysim,3,PH,72,raw,score_stage_models,low_saturated,13374.0,7524.0,-5850.0,True
paysim,3,PH,82,clipped,score_stage_models,low_saturated,10654.0,13577.0,2923.0,True
paysim,3,PH,82,platt,score_stage_models,low_saturated,0.0,0.0,0.0,False
paysim,3,PH,82,raw,score_stage_models,low_saturated,10654.0,13577.0,2923.0,True
paysim,3,PT,42,clipped,score_stage_models,low_saturated,230408.0,214172.0,-16236.0,True
paysim,3,PT,42,platt,score_stage_models,low_saturated,0.0,0.0,0.0,False
paysim,3,PT,42,raw,score_stage_models,low_saturated,230408.0,214172.0,-16236.0,True
paysim,3,PT,52,clipped,score_stage_models,low_saturated,276425.0,110798.0,-165627.0,True
paysim,3,PT,52,platt,score_stage_models,low_saturated,0.0,0.0,0.0,False
paysim,3,PT,52,raw,score_stage_models,low_saturated,276425.0,110798.0,-165627.0,True
paysim,3,PT,62,clipped,score_stage_models,low_saturated,198260.0,51900.0,-146360.0,True
paysim,3,PT,62,platt,score_stage_models,low_saturated,0.0,0.0,0.0,False
paysim,3,PT,62,raw,score_stage_models,low_saturated,198260.0,51900.0,-146360.0,True
paysim,3,PT,72,clipped,score_stage_models,low_saturated,212850.0,175393.0,-37457.0,True
paysim,3,PT,72,platt,score_stage_models,low_saturated,0.0,0.0,0.0,False
paysim,3,PT,72,raw,score_stage_models,low_saturated,212850.0,175393.0,-37457.0,True
paysim,3,PT,82,clipped,score_stage_models,low_saturated,133243.0,353471.0,220228.0,True
paysim,3,PT,82,platt,score_stage_models,low_saturated,0.0,0.0,0.0,False
paysim,3,PT,82,raw,score_stage_models,low_saturated,133243.0,353471.0,220228.0,True
paysim,3,PTH,42,clipped,score_stage_models,low_saturated,5649.0,4730.0,-919.0,True
paysim,3,PTH,42,platt,score_stage_models,low_saturated,0.0,0.0,0.0,False
paysim,3,PTH,42,raw,score_stage_models,low_saturated,5649.0,4730.0,-919.0,True
paysim,3,PTH,52,clipped,score_stage_models,low_saturated,61885.0,5191.0,-56694.0,True
paysim,3,PTH,52,platt,score_stage_models,low_saturated,0.0,0.0,0.0,False
paysim,3,PTH,52,raw,score_stage_models,low_saturated,61885.0,5191.0,-56694.0,True
paysim,3,PTH,62,clipped,score_stage_models,low_saturated,12124.0,9803.0,-2321.0,True
paysim,3,PTH,62,platt,score_stage_models,low_saturated,0.0,0.0,0.0,False
paysim,3,PTH,62,raw,score_stage_models,low_saturated,12124.0,9803.0,-2321.0,True
paysim,3,PTH,72,clipped,score_stage_models,low_saturated,8888.0,21343.0,12455.0,True
paysim,3,PTH,72,platt,score_stage_models,low_saturated,0.0,0.0,0.0,False
paysim,3,PTH,72,raw,score_stage_models,low_saturated,8888.0,21343.0,12455.0,True
paysim,3,PTH,82,clipped,score_stage_models,low_saturated,9916.0,8566.0,-1350.0,True
paysim,3,PTH,82,platt,score_stage_models,low_saturated,0.0,0.0,0.0,False
paysim,3,PTH,82,raw,score_stage_models,low_saturated,9916.0,8566.0,-1350.0,True
paysim,3,PTHW,42,clipped,score_stage_models,low_saturated,8705.0,14893.0,6188.0,True
paysim,3,PTHW,42,platt,score_stage_models,low_saturated,0.0,0.0,0.0,False
paysim,3,PTHW,42,raw,score_stage_models,low_saturated,8705.0,14893.0,6188.0,True
paysim,3,PTHW,52,clipped,score_stage_models,low_saturated,40928.0,14882.0,-26046.0,True
paysim,3,PTHW,52,platt,score_stage_models,low_saturated,0.0,0.0,0.0,False
paysim,3,PTHW,52,raw,score_stage_models,low_saturated,40928.0,14882.0,-26046.0,True
paysim,3,PTHW,62,clipped,score_stage_models,low_saturated,9265.0,9741.0,476.0,True
paysim,3,PTHW,62,platt,score_stage_models,low_saturated,0.0,0.0,0.0,False
paysim,3,PTHW,62,raw,score_stage_models,low_saturated,9265.0,9741.0,476.0,True
paysim,3,PTHW,72,clipped,score_stage_models,low_saturated,5204.0,7751.0,2547.0,True
paysim,3,PTHW,72,platt,score_stage_models,low_saturated,0.0,0.0,0.0,False
paysim,3,PTHW,72,raw,score_stage_models,low_saturated,5204.0,7751.0,2547.0,True
paysim,3,PTHW,82,clipped,score_stage_models,low_saturated,8439.0,11302.0,2863.0,True
paysim,3,PTHW,82,platt,score_stage_models,low_saturated,0.0,0.0,0.0,False
paysim,3,PTHW,82,raw,score_stage_models,low_saturated,8439.0,11302.0,2863.0,True
paysim,1,P0,42,clipped,score_stage_models,high_saturated,0.0,67.0,67.0,True
paysim,1,P0,42,platt,score_stage_models,high_saturated,0.0,0.0,0.0,False
paysim,1,P0,42,raw,score_stage_models,high_saturated,0.0,67.0,67.0,True
paysim,1,P0,52,clipped,score_stage_models,high_saturated,67.0,0.0,-67.0,True
paysim,1,P0,52,platt,score_stage_models,high_saturated,0.0,0.0,0.0,False
paysim,1,P0,52,raw,score_stage_models,high_saturated,67.0,0.0,-67.0,True
paysim,1,P0,62,clipped,score_stage_models,high_saturated,0.0,0.0,0.0,False
paysim,1,P0,62,platt,score_stage_models,high_saturated,0.0,0.0,0.0,False
paysim,1,P0,62,raw,score_stage_models,high_saturated,0.0,0.0,0.0,False
paysim,1,P0,72,clipped,score_stage_models,high_saturated,67.0,72.0,5.0,True
paysim,1,P0,72,platt,score_stage_models,high_saturated,0.0,0.0,0.0,False
paysim,1,P0,72,raw,score_stage_models,high_saturated,67.0,72.0,5.0,True
paysim,1,P0,82,clipped,score_stage_models,high_saturated,67.0,0.0,-67.0,True
paysim,1,P0,82,platt,score_stage_models,high_saturated,0.0,0.0,0.0,False
paysim,1,P0,82,raw,score_stage_models,high_saturated,67.0,0.0,-67.0,True
paysim,1,PH,42,clipped,score_stage_models,high_saturated,26.0,160.0,134.0,True
paysim,1,PH,42,platt,score_stage_models,high_saturated,0.0,0.0,0.0,False
paysim,1,PH,42,raw,score_stage_models,high_saturated,26.0,160.0,134.0,True
paysim,1,PH,52,clipped,score_stage_models,high_saturated,61.0,91.0,30.0,True
paysim,1,PH,52,platt,score_stage_models,high_saturated,0.0,0.0,0.0,False
paysim,1,PH,52,raw,score_stage_models,high_saturated,61.0,91.0,30.0,True
paysim,1,PH,62,clipped,score_stage_models,high_saturated,84.0,121.0,37.0,True
paysim,1,PH,62,platt,score_stage_models,high_saturated,0.0,0.0,0.0,False
paysim,1,PH,62,raw,score_stage_models,high_saturated,84.0,121.0,37.0,True
paysim,1,PH,72,clipped,score_stage_models,high_saturated,46.0,119.0,73.0,True
paysim,1,PH,72,platt,score_stage_models,high_saturated,0.0,0.0,0.0,False
paysim,1,PH,72,raw,score_stage_models,high_saturated,46.0,119.0,73.0,True
paysim,1,PH,82,clipped,score_stage_models,high_saturated,48.0,198.0,150.0,True
paysim,1,PH,82,platt,score_stage_models,high_saturated,0.0,0.0,0.0,False
paysim,1,PH,82,raw,score_stage_models,high_saturated,48.0,198.0,150.0,True
paysim,1,PT,42,clipped,score_stage_models,high_saturated,446.0,73.0,-373.0,True
paysim,1,PT,42,platt,score_stage_models,high_saturated,0.0,0.0,0.0,False
paysim,1,PT,42,raw,score_stage_models,high_saturated,446.0,73.0,-373.0,True
paysim,1,PT,52,clipped,score_stage_models,high_saturated,1930.0,104.0,-1826.0,True
paysim,1,PT,52,platt,score_stage_models,high_saturated,0.0,0.0,0.0,False
paysim,1,PT,52,raw,score_stage_models,high_saturated,1930.0,104.0,-1826.0,True
paysim,1,PT,62,clipped,score_stage_models,high_saturated,111.0,106.0,-5.0,True
paysim,1,PT,62,platt,score_stage_models,high_saturated,0.0,0.0,0.0,False
paysim,1,PT,62,raw,score_stage_models,high_saturated,111.0,106.0,-5.0,True
paysim,1,PT,72,clipped,score_stage_models,high_saturated,102.0,141.0,39.0,True
paysim,1,PT,72,platt,score_stage_models,high_saturated,0.0,0.0,0.0,False
paysim,1,PT,72,raw,score_stage_models,high_saturated,102.0,141.0,39.0,True
paysim,1,PT,82,clipped,score_stage_models,high_saturated,156.0,168.0,12.0,True
paysim,1,PT,82,platt,score_stage_models,high_saturated,0.0,0.0,0.0,False
paysim,1,PT,82,raw,score_stage_models,high_saturated,156.0,168.0,12.0,True
paysim,1,PTH,42,clipped,score_stage_models,high_saturated,646.0,370.0,-276.0,True
paysim,1,PTH,42,platt,score_stage_models,high_saturated,0.0,0.0,0.0,False
paysim,1,PTH,42,raw,score_stage_models,high_saturated,646.0,370.0,-276.0,True
paysim,1,PTH,52,clipped,score_stage_models,high_saturated,198.0,222.0,24.0,True
paysim,1,PTH,52,platt,score_stage_models,high_saturated,0.0,0.0,0.0,False
paysim,1,PTH,52,raw,score_stage_models,high_saturated,198.0,222.0,24.0,True
paysim,1,PTH,62,clipped,score_stage_models,high_saturated,195.0,543.0,348.0,True
paysim,1,PTH,62,platt,score_stage_models,high_saturated,0.0,0.0,0.0,False
paysim,1,PTH,62,raw,score_stage_models,high_saturated,195.0,543.0,348.0,True
paysim,1,PTH,72,clipped,score_stage_models,high_saturated,186.0,166.0,-20.0,True
paysim,1,PTH,72,platt,score_stage_models,high_saturated,0.0,0.0,0.0,False
paysim,1,PTH,72,raw,score_stage_models,high_saturated,186.0,166.0,-20.0,True
paysim,1,PTH,82,clipped,score_stage_models,high_saturated,225.0,209.0,-16.0,True
paysim,1,PTH,82,platt,score_stage_models,high_saturated,0.0,0.0,0.0,False
paysim,1,PTH,82,raw,score_stage_models,high_saturated,225.0,209.0,-16.0,True
paysim,1,PTHW,42,clipped,score_stage_models,high_saturated,427.0,380.0,-47.0,True
paysim,1,PTHW,42,platt,score_stage_models,high_saturated,0.0,0.0,0.0,False
paysim,1,PTHW,42,raw,score_stage_models,high_saturated,427.0,380.0,-47.0,True
paysim,1,PTHW,52,clipped,score_stage_models,high_saturated,240.0,415.0,175.0,True
paysim,1,PTHW,52,platt,score_stage_models,high_saturated,0.0,0.0,0.0,False
paysim,1,PTHW,52,raw,score_stage_models,high_saturated,240.0,415.0,175.0,True
paysim,1,PTHW,62,clipped,score_stage_models,high_saturated,251.0,241.0,-10.0,True
paysim,1,PTHW,62,platt,score_stage_models,high_saturated,0.0,0.0,0.0,False
paysim,1,PTHW,62,raw,score_stage_models,high_saturated,251.0,241.0,-10.0,True
paysim,1,PTHW,72,clipped,score_stage_models,high_saturated,130.0,137.0,7.0,True
paysim,1,PTHW,72,platt,score_stage_models,high_saturated,0.0,0.0,0.0,False
paysim,1,PTHW,72,raw,score_stage_models,high_saturated,130.0,137.0,7.0,True
paysim,1,PTHW,82,clipped,score_stage_models,high_saturated,196.0,230.0,34.0,True
paysim,1,PTHW,82,platt,score_stage_models,high_saturated,0.0,0.0,0.0,False
paysim,1,PTHW,82,raw,score_stage_models,high_saturated,196.0,230.0,34.0,True
paysim,2,P0,42,clipped,score_stage_models,high_saturated,38.0,34.0,-4.0,True
paysim,2,P0,42,platt,score_stage_models,high_saturated,0.0,0.0,0.0,False
paysim,2,P0,42,raw,score_stage_models,high_saturated,38.0,34.0,-4.0,True
paysim,2,P0,52,clipped,score_stage_models,high_saturated,0.0,54.0,54.0,True
paysim,2,P0,52,platt,score_stage_models,high_saturated,0.0,0.0,0.0,False
paysim,2,P0,52,raw,score_stage_models,high_saturated,0.0,54.0,54.0,True
paysim,2,P0,62,clipped,score_stage_models,high_saturated,32.0,27.0,-5.0,True
paysim,2,P0,62,platt,score_stage_models,high_saturated,0.0,0.0,0.0,False
paysim,2,P0,62,raw,score_stage_models,high_saturated,32.0,27.0,-5.0,True
paysim,2,P0,72,clipped,score_stage_models,high_saturated,39.0,26.0,-13.0,True
paysim,2,P0,72,platt,score_stage_models,high_saturated,0.0,0.0,0.0,False
paysim,2,P0,72,raw,score_stage_models,high_saturated,39.0,26.0,-13.0,True
paysim,2,P0,82,clipped,score_stage_models,high_saturated,34.0,26.0,-8.0,True
paysim,2,P0,82,platt,score_stage_models,high_saturated,0.0,0.0,0.0,False
paysim,2,P0,82,raw,score_stage_models,high_saturated,34.0,26.0,-8.0,True
paysim,2,PH,42,clipped,score_stage_models,high_saturated,20.0,45.0,25.0,True
paysim,2,PH,42,platt,score_stage_models,high_saturated,0.0,0.0,0.0,False
paysim,2,PH,42,raw,score_stage_models,high_saturated,20.0,45.0,25.0,True
paysim,2,PH,52,clipped,score_stage_models,high_saturated,117.0,41.0,-76.0,True
paysim,2,PH,52,platt,score_stage_models,high_saturated,0.0,0.0,0.0,False
paysim,2,PH,52,raw,score_stage_models,high_saturated,117.0,41.0,-76.0,True
paysim,2,PH,62,clipped,score_stage_models,high_saturated,63.0,68.0,5.0,True
paysim,2,PH,62,platt,score_stage_models,high_saturated,0.0,0.0,0.0,False
paysim,2,PH,62,raw,score_stage_models,high_saturated,63.0,68.0,5.0,True
paysim,2,PH,72,clipped,score_stage_models,high_saturated,34.0,50.0,16.0,True
paysim,2,PH,72,platt,score_stage_models,high_saturated,0.0,0.0,0.0,False
paysim,2,PH,72,raw,score_stage_models,high_saturated,34.0,50.0,16.0,True
paysim,2,PH,82,clipped,score_stage_models,high_saturated,92.0,121.0,29.0,True
paysim,2,PH,82,platt,score_stage_models,high_saturated,0.0,0.0,0.0,False
paysim,2,PH,82,raw,score_stage_models,high_saturated,92.0,121.0,29.0,True
paysim,2,PT,42,clipped,score_stage_models,high_saturated,871.0,918.0,47.0,True
paysim,2,PT,42,platt,score_stage_models,high_saturated,0.0,0.0,0.0,False
paysim,2,PT,42,raw,score_stage_models,high_saturated,871.0,918.0,47.0,True
paysim,2,PT,52,clipped,score_stage_models,high_saturated,65.0,75.0,10.0,True
paysim,2,PT,52,platt,score_stage_models,high_saturated,0.0,0.0,0.0,False
paysim,2,PT,52,raw,score_stage_models,high_saturated,65.0,75.0,10.0,True
paysim,2,PT,62,clipped,score_stage_models,high_saturated,255.0,465.0,210.0,True
paysim,2,PT,62,platt,score_stage_models,high_saturated,0.0,0.0,0.0,False
paysim,2,PT,62,raw,score_stage_models,high_saturated,255.0,465.0,210.0,True
paysim,2,PT,72,clipped,score_stage_models,high_saturated,98.0,500.0,402.0,True
paysim,2,PT,72,platt,score_stage_models,high_saturated,0.0,0.0,0.0,False
paysim,2,PT,72,raw,score_stage_models,high_saturated,98.0,500.0,402.0,True
paysim,2,PT,82,clipped,score_stage_models,high_saturated,59.0,164.0,105.0,True
paysim,2,PT,82,platt,score_stage_models,high_saturated,0.0,0.0,0.0,False
paysim,2,PT,82,raw,score_stage_models,high_saturated,59.0,164.0,105.0,True
paysim,2,PTH,42,clipped,score_stage_models,high_saturated,187.0,220.0,33.0,True
paysim,2,PTH,42,platt,score_stage_models,high_saturated,0.0,0.0,0.0,False
paysim,2,PTH,42,raw,score_stage_models,high_saturated,187.0,220.0,33.0,True
paysim,2,PTH,52,clipped,score_stage_models,high_saturated,149.0,316.0,167.0,True
paysim,2,PTH,52,platt,score_stage_models,high_saturated,0.0,0.0,0.0,False
paysim,2,PTH,52,raw,score_stage_models,high_saturated,149.0,316.0,167.0,True
paysim,2,PTH,62,clipped,score_stage_models,high_saturated,582.0,138.0,-444.0,True
paysim,2,PTH,62,platt,score_stage_models,high_saturated,0.0,0.0,0.0,False
paysim,2,PTH,62,raw,score_stage_models,high_saturated,582.0,138.0,-444.0,True
paysim,2,PTH,72,clipped,score_stage_models,high_saturated,153.0,132.0,-21.0,True
paysim,2,PTH,72,platt,score_stage_models,high_saturated,0.0,0.0,0.0,False
paysim,2,PTH,72,raw,score_stage_models,high_saturated,153.0,132.0,-21.0,True
paysim,2,PTH,82,clipped,score_stage_models,high_saturated,574.0,260.0,-314.0,True
paysim,2,PTH,82,platt,score_stage_models,high_saturated,0.0,0.0,0.0,False
paysim,2,PTH,82,raw,score_stage_models,high_saturated,574.0,260.0,-314.0,True
paysim,2,PTHW,42,clipped,score_stage_models,high_saturated,381.0,55.0,-326.0,True
paysim,2,PTHW,42,platt,score_stage_models,high_saturated,0.0,0.0,0.0,False
paysim,2,PTHW,42,raw,score_stage_models,high_saturated,381.0,55.0,-326.0,True
paysim,2,PTHW,52,clipped,score_stage_models,high_saturated,973.0,884.0,-89.0,True
paysim,2,PTHW,52,platt,score_stage_models,high_saturated,0.0,0.0,0.0,False
paysim,2,PTHW,52,raw,score_stage_models,high_saturated,973.0,884.0,-89.0,True
paysim,2,PTHW,62,clipped,score_stage_models,high_saturated,2199.0,1780.0,-419.0,True
paysim,2,PTHW,62,platt,score_stage_models,high_saturated,0.0,0.0,0.0,False
paysim,2,PTHW,62,raw,score_stage_models,high_saturated,2199.0,1780.0,-419.0,True
paysim,2,PTHW,72,clipped,score_stage_models,high_saturated,1607.0,3840.0,2233.0,True
paysim,2,PTHW,72,platt,score_stage_models,high_saturated,0.0,0.0,0.0,False
paysim,2,PTHW,72,raw,score_stage_models,high_saturated,1607.0,3840.0,2233.0,True
paysim,2,PTHW,82,clipped,score_stage_models,high_saturated,116.0,612.0,496.0,True
paysim,2,PTHW,82,platt,score_stage_models,high_saturated,0.0,0.0,0.0,False
paysim,2,PTHW,82,raw,score_stage_models,high_saturated,116.0,612.0,496.0,True
paysim,3,P0,42,clipped,score_stage_models,high_saturated,643.0,516.0,-127.0,True
paysim,3,P0,42,platt,score_stage_models,high_saturated,0.0,0.0,0.0,False
paysim,3,P0,42,raw,score_stage_models,high_saturated,643.0,516.0,-127.0,True
paysim,3,P0,52,clipped,score_stage_models,high_saturated,650.0,335.0,-315.0,True
paysim,3,P0,52,platt,score_stage_models,high_saturated,0.0,0.0,0.0,False
paysim,3,P0,52,raw,score_stage_models,high_saturated,650.0,335.0,-315.0,True
paysim,3,P0,62,clipped,score_stage_models,high_saturated,414.0,635.0,221.0,True
paysim,3,P0,62,platt,score_stage_models,high_saturated,0.0,0.0,0.0,False
paysim,3,P0,62,raw,score_stage_models,high_saturated,414.0,635.0,221.0,True
paysim,3,P0,72,clipped,score_stage_models,high_saturated,643.0,632.0,-11.0,True
paysim,3,P0,72,platt,score_stage_models,high_saturated,0.0,0.0,0.0,False
paysim,3,P0,72,raw,score_stage_models,high_saturated,643.0,632.0,-11.0,True
paysim,3,P0,82,clipped,score_stage_models,high_saturated,628.0,630.0,2.0,True
paysim,3,P0,82,platt,score_stage_models,high_saturated,0.0,0.0,0.0,False
paysim,3,P0,82,raw,score_stage_models,high_saturated,628.0,630.0,2.0,True
paysim,3,PH,42,clipped,score_stage_models,high_saturated,631.0,583.0,-48.0,True
paysim,3,PH,42,platt,score_stage_models,high_saturated,0.0,0.0,0.0,False
paysim,3,PH,42,raw,score_stage_models,high_saturated,631.0,583.0,-48.0,True
paysim,3,PH,52,clipped,score_stage_models,high_saturated,539.0,573.0,34.0,True
paysim,3,PH,52,platt,score_stage_models,high_saturated,0.0,0.0,0.0,False
paysim,3,PH,52,raw,score_stage_models,high_saturated,539.0,573.0,34.0,True
paysim,3,PH,62,clipped,score_stage_models,high_saturated,527.0,627.0,100.0,True
paysim,3,PH,62,platt,score_stage_models,high_saturated,0.0,0.0,0.0,False
paysim,3,PH,62,raw,score_stage_models,high_saturated,527.0,627.0,100.0,True
paysim,3,PH,72,clipped,score_stage_models,high_saturated,343.0,597.0,254.0,True
paysim,3,PH,72,platt,score_stage_models,high_saturated,0.0,0.0,0.0,False
paysim,3,PH,72,raw,score_stage_models,high_saturated,343.0,597.0,254.0,True
paysim,3,PH,82,clipped,score_stage_models,high_saturated,405.0,489.0,84.0,True
paysim,3,PH,82,platt,score_stage_models,high_saturated,0.0,0.0,0.0,False
paysim,3,PH,82,raw,score_stage_models,high_saturated,405.0,489.0,84.0,True
paysim,3,PT,42,clipped,score_stage_models,high_saturated,11206.0,16218.0,5012.0,True
paysim,3,PT,42,platt,score_stage_models,high_saturated,0.0,0.0,0.0,False
paysim,3,PT,42,raw,score_stage_models,high_saturated,11206.0,16218.0,5012.0,True
paysim,3,PT,52,clipped,score_stage_models,high_saturated,12274.0,13666.0,1392.0,True
paysim,3,PT,52,platt,score_stage_models,high_saturated,0.0,0.0,0.0,False
paysim,3,PT,52,raw,score_stage_models,high_saturated,12274.0,13666.0,1392.0,True
paysim,3,PT,62,clipped,score_stage_models,high_saturated,10644.0,12122.0,1478.0,True
paysim,3,PT,62,platt,score_stage_models,high_saturated,0.0,0.0,0.0,False
paysim,3,PT,62,raw,score_stage_models,high_saturated,10644.0,12122.0,1478.0,True
paysim,3,PT,72,clipped,score_stage_models,high_saturated,16711.0,11056.0,-5655.0,True
paysim,3,PT,72,platt,score_stage_models,high_saturated,0.0,0.0,0.0,False
paysim,3,PT,72,raw,score_stage_models,high_saturated,16711.0,11056.0,-5655.0,True
paysim,3,PT,82,clipped,score_stage_models,high_saturated,10619.0,12910.0,2291.0,True
paysim,3,PT,82,platt,score_stage_models,high_saturated,0.0,0.0,0.0,False
paysim,3,PT,82,raw,score_stage_models,high_saturated,10619.0,12910.0,2291.0,True
paysim,3,PTH,42,clipped,score_stage_models,high_saturated,2205.0,3042.0,837.0,True
paysim,3,PTH,42,platt,score_stage_models,high_saturated,0.0,0.0,0.0,False
paysim,3,PTH,42,raw,score_stage_models,high_saturated,2205.0,3042.0,837.0,True
paysim,3,PTH,52,clipped,score_stage_models,high_saturated,12065.0,10684.0,-1381.0,True
paysim,3,PTH,52,platt,score_stage_models,high_saturated,0.0,0.0,0.0,False
paysim,3,PTH,52,raw,score_stage_models,high_saturated,12065.0,10684.0,-1381.0,True
paysim,3,PTH,62,clipped,score_stage_models,high_saturated,6660.0,11870.0,5210.0,True
paysim,3,PTH,62,platt,score_stage_models,high_saturated,0.0,0.0,0.0,False
paysim,3,PTH,62,raw,score_stage_models,high_saturated,6660.0,11870.0,5210.0,True
paysim,3,PTH,72,clipped,score_stage_models,high_saturated,5002.0,6030.0,1028.0,True
paysim,3,PTH,72,platt,score_stage_models,high_saturated,0.0,0.0,0.0,False
paysim,3,PTH,72,raw,score_stage_models,high_saturated,5002.0,6030.0,1028.0,True
paysim,3,PTH,82,clipped,score_stage_models,high_saturated,3302.0,6484.0,3182.0,True
paysim,3,PTH,82,platt,score_stage_models,high_saturated,0.0,0.0,0.0,False
paysim,3,PTH,82,raw,score_stage_models,high_saturated,3302.0,6484.0,3182.0,True
paysim,3,PTHW,42,clipped,score_stage_models,high_saturated,1969.0,2598.0,629.0,True
paysim,3,PTHW,42,platt,score_stage_models,high_saturated,0.0,0.0,0.0,False
paysim,3,PTHW,42,raw,score_stage_models,high_saturated,1969.0,2598.0,629.0,True
paysim,3,PTHW,52,clipped,score_stage_models,high_saturated,7043.0,7559.0,516.0,True
paysim,3,PTHW,52,platt,score_stage_models,high_saturated,0.0,0.0,0.0,False
paysim,3,PTHW,52,raw,score_stage_models,high_saturated,7043.0,7559.0,516.0,True
paysim,3,PTHW,62,clipped,score_stage_models,high_saturated,9007.0,2435.0,-6572.0,True
paysim,3,PTHW,62,platt,score_stage_models,high_saturated,0.0,0.0,0.0,False
paysim,3,PTHW,62,raw,score_stage_models,high_saturated,9007.0,2435.0,-6572.0,True
paysim,3,PTHW,72,clipped,score_stage_models,high_saturated,3559.0,2904.0,-655.0,True
paysim,3,PTHW,72,platt,score_stage_models,high_saturated,0.0,0.0,0.0,False
paysim,3,PTHW,72,raw,score_stage_models,high_saturated,3559.0,2904.0,-655.0,True
paysim,3,PTHW,82,clipped,score_stage_models,high_saturated,4618.0,6844.0,2226.0,True
paysim,3,PTHW,82,platt,score_stage_models,high_saturated,0.0,0.0,0.0,False
paysim,3,PTHW,82,raw,score_stage_models,high_saturated,4618.0,6844.0,2226.0,True
paysim,1,P0,42,clipped,score_stage_models,n,642661.0,642661.0,0.0,False
paysim,1,P0,42,platt,score_stage_models,n,642661.0,642661.0,0.0,False
paysim,1,P0,42,raw,score_stage_models,n,642661.0,642661.0,0.0,False
paysim,1,P0,52,clipped,score_stage_models,n,642661.0,642661.0,0.0,False
paysim,1,P0,52,platt,score_stage_models,n,642661.0,642661.0,0.0,False
paysim,1,P0,52,raw,score_stage_models,n,642661.0,642661.0,0.0,False
paysim,1,P0,62,clipped,score_stage_models,n,642661.0,642661.0,0.0,False
paysim,1,P0,62,platt,score_stage_models,n,642661.0,642661.0,0.0,False
paysim,1,P0,62,raw,score_stage_models,n,642661.0,642661.0,0.0,False
paysim,1,P0,72,clipped,score_stage_models,n,642661.0,642661.0,0.0,False
paysim,1,P0,72,platt,score_stage_models,n,642661.0,642661.0,0.0,False
paysim,1,P0,72,raw,score_stage_models,n,642661.0,642661.0,0.0,False
paysim,1,P0,82,clipped,score_stage_models,n,642661.0,642661.0,0.0,False
paysim,1,P0,82,platt,score_stage_models,n,642661.0,642661.0,0.0,False
paysim,1,P0,82,raw,score_stage_models,n,642661.0,642661.0,0.0,False
paysim,1,PH,42,clipped,score_stage_models,n,642661.0,642661.0,0.0,False
paysim,1,PH,42,platt,score_stage_models,n,642661.0,642661.0,0.0,False
paysim,1,PH,42,raw,score_stage_models,n,642661.0,642661.0,0.0,False
paysim,1,PH,52,clipped,score_stage_models,n,642661.0,642661.0,0.0,False
paysim,1,PH,52,platt,score_stage_models,n,642661.0,642661.0,0.0,False
paysim,1,PH,52,raw,score_stage_models,n,642661.0,642661.0,0.0,False
paysim,1,PH,62,clipped,score_stage_models,n,642661.0,642661.0,0.0,False
paysim,1,PH,62,platt,score_stage_models,n,642661.0,642661.0,0.0,False
paysim,1,PH,62,raw,score_stage_models,n,642661.0,642661.0,0.0,False
paysim,1,PH,72,clipped,score_stage_models,n,642661.0,642661.0,0.0,False
paysim,1,PH,72,platt,score_stage_models,n,642661.0,642661.0,0.0,False
paysim,1,PH,72,raw,score_stage_models,n,642661.0,642661.0,0.0,False
paysim,1,PH,82,clipped,score_stage_models,n,642661.0,642661.0,0.0,False
paysim,1,PH,82,platt,score_stage_models,n,642661.0,642661.0,0.0,False
paysim,1,PH,82,raw,score_stage_models,n,642661.0,642661.0,0.0,False
paysim,1,PT,42,clipped,score_stage_models,n,642661.0,642661.0,0.0,False
paysim,1,PT,42,platt,score_stage_models,n,642661.0,642661.0,0.0,False
paysim,1,PT,42,raw,score_stage_models,n,642661.0,642661.0,0.0,False
paysim,1,PT,52,clipped,score_stage_models,n,642661.0,642661.0,0.0,False
paysim,1,PT,52,platt,score_stage_models,n,642661.0,642661.0,0.0,False
paysim,1,PT,52,raw,score_stage_models,n,642661.0,642661.0,0.0,False
paysim,1,PT,62,clipped,score_stage_models,n,642661.0,642661.0,0.0,False
paysim,1,PT,62,platt,score_stage_models,n,642661.0,642661.0,0.0,False
paysim,1,PT,62,raw,score_stage_models,n,642661.0,642661.0,0.0,False
paysim,1,PT,72,clipped,score_stage_models,n,642661.0,642661.0,0.0,False
paysim,1,PT,72,platt,score_stage_models,n,642661.0,642661.0,0.0,False
paysim,1,PT,72,raw,score_stage_models,n,642661.0,642661.0,0.0,False
paysim,1,PT,82,clipped,score_stage_models,n,642661.0,642661.0,0.0,False
paysim,1,PT,82,platt,score_stage_models,n,642661.0,642661.0,0.0,False
paysim,1,PT,82,raw,score_stage_models,n,642661.0,642661.0,0.0,False
paysim,1,PTH,42,clipped,score_stage_models,n,642661.0,642661.0,0.0,False
paysim,1,PTH,42,platt,score_stage_models,n,642661.0,642661.0,0.0,False
paysim,1,PTH,42,raw,score_stage_models,n,642661.0,642661.0,0.0,False
paysim,1,PTH,52,clipped,score_stage_models,n,642661.0,642661.0,0.0,False
paysim,1,PTH,52,platt,score_stage_models,n,642661.0,642661.0,0.0,False
paysim,1,PTH,52,raw,score_stage_models,n,642661.0,642661.0,0.0,False
paysim,1,PTH,62,clipped,score_stage_models,n,642661.0,642661.0,0.0,False
paysim,1,PTH,62,platt,score_stage_models,n,642661.0,642661.0,0.0,False
paysim,1,PTH,62,raw,score_stage_models,n,642661.0,642661.0,0.0,False
paysim,1,PTH,72,clipped,score_stage_models,n,642661.0,642661.0,0.0,False
paysim,1,PTH,72,platt,score_stage_models,n,642661.0,642661.0,0.0,False
paysim,1,PTH,72,raw,score_stage_models,n,642661.0,642661.0,0.0,False
paysim,1,PTH,82,clipped,score_stage_models,n,642661.0,642661.0,0.0,False
paysim,1,PTH,82,platt,score_stage_models,n,642661.0,642661.0,0.0,False
paysim,1,PTH,82,raw,score_stage_models,n,642661.0,642661.0,0.0,False
paysim,1,PTHW,42,clipped,score_stage_models,n,642661.0,642661.0,0.0,False
paysim,1,PTHW,42,platt,score_stage_models,n,642661.0,642661.0,0.0,False
paysim,1,PTHW,42,raw,score_stage_models,n,642661.0,642661.0,0.0,False
paysim,1,PTHW,52,clipped,score_stage_models,n,642661.0,642661.0,0.0,False
paysim,1,PTHW,52,platt,score_stage_models,n,642661.0,642661.0,0.0,False
paysim,1,PTHW,52,raw,score_stage_models,n,642661.0,642661.0,0.0,False
paysim,1,PTHW,62,clipped,score_stage_models,n,642661.0,642661.0,0.0,False
paysim,1,PTHW,62,platt,score_stage_models,n,642661.0,642661.0,0.0,False
paysim,1,PTHW,62,raw,score_stage_models,n,642661.0,642661.0,0.0,False
paysim,1,PTHW,72,clipped,score_stage_models,n,642661.0,642661.0,0.0,False
paysim,1,PTHW,72,platt,score_stage_models,n,642661.0,642661.0,0.0,False
paysim,1,PTHW,72,raw,score_stage_models,n,642661.0,642661.0,0.0,False
paysim,1,PTHW,82,clipped,score_stage_models,n,642661.0,642661.0,0.0,False
paysim,1,PTHW,82,platt,score_stage_models,n,642661.0,642661.0,0.0,False
paysim,1,PTHW,82,raw,score_stage_models,n,642661.0,642661.0,0.0,False
paysim,2,P0,42,clipped,score_stage_models,n,605510.0,605510.0,0.0,False
paysim,2,P0,42,platt,score_stage_models,n,605510.0,605510.0,0.0,False
paysim,2,P0,42,raw,score_stage_models,n,605510.0,605510.0,0.0,False
paysim,2,P0,52,clipped,score_stage_models,n,605510.0,605510.0,0.0,False
paysim,2,P0,52,platt,score_stage_models,n,605510.0,605510.0,0.0,False
paysim,2,P0,52,raw,score_stage_models,n,605510.0,605510.0,0.0,False
paysim,2,P0,62,clipped,score_stage_models,n,605510.0,605510.0,0.0,False
paysim,2,P0,62,platt,score_stage_models,n,605510.0,605510.0,0.0,False
paysim,2,P0,62,raw,score_stage_models,n,605510.0,605510.0,0.0,False
paysim,2,P0,72,clipped,score_stage_models,n,605510.0,605510.0,0.0,False
paysim,2,P0,72,platt,score_stage_models,n,605510.0,605510.0,0.0,False
paysim,2,P0,72,raw,score_stage_models,n,605510.0,605510.0,0.0,False
paysim,2,P0,82,clipped,score_stage_models,n,605510.0,605510.0,0.0,False
paysim,2,P0,82,platt,score_stage_models,n,605510.0,605510.0,0.0,False
paysim,2,P0,82,raw,score_stage_models,n,605510.0,605510.0,0.0,False
paysim,2,PH,42,clipped,score_stage_models,n,605510.0,605510.0,0.0,False
paysim,2,PH,42,platt,score_stage_models,n,605510.0,605510.0,0.0,False
paysim,2,PH,42,raw,score_stage_models,n,605510.0,605510.0,0.0,False
paysim,2,PH,52,clipped,score_stage_models,n,605510.0,605510.0,0.0,False
paysim,2,PH,52,platt,score_stage_models,n,605510.0,605510.0,0.0,False
paysim,2,PH,52,raw,score_stage_models,n,605510.0,605510.0,0.0,False
paysim,2,PH,62,clipped,score_stage_models,n,605510.0,605510.0,0.0,False
paysim,2,PH,62,platt,score_stage_models,n,605510.0,605510.0,0.0,False
paysim,2,PH,62,raw,score_stage_models,n,605510.0,605510.0,0.0,False
paysim,2,PH,72,clipped,score_stage_models,n,605510.0,605510.0,0.0,False
paysim,2,PH,72,platt,score_stage_models,n,605510.0,605510.0,0.0,False
paysim,2,PH,72,raw,score_stage_models,n,605510.0,605510.0,0.0,False
paysim,2,PH,82,clipped,score_stage_models,n,605510.0,605510.0,0.0,False
paysim,2,PH,82,platt,score_stage_models,n,605510.0,605510.0,0.0,False
paysim,2,PH,82,raw,score_stage_models,n,605510.0,605510.0,0.0,False
paysim,2,PT,42,clipped,score_stage_models,n,605510.0,605510.0,0.0,False
paysim,2,PT,42,platt,score_stage_models,n,605510.0,605510.0,0.0,False
paysim,2,PT,42,raw,score_stage_models,n,605510.0,605510.0,0.0,False
paysim,2,PT,52,clipped,score_stage_models,n,605510.0,605510.0,0.0,False
paysim,2,PT,52,platt,score_stage_models,n,605510.0,605510.0,0.0,False
paysim,2,PT,52,raw,score_stage_models,n,605510.0,605510.0,0.0,False
paysim,2,PT,62,clipped,score_stage_models,n,605510.0,605510.0,0.0,False
paysim,2,PT,62,platt,score_stage_models,n,605510.0,605510.0,0.0,False
paysim,2,PT,62,raw,score_stage_models,n,605510.0,605510.0,0.0,False
paysim,2,PT,72,clipped,score_stage_models,n,605510.0,605510.0,0.0,False
paysim,2,PT,72,platt,score_stage_models,n,605510.0,605510.0,0.0,False
paysim,2,PT,72,raw,score_stage_models,n,605510.0,605510.0,0.0,False
paysim,2,PT,82,clipped,score_stage_models,n,605510.0,605510.0,0.0,False
paysim,2,PT,82,platt,score_stage_models,n,605510.0,605510.0,0.0,False
paysim,2,PT,82,raw,score_stage_models,n,605510.0,605510.0,0.0,False
paysim,2,PTH,42,clipped,score_stage_models,n,605510.0,605510.0,0.0,False
paysim,2,PTH,42,platt,score_stage_models,n,605510.0,605510.0,0.0,False
paysim,2,PTH,42,raw,score_stage_models,n,605510.0,605510.0,0.0,False
paysim,2,PTH,52,clipped,score_stage_models,n,605510.0,605510.0,0.0,False
paysim,2,PTH,52,platt,score_stage_models,n,605510.0,605510.0,0.0,False
paysim,2,PTH,52,raw,score_stage_models,n,605510.0,605510.0,0.0,False
paysim,2,PTH,62,clipped,score_stage_models,n,605510.0,605510.0,0.0,False
paysim,2,PTH,62,platt,score_stage_models,n,605510.0,605510.0,0.0,False
paysim,2,PTH,62,raw,score_stage_models,n,605510.0,605510.0,0.0,False
paysim,2,PTH,72,clipped,score_stage_models,n,605510.0,605510.0,0.0,False
paysim,2,PTH,72,platt,score_stage_models,n,605510.0,605510.0,0.0,False
paysim,2,PTH,72,raw,score_stage_models,n,605510.0,605510.0,0.0,False
paysim,2,PTH,82,clipped,score_stage_models,n,605510.0,605510.0,0.0,False
paysim,2,PTH,82,platt,score_stage_models,n,605510.0,605510.0,0.0,False
paysim,2,PTH,82,raw,score_stage_models,n,605510.0,605510.0,0.0,False
paysim,2,PTHW,42,clipped,score_stage_models,n,605510.0,605510.0,0.0,False
paysim,2,PTHW,42,platt,score_stage_models,n,605510.0,605510.0,0.0,False
paysim,2,PTHW,42,raw,score_stage_models,n,605510.0,605510.0,0.0,False
paysim,2,PTHW,52,clipped,score_stage_models,n,605510.0,605510.0,0.0,False
paysim,2,PTHW,52,platt,score_stage_models,n,605510.0,605510.0,0.0,False
paysim,2,PTHW,52,raw,score_stage_models,n,605510.0,605510.0,0.0,False
paysim,2,PTHW,62,clipped,score_stage_models,n,605510.0,605510.0,0.0,False
paysim,2,PTHW,62,platt,score_stage_models,n,605510.0,605510.0,0.0,False
paysim,2,PTHW,62,raw,score_stage_models,n,605510.0,605510.0,0.0,False
paysim,2,PTHW,72,clipped,score_stage_models,n,605510.0,605510.0,0.0,False
paysim,2,PTHW,72,platt,score_stage_models,n,605510.0,605510.0,0.0,False
paysim,2,PTHW,72,raw,score_stage_models,n,605510.0,605510.0,0.0,False
paysim,2,PTHW,82,clipped,score_stage_models,n,605510.0,605510.0,0.0,False
paysim,2,PTHW,82,platt,score_stage_models,n,605510.0,605510.0,0.0,False
paysim,2,PTHW,82,raw,score_stage_models,n,605510.0,605510.0,0.0,False
paysim,3,P0,42,clipped,score_stage_models,n,636723.0,636723.0,0.0,False
paysim,3,P0,42,platt,score_stage_models,n,636723.0,636723.0,0.0,False
paysim,3,P0,42,raw,score_stage_models,n,636723.0,636723.0,0.0,False
paysim,3,P0,52,clipped,score_stage_models,n,636723.0,636723.0,0.0,False
paysim,3,P0,52,platt,score_stage_models,n,636723.0,636723.0,0.0,False
paysim,3,P0,52,raw,score_stage_models,n,636723.0,636723.0,0.0,False
paysim,3,P0,62,clipped,score_stage_models,n,636723.0,636723.0,0.0,False
paysim,3,P0,62,platt,score_stage_models,n,636723.0,636723.0,0.0,False
paysim,3,P0,62,raw,score_stage_models,n,636723.0,636723.0,0.0,False
paysim,3,P0,72,clipped,score_stage_models,n,636723.0,636723.0,0.0,False
paysim,3,P0,72,platt,score_stage_models,n,636723.0,636723.0,0.0,False
paysim,3,P0,72,raw,score_stage_models,n,636723.0,636723.0,0.0,False
paysim,3,P0,82,clipped,score_stage_models,n,636723.0,636723.0,0.0,False
paysim,3,P0,82,platt,score_stage_models,n,636723.0,636723.0,0.0,False
paysim,3,P0,82,raw,score_stage_models,n,636723.0,636723.0,0.0,False
paysim,3,PH,42,clipped,score_stage_models,n,636723.0,636723.0,0.0,False
paysim,3,PH,42,platt,score_stage_models,n,636723.0,636723.0,0.0,False
paysim,3,PH,42,raw,score_stage_models,n,636723.0,636723.0,0.0,False
paysim,3,PH,52,clipped,score_stage_models,n,636723.0,636723.0,0.0,False
paysim,3,PH,52,platt,score_stage_models,n,636723.0,636723.0,0.0,False
paysim,3,PH,52,raw,score_stage_models,n,636723.0,636723.0,0.0,False
paysim,3,PH,62,clipped,score_stage_models,n,636723.0,636723.0,0.0,False
paysim,3,PH,62,platt,score_stage_models,n,636723.0,636723.0,0.0,False
paysim,3,PH,62,raw,score_stage_models,n,636723.0,636723.0,0.0,False
paysim,3,PH,72,clipped,score_stage_models,n,636723.0,636723.0,0.0,False
paysim,3,PH,72,platt,score_stage_models,n,636723.0,636723.0,0.0,False
paysim,3,PH,72,raw,score_stage_models,n,636723.0,636723.0,0.0,False
paysim,3,PH,82,clipped,score_stage_models,n,636723.0,636723.0,0.0,False
paysim,3,PH,82,platt,score_stage_models,n,636723.0,636723.0,0.0,False
paysim,3,PH,82,raw,score_stage_models,n,636723.0,636723.0,0.0,False
paysim,3,PT,42,clipped,score_stage_models,n,636723.0,636723.0,0.0,False
paysim,3,PT,42,platt,score_stage_models,n,636723.0,636723.0,0.0,False
paysim,3,PT,42,raw,score_stage_models,n,636723.0,636723.0,0.0,False
paysim,3,PT,52,clipped,score_stage_models,n,636723.0,636723.0,0.0,False
paysim,3,PT,52,platt,score_stage_models,n,636723.0,636723.0,0.0,False
paysim,3,PT,52,raw,score_stage_models,n,636723.0,636723.0,0.0,False
paysim,3,PT,62,clipped,score_stage_models,n,636723.0,636723.0,0.0,False
paysim,3,PT,62,platt,score_stage_models,n,636723.0,636723.0,0.0,False
paysim,3,PT,62,raw,score_stage_models,n,636723.0,636723.0,0.0,False
paysim,3,PT,72,clipped,score_stage_models,n,636723.0,636723.0,0.0,False
paysim,3,PT,72,platt,score_stage_models,n,636723.0,636723.0,0.0,False
paysim,3,PT,72,raw,score_stage_models,n,636723.0,636723.0,0.0,False
paysim,3,PT,82,clipped,score_stage_models,n,636723.0,636723.0,0.0,False
paysim,3,PT,82,platt,score_stage_models,n,636723.0,636723.0,0.0,False
paysim,3,PT,82,raw,score_stage_models,n,636723.0,636723.0,0.0,False
paysim,3,PTH,42,clipped,score_stage_models,n,636723.0,636723.0,0.0,False
paysim,3,PTH,42,platt,score_stage_models,n,636723.0,636723.0,0.0,False
paysim,3,PTH,42,raw,score_stage_models,n,636723.0,636723.0,0.0,False
paysim,3,PTH,52,clipped,score_stage_models,n,636723.0,636723.0,0.0,False
paysim,3,PTH,52,platt,score_stage_models,n,636723.0,636723.0,0.0,False
paysim,3,PTH,52,raw,score_stage_models,n,636723.0,636723.0,0.0,False
paysim,3,PTH,62,clipped,score_stage_models,n,636723.0,636723.0,0.0,False
paysim,3,PTH,62,platt,score_stage_models,n,636723.0,636723.0,0.0,False
paysim,3,PTH,62,raw,score_stage_models,n,636723.0,636723.0,0.0,False
paysim,3,PTH,72,clipped,score_stage_models,n,636723.0,636723.0,0.0,False
paysim,3,PTH,72,platt,score_stage_models,n,636723.0,636723.0,0.0,False
paysim,3,PTH,72,raw,score_stage_models,n,636723.0,636723.0,0.0,False
paysim,3,PTH,82,clipped,score_stage_models,n,636723.0,636723.0,0.0,False
paysim,3,PTH,82,platt,score_stage_models,n,636723.0,636723.0,0.0,False
paysim,3,PTH,82,raw,score_stage_models,n,636723.0,636723.0,0.0,False
paysim,3,PTHW,42,clipped,score_stage_models,n,636723.0,636723.0,0.0,False
paysim,3,PTHW,42,platt,score_stage_models,n,636723.0,636723.0,0.0,False
paysim,3,PTHW,42,raw,score_stage_models,n,636723.0,636723.0,0.0,False
paysim,3,PTHW,52,clipped,score_stage_models,n,636723.0,636723.0,0.0,False
paysim,3,PTHW,52,platt,score_stage_models,n,636723.0,636723.0,0.0,False
paysim,3,PTHW,52,raw,score_stage_models,n,636723.0,636723.0,0.0,False
paysim,3,PTHW,62,clipped,score_stage_models,n,636723.0,636723.0,0.0,False
paysim,3,PTHW,62,platt,score_stage_models,n,636723.0,636723.0,0.0,False
paysim,3,PTHW,62,raw,score_stage_models,n,636723.0,636723.0,0.0,False
paysim,3,PTHW,72,clipped,score_stage_models,n,636723.0,636723.0,0.0,False
paysim,3,PTHW,72,platt,score_stage_models,n,636723.0,636723.0,0.0,False
paysim,3,PTHW,72,raw,score_stage_models,n,636723.0,636723.0,0.0,False
paysim,3,PTHW,82,clipped,score_stage_models,n,636723.0,636723.0,0.0,False
paysim,3,PTHW,82,platt,score_stage_models,n,636723.0,636723.0,0.0,False
paysim,3,PTHW,82,raw,score_stage_models,n,636723.0,636723.0,0.0,False
paysim,1,P0,42,clipped,score_stage_models,frauds,498.0,498.0,0.0,False
paysim,1,P0,42,platt,score_stage_models,frauds,498.0,498.0,0.0,False
paysim,1,P0,42,raw,score_stage_models,frauds,498.0,498.0,0.0,False
paysim,1,P0,52,clipped,score_stage_models,frauds,498.0,498.0,0.0,False
paysim,1,P0,52,platt,score_stage_models,frauds,498.0,498.0,0.0,False
paysim,1,P0,52,raw,score_stage_models,frauds,498.0,498.0,0.0,False
paysim,1,P0,62,clipped,score_stage_models,frauds,498.0,498.0,0.0,False
paysim,1,P0,62,platt,score_stage_models,frauds,498.0,498.0,0.0,False
paysim,1,P0,62,raw,score_stage_models,frauds,498.0,498.0,0.0,False
paysim,1,P0,72,clipped,score_stage_models,frauds,498.0,498.0,0.0,False
paysim,1,P0,72,platt,score_stage_models,frauds,498.0,498.0,0.0,False
paysim,1,P0,72,raw,score_stage_models,frauds,498.0,498.0,0.0,False
paysim,1,P0,82,clipped,score_stage_models,frauds,498.0,498.0,0.0,False
paysim,1,P0,82,platt,score_stage_models,frauds,498.0,498.0,0.0,False
paysim,1,P0,82,raw,score_stage_models,frauds,498.0,498.0,0.0,False
paysim,1,PH,42,clipped,score_stage_models,frauds,498.0,498.0,0.0,False
paysim,1,PH,42,platt,score_stage_models,frauds,498.0,498.0,0.0,False
paysim,1,PH,42,raw,score_stage_models,frauds,498.0,498.0,0.0,False
paysim,1,PH,52,clipped,score_stage_models,frauds,498.0,498.0,0.0,False
paysim,1,PH,52,platt,score_stage_models,frauds,498.0,498.0,0.0,False
paysim,1,PH,52,raw,score_stage_models,frauds,498.0,498.0,0.0,False
paysim,1,PH,62,clipped,score_stage_models,frauds,498.0,498.0,0.0,False
paysim,1,PH,62,platt,score_stage_models,frauds,498.0,498.0,0.0,False
paysim,1,PH,62,raw,score_stage_models,frauds,498.0,498.0,0.0,False
paysim,1,PH,72,clipped,score_stage_models,frauds,498.0,498.0,0.0,False
paysim,1,PH,72,platt,score_stage_models,frauds,498.0,498.0,0.0,False
paysim,1,PH,72,raw,score_stage_models,frauds,498.0,498.0,0.0,False
paysim,1,PH,82,clipped,score_stage_models,frauds,498.0,498.0,0.0,False
paysim,1,PH,82,platt,score_stage_models,frauds,498.0,498.0,0.0,False
paysim,1,PH,82,raw,score_stage_models,frauds,498.0,498.0,0.0,False
paysim,1,PT,42,clipped,score_stage_models,frauds,498.0,498.0,0.0,False
paysim,1,PT,42,platt,score_stage_models,frauds,498.0,498.0,0.0,False
paysim,1,PT,42,raw,score_stage_models,frauds,498.0,498.0,0.0,False
paysim,1,PT,52,clipped,score_stage_models,frauds,498.0,498.0,0.0,False
paysim,1,PT,52,platt,score_stage_models,frauds,498.0,498.0,0.0,False
paysim,1,PT,52,raw,score_stage_models,frauds,498.0,498.0,0.0,False
paysim,1,PT,62,clipped,score_stage_models,frauds,498.0,498.0,0.0,False
paysim,1,PT,62,platt,score_stage_models,frauds,498.0,498.0,0.0,False
paysim,1,PT,62,raw,score_stage_models,frauds,498.0,498.0,0.0,False
paysim,1,PT,72,clipped,score_stage_models,frauds,498.0,498.0,0.0,False
paysim,1,PT,72,platt,score_stage_models,frauds,498.0,498.0,0.0,False
paysim,1,PT,72,raw,score_stage_models,frauds,498.0,498.0,0.0,False
paysim,1,PT,82,clipped,score_stage_models,frauds,498.0,498.0,0.0,False
paysim,1,PT,82,platt,score_stage_models,frauds,498.0,498.0,0.0,False
paysim,1,PT,82,raw,score_stage_models,frauds,498.0,498.0,0.0,False
paysim,1,PTH,42,clipped,score_stage_models,frauds,498.0,498.0,0.0,False
paysim,1,PTH,42,platt,score_stage_models,frauds,498.0,498.0,0.0,False
paysim,1,PTH,42,raw,score_stage_models,frauds,498.0,498.0,0.0,False
paysim,1,PTH,52,clipped,score_stage_models,frauds,498.0,498.0,0.0,False
paysim,1,PTH,52,platt,score_stage_models,frauds,498.0,498.0,0.0,False
paysim,1,PTH,52,raw,score_stage_models,frauds,498.0,498.0,0.0,False
paysim,1,PTH,62,clipped,score_stage_models,frauds,498.0,498.0,0.0,False
paysim,1,PTH,62,platt,score_stage_models,frauds,498.0,498.0,0.0,False
paysim,1,PTH,62,raw,score_stage_models,frauds,498.0,498.0,0.0,False
paysim,1,PTH,72,clipped,score_stage_models,frauds,498.0,498.0,0.0,False
paysim,1,PTH,72,platt,score_stage_models,frauds,498.0,498.0,0.0,False
paysim,1,PTH,72,raw,score_stage_models,frauds,498.0,498.0,0.0,False
paysim,1,PTH,82,clipped,score_stage_models,frauds,498.0,498.0,0.0,False
paysim,1,PTH,82,platt,score_stage_models,frauds,498.0,498.0,0.0,False
paysim,1,PTH,82,raw,score_stage_models,frauds,498.0,498.0,0.0,False
paysim,1,PTHW,42,clipped,score_stage_models,frauds,498.0,498.0,0.0,False
paysim,1,PTHW,42,platt,score_stage_models,frauds,498.0,498.0,0.0,False
paysim,1,PTHW,42,raw,score_stage_models,frauds,498.0,498.0,0.0,False
paysim,1,PTHW,52,clipped,score_stage_models,frauds,498.0,498.0,0.0,False
paysim,1,PTHW,52,platt,score_stage_models,frauds,498.0,498.0,0.0,False
paysim,1,PTHW,52,raw,score_stage_models,frauds,498.0,498.0,0.0,False
paysim,1,PTHW,62,clipped,score_stage_models,frauds,498.0,498.0,0.0,False
paysim,1,PTHW,62,platt,score_stage_models,frauds,498.0,498.0,0.0,False
paysim,1,PTHW,62,raw,score_stage_models,frauds,498.0,498.0,0.0,False
paysim,1,PTHW,72,clipped,score_stage_models,frauds,498.0,498.0,0.0,False
paysim,1,PTHW,72,platt,score_stage_models,frauds,498.0,498.0,0.0,False
paysim,1,PTHW,72,raw,score_stage_models,frauds,498.0,498.0,0.0,False
paysim,1,PTHW,82,clipped,score_stage_models,frauds,498.0,498.0,0.0,False
paysim,1,PTHW,82,platt,score_stage_models,frauds,498.0,498.0,0.0,False
paysim,1,PTHW,82,raw,score_stage_models,frauds,498.0,498.0,0.0,False
paysim,2,P0,42,clipped,score_stage_models,frauds,312.0,312.0,0.0,False
paysim,2,P0,42,platt,score_stage_models,frauds,312.0,312.0,0.0,False
paysim,2,P0,42,raw,score_stage_models,frauds,312.0,312.0,0.0,False
paysim,2,P0,52,clipped,score_stage_models,frauds,312.0,312.0,0.0,False
paysim,2,P0,52,platt,score_stage_models,frauds,312.0,312.0,0.0,False
paysim,2,P0,52,raw,score_stage_models,frauds,312.0,312.0,0.0,False
paysim,2,P0,62,clipped,score_stage_models,frauds,312.0,312.0,0.0,False
paysim,2,P0,62,platt,score_stage_models,frauds,312.0,312.0,0.0,False
paysim,2,P0,62,raw,score_stage_models,frauds,312.0,312.0,0.0,False
paysim,2,P0,72,clipped,score_stage_models,frauds,312.0,312.0,0.0,False
paysim,2,P0,72,platt,score_stage_models,frauds,312.0,312.0,0.0,False
paysim,2,P0,72,raw,score_stage_models,frauds,312.0,312.0,0.0,False
paysim,2,P0,82,clipped,score_stage_models,frauds,312.0,312.0,0.0,False
paysim,2,P0,82,platt,score_stage_models,frauds,312.0,312.0,0.0,False
paysim,2,P0,82,raw,score_stage_models,frauds,312.0,312.0,0.0,False
paysim,2,PH,42,clipped,score_stage_models,frauds,312.0,312.0,0.0,False
paysim,2,PH,42,platt,score_stage_models,frauds,312.0,312.0,0.0,False
paysim,2,PH,42,raw,score_stage_models,frauds,312.0,312.0,0.0,False
paysim,2,PH,52,clipped,score_stage_models,frauds,312.0,312.0,0.0,False
paysim,2,PH,52,platt,score_stage_models,frauds,312.0,312.0,0.0,False
paysim,2,PH,52,raw,score_stage_models,frauds,312.0,312.0,0.0,False
paysim,2,PH,62,clipped,score_stage_models,frauds,312.0,312.0,0.0,False
paysim,2,PH,62,platt,score_stage_models,frauds,312.0,312.0,0.0,False
paysim,2,PH,62,raw,score_stage_models,frauds,312.0,312.0,0.0,False
paysim,2,PH,72,clipped,score_stage_models,frauds,312.0,312.0,0.0,False
paysim,2,PH,72,platt,score_stage_models,frauds,312.0,312.0,0.0,False
paysim,2,PH,72,raw,score_stage_models,frauds,312.0,312.0,0.0,False
paysim,2,PH,82,clipped,score_stage_models,frauds,312.0,312.0,0.0,False
paysim,2,PH,82,platt,score_stage_models,frauds,312.0,312.0,0.0,False
paysim,2,PH,82,raw,score_stage_models,frauds,312.0,312.0,0.0,False
paysim,2,PT,42,clipped,score_stage_models,frauds,312.0,312.0,0.0,False
paysim,2,PT,42,platt,score_stage_models,frauds,312.0,312.0,0.0,False
paysim,2,PT,42,raw,score_stage_models,frauds,312.0,312.0,0.0,False
paysim,2,PT,52,clipped,score_stage_models,frauds,312.0,312.0,0.0,False
paysim,2,PT,52,platt,score_stage_models,frauds,312.0,312.0,0.0,False
paysim,2,PT,52,raw,score_stage_models,frauds,312.0,312.0,0.0,False
paysim,2,PT,62,clipped,score_stage_models,frauds,312.0,312.0,0.0,False
paysim,2,PT,62,platt,score_stage_models,frauds,312.0,312.0,0.0,False
paysim,2,PT,62,raw,score_stage_models,frauds,312.0,312.0,0.0,False
paysim,2,PT,72,clipped,score_stage_models,frauds,312.0,312.0,0.0,False
paysim,2,PT,72,platt,score_stage_models,frauds,312.0,312.0,0.0,False
paysim,2,PT,72,raw,score_stage_models,frauds,312.0,312.0,0.0,False
paysim,2,PT,82,clipped,score_stage_models,frauds,312.0,312.0,0.0,False
paysim,2,PT,82,platt,score_stage_models,frauds,312.0,312.0,0.0,False
paysim,2,PT,82,raw,score_stage_models,frauds,312.0,312.0,0.0,False
paysim,2,PTH,42,clipped,score_stage_models,frauds,312.0,312.0,0.0,False
paysim,2,PTH,42,platt,score_stage_models,frauds,312.0,312.0,0.0,False
paysim,2,PTH,42,raw,score_stage_models,frauds,312.0,312.0,0.0,False
paysim,2,PTH,52,clipped,score_stage_models,frauds,312.0,312.0,0.0,False
paysim,2,PTH,52,platt,score_stage_models,frauds,312.0,312.0,0.0,False
paysim,2,PTH,52,raw,score_stage_models,frauds,312.0,312.0,0.0,False
paysim,2,PTH,62,clipped,score_stage_models,frauds,312.0,312.0,0.0,False
paysim,2,PTH,62,platt,score_stage_models,frauds,312.0,312.0,0.0,False
paysim,2,PTH,62,raw,score_stage_models,frauds,312.0,312.0,0.0,False
paysim,2,PTH,72,clipped,score_stage_models,frauds,312.0,312.0,0.0,False
paysim,2,PTH,72,platt,score_stage_models,frauds,312.0,312.0,0.0,False
paysim,2,PTH,72,raw,score_stage_models,frauds,312.0,312.0,0.0,False
paysim,2,PTH,82,clipped,score_stage_models,frauds,312.0,312.0,0.0,False
paysim,2,PTH,82,platt,score_stage_models,frauds,312.0,312.0,0.0,False
paysim,2,PTH,82,raw,score_stage_models,frauds,312.0,312.0,0.0,False
paysim,2,PTHW,42,clipped,score_stage_models,frauds,312.0,312.0,0.0,False
paysim,2,PTHW,42,platt,score_stage_models,frauds,312.0,312.0,0.0,False
paysim,2,PTHW,42,raw,score_stage_models,frauds,312.0,312.0,0.0,False
paysim,2,PTHW,52,clipped,score_stage_models,frauds,312.0,312.0,0.0,False
paysim,2,PTHW,52,platt,score_stage_models,frauds,312.0,312.0,0.0,False
paysim,2,PTHW,52,raw,score_stage_models,frauds,312.0,312.0,0.0,False
paysim,2,PTHW,62,clipped,score_stage_models,frauds,312.0,312.0,0.0,False
paysim,2,PTHW,62,platt,score_stage_models,frauds,312.0,312.0,0.0,False
paysim,2,PTHW,62,raw,score_stage_models,frauds,312.0,312.0,0.0,False
paysim,2,PTHW,72,clipped,score_stage_models,frauds,312.0,312.0,0.0,False
paysim,2,PTHW,72,platt,score_stage_models,frauds,312.0,312.0,0.0,False
paysim,2,PTHW,72,raw,score_stage_models,frauds,312.0,312.0,0.0,False
paysim,2,PTHW,82,clipped,score_stage_models,frauds,312.0,312.0,0.0,False
paysim,2,PTHW,82,platt,score_stage_models,frauds,312.0,312.0,0.0,False
paysim,2,PTHW,82,raw,score_stage_models,frauds,312.0,312.0,0.0,False
paysim,3,P0,42,clipped,score_stage_models,frauds,3764.0,3764.0,0.0,False
paysim,3,P0,42,platt,score_stage_models,frauds,3764.0,3764.0,0.0,False
paysim,3,P0,42,raw,score_stage_models,frauds,3764.0,3764.0,0.0,False
paysim,3,P0,52,clipped,score_stage_models,frauds,3764.0,3764.0,0.0,False
paysim,3,P0,52,platt,score_stage_models,frauds,3764.0,3764.0,0.0,False
paysim,3,P0,52,raw,score_stage_models,frauds,3764.0,3764.0,0.0,False
paysim,3,P0,62,clipped,score_stage_models,frauds,3764.0,3764.0,0.0,False
paysim,3,P0,62,platt,score_stage_models,frauds,3764.0,3764.0,0.0,False
paysim,3,P0,62,raw,score_stage_models,frauds,3764.0,3764.0,0.0,False
paysim,3,P0,72,clipped,score_stage_models,frauds,3764.0,3764.0,0.0,False
paysim,3,P0,72,platt,score_stage_models,frauds,3764.0,3764.0,0.0,False
paysim,3,P0,72,raw,score_stage_models,frauds,3764.0,3764.0,0.0,False
paysim,3,P0,82,clipped,score_stage_models,frauds,3764.0,3764.0,0.0,False
paysim,3,P0,82,platt,score_stage_models,frauds,3764.0,3764.0,0.0,False
paysim,3,P0,82,raw,score_stage_models,frauds,3764.0,3764.0,0.0,False
paysim,3,PH,42,clipped,score_stage_models,frauds,3764.0,3764.0,0.0,False
paysim,3,PH,42,platt,score_stage_models,frauds,3764.0,3764.0,0.0,False
paysim,3,PH,42,raw,score_stage_models,frauds,3764.0,3764.0,0.0,False
paysim,3,PH,52,clipped,score_stage_models,frauds,3764.0,3764.0,0.0,False
paysim,3,PH,52,platt,score_stage_models,frauds,3764.0,3764.0,0.0,False
paysim,3,PH,52,raw,score_stage_models,frauds,3764.0,3764.0,0.0,False
paysim,3,PH,62,clipped,score_stage_models,frauds,3764.0,3764.0,0.0,False
paysim,3,PH,62,platt,score_stage_models,frauds,3764.0,3764.0,0.0,False
paysim,3,PH,62,raw,score_stage_models,frauds,3764.0,3764.0,0.0,False
paysim,3,PH,72,clipped,score_stage_models,frauds,3764.0,3764.0,0.0,False
paysim,3,PH,72,platt,score_stage_models,frauds,3764.0,3764.0,0.0,False
paysim,3,PH,72,raw,score_stage_models,frauds,3764.0,3764.0,0.0,False
paysim,3,PH,82,clipped,score_stage_models,frauds,3764.0,3764.0,0.0,False
paysim,3,PH,82,platt,score_stage_models,frauds,3764.0,3764.0,0.0,False
paysim,3,PH,82,raw,score_stage_models,frauds,3764.0,3764.0,0.0,False
paysim,3,PT,42,clipped,score_stage_models,frauds,3764.0,3764.0,0.0,False
paysim,3,PT,42,platt,score_stage_models,frauds,3764.0,3764.0,0.0,False
paysim,3,PT,42,raw,score_stage_models,frauds,3764.0,3764.0,0.0,False
paysim,3,PT,52,clipped,score_stage_models,frauds,3764.0,3764.0,0.0,False
paysim,3,PT,52,platt,score_stage_models,frauds,3764.0,3764.0,0.0,False
paysim,3,PT,52,raw,score_stage_models,frauds,3764.0,3764.0,0.0,False
paysim,3,PT,62,clipped,score_stage_models,frauds,3764.0,3764.0,0.0,False
paysim,3,PT,62,platt,score_stage_models,frauds,3764.0,3764.0,0.0,False
paysim,3,PT,62,raw,score_stage_models,frauds,3764.0,3764.0,0.0,False
paysim,3,PT,72,clipped,score_stage_models,frauds,3764.0,3764.0,0.0,False
paysim,3,PT,72,platt,score_stage_models,frauds,3764.0,3764.0,0.0,False
paysim,3,PT,72,raw,score_stage_models,frauds,3764.0,3764.0,0.0,False
paysim,3,PT,82,clipped,score_stage_models,frauds,3764.0,3764.0,0.0,False
paysim,3,PT,82,platt,score_stage_models,frauds,3764.0,3764.0,0.0,False
paysim,3,PT,82,raw,score_stage_models,frauds,3764.0,3764.0,0.0,False
paysim,3,PTH,42,clipped,score_stage_models,frauds,3764.0,3764.0,0.0,False
paysim,3,PTH,42,platt,score_stage_models,frauds,3764.0,3764.0,0.0,False
paysim,3,PTH,42,raw,score_stage_models,frauds,3764.0,3764.0,0.0,False
paysim,3,PTH,52,clipped,score_stage_models,frauds,3764.0,3764.0,0.0,False
paysim,3,PTH,52,platt,score_stage_models,frauds,3764.0,3764.0,0.0,False
paysim,3,PTH,52,raw,score_stage_models,frauds,3764.0,3764.0,0.0,False
paysim,3,PTH,62,clipped,score_stage_models,frauds,3764.0,3764.0,0.0,False
paysim,3,PTH,62,platt,score_stage_models,frauds,3764.0,3764.0,0.0,False
paysim,3,PTH,62,raw,score_stage_models,frauds,3764.0,3764.0,0.0,False
paysim,3,PTH,72,clipped,score_stage_models,frauds,3764.0,3764.0,0.0,False
paysim,3,PTH,72,platt,score_stage_models,frauds,3764.0,3764.0,0.0,False
paysim,3,PTH,72,raw,score_stage_models,frauds,3764.0,3764.0,0.0,False
paysim,3,PTH,82,clipped,score_stage_models,frauds,3764.0,3764.0,0.0,False
paysim,3,PTH,82,platt,score_stage_models,frauds,3764.0,3764.0,0.0,False
paysim,3,PTH,82,raw,score_stage_models,frauds,3764.0,3764.0,0.0,False
paysim,3,PTHW,42,clipped,score_stage_models,frauds,3764.0,3764.0,0.0,False
paysim,3,PTHW,42,platt,score_stage_models,frauds,3764.0,3764.0,0.0,False
paysim,3,PTHW,42,raw,score_stage_models,frauds,3764.0,3764.0,0.0,False
paysim,3,PTHW,52,clipped,score_stage_models,frauds,3764.0,3764.0,0.0,False
paysim,3,PTHW,52,platt,score_stage_models,frauds,3764.0,3764.0,0.0,False
paysim,3,PTHW,52,raw,score_stage_models,frauds,3764.0,3764.0,0.0,False
paysim,3,PTHW,62,clipped,score_stage_models,frauds,3764.0,3764.0,0.0,False
paysim,3,PTHW,62,platt,score_stage_models,frauds,3764.0,3764.0,0.0,False
paysim,3,PTHW,62,raw,score_stage_models,frauds,3764.0,3764.0,0.0,False
paysim,3,PTHW,72,clipped,score_stage_models,frauds,3764.0,3764.0,0.0,False
paysim,3,PTHW,72,platt,score_stage_models,frauds,3764.0,3764.0,0.0,False
paysim,3,PTHW,72,raw,score_stage_models,frauds,3764.0,3764.0,0.0,False
paysim,3,PTHW,82,clipped,score_stage_models,frauds,3764.0,3764.0,0.0,False
paysim,3,PTHW,82,platt,score_stage_models,frauds,3764.0,3764.0,0.0,False
paysim,3,PTHW,82,raw,score_stage_models,frauds,3764.0,3764.0,0.0,False
