fold,model,seed,capacity,fn_cost,ap,threshold,validation_alert_rate,n,frauds,tp,fp,fn,alerts,recall,precision,alert_rate,cost,cost_per_10000
1,P0,42,0.01,10.0,0.15814116188785596,0.2958045421101637,7.25288075357431e-05,642661,498,67,0,431,67,0.13453815261044177,1.0,0.00010425403128554557,4310.0,67.064906692642
1,P0,42,0.01,50.0,0.15814116188785596,0.050229088137947256,0.00019341015342864827,642661,498,71,1,427,72,0.142570281124498,0.9861111111111112,0.00011203418287401911,21351.0,332.2280331309975
1,P0,42,0.01,100.0,0.15814116188785596,0.050229088137947256,0.00019341015342864827,642661,498,71,1,427,72,0.142570281124498,0.9861111111111112,0.00011203418287401911,42701.0,664.4405059588181
1,P0,42,0.01,500.0,0.15814116188785596,0.050229088137947256,0.00019341015342864827,642661,498,71,1,427,72,0.142570281124498,0.9861111111111112,0.00011203418287401911,213501.0,3322.1402885813827
1,P0,42,0.01,1000.0,0.15814116188785596,0.008415704655296634,0.0033302810793495374,642661,498,85,1305,413,1390,0.1706827309236948,0.06115107913669065,0.0021628821415956468,414305.0,6446.711407725068
1,P0,42,0.03,10.0,0.15814116188785596,0.2958045421101637,7.25288075357431e-05,642661,498,67,0,431,67,0.13453815261044177,1.0,0.00010425403128554557,4310.0,67.064906692642
1,P0,42,0.03,50.0,0.15814116188785596,0.050229088137947256,0.00019341015342864827,642661,498,71,1,427,72,0.142570281124498,0.9861111111111112,0.00011203418287401911,21351.0,332.2280331309975
1,P0,42,0.03,100.0,0.15814116188785596,0.050229088137947256,0.00019341015342864827,642661,498,71,1,427,72,0.142570281124498,0.9861111111111112,0.00011203418287401911,42701.0,664.4405059588181
1,P0,42,0.03,500.0,0.15814116188785596,0.004311245669921058,0.02569030803588967,642661,498,191,13838,307,14029,0.38353413654618473,0.013614655356760996,0.021829549326939087,167338.0,2603.8300130239736
1,P0,42,0.03,1000.0,0.15814116188785596,0.004311245669921058,0.02569030803588967,642661,498,191,13838,307,14029,0.38353413654618473,0.013614655356760996,0.021829549326939087,320838.0,4992.336550685353
1,P0,42,0.05,10.0,0.15814116188785596,0.2958045421101637,7.25288075357431e-05,642661,498,67,0,431,67,0.13453815261044177,1.0,0.00010425403128554557,4310.0,67.064906692642
1,P0,42,0.05,50.0,0.15814116188785596,0.050229088137947256,0.00019341015342864827,642661,498,71,1,427,72,0.142570281124498,0.9861111111111112,0.00011203418287401911,21351.0,332.2280331309975
1,P0,42,0.05,100.0,0.15814116188785596,0.050229088137947256,0.00019341015342864827,642661,498,71,1,427,72,0.142570281124498,0.9861111111111112,0.00011203418287401911,42701.0,664.4405059588181
1,P0,42,0.05,500.0,0.15814116188785596,0.004311245669921058,0.02569030803588967,642661,498,191,13838,307,14029,0.38353413654618473,0.013614655356760996,0.021829549326939087,167338.0,2603.8300130239736
1,P0,42,0.05,1000.0,0.15814116188785596,0.0038045031101782557,0.049736629767635834,642661,498,246,30277,252,30523,0.4939759036144578,0.008059496117681747,0.04749471338699563,282277.0,4392.315699879096
1,P0,42,0.1,10.0,0.15814116188785596,0.2958045421101637,7.25288075357431e-05,642661,498,67,0,431,67,0.13453815261044177,1.0,0.00010425403128554557,4310.0,67.064906692642
1,P0,42,0.1,50.0,0.15814116188785596,0.050229088137947256,0.00019341015342864827,642661,498,71,1,427,72,0.142570281124498,0.9861111111111112,0.00011203418287401911,21351.0,332.2280331309975
1,P0,42,0.1,100.0,0.15814116188785596,0.050229088137947256,0.00019341015342864827,642661,498,71,1,427,72,0.142570281124498,0.9861111111111112,0.00011203418287401911,42701.0,664.4405059588181
1,P0,42,0.1,500.0,0.15814116188785596,0.0033884844403712553,0.06648171820745052,642661,498,289,41836,209,42125,0.5803212851405622,0.00686053412462908,0.06554777713288966,146336.0,2277.0325257017307
1,P0,42,0.1,1000.0,0.15814116188785596,0.003116082388285692,0.08743649951798563,642661,498,327,53421,171,53748,0.6566265060240963,0.006083947309667336,0.08363351751545527,224421.0,3492.058799273645
1,P0,52,0.01,10.0,0.1474118988785424,0.9221845412675479,7.25288075357431e-05,642661,498,67,0,431,67,0.13453815261044177,1.0,0.00010425403128554557,4310.0,67.064906692642
1,P0,52,0.01,50.0,0.1474118988785424,0.9221845412675479,7.25288075357431e-05,642661,498,67,0,431,67,0.13453815261044177,1.0,0.00010425403128554557,21550.0,335.32453346321
1,P0,52,0.01,100.0,0.1474118988785424,0.9221845412675479,7.25288075357431e-05,642661,498,67,0,431,67,0.13453815261044177,1.0,0.00010425403128554557,43100.0,670.64906692642
1,P0,52,0.01,500.0,0.1474118988785424,0.9221845412675479,7.25288075357431e-05,642661,498,67,0,431,67,0.13453815261044177,1.0,0.00010425403128554557,215500.0,3353.2453346321
1,P0,52,0.01,1000.0,0.1474118988785424,0.0048302929994676076,0.0061226401694756466,642661,498,79,3557,419,3636,0.15863453815261044,0.021727172717271728,0.005657726235137966,422557.0,6575.115029541235
1,P0,52,0.03,10.0,0.1474118988785424,0.9221845412675479,7.25288075357431e-05,642661,498,67,0,431,67,0.13453815261044177,1.0,0.00010425403128554557,4310.0,67.064906692642
1,P0,52,0.03,50.0,0.1474118988785424,0.9221845412675479,7.25288075357431e-05,642661,498,67,0,431,67,0.13453815261044177,1.0,0.00010425403128554557,21550.0,335.32453346321
1,P0,52,0.03,100.0,0.1474118988785424,0.9221845412675479,7.25288075357431e-05,642661,498,67,0,431,67,0.13453815261044177,1.0,0.00010425403128554557,43100.0,670.64906692642
1,P0,52,0.03,500.0,0.1474118988785424,0.002890682868541198,0.029579665339993896,642661,498,195,18700,303,18895,0.39156626506024095,0.010320190526594337,0.029401192852841544,170200.0,2648.3636007163964
1,P0,52,0.03,1000.0,0.1474118988785424,0.002890682868541198,0.029579665339993896,642661,498,195,18700,303,18895,0.39156626506024095,0.010320190526594337,0.029401192852841544,321700.0,5005.749532023882
1,P0,52,0.05,10.0,0.1474118988785424,0.9221845412675479,7.25288075357431e-05,642661,498,67,0,431,67,0.13453815261044177,1.0,0.00010425403128554557,4310.0,67.064906692642
1,P0,52,0.05,50.0,0.1474118988785424,0.9221845412675479,7.25288075357431e-05,642661,498,67,0,431,67,0.13453815261044177,1.0,0.00010425403128554557,21550.0,335.32453346321
1,P0,52,0.05,100.0,0.1474118988785424,0.9221845412675479,7.25288075357431e-05,642661,498,67,0,431,67,0.13453815261044177,1.0,0.00010425403128554557,43100.0,670.64906692642
1,P0,52,0.05,500.0,0.1474118988785424,0.0026814362231645725,0.04520660133029921,642661,498,225,28157,273,28382,0.45180722891566266,0.007927559720949898,0.04416325247681126,164657.0,2562.1128402065788
1,P0,52,0.05,1000.0,0.1474118988785424,0.0026481235216436337,0.049292390821479404,642661,498,237,31085,261,31322,0.4759036144578313,0.007566566630483366,0.0487379816108337,292085.0,4544.931153438593
1,P0,52,0.1,10.0,0.1474118988785424,0.9221845412675479,7.25288075357431e-05,642661,498,67,0,431,67,0.13453815261044177,1.0,0.00010425403128554557,4310.0,67.064906692642
1,P0,52,0.1,50.0,0.1474118988785424,0.9221845412675479,7.25288075357431e-05,642661,498,67,0,431,67,0.13453815261044177,1.0,0.00010425403128554557,21550.0,335.32453346321
1,P0,52,0.1,100.0,0.1474118988785424,0.9221845412675479,7.25288075357431e-05,642661,498,67,0,431,67,0.13453815261044177,1.0,0.00010425403128554557,43100.0,670.64906692642
1,P0,52,0.1,500.0,0.1474118988785424,0.0026814362231645725,0.04520660133029921,642661,498,225,28157,273,28382,0.45180722891566266,0.007927559720949898,0.04416325247681126,164657.0,2562.1128402065788
1,P0,52,0.1,1000.0,0.1474118988785424,0.0021256822640992497,0.09550532935633706,642661,498,341,59161,157,59502,0.6847389558232931,0.005730899801687338,0.09258691596347063,216161.0,3363.530695032062
1,P0,62,0.01,10.0,0.16693433420763584,0.1783825826894425,0.00012994744683487305,642661,498,72,0,426,72,0.14457831325301204,1.0,0.00011203418287401911,4260.0,66.28689153379464
1,P0,62,0.01,50.0,0.16693433420763584,0.17702079461952264,0.0002478067590804556,642661,498,76,1,422,77,0.15261044176706828,0.987012987012987,0.00011981433446249267,21101.0,328.3379573367607
1,P0,62,0.01,100.0,0.16693433420763584,0.17702079461952264,0.0002478067590804556,642661,498,76,1,422,77,0.15261044176706828,0.987012987012987,0.00011981433446249267,42201.0,656.6603543703445
1,P0,62,0.01,500.0,0.16693433420763584,0.010073208477489048,0.006621275721283881,642661,498,103,2700,395,2803,0.20682730923694778,0.03674634320371031,0.004361552980498272,200200.0,3115.1726960248093
1,P0,62,0.01,1000.0,0.16693433420763584,0.010073208477489048,0.006621275721283881,642661,498,103,2700,395,2803,0.20682730923694778,0.03674634320371031,0.004361552980498272,397700.0,6188.332573471862
1,P0,62,0.03,10.0,0.16693433420763584,0.1783825826894425,0.00012994744683487305,642661,498,72,0,426,72,0.14457831325301204,1.0,0.00011203418287401911,4260.0,66.28689153379464
1,P0,62,0.03,50.0,0.16693433420763584,0.17702079461952264,0.0002478067590804556,642661,498,76,1,422,77,0.15261044176706828,0.987012987012987,0.00011981433446249267,21101.0,328.3379573367607
1,P0,62,0.03,100.0,0.16693433420763584,0.17702079461952264,0.0002478067590804556,642661,498,76,1,422,77,0.15261044176706828,0.987012987012987,0.00011981433446249267,42201.0,656.6603543703445
1,P0,62,0.03,500.0,0.16693433420763584,0.009480303712990775,0.01078261605364714,642661,498,170,4651,328,4821,0.3413654618473896,0.0352623936942543,0.007501622161606197,168651.0,2624.2606910953054
1,P0,62,0.03,1000.0,0.16693433420763584,0.004509950300418065,0.025282333493501116,642661,498,188,11744,310,11932,0.37751004016064255,0.015755950385517935,0.01856655375073328,321744.0,5006.434185363668
1,P0,62,0.05,10.0,0.16693433420763584,0.1783825826894425,0.00012994744683487305,642661,498,72,0,426,72,0.14457831325301204,1.0,0.00011203418287401911,4260.0,66.28689153379464
1,P0,62,0.05,50.0,0.16693433420763584,0.17702079461952264,0.0002478067590804556,642661,498,76,1,422,77,0.15261044176706828,0.987012987012987,0.00011981433446249267,21101.0,328.3379573367607
1,P0,62,0.05,100.0,0.16693433420763584,0.17702079461952264,0.0002478067590804556,642661,498,76,1,422,77,0.15261044176706828,0.987012987012987,0.00011981433446249267,42201.0,656.6603543703445
1,P0,62,0.05,500.0,0.16693433420763584,0.009480303712990775,0.01078261605364714,642661,498,170,4651,328,4821,0.3413654618473896,0.0352623936942543,0.007501622161606197,168651.0,2624.2606910953054
1,P0,62,0.05,1000.0,0.16693433420763584,0.0028999133187210396,0.04998443652671629,642661,498,224,27972,274,28196,0.4497991967871486,0.007944389275074478,0.04387383083772004,301972.0,4698.77587094907
1,P0,62,0.1,10.0,0.16693433420763584,0.1783825826894425,0.00012994744683487305,642661,498,72,0,426,72,0.14457831325301204,1.0,0.00011203418287401911,4260.0,66.28689153379464
1,P0,62,0.1,50.0,0.16693433420763584,0.17702079461952264,0.0002478067590804556,642661,498,76,1,422,77,0.15261044176706828,0.987012987012987,0.00011981433446249267,21101.0,328.3379573367607
1,P0,62,0.1,100.0,0.16693433420763584,0.17702079461952264,0.0002478067590804556,642661,498,76,1,422,77,0.15261044176706828,0.987012987012987,0.00011981433446249267,42201.0,656.6603543703445
1,P0,62,0.1,500.0,0.16693433420763584,0.009480303712990775,0.01078261605364714,642661,498,170,4651,328,4821,0.3413654618473896,0.0352623936942543,0.007501622161606197,168651.0,2624.2606910953054
1,P0,62,0.1,1000.0,0.16693433420763584,0.0015687609925504763,0.0997059561261155,642661,498,348,60837,150,61185,0.6987951807228916,0.005687668546212307,0.09520571498815084,210837.0,3280.687640917996
1,P0,72,0.01,10.0,0.14109140912103968,0.9454455926886338,7.25288075357431e-05,642661,498,67,0,431,67,0.13453815261044177,1.0,0.00010425403128554557,4310.0,67.064906692642
1,P0,72,0.01,50.0,0.14109140912103968,0.9454455926886338,7.25288075357431e-05,642661,498,67,0,431,67,0.13453815261044177,1.0,0.00010425403128554557,21550.0,335.32453346321
1,P0,72,0.01,100.0,0.14109140912103968,0.9454455926886338,7.25288075357431e-05,642661,498,67,0,431,67,0.13453815261044177,1.0,0.00010425403128554557,43100.0,670.64906692642
1,P0,72,0.01,500.0,0.14109140912103968,0.005814533882149156,0.0022786133700812626,642661,498,79,1302,419,1381,0.15863453815261044,0.05720492396813903,0.0021488778687363944,210802.0,3280.1430303068023
1,P0,72,0.01,1000.0,0.14109140912103968,0.004720200271004865,0.006929523153310789,642661,498,84,4016,414,4100,0.1686746987951807,0.02048780487804878,0.006379724302548311,418016.0,6504.4556928147185
1,P0,72,0.03,10.0,0.14109140912103968,0.9454455926886338,7.25288075357431e-05,642661,498,67,0,431,67,0.13453815261044177,1.0,0.00010425403128554557,4310.0,67.064906692642
1,P0,72,0.03,50.0,0.14109140912103968,0.9454455926886338,7.25288075357431e-05,642661,498,67,0,431,67,0.13453815261044177,1.0,0.00010425403128554557,21550.0,335.32453346321
1,P0,72,0.03,100.0,0.14109140912103968,0.9454455926886338,7.25288075357431e-05,642661,498,67,0,431,67,0.13453815261044177,1.0,0.00010425403128554557,43100.0,670.64906692642
1,P0,72,0.03,500.0,0.14109140912103968,0.005814533882149156,0.0022786133700812626,642661,498,79,1302,419,1381,0.15863453815261044,0.05720492396813903,0.0021488778687363944,210802.0,3280.1430303068023
1,P0,72,0.03,1000.0,0.14109140912103968,0.0029041913922540187,0.023880109881143415,642661,498,117,14241,381,14358,0.23493975903614459,0.00814876723777685,0.022341483301460647,395241.0,6150.069787959748
1,P0,72,0.05,10.0,0.14109140912103968,0.9454455926886338,7.25288075357431e-05,642661,498,67,0,431,67,0.13453815261044177,1.0,0.00010425403128554557,4310.0,67.064906692642
1,P0,72,0.05,50.0,0.14109140912103968,0.9454455926886338,7.25288075357431e-05,642661,498,67,0,431,67,0.13453815261044177,1.0,0.00010425403128554557,21550.0,335.32453346321
1,P0,72,0.05,100.0,0.14109140912103968,0.9454455926886338,7.25288075357431e-05,642661,498,67,0,431,67,0.13453815261044177,1.0,0.00010425403128554557,43100.0,670.64906692642
1,P0,72,0.05,500.0,0.14109140912103968,0.005814533882149156,0.0022786133700812626,642661,498,79,1302,419,1381,0.15863453815261044,0.05720492396813903,0.0021488778687363944,210802.0,3280.1430303068023
1,P0,72,0.05,1000.0,0.14109140912103968,0.0024723454185706234,0.04930750098971602,642661,498,174,31947,324,32121,0.3493975903614458,0.005417016904828617,0.04998124983467178,355947.0,5538.643234924789
1,P0,72,0.1,10.0,0.14109140912103968,0.9454455926886338,7.25288075357431e-05,642661,498,67,0,431,67,0.13453815261044177,1.0,0.00010425403128554557,4310.0,67.064906692642
1,P0,72,0.1,50.0,0.14109140912103968,0.9454455926886338,7.25288075357431e-05,642661,498,67,0,431,67,0.13453815261044177,1.0,0.00010425403128554557,21550.0,335.32453346321
1,P0,72,0.1,100.0,0.14109140912103968,0.9454455926886338,7.25288075357431e-05,642661,498,67,0,431,67,0.13453815261044177,1.0,0.00010425403128554557,43100.0,670.64906692642
1,P0,72,0.1,500.0,0.14109140912103968,0.002365535327973145,0.07290656174165844,642661,498,282,45713,216,45995,0.5662650602409639,0.006131101206652897,0.07156961446236819,153713.0,2391.8208822380693
1,P0,72,0.1,1000.0,0.14109140912103968,0.002141541974406443,0.09832488674928906,642661,498,338,59749,160,60087,0.678714859437751,0.005625176826934279,0.09349719369932204,219749.0,3419.3610628309484
1,P0,82,0.01,10.0,0.16138082959283925,0.993198898208292,7.555084118306573e-05,642661,498,67,0,431,67,0.13453815261044177,1.0,0.00010425403128554557,4310.0,67.064906692642
1,P0,82,0.01,50.0,0.16138082959283925,0.049371228446375266,0.0001450576150714862,642661,498,71,1,427,72,0.142570281124498,0.9861111111111112,0.00011203418287401911,21351.0,332.2280331309975
1,P0,82,0.01,100.0,0.16138082959283925,0.0237168617622744,0.0006436931668797201,642661,498,82,179,416,261,0.1646586345381526,0.31417624521072796,0.0004061239129183193,41779.0,650.0939064296729
1,P0,82,0.01,500.0,0.16138082959283925,0.0059225789542491185,0.004466565730742846,642661,498,100,2042,398,2142,0.20080321285140562,0.04668534080298786,0.003333016940502069,201042.0,3128.2744712997987
1,P0,82,0.01,1000.0,0.16138082959283925,0.005916529248467553,0.00632209439019894,642661,498,102,2800,396,2902,0.20481927710843373,0.03514817367332874,0.0045155999819500485,398800.0,6205.448906966503
1,P0,82,0.03,10.0,0.16138082959283925,0.993198898208292,7.555084118306573e-05,642661,498,67,0,431,67,0.13453815261044177,1.0,0.00010425403128554557,4310.0,67.064906692642
1,P0,82,0.03,50.0,0.16138082959283925,0.049371228446375266,0.0001450576150714862,642661,498,71,1,427,72,0.142570281124498,0.9861111111111112,0.00011203418287401911,21351.0,332.2280331309975
1,P0,82,0.03,100.0,0.16138082959283925,0.0237168617622744,0.0006436931668797201,642661,498,82,179,416,261,0.1646586345381526,0.31417624521072796,0.0004061239129183193,41779.0,650.0939064296729
1,P0,82,0.03,500.0,0.16138082959283925,0.003947141476633997,0.02268640659045098,642661,498,135,14999,363,15134,0.2710843373493976,0.008920311880533898,0.02354896282799174,196499.0,3057.584013966928
1,P0,82,0.03,1000.0,0.16138082959283925,0.003947141476633997,0.02268640659045098,642661,498,135,14999,363,15134,0.2710843373493976,0.008920311880533898,0.02354896282799174,377999.0,5881.779040582826
1,P0,82,0.05,10.0,0.16138082959283925,0.993198898208292,7.555084118306573e-05,642661,498,67,0,431,67,0.13453815261044177,1.0,0.00010425403128554557,4310.0,67.064906692642
1,P0,82,0.05,50.0,0.16138082959283925,0.049371228446375266,0.0001450576150714862,642661,498,71,1,427,72,0.142570281124498,0.9861111111111112,0.00011203418287401911,21351.0,332.2280331309975
1,P0,82,0.05,100.0,0.16138082959283925,0.0237168617622744,0.0006436931668797201,642661,498,82,179,416,261,0.1646586345381526,0.31417624521072796,0.0004061239129183193,41779.0,650.0939064296729
1,P0,82,0.05,500.0,0.16138082959283925,0.0027703614818135394,0.04906876033157753,642661,498,205,33694,293,33899,0.41164658634538154,0.0060473760287914095,0.05274787173953297,180194.0,2803.8732706668056
1,P0,82,0.05,1000.0,0.16138082959283925,0.0027703614818135394,0.04906876033157753,642661,498,205,33694,293,33899,0.41164658634538154,0.0060473760287914095,0.05274787173953297,326694.0,5083.457686089556
1,P0,82,0.1,10.0,0.16138082959283925,0.993198898208292,7.555084118306573e-05,642661,498,67,0,431,67,0.13453815261044177,1.0,0.00010425403128554557,4310.0,67.064906692642
1,P0,82,0.1,50.0,0.16138082959283925,0.049371228446375266,0.0001450576150714862,642661,498,71,1,427,72,0.142570281124498,0.9861111111111112,0.00011203418287401911,21351.0,332.2280331309975
1,P0,82,0.1,100.0,0.16138082959283925,0.0237168617622744,0.0006436931668797201,642661,498,82,179,416,261,0.1646586345381526,0.31417624521072796,0.0004061239129183193,41779.0,650.0939064296729
1,P0,82,0.1,500.0,0.16138082959283925,0.002077915679673709,0.09321160581801918,642661,498,357,58277,141,58634,0.7168674698795181,0.006088617525667701,0.09123628164771162,128777.0,2003.8091622177167
1,P0,82,0.1,1000.0,0.16138082959283925,0.002077915679673709,0.09321160581801918,642661,498,357,58277,141,58634,0.7168674698795181,0.006088617525667701,0.09123628164771162,199277.0,3100.8105361924872
1,PT,42,0.03,100.0,0.1296134258323702,0.3279983872912285,0.00038682030685729653,642661,498,150,296,348,446,0.30120481927710846,0.336322869955157,0.0006939895216918407,35096.0,546.1044002981354
1,PT,52,0.03,100.0,0.037851968640191226,0.001956048788842801,0.003587153939371961,642661,498,201,3109,297,3310,0.4036144578313253,0.060725075528700906,0.00515046035156949,32809.0,510.5179869324574
1,PT,62,0.03,100.0,0.3324280352206018,0.006774357131885925,0.005557519877426315,642661,498,230,3922,268,4152,0.46184738955823296,0.05539499036608863,0.006460637879068436,30722.0,478.0436342021688
1,PT,72,0.03,100.0,0.3099532466553819,0.004797513902450111,0.003130826858626244,642661,498,223,3500,275,3723,0.44779116465863456,0.05989793177544991,0.005793100872777405,31000.0,482.3693984853601
1,PT,82,0.03,100.0,0.353795531174527,0.9630312352260335,7.555084118306573e-05,642661,498,146,10,352,156,0.2931726907630522,0.9358974358974359,0.00024274072956037476,35210.0,547.8782748603073
1,PH,42,0.03,100.0,0.14209233290170484,0.008369467330706253,0.010849100793888239,642661,498,328,6583,170,6911,0.6586345381526104,0.04746057010562871,0.010753725525588141,23583.0,366.9586298219435
1,PH,52,0.03,100.0,0.040910130027272826,0.0021973100188890722,0.009993865271695936,642661,498,273,6244,225,6517,0.5481927710843374,0.04189044038668099,0.010140649580416425,28744.0,447.26535451816744
1,PH,62,0.03,100.0,0.13227232274551112,0.0038357255809683814,0.010555963530097945,642661,498,262,6329,236,6591,0.5261044176706827,0.0397511758458504,0.010255795823925834,29929.0,465.70431378284974
1,PH,72,0.03,100.0,0.11952072035464037,0.0036830937408071154,0.011084819418379405,642661,498,317,7034,181,7351,0.6365461847389559,0.043123384573527414,0.011438378865373813,25134.0,391.0926600493884
1,PH,82,0.03,100.0,0.12368544050453309,0.00446381331303551,0.010670800808696205,642661,498,312,6407,186,6719,0.6265060240963856,0.04643548147045691,0.010454967704590756,25007.0,389.1165015459161
1,PTH,42,0.03,100.0,0.07845199029965945,0.0021389942066989227,0.010562007597392589,642661,498,322,6425,176,6747,0.6465863453815262,0.047724914776937896,0.010498536553486208,24025.0,373.83628382615404
1,PTH,52,0.03,100.0,0.2796012394264604,0.0024007374011236825,0.010392773713142522,642661,498,327,6416,171,6743,0.6566265060240963,0.04849473528103218,0.010492312432215429,23516.0,365.916089509088
1,PTH,62,0.03,100.0,0.33231839761268084,0.002872304338434729,0.011510926162651895,642661,498,338,7330,160,7668,0.678714859437751,0.0440792905581638,0.011931640476083036,23330.0,363.02187311817585
1,PTH,72,0.03,100.0,0.291918509084598,0.0025719132218180525,0.010882343164008788,642661,498,323,7361,175,7684,0.6485943775100401,0.0420353982300885,0.011956536961166152,24861.0,386.8446972820818
1,PTH,82,0.03,100.0,0.24894177225540887,0.002575677295388318,0.009120497547619694,642661,498,338,6160,160,6498,0.678714859437751,0.052016004924592185,0.010111085004380226,22160.0,344.8163184011477
1,PTHW,42,0.01,10.0,0.07666310428435939,0.22145641804446312,0.0,642661,498,0,0,498,0,0.0,0.0,0.0,4980.0,77.49030982119656
1,PTHW,42,0.01,50.0,0.07666310428435939,0.002419866475374769,0.007908662055043321,642661,498,251,5096,247,5347,0.5040160642570282,0.046942210585374976,0.008320094108713615,17446.0,271.4650492250191
1,PTHW,42,0.01,100.0,0.07666310428435939,0.002419866475374769,0.007908662055043321,642661,498,251,5096,247,5347,0.5040160642570282,0.046942210585374976,0.008320094108713615,29796.0,463.6347934603158
1,PTHW,42,0.01,500.0,0.07666310428435939,0.0021651903488264387,0.009063078908320565,642661,498,256,5581,242,5837,0.5140562248995983,0.04385814630803495,0.009082548964384022,126581.0,1969.6387364411407
1,PTHW,42,0.01,1000.0,0.07666310428435939,0.0021651903488264387,0.009063078908320565,642661,498,256,5581,242,5837,0.5140562248995983,0.04385814630803495,0.009082548964384022,247581.0,3852.4354208517398
1,PTHW,42,0.03,10.0,0.07666310428435939,0.22145641804446312,0.0,642661,498,0,0,498,0,0.0,0.0,0.0,4980.0,77.49030982119656
1,PTHW,42,0.03,50.0,0.07666310428435939,0.002419866475374769,0.007908662055043321,642661,498,251,5096,247,5347,0.5040160642570282,0.046942210585374976,0.008320094108713615,17446.0,271.4650492250191
1,PTHW,42,0.03,100.0,0.07666310428435939,0.002419866475374769,0.007908662055043321,642661,498,251,5096,247,5347,0.5040160642570282,0.046942210585374976,0.008320094108713615,29796.0,463.6347934603158
1,PTHW,42,0.03,500.0,0.07666310428435939,0.0013219063727173625,0.016062108835519773,642661,498,288,8931,210,9219,0.5783132530120482,0.031239830784249918,0.014345043498827531,113931.0,1772.80090125276
1,PTHW,42,0.03,1000.0,0.07666310428435939,0.0012316894150715375,0.017766535812609736,642661,498,290,9506,208,9796,0.5823293172690763,0.029603919967333605,0.015242872992137379,217506.0,3384.459302805056
1,PTHW,42,0.05,10.0,0.07666310428435939,0.22145641804446312,0.0,642661,498,0,0,498,0,0.0,0.0,0.0,4980.0,77.49030982119656
1,PTHW,42,0.05,50.0,0.07666310428435939,0.002419866475374769,0.007908662055043321,642661,498,251,5096,247,5347,0.5040160642570282,0.046942210585374976,0.008320094108713615,17446.0,271.4650492250191
1,PTHW,42,0.05,100.0,0.07666310428435939,0.002419866475374769,0.007908662055043321,642661,498,251,5096,247,5347,0.5040160642570282,0.046942210585374976,0.008320094108713615,29796.0,463.6347934603158
1,PTHW,42,0.05,500.0,0.07666310428435939,0.0013219063727173625,0.016062108835519773,642661,498,288,8931,210,9219,0.5783132530120482,0.031239830784249918,0.014345043498827531,113931.0,1772.80090125276
1,PTHW,42,0.05,1000.0,0.07666310428435939,0.0012316894150715375,0.017766535812609736,642661,498,290,9506,208,9796,0.5823293172690763,0.029603919967333605,0.015242872992137379,217506.0,3384.459302805056
1,PTHW,42,0.1,10.0,0.07666310428435939,0.22145641804446312,0.0,642661,498,0,0,498,0,0.0,0.0,0.0,4980.0,77.49030982119656
1,PTHW,42,0.1,50.0,0.07666310428435939,0.002419866475374769,0.007908662055043321,642661,498,251,5096,247,5347,0.5040160642570282,0.046942210585374976,0.008320094108713615,17446.0,271.4650492250191
1,PTHW,42,0.1,100.0,0.07666310428435939,0.002419866475374769,0.007908662055043321,642661,498,251,5096,247,5347,0.5040160642570282,0.046942210585374976,0.008320094108713615,29796.0,463.6347934603158
1,PTHW,42,0.1,500.0,0.07666310428435939,0.0013219063727173625,0.016062108835519773,642661,498,288,8931,210,9219,0.5783132530120482,0.031239830784249918,0.014345043498827531,113931.0,1772.80090125276
1,PTHW,42,0.1,1000.0,0.07666310428435939,0.0012316894150715375,0.017766535812609736,642661,498,290,9506,208,9796,0.5823293172690763,0.029603919967333605,0.015242872992137379,217506.0,3384.459302805056
1,PTHW,52,0.01,10.0,0.3356402987008902,0.645129041085588,0.0002780270955536819,642661,498,169,71,329,240,0.3393574297188755,0.7041666666666667,0.0003734472762467304,3361.0,52.2981789777192
1,PTHW,52,0.01,50.0,0.3356402987008902,0.0030046924145156603,0.005040752123734145,642661,498,329,3870,169,4199,0.6606425702811245,0.07835198856870683,0.006533771304000087,12320.0,191.70293513998826
1,PTHW,52,0.01,100.0,0.3356402987008902,0.0029190176194189175,0.007219638383453761,642661,498,345,5262,153,5607,0.6927710843373494,0.061530230069555915,0.008724661991314239,20562.0,319.9509539243863
1,PTHW,52,0.01,500.0,0.3356402987008902,0.002578634838890541,0.009579846662012734,642661,498,357,6434,141,6791,0.7168674698795181,0.052569577381828894,0.010567001887464775,76934.0,1197.1163646152481
1,PTHW,52,0.01,1000.0,0.3356402987008902,0.002578634838890541,0.009579846662012734,642661,498,357,6434,141,6791,0.7168674698795181,0.052569577381828894,0.010567001887464775,147434.0,2294.1177385900187
1,PTHW,52,0.03,10.0,0.3356402987008902,0.645129041085588,0.0002780270955536819,642661,498,169,71,329,240,0.3393574297188755,0.7041666666666667,0.0003734472762467304,3361.0,52.2981789777192
1,PTHW,52,0.03,50.0,0.3356402987008902,0.0030046924145156603,0.005040752123734145,642661,498,329,3870,169,4199,0.6606425702811245,0.07835198856870683,0.006533771304000087,12320.0,191.70293513998826
1,PTHW,52,0.03,100.0,0.3356402987008902,0.0029190176194189175,0.007219638383453761,642661,498,345,5262,153,5607,0.6927710843373494,0.061530230069555915,0.008724661991314239,20562.0,319.9509539243863
1,PTHW,52,0.03,500.0,0.3356402987008902,0.0010812387436614833,0.02249299643702233,642661,498,387,12987,111,13374,0.7771084337349398,0.028936742934051143,0.020810349468849052,68487.0,1065.678483679576
1,PTHW,52,0.03,1000.0,0.3356402987008902,0.0010812387436614833,0.02249299643702233,642661,498,387,12987,111,13374,0.7771084337349398,0.028936742934051143,0.020810349468849052,123987.0,1929.27531000014
1,PTHW,52,0.05,10.0,0.3356402987008902,0.645129041085588,0.0002780270955536819,642661,498,169,71,329,240,0.3393574297188755,0.7041666666666667,0.0003734472762467304,3361.0,52.2981789777192
1,PTHW,52,0.05,50.0,0.3356402987008902,0.0030046924145156603,0.005040752123734145,642661,498,329,3870,169,4199,0.6606425702811245,0.07835198856870683,0.006533771304000087,12320.0,191.70293513998826
1,PTHW,52,0.05,100.0,0.3356402987008902,0.0029190176194189175,0.007219638383453761,642661,498,345,5262,153,5607,0.6927710843373494,0.061530230069555915,0.008724661991314239,20562.0,319.9509539243863
1,PTHW,52,0.05,500.0,0.3356402987008902,0.0010812387436614833,0.02249299643702233,642661,498,387,12987,111,13374,0.7771084337349398,0.028936742934051143,0.020810349468849052,68487.0,1065.678483679576
1,PTHW,52,0.05,1000.0,0.3356402987008902,0.0010812387436614833,0.02249299643702233,642661,498,387,12987,111,13374,0.7771084337349398,0.028936742934051143,0.020810349468849052,123987.0,1929.27531000014
1,PTHW,52,0.1,10.0,0.3356402987008902,0.645129041085588,0.0002780270955536819,642661,498,169,71,329,240,0.3393574297188755,0.7041666666666667,0.0003734472762467304,3361.0,52.2981789777192
1,PTHW,52,0.1,50.0,0.3356402987008902,0.0030046924145156603,0.005040752123734145,642661,498,329,3870,169,4199,0.6606425702811245,0.07835198856870683,0.006533771304000087,12320.0,191.70293513998826
1,PTHW,52,0.1,100.0,0.3356402987008902,0.0029190176194189175,0.007219638383453761,642661,498,345,5262,153,5607,0.6927710843373494,0.061530230069555915,0.008724661991314239,20562.0,319.9509539243863
1,PTHW,52,0.1,500.0,0.3356402987008902,0.0010812387436614833,0.02249299643702233,642661,498,387,12987,111,13374,0.7771084337349398,0.028936742934051143,0.020810349468849052,68487.0,1065.678483679576
1,PTHW,52,0.1,1000.0,0.3356402987008902,0.0010812387436614833,0.02249299643702233,642661,498,387,12987,111,13374,0.7771084337349398,0.028936742934051143,0.020810349468849052,123987.0,1929.27531000014
1,PTHW,62,0.01,10.0,0.3003469254574286,0.6427225561645573,0.00028407116284832716,642661,498,168,83,330,251,0.3373493975903614,0.6693227091633466,0.0003905636097413722,3383.0,52.64050564761204
1,PTHW,62,0.01,50.0,0.3003469254574286,0.0025737486617585397,0.005213008041631536,642661,498,310,3909,188,4219,0.6224899598393574,0.0734771272813463,0.006564891910353981,13309.0,207.09207498198896
1,PTHW,62,0.01,100.0,0.3003469254574286,0.002465564334184434,0.007675965464199478,642661,498,333,5277,165,5610,0.6686746987951807,0.059358288770053474,0.008729330082267324,21777.0,338.856722284377
1,PTHW,62,0.01,500.0,0.3003469254574286,0.0022821012419630094,0.009948534766986096,642661,498,345,6637,153,6982,0.6927710843373494,0.04941277570896591,0.010864203678144465,83137.0,1293.636925221851
1,PTHW,62,0.01,1000.0,0.3003469254574286,0.0022821012419630094,0.009948534766986096,642661,498,345,6637,153,6982,0.6927710843373494,0.04941277570896591,0.010864203678144465,159637.0,2484.000118258304
1,PTHW,62,0.03,10.0,0.3003469254574286,0.6427225561645573,0.00028407116284832716,642661,498,168,83,330,251,0.3373493975903614,0.6693227091633466,0.0003905636097413722,3383.0,52.64050564761204
1,PTHW,62,0.03,50.0,0.3003469254574286,0.0025737486617585397,0.005213008041631536,642661,498,310,3909,188,4219,0.6224899598393574,0.0734771272813463,0.006564891910353981,13309.0,207.09207498198896
1,PTHW,62,0.03,100.0,0.3003469254574286,0.002465564334184434,0.007675965464199478,642661,498,333,5277,165,5610,0.6686746987951807,0.059358288770053474,0.008729330082267324,21777.0,338.856722284377
1,PTHW,62,0.03,500.0,0.3003469254574286,0.0008737045008028939,0.016696735901457527,642661,498,364,11906,134,12270,0.7309236947791165,0.029665851670741646,0.01909249199811409,78906.0,1227.8012824801879
1,PTHW,62,0.03,1000.0,0.3003469254574286,0.0008737045008028939,0.016696735901457527,642661,498,364,11906,134,12270,0.7309236947791165,0.029665851670741646,0.01909249199811409,145906.0,2270.3415953356434
1,PTHW,62,0.05,10.0,0.3003469254574286,0.6427225561645573,0.00028407116284832716,642661,498,168,83,330,251,0.3373493975903614,0.6693227091633466,0.0003905636097413722,3383.0,52.64050564761204
1,PTHW,62,0.05,50.0,0.3003469254574286,0.0025737486617585397,0.005213008041631536,642661,498,310,3909,188,4219,0.6224899598393574,0.0734771272813463,0.006564891910353981,13309.0,207.09207498198896
1,PTHW,62,0.05,100.0,0.3003469254574286,0.002465564334184434,0.007675965464199478,642661,498,333,5277,165,5610,0.6686746987951807,0.059358288770053474,0.008729330082267324,21777.0,338.856722284377
1,PTHW,62,0.05,500.0,0.3003469254574286,0.0008737045008028939,0.016696735901457527,642661,498,364,11906,134,12270,0.7309236947791165,0.029665851670741646,0.01909249199811409,78906.0,1227.8012824801879
1,PTHW,62,0.05,1000.0,0.3003469254574286,0.0008737045008028939,0.016696735901457527,642661,498,364,11906,134,12270,0.7309236947791165,0.029665851670741646,0.01909249199811409,145906.0,2270.3415953356434
1,PTHW,62,0.1,10.0,0.3003469254574286,0.6427225561645573,0.00028407116284832716,642661,498,168,83,330,251,0.3373493975903614,0.6693227091633466,0.0003905636097413722,3383.0,52.64050564761204
1,PTHW,62,0.1,50.0,0.3003469254574286,0.0025737486617585397,0.005213008041631536,642661,498,310,3909,188,4219,0.6224899598393574,0.0734771272813463,0.006564891910353981,13309.0,207.09207498198896
1,PTHW,62,0.1,100.0,0.3003469254574286,0.002465564334184434,0.007675965464199478,642661,498,333,5277,165,5610,0.6686746987951807,0.059358288770053474,0.008729330082267324,21777.0,338.856722284377
1,PTHW,62,0.1,500.0,0.3003469254574286,0.0008737045008028939,0.016696735901457527,642661,498,364,11906,134,12270,0.7309236947791165,0.029665851670741646,0.01909249199811409,78906.0,1227.8012824801879
1,PTHW,62,0.1,1000.0,0.3003469254574286,0.0008737045008028939,0.016696735901457527,642661,498,364,11906,134,12270,0.7309236947791165,0.029665851670741646,0.01909249199811409,145906.0,2270.3415953356434
1,PTHW,72,0.01,10.0,0.21125596002307956,0.010983144317558464,0.00030824743202690816,642661,498,142,113,356,255,0.285140562248996,0.5568627450980392,0.00039678773101215105,3673.0,57.152993568926696
1,PTHW,72,0.01,50.0,0.21125596002307956,0.010387718984122054,0.0003928643741519418,642661,498,146,124,352,270,0.2931726907630522,0.5407407407407407,0.0004201281857775717,17724.0,275.7908135082104
1,PTHW,72,0.01,100.0,0.21125596002307956,0.0031340751552353828,0.0098155652865039,642661,498,280,6049,218,6329,0.5622489959839357,0.04424079633433402,0.009848115880689819,27849.0,433.3388831747998
1,PTHW,72,0.01,500.0,0.21125596002307956,0.0031340751552353828,0.0098155652865039,642661,498,280,6049,218,6329,0.5622489959839357,0.04424079633433402,0.009848115880689819,115049.0,1790.197320204587
1,PTHW,72,0.01,1000.0,0.21125596002307956,0.0031340751552353828,0.0098155652865039,642661,498,280,6049,218,6329,0.5622489959839357,0.04424079633433402,0.009848115880689819,224049.0,3486.270366491821
1,PTHW,72,0.03,10.0,0.21125596002307956,0.010983144317558464,0.00030824743202690816,642661,498,142,113,356,255,0.285140562248996,0.5568627450980392,0.00039678773101215105,3673.0,57.152993568926696
1,PTHW,72,0.03,50.0,0.21125596002307956,0.010387718984122054,0.0003928643741519418,642661,498,146,124,352,270,0.2931726907630522,0.5407407407407407,0.0004201281857775717,17724.0,275.7908135082104
1,PTHW,72,0.03,100.0,0.21125596002307956,0.0019582959895261933,0.010960916038839176,642661,498,298,6982,200,7280,0.5983935742971888,0.040934065934065934,0.01132790071281749,26982.0,419.84810032038666
1,PTHW,72,0.03,500.0,0.21125596002307956,0.0013442666857470815,0.015853588513854513,642661,498,316,10949,182,11265,0.6345381526104418,0.02805148690634709,0.017528681528830907,101949.0,1586.35734858658
1,PTHW,72,0.03,1000.0,0.21125596002307956,0.0013442666857470815,0.015853588513854513,642661,498,316,10949,182,11265,0.6345381526104418,0.02805148690634709,0.017528681528830907,192949.0,3002.344937688766
1,PTHW,72,0.05,10.0,0.21125596002307956,0.010983144317558464,0.00030824743202690816,642661,498,142,113,356,255,0.285140562248996,0.5568627450980392,0.00039678773101215105,3673.0,57.152993568926696
1,PTHW,72,0.05,50.0,0.21125596002307956,0.010387718984122054,0.0003928643741519418,642661,498,146,124,352,270,0.2931726907630522,0.5407407407407407,0.0004201281857775717,17724.0,275.7908135082104
1,PTHW,72,0.05,100.0,0.21125596002307956,0.0019582959895261933,0.010960916038839176,642661,498,298,6982,200,7280,0.5983935742971888,0.040934065934065934,0.01132790071281749,26982.0,419.84810032038666
1,PTHW,72,0.05,500.0,0.21125596002307956,0.0013442666857470815,0.015853588513854513,642661,498,316,10949,182,11265,0.6345381526104418,0.02805148690634709,0.017528681528830907,101949.0,1586.35734858658
1,PTHW,72,0.05,1000.0,0.21125596002307956,0.0013442666857470815,0.015853588513854513,642661,498,316,10949,182,11265,0.6345381526104418,0.02805148690634709,0.017528681528830907,192949.0,3002.344937688766
1,PTHW,72,0.1,10.0,0.21125596002307956,0.010983144317558464,0.00030824743202690816,642661,498,142,113,356,255,0.285140562248996,0.5568627450980392,0.00039678773101215105,3673.0,57.152993568926696
1,PTHW,72,0.1,50.0,0.21125596002307956,0.010387718984122054,0.0003928643741519418,642661,498,146,124,352,270,0.2931726907630522,0.5407407407407407,0.0004201281857775717,17724.0,275.7908135082104
1,PTHW,72,0.1,100.0,0.21125596002307956,0.0019582959895261933,0.010960916038839176,642661,498,298,6982,200,7280,0.5983935742971888,0.040934065934065934,0.01132790071281749,26982.0,419.84810032038666
1,PTHW,72,0.1,500.0,0.21125596002307956,0.0013442666857470815,0.015853588513854513,642661,498,316,10949,182,11265,0.6345381526104418,0.02805148690634709,0.017528681528830907,101949.0,1586.35734858658
1,PTHW,72,0.1,1000.0,0.21125596002307956,0.0013442666857470815,0.015853588513854513,642661,498,316,10949,182,11265,0.6345381526104418,0.02805148690634709,0.017528681528830907,192949.0,3002.344937688766
1,PTHW,82,0.01,10.0,0.29878211013822215,0.0158960291495015,0.000268960994611714,642661,498,167,125,331,292,0.3353413654618474,0.571917808219178,0.0004543608527668553,3435.0,53.449641412813286
1,PTHW,82,0.01,50.0,0.29878211013822215,0.002823473695082163,0.005817414771096061,642661,498,303,4099,195,4402,0.608433734939759,0.0688323489323035,0.006849645458492113,13849.0,215.49463869754038
1,PTHW,82,0.01,100.0,0.29878211013822215,0.0025857909290244205,0.008772963678177592,642661,498,322,5517,176,5839,0.6465863453815262,0.05514642918307929,0.009085661025019412,23117.0,359.7075285414861
1,PTHW,82,0.01,500.0,0.29878211013822215,0.0025792146651651346,0.00909027721114647,642661,498,322,5610,176,5932,0.6465863453815262,0.05428186109238031,0.00923037184456502,93610.0,1456.599980394018
1,PTHW,82,0.01,1000.0,0.29878211013822215,0.0025792146651651346,0.00909027721114647,642661,498,322,5610,176,5932,0.6465863453815262,0.05428186109238031,0.00923037184456502,181610.0,2825.906659965363
1,PTHW,82,0.03,10.0,0.29878211013822215,0.0158960291495015,0.000268960994611714,642661,498,167,125,331,292,0.3353413654618474,0.571917808219178,0.0004543608527668553,3435.0,53.449641412813286
1,PTHW,82,0.03,50.0,0.29878211013822215,0.002823473695082163,0.005817414771096061,642661,498,303,4099,195,4402,0.608433734939759,0.0688323489323035,0.006849645458492113,13849.0,215.49463869754038
1,PTHW,82,0.03,100.0,0.29878211013822215,0.0022973782908423013,0.012003517647165484,642661,498,352,7196,146,7548,0.7068273092369478,0.04663487016428193,0.011744916837959671,21796.0,339.152368044739
1,PTHW,82,0.03,500.0,0.29878211013822215,0.0012473660880082853,0.013729098859786706,642661,498,382,8672,116,9054,0.7670682730923695,0.0421912966644577,0.014088298496407903,66672.0,1037.436533413417
1,PTHW,82,0.03,1000.0,0.29878211013822215,0.0012385120324318675,0.016956630795127273,642661,498,383,9814,115,10197,0.7690763052208835,0.03756006668628028,0.01586684114953296,124814.0,1942.1436807274754
1,PTHW,82,0.05,10.0,0.29878211013822215,0.0158960291495015,0.000268960994611714,642661,498,167,125,331,292,0.3353413654618474,0.571917808219178,0.0004543608527668553,3435.0,53.449641412813286
1,PTHW,82,0.05,50.0,0.29878211013822215,0.002823473695082163,0.005817414771096061,642661,498,303,4099,195,4402,0.608433734939759,0.0688323489323035,0.006849645458492113,13849.0,215.49463869754038
1,PTHW,82,0.05,100.0,0.29878211013822215,0.0022973782908423013,0.012003517647165484,642661,498,352,7196,146,7548,0.7068273092369478,0.04663487016428193,0.011744916837959671,21796.0,339.152368044739
1,PTHW,82,0.05,500.0,0.29878211013822215,0.0012473660880082853,0.013729098859786706,642661,498,382,8672,116,9054,0.7670682730923695,0.0421912966644577,0.014088298496407903,66672.0,1037.436533413417
1,PTHW,82,0.05,1000.0,0.29878211013822215,0.0012385120324318675,0.016956630795127273,642661,498,383,9814,115,10197,0.7690763052208835,0.03756006668628028,0.01586684114953296,124814.0,1942.1436807274754
1,PTHW,82,0.1,10.0,0.29878211013822215,0.0158960291495015,0.000268960994611714,642661,498,167,125,331,292,0.3353413654618474,0.571917808219178,0.0004543608527668553,3435.0,53.449641412813286
1,PTHW,82,0.1,50.0,0.29878211013822215,0.002823473695082163,0.005817414771096061,642661,498,303,4099,195,4402,0.608433734939759,0.0688323489323035,0.006849645458492113,13849.0,215.49463869754038
1,PTHW,82,0.1,100.0,0.29878211013822215,0.0022973782908423013,0.012003517647165484,642661,498,352,7196,146,7548,0.7068273092369478,0.04663487016428193,0.011744916837959671,21796.0,339.152368044739
1,PTHW,82,0.1,500.0,0.29878211013822215,0.0012473660880082853,0.013729098859786706,642661,498,382,8672,116,9054,0.7670682730923695,0.0421912966644577,0.014088298496407903,66672.0,1037.436533413417
1,PTHW,82,0.1,1000.0,0.29878211013822215,0.0012385120324318675,0.016956630795127273,642661,498,383,9814,115,10197,0.7690763052208835,0.03756006668628028,0.01586684114953296,124814.0,1942.1436807274754
2,P0,42,0.01,10.0,0.12505045465629752,0.03840223268448969,0.0001939811292732679,605510,312,45,31,267,76,0.14423076923076922,0.5921052631578947,0.00012551402949579694,2701.0,44.60702548265099
2,P0,42,0.01,50.0,0.12505045465629752,0.03840223268448969,0.0001939811292732679,605510,312,45,31,267,76,0.14423076923076922,0.5921052631578947,0.00012551402949579694,13381.0,220.98726693200774
2,P0,42,0.01,100.0,0.12505045465629752,0.03840223268448969,0.0001939811292732679,605510,312,45,31,267,76,0.14423076923076922,0.5921052631578947,0.00012551402949579694,26731.0,441.4625687437036
2,P0,42,0.01,500.0,0.12505045465629752,0.03840223268448969,0.0001939811292732679,605510,312,45,31,267,76,0.14423076923076922,0.5921052631578947,0.00012551402949579694,133531.0,2205.2649832372713
2,P0,42,0.01,1000.0,0.12505045465629752,0.005988010824175685,0.004061479894159046,605510,312,46,2247,266,2293,0.14743589743589744,0.02006105538595726,0.0037868903899192416,268247.0,4430.100246073558
2,P0,42,0.03,10.0,0.12505045465629752,0.03840223268448969,0.0001939811292732679,605510,312,45,31,267,76,0.14423076923076922,0.5921052631578947,0.00012551402949579694,2701.0,44.60702548265099
2,P0,42,0.03,50.0,0.12505045465629752,0.03840223268448969,0.0001939811292732679,605510,312,45,31,267,76,0.14423076923076922,0.5921052631578947,0.00012551402949579694,13381.0,220.98726693200774
2,P0,42,0.03,100.0,0.12505045465629752,0.03840223268448969,0.0001939811292732679,605510,312,45,31,267,76,0.14423076923076922,0.5921052631578947,0.00012551402949579694,26731.0,441.4625687437036
2,P0,42,0.03,500.0,0.12505045465629752,0.0056266374091291545,0.02975791761257725,605510,312,73,12856,239,12929,0.23397435897435898,0.005646221672209761,0.0213522485177784,132356.0,2185.8598536770655
2,P0,42,0.03,1000.0,0.12505045465629752,0.0056266374091291545,0.02975791761257725,605510,312,73,12856,239,12929,0.23397435897435898,0.005646221672209761,0.0213522485177784,251856.0,4159.402817459662
2,P0,42,0.05,10.0,0.12505045465629752,0.03840223268448969,0.0001939811292732679,605510,312,45,31,267,76,0.14423076923076922,0.5921052631578947,0.00012551402949579694,2701.0,44.60702548265099
2,P0,42,0.05,50.0,0.12505045465629752,0.03840223268448969,0.0001939811292732679,605510,312,45,31,267,76,0.14423076923076922,0.5921052631578947,0.00012551402949579694,13381.0,220.98726693200774
2,P0,42,0.05,100.0,0.12505045465629752,0.03840223268448969,0.0001939811292732679,605510,312,45,31,267,76,0.14423076923076922,0.5921052631578947,0.00012551402949579694,26731.0,441.4625687437036
2,P0,42,0.05,500.0,0.12505045465629752,0.0026431405589357527,0.047285931215503944,605510,312,106,24558,206,24664,0.33974358974358976,0.00429776192020759,0.04073260557216231,127558.0,2106.6208650559033
2,P0,42,0.05,1000.0,0.12505045465629752,0.002592888827001471,0.04922877346338152,605510,312,107,25861,205,25968,0.34294871794871795,0.004120455945779421,0.04288616207824809,230861.0,3812.670310977523
2,P0,42,0.1,10.0,0.12505045465629752,0.03840223268448969,0.0001939811292732679,605510,312,45,31,267,76,0.14423076923076922,0.5921052631578947,0.00012551402949579694,2701.0,44.60702548265099
2,P0,42,0.1,50.0,0.12505045465629752,0.03840223268448969,0.0001939811292732679,605510,312,45,31,267,76,0.14423076923076922,0.5921052631578947,0.00012551402949579694,13381.0,220.98726693200774
2,P0,42,0.1,100.0,0.12505045465629752,0.03840223268448969,0.0001939811292732679,605510,312,45,31,267,76,0.14423076923076922,0.5921052631578947,0.00012551402949579694,26731.0,441.4625687437036
2,P0,42,0.1,500.0,0.12505045465629752,0.0018272740256266105,0.0992395333541459,605510,312,205,59069,107,59274,0.657051282051282,0.0034585146944697506,0.09789103400439299,112569.0,1859.0774718832058
2,P0,42,0.1,1000.0,0.12505045465629752,0.0018272740256266105,0.0992395333541459,605510,312,205,59069,107,59274,0.657051282051282,0.0034585146944697506,0.09789103400439299,166069.0,2742.630179518092
2,P0,52,0.01,10.0,0.10899363365179189,0.38569443043724744,0.00012730011608558204,605510,312,31,2,281,33,0.09935897435897435,0.9393939393939394,5.449951280738551e-05,2812.0,46.440190913444866
2,P0,52,0.01,50.0,0.10899363365179189,0.38569443043724744,0.00012730011608558204,605510,312,31,2,281,33,0.09935897435897435,0.9393939393939394,5.449951280738551e-05,14052.0,232.06883453617613
2,P0,52,0.01,100.0,0.10899363365179189,0.008805863941050691,0.000833512664846073,605510,312,44,397,268,441,0.14102564102564102,0.09977324263038549,0.0007283116711532427,27197.0,449.15856055226175
2,P0,52,0.01,500.0,0.10899363365179189,0.006235012090212148,0.00552543122914324,605510,312,49,3396,263,3445,0.15705128205128205,0.014223512336719884,0.005689418837013426,134896.0,2227.8079635348713
2,P0,52,0.01,1000.0,0.10899363365179189,0.006235012090212148,0.00552543122914324,605510,312,49,3396,263,3445,0.15705128205128205,0.014223512336719884,0.005689418837013426,266396.0,4399.530973889779
2,P0,52,0.03,10.0,0.10899363365179189,0.38569443043724744,0.00012730011608558204,605510,312,31,2,281,33,0.09935897435897435,0.9393939393939394,5.449951280738551e-05,2812.0,46.440190913444866
2,P0,52,0.03,50.0,0.10899363365179189,0.38569443043724744,0.00012730011608558204,605510,312,31,2,281,33,0.09935897435897435,0.9393939393939394,5.449951280738551e-05,14052.0,232.06883453617613
2,P0,52,0.03,100.0,0.10899363365179189,0.008805863941050691,0.000833512664846073,605510,312,44,397,268,441,0.14102564102564102,0.09977324263038549,0.0007283116711532427,27197.0,449.15856055226175
2,P0,52,0.03,500.0,0.10899363365179189,0.006235012090212148,0.00552543122914324,605510,312,49,3396,263,3445,0.15705128205128205,0.014223512336719884,0.005689418837013426,134896.0,2227.8079635348713
2,P0,52,0.03,1000.0,0.10899363365179189,0.006235012090212148,0.00552543122914324,605510,312,49,3396,263,3445,0.15705128205128205,0.014223512336719884,0.005689418837013426,266396.0,4399.530973889779
2,P0,52,0.05,10.0,0.10899363365179189,0.38569443043724744,0.00012730011608558204,605510,312,31,2,281,33,0.09935897435897435,0.9393939393939394,5.449951280738551e-05,2812.0,46.440190913444866
2,P0,52,0.05,50.0,0.10899363365179189,0.38569443043724744,0.00012730011608558204,605510,312,31,2,281,33,0.09935897435897435,0.9393939393939394,5.449951280738551e-05,14052.0,232.06883453617613
2,P0,52,0.05,100.0,0.10899363365179189,0.008805863941050691,0.000833512664846073,605510,312,44,397,268,441,0.14102564102564102,0.09977324263038549,0.0007283116711532427,27197.0,449.15856055226175
2,P0,52,0.05,500.0,0.10899363365179189,0.004334126468969348,0.033986100039705515,605510,312,84,15616,228,15700,0.2692307692307692,0.00535031847133758,0.02592855609321068,129616.0,2140.608743043055
2,P0,52,0.05,1000.0,0.10899363365179189,0.003110445864486713,0.04622812786993565,605510,312,101,23613,211,23714,0.32371794871794873,0.004259087458885047,0.03916368020346485,234613.0,3874.6346055391323
2,P0,52,0.1,10.0,0.10899363365179189,0.38569443043724744,0.00012730011608558204,605510,312,31,2,281,33,0.09935897435897435,0.9393939393939394,5.449951280738551e-05,2812.0,46.440190913444866
2,P0,52,0.1,50.0,0.10899363365179189,0.38569443043724744,0.00012730011608558204,605510,312,31,2,281,33,0.09935897435897435,0.9393939393939394,5.449951280738551e-05,14052.0,232.06883453617613
2,P0,52,0.1,100.0,0.10899363365179189,0.008805863941050691,0.000833512664846073,605510,312,44,397,268,441,0.14102564102564102,0.09977324263038549,0.0007283116711532427,27197.0,449.15856055226175
2,P0,52,0.1,500.0,0.10899363365179189,0.00218833223856583,0.09834237063125703,605510,312,199,58586,113,58785,0.6378205128205128,0.0033852173173428597,0.09708345031461083,115086.0,1900.6457366517482
2,P0,52,0.1,1000.0,0.10899363365179189,0.00218833223856583,0.09834237063125703,605510,312,199,58586,113,58785,0.6378205128205128,0.0033852173173428597,0.09708345031461083,171586.0,2833.743455929712
2,P0,62,0.01,10.0,0.13646774342311177,0.07608186188669692,0.00018185730869368864,605510,312,45,28,267,73,0.14423076923076922,0.6164383561643836,0.00012055952833148916,2698.0,44.55748047100791
2,P0,62,0.01,50.0,0.13646774342311177,0.07608186188669692,0.00018185730869368864,605510,312,45,28,267,73,0.14423076923076922,0.6164383561643836,0.00012055952833148916,13378.0,220.93772192036465
2,P0,62,0.01,100.0,0.13646774342311177,0.01796524254664689,0.0005819433878198036,605510,312,49,243,263,292,0.15705128205128205,0.1678082191780822,0.00048223811332595665,26543.0,438.3577480140708
2,P0,62,0.01,500.0,0.13646774342311177,0.010679551577339798,0.0027642310921440674,605510,312,52,1578,260,1630,0.16666666666666666,0.03190184049079755,0.002691945632607224,131578.0,2173.0111806576274
2,P0,62,0.01,1000.0,0.13646774342311177,0.010679551577339798,0.0027642310921440674,605510,312,52,1578,260,1630,0.16666666666666666,0.03190184049079755,0.002691945632607224,261578.0,4319.961685190996
2,P0,62,0.03,10.0,0.13646774342311177,0.07608186188669692,0.00018185730869368864,605510,312,45,28,267,73,0.14423076923076922,0.6164383561643836,0.00012055952833148916,2698.0,44.55748047100791
2,P0,62,0.03,50.0,0.13646774342311177,0.07608186188669692,0.00018185730869368864,605510,312,45,28,267,73,0.14423076923076922,0.6164383561643836,0.00012055952833148916,13378.0,220.93772192036465
2,P0,62,0.03,100.0,0.13646774342311177,0.01796524254664689,0.0005819433878198036,605510,312,49,243,263,292,0.15705128205128205,0.1678082191780822,0.00048223811332595665,26543.0,438.3577480140708
2,P0,62,0.03,500.0,0.13646774342311177,0.007500581933048473,0.029760948567722146,605510,312,80,12920,232,13000,0.2564102564102564,0.006153846153846154,0.021469505045333685,128920.0,2129.1143003418606
2,P0,62,0.03,1000.0,0.13646774342311177,0.007500581933048473,0.029760948567722146,605510,312,80,12920,232,13000,0.2564102564102564,0.006153846153846154,0.021469505045333685,244920.0,4044.8547505408665
2,P0,62,0.05,10.0,0.13646774342311177,0.07608186188669692,0.00018185730869368864,605510,312,45,28,267,73,0.14423076923076922,0.6164383561643836,0.00012055952833148916,2698.0,44.55748047100791
2,P0,62,0.05,50.0,0.13646774342311177,0.07608186188669692,0.00018185730869368864,605510,312,45,28,267,73,0.14423076923076922,0.6164383561643836,0.00012055952833148916,13378.0,220.93772192036465
2,P0,62,0.05,100.0,0.13646774342311177,0.01796524254664689,0.0005819433878198036,605510,312,49,243,263,292,0.15705128205128205,0.1678082191780822,0.00048223811332595665,26543.0,438.3577480140708
2,P0,62,0.05,500.0,0.13646774342311177,0.0030414873896248027,0.04648575905725171,605510,312,114,23966,198,24080,0.36538461538461536,0.00473421926910299,0.0397681293455104,122966.0,2030.7839672342323
2,P0,62,0.05,1000.0,0.13646774342311177,0.0030414873896248027,0.04648575905725171,605510,312,114,23966,198,24080,0.36538461538461536,0.00473421926910299,0.0397681293455104,221966.0,3665.7693514557977
2,P0,62,0.1,10.0,0.13646774342311177,0.07608186188669692,0.00018185730869368864,605510,312,45,28,267,73,0.14423076923076922,0.6164383561643836,0.00012055952833148916,2698.0,44.55748047100791
2,P0,62,0.1,50.0,0.13646774342311177,0.07608186188669692,0.00018185730869368864,605510,312,45,28,267,73,0.14423076923076922,0.6164383561643836,0.00012055952833148916,13378.0,220.93772192036465
2,P0,62,0.1,100.0,0.13646774342311177,0.01796524254664689,0.0005819433878198036,605510,312,49,243,263,292,0.15705128205128205,0.1678082191780822,0.00048223811332595665,26543.0,438.3577480140708
2,P0,62,0.1,500.0,0.13646774342311177,0.0021021016084250424,0.09218346977683077,605510,312,199,54142,113,54341,0.6378205128205128,0.003662059954730314,0.08974418258988291,110642.0,1827.253059404469
2,P0,62,0.1,1000.0,0.13646774342311177,0.0021021016084250424,0.09218346977683077,605510,312,199,54142,113,54341,0.6378205128205128,0.003662059954730314,0.08974418258988291,167142.0,2760.350778682433
2,P0,72,0.01,10.0,0.12804186504208187,0.9949716193096781,0.0001394239366651613,605510,312,37,2,275,39,0.11858974358974358,0.9487179487179487,6.440851513600106e-05,2752.0,45.44929068058331
2,P0,72,0.01,50.0,0.12804186504208187,0.061859020302201695,0.00018185730869368864,605510,312,37,34,275,71,0.11858974358974358,0.5211267605633803,0.00011725652755528398,13784.0,227.64281349606117
2,P0,72,0.01,100.0,0.12804186504208187,0.061859020302201695,0.00018185730869368864,605510,312,37,34,275,71,0.11858974358974358,0.5211267605633803,0.00011725652755528398,27534.0,454.72411686016744
2,P0,72,0.01,500.0,0.12804186504208187,0.0080219444393359,0.0014154560526658767,605510,312,50,725,262,775,0.16025641025641027,0.06451612903225806,0.0012799128007795083,131725.0,2175.4388862281385
2,P0,72,0.01,1000.0,0.12804186504208187,0.0080219444393359,0.0014154560526658767,605510,312,50,725,262,775,0.16025641025641027,0.06451612903225806,0.0012799128007795083,262725.0,4338.904394642533
2,P0,72,0.03,10.0,0.12804186504208187,0.9949716193096781,0.0001394239366651613,605510,312,37,2,275,39,0.11858974358974358,0.9487179487179487,6.440851513600106e-05,2752.0,45.44929068058331
2,P0,72,0.03,50.0,0.12804186504208187,0.061859020302201695,0.00018185730869368864,605510,312,37,34,275,71,0.11858974358974358,0.5211267605633803,0.00011725652755528398,13784.0,227.64281349606117
2,P0,72,0.03,100.0,0.12804186504208187,0.061859020302201695,0.00018185730869368864,605510,312,37,34,275,71,0.11858974358974358,0.5211267605633803,0.00011725652755528398,27534.0,454.72411686016744
2,P0,72,0.03,500.0,0.12804186504208187,0.006007612014417856,0.029333583892291976,605510,312,78,12629,234,12707,0.25,0.006138348941528291,0.020985615431619628,129629.0,2140.823438093508
2,P0,72,0.03,1000.0,0.12804186504208187,0.006007612014417856,0.029333583892291976,605510,312,78,12629,234,12707,0.25,0.006138348941528291,0.020985615431619628,246629.0,4073.0788921735398
2,P0,72,0.05,10.0,0.12804186504208187,0.9949716193096781,0.0001394239366651613,605510,312,37,2,275,39,0.11858974358974358,0.9487179487179487,6.440851513600106e-05,2752.0,45.44929068058331
2,P0,72,0.05,50.0,0.12804186504208187,0.061859020302201695,0.00018185730869368864,605510,312,37,34,275,71,0.11858974358974358,0.5211267605633803,0.00011725652755528398,13784.0,227.64281349606117
2,P0,72,0.05,100.0,0.12804186504208187,0.061859020302201695,0.00018185730869368864,605510,312,37,34,275,71,0.11858974358974358,0.5211267605633803,0.00011725652755528398,27534.0,454.72411686016744
2,P0,72,0.05,500.0,0.12804186504208187,0.0024202778985539302,0.04929242352142431,605510,312,114,25833,198,25947,0.36538461538461536,0.004393571511157359,0.04285148057009793,124833.0,2061.6174794801077
2,P0,72,0.05,1000.0,0.12804186504208187,0.0024202778985539302,0.04929242352142431,605510,312,114,25833,198,25947,0.36538461538461536,0.004393571511157359,0.04285148057009793,223833.0,3696.602863701673
2,P0,72,0.1,10.0,0.12804186504208187,0.9949716193096781,0.0001394239366651613,605510,312,37,2,275,39,0.11858974358974358,0.9487179487179487,6.440851513600106e-05,2752.0,45.44929068058331
2,P0,72,0.1,50.0,0.12804186504208187,0.061859020302201695,0.00018185730869368864,605510,312,37,34,275,71,0.11858974358974358,0.5211267605633803,0.00011725652755528398,13784.0,227.64281349606117
2,P0,72,0.1,100.0,0.12804186504208187,0.061859020302201695,0.00018185730869368864,605510,312,37,34,275,71,0.11858974358974358,0.5211267605633803,0.00011725652755528398,27534.0,454.72411686016744
2,P0,72,0.1,500.0,0.12804186504208187,0.0019089681330257324,0.09815445141227355,605510,312,198,58552,114,58750,0.6346153846153846,0.003370212765957447,0.09702564780102724,115552.0,1908.3417284603063
2,P0,72,0.1,1000.0,0.12804186504208187,0.0019089681330257324,0.09815445141227355,605510,312,198,58552,114,58750,0.6346153846153846,0.003370212765957447,0.09702564780102724,172552.0,2849.6969496787833
2,P0,82,0.01,10.0,0.12699017789154227,0.6400036536819892,0.0001394239366651613,605510,312,37,2,275,39,0.11858974358974358,0.9487179487179487,6.440851513600106e-05,2752.0,45.44929068058331
2,P0,82,0.01,50.0,0.12699017789154227,0.6400036536819892,0.0001394239366651613,605510,312,37,2,275,39,0.11858974358974358,0.9487179487179487,6.440851513600106e-05,13752.0,227.11433337186836
2,P0,82,0.01,100.0,0.12699017789154227,0.6400036536819892,0.0001394239366651613,605510,312,37,2,275,39,0.11858974358974358,0.9487179487179487,6.440851513600106e-05,27502.0,454.19563673597463
2,P0,82,0.01,500.0,0.12699017789154227,0.01484025898480186,0.0008183578891215989,605510,312,49,364,263,413,0.15705128205128205,0.11864406779661017,0.0006820696602863702,131864.0,2177.734471767601
2,P0,82,0.01,1000.0,0.12699017789154227,0.008105505825311572,0.004049356073579467,605510,312,52,2560,260,2612,0.16666666666666666,0.019908116385911178,0.004313719013723968,262560.0,4336.179419002164
2,P0,82,0.03,10.0,0.12699017789154227,0.6400036536819892,0.0001394239366651613,605510,312,37,2,275,39,0.11858974358974358,0.9487179487179487,6.440851513600106e-05,2752.0,45.44929068058331
2,P0,82,0.03,50.0,0.12699017789154227,0.6400036536819892,0.0001394239366651613,605510,312,37,2,275,39,0.11858974358974358,0.9487179487179487,6.440851513600106e-05,13752.0,227.11433337186836
2,P0,82,0.03,100.0,0.12699017789154227,0.6400036536819892,0.0001394239366651613,605510,312,37,2,275,39,0.11858974358974358,0.9487179487179487,6.440851513600106e-05,27502.0,454.19563673597463
2,P0,82,0.03,500.0,0.12699017789154227,0.01484025898480186,0.0008183578891215989,605510,312,49,364,263,413,0.15705128205128205,0.11864406779661017,0.0006820696602863702,131864.0,2177.734471767601
2,P0,82,0.03,1000.0,0.12699017789154227,0.008105505825311572,0.004049356073579467,605510,312,52,2560,260,2612,0.16666666666666666,0.019908116385911178,0.004313719013723968,262560.0,4336.179419002164
2,P0,82,0.05,10.0,0.12699017789154227,0.6400036536819892,0.0001394239366651613,605510,312,37,2,275,39,0.11858974358974358,0.9487179487179487,6.440851513600106e-05,2752.0,45.44929068058331
2,P0,82,0.05,50.0,0.12699017789154227,0.6400036536819892,0.0001394239366651613,605510,312,37,2,275,39,0.11858974358974358,0.9487179487179487,6.440851513600106e-05,13752.0,227.11433337186836
2,P0,82,0.05,100.0,0.12699017789154227,0.6400036536819892,0.0001394239366651613,605510,312,37,2,275,39,0.11858974358974358,0.9487179487179487,6.440851513600106e-05,27502.0,454.19563673597463
2,P0,82,0.05,500.0,0.12699017789154227,0.002897068447889928,0.04817400107295812,605510,312,114,25179,198,25293,0.36538461538461536,0.0045071758984699326,0.04177139931627884,124179.0,2050.8166669419165
2,P0,82,0.05,1000.0,0.12699017789154227,0.002897068447889928,0.04817400107295812,605510,312,114,25179,198,25293,0.36538461538461536,0.0045071758984699326,0.04177139931627884,223179.0,3685.8020511634822
2,P0,82,0.1,10.0,0.12699017789154227,0.6400036536819892,0.0001394239366651613,605510,312,37,2,275,39,0.11858974358974358,0.9487179487179487,6.440851513600106e-05,2752.0,45.44929068058331
2,P0,82,0.1,50.0,0.12699017789154227,0.6400036536819892,0.0001394239366651613,605510,312,37,2,275,39,0.11858974358974358,0.9487179487179487,6.440851513600106e-05,13752.0,227.11433337186836
2,P0,82,0.1,100.0,0.12699017789154227,0.6400036536819892,0.0001394239366651613,605510,312,37,2,275,39,0.11858974358974358,0.9487179487179487,6.440851513600106e-05,27502.0,454.19563673597463
2,P0,82,0.1,500.0,0.12699017789154227,0.0021527903702553285,0.08791285397767398,605510,312,190,51063,122,51253,0.6089743589743589,0.003707100072190896,0.08464434939142211,112063.0,1850.7208799194068
2,P0,82,0.1,1000.0,0.12699017789154227,0.0020201094615967196,0.09784529398749428,605510,312,211,57982,101,58193,0.6762820512820513,0.0036258656539446326,0.0961057620848541,158982.0,2625.5883470132617
2,PT,42,0.03,100.0,0.04107060004766141,0.0017044988575076168,0.0075379854453533944,605510,312,112,1431,200,1543,0.358974358974359,0.07258587167854828,0.002548265098842298,21431.0,353.93304817426633
2,PT,52,0.03,100.0,0.27630951441280577,0.006664451680742774,0.0019337493824428892,605510,312,103,632,209,735,0.3301282051282051,0.1401360544217687,0.0012138527852554046,21532.0,355.60106356624993
2,PT,62,0.03,100.0,0.08648955858165279,0.0038162113850372637,0.00272179772011554,605510,312,103,457,209,560,0.3301282051282051,0.18392857142857144,0.0009248402173374511,21357.0,352.71093788707043
2,PT,72,0.03,100.0,0.16592958877150785,0.004329011489247283,0.0009911223323806032,605510,312,86,272,226,358,0.27564102564102566,0.24022346368715083,0.0005912371389407276,22872.0,377.7311687668247
2,PT,82,0.03,100.0,0.2832488793724307,0.005889198472991341,0.0023308045064241094,605510,312,106,687,206,793,0.33974358974358976,0.13366960907944514,0.0013096398077653549,21287.0,351.55488761539857
2,PH,42,0.03,100.0,0.06437901830740889,0.0049521884289431654,0.015079001845851684,605510,312,203,8481,109,8684,0.6506410256410257,0.023376324274527866,0.014341629370282901,19381.0,320.0772902181632
2,PH,52,0.03,100.0,0.03365862625231094,0.0018028588724943585,0.029272964789394083,605510,312,211,16348,101,16559,0.6762820512820513,0.012742315357207561,0.02734719492659081,26448.0,436.78882264537333
2,PH,62,0.03,100.0,0.06628680857187627,0.0039222515971554794,0.013827217371010126,605510,312,189,7143,123,7332,0.6057692307692307,0.025777414075286414,0.012108800845568198,19443.0,321.1012204587868
2,PH,72,0.03,100.0,0.034934847636318496,0.0035095592680128526,0.012511782838125778,605510,312,164,7450,148,7614,0.5256410256410257,0.021539269766220122,0.01257452395501313,22250.0,367.45883635282655
2,PH,82,0.03,100.0,0.055671588096273684,0.0040016409894150584,0.015785214394612175,605510,312,196,8735,116,8931,0.6282051282051282,0.021946030679655133,0.014749549966144242,20335.0,335.83260392066194
2,PTH,42,0.03,100.0,0.0807621190883499,0.002811560302588471,0.016433838795619663,605510,312,182,7089,130,7271,0.5833333333333334,0.025030944849401732,0.01200805932189394,20089.0,331.76991296592956
2,PTH,52,0.03,100.0,0.1369812836036892,0.0016669290602375605,0.013311954996378009,605510,312,197,7946,115,8143,0.6314102564102564,0.0241925580252978,0.0134481676603194,19446.0,321.15076547042986
2,PTH,62,0.03,100.0,0.06060752062492882,0.0014867814187372519,0.009295939429392384,605510,312,172,4638,140,4810,0.5512820512820513,0.03575883575883576,0.007943716866773464,18638.0,307.80664233456093
2,PTH,72,0.03,100.0,0.09297200748149029,0.001751167755919804,0.014400067893395246,605510,312,181,5097,131,5278,0.5801282051282052,0.034293292913982566,0.008716619048405476,18197.0,300.52352562302855
2,PTH,82,0.03,100.0,0.044125109013195656,0.001122167516598659,0.01576399770859791,605510,312,206,7662,106,7868,0.6602564102564102,0.026182003050330454,0.012994005053591188,18262.0,301.5970008752952
2,PTHW,42,0.01,10.0,0.069038892789596,0.002333422467944848,0.002385361699032216,605510,312,99,439,213,538,0.3173076923076923,0.18401486988847585,0.000888507208799194,2569.0,42.42704497035557
2,PTHW,42,0.01,50.0,0.069038892789596,0.0015479228013985922,0.009441425276347335,605510,312,169,3437,143,3606,0.5416666666666666,0.046866333887964504,0.0059553103994979435,10587.0,174.84434608842133
2,PTHW,42,0.01,100.0,0.069038892789596,0.0015479228013985922,0.009441425276347335,605510,312,169,3437,143,3606,0.5416666666666666,0.046866333887964504,0.0059553103994979435,17737.0,292.9266238377566
2,PTHW,42,0.01,500.0,0.069038892789596,0.0015479228013985922,0.009441425276347335,605510,312,169,3437,143,3606,0.5416666666666666,0.046866333887964504,0.0059553103994979435,74937.0,1237.5848458324388
2,PTHW,42,0.01,1000.0,0.069038892789596,0.0015479228013985922,0.009441425276347335,605510,312,169,3437,143,3606,0.5416666666666666,0.046866333887964504,0.0059553103994979435,146437.0,2418.4076233257915
2,PTHW,42,0.03,10.0,0.069038892789596,0.002333422467944848,0.002385361699032216,605510,312,99,439,213,538,0.3173076923076923,0.18401486988847585,0.000888507208799194,2569.0,42.42704497035557
2,PTHW,42,0.03,50.0,0.069038892789596,0.0014517599755124548,0.011026614817127321,605510,312,189,4425,123,4614,0.6057692307692307,0.04096228868660598,0.007620022790705356,10575.0,174.64616604184903
2,PTHW,42,0.03,100.0,0.069038892789596,0.0013242421458932716,0.013084633360510897,605510,312,203,5727,109,5930,0.6506410256410257,0.034232715008431704,0.009793397301448365,16627.0,274.59496952981783
2,PTHW,42,0.03,500.0,0.069038892789596,0.000783532191880666,0.017309784832494263,605510,312,219,8494,93,8713,0.7019230769230769,0.025134855962355103,0.014389522881537877,54994.0,908.226123433139
2,PTHW,42,0.03,1000.0,0.069038892789596,0.000783532191880666,0.017309784832494263,605510,312,219,8494,93,8713,0.7019230769230769,0.025134855962355103,0.014389522881537877,101494.0,1676.173803900844
2,PTHW,42,0.05,10.0,0.069038892789596,0.002333422467944848,0.002385361699032216,605510,312,99,439,213,538,0.3173076923076923,0.18401486988847585,0.000888507208799194,2569.0,42.42704497035557
2,PTHW,42,0.05,50.0,0.069038892789596,0.0014517599755124548,0.011026614817127321,605510,312,189,4425,123,4614,0.6057692307692307,0.04096228868660598,0.007620022790705356,10575.0,174.64616604184903
2,PTHW,42,0.05,100.0,0.069038892789596,0.0013242421458932716,0.013084633360510897,605510,312,203,5727,109,5930,0.6506410256410257,0.034232715008431704,0.009793397301448365,16627.0,274.59496952981783
2,PTHW,42,0.05,500.0,0.069038892789596,0.000783532191880666,0.017309784832494263,605510,312,219,8494,93,8713,0.7019230769230769,0.025134855962355103,0.014389522881537877,54994.0,908.226123433139
2,PTHW,42,0.05,1000.0,0.069038892789596,0.000783532191880666,0.017309784832494263,605510,312,219,8494,93,8713,0.7019230769230769,0.025134855962355103,0.014389522881537877,101494.0,1676.173803900844
2,PTHW,42,0.1,10.0,0.069038892789596,0.002333422467944848,0.002385361699032216,605510,312,99,439,213,538,0.3173076923076923,0.18401486988847585,0.000888507208799194,2569.0,42.42704497035557
2,PTHW,42,0.1,50.0,0.069038892789596,0.0014517599755124548,0.011026614817127321,605510,312,189,4425,123,4614,0.6057692307692307,0.04096228868660598,0.007620022790705356,10575.0,174.64616604184903
2,PTHW,42,0.1,100.0,0.069038892789596,0.0013242421458932716,0.013084633360510897,605510,312,203,5727,109,5930,0.6506410256410257,0.034232715008431704,0.009793397301448365,16627.0,274.59496952981783
2,PTHW,42,0.1,500.0,0.069038892789596,0.000783532191880666,0.017309784832494263,605510,312,219,8494,93,8713,0.7019230769230769,0.025134855962355103,0.014389522881537877,54994.0,908.226123433139
2,PTHW,42,0.1,1000.0,0.069038892789596,0.000783532191880666,0.017309784832494263,605510,312,219,8494,93,8713,0.7019230769230769,0.025134855962355103,0.014389522881537877,101494.0,1676.173803900844
2,PTHW,52,0.01,10.0,0.039156560031252466,0.0479996980165495,0.0021550091080202102,605510,312,86,894,226,980,0.27564102564102566,0.08775510204081632,0.0016184703803405393,3154.0,52.08832224075573
2,PTHW,52,0.01,50.0,0.039156560031252466,0.01981255330761746,0.0022035043903385274,605510,312,87,905,225,992,0.27884615384615385,0.08770161290322581,0.0016382883849977705,12155.0,200.73987217386997
2,PTHW,52,0.01,100.0,0.039156560031252466,0.01981255330761746,0.0022035043903385274,605510,312,87,905,225,992,0.27884615384615385,0.08770161290322581,0.0016382883849977705,23405.0,386.53366583541145
2,PTHW,52,0.01,500.0,0.039156560031252466,0.003047528479376447,0.0099294090546754,605510,312,113,2595,199,2708,0.36217948717948717,0.04172821270310192,0.004472263050981817,102095.0,1686.0993212333406
2,PTHW,52,0.01,1000.0,0.039156560031252466,0.003047528479376447,0.0099294090546754,605510,312,113,2595,199,2708,0.36217948717948717,0.04172821270310192,0.004472263050981817,201595.0,3329.342207395419
2,PTHW,52,0.03,10.0,0.039156560031252466,0.0479996980165495,0.0021550091080202102,605510,312,86,894,226,980,0.27564102564102566,0.08775510204081632,0.0016184703803405393,3154.0,52.08832224075573
2,PTHW,52,0.03,50.0,0.039156560031252466,0.01981255330761746,0.0022035043903385274,605510,312,87,905,225,992,0.27884615384615385,0.08770161290322581,0.0016382883849977705,12155.0,200.73987217386997
2,PTHW,52,0.03,100.0,0.039156560031252466,0.0010675607778779174,0.020055830193768963,605510,312,210,9044,102,9254,0.6730769230769231,0.0226928895612708,0.015282984591501379,19244.0,317.81473468646266
2,PTHW,52,0.03,500.0,0.039156560031252466,0.0009356778184398711,0.02072870223593561,605510,312,210,9467,102,9677,0.6730769230769231,0.021700940374082878,0.015981569255668775,60467.0,998.6127396739938
2,PTHW,52,0.03,1000.0,0.039156560031252466,0.0007268066159105955,0.022262365539252385,605510,312,211,10148,101,10359,0.6762820512820513,0.020368761463461723,0.01710789252035474,111148.0,1835.609651368268
2,PTHW,52,0.05,10.0,0.039156560031252466,0.0479996980165495,0.0021550091080202102,605510,312,86,894,226,980,0.27564102564102566,0.08775510204081632,0.0016184703803405393,3154.0,52.08832224075573
2,PTHW,52,0.05,50.0,0.039156560031252466,0.01981255330761746,0.0022035043903385274,605510,312,87,905,225,992,0.27884615384615385,0.08770161290322581,0.0016382883849977705,12155.0,200.73987217386997
2,PTHW,52,0.05,100.0,0.039156560031252466,0.0010675607778779174,0.020055830193768963,605510,312,210,9044,102,9254,0.6730769230769231,0.0226928895612708,0.015282984591501379,19244.0,317.81473468646266
2,PTHW,52,0.05,500.0,0.039156560031252466,0.0009356778184398711,0.02072870223593561,605510,312,210,9467,102,9677,0.6730769230769231,0.021700940374082878,0.015981569255668775,60467.0,998.6127396739938
2,PTHW,52,0.05,1000.0,0.039156560031252466,0.0007268066159105955,0.022262365539252385,605510,312,211,10148,101,10359,0.6762820512820513,0.020368761463461723,0.01710789252035474,111148.0,1835.609651368268
2,PTHW,52,0.1,10.0,0.039156560031252466,0.0479996980165495,0.0021550091080202102,605510,312,86,894,226,980,0.27564102564102566,0.08775510204081632,0.0016184703803405393,3154.0,52.08832224075573
2,PTHW,52,0.1,50.0,0.039156560031252466,0.01981255330761746,0.0022035043903385274,605510,312,87,905,225,992,0.27884615384615385,0.08770161290322581,0.0016382883849977705,12155.0,200.73987217386997
2,PTHW,52,0.1,100.0,0.039156560031252466,0.0010675607778779174,0.020055830193768963,605510,312,210,9044,102,9254,0.6730769230769231,0.0226928895612708,0.015282984591501379,19244.0,317.81473468646266
2,PTHW,52,0.1,500.0,0.039156560031252466,0.0009356778184398711,0.02072870223593561,605510,312,210,9467,102,9677,0.6730769230769231,0.021700940374082878,0.015981569255668775,60467.0,998.6127396739938
2,PTHW,52,0.1,1000.0,0.039156560031252466,0.0007268066159105955,0.022262365539252385,605510,312,211,10148,101,10359,0.6762820512820513,0.020368761463461723,0.01710789252035474,111148.0,1835.609651368268
2,PTHW,62,0.01,10.0,0.028716053362842036,0.1015553506151579,0.0,605510,312,0,0,312,0,0.0,0.0,0.0,3120.0,51.52681210880085
2,PTHW,62,0.01,50.0,0.028716053362842036,0.0012678546651324499,0.009141360717002748,605510,312,153,3817,159,3970,0.49038461538461536,0.03853904282115869,0.006556456540767287,11767.0,194.3320506680319
2,PTHW,62,0.01,100.0,0.028716053362842036,0.0012575910545495608,0.009944563830399874,605510,312,160,4157,152,4317,0.5128205128205128,0.037062775075283765,0.007129527175438887,19357.0,319.68093012501856
2,PTHW,62,0.01,500.0,0.028716053362842036,0.0012575910545495608,0.009944563830399874,605510,312,160,4157,152,4317,0.5128205128205128,0.037062775075283765,0.007129527175438887,80157.0,1323.7931660913941
2,PTHW,62,0.01,1000.0,0.028716053362842036,0.0012575910545495608,0.009944563830399874,605510,312,160,4157,152,4317,0.5128205128205128,0.037062775075283765,0.007129527175438887,156157.0,2578.9334610493634
2,PTHW,62,0.03,10.0,0.028716053362842036,0.1015553506151579,0.0,605510,312,0,0,312,0,0.0,0.0,0.0,3120.0,51.52681210880085
2,PTHW,62,0.03,50.0,0.028716053362842036,0.0012208273176659114,0.010947809983360056,605510,312,172,4833,140,5005,0.5512820512820513,0.03436563436563437,0.008265759442453469,11833.0,195.4220409241796
2,PTHW,62,0.03,100.0,0.028716053362842036,0.0008913786073537122,0.015227518647951528,605510,312,209,7831,103,8040,0.6698717948717948,0.02599502487562189,0.013278063120344833,18131.0,299.4335353668808
2,PTHW,62,0.03,500.0,0.028716053362842036,0.0008913786073537122,0.015227518647951528,605510,312,209,7831,103,8040,0.6698717948717948,0.02599502487562189,0.013278063120344833,59331.0,979.8516952651484
2,PTHW,62,0.03,1000.0,0.028716053362842036,0.0006651432253137812,0.024787151174949763,605510,312,217,12325,95,12542,0.6955128205128205,0.017301865731143357,0.0207131178675827,107325.0,1772.472791531106
2,PTHW,62,0.05,10.0,0.028716053362842036,0.1015553506151579,0.0,605510,312,0,0,312,0,0.0,0.0,0.0,3120.0,51.52681210880085
2,PTHW,62,0.05,50.0,0.028716053362842036,0.0012208273176659114,0.010947809983360056,605510,312,172,4833,140,5005,0.5512820512820513,0.03436563436563437,0.008265759442453469,11833.0,195.4220409241796
2,PTHW,62,0.05,100.0,0.028716053362842036,0.0008913786073537122,0.015227518647951528,605510,312,209,7831,103,8040,0.6698717948717948,0.02599502487562189,0.013278063120344833,18131.0,299.4335353668808
2,PTHW,62,0.05,500.0,0.028716053362842036,0.0008913786073537122,0.015227518647951528,605510,312,209,7831,103,8040,0.6698717948717948,0.02599502487562189,0.013278063120344833,59331.0,979.8516952651484
2,PTHW,62,0.05,1000.0,0.028716053362842036,0.0006651432253137812,0.024787151174949763,605510,312,217,12325,95,12542,0.6955128205128205,0.017301865731143357,0.0207131178675827,107325.0,1772.472791531106
2,PTHW,62,0.1,10.0,0.028716053362842036,0.1015553506151579,0.0,605510,312,0,0,312,0,0.0,0.0,0.0,3120.0,51.52681210880085
2,PTHW,62,0.1,50.0,0.028716053362842036,0.0012208273176659114,0.010947809983360056,605510,312,172,4833,140,5005,0.5512820512820513,0.03436563436563437,0.008265759442453469,11833.0,195.4220409241796
2,PTHW,62,0.1,100.0,0.028716053362842036,0.0008913786073537122,0.015227518647951528,605510,312,209,7831,103,8040,0.6698717948717948,0.02599502487562189,0.013278063120344833,18131.0,299.4335353668808
2,PTHW,62,0.1,500.0,0.028716053362842036,0.0008913786073537122,0.015227518647951528,605510,312,209,7831,103,8040,0.6698717948717948,0.02599502487562189,0.013278063120344833,59331.0,979.8516952651484
2,PTHW,62,0.1,1000.0,0.028716053362842036,0.0006651432253137812,0.024787151174949763,605510,312,217,12325,95,12542,0.6955128205128205,0.017301865731143357,0.0207131178675827,107325.0,1772.472791531106
2,PTHW,72,0.01,10.0,0.02058200363737114,0.13661818935302308,0.0,605510,312,0,0,312,0,0.0,0.0,0.0,3120.0,51.52681210880085
2,PTHW,72,0.01,50.0,0.02058200363737114,0.003863392797996388,0.006395315355728051,605510,312,99,2591,213,2690,0.3173076923076923,0.03680297397769517,0.0044425360439959705,13241.0,218.6751663886641
2,PTHW,72,0.01,100.0,0.02058200363737114,0.0020886058449225016,0.009459611007216704,605510,312,115,4194,197,4309,0.3685897435897436,0.02668832675794848,0.007116315172334065,23894.0,394.6095027332331
2,PTHW,72,0.01,500.0,0.02058200363737114,0.0020886058449225016,0.009459611007216704,605510,312,115,4194,197,4309,0.3685897435897436,0.02668832675794848,0.007116315172334065,102694.0,1695.991808558075
2,PTHW,72,0.01,1000.0,0.02058200363737114,0.0020886058449225016,0.009459611007216704,605510,312,115,4194,197,4309,0.3685897435897436,0.02668832675794848,0.007116315172334065,201194.0,3322.7196908391275
2,PTHW,72,0.03,10.0,0.02058200363737114,0.13661818935302308,0.0,605510,312,0,0,312,0,0.0,0.0,0.0,3120.0,51.52681210880085
2,PTHW,72,0.03,50.0,0.02058200363737114,0.003863392797996388,0.006395315355728051,605510,312,99,2591,213,2690,0.3173076923076923,0.03680297397769517,0.0044425360439959705,13241.0,218.6751663886641
2,PTHW,72,0.03,100.0,0.02058200363737114,0.0009248581446350535,0.016339879186127924,605510,312,196,8165,116,8361,0.6282051282051282,0.02344217198899653,0.013808194744925764,19765.0,326.4190517084771
2,PTHW,72,0.03,500.0,0.02058200363737114,0.0008537251083921371,0.018688869423421402,605510,312,197,9071,115,9268,0.6314102564102564,0.021255934397928354,0.015306105596934814,66571.0,1099.4203233637759
2,PTHW,72,0.03,1000.0,0.02058200363737114,0.0007699001123804197,0.02813029469976874,605510,312,202,12792,110,12994,0.6474358974358975,0.015545636447591197,0.02145959604300507,122792.0,2027.9103565589337
2,PTHW,72,0.05,10.0,0.02058200363737114,0.13661818935302308,0.0,605510,312,0,0,312,0,0.0,0.0,0.0,3120.0,51.52681210880085
2,PTHW,72,0.05,50.0,0.02058200363737114,0.003863392797996388,0.006395315355728051,605510,312,99,2591,213,2690,0.3173076923076923,0.03680297397769517,0.0044425360439959705,13241.0,218.6751663886641
2,PTHW,72,0.05,100.0,0.02058200363737114,0.0009248581446350535,0.016339879186127924,605510,312,196,8165,116,8361,0.6282051282051282,0.02344217198899653,0.013808194744925764,19765.0,326.4190517084771
2,PTHW,72,0.05,500.0,0.02058200363737114,0.0008537251083921371,0.018688869423421402,605510,312,197,9071,115,9268,0.6314102564102564,0.021255934397928354,0.015306105596934814,66571.0,1099.4203233637759
2,PTHW,72,0.05,1000.0,0.02058200363737114,0.0007699001123804197,0.02813029469976874,605510,312,202,12792,110,12994,0.6474358974358975,0.015545636447591197,0.02145959604300507,122792.0,2027.9103565589337
2,PTHW,72,0.1,10.0,0.02058200363737114,0.13661818935302308,0.0,605510,312,0,0,312,0,0.0,0.0,0.0,3120.0,51.52681210880085
2,PTHW,72,0.1,50.0,0.02058200363737114,0.003863392797996388,0.006395315355728051,605510,312,99,2591,213,2690,0.3173076923076923,0.03680297397769517,0.0044425360439959705,13241.0,218.6751663886641
2,PTHW,72,0.1,100.0,0.02058200363737114,0.0009248581446350535,0.016339879186127924,605510,312,196,8165,116,8361,0.6282051282051282,0.02344217198899653,0.013808194744925764,19765.0,326.4190517084771
2,PTHW,72,0.1,500.0,0.02058200363737114,0.0008537251083921371,0.018688869423421402,605510,312,197,9071,115,9268,0.6314102564102564,0.021255934397928354,0.015306105596934814,66571.0,1099.4203233637759
2,PTHW,72,0.1,1000.0,0.02058200363737114,0.0007699001123804197,0.02813029469976874,605510,312,202,12792,110,12994,0.6474358974358975,0.015545636447591197,0.02145959604300507,122792.0,2027.9103565589337
2,PTHW,82,0.01,10.0,0.15710030250661927,0.028913242498386192,0.0006668101318768584,605510,312,84,167,228,251,0.2692307692307692,0.3346613545816733,0.0004145265974137504,2447.0,40.412214496870405
2,PTHW,82,0.01,50.0,0.15710030250661927,0.016843190378545345,0.0010911438521621318,605510,312,89,376,223,465,0.28525641025641024,0.1913978494623656,0.0007679476804677049,11526.0,190.35193473270465
2,PTHW,82,0.01,100.0,0.15710030250661927,0.007031871169512663,0.0045464327173422164,605510,312,109,2053,203,2162,0.34935897435897434,0.05041628122109158,0.0035705438390778023,22353.0,369.15988175257223
2,PTHW,82,0.01,500.0,0.15710030250661927,0.0031696732224992838,0.009026184421496747,605510,312,142,4754,170,4896,0.4551282051282051,0.02900326797385621,0.008085745900150286,89754.0,1482.2876583375996
2,PTHW,82,0.01,1000.0,0.15710030250661927,0.0031696732224992838,0.009026184421496747,605510,312,142,4754,170,4896,0.4551282051282051,0.02900326797385621,0.008085745900150286,174754.0,2886.062988224802
2,PTHW,82,0.03,10.0,0.15710030250661927,0.028913242498386192,0.0006668101318768584,605510,312,84,167,228,251,0.2692307692307692,0.3346613545816733,0.0004145265974137504,2447.0,40.412214496870405
2,PTHW,82,0.03,50.0,0.15710030250661927,0.016843190378545345,0.0010911438521621318,605510,312,89,376,223,465,0.28525641025641024,0.1913978494623656,0.0007679476804677049,11526.0,190.35193473270465
2,PTHW,82,0.03,100.0,0.15710030250661927,0.0022635966688034467,0.014218210584701556,605510,312,200,8122,112,8322,0.6410256410256411,0.02403268445085316,0.013743786229789764,19322.0,319.10290498918266
2,PTHW,82,0.03,500.0,0.15710030250661927,0.0011147191162809082,0.020055830193768963,605510,312,212,11389,100,11601,0.6794871794871795,0.018274286699422465,0.01915905600237816,61389.0,1013.8395732522997
2,PTHW,82,0.03,1000.0,0.15710030250661927,0.0011147191162809082,0.020055830193768963,605510,312,212,11389,100,11601,0.6794871794871795,0.018274286699422465,0.01915905600237816,111389.0,1839.5897673035954
2,PTHW,82,0.05,10.0,0.15710030250661927,0.028913242498386192,0.0006668101318768584,605510,312,84,167,228,251,0.2692307692307692,0.3346613545816733,0.0004145265974137504,2447.0,40.412214496870405
2,PTHW,82,0.05,50.0,0.15710030250661927,0.016843190378545345,0.0010911438521621318,605510,312,89,376,223,465,0.28525641025641024,0.1913978494623656,0.0007679476804677049,11526.0,190.35193473270465
2,PTHW,82,0.05,100.0,0.15710030250661927,0.0022635966688034467,0.014218210584701556,605510,312,200,8122,112,8322,0.6410256410256411,0.02403268445085316,0.013743786229789764,19322.0,319.10290498918266
2,PTHW,82,0.05,500.0,0.15710030250661927,0.0011147191162809082,0.020055830193768963,605510,312,212,11389,100,11601,0.6794871794871795,0.018274286699422465,0.01915905600237816,61389.0,1013.8395732522997
2,PTHW,82,0.05,1000.0,0.15710030250661927,0.0011147191162809082,0.020055830193768963,605510,312,212,11389,100,11601,0.6794871794871795,0.018274286699422465,0.01915905600237816,111389.0,1839.5897673035954
2,PTHW,82,0.1,10.0,0.15710030250661927,0.028913242498386192,0.0006668101318768584,605510,312,84,167,228,251,0.2692307692307692,0.3346613545816733,0.0004145265974137504,2447.0,40.412214496870405
2,PTHW,82,0.1,50.0,0.15710030250661927,0.016843190378545345,0.0010911438521621318,605510,312,89,376,223,465,0.28525641025641024,0.1913978494623656,0.0007679476804677049,11526.0,190.35193473270465
2,PTHW,82,0.1,100.0,0.15710030250661927,0.0022635966688034467,0.014218210584701556,605510,312,200,8122,112,8322,0.6410256410256411,0.02403268445085316,0.013743786229789764,19322.0,319.10290498918266
2,PTHW,82,0.1,500.0,0.15710030250661927,0.0011147191162809082,0.020055830193768963,605510,312,212,11389,100,11601,0.6794871794871795,0.018274286699422465,0.01915905600237816,61389.0,1013.8395732522997
2,PTHW,82,0.1,1000.0,0.15710030250661927,0.0011147191162809082,0.020055830193768963,605510,312,212,11389,100,11601,0.6794871794871795,0.018274286699422465,0.01915905600237816,111389.0,1839.5897673035954
3,P0,42,0.01,10.0,0.2731215546288373,0.04443088522655199,0.00021648616267897178,636723,3764,698,16,3066,714,0.18544102019128586,0.9775910364145658,0.001121366748177779,30676.0,481.7793608837752
3,P0,42,0.01,50.0,0.2731215546288373,0.0101921593081171,0.00038848886727322333,636723,3764,747,94,3017,841,0.19845908607863974,0.8882282996432818,0.0013208255395203252,150944.0,2370.638409481046
3,P0,42,0.01,100.0,0.2731215546288373,0.0035001670169119855,0.008072264860440563,636723,3764,1241,4916,2523,6157,0.32970244420828904,0.20155920090953386,0.009669825025953201,257216.0,4039.684446768846
3,P0,42,0.01,500.0,0.2731215546288373,0.003377338936099961,0.009208075823537087,636723,3764,1280,5815,2484,7095,0.34006376195536664,0.18040873854827344,0.011142993106892636,1247815.0,19597.4544660708
3,P0,42,0.01,1000.0,0.2731215546288373,0.003377338936099961,0.009208075823537087,636723,3764,1280,5815,2484,7095,0.34006376195536664,0.18040873854827344,0.011142993106892636,2489815.0,39103.581934373346
3,P0,42,0.03,10.0,0.2731215546288373,0.04443088522655199,0.00021648616267897178,636723,3764,698,16,3066,714,0.18544102019128586,0.9775910364145658,0.001121366748177779,30676.0,481.7793608837752
3,P0,42,0.03,50.0,0.2731215546288373,0.0101921593081171,0.00038848886727322333,636723,3764,747,94,3017,841,0.19845908607863974,0.8882282996432818,0.0013208255395203252,150944.0,2370.638409481046
3,P0,42,0.03,100.0,0.2731215546288373,0.0035001670169119855,0.008072264860440563,636723,3764,1241,4916,2523,6157,0.32970244420828904,0.20155920090953386,0.009669825025953201,257216.0,4039.684446768846
3,P0,42,0.03,500.0,0.2731215546288373,0.002759759036489158,0.022668770239973428,636723,3764,1693,15829,2071,17522,0.4497874601487779,0.0966213902522543,0.02751903103861491,1051329.0,16511.559971918716
3,P0,42,0.03,1000.0,0.2731215546288373,0.0025998428270653296,0.0291870796313211,636723,3764,1736,20013,2028,21749,0.461211477151966,0.07981976182813003,0.03415771065282705,2048013.0,32164.89745148204
3,P0,42,0.05,10.0,0.2731215546288373,0.04443088522655199,0.00021648616267897178,636723,3764,698,16,3066,714,0.18544102019128586,0.9775910364145658,0.001121366748177779,30676.0,481.7793608837752
3,P0,42,0.05,50.0,0.2731215546288373,0.0101921593081171,0.00038848886727322333,636723,3764,747,94,3017,841,0.19845908607863974,0.8882282996432818,0.0013208255395203252,150944.0,2370.638409481046
3,P0,42,0.05,100.0,0.2731215546288373,0.0035001670169119855,0.008072264860440563,636723,3764,1241,4916,2523,6157,0.32970244420828904,0.20155920090953386,0.009669825025953201,257216.0,4039.684446768846
3,P0,42,0.05,500.0,0.2731215546288373,0.0024838898116619473,0.038659090639494194,636723,3764,1953,25383,1811,27336,0.5188629117959618,0.07144424934152765,0.04293232693023497,930883.0,14619.90535915932
3,P0,42,0.05,1000.0,0.2731215546288373,0.002177841908861288,0.0495278822315275,636723,3764,2136,32571,1628,34707,0.5674814027630181,0.06154378079349987,0.05450878953642322,1660571.0,26079.959417203398
3,P0,42,0.1,10.0,0.2731215546288373,0.04443088522655199,0.00021648616267897178,636723,3764,698,16,3066,714,0.18544102019128586,0.9775910364145658,0.001121366748177779,30676.0,481.7793608837752
3,P0,42,0.1,50.0,0.2731215546288373,0.0101921593081171,0.00038848886727322333,636723,3764,747,94,3017,841,0.19845908607863974,0.8882282996432818,0.0013208255395203252,150944.0,2370.638409481046
3,P0,42,0.1,100.0,0.2731215546288373,0.0035001670169119855,0.008072264860440563,636723,3764,1241,4916,2523,6157,0.32970244420828904,0.20155920090953386,0.009669825025953201,257216.0,4039.684446768846
3,P0,42,0.1,500.0,0.2731215546288373,0.0016665680231382723,0.09955101362973155,636723,3764,2827,63567,937,66394,0.7510626992561105,0.04257914871825767,0.10427454324722053,532067.0,8356.33391600429
3,P0,42,0.1,1000.0,0.2731215546288373,0.0016665680231382723,0.09955101362973155,636723,3764,2827,63567,937,66394,0.7510626992561105,0.04257914871825767,0.10427454324722053,1000567.0,15714.321612380894
3,P0,52,0.01,10.0,0.2706092116871116,0.051930809971300076,0.00022241729042360114,636723,3764,703,17,3061,720,0.18676939426142403,0.9763888888888889,0.0011307899981624662,30627.0,481.0097954683591
3,P0,52,0.01,50.0,0.2706092116871116,0.003705427484761341,0.004632210768555533,636723,3764,1076,2464,2688,3540,0.2858660998937301,0.303954802259887,0.005559717490965459,136864.0,2149.506143173719
3,P0,52,0.01,100.0,0.2706092116871116,0.003705427484761341,0.004632210768555533,636723,3764,1076,2464,2688,3540,0.2858660998937301,0.303954802259887,0.005559717490965459,271264.0,4260.314139743657
3,P0,52,0.01,500.0,0.2706092116871116,0.00313077231949181,0.009086487704772186,636723,3764,1211,5847,2553,7058,0.32173219978746015,0.17157835080759423,0.011084883065320399,1282347.0,20139.793913522833
3,P0,52,0.01,1000.0,0.2706092116871116,0.00313077231949181,0.009086487704772186,636723,3764,1211,5847,2553,7058,0.32173219978746015,0.17157835080759423,0.011084883065320399,2558847.0,40187.75825594489
3,P0,52,0.03,10.0,0.2706092116871116,0.051930809971300076,0.00022241729042360114,636723,3764,703,17,3061,720,0.18676939426142403,0.9763888888888889,0.0011307899981624662,30627.0,481.0097954683591
3,P0,52,0.03,50.0,0.2706092116871116,0.003705427484761341,0.004632210768555533,636723,3764,1076,2464,2688,3540,0.2858660998937301,0.303954802259887,0.005559717490965459,136864.0,2149.506143173719
3,P0,52,0.03,100.0,0.2706092116871116,0.003705427484761341,0.004632210768555533,636723,3764,1076,2464,2688,3540,0.2858660998937301,0.303954802259887,0.005559717490965459,271264.0,4260.314139743657
3,P0,52,0.03,500.0,0.2706092116871116,0.0025444763256269303,0.028709623847878434,636723,3764,1788,19155,1976,20943,0.47502656748140276,0.08537458816788426,0.032891854071550736,1007155.0,15817.78889721276
3,P0,52,0.03,1000.0,0.2706092116871116,0.0025444763256269303,0.028709623847878434,636723,3764,1788,19155,1976,20943,0.47502656748140276,0.08537458816788426,0.032891854071550736,1995155.0,31334.74053866438
3,P0,52,0.05,10.0,0.2706092116871116,0.051930809971300076,0.00022241729042360114,636723,3764,703,17,3061,720,0.18676939426142403,0.9763888888888889,0.0011307899981624662,30627.0,481.0097954683591
3,P0,52,0.05,50.0,0.2706092116871116,0.003705427484761341,0.004632210768555533,636723,3764,1076,2464,2688,3540,0.2858660998937301,0.303954802259887,0.005559717490965459,136864.0,2149.506143173719
3,P0,52,0.05,100.0,0.2706092116871116,0.003705427484761341,0.004632210768555533,636723,3764,1076,2464,2688,3540,0.2858660998937301,0.303954802259887,0.005559717490965459,271264.0,4260.314139743657
3,P0,52,0.05,500.0,0.2706092116871116,0.002345987333925314,0.0498511286936098,636723,3764,2208,32573,1556,34781,0.5866099893730075,0.06348293608579397,0.05462500961956769,810573.0,12730.386683063121
3,P0,52,0.05,1000.0,0.2706092116871116,0.002345987333925314,0.0498511286936098,636723,3764,2208,32573,1556,34781,0.5866099893730075,0.06348293608579397,0.05462500961956769,1588573.0,24949.200829874215
3,P0,52,0.1,10.0,0.2706092116871116,0.051930809971300076,0.00022241729042360114,636723,3764,703,17,3061,720,0.18676939426142403,0.9763888888888889,0.0011307899981624662,30627.0,481.0097954683591
3,P0,52,0.1,50.0,0.2706092116871116,0.003705427484761341,0.004632210768555533,636723,3764,1076,2464,2688,3540,0.2858660998937301,0.303954802259887,0.005559717490965459,136864.0,2149.506143173719
3,P0,52,0.1,100.0,0.2706092116871116,0.003705427484761341,0.004632210768555533,636723,3764,1076,2464,2688,3540,0.2858660998937301,0.303954802259887,0.005559717490965459,271264.0,4260.314139743657
3,P0,52,0.1,500.0,0.2706092116871116,0.001566817818267705,0.09137495403375998,636723,3764,2801,58808,963,61609,0.7441551540913921,0.04546413673326949,0.09675950138443248,540308.0,8485.76225454397
3,P0,52,0.1,1000.0,0.2706092116871116,0.0013413296892089794,0.09858720537122928,636723,3764,2854,62468,910,65322,0.7582359192348566,0.04369125256422032,0.10259092258328975,972468.0,15273.01511018135
3,P0,62,0.01,10.0,0.20385314535122523,0.12008948996395767,0.00014531262974341942,636723,3764,480,11,3284,491,0.1275239107332625,0.9775967413441955,0.0007711359570802374,32851.0,515.9386420782664
3,P0,62,0.01,50.0,0.20385314535122523,0.015701225948007394,0.00032324646208230034,636723,3764,531,105,3233,636,0.14107332624867164,0.8349056603773585,0.0009988644983768451,161755.0,2540.4296687884685
3,P0,62,0.01,100.0,0.20385314535122523,0.015701225948007394,0.00032324646208230034,636723,3764,531,105,3233,636,0.14107332624867164,0.8349056603773585,0.0009988644983768451,323405.0,5079.210268829616
3,P0,62,0.01,500.0,0.20385314535122523,0.004278716240634821,0.00858234184647869,636723,3764,873,6096,2891,6969,0.23193411264612115,0.12526904864399482,0.010945104857214205,1451596.0,22797.919974620047
3,P0,62,0.01,1000.0,0.20385314535122523,0.004278716240634821,0.00858234184647869,636723,3764,873,6096,2891,6969,0.23193411264612115,0.12526904864399482,0.010945104857214205,2897096.0,45500.09972939567
3,P0,62,0.03,10.0,0.20385314535122523,0.12008948996395767,0.00014531262974341942,636723,3764,480,11,3284,491,0.1275239107332625,0.9775967413441955,0.0007711359570802374,32851.0,515.9386420782664
3,P0,62,0.03,50.0,0.20385314535122523,0.015701225948007394,0.00032324646208230034,636723,3764,531,105,3233,636,0.14107332624867164,0.8349056603773585,0.0009988644983768451,161755.0,2540.4296687884685
3,P0,62,0.03,100.0,0.20385314535122523,0.0042446311794328085,0.012396056986275371,636723,3764,1177,8167,2587,9344,0.31269925611052074,0.12596318493150685,0.01467514130948623,266867.0,4191.25742277254
3,P0,62,0.03,500.0,0.20385314535122523,0.003414798314465358,0.029762399022550148,636723,3764,1630,19501,2134,21131,0.43304994686503717,0.07713785433722967,0.03318711590440427,1086501.0,17063.95088602108
3,P0,62,0.03,1000.0,0.20385314535122523,0.003414798314465358,0.029762399022550148,636723,3764,1630,19501,2134,21131,0.43304994686503717,0.07713785433722967,0.03318711590440427,2153501.0,33821.63044212318
3,P0,62,0.05,10.0,0.20385314535122523,0.12008948996395767,0.00014531262974341942,636723,3764,480,11,3284,491,0.1275239107332625,0.9775967413441955,0.0007711359570802374,32851.0,515.9386420782664
3,P0,62,0.05,50.0,0.20385314535122523,0.015701225948007394,0.00032324646208230034,636723,3764,531,105,3233,636,0.14107332624867164,0.8349056603773585,0.0009988644983768451,161755.0,2540.4296687884685
3,P0,62,0.05,100.0,0.20385314535122523,0.0042446311794328085,0.012396056986275371,636723,3764,1177,8167,2587,9344,0.31269925611052074,0.12596318493150685,0.01467514130948623,266867.0,4191.25742277254
3,P0,62,0.05,500.0,0.20385314535122523,0.0031104829271132763,0.04353447764557953,636723,3764,1894,28508,1870,30402,0.5031880977683315,0.06229853299125058,0.04774760767241014,963508.0,15132.294577076687
3,P0,62,0.05,1000.0,0.20385314535122523,0.003106685674112739,0.04645852362368181,636723,3764,1935,30505,1829,32440,0.5140807651434643,0.05964858199753391,0.050948371583875565,1859505.0,29204.300771293012
3,P0,62,0.1,10.0,0.20385314535122523,0.12008948996395767,0.00014531262974341942,636723,3764,480,11,3284,491,0.1275239107332625,0.9775967413441955,0.0007711359570802374,32851.0,515.9386420782664
3,P0,62,0.1,50.0,0.20385314535122523,0.015701225948007394,0.00032324646208230034,636723,3764,531,105,3233,636,0.14107332624867164,0.8349056603773585,0.0009988644983768451,161755.0,2540.4296687884685
3,P0,62,0.1,100.0,0.20385314535122523,0.0042446311794328085,0.012396056986275371,636723,3764,1177,8167,2587,9344,0.31269925611052074,0.12596318493150685,0.01467514130948623,266867.0,4191.25742277254
3,P0,62,0.1,500.0,0.20385314535122523,0.0018731054411991208,0.09271538890404621,636723,3764,2597,59423,1167,62020,0.6899574920297555,0.041873589164785556,0.09740499400838355,642923.0,10097.373583175102
3,P0,62,0.1,1000.0,0.20385314535122523,0.0018731054411991208,0.09271538890404621,636723,3764,2597,59423,1167,62020,0.6899574920297555,0.041873589164785556,0.09740499400838355,1226423.0,19261.48419328342
3,P0,72,0.01,10.0,0.27010991465123163,0.033216190263535735,0.00021945172655128646,636723,3764,700,17,3064,717,0.18597236981934112,0.9762900976290098,0.0011260783731701226,30657.0,481.48095796759344
3,P0,72,0.01,50.0,0.27010991465123163,0.004240023588985691,0.0049524916667655185,636723,3764,1089,2610,2675,3699,0.28931987247608926,0.2944038929440389,0.00580943361555967,136360.0,2141.590613186582
3,P0,72,0.01,100.0,0.27010991465123163,0.004019850243414142,0.005154150010082917,636723,3764,1097,2757,2667,3854,0.2914452709883103,0.2846393357550597,0.006052867573497423,269457.0,4231.934451873107
3,P0,72,0.01,500.0,0.27010991465123163,0.003417010754751659,0.006903832694748579,636723,3764,1159,4079,2605,5238,0.30791710945802336,0.2212676594119893,0.008226497236631942,1306579.0,20520.36756957107
3,P0,72,0.01,1000.0,0.27010991465123163,0.003417010754751659,0.006903832694748579,636723,3764,1159,4079,2605,5238,0.30791710945802336,0.2212676594119893,0.008226497236631942,2609079.0,40976.67274466291
3,P0,72,0.03,10.0,0.27010991465123163,0.033216190263535735,0.00021945172655128646,636723,3764,700,17,3064,717,0.18597236981934112,0.9762900976290098,0.0011260783731701226,30657.0,481.48095796759344
3,P0,72,0.03,50.0,0.27010991465123163,0.004240023588985691,0.0049524916667655185,636723,3764,1089,2610,2675,3699,0.28931987247608926,0.2944038929440389,0.00580943361555967,136360.0,2141.590613186582
3,P0,72,0.03,100.0,0.27010991465123163,0.004019850243414142,0.005154150010082917,636723,3764,1097,2757,2667,3854,0.2914452709883103,0.2846393357550597,0.006052867573497423,269457.0,4231.934451873107
3,P0,72,0.03,500.0,0.27010991465123163,0.00269719743917347,0.026959941163212774,636723,3764,1701,17866,2063,19567,0.45191285866099895,0.08693207952164358,0.030730788741729135,1049366.0,16480.730239052147
3,P0,72,0.03,1000.0,0.27010991465123163,0.0025887080910196444,0.029800951352890237,636723,3764,1757,19936,2007,21693,0.4667906482465462,0.08099386898999678,0.03406976031963664,2026936.0,31833.874384936622
3,P0,72,0.05,10.0,0.27010991465123163,0.033216190263535735,0.00021945172655128646,636723,3764,700,17,3064,717,0.18597236981934112,0.9762900976290098,0.0011260783731701226,30657.0,481.48095796759344
3,P0,72,0.05,50.0,0.27010991465123163,0.004240023588985691,0.0049524916667655185,636723,3764,1089,2610,2675,3699,0.28931987247608926,0.2944038929440389,0.00580943361555967,136360.0,2141.590613186582
3,P0,72,0.05,100.0,0.27010991465123163,0.004019850243414142,0.005154150010082917,636723,3764,1097,2757,2667,3854,0.2914452709883103,0.2846393357550597,0.006052867573497423,269457.0,4231.934451873107
3,P0,72,0.05,500.0,0.27010991465123163,0.0023638028002589467,0.04908897877842493,636723,3764,2155,32352,1609,34507,0.572529224229543,0.062451096878894136,0.05419468120360031,836852.0,13143.10932697578
3,P0,72,0.05,1000.0,0.27010991465123163,0.0023638028002589467,0.04908897877842493,636723,3764,2155,32352,1609,34507,0.572529224229543,0.062451096878894136,0.05419468120360031,1641352.0,25778.117014777228
3,P0,72,0.1,10.0,0.27010991465123163,0.033216190263535735,0.00021945172655128646,636723,3764,700,17,3064,717,0.18597236981934112,0.9762900976290098,0.0011260783731701226,30657.0,481.48095796759344
3,P0,72,0.1,50.0,0.27010991465123163,0.004240023588985691,0.0049524916667655185,636723,3764,1089,2610,2675,3699,0.28931987247608926,0.2944038929440389,0.00580943361555967,136360.0,2141.590613186582
3,P0,72,0.1,100.0,0.27010991465123163,0.004019850243414142,0.005154150010082917,636723,3764,1097,2757,2667,3854,0.2914452709883103,0.2846393357550597,0.006052867573497423,269457.0,4231.934451873107
3,P0,72,0.1,500.0,0.27010991465123163,0.001609254378012153,0.09260269747689825,636723,3764,2788,59208,976,61996,0.740701381509033,0.04497064326730757,0.0973673010084448,547208.0,8594.129629367873
3,P0,72,0.1,1000.0,0.27010991465123163,0.0013705493531269348,0.09794960913868163,636723,3764,2839,61991,925,64830,0.7542507970244421,0.04379145457349992,0.1018182160845454,986991.0,15501.104876060705
3,P0,82,0.01,10.0,0.26502904802836824,0.18733617793100962,0.00020462390718971305,636723,3764,687,12,3077,699,0.18251859723698194,0.9828326180257511,0.001097808623216061,30782.0,483.4441350477366
3,P0,82,0.01,50.0,0.26502904802836824,0.010101206280847349,0.0003944199950178527,636723,3764,742,113,3022,855,0.1971307120085016,0.8678362573099415,0.0013428131228179288,151213.0,2374.863166557514
3,P0,82,0.01,100.0,0.26502904802836824,0.010101206280847349,0.0003944199950178527,636723,3764,742,113,3022,855,0.1971307120085016,0.8678362573099415,0.0013428131228179288,302313.0,4747.951621034578
3,P0,82,0.01,500.0,0.26502904802836824,0.003375165775145804,0.007983297944271123,636723,3764,1033,5686,2731,6719,0.27444208289054195,0.1537431165351987,0.01055246944118557,1371186.0,21535.047422505548
3,P0,82,0.01,1000.0,0.26502904802836824,0.003375165775145804,0.007983297944271123,636723,3764,1033,5686,2731,6719,0.27444208289054195,0.1537431165351987,0.01055246944118557,2736686.0,42980.793845989545
3,P0,82,0.03,10.0,0.26502904802836824,0.18733617793100962,0.00020462390718971305,636723,3764,687,12,3077,699,0.18251859723698194,0.9828326180257511,0.001097808623216061,30782.0,483.4441350477366
3,P0,82,0.03,50.0,0.26502904802836824,0.010101206280847349,0.0003944199950178527,636723,3764,742,113,3022,855,0.1971307120085016,0.8678362573099415,0.0013428131228179288,151213.0,2374.863166557514
3,P0,82,0.03,100.0,0.26502904802836824,0.003269794332543706,0.012298193378488986,636723,3764,1360,8068,2404,9428,0.361317747077577,0.14425116673737803,0.01480706680927185,248468.0,3902.2934619921066
3,P0,82,0.03,500.0,0.26502904802836824,0.0027237844358736925,0.029018042490599163,636723,3764,1816,19074,1948,20890,0.4824654622741764,0.08693154619435137,0.03280861536335267,993074.0,15596.640925488791
3,P0,82,0.03,1000.0,0.26502904802836824,0.0027237844358736925,0.029018042490599163,636723,3764,1816,19074,1948,20890,0.4824654622741764,0.08693154619435137,0.03280861536335267,1967074.0,30893.71673396438
3,P0,82,0.05,10.0,0.26502904802836824,0.18733617793100962,0.00020462390718971305,636723,3764,687,12,3077,699,0.18251859723698194,0.9828326180257511,0.001097808623216061,30782.0,483.4441350477366
3,P0,82,0.05,50.0,0.26502904802836824,0.010101206280847349,0.0003944199950178527,636723,3764,742,113,3022,855,0.1971307120085016,0.8678362573099415,0.0013428131228179288,151213.0,2374.863166557514
3,P0,82,0.05,100.0,0.26502904802836824,0.003269794332543706,0.012298193378488986,636723,3764,1360,8068,2404,9428,0.361317747077577,0.14425116673737803,0.01480706680927185,248468.0,3902.2934619921066
3,P0,82,0.05,500.0,0.26502904802836824,0.002556868466408671,0.042294871946951994,636723,3764,2078,27563,1686,29641,0.5520722635494155,0.07010559697716001,0.046552425466018975,870563.0,13672.554627365433
3,P0,82,0.05,1000.0,0.26502904802836824,0.002556868466408671,0.042294871946951994,636723,3764,2078,27563,1686,29641,0.5520722635494155,0.07010559697716001,0.046552425466018975,1713563.0,26912.220855850974
3,P0,82,0.1,10.0,0.26502904802836824,0.18733617793100962,0.00020462390718971305,636723,3764,687,12,3077,699,0.18251859723698194,0.9828326180257511,0.001097808623216061,30782.0,483.4441350477366
3,P0,82,0.1,50.0,0.26502904802836824,0.010101206280847349,0.0003944199950178527,636723,3764,742,113,3022,855,0.1971307120085016,0.8678362573099415,0.0013428131228179288,151213.0,2374.863166557514
3,P0,82,0.1,100.0,0.26502904802836824,0.003269794332543706,0.012298193378488986,636723,3764,1360,8068,2404,9428,0.361317747077577,0.14425116673737803,0.01480706680927185,248468.0,3902.2934619921066
3,P0,82,0.1,500.0,0.26502904802836824,0.001485706939424797,0.09300008303578843,636723,3764,2807,59549,957,62356,0.7457492029755579,0.04501571621014818,0.09793269600752603,538049.0,8450.283718351622
3,P0,82,0.1,1000.0,0.26502904802836824,0.001485706939424797,0.09300008303578843,636723,3764,2807,59549,957,62356,0.7457492029755579,0.04501571621014818,0.09793269600752603,1016549.0,15965.32558113968
3,PT,42,0.03,100.0,0.0960233591601537,0.0024282292286146273,0.006580586232666279,636723,3764,1695,11318,2069,13013,0.45031880977683314,0.13025436102359178,0.020437458675122464,218218.0,3427.2046085974594
3,PT,52,0.03,100.0,0.08603956518121111,0.0022479072901566257,0.006684380968197293,636723,3764,1674,11328,2090,13002,0.4447396386822529,0.12874942316566682,0.020420182716817205,220328.0,3460.343037710276
3,PT,62,0.03,100.0,0.08584405861067988,0.0023439374788759232,0.006749623373388216,636723,3764,1594,11387,2170,12981,0.42348565356004253,0.12279485401741005,0.020387201341870796,228387.0,3586.9129904212664
3,PT,72,0.03,100.0,0.05998828226057259,0.0023807602271201664,0.016114874082157983,636723,3764,1487,16644,2277,18131,0.39505844845908605,0.08201422977221334,0.028475490912060662,244344.0,3837.524323764023
3,PT,82,0.03,100.0,0.08492474247727962,0.0015542590131231793,0.007327908328489579,636723,3764,1783,12057,1981,13840,0.4736981934112646,0.12882947976878611,0.021736296631345183,210157.0,3300.6032450531866
3,PH,42,0.03,100.0,0.4090880910470286,0.005924713906987486,0.010320162275655093,636723,3764,2641,7976,1123,10617,0.7016471838469713,0.24875200150701704,0.016674440847904034,120276.0,1888.9846919303998
3,PH,52,0.03,100.0,0.37643995817418474,0.003082673488944325,0.011636872634962811,636723,3764,2729,9227,1035,11956,0.7250265674814028,0.22825359652057545,0.0187773961361534,112727.0,1770.4245017063936
3,PH,62,0.03,100.0,0.3542223456342772,0.0016200651238949119,0.011595354740750406,636723,3764,2574,7027,1190,9601,0.6838469713071201,0.2680970732215394,0.015078770517163664,126027.0,1979.306543033627
3,PH,72,0.03,100.0,0.2650811971904731,0.002162104770362692,0.011177210234754036,636723,3764,2104,6835,1660,8939,0.5589798087141339,0.23537308423761047,0.01403907193551984,172835.0,2714.445685172359
3,PH,82,0.03,100.0,0.35368639989056044,0.0026967684513193283,0.011132726776669316,636723,3764,2599,7016,1165,9615,0.6904888416578109,0.2703068122724909,0.015100758100461268,123516.0,1939.8702418477108
3,PTH,42,0.03,100.0,0.23641207984851534,0.0012205799825257381,0.014368156961364634,636723,3764,2939,16064,825,19003,0.7808182784272051,0.15465979055938536,0.029845003243168536,98564.0,1547.9886858178518
3,PTH,52,0.03,100.0,0.08686254199467777,0.0011390175501841359,0.013211587051161908,636723,3764,2528,24704,1236,27232,0.6716259298618491,0.09283196239717979,0.04276899059716706,148304.0,2329.176109548422
3,PTH,62,0.03,100.0,0.1461087953666735,0.0012179207533716252,0.014285121172939824,636723,3764,2548,12780,1216,15328,0.6769394261424017,0.16623173277661796,0.024073262627547616,134380.0,2110.493888237114
3,PTH,72,0.03,100.0,0.16159046288814688,0.007498449720393758,0.007491014341466887,636723,3764,2707,13027,1057,15734,0.7191817215727949,0.1720477945849752,0.024710902543178117,118727.0,1864.6570015532657
3,PTH,82,0.03,100.0,0.2495044231797706,0.0029922834669632295,0.0078053641119322425,636723,3764,2565,9100,1199,11665,0.6814558979808714,0.2198885555079297,0.018320368511896067,129000.0,2025.998746707752
3,PTHW,42,0.01,10.0,0.27243015241581964,0.0037272870145871537,0.0012989169760738307,636723,3764,1628,3479,2136,5107,0.43251859723698194,0.31877814764049345,0.008020756278632938,24839.0,390.1068439494097
3,PTHW,42,0.01,50.0,0.27243015241581964,0.001992379642322551,0.007520669980190033,636723,3764,2540,8139,1224,10679,0.6748140276301806,0.237849985953741,0.016771814431079134,69339.0,1088.9978844803784
3,PTHW,42,0.01,100.0,0.27243015241581964,0.001992379642322551,0.007520669980190033,636723,3764,2540,8139,1224,10679,0.6748140276301806,0.237849985953741,0.016771814431079134,130539.0,2050.1693829184746
3,PTHW,42,0.01,500.0,0.27243015241581964,0.0017593939394087098,0.009999881377445107,636723,3764,2759,10028,1005,12787,0.7329968119022316,0.21576601235629936,0.02008251625903258,512528.0,8049.465780252952
3,PTHW,42,0.01,1000.0,0.27243015241581964,0.0017593939394087098,0.009999881377445107,636723,3764,2759,10028,1005,12787,0.7329968119022316,0.21576601235629936,0.02008251625903258,1015028.0,15941.437642428496
3,PTHW,42,0.03,10.0,0.27243015241581964,0.0037272870145871537,0.0012989169760738307,636723,3764,1628,3479,2136,5107,0.43251859723698194,0.31877814764049345,0.008020756278632938,24839.0,390.1068439494097
3,PTHW,42,0.03,50.0,0.27243015241581964,0.001992379642322551,0.007520669980190033,636723,3764,2540,8139,1224,10679,0.6748140276301806,0.237849985953741,0.016771814431079134,69339.0,1088.9978844803784
3,PTHW,42,0.03,100.0,0.27243015241581964,0.001992379642322551,0.007520669980190033,636723,3764,2540,8139,1224,10679,0.6748140276301806,0.237849985953741,0.016771814431079134,130539.0,2050.1693829184746
3,PTHW,42,0.03,500.0,0.27243015241581964,0.0011114786809270374,0.012917996227802755,636723,3764,2958,15400,806,18358,0.78586609989373,0.16112866325307768,0.02883200386981466,418400.0,6571.1463226552205
3,PTHW,42,0.03,1000.0,0.27243015241581964,0.0008678114986470304,0.023419057899669044,636723,3764,3043,22553,721,25596,0.8084484590860787,0.11888576340053134,0.040199584434675674,743553.0,11677.809659773558
3,PTHW,42,0.05,10.0,0.27243015241581964,0.0037272870145871537,0.0012989169760738307,636723,3764,1628,3479,2136,5107,0.43251859723698194,0.31877814764049345,0.008020756278632938,24839.0,390.1068439494097
3,PTHW,42,0.05,50.0,0.27243015241581964,0.001992379642322551,0.007520669980190033,636723,3764,2540,8139,1224,10679,0.6748140276301806,0.237849985953741,0.016771814431079134,69339.0,1088.9978844803784
3,PTHW,42,0.05,100.0,0.27243015241581964,0.001992379642322551,0.007520669980190033,636723,3764,2540,8139,1224,10679,0.6748140276301806,0.237849985953741,0.016771814431079134,130539.0,2050.1693829184746
3,PTHW,42,0.05,500.0,0.27243015241581964,0.0011114786809270374,0.012917996227802755,636723,3764,2958,15400,806,18358,0.78586609989373,0.16112866325307768,0.02883200386981466,418400.0,6571.1463226552205
3,PTHW,42,0.05,1000.0,0.27243015241581964,0.0008678114986470304,0.023419057899669044,636723,3764,3043,22553,721,25596,0.8084484590860787,0.11888576340053134,0.040199584434675674,743553.0,11677.809659773558
3,PTHW,42,0.1,10.0,0.27243015241581964,0.0037272870145871537,0.0012989169760738307,636723,3764,1628,3479,2136,5107,0.43251859723698194,0.31877814764049345,0.008020756278632938,24839.0,390.1068439494097
3,PTHW,42,0.1,50.0,0.27243015241581964,0.001992379642322551,0.007520669980190033,636723,3764,2540,8139,1224,10679,0.6748140276301806,0.237849985953741,0.016771814431079134,69339.0,1088.9978844803784
3,PTHW,42,0.1,100.0,0.27243015241581964,0.001992379642322551,0.007520669980190033,636723,3764,2540,8139,1224,10679,0.6748140276301806,0.237849985953741,0.016771814431079134,130539.0,2050.1693829184746
3,PTHW,42,0.1,500.0,0.27243015241581964,0.0011114786809270374,0.012917996227802755,636723,3764,2958,15400,806,18358,0.78586609989373,0.16112866325307768,0.02883200386981466,418400.0,6571.1463226552205
3,PTHW,42,0.1,1000.0,0.27243015241581964,0.0008678114986470304,0.023419057899669044,636723,3764,3043,22553,721,25596,0.8084484590860787,0.11888576340053134,0.040199584434675674,743553.0,11677.809659773558
3,PTHW,52,0.01,10.0,0.13895298279624096,0.0062388458158082055,0.0008511168313543137,636723,3764,1463,5968,2301,7431,0.388682252922423,0.19687794374915893,0.01167069510603512,28978.0,455.11156342711035
3,PTHW,52,0.01,50.0,0.13895298279624096,0.0024040573010181646,0.004024270174731023,636723,3764,2031,8301,1733,10332,0.5395855472901169,0.19657375145180023,0.01622683647363139,94951.0,1491.2450154933936
3,PTHW,52,0.01,100.0,0.13895298279624096,0.00221007734575862,0.007185561262618474,636723,3764,2305,10427,1459,12732,0.6123804463336876,0.18103989946591267,0.019996136467506278,156327.0,2455.1806672603316
3,PTHW,52,0.01,500.0,0.13895298279624096,0.0020772636032227133,0.0097359461928091,636723,3764,2488,11953,1276,14441,0.6609989373007439,0.17228723772591925,0.02268019217147802,649953.0,10207.782662162354
3,PTHW,52,0.01,1000.0,0.13895298279624096,0.0020772636032227133,0.0097359461928091,636723,3764,2488,11953,1276,14441,0.6609989373007439,0.17228723772591925,0.02268019217147802,1287953.0,20227.838479213096
3,PTHW,52,0.03,10.0,0.13895298279624096,0.0062388458158082055,0.0008511168313543137,636723,3764,1463,5968,2301,7431,0.388682252922423,0.19687794374915893,0.01167069510603512,28978.0,455.11156342711035
3,PTHW,52,0.03,50.0,0.13895298279624096,0.0024040573010181646,0.004024270174731023,636723,3764,2031,8301,1733,10332,0.5395855472901169,0.19657375145180023,0.01622683647363139,94951.0,1491.2450154933936
3,PTHW,52,0.03,100.0,0.13895298279624096,0.00221007734575862,0.007185561262618474,636723,3764,2305,10427,1459,12732,0.6123804463336876,0.18103989946591267,0.019996136467506278,156327.0,2455.1806672603316
3,PTHW,52,0.03,500.0,0.13895298279624096,0.0013016260045502941,0.010904378358501086,636723,3764,2588,12731,1176,15319,0.6875664187035069,0.16894053136627718,0.024059127752570585,600731.0,9434.730644251897
3,PTHW,52,0.03,1000.0,0.13895298279624096,0.0007444203823035341,0.012482058338572495,636723,3764,2606,13607,1158,16213,0.6923485653560042,0.1607352124838093,0.02546319200028898,1171607.0,18400.576074682398
3,PTHW,52,0.05,10.0,0.13895298279624096,0.0062388458158082055,0.0008511168313543137,636723,3764,1463,5968,2301,7431,0.388682252922423,0.19687794374915893,0.01167069510603512,28978.0,455.11156342711035
3,PTHW,52,0.05,50.0,0.13895298279624096,0.0024040573010181646,0.004024270174731023,636723,3764,2031,8301,1733,10332,0.5395855472901169,0.19657375145180023,0.01622683647363139,94951.0,1491.2450154933936
3,PTHW,52,0.05,100.0,0.13895298279624096,0.00221007734575862,0.007185561262618474,636723,3764,2305,10427,1459,12732,0.6123804463336876,0.18103989946591267,0.019996136467506278,156327.0,2455.1806672603316
3,PTHW,52,0.05,500.0,0.13895298279624096,0.0013016260045502941,0.010904378358501086,636723,3764,2588,12731,1176,15319,0.6875664187035069,0.16894053136627718,0.024059127752570585,600731.0,9434.730644251897
3,PTHW,52,0.05,1000.0,0.13895298279624096,0.0007444203823035341,0.012482058338572495,636723,3764,2606,13607,1158,16213,0.6923485653560042,0.1607352124838093,0.02546319200028898,1171607.0,18400.576074682398
3,PTHW,52,0.1,10.0,0.13895298279624096,0.0062388458158082055,0.0008511168313543137,636723,3764,1463,5968,2301,7431,0.388682252922423,0.19687794374915893,0.01167069510603512,28978.0,455.11156342711035
3,PTHW,52,0.1,50.0,0.13895298279624096,0.0024040573010181646,0.004024270174731023,636723,3764,2031,8301,1733,10332,0.5395855472901169,0.19657375145180023,0.01622683647363139,94951.0,1491.2450154933936
3,PTHW,52,0.1,100.0,0.13895298279624096,0.00221007734575862,0.007185561262618474,636723,3764,2305,10427,1459,12732,0.6123804463336876,0.18103989946591267,0.019996136467506278,156327.0,2455.1806672603316
3,PTHW,52,0.1,500.0,0.13895298279624096,0.0013016260045502941,0.010904378358501086,636723,3764,2588,12731,1176,15319,0.6875664187035069,0.16894053136627718,0.024059127752570585,600731.0,9434.730644251897
3,PTHW,52,0.1,1000.0,0.13895298279624096,0.0007444203823035341,0.012482058338572495,636723,3764,2606,13607,1158,16213,0.6923485653560042,0.1607352124838093,0.02546319200028898,1171607.0,18400.576074682398
3,PTHW,62,0.01,10.0,0.10489020218684182,0.03810462582509685,0.000456696836336461,636723,3764,1421,9102,2343,10523,0.37752391073326247,0.13503753682409958,0.016526809931477267,32532.0,510.928614169741
3,PTHW,62,0.01,50.0,0.10489020218684182,0.003760110047177835,0.00540918850310198,636723,3764,2206,16450,1558,18656,0.5860786397449522,0.11824614065180103,0.02930002528572079,94350.0,1481.806060092065
3,PTHW,62,0.01,100.0,0.10489020218684182,0.0034323682882141542,0.009018279735708947,636723,3764,2494,18644,1270,21138,0.6625929861849097,0.11798656448102943,0.03319810969605307,145644.0,2287.3997012829755
3,PTHW,62,0.01,500.0,0.10489020218684182,0.003232211545362922,0.009581736871448737,636723,3764,2560,19318,1204,21878,0.6801275239107333,0.11701252399670903,0.03436031052749783,621318.0,9758.058056643156
3,PTHW,62,0.01,1000.0,0.10489020218684182,0.003232211545362922,0.009581736871448737,636723,3764,2560,19318,1204,21878,0.6801275239107333,0.11701252399670903,0.03436031052749783,1223318.0,19212.718874612667
3,PTHW,62,0.03,10.0,0.10489020218684182,0.03810462582509685,0.000456696836336461,636723,3764,1421,9102,2343,10523,0.37752391073326247,0.13503753682409958,0.016526809931477267,32532.0,510.928614169741
3,PTHW,62,0.03,50.0,0.10489020218684182,0.003760110047177835,0.00540918850310198,636723,3764,2206,16450,1558,18656,0.5860786397449522,0.11824614065180103,0.02930002528572079,94350.0,1481.806060092065
3,PTHW,62,0.03,100.0,0.10489020218684182,0.0034323682882141542,0.009018279735708947,636723,3764,2494,18644,1270,21138,0.6625929861849097,0.11798656448102943,0.03319810969605307,145644.0,2287.3997012829755
3,PTHW,62,0.03,500.0,0.10489020218684182,0.0021473960787245557,0.012241847664915007,636723,3764,2736,20646,1028,23382,0.7268862911795961,0.1170130869899923,0.036722405190326095,534646.0,8396.838185521805
3,PTHW,62,0.03,1000.0,0.10489020218684182,0.000986548645797605,0.02726242867818887,636723,3764,2824,30584,940,33408,0.7502656748140276,0.08453065134099617,0.052468655914738434,970584.0,15243.426105229433
3,PTHW,62,0.05,10.0,0.10489020218684182,0.03810462582509685,0.000456696836336461,636723,3764,1421,9102,2343,10523,0.37752391073326247,0.13503753682409958,0.016526809931477267,32532.0,510.928614169741
3,PTHW,62,0.05,50.0,0.10489020218684182,0.003760110047177835,0.00540918850310198,636723,3764,2206,16450,1558,18656,0.5860786397449522,0.11824614065180103,0.02930002528572079,94350.0,1481.806060092065
3,PTHW,62,0.05,100.0,0.10489020218684182,0.0034323682882141542,0.009018279735708947,636723,3764,2494,18644,1270,21138,0.6625929861849097,0.11798656448102943,0.03319810969605307,145644.0,2287.3997012829755
3,PTHW,62,0.05,500.0,0.10489020218684182,0.0021473960787245557,0.012241847664915007,636723,3764,2736,20646,1028,23382,0.7268862911795961,0.1170130869899923,0.036722405190326095,534646.0,8396.838185521805
3,PTHW,62,0.05,1000.0,0.10489020218684182,0.000986548645797605,0.02726242867818887,636723,3764,2824,30584,940,33408,0.7502656748140276,0.08453065134099617,0.052468655914738434,970584.0,15243.426105229433
3,PTHW,62,0.1,10.0,0.10489020218684182,0.03810462582509685,0.000456696836336461,636723,3764,1421,9102,2343,10523,0.37752391073326247,0.13503753682409958,0.016526809931477267,32532.0,510.928614169741
3,PTHW,62,0.1,50.0,0.10489020218684182,0.003760110047177835,0.00540918850310198,636723,3764,2206,16450,1558,18656,0.5860786397449522,0.11824614065180103,0.02930002528572079,94350.0,1481.806060092065
3,PTHW,62,0.1,100.0,0.10489020218684182,0.0034323682882141542,0.009018279735708947,636723,3764,2494,18644,1270,21138,0.6625929861849097,0.11798656448102943,0.03319810969605307,145644.0,2287.3997012829755
3,PTHW,62,0.1,500.0,0.10489020218684182,0.0021473960787245557,0.012241847664915007,636723,3764,2736,20646,1028,23382,0.7268862911795961,0.1170130869899923,0.036722405190326095,534646.0,8396.838185521805
3,PTHW,62,0.1,1000.0,0.10489020218684182,0.000986548645797605,0.02726242867818887,636723,3764,2824,30584,940,33408,0.7502656748140276,0.08453065134099617,0.052468655914738434,970584.0,15243.426105229433
3,PTHW,72,0.01,10.0,0.19668703041163088,0.051396678159741305,0.0006227684131860832,636723,3764,1553,5129,2211,6682,0.4125929861849097,0.2324154444777013,0.010494359399613332,27239.0,427.7998438881586
3,PTHW,72,0.01,50.0,0.19668703041163088,0.007089644906058482,0.003674333637797891,636723,3764,2242,7699,1522,9941,0.5956429330499469,0.2255306307212554,0.015612754682962606,83799.0,1316.0982091113403
3,PTHW,72,0.01,100.0,0.19668703041163088,0.003850215457663686,0.009988019121955849,636723,3764,2793,11927,971,14720,0.7420297555791711,0.18974184782608697,0.023118373295765975,109027.0,1712.3144601341558
3,PTHW,72,0.01,500.0,0.19668703041163088,0.003850215457663686,0.009988019121955849,636723,3764,2793,11927,971,14720,0.7420297555791711,0.18974184782608697,0.023118373295765975,497427.0,7812.298283555016
3,PTHW,72,0.01,1000.0,0.19668703041163088,0.003850215457663686,0.009988019121955849,636723,3764,2793,11927,971,14720,0.7420297555791711,0.18974184782608697,0.023118373295765975,982927.0,15437.27806283109
3,PTHW,72,0.03,10.0,0.19668703041163088,0.051396678159741305,0.0006227684131860832,636723,3764,1553,5129,2211,6682,0.4125929861849097,0.2324154444777013,0.010494359399613332,27239.0,427.7998438881586
3,PTHW,72,0.03,50.0,0.19668703041163088,0.007089644906058482,0.003674333637797891,636723,3764,2242,7699,1522,9941,0.5956429330499469,0.2255306307212554,0.015612754682962606,83799.0,1316.0982091113403
3,PTHW,72,0.03,100.0,0.19668703041163088,0.0021983027952467856,0.011467835494240875,636723,3764,2916,12997,848,15913,0.7747077577045696,0.18324640231257464,0.02499202950105462,97797.0,1535.9426312540932
3,PTHW,72,0.03,500.0,0.19668703041163088,0.0014584358788317891,0.015337896347611535,636723,3764,2961,16216,803,19177,0.786663124335813,0.1544037127809355,0.030118277492724464,417716.0,6560.403817672677
3,PTHW,72,0.03,1000.0,0.19668703041163088,0.0010193652995077209,0.02579150899752079,636723,3764,3015,22060,749,25075,0.8010095642933049,0.12023928215353938,0.039381332227672004,771060.0,12109.818555321544
3,PTHW,72,0.05,10.0,0.19668703041163088,0.051396678159741305,0.0006227684131860832,636723,3764,1553,5129,2211,6682,0.4125929861849097,0.2324154444777013,0.010494359399613332,27239.0,427.7998438881586
3,PTHW,72,0.05,50.0,0.19668703041163088,0.007089644906058482,0.003674333637797891,636723,3764,2242,7699,1522,9941,0.5956429330499469,0.2255306307212554,0.015612754682962606,83799.0,1316.0982091113403
3,PTHW,72,0.05,100.0,0.19668703041163088,0.0021983027952467856,0.011467835494240875,636723,3764,2916,12997,848,15913,0.7747077577045696,0.18324640231257464,0.02499202950105462,97797.0,1535.9426312540932
3,PTHW,72,0.05,500.0,0.19668703041163088,0.0014584358788317891,0.015337896347611535,636723,3764,2961,16216,803,19177,0.786663124335813,0.1544037127809355,0.030118277492724464,417716.0,6560.403817672677
3,PTHW,72,0.05,1000.0,0.19668703041163088,0.0009400319442383997,0.03536138361348027,636723,3764,3042,28171,722,31213,0.808182784272051,0.09745939192003332,0.049021316962007025,750171.0,11781.748107104659
3,PTHW,72,0.1,10.0,0.19668703041163088,0.051396678159741305,0.0006227684131860832,636723,3764,1553,5129,2211,6682,0.4125929861849097,0.2324154444777013,0.010494359399613332,27239.0,427.7998438881586
3,PTHW,72,0.1,50.0,0.19668703041163088,0.007089644906058482,0.003674333637797891,636723,3764,2242,7699,1522,9941,0.5956429330499469,0.2255306307212554,0.015612754682962606,83799.0,1316.0982091113403
3,PTHW,72,0.1,100.0,0.19668703041163088,0.0021983027952467856,0.011467835494240875,636723,3764,2916,12997,848,15913,0.7747077577045696,0.18324640231257464,0.02499202950105462,97797.0,1535.9426312540932
3,PTHW,72,0.1,500.0,0.19668703041163088,0.0014584358788317891,0.015337896347611535,636723,3764,2961,16216,803,19177,0.786663124335813,0.1544037127809355,0.030118277492724464,417716.0,6560.403817672677
3,PTHW,72,0.1,1000.0,0.19668703041163088,0.0009400319442383997,0.03536138361348027,636723,3764,3042,28171,722,31213,0.808182784272051,0.09745939192003332,0.049021316962007025,750171.0,11781.748107104659
3,PTHW,82,0.01,10.0,0.1905609157331449,0.18726302457182276,0.0004270411976133142,636723,3764,1342,3433,2422,4775,0.3565356004250797,0.28104712041884816,0.007499336446146912,27653.0,434.3018863775928
3,PTHW,82,0.01,50.0,0.1905609157331449,0.0036254431627722864,0.003831508523030569,636723,3764,2035,10560,1729,12595,0.5406482465462275,0.1615720524017467,0.01978097225952259,97010.0,1523.5824683575117
3,PTHW,82,0.01,100.0,0.1905609157331449,0.0024106048120924625,0.009712221681830583,636723,3764,2725,14978,1039,17703,0.7239638682252922,0.15392871264757385,0.02780329907981964,118878.0,1867.0285194660787
3,PTHW,82,0.01,500.0,0.1905609157331449,0.0024106048120924625,0.009712221681830583,636723,3764,2725,14978,1039,17703,0.7239638682252922,0.15392871264757385,0.02780329907981964,534478.0,8394.199675526092
3,PTHW,82,0.01,1000.0,0.1905609157331449,0.0024106048120924625,0.009712221681830583,636723,3764,2725,14978,1039,17703,0.7239638682252922,0.15392871264757385,0.02780329907981964,1053978.0,16553.16362060111
3,PTHW,82,0.03,10.0,0.1905609157331449,0.18726302457182276,0.0004270411976133142,636723,3764,1342,3433,2422,4775,0.3565356004250797,0.28104712041884816,0.007499336446146912,27653.0,434.3018863775928
3,PTHW,82,0.03,50.0,0.1905609157331449,0.0036254431627722864,0.003831508523030569,636723,3764,2035,10560,1729,12595,0.5406482465462275,0.1615720524017467,0.01978097225952259,97010.0,1523.5824683575117
3,PTHW,82,0.03,100.0,0.1905609157331449,0.0021132249990760557,0.012562128563124993,636723,3764,2919,16071,845,18990,0.7755047821466525,0.1537124802527646,0.029824586201535046,100571.0,1579.5094570166304
3,PTHW,82,0.03,500.0,0.1905609157331449,0.001084243109769935,0.017713313009335596,636723,3764,3013,18347,751,21360,0.8004782146652497,0.14105805243445693,0.0335467699454865,393847.0,6185.531227865178
3,PTHW,82,0.03,1000.0,0.1905609157331449,0.0009669881022105918,0.02364444075396496,636723,3764,3068,22717,696,25785,0.8150903294367694,0.11898390537133993,0.040496416809193324,718717.0,11287.749932074074
3,PTHW,82,0.05,10.0,0.1905609157331449,0.18726302457182276,0.0004270411976133142,636723,3764,1342,3433,2422,4775,0.3565356004250797,0.28104712041884816,0.007499336446146912,27653.0,434.3018863775928
3,PTHW,82,0.05,50.0,0.1905609157331449,0.0036254431627722864,0.003831508523030569,636723,3764,2035,10560,1729,12595,0.5406482465462275,0.1615720524017467,0.01978097225952259,97010.0,1523.5824683575117
3,PTHW,82,0.05,100.0,0.1905609157331449,0.0021132249990760557,0.012562128563124993,636723,3764,2919,16071,845,18990,0.7755047821466525,0.1537124802527646,0.029824586201535046,100571.0,1579.5094570166304
3,PTHW,82,0.05,500.0,0.1905609157331449,0.001084243109769935,0.017713313009335596,636723,3764,3013,18347,751,21360,0.8004782146652497,0.14105805243445693,0.0335467699454865,393847.0,6185.531227865178
3,PTHW,82,0.05,1000.0,0.1905609157331449,0.0009669881022105918,0.02364444075396496,636723,3764,3068,22717,696,25785,0.8150903294367694,0.11898390537133993,0.040496416809193324,718717.0,11287.749932074074
3,PTHW,82,0.1,10.0,0.1905609157331449,0.18726302457182276,0.0004270411976133142,636723,3764,1342,3433,2422,4775,0.3565356004250797,0.28104712041884816,0.007499336446146912,27653.0,434.3018863775928
3,PTHW,82,0.1,50.0,0.1905609157331449,0.0036254431627722864,0.003831508523030569,636723,3764,2035,10560,1729,12595,0.5406482465462275,0.1615720524017467,0.01978097225952259,97010.0,1523.5824683575117
3,PTHW,82,0.1,100.0,0.1905609157331449,0.0021132249990760557,0.012562128563124993,636723,3764,2919,16071,845,18990,0.7755047821466525,0.1537124802527646,0.029824586201535046,100571.0,1579.5094570166304
3,PTHW,82,0.1,500.0,0.1905609157331449,0.001084243109769935,0.017713313009335596,636723,3764,3013,18347,751,21360,0.8004782146652497,0.14105805243445693,0.0335467699454865,393847.0,6185.531227865178
3,PTHW,82,0.1,1000.0,0.1905609157331449,0.0009669881022105918,0.02364444075396496,636723,3764,3068,22717,696,25785,0.8150903294367694,0.11898390537133993,0.040496416809193324,718717.0,11287.749932074074
1,PTHW5,42,0.03,100.0,0.16903820950389634,0.0018320100797239965,0.009993865271695936,642661,498,343,6038,155,6381,0.6887550200803213,0.053753330199028365,0.009929029457209944,21538.0,335.1378098250866
1,PTHW5,52,0.03,100.0,0.11155311241429147,0.0018049553946014988,0.01372305479249206,642661,498,311,7974,187,8285,0.6244979919678715,0.037537718768859384,0.012891711182100671,26674.0,415.0555269418869
1,PTHW5,62,0.03,100.0,0.17997150053226763,0.0011532504362514154,0.011105973653910663,642661,498,354,7449,144,7803,0.7108433734939759,0.04536716647443291,0.012141704568971822,21849.0,339.9770641131172
1,PTHW5,72,0.03,100.0,0.11414139535466665,0.0014241722249668817,0.013626349715777735,642661,498,316,8509,182,8825,0.6345381526104418,0.035807365439093485,0.013731967553655815,26709.0,415.60013755308006
1,PTHW5,82,0.03,100.0,0.12979910576025078,0.0013458550808839128,0.010595249967513138,642661,498,292,6890,206,7182,0.5863453815261044,0.04065719855193539,0.011175409741683406,27490.0,427.7527343342758
2,PTHW5,42,0.03,100.0,0.18851785466654306,0.004050965401861818,0.013014921392178316,605510,312,208,6413,104,6621,0.6666666666666666,0.031415194079444195,0.010934584069627256,16813.0,277.6667602516887
2,PTHW5,52,0.03,100.0,0.02532656002465172,0.0018322486045152509,0.013575648093983856,605510,312,183,7432,129,7615,0.5865384615384616,0.02403151674326986,0.012576175455401233,20332.0,335.78305890901885
2,PTHW5,62,0.03,100.0,0.02265652438884989,0.001276518070541677,0.014809246837956045,605510,312,192,7906,120,8098,0.6153846153846154,0.0237095579155347,0.013373850142854783,19906.0,328.7476672557018
2,PTHW5,72,0.03,100.0,0.02769431278058849,0.0021002868778027465,0.018222102331107604,605510,312,210,9877,102,10087,0.6730769230769231,0.020818875780707843,0.016658684414790837,20077.0,331.57173291935726
2,PTHW5,82,0.03,100.0,0.04694443516808585,0.0015700133503932622,0.015297230616284109,605510,312,216,8036,96,8252,0.6923076923076923,0.02617547261269995,0.013628181202622583,17636.0,291.258608445773
3,PTHW5,42,0.03,100.0,0.09311488635556092,0.002837326874444466,0.009655875968256605,636723,3764,2693,17558,1071,20251,0.7154622741764081,0.13298108735371092,0.03180503923998348,124658.0,1957.8058276518989
3,PTHW5,52,0.03,100.0,0.21623456069697256,0.0028999329482141726,0.007808329675804557,636723,3764,2187,8040,1577,10227,0.5810308182784272,0.21384570255206806,0.016061929598899363,165740.0,2603.0157541034328
3,PTHW5,62,0.03,100.0,0.1732863874467814,0.0015333267007222823,0.012381229166913798,636723,3764,2757,15126,1007,17883,0.7324654622741764,0.15416876363026338,0.028085996579360256,115826.0,1819.095587877303
3,PTHW5,72,0.03,100.0,0.2641733690127537,0.007560841175155223,0.008416270269629067,636723,3764,2807,9292,957,12099,0.7457492029755579,0.23200264484668154,0.019001983594121776,104992.0,1648.943103987134
3,PTHW5,82,0.03,100.0,0.10619734916965398,0.0033186806417161694,0.0077163971957628025,636723,3764,2133,14056,1631,16189,0.5666843783209352,0.13175613070603495,0.02542549900035023,177156.0,2782.308790478748
