public_path,source_path,source_sha256,public_sha256,transformation
experiments/banksim/HISTORICAL_FULL_BUNDLE_GUIDE.md,experiment/outputs/paper_convergence_revision_20260927/run_01/package/banksim/README_BankSim_rebuild.md,447f7599e07851abbbb9a2375933af6af8976f081fa840fb8e6697b186db5871,447f7599e07851abbbb9a2375933af6af8976f081fa840fb8e6697b186db5871,none
experiments/banksim/audit/original_environment.json,experiment/outputs/paper_convergence_revision_20260927/run_01/package/banksim/audit/original_environment.json,90e20c8c2009ab34228b49e03da26393656bab15085c52a66daf470e849489a9,90e20c8c2009ab34228b49e03da26393656bab15085c52a66daf470e849489a9,none
experiments/banksim/code/inputs/expected_structure.json,experiment/outputs/paper_convergence_revision_20260927/run_01/package/banksim/code/inputs/expected_structure.json,cbef8e67198d73193d3be4e0272a7e09c9862fe2145ac78ad1161753ea7f91ad,cbef8e67198d73193d3be4e0272a7e09c9862fe2145ac78ad1161753ea7f91ad,none
experiments/banksim/code/protocol/draft_source.json,experiment/outputs/paper_convergence_revision_20260927/run_01/package/banksim/code/protocol/draft_source.json,ab77c9f3ad6374b58f0e576d395c723e5bc0890260ab83bb5c3c95277e66b1ea,ab77c9f3ad6374b58f0e576d395c723e5bc0890260ab83bb5c3c95277e66b1ea,none
experiments/banksim/code/pyproject.toml,experiment/outputs/paper_convergence_revision_20260927/run_01/package/banksim/code/pyproject.toml,c5ad4f5071fb0d78a13c1d78cf819edc7e29fbb6494ac7604e67b43ffa3d7cb6,c5ad4f5071fb0d78a13c1d78cf819edc7e29fbb6494ac7604e67b43ffa3d7cb6,none
experiments/banksim/code/reproduction/install_report.json,experiment/outputs/paper_convergence_revision_20260927/run_01/package/banksim/code/reproduction/install_report.json,b0f701d47dcb4256e7b6bdf475732c6d60b7ee3d6ec589cf9d6957b4f98ced15,b0f701d47dcb4256e7b6bdf475732c6d60b7ee3d6ec589cf9d6957b4f98ced15,none
experiments/banksim/code/reproduction/requirements-lock.txt,experiment/outputs/paper_convergence_revision_20260927/run_01/package/banksim/code/reproduction/requirements-lock.txt,c5de1396023b28534af4bd3e46fbd7a7f1b114029cbf4cc9ef04633d56032843,c5de1396023b28534af4bd3e46fbd7a7f1b114029cbf4cc9ef04633d56032843,none
experiments/banksim/code/run.py,experiment/outputs/paper_convergence_revision_20260927/run_01/package/banksim/code/run.py,88584b8a75f96868da946939204080fd69f1e5f8e1d06847c57c3f7525faf40a,88584b8a75f96868da946939204080fd69f1e5f8e1d06847c57c3f7525faf40a,none
experiments/banksim/code/src/banksim/__init__.py,experiment/outputs/paper_convergence_revision_20260927/run_01/package/banksim/code/src/banksim/__init__.py,71a3db31762dc4b28353384975e63c85d372663aa28cbb6f738f097bdd620bad,71a3db31762dc4b28353384975e63c85d372663aa28cbb6f738f097bdd620bad,none
experiments/banksim/code/src/banksim/common.py,experiment/outputs/paper_convergence_revision_20260927/run_01/package/banksim/code/src/banksim/common.py,37e77b2657b4e1b9a7f1312a09bec977a9ec11bce4de97907fd5ab582d9cd878,37e77b2657b4e1b9a7f1312a09bec977a9ec11bce4de97907fd5ab582d9cd878,none
experiments/banksim/code/src/banksim/data.py,experiment/outputs/paper_convergence_revision_20260927/run_01/package/banksim/code/src/banksim/data.py,f9681e0c18601cb8b89e5fdbc502db554710ce154bf45973dde979c0d058cda6,f9681e0c18601cb8b89e5fdbc502db554710ce154bf45973dde979c0d058cda6,none
experiments/banksim/code/src/banksim/guards.py,experiment/outputs/paper_convergence_revision_20260927/run_01/package/banksim/code/src/banksim/guards.py,57ccdee954cd3bb4218b067a080788fbda97ad5ca11c408a393de3af77c6cfe2,57ccdee954cd3bb4218b067a080788fbda97ad5ca11c408a393de3af77c6cfe2,none
experiments/banksim/code/src/banksim/metrics.py,experiment/outputs/paper_convergence_revision_20260927/run_01/package/banksim/code/src/banksim/metrics.py,07dce7585bae0d6578ff4d72fd3b873738283c7c4542b1564d83548fceab76e3,07dce7585bae0d6578ff4d72fd3b873738283c7c4542b1564d83548fceab76e3,none
experiments/banksim/code/src/banksim/models.py,experiment/outputs/paper_convergence_revision_20260927/run_01/package/banksim/code/src/banksim/models.py,4fa1e7348e10a6928271687be4854f71b9d43a82292951cb76e42b9dba6d869f,4fa1e7348e10a6928271687be4854f71b9d43a82292951cb76e42b9dba6d869f,none
experiments/banksim/code/src/banksim/preprocess.py,experiment/outputs/paper_convergence_revision_20260927/run_01/package/banksim/code/src/banksim/preprocess.py,7d02f863f56b5fde558e4a9a115c02b5285a6164b77df7d012aa4d74341cbde3,7d02f863f56b5fde558e4a9a115c02b5285a6164b77df7d012aa4d74341cbde3,none
experiments/banksim/code/src/banksim/workflow.py,experiment/outputs/paper_convergence_revision_20260927/run_01/package/banksim/code/src/banksim/workflow.py,22463a1eed30bf732d09904a73d1942201c7d1f689971e18cc585e0e2694f779,22463a1eed30bf732d09904a73d1942201c7d1f689971e18cc585e0e2694f779,none
experiments/banksim/code/tests/conftest.py,experiment/outputs/paper_convergence_revision_20260927/run_01/package/banksim/code/tests/conftest.py,25ede4b68f5a831c9f85d621415c301c2898a3a96e3a43fae4d2f60ec8de73c3,25ede4b68f5a831c9f85d621415c301c2898a3a96e3a43fae4d2f60ec8de73c3,none
experiments/banksim/code/tests/test_artificial_lifecycle.py,experiment/outputs/paper_convergence_revision_20260927/run_01/package/banksim/code/tests/test_artificial_lifecycle.py,1ed7901bd35c840205899ad0f3f241abc968c3dcc5a4ad8f825a9840525e9e3b,1ed7901bd35c840205899ad0f3f241abc968c3dcc5a4ad8f825a9840525e9e3b,none
experiments/banksim/code/tests/test_guards_models.py,experiment/outputs/paper_convergence_revision_20260927/run_01/package/banksim/code/tests/test_guards_models.py,583245ccfd1247b9074819adbed0c609fba268c1914adf570106e35b12fdba99,583245ccfd1247b9074819adbed0c609fba268c1914adf570106e35b12fdba99,none
experiments/banksim/code/tests/test_history_preprocess.py,experiment/outputs/paper_convergence_revision_20260927/run_01/package/banksim/code/tests/test_history_preprocess.py,6d09f75ed837dca1911cc927655d8648a8e47f015da1e12fcbbdc84e1973e462,6d09f75ed837dca1911cc927655d8648a8e47f015da1e12fcbbdc84e1973e462,none
experiments/banksim/code/tests/test_metrics.py,experiment/outputs/paper_convergence_revision_20260927/run_01/package/banksim/code/tests/test_metrics.py,acfc370138af70ff9668e83e1778cde6a837da08edd2c1af43553febd66c70e7,acfc370138af70ff9668e83e1778cde6a837da08edd2c1af43553febd66c70e7,none
experiments/banksim/code/verify.py,experiment/outputs/paper_convergence_revision_20260927/run_01/package/banksim/code/verify.py,e7d5e378f58375915b5fd78a7bb96e3dff06ce838e14332696869e8c2654658d,e7d5e378f58375915b5fd78a7bb96e3dff06ce838e14332696869e8c2654658d,none
experiments/banksim/reference_protocol/EVALUATION_COMPLETE.json,experiment/outputs/paper_convergence_revision_20260927/run_01/package/banksim/reference_protocol/EVALUATION_COMPLETE.json,ed0f1887ebd17f4cfc99b6b6f3376c1fd3b2d298c6b74627bf59ae5f37969987,ed0f1887ebd17f4cfc99b6b6f3376c1fd3b2d298c6b74627bf59ae5f37969987,none
experiments/banksim/reference_protocol/FORMAL_SCHEDULE.json,experiment/outputs/paper_convergence_revision_20260927/run_01/package/banksim/reference_protocol/FORMAL_SCHEDULE.json,49ebdf90fa20090eb4ea87da20a9038de0e2d79a00cae21b84fcac5d55166159,49ebdf90fa20090eb4ea87da20a9038de0e2d79a00cae21b84fcac5d55166159,none
experiments/banksim/reference_protocol/FREEZE.json,experiment/outputs/paper_convergence_revision_20260927/run_01/package/banksim/reference_protocol/FREEZE.json,58917a520eee2d50f167c0a0be1e8e805a8db420c03d7375fca625a2d908c1f6,58917a520eee2d50f167c0a0be1e8e805a8db420c03d7375fca625a2d908c1f6,none
experiments/banksim/reference_protocol/MODEL_CATALOG.json,experiment/outputs/paper_convergence_revision_20260927/run_01/package/banksim/reference_protocol/MODEL_CATALOG.json,f24ccc877a5c9b81a62c13377d1fe0cf88e89c9fffdfc0626b46d1195b2a249f,f24ccc877a5c9b81a62c13377d1fe0cf88e89c9fffdfc0626b46d1195b2a249f,none
experiments/banksim/reference_protocol/SELECTION.json,experiment/outputs/paper_convergence_revision_20260927/run_01/package/banksim/reference_protocol/SELECTION.json,44c8e56206ed5f43ef9bac5ff3dc0a17603ff0a713f6c8b384407173770eeab8,44c8e56206ed5f43ef9bac5ff3dc0a17603ff0a713f6c8b384407173770eeab8,none
experiments/banksim/reference_protocol/TEST_RELEASE.json,experiment/outputs/paper_convergence_revision_20260927/run_01/package/banksim/reference_protocol/TEST_RELEASE.json,bc90565005034dcea75318a38a9142d24e231b492ea74a80015e69893d6e97d8,bc90565005034dcea75318a38a9142d24e231b492ea74a80015e69893d6e97d8,none
experiments/banksim/reference_protocol/TRAINING_COMPLETE.json,experiment/outputs/paper_convergence_revision_20260927/run_01/package/banksim/reference_protocol/TRAINING_COMPLETE.json,e5fa1c3cab197741fa97c773704594bfc48825db5af8161f54b9829ce83ebd07,e5fa1c3cab197741fa97c773704594bfc48825db5af8161f54b9829ce83ebd07,none
experiments/banksim/reference_protocol/draft_source.json,experiment/outputs/paper_convergence_revision_20260927/run_01/package/banksim/reference_protocol/draft_source.json,ab77c9f3ad6374b58f0e576d395c723e5bc0890260ab83bb5c3c95277e66b1ea,ab77c9f3ad6374b58f0e576d395c723e5bc0890260ab83bb5c3c95277e66b1ea,none
experiments/banksim/reference_protocol/effective.json,experiment/outputs/paper_convergence_revision_20260927/run_01/package/banksim/reference_protocol/effective.json,978baf18384bc270897d9faf75b02756a1c35b5a17e5c2e2b1bd5c4a73bcabfb,978baf18384bc270897d9faf75b02756a1c35b5a17e5c2e2b1bd5c4a73bcabfb,none
experiments/banksim/results/absolute_all_conditions.csv,experiment/outputs/paper_convergence_revision_20260927/run_01/package/banksim/results/absolute_all_conditions.csv,101b8a1e595347279b24c61c5617b5a436751b3d16e8a0a927347659505b1a12,101b8a1e595347279b24c61c5617b5a436751b3d16e8a0a927347659505b1a12,none
experiments/banksim/results/bootstrap/analysis_receipt.json,experiment/outputs/paper_convergence_revision_20260927/run_01/package/banksim/results/bootstrap/analysis_receipt.json,db34d4fc6c2ba128e8e64750cb95025a20c92388432954709740e518b9465961,db34d4fc6c2ba128e8e64750cb95025a20c92388432954709740e518b9465961,none
experiments/banksim/results/bootstrap/estimand_names.json,experiment/outputs/paper_convergence_revision_20260927/run_01/package/banksim/results/bootstrap/estimand_names.json,58611f8f1e36a53bfa4587f998e6fce6499c5fe436d4e32c1aa1a499fe52a37f,58611f8f1e36a53bfa4587f998e6fce6499c5fe436d4e32c1aa1a499fe52a37f,none
experiments/banksim/results/bootstrap/intervals.json,experiment/outputs/paper_convergence_revision_20260927/run_01/package/banksim/results/bootstrap/intervals.json,71ad733910f46e6d22d2efc81d522b7632e7869a4c5b4e53d943f848219ff5bf,71ad733910f46e6d22d2efc81d522b7632e7869a4c5b4e53d943f848219ff5bf,none
experiments/banksim/results/bootstrap/point_estimates.json,experiment/outputs/paper_convergence_revision_20260927/run_01/package/banksim/results/bootstrap/point_estimates.json,6a1b9d77adfcbd8d27424003605e7448f143574063828d5e7d0cbb91bcb3c9dc,6a1b9d77adfcbd8d27424003605e7448f143574063828d5e7d0cbb91bcb3c9dc,none
experiments/banksim/results/bootstrap/progress.json,experiment/outputs/paper_convergence_revision_20260927/run_01/package/banksim/results/bootstrap/progress.json,38cb180a82eab8f423aed6b2ed7541dbd8eeb1de47b2afd6e4b64b2e9d697f3c,38cb180a82eab8f423aed6b2ed7541dbd8eeb1de47b2afd6e4b64b2e9d697f3c,none
experiments/banksim/results/intervals_all.csv,experiment/outputs/paper_convergence_revision_20260927/run_01/package/banksim/results/intervals_all.csv,631c0f029e60e3976b93d660d05bdd3be974a4405004ab7dc57b72c15f608b14,631c0f029e60e3976b93d660d05bdd3be974a4405004ab7dc57b72c15f608b14,none
experiments/banksim/results/per_seed_effects.csv,experiment/outputs/paper_convergence_revision_20260927/run_01/package/banksim/results/per_seed_effects.csv,90bf5d9d69d7f268ee934b11665a1145fb9474197f73653f3f5e476037d31b5c,90bf5d9d69d7f268ee934b11665a1145fb9474197f73653f3f5e476037d31b5c,none
experiments/banksim/results/point_estimates.csv,experiment/outputs/paper_convergence_revision_20260927/run_01/package/banksim/results/point_estimates.csv,fbb34624a25c576706cbbcdae663ac900de7b9e2c401d5b3e1b87b24727838ed,fbb34624a25c576706cbbcdae663ac900de7b9e2c401d5b3e1b87b24727838ed,none
experiments/banksim/results/primary_family.csv,experiment/outputs/paper_convergence_revision_20260927/run_01/package/banksim/results/primary_family.csv,5a6dee0101673d522e21b94a8a5c035ae5024977644be26f31211195d006ed45,5a6dee0101673d522e21b94a8a5c035ae5024977644be26f31211195d006ed45,none
experiments/banksim/results/test_metrics.json,experiment/outputs/paper_convergence_revision_20260927/run_01/package/banksim/results/test_metrics.json,95d4fc412810dc4ae54848fa2b7c235484c5a11da12e843d48fac1666de52c6d,95d4fc412810dc4ae54848fa2b7c235484c5a11da12e843d48fac1666de52c6d,none
experiments/banksim/results/ties_and_ceilings.csv,experiment/outputs/paper_convergence_revision_20260927/run_01/package/banksim/results/ties_and_ceilings.csv,55f3afd98425682cb6f1e9b3fb35d3990869091fce71176f0ee8915fb465a1a6,55f3afd98425682cb6f1e9b3fb35d3990869091fce71176f0ee8915fb465a1a6,none
experiments/cross_model/HISTORICAL_FULL_BUNDLE_GUIDE.md,experiment/outputs/cross_model_v1/run_20260924_01/paper/online_resource_2/c1/INPUT_ACCESS_AND_REBUILD_C.md,4050b3c55236dcd05e88f5645ba635ace31fa90c321b205cf57a9a20b989674d,4050b3c55236dcd05e88f5645ba635ace31fa90c321b205cf57a9a20b989674d,none
experiments/cross_model/assessment/EXECUTION_COUNTS.json,experiment/outputs/cross_model_v1/run_20260924_01/paper/online_resource_2/c1/assessment/EXECUTION_COUNTS.json,b46e503887d70de68a1450064de4f42820546c183de9dc89eabdce599a52099b,b46e503887d70de68a1450064de4f42820546c183de9dc89eabdce599a52099b,none
experiments/cross_model/assessment/all_27_condition_outcomes.csv,experiment/outputs/cross_model_v1/run_20260924_01/paper/online_resource_2/c1/assessment/all_27_condition_outcomes.csv,71dbde1bc610c0f4df3b6108e3baf05b71018c9f30681a3554c691dbd1b485a3,71dbde1bc610c0f4df3b6108e3baf05b71018c9f30681a3554c691dbd1b485a3,none
experiments/cross_model/assessment/primary_stage_core_effects.csv,experiment/outputs/cross_model_v1/run_20260924_01/paper/online_resource_2/c1/assessment/primary_stage_core_effects.csv,0606c9adca04e5b5a240de61c94e325ae2139c103895239f62a08b08aaa0084a,0606c9adca04e5b5a240de61c94e325ae2139c103895239f62a08b08aaa0084a,none
experiments/cross_model/audit/FAILURE_REPORTING_FIX_REGRESSION.json,experiment/outputs/cross_model_v1/run_20260924_01/paper/online_resource_2/c1/audit/FAILURE_REPORTING_FIX_REGRESSION.json,00842e9106fe70b63ba77261ead4dbabef49f3901207fe92555aa73a45b439b7,00842e9106fe70b63ba77261ead4dbabef49f3901207fe92555aa73a45b439b7,none
experiments/cross_model/audit/REFERENCE_VECTOR_MANIFEST.json,experiment/outputs/cross_model_v1/run_20260924_01/paper/online_resource_2/c1/audit/REFERENCE_VECTOR_MANIFEST.json,485548e89db9f073f8cacdf786fbb608bd66d9aa30d0f0e47f1cec7023ac8e4d,485548e89db9f073f8cacdf786fbb608bd66d9aa30d0f0e47f1cec7023ac8e4d,none
experiments/cross_model/audit/ieee_cis_RESULT_AUDIT.json,experiment/outputs/cross_model_v1/run_20260924_01/paper/online_resource_2/c1/audit/ieee_cis_RESULT_AUDIT.json,9ead83f0ca2e2590b2d1f13bd78c6192af996936b30caeb63a0292cf3e44c542,9ead83f0ca2e2590b2d1f13bd78c6192af996936b30caeb63a0292cf3e44c542,none
experiments/cross_model/audit/paysim_RESULT_AUDIT.json,experiment/outputs/cross_model_v1/run_20260924_01/paper/online_resource_2/c1/audit/paysim_RESULT_AUDIT.json,73cef9d3d18ae1f83bb4d8b0086fe7e7fb590f70fd9b888bbce5623548a5ac23,73cef9d3d18ae1f83bb4d8b0086fe7e7fb590f70fd9b888bbce5623548a5ac23,none
experiments/cross_model/engineering_interrupted/initial_serial_ieee_cis_1_M1/STARTED.json,experiment/outputs/cross_model_v1/run_20260924_01/paper/online_resource_2/c1/engineering_interrupted/initial_serial_ieee_cis_1_M1/STARTED.json,9c61cc6e65210613afad304e7f182a955a0f1732ff44e556a307d0317edf550f,9c61cc6e65210613afad304e7f182a955a0f1732ff44e556a307d0317edf550f,none
experiments/cross_model/evidence/ieee_cis/1_M0/COMPLETED.json,experiment/outputs/cross_model_v1/run_20260924_01/paper/online_resource_2/c1/evidence/ieee_cis/1_M0/COMPLETED.json,271890d5ef53686b18bb69fd19de86edac8331bf5c953201c84a33113023abf0,271890d5ef53686b18bb69fd19de86edac8331bf5c953201c84a33113023abf0,none
experiments/cross_model/evidence/ieee_cis/1_M0/alignments.json,experiment/outputs/cross_model_v1/run_20260924_01/paper/online_resource_2/c1/evidence/ieee_cis/1_M0/alignments.json,444a604f07f16dd932e3cfc36f0be2b1feb8292e1ccffeaa256cef21985e885b,444a604f07f16dd932e3cfc36f0be2b1feb8292e1ccffeaa256cef21985e885b,none
experiments/cross_model/evidence/ieee_cis/1_M0/points.json,experiment/outputs/cross_model_v1/run_20260924_01/paper/online_resource_2/c1/evidence/ieee_cis/1_M0/points.json,c56a130310db783cacf34d5d8b61fcdffbb0109b2777e9acb3cb75326f982aa2,c56a130310db783cacf34d5d8b61fcdffbb0109b2777e9acb3cb75326f982aa2,none
experiments/cross_model/evidence/ieee_cis/1_M0/scenarios.json,experiment/outputs/cross_model_v1/run_20260924_01/paper/online_resource_2/c1/evidence/ieee_cis/1_M0/scenarios.json,4f53cda18c2baa0c0354bb5f9a3ecbe5ed12ab4d8e11ba873c2f11161202b945,4f53cda18c2baa0c0354bb5f9a3ecbe5ed12ab4d8e11ba873c2f11161202b945,none
experiments/cross_model/evidence/ieee_cis/1_M1/COMPLETED.json,experiment/outputs/cross_model_v1/run_20260924_01/paper/online_resource_2/c1/evidence/ieee_cis/1_M1/COMPLETED.json,34874f6950a7a4dd54c4925222783f8323347ad598e550d029496ea24584ee30,34874f6950a7a4dd54c4925222783f8323347ad598e550d029496ea24584ee30,none
experiments/cross_model/evidence/ieee_cis/1_M1/alignments.json,experiment/outputs/cross_model_v1/run_20260924_01/paper/online_resource_2/c1/evidence/ieee_cis/1_M1/alignments.json,fd63d4b549d1ece630a384ce49ae59117d2128cb4846ab074f61fdf265b14276,fd63d4b549d1ece630a384ce49ae59117d2128cb4846ab074f61fdf265b14276,none
experiments/cross_model/evidence/ieee_cis/1_M1/points.json,experiment/outputs/cross_model_v1/run_20260924_01/paper/online_resource_2/c1/evidence/ieee_cis/1_M1/points.json,da2ddcc1490b259cf5eb8da945e9148f709d7a6808357745eda836a9dcb2b618,da2ddcc1490b259cf5eb8da945e9148f709d7a6808357745eda836a9dcb2b618,none
experiments/cross_model/evidence/ieee_cis/1_M1/scenarios.json,experiment/outputs/cross_model_v1/run_20260924_01/paper/online_resource_2/c1/evidence/ieee_cis/1_M1/scenarios.json,4f53cda18c2baa0c0354bb5f9a3ecbe5ed12ab4d8e11ba873c2f11161202b945,4f53cda18c2baa0c0354bb5f9a3ecbe5ed12ab4d8e11ba873c2f11161202b945,none
experiments/cross_model/evidence/ieee_cis/1_M2/COMPLETED.json,experiment/outputs/cross_model_v1/run_20260924_01/paper/online_resource_2/c1/evidence/ieee_cis/1_M2/COMPLETED.json,7436c6e9c0ec6ad37c438d23bd87c5b37f51df5074a2c9d7572b09fa947bd176,7436c6e9c0ec6ad37c438d23bd87c5b37f51df5074a2c9d7572b09fa947bd176,none
experiments/cross_model/evidence/ieee_cis/1_M2/alignments.json,experiment/outputs/cross_model_v1/run_20260924_01/paper/online_resource_2/c1/evidence/ieee_cis/1_M2/alignments.json,90f1b22a252629cd5aef292c37180d7b3128ce3a17f8de31f3095ed19f3424e2,90f1b22a252629cd5aef292c37180d7b3128ce3a17f8de31f3095ed19f3424e2,none
experiments/cross_model/evidence/ieee_cis/1_M2/points.json,experiment/outputs/cross_model_v1/run_20260924_01/paper/online_resource_2/c1/evidence/ieee_cis/1_M2/points.json,1217ff5b28d35dcfe0feaf5f352259980b54a1ca79deaa1aa92590063217a897,1217ff5b28d35dcfe0feaf5f352259980b54a1ca79deaa1aa92590063217a897,none
experiments/cross_model/evidence/ieee_cis/1_M2/scenarios.json,experiment/outputs/cross_model_v1/run_20260924_01/paper/online_resource_2/c1/evidence/ieee_cis/1_M2/scenarios.json,4f53cda18c2baa0c0354bb5f9a3ecbe5ed12ab4d8e11ba873c2f11161202b945,4f53cda18c2baa0c0354bb5f9a3ecbe5ed12ab4d8e11ba873c2f11161202b945,none
experiments/cross_model/evidence/ieee_cis/1_M3/COMPLETED.json,experiment/outputs/cross_model_v1/run_20260924_01/paper/online_resource_2/c1/evidence/ieee_cis/1_M3/COMPLETED.json,a9e45f403ea467ab180e2ebeb3b8c8c1815efd048bea6087a20068ddfa64ac85,a9e45f403ea467ab180e2ebeb3b8c8c1815efd048bea6087a20068ddfa64ac85,none
experiments/cross_model/evidence/ieee_cis/1_M3/alignments.json,experiment/outputs/cross_model_v1/run_20260924_01/paper/online_resource_2/c1/evidence/ieee_cis/1_M3/alignments.json,a2d412c92a2aa9f84d59c4246a43ba6b248e82fddc39b60d07c0fdd7bd5f4bcc,a2d412c92a2aa9f84d59c4246a43ba6b248e82fddc39b60d07c0fdd7bd5f4bcc,none
experiments/cross_model/evidence/ieee_cis/1_M3/points.json,experiment/outputs/cross_model_v1/run_20260924_01/paper/online_resource_2/c1/evidence/ieee_cis/1_M3/points.json,440463b8d3d9b8acd71e30a5a44340c801dab96782db2795899c3f8659db134b,440463b8d3d9b8acd71e30a5a44340c801dab96782db2795899c3f8659db134b,none
experiments/cross_model/evidence/ieee_cis/1_M3/scenarios.json,experiment/outputs/cross_model_v1/run_20260924_01/paper/online_resource_2/c1/evidence/ieee_cis/1_M3/scenarios.json,4f53cda18c2baa0c0354bb5f9a3ecbe5ed12ab4d8e11ba873c2f11161202b945,4f53cda18c2baa0c0354bb5f9a3ecbe5ed12ab4d8e11ba873c2f11161202b945,none
experiments/cross_model/evidence/ieee_cis/2_M0/COMPLETED.json,experiment/outputs/cross_model_v1/run_20260924_01/paper/online_resource_2/c1/evidence/ieee_cis/2_M0/COMPLETED.json,bab2cdc2c3a7c16db094a4d6bd9bfe189eb676a7c13b8f68106c7800a171863c,bab2cdc2c3a7c16db094a4d6bd9bfe189eb676a7c13b8f68106c7800a171863c,none
experiments/cross_model/evidence/ieee_cis/2_M0/alignments.json,experiment/outputs/cross_model_v1/run_20260924_01/paper/online_resource_2/c1/evidence/ieee_cis/2_M0/alignments.json,7257b104cc5696ae94ae5b427a44a86e697e046108753059f9e4568dc5b942ff,7257b104cc5696ae94ae5b427a44a86e697e046108753059f9e4568dc5b942ff,none
experiments/cross_model/evidence/ieee_cis/2_M0/points.json,experiment/outputs/cross_model_v1/run_20260924_01/paper/online_resource_2/c1/evidence/ieee_cis/2_M0/points.json,5cd0a4be0ec4dd7ffef8f4552d2367dad5b3790fd81b61aef64553c8885766c3,5cd0a4be0ec4dd7ffef8f4552d2367dad5b3790fd81b61aef64553c8885766c3,none
experiments/cross_model/evidence/ieee_cis/2_M0/scenarios.json,experiment/outputs/cross_model_v1/run_20260924_01/paper/online_resource_2/c1/evidence/ieee_cis/2_M0/scenarios.json,4f53cda18c2baa0c0354bb5f9a3ecbe5ed12ab4d8e11ba873c2f11161202b945,4f53cda18c2baa0c0354bb5f9a3ecbe5ed12ab4d8e11ba873c2f11161202b945,none
experiments/cross_model/evidence/ieee_cis/2_M1/COMPLETED.json,experiment/outputs/cross_model_v1/run_20260924_01/paper/online_resource_2/c1/evidence/ieee_cis/2_M1/COMPLETED.json,844676c26ed5755098c7a198f944ae0a2f5baa65dc0b304783faf1b8a8372e80,844676c26ed5755098c7a198f944ae0a2f5baa65dc0b304783faf1b8a8372e80,none
experiments/cross_model/evidence/ieee_cis/2_M1/alignments.json,experiment/outputs/cross_model_v1/run_20260924_01/paper/online_resource_2/c1/evidence/ieee_cis/2_M1/alignments.json,34778491675b477fcde1b2911ccef3ff180c323106e7a772ad4026427555a28a,34778491675b477fcde1b2911ccef3ff180c323106e7a772ad4026427555a28a,none
experiments/cross_model/evidence/ieee_cis/2_M1/points.json,experiment/outputs/cross_model_v1/run_20260924_01/paper/online_resource_2/c1/evidence/ieee_cis/2_M1/points.json,eff9c523f81b5cb5bf5249aa272c7460f22aba2bc010bdc4118a98caa971783f,eff9c523f81b5cb5bf5249aa272c7460f22aba2bc010bdc4118a98caa971783f,none
experiments/cross_model/evidence/ieee_cis/2_M1/scenarios.json,experiment/outputs/cross_model_v1/run_20260924_01/paper/online_resource_2/c1/evidence/ieee_cis/2_M1/scenarios.json,4f53cda18c2baa0c0354bb5f9a3ecbe5ed12ab4d8e11ba873c2f11161202b945,4f53cda18c2baa0c0354bb5f9a3ecbe5ed12ab4d8e11ba873c2f11161202b945,none
experiments/cross_model/evidence/ieee_cis/2_M2/COMPLETED.json,experiment/outputs/cross_model_v1/run_20260924_01/paper/online_resource_2/c1/evidence/ieee_cis/2_M2/COMPLETED.json,ec2a9f585020731d850365670bde29ab98d64c818229d6338b0ef6098b2806f5,ec2a9f585020731d850365670bde29ab98d64c818229d6338b0ef6098b2806f5,none
experiments/cross_model/evidence/ieee_cis/2_M2/alignments.json,experiment/outputs/cross_model_v1/run_20260924_01/paper/online_resource_2/c1/evidence/ieee_cis/2_M2/alignments.json,aa41e09d729ec0aa8fdd580232ba9629c3c6335764879b194600351abeff4d41,aa41e09d729ec0aa8fdd580232ba9629c3c6335764879b194600351abeff4d41,none
experiments/cross_model/evidence/ieee_cis/2_M2/points.json,experiment/outputs/cross_model_v1/run_20260924_01/paper/online_resource_2/c1/evidence/ieee_cis/2_M2/points.json,695856ace5b708c43de973f831903c80b4686bfa154465f6d431a0432d482185,695856ace5b708c43de973f831903c80b4686bfa154465f6d431a0432d482185,none
experiments/cross_model/evidence/ieee_cis/2_M2/scenarios.json,experiment/outputs/cross_model_v1/run_20260924_01/paper/online_resource_2/c1/evidence/ieee_cis/2_M2/scenarios.json,4f53cda18c2baa0c0354bb5f9a3ecbe5ed12ab4d8e11ba873c2f11161202b945,4f53cda18c2baa0c0354bb5f9a3ecbe5ed12ab4d8e11ba873c2f11161202b945,none
experiments/cross_model/evidence/ieee_cis/2_M3/COMPLETED.json,experiment/outputs/cross_model_v1/run_20260924_01/paper/online_resource_2/c1/evidence/ieee_cis/2_M3/COMPLETED.json,ae94a2a10dc50fb46f32f304f88cc0e1768f08226fedcb7dd101a9a83f9c5982,ae94a2a10dc50fb46f32f304f88cc0e1768f08226fedcb7dd101a9a83f9c5982,none
experiments/cross_model/evidence/ieee_cis/2_M3/alignments.json,experiment/outputs/cross_model_v1/run_20260924_01/paper/online_resource_2/c1/evidence/ieee_cis/2_M3/alignments.json,627c5c6a230f4275cd80304468b2a20b71b1a05e07c39278688cf8be489ff2b9,627c5c6a230f4275cd80304468b2a20b71b1a05e07c39278688cf8be489ff2b9,none
experiments/cross_model/evidence/ieee_cis/2_M3/points.json,experiment/outputs/cross_model_v1/run_20260924_01/paper/online_resource_2/c1/evidence/ieee_cis/2_M3/points.json,51e4d2c3ad36e70df3b9c89926f10ac1a01c003c6d0d5952d9f202931d083fcc,51e4d2c3ad36e70df3b9c89926f10ac1a01c003c6d0d5952d9f202931d083fcc,none
experiments/cross_model/evidence/ieee_cis/2_M3/scenarios.json,experiment/outputs/cross_model_v1/run_20260924_01/paper/online_resource_2/c1/evidence/ieee_cis/2_M3/scenarios.json,4f53cda18c2baa0c0354bb5f9a3ecbe5ed12ab4d8e11ba873c2f11161202b945,4f53cda18c2baa0c0354bb5f9a3ecbe5ed12ab4d8e11ba873c2f11161202b945,none
experiments/cross_model/evidence/ieee_cis/3_M0/COMPLETED.json,experiment/outputs/cross_model_v1/run_20260924_01/paper/online_resource_2/c1/evidence/ieee_cis/3_M0/COMPLETED.json,174497703e884b4918266ab9f120587ccea48bc899a27af4cf8a769b39a17469,174497703e884b4918266ab9f120587ccea48bc899a27af4cf8a769b39a17469,none
experiments/cross_model/evidence/ieee_cis/3_M0/alignments.json,experiment/outputs/cross_model_v1/run_20260924_01/paper/online_resource_2/c1/evidence/ieee_cis/3_M0/alignments.json,663624f3e74e72688f577479135b8aebab6d065fef14941e511b7d8c1999dbee,663624f3e74e72688f577479135b8aebab6d065fef14941e511b7d8c1999dbee,none
experiments/cross_model/evidence/ieee_cis/3_M0/points.json,experiment/outputs/cross_model_v1/run_20260924_01/paper/online_resource_2/c1/evidence/ieee_cis/3_M0/points.json,fdc81ea03d7dd96c56cf3901c55b40cf2c806ee517aa15b5149da76509a95dfa,fdc81ea03d7dd96c56cf3901c55b40cf2c806ee517aa15b5149da76509a95dfa,none
experiments/cross_model/evidence/ieee_cis/3_M0/scenarios.json,experiment/outputs/cross_model_v1/run_20260924_01/paper/online_resource_2/c1/evidence/ieee_cis/3_M0/scenarios.json,4f53cda18c2baa0c0354bb5f9a3ecbe5ed12ab4d8e11ba873c2f11161202b945,4f53cda18c2baa0c0354bb5f9a3ecbe5ed12ab4d8e11ba873c2f11161202b945,none
experiments/cross_model/evidence/ieee_cis/3_M1/COMPLETED.json,experiment/outputs/cross_model_v1/run_20260924_01/paper/online_resource_2/c1/evidence/ieee_cis/3_M1/COMPLETED.json,9337d97773cadbef248c7691b22716e7ad38140558923dc22493b6c7fc59a411,9337d97773cadbef248c7691b22716e7ad38140558923dc22493b6c7fc59a411,none
experiments/cross_model/evidence/ieee_cis/3_M1/alignments.json,experiment/outputs/cross_model_v1/run_20260924_01/paper/online_resource_2/c1/evidence/ieee_cis/3_M1/alignments.json,fa691d19a6a8dc44b7b7b3cf9691612ba62e8b3a6283f5a171f5bc3b80483744,fa691d19a6a8dc44b7b7b3cf9691612ba62e8b3a6283f5a171f5bc3b80483744,none
experiments/cross_model/evidence/ieee_cis/3_M1/points.json,experiment/outputs/cross_model_v1/run_20260924_01/paper/online_resource_2/c1/evidence/ieee_cis/3_M1/points.json,cdc87cfa32d18d4a6dfb864c46ca810b2411ea587011ac4a45b09c05069444d3,cdc87cfa32d18d4a6dfb864c46ca810b2411ea587011ac4a45b09c05069444d3,none
experiments/cross_model/evidence/ieee_cis/3_M1/scenarios.json,experiment/outputs/cross_model_v1/run_20260924_01/paper/online_resource_2/c1/evidence/ieee_cis/3_M1/scenarios.json,4f53cda18c2baa0c0354bb5f9a3ecbe5ed12ab4d8e11ba873c2f11161202b945,4f53cda18c2baa0c0354bb5f9a3ecbe5ed12ab4d8e11ba873c2f11161202b945,none
experiments/cross_model/evidence/ieee_cis/3_M2/COMPLETED.json,experiment/outputs/cross_model_v1/run_20260924_01/paper/online_resource_2/c1/evidence/ieee_cis/3_M2/COMPLETED.json,a45828acf35e7167b3a6f52cc57d4bbbb3d331c8724da357de17cdf06449f284,a45828acf35e7167b3a6f52cc57d4bbbb3d331c8724da357de17cdf06449f284,none
experiments/cross_model/evidence/ieee_cis/3_M2/alignments.json,experiment/outputs/cross_model_v1/run_20260924_01/paper/online_resource_2/c1/evidence/ieee_cis/3_M2/alignments.json,95ee16b75e7bb5898207a831e7a7b527923ca05075a3db2d7cafab1e4460614c,95ee16b75e7bb5898207a831e7a7b527923ca05075a3db2d7cafab1e4460614c,none
experiments/cross_model/evidence/ieee_cis/3_M2/points.json,experiment/outputs/cross_model_v1/run_20260924_01/paper/online_resource_2/c1/evidence/ieee_cis/3_M2/points.json,8205dd3ca49b1e2e8ac146b251ae5cd790019ce6b90a57967fbabee13e6c5df8,8205dd3ca49b1e2e8ac146b251ae5cd790019ce6b90a57967fbabee13e6c5df8,none
experiments/cross_model/evidence/ieee_cis/3_M2/scenarios.json,experiment/outputs/cross_model_v1/run_20260924_01/paper/online_resource_2/c1/evidence/ieee_cis/3_M2/scenarios.json,4f53cda18c2baa0c0354bb5f9a3ecbe5ed12ab4d8e11ba873c2f11161202b945,4f53cda18c2baa0c0354bb5f9a3ecbe5ed12ab4d8e11ba873c2f11161202b945,none
experiments/cross_model/evidence/ieee_cis/3_M3/COMPLETED.json,experiment/outputs/cross_model_v1/run_20260924_01/paper/online_resource_2/c1/evidence/ieee_cis/3_M3/COMPLETED.json,29c5f29976ea8018844af16343bde6169288d1519058d401777ff0c63916b8c0,29c5f29976ea8018844af16343bde6169288d1519058d401777ff0c63916b8c0,none
experiments/cross_model/evidence/ieee_cis/3_M3/alignments.json,experiment/outputs/cross_model_v1/run_20260924_01/paper/online_resource_2/c1/evidence/ieee_cis/3_M3/alignments.json,82c1f999bb58470af2c8db0ba0ec951d2421dc89fd69de9a3ebfd5bfb0a16637,82c1f999bb58470af2c8db0ba0ec951d2421dc89fd69de9a3ebfd5bfb0a16637,none
experiments/cross_model/evidence/ieee_cis/3_M3/points.json,experiment/outputs/cross_model_v1/run_20260924_01/paper/online_resource_2/c1/evidence/ieee_cis/3_M3/points.json,fb9e2a904da83cfe50128c8f584547f036c35639f57b5b0759ceefbe5a8e4b70,fb9e2a904da83cfe50128c8f584547f036c35639f57b5b0759ceefbe5a8e4b70,none
experiments/cross_model/evidence/ieee_cis/3_M3/scenarios.json,experiment/outputs/cross_model_v1/run_20260924_01/paper/online_resource_2/c1/evidence/ieee_cis/3_M3/scenarios.json,4f53cda18c2baa0c0354bb5f9a3ecbe5ed12ab4d8e11ba873c2f11161202b945,4f53cda18c2baa0c0354bb5f9a3ecbe5ed12ab4d8e11ba873c2f11161202b945,none
experiments/cross_model/evidence/ieee_cis/COMPLETED.json,experiment/outputs/cross_model_v1/run_20260924_01/paper/online_resource_2/c1/evidence/ieee_cis/COMPLETED.json,580946c3333ba94461a17a8060b3592403f59ccfd27b31ad79be3b37a728472f,580946c3333ba94461a17a8060b3592403f59ccfd27b31ad79be3b37a728472f,none
experiments/cross_model/evidence/ieee_cis/contrast_coverage.csv,experiment/outputs/cross_model_v1/run_20260924_01/paper/online_resource_2/c1/evidence/ieee_cis/contrast_coverage.csv,1c743db8a6e21ea63548bf4d9461ad19091a6a8ed9481eda59889fcd9e601dd7,1c743db8a6e21ea63548bf4d9461ad19091a6a8ed9481eda59889fcd9e601dd7,none
experiments/cross_model/evidence/ieee_cis/effect_intervals.csv,experiment/outputs/cross_model_v1/run_20260924_01/paper/online_resource_2/c1/evidence/ieee_cis/effect_intervals.csv,efbbd0f20a27c56c9f4ae0c3fb2a37832f816dba2c3408614c2ed18c4864e5d0,efbbd0f20a27c56c9f4ae0c3fb2a37832f816dba2c3408614c2ed18c4864e5d0,none
experiments/cross_model/evidence/ieee_cis/model_points.csv,experiment/outputs/cross_model_v1/run_20260924_01/paper/online_resource_2/c1/evidence/ieee_cis/model_points.csv,b89941c5630b5cd9eaf96f77208e69dd1caaa3429e78a07694cefa3bea7d90bd,b89941c5630b5cd9eaf96f77208e69dd1caaa3429e78a07694cefa3bea7d90bd,none
experiments/cross_model/evidence/ieee_cis/observed_effects.csv,experiment/outputs/cross_model_v1/run_20260924_01/paper/online_resource_2/c1/evidence/ieee_cis/observed_effects.csv,9c19c8ea05b89b25d8f980bad71ef070a3052375d15f86a64c12a125f4f01ca5,9c19c8ea05b89b25d8f980bad71ef070a3052375d15f86a64c12a125f4f01ca5,none
experiments/cross_model/evidence/ieee_cis/paired_input_checks.csv,experiment/outputs/cross_model_v1/run_20260924_01/paper/online_resource_2/c1/evidence/ieee_cis/paired_input_checks.csv,6fb6ce2caeb27889ecf58c481fcfb8c84f73cb2a76e627ec329829972999d65a,6fb6ce2caeb27889ecf58c481fcfb8c84f73cb2a76e627ec329829972999d65a,none
experiments/cross_model/evidence/ieee_cis/threshold_scenarios.csv,experiment/outputs/cross_model_v1/run_20260924_01/paper/online_resource_2/c1/evidence/ieee_cis/threshold_scenarios.csv,c43e2714219131c29fc800e294821c090e844b1988ac0a8272ba6907d15722f5,c43e2714219131c29fc800e294821c090e844b1988ac0a8272ba6907d15722f5,none
experiments/cross_model/evidence/paysim/1_P0/COMPLETED.json,experiment/outputs/cross_model_v1/run_20260924_01/paper/online_resource_2/c1/evidence/paysim/1_P0/COMPLETED.json,7e5fbb426b8d830b2e6fdcc40735dbda201016d8e31566831fde540cc78fffe9,7e5fbb426b8d830b2e6fdcc40735dbda201016d8e31566831fde540cc78fffe9,none
experiments/cross_model/evidence/paysim/1_P0/alignments.json,experiment/outputs/cross_model_v1/run_20260924_01/paper/online_resource_2/c1/evidence/paysim/1_P0/alignments.json,90037ff4d2807759971ef7bde2912fb6b9e3e550e35138ca8be832152d4916eb,90037ff4d2807759971ef7bde2912fb6b9e3e550e35138ca8be832152d4916eb,none
experiments/cross_model/evidence/paysim/1_P0/points.json,experiment/outputs/cross_model_v1/run_20260924_01/paper/online_resource_2/c1/evidence/paysim/1_P0/points.json,7c0570119e3c617b48fa189c62c97eb85dff40c17f449fc8d0ced1ca45370d27,7c0570119e3c617b48fa189c62c97eb85dff40c17f449fc8d0ced1ca45370d27,none
experiments/cross_model/evidence/paysim/1_P0/scenarios.json,experiment/outputs/cross_model_v1/run_20260924_01/paper/online_resource_2/c1/evidence/paysim/1_P0/scenarios.json,04c95d31cbbe0d32f136869b2f7df2cb5f5bd4db9146f797bf21747a14b826fc,04c95d31cbbe0d32f136869b2f7df2cb5f5bd4db9146f797bf21747a14b826fc,none
experiments/cross_model/evidence/paysim/1_PH/COMPLETED.json,experiment/outputs/cross_model_v1/run_20260924_01/paper/online_resource_2/c1/evidence/paysim/1_PH/COMPLETED.json,82370b11a8c9aa36add33e216fcdeaf84946e1e5d9b472a9773755624614a0f6,82370b11a8c9aa36add33e216fcdeaf84946e1e5d9b472a9773755624614a0f6,none
experiments/cross_model/evidence/paysim/1_PH/alignments.json,experiment/outputs/cross_model_v1/run_20260924_01/paper/online_resource_2/c1/evidence/paysim/1_PH/alignments.json,e3cb666ec7ea9c8ab7de30913e9a41a247408174f3d1ba0e778e15e0fd7c2b1f,e3cb666ec7ea9c8ab7de30913e9a41a247408174f3d1ba0e778e15e0fd7c2b1f,none
experiments/cross_model/evidence/paysim/1_PH/points.json,experiment/outputs/cross_model_v1/run_20260924_01/paper/online_resource_2/c1/evidence/paysim/1_PH/points.json,9ce692f4641a1155044e16e0396c80ee1de6a81e88ad50cf57adf3b98f3002ad,9ce692f4641a1155044e16e0396c80ee1de6a81e88ad50cf57adf3b98f3002ad,none
experiments/cross_model/evidence/paysim/1_PH/scenarios.json,experiment/outputs/cross_model_v1/run_20260924_01/paper/online_resource_2/c1/evidence/paysim/1_PH/scenarios.json,3d4d5a42531f58e01f4a629993926473b35c21fff39e29b57f87399f9f26c092,3d4d5a42531f58e01f4a629993926473b35c21fff39e29b57f87399f9f26c092,none
experiments/cross_model/evidence/paysim/1_PT/COMPLETED.json,experiment/outputs/cross_model_v1/run_20260924_01/paper/online_resource_2/c1/evidence/paysim/1_PT/COMPLETED.json,810ed5617d724d82885a79a6578f45656c9f567709bd616cc4a8c757b4e8aa70,810ed5617d724d82885a79a6578f45656c9f567709bd616cc4a8c757b4e8aa70,none
experiments/cross_model/evidence/paysim/1_PT/alignments.json,experiment/outputs/cross_model_v1/run_20260924_01/paper/online_resource_2/c1/evidence/paysim/1_PT/alignments.json,480d39d540509f629730116deb17d7ee75cea541cdeb26735ca2a36d3922ebe8,480d39d540509f629730116deb17d7ee75cea541cdeb26735ca2a36d3922ebe8,none
experiments/cross_model/evidence/paysim/1_PT/points.json,experiment/outputs/cross_model_v1/run_20260924_01/paper/online_resource_2/c1/evidence/paysim/1_PT/points.json,d71d27f0d32fbdac7f587c71326fd78153f29659888850c6069c5c30742dda86,d71d27f0d32fbdac7f587c71326fd78153f29659888850c6069c5c30742dda86,none
experiments/cross_model/evidence/paysim/1_PT/scenarios.json,experiment/outputs/cross_model_v1/run_20260924_01/paper/online_resource_2/c1/evidence/paysim/1_PT/scenarios.json,9864a7c1ca522209063e9c40ee53e59f84dbfd92d5ea639ab3dfbdf203d5f934,9864a7c1ca522209063e9c40ee53e59f84dbfd92d5ea639ab3dfbdf203d5f934,none
experiments/cross_model/evidence/paysim/1_PTH/COMPLETED.json,experiment/outputs/cross_model_v1/run_20260924_01/paper/online_resource_2/c1/evidence/paysim/1_PTH/COMPLETED.json,31b5cc62c51ef9b7dd7b64aa271d258917f1aeec9ccb2d09e3834546cf7c45a2,31b5cc62c51ef9b7dd7b64aa271d258917f1aeec9ccb2d09e3834546cf7c45a2,none
experiments/cross_model/evidence/paysim/1_PTH/alignments.json,experiment/outputs/cross_model_v1/run_20260924_01/paper/online_resource_2/c1/evidence/paysim/1_PTH/alignments.json,6c25b74479a8eb2f1828761bf9ce02a16d2b9a71b0e97b8f50f70f7e172160b0,6c25b74479a8eb2f1828761bf9ce02a16d2b9a71b0e97b8f50f70f7e172160b0,none
experiments/cross_model/evidence/paysim/1_PTH/points.json,experiment/outputs/cross_model_v1/run_20260924_01/paper/online_resource_2/c1/evidence/paysim/1_PTH/points.json,826d1941482366767c2325cf4d86b2cd658ab233f729d75a6d9e67cf715339fe,826d1941482366767c2325cf4d86b2cd658ab233f729d75a6d9e67cf715339fe,none
experiments/cross_model/evidence/paysim/1_PTH/scenarios.json,experiment/outputs/cross_model_v1/run_20260924_01/paper/online_resource_2/c1/evidence/paysim/1_PTH/scenarios.json,5ae099b5ac1fb3d847464783778652d52a8373c5fbdf24c9a5c22e5c9076928b,5ae099b5ac1fb3d847464783778652d52a8373c5fbdf24c9a5c22e5c9076928b,none
experiments/cross_model/evidence/paysim/1_PTHW/COMPLETED.json,experiment/outputs/cross_model_v1/run_20260924_01/paper/online_resource_2/c1/evidence/paysim/1_PTHW/COMPLETED.json,7d222da9f53e60c975df065b619bcb29a9369b19e95095a48a25b88d7a8a5cd4,7d222da9f53e60c975df065b619bcb29a9369b19e95095a48a25b88d7a8a5cd4,none
experiments/cross_model/evidence/paysim/1_PTHW/alignments.json,experiment/outputs/cross_model_v1/run_20260924_01/paper/online_resource_2/c1/evidence/paysim/1_PTHW/alignments.json,a6040abc690484ab936d55c9cd5f2e769496d25b5659576806927052e92bf657,a6040abc690484ab936d55c9cd5f2e769496d25b5659576806927052e92bf657,none
experiments/cross_model/evidence/paysim/1_PTHW/points.json,experiment/outputs/cross_model_v1/run_20260924_01/paper/online_resource_2/c1/evidence/paysim/1_PTHW/points.json,ac88c727881032b5d0782a388cebea92d2e5cdb25da9c56ca0066494bb34871a,ac88c727881032b5d0782a388cebea92d2e5cdb25da9c56ca0066494bb34871a,none
experiments/cross_model/evidence/paysim/1_PTHW/scenarios.json,experiment/outputs/cross_model_v1/run_20260924_01/paper/online_resource_2/c1/evidence/paysim/1_PTHW/scenarios.json,4aba432f05039515728ce03eac27a726bd4ccff02efb5b978df329f36d98561c,4aba432f05039515728ce03eac27a726bd4ccff02efb5b978df329f36d98561c,none
experiments/cross_model/evidence/paysim/2_P0/COMPLETED.json,experiment/outputs/cross_model_v1/run_20260924_01/paper/online_resource_2/c1/evidence/paysim/2_P0/COMPLETED.json,23c4d81c4bed5ad316abcf2e660ab47a9ae3a635b87654c0aaf83ab815b5a9b2,23c4d81c4bed5ad316abcf2e660ab47a9ae3a635b87654c0aaf83ab815b5a9b2,none
experiments/cross_model/evidence/paysim/2_P0/alignments.json,experiment/outputs/cross_model_v1/run_20260924_01/paper/online_resource_2/c1/evidence/paysim/2_P0/alignments.json,41273b6bd1b7e4fdbcfcedbde0f0b592becff91710441fa9088accb928014ac4,41273b6bd1b7e4fdbcfcedbde0f0b592becff91710441fa9088accb928014ac4,none
experiments/cross_model/evidence/paysim/2_P0/points.json,experiment/outputs/cross_model_v1/run_20260924_01/paper/online_resource_2/c1/evidence/paysim/2_P0/points.json,8104b6d75f87f772a1e71c932fcbb6a7557a2cef418350be7a57174f033b41ac,8104b6d75f87f772a1e71c932fcbb6a7557a2cef418350be7a57174f033b41ac,none
experiments/cross_model/evidence/paysim/2_P0/scenarios.json,experiment/outputs/cross_model_v1/run_20260924_01/paper/online_resource_2/c1/evidence/paysim/2_P0/scenarios.json,b9ff542437b318ef8001dd816f9a35b1904b633bb7a19a35b9d2e416caa78e4a,b9ff542437b318ef8001dd816f9a35b1904b633bb7a19a35b9d2e416caa78e4a,none
experiments/cross_model/evidence/paysim/2_PH/COMPLETED.json,experiment/outputs/cross_model_v1/run_20260924_01/paper/online_resource_2/c1/evidence/paysim/2_PH/COMPLETED.json,b46199b7498624da6720dc679b738c19f1bff5d5ab7c0ab525706c9cf72032f9,b46199b7498624da6720dc679b738c19f1bff5d5ab7c0ab525706c9cf72032f9,none
experiments/cross_model/evidence/paysim/2_PH/alignments.json,experiment/outputs/cross_model_v1/run_20260924_01/paper/online_resource_2/c1/evidence/paysim/2_PH/alignments.json,507e48d258fbfc7afb704a79d871da183306a1a3e0788da3ccc73bdba41af2ee,507e48d258fbfc7afb704a79d871da183306a1a3e0788da3ccc73bdba41af2ee,none
experiments/cross_model/evidence/paysim/2_PH/points.json,experiment/outputs/cross_model_v1/run_20260924_01/paper/online_resource_2/c1/evidence/paysim/2_PH/points.json,3ee60013056bb332c43d4eb17126886a921f4d62681801ed48f3371676462ae8,3ee60013056bb332c43d4eb17126886a921f4d62681801ed48f3371676462ae8,none
experiments/cross_model/evidence/paysim/2_PH/scenarios.json,experiment/outputs/cross_model_v1/run_20260924_01/paper/online_resource_2/c1/evidence/paysim/2_PH/scenarios.json,75ed5295bd7e8771e284ed32f4c44767c9b8268010b1bef612fd1a6b667447c3,75ed5295bd7e8771e284ed32f4c44767c9b8268010b1bef612fd1a6b667447c3,none
experiments/cross_model/evidence/paysim/2_PT/COMPLETED.json,experiment/outputs/cross_model_v1/run_20260924_01/paper/online_resource_2/c1/evidence/paysim/2_PT/COMPLETED.json,8e3553e13072193b7f661c06399da2bcfb76b7e5622e461b6f5f49188fb372e4,8e3553e13072193b7f661c06399da2bcfb76b7e5622e461b6f5f49188fb372e4,none
experiments/cross_model/evidence/paysim/2_PT/alignments.json,experiment/outputs/cross_model_v1/run_20260924_01/paper/online_resource_2/c1/evidence/paysim/2_PT/alignments.json,15b39d881c3a7c926baa6235c6a88b2920ab5db51a922f2a14683e089fa8bc3d,15b39d881c3a7c926baa6235c6a88b2920ab5db51a922f2a14683e089fa8bc3d,none
experiments/cross_model/evidence/paysim/2_PT/points.json,experiment/outputs/cross_model_v1/run_20260924_01/paper/online_resource_2/c1/evidence/paysim/2_PT/points.json,fd1c8a63e3876ac8b3641c092ef73cec1e9d641b0a5c14c19da93308d617a24b,fd1c8a63e3876ac8b3641c092ef73cec1e9d641b0a5c14c19da93308d617a24b,none
experiments/cross_model/evidence/paysim/2_PT/scenarios.json,experiment/outputs/cross_model_v1/run_20260924_01/paper/online_resource_2/c1/evidence/paysim/2_PT/scenarios.json,64f77ac38913bf19f2d7f944bec821bd22e05307423a4d769a97a5fe0cd802da,64f77ac38913bf19f2d7f944bec821bd22e05307423a4d769a97a5fe0cd802da,none
experiments/cross_model/evidence/paysim/2_PTH/COMPLETED.json,experiment/outputs/cross_model_v1/run_20260924_01/paper/online_resource_2/c1/evidence/paysim/2_PTH/COMPLETED.json,810a776f5b05d9d0337b47d3c3c7d632fc39f0076b79ec041170577ba01f2215,810a776f5b05d9d0337b47d3c3c7d632fc39f0076b79ec041170577ba01f2215,none
experiments/cross_model/evidence/paysim/2_PTH/alignments.json,experiment/outputs/cross_model_v1/run_20260924_01/paper/online_resource_2/c1/evidence/paysim/2_PTH/alignments.json,fb0a33285354c31ce1efa9da75f91c123f7251840fe2e0bcb4c413184f6dca75,fb0a33285354c31ce1efa9da75f91c123f7251840fe2e0bcb4c413184f6dca75,none
experiments/cross_model/evidence/paysim/2_PTH/points.json,experiment/outputs/cross_model_v1/run_20260924_01/paper/online_resource_2/c1/evidence/paysim/2_PTH/points.json,be1f4be0a615d6f181c31bfe0bc68e86366bab38902b0474e812d093260587af,be1f4be0a615d6f181c31bfe0bc68e86366bab38902b0474e812d093260587af,none
experiments/cross_model/evidence/paysim/2_PTH/scenarios.json,experiment/outputs/cross_model_v1/run_20260924_01/paper/online_resource_2/c1/evidence/paysim/2_PTH/scenarios.json,89fed4e2123c437d917b55ec36955c9904c658b7cf4462cd74f867e624f67424,89fed4e2123c437d917b55ec36955c9904c658b7cf4462cd74f867e624f67424,none
experiments/cross_model/evidence/paysim/2_PTHW/COMPLETED.json,experiment/outputs/cross_model_v1/run_20260924_01/paper/online_resource_2/c1/evidence/paysim/2_PTHW/COMPLETED.json,5079060fc983780036d21aea815f9673af8af5bacfc895a8dcae06a13273e280,5079060fc983780036d21aea815f9673af8af5bacfc895a8dcae06a13273e280,none
experiments/cross_model/evidence/paysim/2_PTHW/alignments.json,experiment/outputs/cross_model_v1/run_20260924_01/paper/online_resource_2/c1/evidence/paysim/2_PTHW/alignments.json,bc46abb4d8394df32c87c9b6c12012fdbcb19e06a4ed2e13c67b966be09de951,bc46abb4d8394df32c87c9b6c12012fdbcb19e06a4ed2e13c67b966be09de951,none
experiments/cross_model/evidence/paysim/2_PTHW/points.json,experiment/outputs/cross_model_v1/run_20260924_01/paper/online_resource_2/c1/evidence/paysim/2_PTHW/points.json,144be2ff917d251f127b0a13520f580d81258918751c148639644d8dbe19e8e9,144be2ff917d251f127b0a13520f580d81258918751c148639644d8dbe19e8e9,none
experiments/cross_model/evidence/paysim/2_PTHW/scenarios.json,experiment/outputs/cross_model_v1/run_20260924_01/paper/online_resource_2/c1/evidence/paysim/2_PTHW/scenarios.json,c7c5ff0c314ca8e4bc807bd10e313cc4330964d63c14c92e1a2b39f97e8dc42d,c7c5ff0c314ca8e4bc807bd10e313cc4330964d63c14c92e1a2b39f97e8dc42d,none
experiments/cross_model/evidence/paysim/3_P0/COMPLETED.json,experiment/outputs/cross_model_v1/run_20260924_01/paper/online_resource_2/c1/evidence/paysim/3_P0/COMPLETED.json,2dd7ad8ad64acd4ca6bda02a671650ad27bf63049fabc26a281cba1a71342bfb,2dd7ad8ad64acd4ca6bda02a671650ad27bf63049fabc26a281cba1a71342bfb,none
experiments/cross_model/evidence/paysim/3_P0/alignments.json,experiment/outputs/cross_model_v1/run_20260924_01/paper/online_resource_2/c1/evidence/paysim/3_P0/alignments.json,7019e13a007a349585f3df83da28ad261c0197a73ba659356bd1e9517ed85d26,7019e13a007a349585f3df83da28ad261c0197a73ba659356bd1e9517ed85d26,none
experiments/cross_model/evidence/paysim/3_P0/points.json,experiment/outputs/cross_model_v1/run_20260924_01/paper/online_resource_2/c1/evidence/paysim/3_P0/points.json,625e447148bcfe97b7ea0f95c550d815cc9830a38fb4f7ebe90088b1d93d329c,625e447148bcfe97b7ea0f95c550d815cc9830a38fb4f7ebe90088b1d93d329c,none
experiments/cross_model/evidence/paysim/3_P0/scenarios.json,experiment/outputs/cross_model_v1/run_20260924_01/paper/online_resource_2/c1/evidence/paysim/3_P0/scenarios.json,4e0d43e228f7f360d52a44c2354b22c78466b9baf6aeeb824238bdb87cfcf36f,4e0d43e228f7f360d52a44c2354b22c78466b9baf6aeeb824238bdb87cfcf36f,none
experiments/cross_model/evidence/paysim/3_PH/COMPLETED.json,experiment/outputs/cross_model_v1/run_20260924_01/paper/online_resource_2/c1/evidence/paysim/3_PH/COMPLETED.json,3b6ceb51c1f0717c6cf192131bfed9507250f29a28ef5d483c30d3627dbfd297,3b6ceb51c1f0717c6cf192131bfed9507250f29a28ef5d483c30d3627dbfd297,none
experiments/cross_model/evidence/paysim/3_PH/alignments.json,experiment/outputs/cross_model_v1/run_20260924_01/paper/online_resource_2/c1/evidence/paysim/3_PH/alignments.json,de3320d3bdd85b9d56bb1dcfb3cdb0af1bfeb8ec34e8be5abbad1cbc202a1cca,de3320d3bdd85b9d56bb1dcfb3cdb0af1bfeb8ec34e8be5abbad1cbc202a1cca,none
experiments/cross_model/evidence/paysim/3_PH/points.json,experiment/outputs/cross_model_v1/run_20260924_01/paper/online_resource_2/c1/evidence/paysim/3_PH/points.json,802fb6245bf8b3eaee207d35291a814351d2122dd101a2ed466901f7b1cb70f6,802fb6245bf8b3eaee207d35291a814351d2122dd101a2ed466901f7b1cb70f6,none
experiments/cross_model/evidence/paysim/3_PH/scenarios.json,experiment/outputs/cross_model_v1/run_20260924_01/paper/online_resource_2/c1/evidence/paysim/3_PH/scenarios.json,dc1166297dfdb802b3a28d730fc1b14b6a0321cf7123670f767b53ff15f79751,dc1166297dfdb802b3a28d730fc1b14b6a0321cf7123670f767b53ff15f79751,none
experiments/cross_model/evidence/paysim/3_PT/COMPLETED.json,experiment/outputs/cross_model_v1/run_20260924_01/paper/online_resource_2/c1/evidence/paysim/3_PT/COMPLETED.json,c8f364fe9de396cb48d74ad4d5a79ead6bb45d9a069dbef4d9c82ee59e34b644,c8f364fe9de396cb48d74ad4d5a79ead6bb45d9a069dbef4d9c82ee59e34b644,none
experiments/cross_model/evidence/paysim/3_PT/alignments.json,experiment/outputs/cross_model_v1/run_20260924_01/paper/online_resource_2/c1/evidence/paysim/3_PT/alignments.json,bf3f8e84ad7706f38e4b19bb3e22fd166a97b42047a3a1a3673eb909598e17e2,bf3f8e84ad7706f38e4b19bb3e22fd166a97b42047a3a1a3673eb909598e17e2,none
experiments/cross_model/evidence/paysim/3_PT/points.json,experiment/outputs/cross_model_v1/run_20260924_01/paper/online_resource_2/c1/evidence/paysim/3_PT/points.json,5906e6bbc8495fb25eeb15e9c39b31ff133e4a67fecf1ad2f514fceb952b3e67,5906e6bbc8495fb25eeb15e9c39b31ff133e4a67fecf1ad2f514fceb952b3e67,none
experiments/cross_model/evidence/paysim/3_PT/scenarios.json,experiment/outputs/cross_model_v1/run_20260924_01/paper/online_resource_2/c1/evidence/paysim/3_PT/scenarios.json,2a2a5afc15b7b514cdd527038d1ddf173ff69f3980ee4c7af927d72047e97994,2a2a5afc15b7b514cdd527038d1ddf173ff69f3980ee4c7af927d72047e97994,none
experiments/cross_model/evidence/paysim/3_PTH/COMPLETED.json,experiment/outputs/cross_model_v1/run_20260924_01/paper/online_resource_2/c1/evidence/paysim/3_PTH/COMPLETED.json,268db349e3f70f9d83a5fb429d5732dc1a4bccdf00b5a1f7851569d270354771,268db349e3f70f9d83a5fb429d5732dc1a4bccdf00b5a1f7851569d270354771,none
experiments/cross_model/evidence/paysim/3_PTH/alignments.json,experiment/outputs/cross_model_v1/run_20260924_01/paper/online_resource_2/c1/evidence/paysim/3_PTH/alignments.json,2ae97cf28a444ac8639f3b3b9138b2688c1986e2ce3a2820944914faceba3ed3,2ae97cf28a444ac8639f3b3b9138b2688c1986e2ce3a2820944914faceba3ed3,none
experiments/cross_model/evidence/paysim/3_PTH/points.json,experiment/outputs/cross_model_v1/run_20260924_01/paper/online_resource_2/c1/evidence/paysim/3_PTH/points.json,d7d1c4e6b6f2aba2b30f9cd935f2079e0dca42761e684e90af86e555f98674b0,d7d1c4e6b6f2aba2b30f9cd935f2079e0dca42761e684e90af86e555f98674b0,none
experiments/cross_model/evidence/paysim/3_PTH/scenarios.json,experiment/outputs/cross_model_v1/run_20260924_01/paper/online_resource_2/c1/evidence/paysim/3_PTH/scenarios.json,0128a98a10d4716fe9a0efe8c95a6818fee77f559671acf72198f8a823c9b2fa,0128a98a10d4716fe9a0efe8c95a6818fee77f559671acf72198f8a823c9b2fa,none
experiments/cross_model/evidence/paysim/3_PTHW/COMPLETED.json,experiment/outputs/cross_model_v1/run_20260924_01/paper/online_resource_2/c1/evidence/paysim/3_PTHW/COMPLETED.json,051f028112c8f52cab21dda76619d1033ec30ac32f0608bec7139e404197d34b,051f028112c8f52cab21dda76619d1033ec30ac32f0608bec7139e404197d34b,none
experiments/cross_model/evidence/paysim/3_PTHW/alignments.json,experiment/outputs/cross_model_v1/run_20260924_01/paper/online_resource_2/c1/evidence/paysim/3_PTHW/alignments.json,1668cab01a5024287fc8d80c5f4b78a48e20eca94f42925e7163913a0b291f78,1668cab01a5024287fc8d80c5f4b78a48e20eca94f42925e7163913a0b291f78,none
experiments/cross_model/evidence/paysim/3_PTHW/points.json,experiment/outputs/cross_model_v1/run_20260924_01/paper/online_resource_2/c1/evidence/paysim/3_PTHW/points.json,7ce2f17382ebc99a8701600f40e00ac54d76be27b476c7287cbdde170cd854b5,7ce2f17382ebc99a8701600f40e00ac54d76be27b476c7287cbdde170cd854b5,none
experiments/cross_model/evidence/paysim/3_PTHW/scenarios.json,experiment/outputs/cross_model_v1/run_20260924_01/paper/online_resource_2/c1/evidence/paysim/3_PTHW/scenarios.json,171d601340382925f1111c5aed6a3bd57ee7d3d4747f7e613012a983996061ae,171d601340382925f1111c5aed6a3bd57ee7d3d4747f7e613012a983996061ae,none
experiments/cross_model/evidence/paysim/COMPLETED.json,experiment/outputs/cross_model_v1/run_20260924_01/paper/online_resource_2/c1/evidence/paysim/COMPLETED.json,0a8dcf5701839fc939f4ad7a6b2c48e20314a3c3889886e9f089ab1cf0334cb7,0a8dcf5701839fc939f4ad7a6b2c48e20314a3c3889886e9f089ab1cf0334cb7,none
experiments/cross_model/evidence/paysim/contrast_coverage.csv,experiment/outputs/cross_model_v1/run_20260924_01/paper/online_resource_2/c1/evidence/paysim/contrast_coverage.csv,1b2ed9e783452ef5e4a60a86070b8ecd95e8a292e977bb947ff32e8153dcd41a,1b2ed9e783452ef5e4a60a86070b8ecd95e8a292e977bb947ff32e8153dcd41a,none
experiments/cross_model/evidence/paysim/effect_intervals.csv,experiment/outputs/cross_model_v1/run_20260924_01/paper/online_resource_2/c1/evidence/paysim/effect_intervals.csv,7c32a855f6db814c9c6610405c5b86aa008494b3f10786031611207b07990352,7c32a855f6db814c9c6610405c5b86aa008494b3f10786031611207b07990352,none
experiments/cross_model/evidence/paysim/model_points.csv,experiment/outputs/cross_model_v1/run_20260924_01/paper/online_resource_2/c1/evidence/paysim/model_points.csv,1083f5a64588a0649b4e7135d931e72d66bc4d89ae6a2a99914dfabb4137abaa,1083f5a64588a0649b4e7135d931e72d66bc4d89ae6a2a99914dfabb4137abaa,none
experiments/cross_model/evidence/paysim/observed_effects.csv,experiment/outputs/cross_model_v1/run_20260924_01/paper/online_resource_2/c1/evidence/paysim/observed_effects.csv,7139e60bcf742d29643546db9a94eb52fce083684b019fd30bb802aad871ef6e,7139e60bcf742d29643546db9a94eb52fce083684b019fd30bb802aad871ef6e,none
experiments/cross_model/evidence/paysim/paired_input_checks.csv,experiment/outputs/cross_model_v1/run_20260924_01/paper/online_resource_2/c1/evidence/paysim/paired_input_checks.csv,d5a0846f4e538d92f3da0255df75c8229bc9743cf4659e5e2f12dab98288dfd2,d5a0846f4e538d92f3da0255df75c8229bc9743cf4659e5e2f12dab98288dfd2,none
experiments/cross_model/evidence/paysim/threshold_scenarios.csv,experiment/outputs/cross_model_v1/run_20260924_01/paper/online_resource_2/c1/evidence/paysim/threshold_scenarios.csv,1667831b6d14fa5a34c476a7089ecfceca60ac03a0bcf7b7e444ed5bda837c27,1667831b6d14fa5a34c476a7089ecfceca60ac03a0bcf7b7e444ed5bda837c27,none
experiments/cross_model/operators/audit_cross_model_results.py,experiment/outputs/cross_model_v1/run_20260924_01/paper/online_resource_2/c1/operators/audit_cross_model_results.py,d0d125442e8310406b80ba83782b4eb86416fb7fd5d674916922c868891b0638,d0d125442e8310406b80ba83782b4eb86416fb7fd5d674916922c868891b0638,none
experiments/cross_model/operators/verify_cross_model_checkpoints.py,experiment/outputs/cross_model_v1/run_20260924_01/paper/online_resource_2/c1/operators/verify_cross_model_checkpoints.py,15b4163fd0f80fe4230ef80ddda90b5d42c6423120f2f86b585dbcb6983ba682,15b4163fd0f80fe4230ef80ddda90b5d42c6423120f2f86b585dbcb6983ba682,none
experiments/cross_model/protocol/FROZEN.json,experiment/outputs/cross_model_v1/run_20260924_01/paper/online_resource_2/c1/protocol/FROZEN.json,06951187189d9d046e9255aedf4388251c336f0bbc4910b627f7f80ec6532991,06951187189d9d046e9255aedf4388251c336f0bbc4910b627f7f80ec6532991,none
experiments/cross_model/protocol/IEEE_BOUNDARY_PAUSED.json,experiment/outputs/cross_model_v1/run_20260924_01/paper/online_resource_2/c1/protocol/IEEE_BOUNDARY_PAUSED.json,f7af7d591f2da5fdeaef60b5528e66a7cd0159f3343ecf60237ee549ae85270c,f7af7d591f2da5fdeaef60b5528e66a7cd0159f3343ecf60237ee549ae85270c,none
experiments/cross_model/protocol/IEEE_DISPATCH.json,experiment/outputs/cross_model_v1/run_20260924_01/paper/online_resource_2/c1/protocol/IEEE_DISPATCH.json,1d1e4637f3b91cc0f621ee9c0083d505f1b272c5b2da68c7c2361d4d959d4bdf,0f88c607eb7096c5fa6eceeed5d76277ff6ca2e0476cc253c4350bdcd33e448e,author-local paths replaced with explicit placeholders
experiments/cross_model/protocol/IEEE_MEMORY_QUEUE_UPDATE.json,experiment/outputs/cross_model_v1/run_20260924_01/paper/online_resource_2/c1/protocol/IEEE_MEMORY_QUEUE_UPDATE.json,4e246d44ef00c3e40192a8fdea87301ee1d258d1fb33c75e65fd7d2229b65803,4e246d44ef00c3e40192a8fdea87301ee1d258d1fb33c75e65fd7d2229b65803,none
experiments/cross_model/protocol/IEEE_MEMORY_SCHEDULING.json,experiment/outputs/cross_model_v1/run_20260924_01/paper/online_resource_2/c1/protocol/IEEE_MEMORY_SCHEDULING.json,a1f4e306505a8cb82c46e93cf9f20af14820e0aa9bc39959f876f2df3f3c9aa6,a1f4e306505a8cb82c46e93cf9f20af14820e0aa9bc39959f876f2df3f3c9aa6,none
experiments/cross_model/protocol/IEEE_RESOURCE_SCHEDULING.json,experiment/outputs/cross_model_v1/run_20260924_01/paper/online_resource_2/c1/protocol/IEEE_RESOURCE_SCHEDULING.json,df4b378d04fe4e1200434a3b768a360cd0452e74f2cf0e87dbb1df11203d1117,df4b378d04fe4e1200434a3b768a360cd0452e74f2cf0e87dbb1df11203d1117,none
experiments/cross_model/protocol/PROTECTED_PRE_V2.json,experiment/outputs/cross_model_v1/run_20260924_01/paper/online_resource_2/c1/protocol/PROTECTED_PRE_V2.json,95e290c85d7d7ea761416984a969ed8a89a219c147b6aa5787f3e13a083b117a,95e290c85d7d7ea761416984a969ed8a89a219c147b6aa5787f3e13a083b117a,none
experiments/cross_model/protocol/PROTECTED_V2.json,experiment/outputs/cross_model_v1/run_20260924_01/paper/online_resource_2/c1/protocol/PROTECTED_V2.json,cd7e51cb51ccc8b1421ec8222cd26ce70c236585dc9d1aae3aa80bcc50f1e3da,ed93333f1218ec1592eea2d7dca31a5075131dc332d7db47f6635608e36cf027,author-local paths replaced with explicit placeholders
experiments/cross_model/protocol/ieee_history_metadata.json,experiment/outputs/cross_model_v1/run_20260924_01/paper/online_resource_2/c1/protocol/ieee_history_metadata.json,04d56113bea5fb96010af0e305c5c49a936925021ed3a0d594ceb96f529520ac,6b31a5b18ce1632ff8a337900c16c35bceccdb3f636087fe76073dc167beba36,author-local paths replaced with explicit placeholders
experiments/cross_model/protocol/ieee_temporal_protocol.json,experiment/outputs/cross_model_v1/run_20260924_01/paper/online_resource_2/c1/protocol/ieee_temporal_protocol.json,b44e5042f21f430602094a6d5c46faf1ee0e89d121323e87517b91555f7cd126,26a5894c259ee142f28803f477e2d6112d507697bd589d84db88cbf1f78605d4,author-local paths replaced with explicit placeholders
experiments/cross_model/protocol/protocol_effective.json,experiment/outputs/cross_model_v1/run_20260924_01/paper/online_resource_2/c1/protocol/protocol_effective.json,8993d2cbfa7e9b2d3c053b071da918248715e97020b679b7761bb92c6d373677,1d108682b40df83c3ff33f070579731c4979e9a413ffe515590a182c9924df47,author-local paths replaced with explicit placeholders
experiments/cross_model/requirements-lock-windows-py311.txt,experiment/outputs/cross_model_v1/run_20260924_01/paper/online_resource_2/c1/requirements-full-lock-windows-py311.txt,b33a955fb99f6a78db32129d345c2b14d7e7136203d9f1f840bdbddcc3fe2629,b33a955fb99f6a78db32129d345c2b14d7e7136203d9f1f840bdbddcc3fe2629,none
experiments/merchant_history_s22/FINAL_STATUS.json,experiment/outputs/merchant_history_retrospective_execution_20261006/run_02/FINAL_STATUS.json,daad2d31b2cb3831791754302e01dbcda164259f2f7f66f270db61a7b456d8c3,b3ab4d5acf685070e789f5f789a8953bae9eeb3756ab5dd42f5636827cdfaff7,author-local paths replaced with explicit placeholders
experiments/merchant_history_s22/artificial/fixtures/six_cell_trace.json,experiment/outputs/merchant_history_execution_preparation_20261006/run_01/results/attempt_02/six_cell_trace.json,0f9d41c4cee364842669c6995eeaeed0abe988ba8e58933559ab70dbd8558d54,0f9d41c4cee364842669c6995eeaeed0abe988ba8e58933559ab70dbd8558d54,none
experiments/merchant_history_s22/artificial/fixtures/synthetic_fixture.json,experiment/outputs/merchant_history_execution_preparation_20261006/run_01/results/attempt_02/synthetic_fixture.json,15c69289b258ac091a2ea973310e5d721d4ff425a205c7a99b6c3d1fb308830d,15c69289b258ac091a2ea973310e5d721d4ff425a205c7a99b6c3d1fb308830d,none
experiments/merchant_history_s22/artificial/fixtures/test_results.json,experiment/outputs/merchant_history_execution_preparation_20261006/run_01/results/attempt_02/test_results.json,86be51f86726aedb8b243aceb6c20e7f669129887173ca7b6de33ade07cedf42,41731a48fb6152f1e69e57d369f26e45bd689cfe7990fda71e44185e08d4f523,author-local paths replaced with explicit placeholders
experiments/merchant_history_s22/artificial/reference/contract_kernel.py,experiment/outputs/merchant_history_retrospective_execution_20261006/run_02/artificial/reference/contract_kernel.py,c4aed881adfad0cc6e1ea55cc470ac0a69a011f3dcf7d418ef552e37065a0f4d,c4aed881adfad0cc6e1ea55cc470ac0a69a011f3dcf7d418ef552e37065a0f4d,none
experiments/merchant_history_s22/artificial/reference/run_artificial_tests.py,experiment/outputs/merchant_history_retrospective_execution_20261006/run_02/artificial/reference/run_artificial_tests.py,087243bdc831913201aee8dfebd93c574aaa8a2ce52a1eaf98df1e694a679573,087243bdc831913201aee8dfebd93c574aaa8a2ce52a1eaf98df1e694a679573,none
experiments/merchant_history_s22/code/delivery.py,experiment/outputs/merchant_history_retrospective_execution_20261006/run_02/code/delivery.py,f67080c99f96e1fc841344c504902b7560e7bccbc9e8cf8a866b69ba6d05dda4,f67080c99f96e1fc841344c504902b7560e7bccbc9e8cf8a866b69ba6d05dda4,none
experiments/merchant_history_s22/code/entry.py,experiment/outputs/merchant_history_retrospective_execution_20261006/run_02/code/entry.py,61ba4f2540c570d279cbe21d8190d3ffca08b6292967373c057d6fea978c63fb,61ba4f2540c570d279cbe21d8190d3ffca08b6292967373c057d6fea978c63fb,none
experiments/merchant_history_s22/code/identity_check.py,experiment/outputs/merchant_history_retrospective_execution_20261006/run_02/code/identity_check.py,681b3e79d022dd9a216f6cacaa0c4a9d7498c72887eff4db4b2a3a88151d7071,681b3e79d022dd9a216f6cacaa0c4a9d7498c72887eff4db4b2a3a88151d7071,none
experiments/merchant_history_s22/code/launch.py,experiment/outputs/merchant_history_retrospective_execution_20261006/run_02/code/launch.py,b1441666472c25baaa98fe1d43349a0185a3c2bdd42a09e955786b89828a94d6,b1441666472c25baaa98fe1d43349a0185a3c2bdd42a09e955786b89828a94d6,none
experiments/merchant_history_s22/code/model_worker.py,experiment/outputs/merchant_history_retrospective_execution_20261006/run_02/code/model_worker.py,547255158a49d32d8ec202811409c104be0365f76bbc9dccb5794d4c438cf3c4,547255158a49d32d8ec202811409c104be0365f76bbc9dccb5794d4c438cf3c4,none
experiments/merchant_history_s22/code/native_batch.py,experiment/outputs/merchant_history_retrospective_execution_20261006/run_02/code/native_batch.py,094f52b23fee672557e6464a927d71ae30d5b72af16441211da0123382c6903d,094f52b23fee672557e6464a927d71ae30d5b72af16441211da0123382c6903d,none
experiments/merchant_history_s22/code/native_common.py,experiment/outputs/merchant_history_retrospective_execution_20261006/run_02/code/native_common.py,38ce9e6174a6c255c0b39996c1f05f59629a51edb87605cd5fef6af251dbb4bc,38ce9e6174a6c255c0b39996c1f05f59629a51edb87605cd5fef6af251dbb4bc,none
experiments/merchant_history_s22/code/phase1.py,experiment/outputs/merchant_history_retrospective_execution_20261006/run_02/code/phase1.py,444e34b7a6c9313e414ec3b4bc917b81232c2dd2b1aa7c93d9107385c60fa0ea,444e34b7a6c9313e414ec3b4bc917b81232c2dd2b1aa7c93d9107385c60fa0ea,none
experiments/merchant_history_s22/code/pipeline.py,experiment/outputs/merchant_history_retrospective_execution_20261006/run_02/code/pipeline.py,8e99076fd8ab373e1969528863b32184ca6ae313e74df3c2a0063010c036dbfb,64452e085819001b82d6435b3b05d719436c5decb2b54deff11d0d8c0b35492a,"none; publication path/guard or typing adaptation; science preserved; publication formatting/typing cleanup, no scientific arithmetic change"
experiments/merchant_history_s22/code/source_io.py,experiment/outputs/merchant_history_retrospective_execution_20261006/run_02/code/source_io.py,528b1ce566abf1fef2f6d6123561ed4efc63e911cd0351969dc965985e3c70dc,528b1ce566abf1fef2f6d6123561ed4efc63e911cd0351969dc965985e3c70dc,none
experiments/merchant_history_s22/code/supervision.py,experiment/outputs/merchant_history_retrospective_execution_20261006/run_02/code/supervision.py,2a2fb248bd6016265818786ce0571f93363e1518403692cadf72aaa8a54292fa,f288da670be1b92f966058f58f5ae8027577fa590758bcb024fc3341a9e59e34,"none; publication formatting/typing cleanup, no scientific arithmetic change"
experiments/merchant_history_s22/code/tail_budget.py,experiment/outputs/merchant_history_retrospective_execution_20261006/run_02/code/tail_budget.py,63b0641963d4d033d47e6c62a7fe04ad5c279526818dafdd2cbb128b87a4e0b1,63b0641963d4d033d47e6c62a7fe04ad5c279526818dafdd2cbb128b87a4e0b1,none
experiments/merchant_history_s22/history/attempt_01_FINAL_STATUS.json,experiment/outputs/merchant_history_retrospective_execution_20261006/run_01/FINAL_STATUS.json,46d51f3943a331f9010860614bbe347f311d9858ed45e2c881e6c0430f652cb3,46d51f3943a331f9010860614bbe347f311d9858ed45e2c881e6c0430f652cb3,none
experiments/merchant_history_s22/history/修复范围与计时记录.md,experiment/outputs/merchant_history_retrospective_execution_20261006/run_02/修复范围与计时记录.md,c9605a6ff0ae237b0100f36bb69a3e7d8649fb1612fd436100ba6bc0c78aa340,c9605a6ff0ae237b0100f36bb69a3e7d8649fb1612fd436100ba6bc0c78aa340,none
experiments/merchant_history_s22/history/六组回顾开发结果与下一步投入判断.md,experiment/outputs/merchant_history_retrospective_execution_20261006/run_02/六组回顾开发结果与下一步投入判断.md,6a6b19697b7d25f23f426b1ed3e2fb750465a56129973732a31f8bc307669ef4,6a6b19697b7d25f23f426b1ed3e2fb750465a56129973732a31f8bc307669ef4,none
experiments/merchant_history_s22/history/最小代码diff与原因.md,experiment/outputs/merchant_history_retrospective_execution_20261006/run_02/最小代码diff与原因.md,7c910c431943023357ff23e083efd734c933ec1f9608962f1ede8f0603591502,7c910c431943023357ff23e083efd734c933ec1f9608962f1ede8f0603591502,none
experiments/merchant_history_s22/reference_config/C07_PARAMETERS.json,experiment/outputs/merchant_history_retrospective_execution_20261006/run_02/config/C07_PARAMETERS.json,4ef56d0fd29ab458f55eb7d94f5104e957622785796b45ef40129a0f8a95ae72,4ef56d0fd29ab458f55eb7d94f5104e957622785796b45ef40129a0f8a95ae72,none
experiments/merchant_history_s22/reference_config/EXECUTION_CONFIG.json,experiment/outputs/merchant_history_retrospective_execution_20261006/run_02/config/EXECUTION_CONFIG.json,e7147cdc5f88390f0791ef62e2faf06b2adf9c45fb5c89031554cbfc9df0ec78,eca549a88eb36e5f1c18181b86528b3e0b4f3f6d2e7b2a448217c3b553ad0211,author-local paths replaced with explicit placeholders; publication path/guard or typing adaptation; science preserved
experiments/merchant_history_s22/reference_config/MODELS_LOCK.json,experiment/outputs/merchant_history_retrospective_execution_20261006/run_02/config/MODELS_LOCK.json,62b3d7478457621a3d5da975c59997e98ee83461f13c762bf924a9953dc6e668,62b3d7478457621a3d5da975c59997e98ee83461f13c762bf924a9953dc6e668,none
experiments/merchant_history_s22/reference_config/OLD_ATTEMPT_SNAPSHOT.json,experiment/outputs/merchant_history_retrospective_execution_20261006/run_02/config/OLD_ATTEMPT_SNAPSHOT.json,0146403e34fd4afde91c3054ac2689a929c1437d95a30083a51b19fc8ab17f1e,3ccffed7bd94f4117756edac7ef6474cde1352750f86be4813a4b766297e8e7c,author-local paths replaced with explicit placeholders
experiments/merchant_history_s22/reference_config/PHASE1_LOCK.json,experiment/outputs/merchant_history_retrospective_execution_20261006/run_02/config/PHASE1_LOCK.json,fe6724eb5e9b97c110cfffe02efffe19d178c8463e9e099b3815b3fcfc678a32,b72e065b9ac22643711990199e3680cf50d9b121a7946196e4ecdc439d972a02,author-local paths replaced with explicit placeholders
experiments/merchant_history_s22/reference_config/PROTECTED_BASELINE.json,experiment/outputs/merchant_history_retrospective_execution_20261006/run_02/config/PROTECTED_BASELINE.json,670852137aecc06ca7d7a0286481424380caf47c396d1504379050f4c85df44f,d9b8101338ffde9fba20e6648098606a20aeb6307f63c8061a055d9fe4d6d64c,author-local paths replaced with explicit placeholders
experiments/merchant_history_s22/reference_config/SCORES_LOCK.json,experiment/outputs/merchant_history_retrospective_execution_20261006/run_02/config/SCORES_LOCK.json,6593a633d3140b6c1f582d761a3d9409ca4e8394a6cf00966aea7d99a9b2840b,6593a633d3140b6c1f582d761a3d9409ca4e8394a6cf00966aea7d99a9b2840b,none
experiments/merchant_history_s22/reference_config/predict_A0.json,experiment/outputs/merchant_history_retrospective_execution_20261006/run_02/config/predict_A0.json,f47edb3d44661fdbf58173cb0a1ef412a7bc44093d0f88dbaa01336a6d976e30,f47edb3d44661fdbf58173cb0a1ef412a7bc44093d0f88dbaa01336a6d976e30,none
experiments/merchant_history_s22/reference_config/predict_A1.json,experiment/outputs/merchant_history_retrospective_execution_20261006/run_02/config/predict_A1.json,85a129979ad7450d01ee70e45c8ba33600faf00715d8be64a2e38b76c29aca90,85a129979ad7450d01ee70e45c8ba33600faf00715d8be64a2e38b76c29aca90,none
experiments/merchant_history_s22/reference_config/predict_A2.json,experiment/outputs/merchant_history_retrospective_execution_20261006/run_02/config/predict_A2.json,46aa39b520f610fe4a495274b11ae23d8b5e28e7ec126c7607b5137176b862d0,46aa39b520f610fe4a495274b11ae23d8b5e28e7ec126c7607b5137176b862d0,none
experiments/merchant_history_s22/reference_config/predict_B0.json,experiment/outputs/merchant_history_retrospective_execution_20261006/run_02/config/predict_B0.json,21fe22e0cae384244333a0404ce38bb475819fc7bc827b738e0f25f1fcc4cff8,21fe22e0cae384244333a0404ce38bb475819fc7bc827b738e0f25f1fcc4cff8,none
experiments/merchant_history_s22/reference_config/predict_B1.json,experiment/outputs/merchant_history_retrospective_execution_20261006/run_02/config/predict_B1.json,a8b494d631f38ec76f064e4c80da27a7142c0edf4a50b35e4a7d86d4209ae632,a8b494d631f38ec76f064e4c80da27a7142c0edf4a50b35e4a7d86d4209ae632,none
experiments/merchant_history_s22/reference_config/predict_B2.json,experiment/outputs/merchant_history_retrospective_execution_20261006/run_02/config/predict_B2.json,d3217d937cba706fbe6eedaa6145a8c8e87c20eeb82605c97f5272bfd4778976,d3217d937cba706fbe6eedaa6145a8c8e87c20eeb82605c97f5272bfd4778976,none
experiments/merchant_history_s22/reference_config/train_A0.json,experiment/outputs/merchant_history_retrospective_execution_20261006/run_02/config/train_A0.json,f47edb3d44661fdbf58173cb0a1ef412a7bc44093d0f88dbaa01336a6d976e30,f47edb3d44661fdbf58173cb0a1ef412a7bc44093d0f88dbaa01336a6d976e30,none
experiments/merchant_history_s22/reference_config/train_A1.json,experiment/outputs/merchant_history_retrospective_execution_20261006/run_02/config/train_A1.json,85a129979ad7450d01ee70e45c8ba33600faf00715d8be64a2e38b76c29aca90,85a129979ad7450d01ee70e45c8ba33600faf00715d8be64a2e38b76c29aca90,none
experiments/merchant_history_s22/reference_config/train_A2.json,experiment/outputs/merchant_history_retrospective_execution_20261006/run_02/config/train_A2.json,46aa39b520f610fe4a495274b11ae23d8b5e28e7ec126c7607b5137176b862d0,46aa39b520f610fe4a495274b11ae23d8b5e28e7ec126c7607b5137176b862d0,none
experiments/merchant_history_s22/reference_config/train_B0.json,experiment/outputs/merchant_history_retrospective_execution_20261006/run_02/config/train_B0.json,21fe22e0cae384244333a0404ce38bb475819fc7bc827b738e0f25f1fcc4cff8,21fe22e0cae384244333a0404ce38bb475819fc7bc827b738e0f25f1fcc4cff8,none
experiments/merchant_history_s22/reference_config/train_B1.json,experiment/outputs/merchant_history_retrospective_execution_20261006/run_02/config/train_B1.json,a8b494d631f38ec76f064e4c80da27a7142c0edf4a50b35e4a7d86d4209ae632,a8b494d631f38ec76f064e4c80da27a7142c0edf4a50b35e4a7d86d4209ae632,none
experiments/merchant_history_s22/reference_config/train_B2.json,experiment/outputs/merchant_history_retrospective_execution_20261006/run_02/config/train_B2.json,d3217d937cba706fbe6eedaa6145a8c8e87c20eeb82605c97f5272bfd4778976,d3217d937cba706fbe6eedaa6145a8c8e87c20eeb82605c97f5272bfd4778976,none
experiments/merchant_history_s22/results/A0/PREDICTION.json,experiment/outputs/merchant_history_retrospective_execution_20261006/run_02/results/A0/PREDICTION.json,4bac68c3667ba31a189f2e201276c5fe308d674c9eb72bcb9ba6501715d9d92a,4bac68c3667ba31a189f2e201276c5fe308d674c9eb72bcb9ba6501715d9d92a,none
experiments/merchant_history_s22/results/A1/PREDICTION.json,experiment/outputs/merchant_history_retrospective_execution_20261006/run_02/results/A1/PREDICTION.json,2f20e61c280be2e2cefbf8c518e7170ffc1b2012ca5de2be184e443b4d245b6e,2f20e61c280be2e2cefbf8c518e7170ffc1b2012ca5de2be184e443b4d245b6e,none
experiments/merchant_history_s22/results/A2/PREDICTION.json,experiment/outputs/merchant_history_retrospective_execution_20261006/run_02/results/A2/PREDICTION.json,383a528591ec5d15448e8aa3f788c4da28dd3c62f80e96f24620b65e3fe78ad4,383a528591ec5d15448e8aa3f788c4da28dd3c62f80e96f24620b65e3fe78ad4,none
experiments/merchant_history_s22/results/B0/PREDICTION.json,experiment/outputs/merchant_history_retrospective_execution_20261006/run_02/results/B0/PREDICTION.json,d01a01290dca1039e1904b5088275dfc8cb0eea5128fd5564e878e6dbea4415b,d01a01290dca1039e1904b5088275dfc8cb0eea5128fd5564e878e6dbea4415b,none
experiments/merchant_history_s22/results/B1/PREDICTION.json,experiment/outputs/merchant_history_retrospective_execution_20261006/run_02/results/B1/PREDICTION.json,1b7f69f08c0de4f158ddb6f473bde9d5ea15a2c9111a72312406c3aee6f7ff09,1b7f69f08c0de4f158ddb6f473bde9d5ea15a2c9111a72312406c3aee6f7ff09,none
experiments/merchant_history_s22/results/B2/PREDICTION.json,experiment/outputs/merchant_history_retrospective_execution_20261006/run_02/results/B2/PREDICTION.json,776dc9d363b1731b55fbe9389b77b6b50fd6a9039f0af9de62678155904f3f64,776dc9d363b1731b55fbe9389b77b6b50fd6a9039f0af9de62678155904f3f64,none
experiments/merchant_history_s22/results/DESCRIPTIVE_RESULTS.json,experiment/outputs/merchant_history_retrospective_execution_20261006/run_02/results/DESCRIPTIVE_RESULTS.json,2a18de6f21857bc07b6799d071e44054fe0a5943d09f40d286753221e01e108d,2a18de6f21857bc07b6799d071e44054fe0a5943d09f40d286753221e01e108d,none
experiments/merchant_history_s22/results/六组结果.csv,experiment/outputs/merchant_history_retrospective_execution_20261006/run_02/results/六组结果.csv,e37d45b8a1b520c36662eceb90258731ef0a29a7ba24310521fb22534307e38d,e37d45b8a1b520c36662eceb90258731ef0a29a7ba24310521fb22534307e38d,none
experiments/merchant_history_s22/results/固定三分段.csv,experiment/outputs/merchant_history_retrospective_execution_20261006/run_02/results/固定三分段.csv,df2eda807a6cfe7e8e0030205bcc9994c176e1300a19ba98ed0b9783e7ff7147,df2eda807a6cfe7e8e0030205bcc9994c176e1300a19ba98ed0b9783e7ff7147,none
experiments/merchant_history_s22/results/执行成本与调用.csv,experiment/outputs/merchant_history_retrospective_execution_20261006/run_02/results/执行成本与调用.csv,5a804a93a2f0fc7654183aa171fb3330d56ebeda71533fa757de4f8dbecf74d3,5a804a93a2f0fc7654183aa171fb3330d56ebeda71533fa757de4f8dbecf74d3,none
experiments/merchant_history_s22/results/预定差值.csv,experiment/outputs/merchant_history_retrospective_execution_20261006/run_02/results/预定差值.csv,e2aea4a9c7ca0826ca2e73056e9dd6d3cebb4ccfe357804d5531163aa8fa121d,e2aea4a9c7ca0826ca2e73056e9dd6d3cebb4ccfe357804d5531163aa8fa121d,none
experiments/paysim_deterministic_v2/HISTORICAL_FULL_BUNDLE_GUIDE.md,experiment/outputs/cross_model_v1/run_20260924_01/paper/online_resource_2/v2/INPUT_ACCESS_AND_REBUILD_V2.md,aec82554e45ac0c3351cb02f6905be78bcb53a3c7bc10c64462c3067472ba603,aec82554e45ac0c3351cb02f6905be78bcb53a3c7bc10c64462c3067472ba603,none
experiments/paysim_deterministic_v2/assessment/C_SCOPE_DECISION.json,experiment/outputs/cross_model_v1/run_20260924_01/paper/online_resource_2/v2/assessment/C_SCOPE_DECISION.json,2b1e2166cfab58712711943b0fc1dd6cedc704b7cadbe166feb55bca4bf6d808,2b1e2166cfab58712711943b0fc1dd6cedc704b7cadbe166feb55bca4bf6d808,none
experiments/paysim_deterministic_v2/assessment/v2_primary_means.csv,experiment/outputs/cross_model_v1/run_20260924_01/paper/online_resource_2/v2/assessment/v2_primary_means.csv,094000323e7da2edb862f9afffcec3c87fbf70383b6c85177eec2db3410347cc,094000323e7da2edb862f9afffcec3c87fbf70383b6c85177eec2db3410347cc,none
experiments/paysim_deterministic_v2/assessment/version_comparison/REPORT.json,experiment/outputs/cross_model_v1/run_20260924_01/paper/online_resource_2/v2/assessment/version_comparison/REPORT.json,aa26496a33bb0ea4bfa2a5c532df91ed212249075dda0a433113bde118dcb5f8,aa26496a33bb0ea4bfa2a5c532df91ed212249075dda0a433113bde118dcb5f8,none
experiments/paysim_deterministic_v2/assessment/version_comparison/SCENARIO_SOURCE_HASHES.json,experiment/outputs/cross_model_v1/run_20260924_01/paper/online_resource_2/v2/assessment/version_comparison/SCENARIO_SOURCE_HASHES.json,dc3dc72bcf06fde4d18cb53aa912a8a3deb1195b135f6c31391dedc3db50b44e,6e95376d50dcca181b9cbf0b9a25ad3d3683dd033cb4b7116191bc9448b117e7,author-local paths replaced with explicit placeholders
experiments/paysim_deterministic_v2/assessment/version_comparison/SCHEMA_AND_NONNUMERIC_CHANGES.json,experiment/outputs/cross_model_v1/run_20260924_01/paper/online_resource_2/v2/assessment/version_comparison/SCHEMA_AND_NONNUMERIC_CHANGES.json,6baa625ae5254049caab5a75f750b14df14368548729e831288f7659e0687199,6baa625ae5254049caab5a75f750b14df14368548729e831288f7659e0687199,none
experiments/paysim_deterministic_v2/assessment/version_comparison/SOURCE_MANIFEST.json,experiment/outputs/cross_model_v1/run_20260924_01/paper/online_resource_2/v2/assessment/version_comparison/SOURCE_MANIFEST.json,4e5bd729046a03b227382ac6baa39175bdb4be7d726508b643c200507bd76b01,4d994fbdd9303d7e56b70f4c6867c9aff7586bcb0518834584149803ecf1c23c,author-local paths replaced with explicit placeholders
experiments/paysim_deterministic_v2/assessment/version_comparison/VERSION_PAIRING_AUDIT.json,experiment/outputs/cross_model_v1/run_20260924_01/paper/online_resource_2/v2/assessment/version_comparison/VERSION_PAIRING_AUDIT.json,68fefdfb95dffc6054c4fcc3b41a93e830ee70d78dcae4092ad31a9704c59bf5,68fefdfb95dffc6054c4fcc3b41a93e830ee70d78dcae4092ad31a9704c59bf5,none
experiments/paysim_deterministic_v2/assessment/version_comparison/all_scenarios.csv,experiment/outputs/cross_model_v1/run_20260924_01/paper/online_resource_2/v2/assessment/version_comparison/all_scenarios.csv,ab127028cbfa94131f32fb56ee0e3d8e2239114f60a1514f0e8ec20a6b2dc071,ab127028cbfa94131f32fb56ee0e3d8e2239114f60a1514f0e8ec20a6b2dc071,none
experiments/paysim_deterministic_v2/assessment/version_comparison/block_sensitivity.csv,experiment/outputs/cross_model_v1/run_20260924_01/paper/online_resource_2/v2/assessment/version_comparison/block_sensitivity.csv,aa63b45c9f146cc24a7537dcce6f83699d4f0b61d0362d489e4ec0348f357e4a,aa63b45c9f146cc24a7537dcce6f83699d4f0b61d0362d489e4ec0348f357e4a,none
experiments/paysim_deterministic_v2/assessment/version_comparison/calibration_ablation_results.csv,experiment/outputs/cross_model_v1/run_20260924_01/paper/online_resource_2/v2/assessment/version_comparison/calibration_ablation_results.csv,876b7651734f932dd74a983a32cb1e4ccf1b62aca68314b394acb8032b12f40f,876b7651734f932dd74a983a32cb1e4ccf1b62aca68314b394acb8032b12f40f,none
experiments/paysim_deterministic_v2/assessment/version_comparison/calibration_bayes_decision_results.csv,experiment/outputs/cross_model_v1/run_20260924_01/paper/online_resource_2/v2/assessment/version_comparison/calibration_bayes_decision_results.csv,ed94c265f0640b2b518019edbfbab868d2bd728a4c89485760a4fae993bbd4df,ed94c265f0640b2b518019edbfbab868d2bd728a4c89485760a4fae993bbd4df,none
experiments/paysim_deterministic_v2/assessment/version_comparison/calibration_decision_invariance.csv,experiment/outputs/cross_model_v1/run_20260924_01/paper/online_resource_2/v2/assessment/version_comparison/calibration_decision_invariance.csv,cf34a52a497209bc87fa88cc649da8d08d2664c74354a0c6661665b336ea6205,cf34a52a497209bc87fa88cc649da8d08d2664c74354a0c6661665b336ea6205,none
experiments/paysim_deterministic_v2/assessment/version_comparison/calibration_pairwise_reliability.csv,experiment/outputs/cross_model_v1/run_20260924_01/paper/online_resource_2/v2/assessment/version_comparison/calibration_pairwise_reliability.csv,c45aec17717f4c4aa55cdebaad154645609e1a5e96cebc8b4294b72aa8194bc2,c45aec17717f4c4aa55cdebaad154645609e1a5e96cebc8b4294b72aa8194bc2,none
experiments/paysim_deterministic_v2/assessment/version_comparison/capacity_contrasts.csv,experiment/outputs/cross_model_v1/run_20260924_01/paper/online_resource_2/v2/assessment/version_comparison/capacity_contrasts.csv,684fed57b50b7e91fc946518308f4310afeca7bc3e479817cf0837dae4524ab2,684fed57b50b7e91fc946518308f4310afeca7bc3e479817cf0837dae4524ab2,none
experiments/paysim_deterministic_v2/assessment/version_comparison/capacity_models.csv,experiment/outputs/cross_model_v1/run_20260924_01/paper/online_resource_2/v2/assessment/version_comparison/capacity_models.csv,3e9e309601fecbdeedcc16400b9b688d32cd4a34cfcdf8ca403f5c983c0aabb4,3e9e309601fecbdeedcc16400b9b688d32cd4a34cfcdf8ca403f5c983c0aabb4,none
experiments/paysim_deterministic_v2/assessment/version_comparison/component_intervals.csv,experiment/outputs/cross_model_v1/run_20260924_01/paper/online_resource_2/v2/assessment/version_comparison/component_intervals.csv,3675ca9382e4842701d9c11f724377a00e82bdc1671ae06a3160b29e95de82a4,3675ca9382e4842701d9c11f724377a00e82bdc1671ae06a3160b29e95de82a4,none
experiments/paysim_deterministic_v2/assessment/version_comparison/coverage.csv,experiment/outputs/cross_model_v1/run_20260924_01/paper/online_resource_2/v2/assessment/version_comparison/coverage.csv,8b91ef319721c9275062de636f486bfd37f5a9702717245b8b49076338e69c18,8b91ef319721c9275062de636f486bfd37f5a9702717245b8b49076338e69c18,none
experiments/paysim_deterministic_v2/assessment/version_comparison/paired_version_component_intervals.csv,experiment/outputs/cross_model_v1/run_20260924_01/paper/online_resource_2/v2/assessment/version_comparison/paired_version_component_intervals.csv,6f2595613e78edbc01b719746b128bf79dd5b1583d16590b82585bdd14ffd8d3,6f2595613e78edbc01b719746b128bf79dd5b1583d16590b82585bdd14ffd8d3,none
experiments/paysim_deterministic_v2/assessment/version_comparison/primary_intervals.csv,experiment/outputs/cross_model_v1/run_20260924_01/paper/online_resource_2/v2/assessment/version_comparison/primary_intervals.csv,c4a3b493bbe6d150334aa648aac986f46d2af76c9fc4611297e325ba18dd1f90,c4a3b493bbe6d150334aa648aac986f46d2af76c9fc4611297e325ba18dd1f90,none
experiments/paysim_deterministic_v2/assessment/version_comparison/priority_summaries.csv,experiment/outputs/cross_model_v1/run_20260924_01/paper/online_resource_2/v2/assessment/version_comparison/priority_summaries.csv,61b41760dae2475f377951a50ead9f8b620a2ee41239638b7084a7b25b3aa8c5,61b41760dae2475f377951a50ead9f8b620a2ee41239638b7084a7b25b3aa8c5,none
experiments/paysim_deterministic_v2/assessment/version_comparison/processing_intervals.csv,experiment/outputs/cross_model_v1/run_20260924_01/paper/online_resource_2/v2/assessment/version_comparison/processing_intervals.csv,bb53f8b994d09f18127d9b870576f1099f5935ed0aa9ddfed95cf7d3210bb65c,bb53f8b994d09f18127d9b870576f1099f5935ed0aa9ddfed95cf7d3210bb65c,none
experiments/paysim_deterministic_v2/assessment/version_comparison/score_stage_contrasts.csv,experiment/outputs/cross_model_v1/run_20260924_01/paper/online_resource_2/v2/assessment/version_comparison/score_stage_contrasts.csv,592787f9670b2274113fe2b12abcc3a7ac2947a7ee1347763256ae6a8ca1ba5d,592787f9670b2274113fe2b12abcc3a7ac2947a7ee1347763256ae6a8ca1ba5d,none
experiments/paysim_deterministic_v2/assessment/version_comparison/score_stage_models.csv,experiment/outputs/cross_model_v1/run_20260924_01/paper/online_resource_2/v2/assessment/version_comparison/score_stage_models.csv,de001af638c3e09b2be032750b9a8f0951bc9b335dca025eee39c36b1278feff,de001af638c3e09b2be032750b9a8f0951bc9b335dca025eee39c36b1278feff,none
experiments/paysim_deterministic_v2/assessment/version_comparison/secondary_overall_intervals.csv,experiment/outputs/cross_model_v1/run_20260924_01/paper/online_resource_2/v2/assessment/version_comparison/secondary_overall_intervals.csv,7c9f696447ecd005af721f69aec5aaab150e42f353eb7a4bfa07c399a1282432,7c9f696447ecd005af721f69aec5aaab150e42f353eb7a4bfa07c399a1282432,none
experiments/paysim_deterministic_v2/assessment/version_comparison/v1_all_660_scenarios.csv,experiment/outputs/cross_model_v1/run_20260924_01/paper/online_resource_2/v2/assessment/version_comparison/v1_all_660_scenarios.csv,4a8bcd942d0ecc2a8a7e1cc9efe688ebdcb37815996bf2c444c1d48e20d48c33,4a8bcd942d0ecc2a8a7e1cc9efe688ebdcb37815996bf2c444c1d48e20d48c33,none
experiments/paysim_deterministic_v2/audit/FULL_FEATURE_INVARIANCE.json,experiment/outputs/cross_model_v1/run_20260924_01/paper/online_resource_2/v2/audit/FULL_FEATURE_INVARIANCE.json,4544c1668df334296755b8df421bb581217e54205c060a4ca4ca928f72781cd5,4544c1668df334296755b8df421bb581217e54205c060a4ca4ca928f72781cd5,none
experiments/paysim_deterministic_v2/audit/MODEL_INPUT_SIGNATURE_EQUALITY.json,experiment/outputs/cross_model_v1/run_20260924_01/paper/online_resource_2/v2/audit/MODEL_INPUT_SIGNATURE_EQUALITY.json,ae25a53cb176073c337f349c8e4ca2869a52330215585297556966421cae9a7f,ae25a53cb176073c337f349c8e4ca2869a52330215585297556966421cae9a7f,none
experiments/paysim_deterministic_v2/audit/OLD_NEW_RAW_POPULATION.json,experiment/outputs/cross_model_v1/run_20260924_01/paper/online_resource_2/v2/audit/OLD_NEW_RAW_POPULATION.json,759c90d0aa3c1eb8509b7f0b863bce33518121084abfea32f5d37e3004f928ba,759c90d0aa3c1eb8509b7f0b863bce33518121084abfea32f5d37e3004f928ba,none
experiments/paysim_deterministic_v2/audit/ORDINARY_WHEEL_FEATURE_INVARIANCE.json,experiment/outputs/cross_model_v1/run_20260924_01/paper/online_resource_2/v2/audit/ORDINARY_WHEEL_FEATURE_INVARIANCE.json,4544c1668df334296755b8df421bb581217e54205c060a4ca4ca928f72781cd5,4544c1668df334296755b8df421bb581217e54205c060a4ca4ca928f72781cd5,none
experiments/paysim_deterministic_v2/evidence/audit/inputs/STATUS.json,experiment/outputs/cross_model_v1/run_20260924_01/paper/online_resource_2/v2/evidence/audit/inputs/STATUS.json,96f0142159f9f942d493aadd65a1d05d1e024fb662e6002e3396520e7ef78d1a,96f0142159f9f942d493aadd65a1d05d1e024fb662e6002e3396520e7ef78d1a,none
experiments/paysim_deterministic_v2/evidence/audit/inputs/alignment.csv,experiment/outputs/cross_model_v1/run_20260924_01/paper/online_resource_2/v2/evidence/audit/inputs/alignment.csv,7621cd73c817a7c1890d7f9f1c2106aa796c5ddfa84c361ec92d7c60d2682f90,7621cd73c817a7c1890d7f9f1c2106aa796c5ddfa84c361ec92d7c60d2682f90,none
experiments/paysim_deterministic_v2/evidence/audit_source_provenance.json,experiment/outputs/cross_model_v1/run_20260924_01/paper/online_resource_2/v2/evidence/audit_source_provenance.json,45c97b9ceb7b29aec1c59f24862b6985c49b93f24cedea16e1676fae684ec96f,45c97b9ceb7b29aec1c59f24862b6985c49b93f24cedea16e1676fae684ec96f,none
experiments/paysim_deterministic_v2/evidence/b1/STATUS.json,experiment/outputs/cross_model_v1/run_20260924_01/paper/online_resource_2/v2/evidence/b1/STATUS.json,bb4bb173eea3bfd1b7bf003b8c734209bdf92b12f9eaaaf76cb15b6f228d927c,bb4bb173eea3bfd1b7bf003b8c734209bdf92b12f9eaaaf76cb15b6f228d927c,none
experiments/paysim_deterministic_v2/evidence/b1/processing_effects_seed.csv,experiment/outputs/cross_model_v1/run_20260924_01/paper/online_resource_2/v2/evidence/b1/processing_effects_seed.csv,3a8d3730f6405f7dbde6a09ca0b4e89cbfbbcb466c123d773f5537c7002d3b89,3a8d3730f6405f7dbde6a09ca0b4e89cbfbbcb466c123d773f5537c7002d3b89,none
experiments/paysim_deterministic_v2/evidence/b1/score_tie_audit.csv,experiment/outputs/cross_model_v1/run_20260924_01/paper/online_resource_2/v2/evidence/b1/score_tie_audit.csv,279241973f13817caee8bb2bf776df62305ee0005ba893a815791dd86151e3ad,279241973f13817caee8bb2bf776df62305ee0005ba893a815791dd86151e3ad,none
experiments/paysim_deterministic_v2/evidence/b1/stage_contrasts_fold.csv,experiment/outputs/cross_model_v1/run_20260924_01/paper/online_resource_2/v2/evidence/b1/stage_contrasts_fold.csv,a3bfa71d688c3d173407fb6f2152ed7748f40a26bc5ed97f9ddb2f66660d6982,a3bfa71d688c3d173407fb6f2152ed7748f40a26bc5ed97f9ddb2f66660d6982,none
experiments/paysim_deterministic_v2/evidence/b2/calculation/STATUS.json,experiment/outputs/cross_model_v1/run_20260924_01/paper/online_resource_2/v2/evidence/b2/calculation/STATUS.json,9c92896187c7e004ba1c279ddf5dc1accb34463a8f89fcba3934eb5fa5b20117,9c92896187c7e004ba1c279ddf5dc1accb34463a8f89fcba3934eb5fa5b20117,none
experiments/paysim_deterministic_v2/evidence/b2/calculation/component_intervals.csv,experiment/outputs/cross_model_v1/run_20260924_01/paper/online_resource_2/v2/evidence/b2/calculation/component_intervals.csv,47c07438f445546b0f3d37108439f10b89614ee9b995f8d362f33fc05887db11,47c07438f445546b0f3d37108439f10b89614ee9b995f8d362f33fc05887db11,none
experiments/paysim_deterministic_v2/evidence/b2/calculation/invalid_replicates.csv,experiment/outputs/cross_model_v1/run_20260924_01/paper/online_resource_2/v2/evidence/b2/calculation/invalid_replicates.csv,c2ea84168084bbeb901b2bb868c9049557e1da6a9c31ce04f10b67f9319be759,c2ea84168084bbeb901b2bb868c9049557e1da6a9c31ce04f10b67f9319be759,none
experiments/paysim_deterministic_v2/evidence/b2/calculation/processing_effect_intervals.csv,experiment/outputs/cross_model_v1/run_20260924_01/paper/online_resource_2/v2/evidence/b2/calculation/processing_effect_intervals.csv,f8267c922d888c11c9dae9c1fa89c1035557cf55c236c1b982963808d77ad5cb,f8267c922d888c11c9dae9c1fa89c1035557cf55c236c1b982963808d77ad5cb,none
experiments/paysim_deterministic_v2/evidence/b2/calculation/timing.csv,experiment/outputs/cross_model_v1/run_20260924_01/paper/online_resource_2/v2/evidence/b2/calculation/timing.csv,7c1289aff8ee959f1e200859ec51c196b761a35b3c1107530308135fc1ba80e5,7c1289aff8ee959f1e200859ec51c196b761a35b3c1107530308135fc1ba80e5,none
experiments/paysim_deterministic_v2/evidence/b2/draws/STATUS.json,experiment/outputs/cross_model_v1/run_20260924_01/paper/online_resource_2/v2/evidence/b2/draws/STATUS.json,4c623edae0695b03b2f4eab078196cf0a47fa6639402b467b7174e6cc89a2851,4c623edae0695b03b2f4eab078196cf0a47fa6639402b467b7174e6cc89a2851,none
experiments/paysim_deterministic_v2/evidence/b2/draws/paysim_1_population.csv,experiment/outputs/cross_model_v1/run_20260924_01/paper/online_resource_2/v2/evidence/b2/draws/paysim_1_population.csv,940d2cc35102e14506d2f246df2950e2de5c60be0318158117b353a11de891a8,940d2cc35102e14506d2f246df2950e2de5c60be0318158117b353a11de891a8,none
experiments/paysim_deterministic_v2/evidence/b2/draws/paysim_2_population.csv,experiment/outputs/cross_model_v1/run_20260924_01/paper/online_resource_2/v2/evidence/b2/draws/paysim_2_population.csv,bcec24789196a7f227c46318a2fcc5f1eacdc895a7a9c0466f6c47cf0ae8c5e8,bcec24789196a7f227c46318a2fcc5f1eacdc895a7a9c0466f6c47cf0ae8c5e8,none
experiments/paysim_deterministic_v2/evidence/b2/draws/paysim_3_population.csv,experiment/outputs/cross_model_v1/run_20260924_01/paper/online_resource_2/v2/evidence/b2/draws/paysim_3_population.csv,b130a9302a8610e0e8201c971db62ce48f75066eeef16d8ff9a199cdbd23b702,b130a9302a8610e0e8201c971db62ce48f75066eeef16d8ff9a199cdbd23b702,none
experiments/paysim_deterministic_v2/evidence/b3/priorities/STATUS.json,experiment/outputs/cross_model_v1/run_20260924_01/paper/online_resource_2/v2/evidence/b3/priorities/STATUS.json,02187fc6804e2a650a112817f59f58c3543e2ae4fb040b65aac34b188360bfaf,02187fc6804e2a650a112817f59f58c3543e2ae4fb040b65aac34b188360bfaf,none
experiments/paysim_deterministic_v2/evidence/b3/priorities/shared_priority_summary.csv,experiment/outputs/cross_model_v1/run_20260924_01/paper/online_resource_2/v2/evidence/b3/priorities/shared_priority_summary.csv,4a91c4b427df1a2b62803ec3356995d1d631f73d71935198a195d1ec0d043c88,4a91c4b427df1a2b62803ec3356995d1d631f73d71935198a195d1ec0d043c88,none
experiments/paysim_deterministic_v2/evidence/b3/profiles/STATUS.json,experiment/outputs/cross_model_v1/run_20260924_01/paper/online_resource_2/v2/evidence/b3/profiles/STATUS.json,1649cc495aadcec95de216a82626fac4f770aa2fcac5a5fccb3923abbc82c36f,1649cc495aadcec95de216a82626fac4f770aa2fcac5a5fccb3923abbc82c36f,none
experiments/paysim_deterministic_v2/evidence/b3/profiles/capacity_contrasts_fold.csv,experiment/outputs/cross_model_v1/run_20260924_01/paper/online_resource_2/v2/evidence/b3/profiles/capacity_contrasts_fold.csv,6ac50147ac282add2587d91a622af4d87a8e692860a5962f7b0135cb69b4d3ab,6ac50147ac282add2587d91a622af4d87a8e692860a5962f7b0135cb69b4d3ab,none
experiments/paysim_deterministic_v2/evidence/b3/profiles/capacity_tie_model.csv,experiment/outputs/cross_model_v1/run_20260924_01/paper/online_resource_2/v2/evidence/b3/profiles/capacity_tie_model.csv,77a80cb5773933d4c017a2a4800fef6512ef7033a0c28ea9b15dbde468344f70,77a80cb5773933d4c017a2a4800fef6512ef7033a0c28ea9b15dbde468344f70,none
experiments/paysim_deterministic_v2/evidence/bootstrap_source_provenance.json,experiment/outputs/cross_model_v1/run_20260924_01/paper/online_resource_2/v2/evidence/bootstrap_source_provenance.json,45c97b9ceb7b29aec1c59f24862b6985c49b93f24cedea16e1676fae684ec96f,45c97b9ceb7b29aec1c59f24862b6985c49b93f24cedea16e1676fae684ec96f,none
experiments/paysim_deterministic_v2/evidence/calibration/STATUS.json,experiment/outputs/cross_model_v1/run_20260924_01/paper/online_resource_2/v2/evidence/calibration/STATUS.json,94ba20774354eb7a878c8e2adea888a6a93cba990991c661980d30023834da8c,94ba20774354eb7a878c8e2adea888a6a93cba990991c661980d30023834da8c,none
experiments/paysim_deterministic_v2/evidence/calibration/calibration_ablation_results.csv,experiment/outputs/cross_model_v1/run_20260924_01/paper/online_resource_2/v2/evidence/calibration/calibration_ablation_results.csv,f0bd568a29156610cec956cf0e866cf913d0e15a0ccf7b616d7af8916eb995da,f0bd568a29156610cec956cf0e866cf913d0e15a0ccf7b616d7af8916eb995da,none
experiments/paysim_deterministic_v2/evidence/calibration/calibration_ablation_summary.csv,experiment/outputs/cross_model_v1/run_20260924_01/paper/online_resource_2/v2/evidence/calibration/calibration_ablation_summary.csv,81755e5d32c99b7bd1a1b8657dc6eec8732adbe06eef9002795c13970347e8dc,81755e5d32c99b7bd1a1b8657dc6eec8732adbe06eef9002795c13970347e8dc,none
experiments/paysim_deterministic_v2/evidence/calibration/calibration_bayes_decision_results.csv,experiment/outputs/cross_model_v1/run_20260924_01/paper/online_resource_2/v2/evidence/calibration/calibration_bayes_decision_results.csv,cf3abbd3f19dec80b4cfd879004e3b8ace240cf09a2838b58e4d3cd233505b9d,cf3abbd3f19dec80b4cfd879004e3b8ace240cf09a2838b58e4d3cd233505b9d,none
experiments/paysim_deterministic_v2/evidence/calibration/calibration_curve_points.csv,experiment/outputs/cross_model_v1/run_20260924_01/paper/online_resource_2/v2/evidence/calibration/calibration_curve_points.csv,e609a6e3c28c4d07ba44bbfea3f198536f486a47bc0c37f255fbadf6e8cf452e,e609a6e3c28c4d07ba44bbfea3f198536f486a47bc0c37f255fbadf6e8cf452e,none
experiments/paysim_deterministic_v2/evidence/calibration/calibration_decision_invariance.csv,experiment/outputs/cross_model_v1/run_20260924_01/paper/online_resource_2/v2/evidence/calibration/calibration_decision_invariance.csv,3fbeccafedd48f76fa1f21dc5aa3cd447fe0b192203dcbb4cd08a341a1ed1717,3fbeccafedd48f76fa1f21dc5aa3cd447fe0b192203dcbb4cd08a341a1ed1717,none
experiments/paysim_deterministic_v2/evidence/calibration/calibration_pairwise_reliability.csv,experiment/outputs/cross_model_v1/run_20260924_01/paper/online_resource_2/v2/evidence/calibration/calibration_pairwise_reliability.csv,ffabead0357f8b61506527477a5ec36d386e2b16c7951e62aac5d736d8a903cd,ffabead0357f8b61506527477a5ec36d386e2b16c7951e62aac5d736d8a903cd,none
experiments/paysim_deterministic_v2/evidence/calibration/constant_reference_fold.csv,experiment/outputs/cross_model_v1/run_20260924_01/paper/online_resource_2/v2/evidence/calibration/constant_reference_fold.csv,65dc0543cd940408eeba93d532827cbbd0052f4566ee314d765cdfde8c5ebc14,65dc0543cd940408eeba93d532827cbbd0052f4566ee314d765cdfde8c5ebc14,none
experiments/paysim_deterministic_v2/evidence/calibration/constant_reference_seed.csv,experiment/outputs/cross_model_v1/run_20260924_01/paper/online_resource_2/v2/evidence/calibration/constant_reference_seed.csv,04b4289bfd9a1206ed84354fa81797adb60f4c0e93d2391d115fa00c8e775a7e,04b4289bfd9a1206ed84354fa81797adb60f4c0e93d2391d115fa00c8e775a7e,none
experiments/paysim_deterministic_v2/evidence/draws_source_provenance.json,experiment/outputs/cross_model_v1/run_20260924_01/paper/online_resource_2/v2/evidence/draws_source_provenance.json,45c97b9ceb7b29aec1c59f24862b6985c49b93f24cedea16e1676fae684ec96f,45c97b9ceb7b29aec1c59f24862b6985c49b93f24cedea16e1676fae684ec96f,none
experiments/paysim_deterministic_v2/evidence/points_source_provenance.json,experiment/outputs/cross_model_v1/run_20260924_01/paper/online_resource_2/v2/evidence/points_source_provenance.json,45c97b9ceb7b29aec1c59f24862b6985c49b93f24cedea16e1676fae684ec96f,45c97b9ceb7b29aec1c59f24862b6985c49b93f24cedea16e1676fae684ec96f,none
experiments/paysim_deterministic_v2/evidence/primary/STATUS.json,experiment/outputs/cross_model_v1/run_20260924_01/paper/online_resource_2/v2/evidence/primary/STATUS.json,b2d412944cb2d6a9051ee7b7d052513c1c5ccaca9bcb5dfd31913fd685b026ab,b2d412944cb2d6a9051ee7b7d052513c1c5ccaca9bcb5dfd31913fd685b026ab,none
experiments/paysim_deterministic_v2/evidence/primary/block_sensitivity_summary.csv,experiment/outputs/cross_model_v1/run_20260924_01/paper/online_resource_2/v2/evidence/primary/block_sensitivity_summary.csv,bb7a69d4c118c2f9a08cb846a4301e750bd4949e3d8f27ca45d92d25874d1470,bb7a69d4c118c2f9a08cb846a4301e750bd4949e3d8f27ca45d92d25874d1470,none
experiments/paysim_deterministic_v2/evidence/primary/temporal_dependence_diagnostics.csv,experiment/outputs/cross_model_v1/run_20260924_01/paper/online_resource_2/v2/evidence/primary/temporal_dependence_diagnostics.csv,19167b00752bcd9adeba337e5461a9cbad1fca37253f6afd7d148851c298cb37,19167b00752bcd9adeba337e5461a9cbad1fca37253f6afd7d148851c298cb37,none
experiments/paysim_deterministic_v2/evidence/primary/timeblock_bootstrap_fold_summary.csv,experiment/outputs/cross_model_v1/run_20260924_01/paper/online_resource_2/v2/evidence/primary/timeblock_bootstrap_fold_summary.csv,2c56c3724d7785a3af10c60aa2ea25eeff135a47638c194df5916b85047ca284,2c56c3724d7785a3af10c60aa2ea25eeff135a47638c194df5916b85047ca284,none
experiments/paysim_deterministic_v2/evidence/primary/timeblock_bootstrap_overall_summary.csv,experiment/outputs/cross_model_v1/run_20260924_01/paper/online_resource_2/v2/evidence/primary/timeblock_bootstrap_overall_summary.csv,0ae028e64d91206a6dbf84405147673d53cffbfb58859e80340f042219cdfc5d,0ae028e64d91206a6dbf84405147673d53cffbfb58859e80340f042219cdfc5d,none
experiments/paysim_deterministic_v2/evidence/priorities_source_provenance.json,experiment/outputs/cross_model_v1/run_20260924_01/paper/online_resource_2/v2/evidence/priorities_source_provenance.json,45c97b9ceb7b29aec1c59f24862b6985c49b93f24cedea16e1676fae684ec96f,45c97b9ceb7b29aec1c59f24862b6985c49b93f24cedea16e1676fae684ec96f,none
experiments/paysim_deterministic_v2/evidence/score_audit/STATUS.json,experiment/outputs/cross_model_v1/run_20260924_01/paper/online_resource_2/v2/evidence/score_audit/STATUS.json,c3c583eebc4a0d13de873f0c6e11269c1681ddcfec8f5aae0ec06fce14e6db8a,c3c583eebc4a0d13de873f0c6e11269c1681ddcfec8f5aae0ec06fce14e6db8a,none
experiments/paysim_deterministic_v2/evidence/score_audit/all_score_processing.csv,experiment/outputs/cross_model_v1/run_20260924_01/paper/online_resource_2/v2/evidence/score_audit/all_score_processing.csv,8a5e6838a44fe8f77b3585d4b6d4aa62f20ce6523decd1b9a73a9349e163891d,8a5e6838a44fe8f77b3585d4b6d4aa62f20ce6523decd1b9a73a9349e163891d,none
experiments/paysim_deterministic_v2/evidence/training/COMPLETED.json,experiment/outputs/cross_model_v1/run_20260924_01/paper/online_resource_2/v2/evidence/training/COMPLETED.json,b0fbbd13eb7a4f383bde99e263fb69e12d2a29f4e79d875e233b0818a57f35d6,b0fbbd13eb7a4f383bde99e263fb69e12d2a29f4e79d875e233b0818a57f35d6,none
experiments/paysim_deterministic_v2/evidence/training/TRAINING_INPUTS.json,experiment/outputs/cross_model_v1/run_20260924_01/paper/online_resource_2/v2/evidence/training/TRAINING_INPUTS.json,cf7d81ebd9349fc8dc1e13157a5f9a68ebc197527c84877b5006bc5741b8cff6,cf7d81ebd9349fc8dc1e13157a5f9a68ebc197527c84877b5006bc5741b8cff6,none
experiments/paysim_deterministic_v2/evidence/training/all_seed_results.csv,experiment/outputs/cross_model_v1/run_20260924_01/paper/online_resource_2/v2/evidence/training/all_seed_results.csv,acd17dda7a4c758539759706c9f61962e4af78e68ea4ddd3c6470c5db8b11cec,acd17dda7a4c758539759706c9f61962e4af78e68ea4ddd3c6470c5db8b11cec,none
experiments/paysim_deterministic_v2/evidence/training/paysim_1_P0_42.json,experiment/outputs/cross_model_v1/run_20260924_01/paper/online_resource_2/v2/evidence/training/paysim_1_P0_42.json,ddc561797c7e550e335a51554417fb348a8f0ef5108b310aff3a02caff15d7bb,ddc561797c7e550e335a51554417fb348a8f0ef5108b310aff3a02caff15d7bb,none
experiments/paysim_deterministic_v2/evidence/training/paysim_1_P0_42_isotonic.json,experiment/outputs/cross_model_v1/run_20260924_01/paper/online_resource_2/v2/evidence/training/paysim_1_P0_42_isotonic.json,817bcd71eef9b94d5914bec78a38ca8593318b3ba94300c4c4056bcdc325d622,817bcd71eef9b94d5914bec78a38ca8593318b3ba94300c4c4056bcdc325d622,none
experiments/paysim_deterministic_v2/evidence/training/paysim_1_P0_52.json,experiment/outputs/cross_model_v1/run_20260924_01/paper/online_resource_2/v2/evidence/training/paysim_1_P0_52.json,d92c4f293124cb0f9ae4339a84af24d892fc7da8ac852bf35481a52db16a9b49,d92c4f293124cb0f9ae4339a84af24d892fc7da8ac852bf35481a52db16a9b49,none
experiments/paysim_deterministic_v2/evidence/training/paysim_1_P0_52_isotonic.json,experiment/outputs/cross_model_v1/run_20260924_01/paper/online_resource_2/v2/evidence/training/paysim_1_P0_52_isotonic.json,aea4b90d766dccb54e5cfe96467b03aab9812bea0ab653271bfc8cdce2ffb07a,aea4b90d766dccb54e5cfe96467b03aab9812bea0ab653271bfc8cdce2ffb07a,none
experiments/paysim_deterministic_v2/evidence/training/paysim_1_P0_62.json,experiment/outputs/cross_model_v1/run_20260924_01/paper/online_resource_2/v2/evidence/training/paysim_1_P0_62.json,4c7ecd61629b05380c15ea1deb28e5e00e1d888141fc3a7a59cf35c0a7f5fea9,4c7ecd61629b05380c15ea1deb28e5e00e1d888141fc3a7a59cf35c0a7f5fea9,none
experiments/paysim_deterministic_v2/evidence/training/paysim_1_P0_62_isotonic.json,experiment/outputs/cross_model_v1/run_20260924_01/paper/online_resource_2/v2/evidence/training/paysim_1_P0_62_isotonic.json,6ca52ef5518d3a3cb279b00ab1b74b9eaad7a491db154d628e000c7e805f84ef,6ca52ef5518d3a3cb279b00ab1b74b9eaad7a491db154d628e000c7e805f84ef,none
experiments/paysim_deterministic_v2/evidence/training/paysim_1_P0_72.json,experiment/outputs/cross_model_v1/run_20260924_01/paper/online_resource_2/v2/evidence/training/paysim_1_P0_72.json,b95c9fe97e38218dca03c6f55d77bb67f9d2484a01791c8c0f37fde16353198a,b95c9fe97e38218dca03c6f55d77bb67f9d2484a01791c8c0f37fde16353198a,none
experiments/paysim_deterministic_v2/evidence/training/paysim_1_P0_72_isotonic.json,experiment/outputs/cross_model_v1/run_20260924_01/paper/online_resource_2/v2/evidence/training/paysim_1_P0_72_isotonic.json,afa5b7a3d147cbcefa7eeccc47d47271e52ece6498a82fb7f86abaaf739914de,afa5b7a3d147cbcefa7eeccc47d47271e52ece6498a82fb7f86abaaf739914de,none
experiments/paysim_deterministic_v2/evidence/training/paysim_1_P0_82.json,experiment/outputs/cross_model_v1/run_20260924_01/paper/online_resource_2/v2/evidence/training/paysim_1_P0_82.json,aba3a751012e15e3b4f81fa195f47d66bce8fbba569af07fc57f04b9fb2c66b7,aba3a751012e15e3b4f81fa195f47d66bce8fbba569af07fc57f04b9fb2c66b7,none
experiments/paysim_deterministic_v2/evidence/training/paysim_1_P0_82_isotonic.json,experiment/outputs/cross_model_v1/run_20260924_01/paper/online_resource_2/v2/evidence/training/paysim_1_P0_82_isotonic.json,08ca7f1a343c605c73fcdc920cfb7f35db76726394dacfd09f8bed91ddbb1478,08ca7f1a343c605c73fcdc920cfb7f35db76726394dacfd09f8bed91ddbb1478,none
experiments/paysim_deterministic_v2/evidence/training/paysim_1_PH_42.json,experiment/outputs/cross_model_v1/run_20260924_01/paper/online_resource_2/v2/evidence/training/paysim_1_PH_42.json,71f8f1b96a974e09b03fe5b2341fd11f4052fa4c5ec2ba38094d00187812d782,71f8f1b96a974e09b03fe5b2341fd11f4052fa4c5ec2ba38094d00187812d782,none
experiments/paysim_deterministic_v2/evidence/training/paysim_1_PH_52.json,experiment/outputs/cross_model_v1/run_20260924_01/paper/online_resource_2/v2/evidence/training/paysim_1_PH_52.json,b31f535aa7aefc82e6b9d2d10f4432f1d6c55390f33aefccc78d90663b48e306,b31f535aa7aefc82e6b9d2d10f4432f1d6c55390f33aefccc78d90663b48e306,none
experiments/paysim_deterministic_v2/evidence/training/paysim_1_PH_62.json,experiment/outputs/cross_model_v1/run_20260924_01/paper/online_resource_2/v2/evidence/training/paysim_1_PH_62.json,67ae76c691015de3c95b0e51366a4a54a667c5b15d51835727fa3f8f75dfe91e,67ae76c691015de3c95b0e51366a4a54a667c5b15d51835727fa3f8f75dfe91e,none
experiments/paysim_deterministic_v2/evidence/training/paysim_1_PH_72.json,experiment/outputs/cross_model_v1/run_20260924_01/paper/online_resource_2/v2/evidence/training/paysim_1_PH_72.json,3a1f1cd3da13bc9417704281283519753306d3c0de3eba06b0ba69baceb1232b,3a1f1cd3da13bc9417704281283519753306d3c0de3eba06b0ba69baceb1232b,none
experiments/paysim_deterministic_v2/evidence/training/paysim_1_PH_82.json,experiment/outputs/cross_model_v1/run_20260924_01/paper/online_resource_2/v2/evidence/training/paysim_1_PH_82.json,875a9686747e21ea115c223b51279b4b2e7a6ea2936baa4ace2d5ff92d7e9221,875a9686747e21ea115c223b51279b4b2e7a6ea2936baa4ace2d5ff92d7e9221,none
experiments/paysim_deterministic_v2/evidence/training/paysim_1_PTHW5_42.json,experiment/outputs/cross_model_v1/run_20260924_01/paper/online_resource_2/v2/evidence/training/paysim_1_PTHW5_42.json,a2d0be576180d4960c1e35770bb6db8c5aac8087ac12ed6654cf1e532bb88171,a2d0be576180d4960c1e35770bb6db8c5aac8087ac12ed6654cf1e532bb88171,none
experiments/paysim_deterministic_v2/evidence/training/paysim_1_PTHW5_52.json,experiment/outputs/cross_model_v1/run_20260924_01/paper/online_resource_2/v2/evidence/training/paysim_1_PTHW5_52.json,1279c622d5e1614ab81ad8d1c8be11a5f73c3efa6491402aa981dfa8ed549ec3,1279c622d5e1614ab81ad8d1c8be11a5f73c3efa6491402aa981dfa8ed549ec3,none
experiments/paysim_deterministic_v2/evidence/training/paysim_1_PTHW5_62.json,experiment/outputs/cross_model_v1/run_20260924_01/paper/online_resource_2/v2/evidence/training/paysim_1_PTHW5_62.json,4e46f11787358e0bdfbcddb7182dc603abd11b01ccb593c19a047258c17c2dcd,4e46f11787358e0bdfbcddb7182dc603abd11b01ccb593c19a047258c17c2dcd,none
experiments/paysim_deterministic_v2/evidence/training/paysim_1_PTHW5_72.json,experiment/outputs/cross_model_v1/run_20260924_01/paper/online_resource_2/v2/evidence/training/paysim_1_PTHW5_72.json,0e4df5da94a5efb695eb4e4385e115e462c0bf1f09d6d108fd77b7ef00a34502,0e4df5da94a5efb695eb4e4385e115e462c0bf1f09d6d108fd77b7ef00a34502,none
experiments/paysim_deterministic_v2/evidence/training/paysim_1_PTHW5_82.json,experiment/outputs/cross_model_v1/run_20260924_01/paper/online_resource_2/v2/evidence/training/paysim_1_PTHW5_82.json,cd69b637e1bbd36e796982d34fda9e0e2e29ebb5419908b8dba76d7faa766043,cd69b637e1bbd36e796982d34fda9e0e2e29ebb5419908b8dba76d7faa766043,none
experiments/paysim_deterministic_v2/evidence/training/paysim_1_PTHW_42.json,experiment/outputs/cross_model_v1/run_20260924_01/paper/online_resource_2/v2/evidence/training/paysim_1_PTHW_42.json,ea64040179ce2fc50eb3651f618fa72ae81a03ceec8e8dde7fb1240005551251,ea64040179ce2fc50eb3651f618fa72ae81a03ceec8e8dde7fb1240005551251,none
experiments/paysim_deterministic_v2/evidence/training/paysim_1_PTHW_42_isotonic.json,experiment/outputs/cross_model_v1/run_20260924_01/paper/online_resource_2/v2/evidence/training/paysim_1_PTHW_42_isotonic.json,4b2314320ca53e2bcea43fbfae80bf704926027d7ae9ae73a1878f1ac5856e31,4b2314320ca53e2bcea43fbfae80bf704926027d7ae9ae73a1878f1ac5856e31,none
experiments/paysim_deterministic_v2/evidence/training/paysim_1_PTHW_52.json,experiment/outputs/cross_model_v1/run_20260924_01/paper/online_resource_2/v2/evidence/training/paysim_1_PTHW_52.json,03bb2e4a944e959a44128985fd3ed6444b225ea92e3b64837a32be45ae3d6a58,03bb2e4a944e959a44128985fd3ed6444b225ea92e3b64837a32be45ae3d6a58,none
experiments/paysim_deterministic_v2/evidence/training/paysim_1_PTHW_52_isotonic.json,experiment/outputs/cross_model_v1/run_20260924_01/paper/online_resource_2/v2/evidence/training/paysim_1_PTHW_52_isotonic.json,9466d85c313ba98c9ac19454ab5ebef070a791f27a03bbb1e58423bc5d283bc7,9466d85c313ba98c9ac19454ab5ebef070a791f27a03bbb1e58423bc5d283bc7,none
experiments/paysim_deterministic_v2/evidence/training/paysim_1_PTHW_62.json,experiment/outputs/cross_model_v1/run_20260924_01/paper/online_resource_2/v2/evidence/training/paysim_1_PTHW_62.json,ea9214f30aedb24fd9f435262ede980ac9c30cdc01b69d76d71c9a34d8499f70,ea9214f30aedb24fd9f435262ede980ac9c30cdc01b69d76d71c9a34d8499f70,none
experiments/paysim_deterministic_v2/evidence/training/paysim_1_PTHW_62_isotonic.json,experiment/outputs/cross_model_v1/run_20260924_01/paper/online_resource_2/v2/evidence/training/paysim_1_PTHW_62_isotonic.json,17f5dfcfb5b96d42919b822903052b30deaca5eba0037ea63210cfe7b2c1b421,17f5dfcfb5b96d42919b822903052b30deaca5eba0037ea63210cfe7b2c1b421,none
experiments/paysim_deterministic_v2/evidence/training/paysim_1_PTHW_72.json,experiment/outputs/cross_model_v1/run_20260924_01/paper/online_resource_2/v2/evidence/training/paysim_1_PTHW_72.json,5f330d02490dff7d33184c1cf8c72dd96da5c340d2d49c59a23bbfed9ef767cc,5f330d02490dff7d33184c1cf8c72dd96da5c340d2d49c59a23bbfed9ef767cc,none
experiments/paysim_deterministic_v2/evidence/training/paysim_1_PTHW_72_isotonic.json,experiment/outputs/cross_model_v1/run_20260924_01/paper/online_resource_2/v2/evidence/training/paysim_1_PTHW_72_isotonic.json,b327d1464b6dd2363508c9254aebbc9a4c4e3129d7c8210eb89e2ff9bdc311b2,b327d1464b6dd2363508c9254aebbc9a4c4e3129d7c8210eb89e2ff9bdc311b2,none
experiments/paysim_deterministic_v2/evidence/training/paysim_1_PTHW_82.json,experiment/outputs/cross_model_v1/run_20260924_01/paper/online_resource_2/v2/evidence/training/paysim_1_PTHW_82.json,743168b02fe97da339a3e7cdd47f7e36d8293b0dfc1c2e90d2f33d59b15a7a09,743168b02fe97da339a3e7cdd47f7e36d8293b0dfc1c2e90d2f33d59b15a7a09,none
experiments/paysim_deterministic_v2/evidence/training/paysim_1_PTHW_82_isotonic.json,experiment/outputs/cross_model_v1/run_20260924_01/paper/online_resource_2/v2/evidence/training/paysim_1_PTHW_82_isotonic.json,cbb1a4e8acda702d184265f9d9f63109b727ae0e09ce6507d1542397e810e528,cbb1a4e8acda702d184265f9d9f63109b727ae0e09ce6507d1542397e810e528,none
experiments/paysim_deterministic_v2/evidence/training/paysim_1_PTH_42.json,experiment/outputs/cross_model_v1/run_20260924_01/paper/online_resource_2/v2/evidence/training/paysim_1_PTH_42.json,41e94e41d7a3bdad30dba20a95018d715b430562b0d7a9549b09366279412843,41e94e41d7a3bdad30dba20a95018d715b430562b0d7a9549b09366279412843,none
experiments/paysim_deterministic_v2/evidence/training/paysim_1_PTH_52.json,experiment/outputs/cross_model_v1/run_20260924_01/paper/online_resource_2/v2/evidence/training/paysim_1_PTH_52.json,9792424f18fb6e258afff20f10b98114928cd29802a8a7babddd8aa17d9c872c,9792424f18fb6e258afff20f10b98114928cd29802a8a7babddd8aa17d9c872c,none
experiments/paysim_deterministic_v2/evidence/training/paysim_1_PTH_62.json,experiment/outputs/cross_model_v1/run_20260924_01/paper/online_resource_2/v2/evidence/training/paysim_1_PTH_62.json,192bba755fb52ef14544e97c41ad5a6a6b9d2f0a1b9dfcb0c9358b544690a854,192bba755fb52ef14544e97c41ad5a6a6b9d2f0a1b9dfcb0c9358b544690a854,none
experiments/paysim_deterministic_v2/evidence/training/paysim_1_PTH_72.json,experiment/outputs/cross_model_v1/run_20260924_01/paper/online_resource_2/v2/evidence/training/paysim_1_PTH_72.json,c6a9b7e04449714ac4137894aaa37f3e690c33a27ae8e4e1e37d632ffbf4183b,c6a9b7e04449714ac4137894aaa37f3e690c33a27ae8e4e1e37d632ffbf4183b,none
experiments/paysim_deterministic_v2/evidence/training/paysim_1_PTH_82.json,experiment/outputs/cross_model_v1/run_20260924_01/paper/online_resource_2/v2/evidence/training/paysim_1_PTH_82.json,5d705f9806aea1c09687423025f9feaba679f039a23939d6ef906b983fb2e9b9,5d705f9806aea1c09687423025f9feaba679f039a23939d6ef906b983fb2e9b9,none
experiments/paysim_deterministic_v2/evidence/training/paysim_1_PT_42.json,experiment/outputs/cross_model_v1/run_20260924_01/paper/online_resource_2/v2/evidence/training/paysim_1_PT_42.json,87d42c0a35fa0fdfa7fc5164fadfa55dc3a4ffd89e9933ca5d1d26f2751de009,87d42c0a35fa0fdfa7fc5164fadfa55dc3a4ffd89e9933ca5d1d26f2751de009,none
experiments/paysim_deterministic_v2/evidence/training/paysim_1_PT_52.json,experiment/outputs/cross_model_v1/run_20260924_01/paper/online_resource_2/v2/evidence/training/paysim_1_PT_52.json,c9d383f058159500f1cd0e5239a953663c77d62316d586167d264f762582a9cc,c9d383f058159500f1cd0e5239a953663c77d62316d586167d264f762582a9cc,none
experiments/paysim_deterministic_v2/evidence/training/paysim_1_PT_62.json,experiment/outputs/cross_model_v1/run_20260924_01/paper/online_resource_2/v2/evidence/training/paysim_1_PT_62.json,a0031c0547d8f5610bfc9de8748f89af8e05f45b68fd2181d44a2005768bdf73,a0031c0547d8f5610bfc9de8748f89af8e05f45b68fd2181d44a2005768bdf73,none
experiments/paysim_deterministic_v2/evidence/training/paysim_1_PT_72.json,experiment/outputs/cross_model_v1/run_20260924_01/paper/online_resource_2/v2/evidence/training/paysim_1_PT_72.json,5a93f319264b907e5e41a7903b0026bbbe185c81c773d45701a24ee6b2b49d49,5a93f319264b907e5e41a7903b0026bbbe185c81c773d45701a24ee6b2b49d49,none
experiments/paysim_deterministic_v2/evidence/training/paysim_1_PT_82.json,experiment/outputs/cross_model_v1/run_20260924_01/paper/online_resource_2/v2/evidence/training/paysim_1_PT_82.json,b0a5c96b06ede136f882aa5c3d9bbaf321d8b22ad4655b0fe54c9d5c4551d3bb,b0a5c96b06ede136f882aa5c3d9bbaf321d8b22ad4655b0fe54c9d5c4551d3bb,none
experiments/paysim_deterministic_v2/evidence/training/paysim_2_P0_42.json,experiment/outputs/cross_model_v1/run_20260924_01/paper/online_resource_2/v2/evidence/training/paysim_2_P0_42.json,87b4b9a5dff558a1e2c6f5f29bcfd3432bafe0615ad9d060b57b937a91de4278,87b4b9a5dff558a1e2c6f5f29bcfd3432bafe0615ad9d060b57b937a91de4278,none
experiments/paysim_deterministic_v2/evidence/training/paysim_2_P0_42_isotonic.json,experiment/outputs/cross_model_v1/run_20260924_01/paper/online_resource_2/v2/evidence/training/paysim_2_P0_42_isotonic.json,f94f380b62b59afe09fcf2a9f19fda4262d269028b702a4eb6227015468b9518,f94f380b62b59afe09fcf2a9f19fda4262d269028b702a4eb6227015468b9518,none
experiments/paysim_deterministic_v2/evidence/training/paysim_2_P0_52.json,experiment/outputs/cross_model_v1/run_20260924_01/paper/online_resource_2/v2/evidence/training/paysim_2_P0_52.json,24ac86416b0b788e272ed1c7b6f104085b89195bf3e77c2929b7729de22ee56c,24ac86416b0b788e272ed1c7b6f104085b89195bf3e77c2929b7729de22ee56c,none
experiments/paysim_deterministic_v2/evidence/training/paysim_2_P0_52_isotonic.json,experiment/outputs/cross_model_v1/run_20260924_01/paper/online_resource_2/v2/evidence/training/paysim_2_P0_52_isotonic.json,2b220a7223bd785c7d4d87e532773a870150a167a0a22e6f91e83d2be4adab6a,2b220a7223bd785c7d4d87e532773a870150a167a0a22e6f91e83d2be4adab6a,none
experiments/paysim_deterministic_v2/evidence/training/paysim_2_P0_62.json,experiment/outputs/cross_model_v1/run_20260924_01/paper/online_resource_2/v2/evidence/training/paysim_2_P0_62.json,d2e3978b83aaf55dfc85c2e8c455454d8408cf38770a25193e866cc2c87d642c,d2e3978b83aaf55dfc85c2e8c455454d8408cf38770a25193e866cc2c87d642c,none
experiments/paysim_deterministic_v2/evidence/training/paysim_2_P0_62_isotonic.json,experiment/outputs/cross_model_v1/run_20260924_01/paper/online_resource_2/v2/evidence/training/paysim_2_P0_62_isotonic.json,5be8af5ae1d19283a745776dc56ecd706c9a8f92cc99bea9cdd829c302c4fba9,5be8af5ae1d19283a745776dc56ecd706c9a8f92cc99bea9cdd829c302c4fba9,none
experiments/paysim_deterministic_v2/evidence/training/paysim_2_P0_72.json,experiment/outputs/cross_model_v1/run_20260924_01/paper/online_resource_2/v2/evidence/training/paysim_2_P0_72.json,300d8aafe377f4974d7578ccaa63dac2b2fb4c785326c92b6f9c8d4e22bf5bf2,300d8aafe377f4974d7578ccaa63dac2b2fb4c785326c92b6f9c8d4e22bf5bf2,none
experiments/paysim_deterministic_v2/evidence/training/paysim_2_P0_72_isotonic.json,experiment/outputs/cross_model_v1/run_20260924_01/paper/online_resource_2/v2/evidence/training/paysim_2_P0_72_isotonic.json,7e7bfaede06e9726f5f787e279059cf4de73df6373b3f564566b3e3b3f689ee5,7e7bfaede06e9726f5f787e279059cf4de73df6373b3f564566b3e3b3f689ee5,none
experiments/paysim_deterministic_v2/evidence/training/paysim_2_P0_82.json,experiment/outputs/cross_model_v1/run_20260924_01/paper/online_resource_2/v2/evidence/training/paysim_2_P0_82.json,a424bcfcfbd68102a1206a79673fa0a023d55914bae7d0677c1731f6c65d291e,a424bcfcfbd68102a1206a79673fa0a023d55914bae7d0677c1731f6c65d291e,none
experiments/paysim_deterministic_v2/evidence/training/paysim_2_P0_82_isotonic.json,experiment/outputs/cross_model_v1/run_20260924_01/paper/online_resource_2/v2/evidence/training/paysim_2_P0_82_isotonic.json,6edbb3b90fc7afcca4277e29e2160fe4814e658c759a00b0da37cc2e322c5acb,6edbb3b90fc7afcca4277e29e2160fe4814e658c759a00b0da37cc2e322c5acb,none
experiments/paysim_deterministic_v2/evidence/training/paysim_2_PH_42.json,experiment/outputs/cross_model_v1/run_20260924_01/paper/online_resource_2/v2/evidence/training/paysim_2_PH_42.json,aa0520c84bc9165d9f43b004c3224503f402d25572b0691945c6449c4653a059,aa0520c84bc9165d9f43b004c3224503f402d25572b0691945c6449c4653a059,none
experiments/paysim_deterministic_v2/evidence/training/paysim_2_PH_52.json,experiment/outputs/cross_model_v1/run_20260924_01/paper/online_resource_2/v2/evidence/training/paysim_2_PH_52.json,985a9ad0774b48f32e2a613a93cc0f0c1e00ea7e62ff4003494a08ea7d16e7d9,985a9ad0774b48f32e2a613a93cc0f0c1e00ea7e62ff4003494a08ea7d16e7d9,none
experiments/paysim_deterministic_v2/evidence/training/paysim_2_PH_62.json,experiment/outputs/cross_model_v1/run_20260924_01/paper/online_resource_2/v2/evidence/training/paysim_2_PH_62.json,0fab6821c47ca301be67690084bd7dfe574e601e96227347c93c3f75960c711f,0fab6821c47ca301be67690084bd7dfe574e601e96227347c93c3f75960c711f,none
experiments/paysim_deterministic_v2/evidence/training/paysim_2_PH_72.json,experiment/outputs/cross_model_v1/run_20260924_01/paper/online_resource_2/v2/evidence/training/paysim_2_PH_72.json,074fde16280414eb02809c843bf1db541aca2ad7c05b2007cc9e27343ca599df,074fde16280414eb02809c843bf1db541aca2ad7c05b2007cc9e27343ca599df,none
experiments/paysim_deterministic_v2/evidence/training/paysim_2_PH_82.json,experiment/outputs/cross_model_v1/run_20260924_01/paper/online_resource_2/v2/evidence/training/paysim_2_PH_82.json,400b3208302a43d1da0f884ecdc98eae398fde06f100e214096bda4f225d89c5,400b3208302a43d1da0f884ecdc98eae398fde06f100e214096bda4f225d89c5,none
experiments/paysim_deterministic_v2/evidence/training/paysim_2_PTHW5_42.json,experiment/outputs/cross_model_v1/run_20260924_01/paper/online_resource_2/v2/evidence/training/paysim_2_PTHW5_42.json,6e9f9e36f09b9f3d16bc98494d2cffd22fd4e671fe7264b3849cd504d5f5509a,6e9f9e36f09b9f3d16bc98494d2cffd22fd4e671fe7264b3849cd504d5f5509a,none
experiments/paysim_deterministic_v2/evidence/training/paysim_2_PTHW5_52.json,experiment/outputs/cross_model_v1/run_20260924_01/paper/online_resource_2/v2/evidence/training/paysim_2_PTHW5_52.json,36c1d79715e98e1722232de67a2ed9835208a656feee1fca8ef417698a06ecad,36c1d79715e98e1722232de67a2ed9835208a656feee1fca8ef417698a06ecad,none
experiments/paysim_deterministic_v2/evidence/training/paysim_2_PTHW5_62.json,experiment/outputs/cross_model_v1/run_20260924_01/paper/online_resource_2/v2/evidence/training/paysim_2_PTHW5_62.json,1214d7f34c88754d61d9313f984c947af917636c70e4a34f4579cb8891e2d864,1214d7f34c88754d61d9313f984c947af917636c70e4a34f4579cb8891e2d864,none
experiments/paysim_deterministic_v2/evidence/training/paysim_2_PTHW5_72.json,experiment/outputs/cross_model_v1/run_20260924_01/paper/online_resource_2/v2/evidence/training/paysim_2_PTHW5_72.json,ee057ac9eda6e9c5ca770c249f09864738e6d53ef16658202dbb8a4a03a7a282,ee057ac9eda6e9c5ca770c249f09864738e6d53ef16658202dbb8a4a03a7a282,none
experiments/paysim_deterministic_v2/evidence/training/paysim_2_PTHW5_82.json,experiment/outputs/cross_model_v1/run_20260924_01/paper/online_resource_2/v2/evidence/training/paysim_2_PTHW5_82.json,a1371242e3ed8a6c651d60ff3408f14a986879eb2e387df3475cfa013ee92dcd,a1371242e3ed8a6c651d60ff3408f14a986879eb2e387df3475cfa013ee92dcd,none
experiments/paysim_deterministic_v2/evidence/training/paysim_2_PTHW_42.json,experiment/outputs/cross_model_v1/run_20260924_01/paper/online_resource_2/v2/evidence/training/paysim_2_PTHW_42.json,ab23c5100d2fbcc3d7c7da7224b695c787f2f01da570955ead520df22a35dbeb,ab23c5100d2fbcc3d7c7da7224b695c787f2f01da570955ead520df22a35dbeb,none
experiments/paysim_deterministic_v2/evidence/training/paysim_2_PTHW_42_isotonic.json,experiment/outputs/cross_model_v1/run_20260924_01/paper/online_resource_2/v2/evidence/training/paysim_2_PTHW_42_isotonic.json,637960d57d98ff50dbe3d757a611adf9a2210ed33a1683a3fcf34bcc405e1091,637960d57d98ff50dbe3d757a611adf9a2210ed33a1683a3fcf34bcc405e1091,none
experiments/paysim_deterministic_v2/evidence/training/paysim_2_PTHW_52.json,experiment/outputs/cross_model_v1/run_20260924_01/paper/online_resource_2/v2/evidence/training/paysim_2_PTHW_52.json,4fb7831d0f566afa08693e8bf177d6025b701cd1d683578472afcf4548f17068,4fb7831d0f566afa08693e8bf177d6025b701cd1d683578472afcf4548f17068,none
experiments/paysim_deterministic_v2/evidence/training/paysim_2_PTHW_52_isotonic.json,experiment/outputs/cross_model_v1/run_20260924_01/paper/online_resource_2/v2/evidence/training/paysim_2_PTHW_52_isotonic.json,e77ff03fba3de16f2d1d076785d58ef36a6e3214dee3ed4cee925483201ab551,e77ff03fba3de16f2d1d076785d58ef36a6e3214dee3ed4cee925483201ab551,none
experiments/paysim_deterministic_v2/evidence/training/paysim_2_PTHW_62.json,experiment/outputs/cross_model_v1/run_20260924_01/paper/online_resource_2/v2/evidence/training/paysim_2_PTHW_62.json,82a6a4d7332e2388ba996fc11ffbb36acd055b533f2cd908b48dbff628c10845,82a6a4d7332e2388ba996fc11ffbb36acd055b533f2cd908b48dbff628c10845,none
experiments/paysim_deterministic_v2/evidence/training/paysim_2_PTHW_62_isotonic.json,experiment/outputs/cross_model_v1/run_20260924_01/paper/online_resource_2/v2/evidence/training/paysim_2_PTHW_62_isotonic.json,02689a55ffc684e072b1ee7ce6484d5d14773982ec4a8530a1432ff64680576b,02689a55ffc684e072b1ee7ce6484d5d14773982ec4a8530a1432ff64680576b,none
experiments/paysim_deterministic_v2/evidence/training/paysim_2_PTHW_72.json,experiment/outputs/cross_model_v1/run_20260924_01/paper/online_resource_2/v2/evidence/training/paysim_2_PTHW_72.json,47123354a79ef48a6fc971d1fd54c87ffaa83fada4ebe74455510630aaea5a5a,47123354a79ef48a6fc971d1fd54c87ffaa83fada4ebe74455510630aaea5a5a,none
experiments/paysim_deterministic_v2/evidence/training/paysim_2_PTHW_72_isotonic.json,experiment/outputs/cross_model_v1/run_20260924_01/paper/online_resource_2/v2/evidence/training/paysim_2_PTHW_72_isotonic.json,454d0fa8185f3a7aeb099c6ce7eb0baee768addbf5ec1d0a03024529a512dae3,454d0fa8185f3a7aeb099c6ce7eb0baee768addbf5ec1d0a03024529a512dae3,none
experiments/paysim_deterministic_v2/evidence/training/paysim_2_PTHW_82.json,experiment/outputs/cross_model_v1/run_20260924_01/paper/online_resource_2/v2/evidence/training/paysim_2_PTHW_82.json,21db5abd066220526bc7b74b21968db4636bef23e621b9d5c60426f8c21bb786,21db5abd066220526bc7b74b21968db4636bef23e621b9d5c60426f8c21bb786,none
experiments/paysim_deterministic_v2/evidence/training/paysim_2_PTHW_82_isotonic.json,experiment/outputs/cross_model_v1/run_20260924_01/paper/online_resource_2/v2/evidence/training/paysim_2_PTHW_82_isotonic.json,ca2516f7d9f9f60d941564f87501bf85e302d59f57d3e77d42d404aaa679a3d5,ca2516f7d9f9f60d941564f87501bf85e302d59f57d3e77d42d404aaa679a3d5,none
experiments/paysim_deterministic_v2/evidence/training/paysim_2_PTH_42.json,experiment/outputs/cross_model_v1/run_20260924_01/paper/online_resource_2/v2/evidence/training/paysim_2_PTH_42.json,c1084d138a5da845d86fabba90cef62eae2612d2b327c2982232026a5e4d6291,c1084d138a5da845d86fabba90cef62eae2612d2b327c2982232026a5e4d6291,none
experiments/paysim_deterministic_v2/evidence/training/paysim_2_PTH_52.json,experiment/outputs/cross_model_v1/run_20260924_01/paper/online_resource_2/v2/evidence/training/paysim_2_PTH_52.json,5ba420f2f1bb8850e052e87c7d2d0d6c509349485ccb6780260eca1dc8ccf8d2,5ba420f2f1bb8850e052e87c7d2d0d6c509349485ccb6780260eca1dc8ccf8d2,none
experiments/paysim_deterministic_v2/evidence/training/paysim_2_PTH_62.json,experiment/outputs/cross_model_v1/run_20260924_01/paper/online_resource_2/v2/evidence/training/paysim_2_PTH_62.json,07f415965e935d5379981d153e395c2fa4517b17afc9fbc2b84232935dc194e7,07f415965e935d5379981d153e395c2fa4517b17afc9fbc2b84232935dc194e7,none
experiments/paysim_deterministic_v2/evidence/training/paysim_2_PTH_72.json,experiment/outputs/cross_model_v1/run_20260924_01/paper/online_resource_2/v2/evidence/training/paysim_2_PTH_72.json,397b55ddff2aca4e7a945b8751bce59d6bb4e1f0261083185c5fdfdfb83f3186,397b55ddff2aca4e7a945b8751bce59d6bb4e1f0261083185c5fdfdfb83f3186,none
experiments/paysim_deterministic_v2/evidence/training/paysim_2_PTH_82.json,experiment/outputs/cross_model_v1/run_20260924_01/paper/online_resource_2/v2/evidence/training/paysim_2_PTH_82.json,0a54e8fc836673ea30f369edaaa12fd9b66b7bdb1bccb90e90f8294f288d2e52,0a54e8fc836673ea30f369edaaa12fd9b66b7bdb1bccb90e90f8294f288d2e52,none
experiments/paysim_deterministic_v2/evidence/training/paysim_2_PT_42.json,experiment/outputs/cross_model_v1/run_20260924_01/paper/online_resource_2/v2/evidence/training/paysim_2_PT_42.json,8ca330f9edb9e880c363a261cd5d2784212efa9f31e29a5714c62ba700396bcd,8ca330f9edb9e880c363a261cd5d2784212efa9f31e29a5714c62ba700396bcd,none
experiments/paysim_deterministic_v2/evidence/training/paysim_2_PT_52.json,experiment/outputs/cross_model_v1/run_20260924_01/paper/online_resource_2/v2/evidence/training/paysim_2_PT_52.json,54d12cae217765cdd9e3f0041619496d4ba966328224b0f7d2edcc34712871c5,54d12cae217765cdd9e3f0041619496d4ba966328224b0f7d2edcc34712871c5,none
experiments/paysim_deterministic_v2/evidence/training/paysim_2_PT_62.json,experiment/outputs/cross_model_v1/run_20260924_01/paper/online_resource_2/v2/evidence/training/paysim_2_PT_62.json,e500fd9bbf37402da218a53ac4b4d4d756bbce90d944d543f7e6e31dbdbc5c42,e500fd9bbf37402da218a53ac4b4d4d756bbce90d944d543f7e6e31dbdbc5c42,none
experiments/paysim_deterministic_v2/evidence/training/paysim_2_PT_72.json,experiment/outputs/cross_model_v1/run_20260924_01/paper/online_resource_2/v2/evidence/training/paysim_2_PT_72.json,a1332cace3d893ed9b245ac9d42d7451836f35b05633b8ac774ce461f4dcee8f,a1332cace3d893ed9b245ac9d42d7451836f35b05633b8ac774ce461f4dcee8f,none
experiments/paysim_deterministic_v2/evidence/training/paysim_2_PT_82.json,experiment/outputs/cross_model_v1/run_20260924_01/paper/online_resource_2/v2/evidence/training/paysim_2_PT_82.json,487096861ca3db85538e8c39b147ae34920c6a2440894344aa552fae4c82dd1b,487096861ca3db85538e8c39b147ae34920c6a2440894344aa552fae4c82dd1b,none
experiments/paysim_deterministic_v2/evidence/training/paysim_3_P0_42.json,experiment/outputs/cross_model_v1/run_20260924_01/paper/online_resource_2/v2/evidence/training/paysim_3_P0_42.json,18f31e131a220074ca2727d138b49408c3460f95c98f247736c8ceba884a2dc7,18f31e131a220074ca2727d138b49408c3460f95c98f247736c8ceba884a2dc7,none
experiments/paysim_deterministic_v2/evidence/training/paysim_3_P0_42_isotonic.json,experiment/outputs/cross_model_v1/run_20260924_01/paper/online_resource_2/v2/evidence/training/paysim_3_P0_42_isotonic.json,e9ea527db12f198812858d5c9c3eaa889e8b302d199f58294d0f0ff73b0bcfbd,e9ea527db12f198812858d5c9c3eaa889e8b302d199f58294d0f0ff73b0bcfbd,none
experiments/paysim_deterministic_v2/evidence/training/paysim_3_P0_52.json,experiment/outputs/cross_model_v1/run_20260924_01/paper/online_resource_2/v2/evidence/training/paysim_3_P0_52.json,932cee5f8b11df4314ac410799ee9ac843243bf188bfeec7eb126a0cd26e1cef,932cee5f8b11df4314ac410799ee9ac843243bf188bfeec7eb126a0cd26e1cef,none
experiments/paysim_deterministic_v2/evidence/training/paysim_3_P0_52_isotonic.json,experiment/outputs/cross_model_v1/run_20260924_01/paper/online_resource_2/v2/evidence/training/paysim_3_P0_52_isotonic.json,d77ae7f62cc969acc704a15de561a8106d8c812650de5d0d2e410f0b28934a51,d77ae7f62cc969acc704a15de561a8106d8c812650de5d0d2e410f0b28934a51,none
experiments/paysim_deterministic_v2/evidence/training/paysim_3_P0_62.json,experiment/outputs/cross_model_v1/run_20260924_01/paper/online_resource_2/v2/evidence/training/paysim_3_P0_62.json,9f82c81c517b3050dec5a1eeada0cd329c2423c559f0993ac345fd583ccf3b81,9f82c81c517b3050dec5a1eeada0cd329c2423c559f0993ac345fd583ccf3b81,none
experiments/paysim_deterministic_v2/evidence/training/paysim_3_P0_62_isotonic.json,experiment/outputs/cross_model_v1/run_20260924_01/paper/online_resource_2/v2/evidence/training/paysim_3_P0_62_isotonic.json,69dba34ea1c256de4bbc019adb2010338133ce4b7b93d9368243d9794e93f8de,69dba34ea1c256de4bbc019adb2010338133ce4b7b93d9368243d9794e93f8de,none
experiments/paysim_deterministic_v2/evidence/training/paysim_3_P0_72.json,experiment/outputs/cross_model_v1/run_20260924_01/paper/online_resource_2/v2/evidence/training/paysim_3_P0_72.json,93255cd641420e000a8f7de80d3df7cb72053fe8134e1a42d8b1c2c0630eb81b,93255cd641420e000a8f7de80d3df7cb72053fe8134e1a42d8b1c2c0630eb81b,none
experiments/paysim_deterministic_v2/evidence/training/paysim_3_P0_72_isotonic.json,experiment/outputs/cross_model_v1/run_20260924_01/paper/online_resource_2/v2/evidence/training/paysim_3_P0_72_isotonic.json,0f40540201a9e01d492dc7129664e73bbc683cf9f308e4f8940cf50c65d13053,0f40540201a9e01d492dc7129664e73bbc683cf9f308e4f8940cf50c65d13053,none
experiments/paysim_deterministic_v2/evidence/training/paysim_3_P0_82.json,experiment/outputs/cross_model_v1/run_20260924_01/paper/online_resource_2/v2/evidence/training/paysim_3_P0_82.json,70c19bfcf073a2f4ab2f91d9cd3f6a1712ef8dd32b9054e9d85d71610777e5ae,70c19bfcf073a2f4ab2f91d9cd3f6a1712ef8dd32b9054e9d85d71610777e5ae,none
experiments/paysim_deterministic_v2/evidence/training/paysim_3_P0_82_isotonic.json,experiment/outputs/cross_model_v1/run_20260924_01/paper/online_resource_2/v2/evidence/training/paysim_3_P0_82_isotonic.json,11b0eaab9027983ff628d3fcd45ec93e9c8ba43cc71b67080a8a0598d56c286c,11b0eaab9027983ff628d3fcd45ec93e9c8ba43cc71b67080a8a0598d56c286c,none
experiments/paysim_deterministic_v2/evidence/training/paysim_3_PH_42.json,experiment/outputs/cross_model_v1/run_20260924_01/paper/online_resource_2/v2/evidence/training/paysim_3_PH_42.json,f87d7443c62e8a6144ac9a3561f6c6ebfeda46e7c5cbf2a79a84a920131817d6,f87d7443c62e8a6144ac9a3561f6c6ebfeda46e7c5cbf2a79a84a920131817d6,none
experiments/paysim_deterministic_v2/evidence/training/paysim_3_PH_52.json,experiment/outputs/cross_model_v1/run_20260924_01/paper/online_resource_2/v2/evidence/training/paysim_3_PH_52.json,1a16278e2ef64f1b4f40686e2595301fd4315644742663cccecc71a0fc710303,1a16278e2ef64f1b4f40686e2595301fd4315644742663cccecc71a0fc710303,none
experiments/paysim_deterministic_v2/evidence/training/paysim_3_PH_62.json,experiment/outputs/cross_model_v1/run_20260924_01/paper/online_resource_2/v2/evidence/training/paysim_3_PH_62.json,cee9e76547b2faad20a7f7eb029e332ad63e750477b448f02aca242264e97ad1,cee9e76547b2faad20a7f7eb029e332ad63e750477b448f02aca242264e97ad1,none
experiments/paysim_deterministic_v2/evidence/training/paysim_3_PH_72.json,experiment/outputs/cross_model_v1/run_20260924_01/paper/online_resource_2/v2/evidence/training/paysim_3_PH_72.json,d782f75c069134c60f75d307980a88592a05c2f4be926f8ed4a7e15cf12bb32c,d782f75c069134c60f75d307980a88592a05c2f4be926f8ed4a7e15cf12bb32c,none
experiments/paysim_deterministic_v2/evidence/training/paysim_3_PH_82.json,experiment/outputs/cross_model_v1/run_20260924_01/paper/online_resource_2/v2/evidence/training/paysim_3_PH_82.json,6be49b5bf31ab7b4155530358290bdd0c9494e5708d8c59afa5636c9f47e01e4,6be49b5bf31ab7b4155530358290bdd0c9494e5708d8c59afa5636c9f47e01e4,none
experiments/paysim_deterministic_v2/evidence/training/paysim_3_PTHW5_42.json,experiment/outputs/cross_model_v1/run_20260924_01/paper/online_resource_2/v2/evidence/training/paysim_3_PTHW5_42.json,7968c4e366c9b58caae5c2f6b0e9bfad9252a24362690d6d41f21c2e0553e7f3,7968c4e366c9b58caae5c2f6b0e9bfad9252a24362690d6d41f21c2e0553e7f3,none
experiments/paysim_deterministic_v2/evidence/training/paysim_3_PTHW5_52.json,experiment/outputs/cross_model_v1/run_20260924_01/paper/online_resource_2/v2/evidence/training/paysim_3_PTHW5_52.json,81280f93a9a5567d5401037d61660831a3f65ebb63ce13da040b7e3e1ddfe674,81280f93a9a5567d5401037d61660831a3f65ebb63ce13da040b7e3e1ddfe674,none
experiments/paysim_deterministic_v2/evidence/training/paysim_3_PTHW5_62.json,experiment/outputs/cross_model_v1/run_20260924_01/paper/online_resource_2/v2/evidence/training/paysim_3_PTHW5_62.json,a89fa4d74f0834efc53022fa24a5533e309b2dc73cbcb77d8e0521510a89a244,a89fa4d74f0834efc53022fa24a5533e309b2dc73cbcb77d8e0521510a89a244,none
experiments/paysim_deterministic_v2/evidence/training/paysim_3_PTHW5_72.json,experiment/outputs/cross_model_v1/run_20260924_01/paper/online_resource_2/v2/evidence/training/paysim_3_PTHW5_72.json,9d8b5c7f9ba761245d9de27b09f2fa2a6716b18f5cff6d15cfc249cf0b688628,9d8b5c7f9ba761245d9de27b09f2fa2a6716b18f5cff6d15cfc249cf0b688628,none
experiments/paysim_deterministic_v2/evidence/training/paysim_3_PTHW5_82.json,experiment/outputs/cross_model_v1/run_20260924_01/paper/online_resource_2/v2/evidence/training/paysim_3_PTHW5_82.json,15d147fa9072b39a5b10936ecb2f2fc535c29fe532be87a145a46a6f0ca8d609,15d147fa9072b39a5b10936ecb2f2fc535c29fe532be87a145a46a6f0ca8d609,none
experiments/paysim_deterministic_v2/evidence/training/paysim_3_PTHW_42.json,experiment/outputs/cross_model_v1/run_20260924_01/paper/online_resource_2/v2/evidence/training/paysim_3_PTHW_42.json,7a23fd7e96fe091b1a62c5e8bd7ae226363f36079ac338ad6ae2575b94d7b886,7a23fd7e96fe091b1a62c5e8bd7ae226363f36079ac338ad6ae2575b94d7b886,none
experiments/paysim_deterministic_v2/evidence/training/paysim_3_PTHW_42_isotonic.json,experiment/outputs/cross_model_v1/run_20260924_01/paper/online_resource_2/v2/evidence/training/paysim_3_PTHW_42_isotonic.json,5bf0922141176abbbbdadd16f379da60d4891c76d40c70bd9b52ad416281be0f,5bf0922141176abbbbdadd16f379da60d4891c76d40c70bd9b52ad416281be0f,none
experiments/paysim_deterministic_v2/evidence/training/paysim_3_PTHW_52.json,experiment/outputs/cross_model_v1/run_20260924_01/paper/online_resource_2/v2/evidence/training/paysim_3_PTHW_52.json,1d5b0323e49f6021dc85b0c83675eb113c050342cbf3781347a1d68b8d9fa3f1,1d5b0323e49f6021dc85b0c83675eb113c050342cbf3781347a1d68b8d9fa3f1,none
experiments/paysim_deterministic_v2/evidence/training/paysim_3_PTHW_52_isotonic.json,experiment/outputs/cross_model_v1/run_20260924_01/paper/online_resource_2/v2/evidence/training/paysim_3_PTHW_52_isotonic.json,c62ff7bf5145ece86897f607c4caa2aa0a27aef9f0ee1f096f88903b05770a5e,c62ff7bf5145ece86897f607c4caa2aa0a27aef9f0ee1f096f88903b05770a5e,none
experiments/paysim_deterministic_v2/evidence/training/paysim_3_PTHW_62.json,experiment/outputs/cross_model_v1/run_20260924_01/paper/online_resource_2/v2/evidence/training/paysim_3_PTHW_62.json,1a9ae9f830745033770ef558882753861739a4a1c301d21d6589a17b9b4a56ea,1a9ae9f830745033770ef558882753861739a4a1c301d21d6589a17b9b4a56ea,none
experiments/paysim_deterministic_v2/evidence/training/paysim_3_PTHW_62_isotonic.json,experiment/outputs/cross_model_v1/run_20260924_01/paper/online_resource_2/v2/evidence/training/paysim_3_PTHW_62_isotonic.json,4d0ad2f9ad9b173250c04f736b7c81e98771150075160570c135cab4f35c72e6,4d0ad2f9ad9b173250c04f736b7c81e98771150075160570c135cab4f35c72e6,none
experiments/paysim_deterministic_v2/evidence/training/paysim_3_PTHW_72.json,experiment/outputs/cross_model_v1/run_20260924_01/paper/online_resource_2/v2/evidence/training/paysim_3_PTHW_72.json,9ee7717f4ed47770ca1b974fcb00c4e875ad412dd4aa821ed394fc32ebe4c14d,9ee7717f4ed47770ca1b974fcb00c4e875ad412dd4aa821ed394fc32ebe4c14d,none
experiments/paysim_deterministic_v2/evidence/training/paysim_3_PTHW_72_isotonic.json,experiment/outputs/cross_model_v1/run_20260924_01/paper/online_resource_2/v2/evidence/training/paysim_3_PTHW_72_isotonic.json,ae78091716935fd7c495b9ff198570360fe3f993a2b59c4e048977b2efe719b5,ae78091716935fd7c495b9ff198570360fe3f993a2b59c4e048977b2efe719b5,none
experiments/paysim_deterministic_v2/evidence/training/paysim_3_PTHW_82.json,experiment/outputs/cross_model_v1/run_20260924_01/paper/online_resource_2/v2/evidence/training/paysim_3_PTHW_82.json,a47808ef30dc64e1e880b40f84d534577b0e36df7b447ca995c540de33f47614,a47808ef30dc64e1e880b40f84d534577b0e36df7b447ca995c540de33f47614,none
experiments/paysim_deterministic_v2/evidence/training/paysim_3_PTHW_82_isotonic.json,experiment/outputs/cross_model_v1/run_20260924_01/paper/online_resource_2/v2/evidence/training/paysim_3_PTHW_82_isotonic.json,2f7d38476f1f7cf85a305f07c037fc70f9b902b096abb44952b0210bc4893bab,2f7d38476f1f7cf85a305f07c037fc70f9b902b096abb44952b0210bc4893bab,none
experiments/paysim_deterministic_v2/evidence/training/paysim_3_PTH_42.json,experiment/outputs/cross_model_v1/run_20260924_01/paper/online_resource_2/v2/evidence/training/paysim_3_PTH_42.json,771acafb7f998dcd7b7018f5aaf92769f95764da3c16b6d783711a94192c1af5,771acafb7f998dcd7b7018f5aaf92769f95764da3c16b6d783711a94192c1af5,none
experiments/paysim_deterministic_v2/evidence/training/paysim_3_PTH_52.json,experiment/outputs/cross_model_v1/run_20260924_01/paper/online_resource_2/v2/evidence/training/paysim_3_PTH_52.json,4e8c47f0b464430a4a07a3c0875ff87a74545ea5d16b1ac303260663a24251b5,4e8c47f0b464430a4a07a3c0875ff87a74545ea5d16b1ac303260663a24251b5,none
experiments/paysim_deterministic_v2/evidence/training/paysim_3_PTH_62.json,experiment/outputs/cross_model_v1/run_20260924_01/paper/online_resource_2/v2/evidence/training/paysim_3_PTH_62.json,682fa740c01ba042db5ffed8b4987d89890e61266baf83f78375ed8a8432b5d8,682fa740c01ba042db5ffed8b4987d89890e61266baf83f78375ed8a8432b5d8,none
experiments/paysim_deterministic_v2/evidence/training/paysim_3_PTH_72.json,experiment/outputs/cross_model_v1/run_20260924_01/paper/online_resource_2/v2/evidence/training/paysim_3_PTH_72.json,abfe2d2b5a67738b9c3006613c116fe12ffdd5cc7edebfbf1f9a6e243677b600,abfe2d2b5a67738b9c3006613c116fe12ffdd5cc7edebfbf1f9a6e243677b600,none
experiments/paysim_deterministic_v2/evidence/training/paysim_3_PTH_82.json,experiment/outputs/cross_model_v1/run_20260924_01/paper/online_resource_2/v2/evidence/training/paysim_3_PTH_82.json,d0434f40cc631b920351c29523d5e6196419f5ca0b718c2982fda227d3aa24f7,d0434f40cc631b920351c29523d5e6196419f5ca0b718c2982fda227d3aa24f7,none
experiments/paysim_deterministic_v2/evidence/training/paysim_3_PT_42.json,experiment/outputs/cross_model_v1/run_20260924_01/paper/online_resource_2/v2/evidence/training/paysim_3_PT_42.json,195b5acab11e4b45830a6077f97042001911ef658104fc7f73eb2f4a1193b09d,195b5acab11e4b45830a6077f97042001911ef658104fc7f73eb2f4a1193b09d,none
experiments/paysim_deterministic_v2/evidence/training/paysim_3_PT_52.json,experiment/outputs/cross_model_v1/run_20260924_01/paper/online_resource_2/v2/evidence/training/paysim_3_PT_52.json,31c45c56d09268ab1d1921cb9cf6e9fe4992d0b1ef800f2cf12837c28b0a7e8c,31c45c56d09268ab1d1921cb9cf6e9fe4992d0b1ef800f2cf12837c28b0a7e8c,none
experiments/paysim_deterministic_v2/evidence/training/paysim_3_PT_62.json,experiment/outputs/cross_model_v1/run_20260924_01/paper/online_resource_2/v2/evidence/training/paysim_3_PT_62.json,296431a70b584ef0bf7a40d6f73e2d0e79a162db766efd6413ebfeae69a2dd8b,296431a70b584ef0bf7a40d6f73e2d0e79a162db766efd6413ebfeae69a2dd8b,none
experiments/paysim_deterministic_v2/evidence/training/paysim_3_PT_72.json,experiment/outputs/cross_model_v1/run_20260924_01/paper/online_resource_2/v2/evidence/training/paysim_3_PT_72.json,6dbc97500d695661f96ce9b82e54cf809bfba98b1adba1cddcb1e878f99b1972,6dbc97500d695661f96ce9b82e54cf809bfba98b1adba1cddcb1e878f99b1972,none
experiments/paysim_deterministic_v2/evidence/training/paysim_3_PT_82.json,experiment/outputs/cross_model_v1/run_20260924_01/paper/online_resource_2/v2/evidence/training/paysim_3_PT_82.json,45f72a520a406a9aaaeb87db08b35ffee36b22752547ba13a1e16f55841c49d5,45f72a520a406a9aaaeb87db08b35ffee36b22752547ba13a1e16f55841c49d5,none
experiments/paysim_deterministic_v2/protocol/BASELINE_SHA256.json,experiment/outputs/cross_model_v1/run_20260924_01/paper/online_resource_2/v2/protocol/BASELINE_SHA256.json,95e290c85d7d7ea761416984a969ed8a89a219c147b6aa5787f3e13a083b117a,95e290c85d7d7ea761416984a969ed8a89a219c147b6aa5787f3e13a083b117a,none
experiments/paysim_deterministic_v2/protocol/PROTOCOL.md,experiment/outputs/cross_model_v1/run_20260924_01/paper/online_resource_2/v2/protocol/PROTOCOL.md,2f111e64d08d6553eb39f48157bf041129aecacf3661d3dd1fc8c6b270e7b81a,2f111e64d08d6553eb39f48157bf041129aecacf3661d3dd1fc8c6b270e7b81a,none
experiments/paysim_deterministic_v2/protocol/analysis_config.json,experiment/outputs/cross_model_v1/run_20260924_01/paper/online_resource_2/v2/protocol/analysis_config.json,df5fd175e25816c368e2cfda32ef2c72275494b081eba96dc6e87a00f09990d9,e236b0f06c8d0017e94b10cad71f07e7fa0407c00d5d5644fc80bbf44e85bf56,author-local paths replaced with explicit placeholders
experiments/paysim_deterministic_v2/protocol/protocol_effective.json,experiment/outputs/cross_model_v1/run_20260924_01/paper/online_resource_2/v2/protocol/protocol_effective.json,60f7b18c68a6ffe1b762f2ca721729773c167e75a9b9aefd45343077e298b649,1692d1802fef4070928c913fc717f7fa24a1b7f11f6ec1d486db8c57c214695c,author-local paths replaced with explicit placeholders
experiments/paysim_deterministic_v2/requirements-lock-windows-py311.txt,experiment/outputs/cross_model_v1/run_20260924_01/paper/online_resource_2/v2/requirements-full-lock-windows-py311.txt,b33a955fb99f6a78db32129d345c2b14d7e7136203d9f1f840bdbddcc3fe2629,b33a955fb99f6a78db32129d345c2b14d7e7136203d9f1f840bdbddcc3fe2629,none
experiments/posthoc/HISTORICAL_FULL_BUNDLE_GUIDE.md,experiment/outputs/paper_convergence_revision_20260927/run_01/package/posthoc_revision/README.md,a3183e32cd6d494b0c177347a8eacd2f783ba508985797c9be644b84124b7cf5,a3183e32cd6d494b0c177347a8eacd2f783ba508985797c9be644b84124b7cf5,none
experiments/posthoc/audit/ARTIFICIAL_CHECKS.json,experiment/outputs/paper_convergence_revision_20260927/run_01/package/posthoc_revision/audit/ARTIFICIAL_CHECKS.json,c106b0dbaf1e344094d59f5d3d97f04ff0a6e8dd8af5b88ef4e8b73c6db468a4,c106b0dbaf1e344094d59f5d3d97f04ff0a6e8dd8af5b88ef4e8b73c6db468a4,none
experiments/posthoc/audit/DIAGNOSTIC_DECISION.json,experiment/outputs/paper_convergence_revision_20260927/run_01/package/posthoc_revision/audit/DIAGNOSTIC_DECISION.json,f7ff2b31d515c6621179c28dd3390052e961a089344f08ab103cc6aea9618e45,f7ff2b31d515c6621179c28dd3390052e961a089344f08ab103cc6aea9618e45,none
experiments/posthoc/audit/DIAGNOSTIC_RESOURCES.json,experiment/outputs/paper_convergence_revision_20260927/run_01/package/posthoc_revision/audit/DIAGNOSTIC_RESOURCES.json,4896e0609a7b117a10448c97992fec806b06ebe856226dc6de62aa86cb0d666a,4896e0609a7b117a10448c97992fec806b06ebe856226dc6de62aa86cb0d666a,none
experiments/posthoc/audit/DISPLAY_VALUE_CHECK.json,experiment/outputs/paper_convergence_revision_20260927/run_01/package/posthoc_revision/audit/DISPLAY_VALUE_CHECK.json,00ea49a07842c0d473bc4c83fe829defafb7a8ae0e612c77fb012045a7d8f5e1,00ea49a07842c0d473bc4c83fe829defafb7a8ae0e612c77fb012045a7d8f5e1,none
experiments/posthoc/audit/ENVIRONMENT.json,experiment/outputs/paper_convergence_revision_20260927/run_01/package/posthoc_revision/audit/ENVIRONMENT.json,2b0e6d57141756457ee828fa14d52ee93aabe72709231561467b24abac2235ba,8ad5d7a678770ccb40fcd5f31e1842f1f2b1bc32eee22eef35cb4f5b7ae577e2,author-local paths replaced with explicit placeholders
experiments/posthoc/audit/FIGURE_DATA.json,experiment/outputs/paper_convergence_revision_20260927/run_01/package/posthoc_revision/audit/FIGURE_DATA.json,9912ad7d6ec6dcf477bbf0e5b7ef2180710d2edbd7a6c48a6aa62150f18beb00,9912ad7d6ec6dcf477bbf0e5b7ef2180710d2edbd7a6c48a6aa62150f18beb00,none
experiments/posthoc/bridge/replay_banksim.py,experiment/outputs/paper_convergence_revision_20260927/run_01/package/posthoc_revision/bridge/replay_banksim.py,e36cb42a68cf233b7657d26395af96fdce617b18d6439cc1f59c0d087f761094,e36cb42a68cf233b7657d26395af96fdce617b18d6439cc1f59c0d087f761094,none
experiments/posthoc/derived/existing_draw_diagnostics/SUMMARY.json,experiment/outputs/paper_convergence_revision_20260927/run_01/package/posthoc_revision/derived/existing_draw_diagnostics/SUMMARY.json,2c9403c8a19b8ccf524c20708cdfa4ae32002ee50a057937a87fb53d09af3ce4,2c9403c8a19b8ccf524c20708cdfa4ae32002ee50a057937a87fb53d09af3ce4,none
experiments/posthoc/derived/existing_draw_diagnostics/paysim_existing_5000.csv,experiment/outputs/paper_convergence_revision_20260927/run_01/package/posthoc_revision/derived/existing_draw_diagnostics/paysim_existing_5000.csv,8b93b0d13137a6cb644051a70407e7bf58361e94ccff8c85e89e0bb3a42bdc6a,8b93b0d13137a6cb644051a70407e7bf58361e94ccff8c85e89e0bb3a42bdc6a,none
experiments/posthoc/derived/headroom.csv,experiment/outputs/paper_convergence_revision_20260927/run_01/package/posthoc_revision/derived/headroom.csv,11485d4ee92ed8e60af3ddc625b3d097ec4e3f54b425e6fd684ceaefb05a5987,11485d4ee92ed8e60af3ddc625b3d097ec4e3f54b425e6fd684ceaefb05a5987,none
experiments/posthoc/derived/posthoc_capture_exchange/RECEIPT.json,experiment/outputs/paper_convergence_revision_20260927/run_01/package/posthoc_revision/derived/posthoc_capture_exchange/RECEIPT.json,972fa64ad0862be08115dac1e10cd789153938e5d16fa55e508a9302c6fc23bf,bcca6fddda4ea3a0f7fbaae02a01086ff3bfecc8d33eb6606c9f664b07c231b3,author-local paths replaced with explicit placeholders
experiments/posthoc/derived/posthoc_capture_exchange/all_60_pairs.csv,experiment/outputs/paper_convergence_revision_20260927/run_01/package/posthoc_revision/derived/posthoc_capture_exchange/all_60_pairs.csv,db8a0984e6d8a5704903edd67c8b8616c78167d9d38016165951a2adb5e7341b,db8a0984e6d8a5704903edd67c8b8616c78167d9d38016165951a2adb5e7341b,none
experiments/posthoc/derived/posthoc_capture_exchange/means_12.csv,experiment/outputs/paper_convergence_revision_20260927/run_01/package/posthoc_revision/derived/posthoc_capture_exchange/means_12.csv,cf5977558eb63a61c5d4e92a7c9cc515087f30012f37acd965a0411d3aed647f,cf5977558eb63a61c5d4e92a7c9cc515087f30012f37acd965a0411d3aed647f,none
experiments/posthoc/derived/time_structure/IEEE_RECEIPT.json,experiment/outputs/paper_convergence_revision_20260927/run_01/package/posthoc_revision/derived/time_structure/IEEE_RECEIPT.json,1ea1ecd68d040b7302daba5dce5cdbbaee7e93a1da1650a16e84402efc143cfe,c76882f4224b59bac757f9013f4cfae342c3bf58fc26a8a29e91ef1d6341b091,author-local paths replaced with explicit placeholders
experiments/posthoc/derived/time_structure/banksim_54_step_means.csv,experiment/outputs/paper_convergence_revision_20260927/run_01/package/posthoc_revision/derived/time_structure/banksim_54_step_means.csv,8e336454fa853bc85e87f2ad1f5158587b8bebdb8268920297b59f4ba1c8f899,8e336454fa853bc85e87f2ad1f5158587b8bebdb8268920297b59f4ba1c8f899,none
experiments/posthoc/derived/time_structure/banksim_step_capture_all_seeds.csv,experiment/outputs/paper_convergence_revision_20260927/run_01/package/posthoc_revision/derived/time_structure/banksim_step_capture_all_seeds.csv,e6a150f8d04e8bc3bdae96fdd01543c88c90ff902e7978ed56925a6c71ffa6ea,e6a150f8d04e8bc3bdae96fdd01543c88c90ff902e7978ed56925a6c71ffa6ea,none
experiments/posthoc/derived/time_structure/ieee_block_span_summary.csv,experiment/outputs/paper_convergence_revision_20260927/run_01/package/posthoc_revision/derived/time_structure/ieee_block_span_summary.csv,8a605d9d982e9077bad2848cb87f9d908b16ec057ee0f5dcd357066ea23b41b8,8a605d9d982e9077bad2848cb87f9d908b16ec057ee0f5dcd357066ea23b41b8,none
experiments/q2_extension/HISTORICAL_FULL_BUNDLE_GUIDE.md,experiment/outputs/cross_model_v1/run_20260924_01/paper/online_resource_2/baseline/q2_extension/README.md,f0ebf9801dc7aa889a814fb84732d716f6cc6be046e3c9d1b29ae8a7ad69755f,f0ebf9801dc7aa889a814fb84732d716f6cc6be046e3c9d1b29ae8a7ad69755f,none
experiments/q2_extension/INPUT_ACCESS.md,experiment/outputs/cross_model_v1/run_20260924_01/paper/online_resource_2/baseline/q2_extension/INPUT_ACCESS.md,35896b3c6ab5991290bfc060711bfbdb35bc6c24a838eb29f4d6eebda0d25238,35896b3c6ab5991290bfc060711bfbdb35bc6c24a838eb29f4d6eebda0d25238,none
experiments/q2_extension/PAYSIM_REBUILD_DIAGNOSIS_ZH.md,experiment/outputs/cross_model_v1/run_20260924_01/paper/online_resource_2/baseline/q2_extension/PAYSIM_REBUILD_DIAGNOSIS_ZH.md,a7d7dc45af2630c34d9b3aa8856bddcb546611d7d2ac24c7113534c6913b31e9,a7d7dc45af2630c34d9b3aa8856bddcb546611d7d2ac24c7113534c6913b31e9,none
experiments/q2_extension/REBUILD_REPORT.json,experiment/outputs/cross_model_v1/run_20260924_01/paper/online_resource_2/baseline/q2_extension/REBUILD_REPORT.json,afa47b7ab6a4843ca05a49a626b0faaea341ea0feae4a62d826c524396a4a6a7,afa47b7ab6a4843ca05a49a626b0faaea341ea0feae4a62d826c524396a4a6a7,none
experiments/q2_extension/evidence/assessment/priority_sign_summary.csv,experiment/outputs/cross_model_v1/run_20260924_01/paper/online_resource_2/baseline/q2_extension/evidence/assessment/priority_sign_summary.csv,cc3221f78e4a7e2ffb6d9866edc270cd0a74085671af5c86b415e7e389078699,cc3221f78e4a7e2ffb6d9866edc270cd0a74085671af5c86b415e7e389078699,none
experiments/q2_extension/evidence/audit/baseline_preservation.json,experiment/outputs/cross_model_v1/run_20260924_01/paper/online_resource_2/baseline/q2_extension/evidence/audit/baseline_preservation.json,e5294b98fcff789786b7b00ece70a41abbe2baa2e00f03f59e85330299fec116,e5294b98fcff789786b7b00ece70a41abbe2baa2e00f03f59e85330299fec116,none
experiments/q2_extension/evidence/audit/new_point_regression.json,experiment/outputs/cross_model_v1/run_20260924_01/paper/online_resource_2/baseline/q2_extension/evidence/audit/new_point_regression.json,4b0e6a66e7d1ddeb991e0c3210029414b0206ade699f3b6bf0c32d783dde86a7,4b0e6a66e7d1ddeb991e0c3210029414b0206ade699f3b6bf0c32d783dde86a7,none
experiments/q2_extension/evidence/b1/processing_effects_seed.csv,experiment/outputs/cross_model_v1/run_20260924_01/paper/online_resource_2/baseline/q2_extension/evidence/b1/processing_effects_seed.csv,45b00becd4249c35faca5646cd5ee0be3752d0bb08883f2f7371f991f64f9d8e,45b00becd4249c35faca5646cd5ee0be3752d0bb08883f2f7371f991f64f9d8e,none
experiments/q2_extension/evidence/b1/score_tie_audit.csv,experiment/outputs/cross_model_v1/run_20260924_01/paper/online_resource_2/baseline/q2_extension/evidence/b1/score_tie_audit.csv,ecc2eb085cad911968a97e8d0a7c9233ff958d3646517f761e04271b79640728,ecc2eb085cad911968a97e8d0a7c9233ff958d3646517f761e04271b79640728,none
experiments/q2_extension/evidence/b1/stage_contrasts_fold.csv,experiment/outputs/cross_model_v1/run_20260924_01/paper/online_resource_2/baseline/q2_extension/evidence/b1/stage_contrasts_fold.csv,bb9c30350d0e71491a3d708c8e0aba22365ccf0bffc3447e6a76d895e63299eb,bb9c30350d0e71491a3d708c8e0aba22365ccf0bffc3447e6a76d895e63299eb,none
experiments/q2_extension/evidence/b2/calculation/component_intervals.csv,experiment/outputs/cross_model_v1/run_20260924_01/paper/online_resource_2/baseline/q2_extension/evidence/b2/calculation/component_intervals.csv,20c4b3e0319a8eca4d63ab5177afcccde16ddf9291247704eb3fc0e5a53d5506,20c4b3e0319a8eca4d63ab5177afcccde16ddf9291247704eb3fc0e5a53d5506,none
experiments/q2_extension/evidence/b2/calculation/invalid_replicates.csv,experiment/outputs/cross_model_v1/run_20260924_01/paper/online_resource_2/baseline/q2_extension/evidence/b2/calculation/invalid_replicates.csv,c2ea84168084bbeb901b2bb868c9049557e1da6a9c31ce04f10b67f9319be759,c2ea84168084bbeb901b2bb868c9049557e1da6a9c31ce04f10b67f9319be759,none
experiments/q2_extension/evidence/b2/calculation/kernel_provenance.json,experiment/outputs/cross_model_v1/run_20260924_01/paper/online_resource_2/baseline/q2_extension/evidence/b2/calculation/kernel_provenance.json,1cda7edea7df933ae6621e75b746b62b65d4c349ceb0614c304929dee2a80b40,1cda7edea7df933ae6621e75b746b62b65d4c349ceb0614c304929dee2a80b40,none
experiments/q2_extension/evidence/b2/calculation/legacy_regression.csv,experiment/outputs/cross_model_v1/run_20260924_01/paper/online_resource_2/baseline/q2_extension/evidence/b2/calculation/legacy_regression.csv,6169554385493aa50343ad27873842df17904a70e5b78abfd7a54495fab81c51,6169554385493aa50343ad27873842df17904a70e5b78abfd7a54495fab81c51,none
experiments/q2_extension/evidence/b2/calculation/processing_effect_intervals.csv,experiment/outputs/cross_model_v1/run_20260924_01/paper/online_resource_2/baseline/q2_extension/evidence/b2/calculation/processing_effect_intervals.csv,001099c0ae826a39e860264ace8bf4e0c91fa21e7ce379e9a51f70df3011665d,001099c0ae826a39e860264ace8bf4e0c91fa21e7ce379e9a51f70df3011665d,none
experiments/q2_extension/evidence/b2/calculation/timing.csv,experiment/outputs/cross_model_v1/run_20260924_01/paper/online_resource_2/baseline/q2_extension/evidence/b2/calculation/timing.csv,a5a09857c7103ee30d2c7812e3cc7b0b3382f126d5250201801f9a061f007ab0,a5a09857c7103ee30d2c7812e3cc7b0b3382f126d5250201801f9a061f007ab0,none
experiments/q2_extension/evidence/b3/priorities/shared_priority_summary.csv,experiment/outputs/cross_model_v1/run_20260924_01/paper/online_resource_2/baseline/q2_extension/evidence/b3/priorities/shared_priority_summary.csv,559601eec7b2d2e2e21c337a04b200d35538309006f18b1696ecf7b06c0b5a59,559601eec7b2d2e2e21c337a04b200d35538309006f18b1696ecf7b06c0b5a59,none
experiments/q2_extension/evidence/b3/profiles/capacity_contrasts_fold.csv,experiment/outputs/cross_model_v1/run_20260924_01/paper/online_resource_2/baseline/q2_extension/evidence/b3/profiles/capacity_contrasts_fold.csv,1f44dfa8d332f8bd561c986aa81ad2d979b1d662b8f1f802a50090dfc001ac9a,1f44dfa8d332f8bd561c986aa81ad2d979b1d662b8f1f802a50090dfc001ac9a,none
experiments/q2_extension/evidence/b3/profiles/capacity_tie_model.csv,experiment/outputs/cross_model_v1/run_20260924_01/paper/online_resource_2/baseline/q2_extension/evidence/b3/profiles/capacity_tie_model.csv,7ce06370cc0d9e9e1324b0115d1b849bacc6cc8b620c277dccfe6ca69412b73b,7ce06370cc0d9e9e1324b0115d1b849bacc6cc8b620c277dccfe6ca69412b73b,none
experiments/q2_extension/protocol_effective.json,experiment/outputs/cross_model_v1/run_20260924_01/paper/online_resource_2/baseline/q2_extension/protocol_effective.json,f292bd6c0d24cde10327ffee55f138e66683e151d85084e1f07f0e8984cdd4af,c1246097d1bfe4fe634b21eaeaa8584af8afec1036dde653f009251e31348fee,author-local paths replaced with explicit placeholders
experiments/q2_extension/reconstruction_discrepancies.csv,experiment/outputs/cross_model_v1/run_20260924_01/paper/online_resource_2/baseline/q2_extension/reconstruction_discrepancies.csv,48fc915ac8a7e52bd84aad8b2889ced5e9dd78acebb80ab4e0628824080de1ff,48fc915ac8a7e52bd84aad8b2889ced5e9dd78acebb80ab4e0628824080de1ff,none
experiments/q2_extension/requirements-lock-windows-py311.txt,experiment/outputs/cross_model_v1/run_20260924_01/paper/online_resource_2/baseline/q2_extension/code/requirements-lock-windows-py311.txt,8874e0b19ffa2872127cdf04f3ae21dede40ba050fae8849db31ae941deac30b,8874e0b19ffa2872127cdf04f3ae21dede40ba050fae8849db31ae941deac30b,none
figures/DATA_FIGURE_REVISION_HISTORY.md,experiment/outputs/kais_figure_redraw_20261007/run_01/figures/README.md,2f25b2572038940f6426d0268e37bd9a64f6e603e61bf56b4d788c3b096b0e40,2f25b2572038940f6426d0268e37bd9a64f6e603e61bf56b4d788c3b096b0e40,none
figures/MAIN_FIGURE_REVISION_HISTORY.md,experiment/outputs/kais_flowchart_revision_20261007/run_01/figures/README.md,13d7891916030d802157838ff83b58df17b915443d1521d8b8035e8898b04f1e,13d7891916030d802157838ff83b58df17b915443d1521d8b8035e8898b04f1e,none
figures/main/fig1.pdf,experiment/outputs/kais_flowchart_revision_20261007/run_01/figures/fig1.pdf,d8f0ad78270600f84779523d1c8081868d60818f017ef88cebd18a433a69b56b,d8f0ad78270600f84779523d1c8081868d60818f017ef88cebd18a433a69b56b,none
figures/main/fig1.png,experiment/outputs/kais_flowchart_revision_20261007/run_01/figures/fig1.png,d4a7eabd69939d717298344705844eabc5394f88b339b73343c6e74c9913425b,d4a7eabd69939d717298344705844eabc5394f88b339b73343c6e74c9913425b,none
figures/main/fig1.py,experiment/outputs/kais_flowchart_revision_20261007/run_01/figures/fig1.py,b46e4828ed7b338916055bfb3a0727ee9861c8c6149bd622da18c1e874d8a4dc,a52f9a358f9dc73b16b9f125981b1beebba90d3e7594850949e381d036d10ae0,none; publication path/guard or typing adaptation; science preserved; publication path/guard or typing adaptation; science preserved
figures/main/fig1.svg,experiment/outputs/kais_flowchart_revision_20261007/run_01/figures/fig1.svg,3b6521240755c515a3a64cbd5bc3f30fdc54c7cf72fd65dbdc35d90da21ac6f7,3b6521240755c515a3a64cbd5bc3f30fdc54c7cf72fd65dbdc35d90da21ac6f7,none
figures/main/fig2.pdf,experiment/outputs/kais_flowchart_revision_20261007/run_01/figures/fig2.pdf,e1b2133975c29a78c4d0039fead93b7a75ddfe620daa0e0227c330fb6e2bd5ae,e1b2133975c29a78c4d0039fead93b7a75ddfe620daa0e0227c330fb6e2bd5ae,none
figures/main/fig2.png,experiment/outputs/kais_flowchart_revision_20261007/run_01/figures/fig2.png,0b95561c8a6bd01a4d48198a875356fe44731895f375ba2383db226f83103a2e,0b95561c8a6bd01a4d48198a875356fe44731895f375ba2383db226f83103a2e,none
figures/main/fig2.py,experiment/outputs/kais_flowchart_revision_20261007/run_01/figures/fig2.py,71bf260d6f16d03f8dfc6fa6cbba6221933ec8c986f1c5689fee09a5432dbd88,1e0dfebc749c472ddfb2f7dea14c06cb44116b978596a03d061193f01b02c3c8,none; publication path/guard or typing adaptation; science preserved; publication path/guard or typing adaptation; science preserved
figures/main/fig2.svg,experiment/outputs/kais_flowchart_revision_20261007/run_01/figures/fig2.svg,27d6937649d85e6f67e428f868461b813171784fec3a087b4667a61c72b1ee85,27d6937649d85e6f67e428f868461b813171784fec3a087b4667a61c72b1ee85,none
figures/main/fig3.json,experiment/outputs/kais_flowchart_revision_20261007/run_01/figures/fig3.json,825e6046364f0e40bd9ffc93b4ec6177c9c8d677d507f861d2681eab427e900d,2a14d977bef5f55c9dc5aff8303870bc324ae15847b1d3c23e24517abc6ebe29,author-local paths replaced with explicit placeholders
figures/main/fig3.pdf,experiment/outputs/kais_flowchart_revision_20261007/run_01/figures/fig3.pdf,932808a8b45236d72e96e4c16b83599dda21391aa5fd458959914e45d984f5a2,932808a8b45236d72e96e4c16b83599dda21391aa5fd458959914e45d984f5a2,none
figures/main/fig3.png,experiment/outputs/kais_flowchart_revision_20261007/run_01/figures/fig3.png,ba0da23d1916828dd45726160b751b27f5367b8f075436dc49ded93f45843589,ba0da23d1916828dd45726160b751b27f5367b8f075436dc49ded93f45843589,none
figures/main/fig3.py,experiment/outputs/kais_flowchart_revision_20261007/run_01/figures/fig3.py,963db9a7ded0a233f7c466432db05540ac5d09d562196f086880949fa387b448,d54bc1c5144cc2a5462c28dd461d1dcf4e67893dbd3d8a95f6575c44a5b3b095,none; publication path/guard or typing adaptation; science preserved; publication path/guard or typing adaptation; science preserved
figures/main/fig3.svg,experiment/outputs/kais_flowchart_revision_20261007/run_01/figures/fig3.svg,568501f44f512428de35d71d93a58532d0bd8bd0f9b37807b3b2751f4cf09cdd,568501f44f512428de35d71d93a58532d0bd8bd0f9b37807b3b2751f4cf09cdd,none
figures/main/fig4.json,experiment/outputs/kais_flowchart_revision_20261007/run_01/figures/fig4.json,d0cda935e01a31750bebc9ec9274e671b933147f7ef9f142046b1feb58e9b1c9,5fa3633f2c70f55bfe4d54f6ba56e827d47dcbd4fa151e6f98a60cf3850ad801,author-local paths replaced with explicit placeholders
figures/main/fig4.pdf,experiment/outputs/kais_flowchart_revision_20261007/run_01/figures/fig4.pdf,c8fdb9d01bee2dc61d8c185da8fab2968345c56785570ef3d32f1552e014b20f,c8fdb9d01bee2dc61d8c185da8fab2968345c56785570ef3d32f1552e014b20f,none
figures/main/fig4.png,experiment/outputs/kais_flowchart_revision_20261007/run_01/figures/fig4.png,5f5f56c09fdc02b7a1905d47f7d9fd6dfdd9543084e01d1291d12904ca578f4e,5f5f56c09fdc02b7a1905d47f7d9fd6dfdd9543084e01d1291d12904ca578f4e,none
figures/main/fig4.py,experiment/outputs/kais_flowchart_revision_20261007/run_01/figures/fig4.py,0984985bb7d39bcba8522a28c0b3cfc24cfa36943eb1dd5e38ce364fb997a075,c2cdac2a68aa94035949b35ebb08c58453418c78f8244ba1a429330269ee45a1,"none; publication path/guard or typing adaptation; science preserved; publication path/guard or typing adaptation; science preserved; publication formatting/typing cleanup, no scientific arithmetic change"
figures/main/fig4.svg,experiment/outputs/kais_flowchart_revision_20261007/run_01/figures/fig4.svg,8eaa48dc2bf27df10e018687518140689f05aedc4c9ea9a1d416cd460205de7a,8eaa48dc2bf27df10e018687518140689f05aedc4c9ea9a1d416cd460205de7a,none
figures/main/fig5.json,experiment/outputs/kais_flowchart_revision_20261007/run_01/figures/fig5.json,a44d0821c8568ab88dfd7b52a0e855a58d9b2151efe8ffbb0fcf10cb6e36daa7,4e9577138777b161bc18533ebb715a2f0bd9c26b605718da884cbd69fc26b115,author-local paths replaced with explicit placeholders
figures/main/fig5.pdf,experiment/outputs/kais_flowchart_revision_20261007/run_01/figures/fig5.pdf,17a9c04cad04c10558bfcde258cea74207dcd0b1216494019c49a43b3d017de9,17a9c04cad04c10558bfcde258cea74207dcd0b1216494019c49a43b3d017de9,none
figures/main/fig5.png,experiment/outputs/kais_flowchart_revision_20261007/run_01/figures/fig5.png,212eb7fc34afa6d11e5809ead904c799967fc61b16011f62caa9fd01df9bda9b,212eb7fc34afa6d11e5809ead904c799967fc61b16011f62caa9fd01df9bda9b,none
figures/main/fig5.py,experiment/outputs/kais_flowchart_revision_20261007/run_01/figures/fig5.py,c30d690fc475112065afb86cbb5aab6a87cbb8ecaa41fca482c5ecebfb57c529,54ed569d8ac529f3c4642e2469c8479d576bbf01c1b0a15e85f15cf21b6e95e4,"none; publication path/guard or typing adaptation; science preserved; publication path/guard or typing adaptation; science preserved; publication formatting/typing cleanup, no scientific arithmetic change"
figures/main/fig5.svg,experiment/outputs/kais_flowchart_revision_20261007/run_01/figures/fig5.svg,c42b11c527b2c82a8c9e8c1f03b4beefc083f4f365d7863a97578738be037685,c42b11c527b2c82a8c9e8c1f03b4beefc083f4f365d7863a97578738be037685,none
figures/main/fig6.json,experiment/outputs/kais_figure_redraw_20261007/run_01/figures/fig6.json,14474aa597c76271f67805a1846fecb044372e6c1e2edfdcdd7469803e7cff2e,28753cd2e5187f4c7a1bf20e3b8df5e8b514338236db1f689f9c337418741d2e,author-local paths replaced with explicit placeholders
figures/main/fig6.pdf,experiment/outputs/kais_figure_redraw_20261007/run_01/figures/fig6.pdf,52bbb2c352c55348ef37c19648226a8b5d311b520c6b424c394edaddb48ed0a3,52bbb2c352c55348ef37c19648226a8b5d311b520c6b424c394edaddb48ed0a3,none
figures/main/fig6.png,experiment/outputs/kais_figure_redraw_20261007/run_01/figures/fig6.png,e2c406f5f80cae9fc60d303bffb1c0083b69d770aa4ccb292b5e3818d155f8b7,e2c406f5f80cae9fc60d303bffb1c0083b69d770aa4ccb292b5e3818d155f8b7,none
figures/main/fig6.py,experiment/outputs/kais_figure_redraw_20261007/run_01/figures/fig6.py,72bd654b160523505470479ed3d8a9b1404db1348df0e0323ada8cddb2bd72a0,72bd654b160523505470479ed3d8a9b1404db1348df0e0323ada8cddb2bd72a0,none
figures/supplement/figS1.pdf,experiment/outputs/kais_figure_redraw_20261007/run_01/figures/figS1.pdf,53826316275460ec2b3a65df9f9bddd2e8a2e31fc8b8eb002ff2be9dd6920a8b,53826316275460ec2b3a65df9f9bddd2e8a2e31fc8b8eb002ff2be9dd6920a8b,none
figures/supplement/figS1.png,experiment/outputs/kais_figure_redraw_20261007/run_01/figures/figS1.png,54fb2a974f0c39b9a5177e7bac51c0e189560b7ff4e63d3c72f111c80e7d868d,54fb2a974f0c39b9a5177e7bac51c0e189560b7ff4e63d3c72f111c80e7d868d,none
figures/supplement/figS1.py,experiment/outputs/kais_figure_redraw_20261007/run_01/figures/figS1.py,486d07fd6f7d442574c3e78afb4f43a0c1995cc0fde88f62f1ce7bc5849937be,25abeb378de3d51091f1ad803572703ebfa0585ec6e39e040593cc3f9f3c0bc4,"none; publication path/guard or typing adaptation; science preserved; publication formatting/typing cleanup, no scientific arithmetic change"
figures/supplement/figS1_data.json,experiment/outputs/kais_figure_redraw_20261007/run_01/figures/figS1_data.json,bf05b28693975081f89d9a1136b15d1674254487a9b1de95a7ad542388efc4e1,d709dc383f43eab91a8ad2fbe5342cb267613ae4a21b1428c79049950aad807a,author-local paths replaced with explicit placeholders
figures/supplement/figS2.pdf,experiment/outputs/kais_figure_redraw_20261007/run_01/figures/figS2.pdf,748f11b729a9c2b9fbc938920ab85282e6a1a18faa6255f8901d04d281eb3e34,748f11b729a9c2b9fbc938920ab85282e6a1a18faa6255f8901d04d281eb3e34,none
figures/supplement/figS2.png,experiment/outputs/kais_figure_redraw_20261007/run_01/figures/figS2.png,6aaa0505584d35b3b03c26845ddbb03dd2848ca7de0127c88a777d2331626481,6aaa0505584d35b3b03c26845ddbb03dd2848ca7de0127c88a777d2331626481,none
figures/supplement/figS2.py,experiment/outputs/kais_figure_redraw_20261007/run_01/figures/figS2.py,c54842fea7162217da9cc84e26360d27c1a10c347e4f5f51111916ff16f74791,12839bcec596e90414a3113a386dc747ff0df26958e74bafa7ade43dbb0e834b,"none; publication path/guard or typing adaptation; science preserved; publication formatting/typing cleanup, no scientific arithmetic change"
figures/supplement/figS2_data.json,experiment/outputs/kais_figure_redraw_20261007/run_01/figures/figS2_data.json,ce39cfa760d0dfadfafbaf56dfb4e87c609d08c538bc3cd7a351f9f7c02f6b71,78158681ae24e0c82878e5c4936bf77f0b4472bb88654c8064e96bf804233358,author-local paths replaced with explicit placeholders
figures/supplement/figS3.pdf,experiment/outputs/kais_figure_redraw_20261007/run_01/figures/figS3.pdf,87b2f5db18aa7c1410846c5094e8fe250956ba79972371d8b60a567ba9e95697,87b2f5db18aa7c1410846c5094e8fe250956ba79972371d8b60a567ba9e95697,none
figures/supplement/figS3.png,experiment/outputs/kais_figure_redraw_20261007/run_01/figures/figS3.png,8a1eb0ef4d5396b5b1c6d2449c798bee2efb206054ea981c0d8ee4b3f4162ed5,8a1eb0ef4d5396b5b1c6d2449c798bee2efb206054ea981c0d8ee4b3f4162ed5,none
figures/supplement/figS3.py,experiment/outputs/kais_figure_redraw_20261007/run_01/figures/figS3.py,0588ee944ffa3d33e94de6a651d00c89d2b5f68692bb59cceea2b67a49bcad99,d328db3d4e7c07e2540e3f0728f827f629057a3d0ddc6b5a5dd68ec2cd47ae33,"none; publication path/guard or typing adaptation; science preserved; publication path/guard or typing adaptation; science preserved; publication formatting/typing cleanup, no scientific arithmetic change"
figures/supplement/figS3_data.json,experiment/outputs/kais_figure_redraw_20261007/run_01/figures/figS3_data.json,ecd7918ec1ec9b04303b824517f3906fe2a763af0768cdf544a85702b4c95dbb,77bfb009a7f22709f842380ba6d2130fbb239fb5c7e9bd1311fd7cb0b1404439,author-local paths replaced with explicit placeholders
figures/supplement/figS4.pdf,experiment/outputs/kais_figure_redraw_20261007/run_01/figures/figS4.pdf,cab5fef9789c2007bb990be9a60af997566888acb816b28a4d89869f0d4eba7c,cab5fef9789c2007bb990be9a60af997566888acb816b28a4d89869f0d4eba7c,none
figures/supplement/figS4.png,experiment/outputs/kais_figure_redraw_20261007/run_01/figures/figS4.png,a68ed504c95acc3faff9900c048438ac99720947b04d69db4eb28e7e63190690,a68ed504c95acc3faff9900c048438ac99720947b04d69db4eb28e7e63190690,none
figures/supplement/figS4.py,experiment/outputs/kais_figure_redraw_20261007/run_01/figures/figS4.py,c8e5aa6a43a054126942cdcc0315828f6e9fa1729326e4379303eb55f18c1a5b,faf4e400cef03c89fce5d591e950eba8754339c0852f79adecca1e768221b53d,"none; publication path/guard or typing adaptation; science preserved; publication formatting/typing cleanup, no scientific arithmetic change"
figures/supplement/figS4_data.json,experiment/outputs/kais_figure_redraw_20261007/run_01/figures/figS4_data.json,db66baf71cbd356f23dced37b91ef5c845da32a3ffb9c27a62ad06c34ff64305,c6e92fcf11e15740334637c192b3d77e60b624ee1846a66e461fcee1decb8bbd,author-local paths replaced with explicit placeholders
figures/supplement/figS5.pdf,experiment/outputs/kais_figure_redraw_20261007/run_01/figures/figS5.pdf,0b3a7a063ff94fb51378c29128dda3b1c2b77c794ebf4683393a30aa2df263f2,0b3a7a063ff94fb51378c29128dda3b1c2b77c794ebf4683393a30aa2df263f2,none
figures/supplement/figS5.png,experiment/outputs/kais_figure_redraw_20261007/run_01/figures/figS5.png,e3855e539f08821a14c5256e0caf64a4491861041f0d2ff29be4b75032179e33,e3855e539f08821a14c5256e0caf64a4491861041f0d2ff29be4b75032179e33,none
figures/supplement/figS5.py,experiment/outputs/kais_figure_redraw_20261007/run_01/figures/figS5.py,c68a1db16e7119ca95e339a0cffd5a14e98138ca209b60c24c2141ec707d0dfd,d2d5b74a4942f8da1cc7fedc7ba900e4656afe6cd3cc8c0b53326a429d69ef53,"none; publication path/guard or typing adaptation; science preserved; publication formatting/typing cleanup, no scientific arithmetic change"
figures/supplement/figS5_data.json,experiment/outputs/kais_figure_redraw_20261007/run_01/figures/figS5_data.json,c6b4f253e0d2941e7a72b5915ca172ce1fdb84bdc70ca98fd97269e1b382df33,615af12fa0dd109eadc8ab8815245aff73db30141d4e50834db0be440fc67bf0,author-local paths replaced with explicit placeholders
figures/supplement/figS6.pdf,experiment/outputs/kais_figure_redraw_20261007/run_01/figures/figS6.pdf,92408989e40d8b46d9f5fb9749400c95823e668c68781b5c753c34612c4404ad,92408989e40d8b46d9f5fb9749400c95823e668c68781b5c753c34612c4404ad,none
figures/supplement/figS6.png,experiment/outputs/kais_figure_redraw_20261007/run_01/figures/figS6.png,3c1960d9b50f87437efd1807c353ea1e5f607af72fb2059f49c46649936951be,3c1960d9b50f87437efd1807c353ea1e5f607af72fb2059f49c46649936951be,none
figures/supplement/figS6.py,experiment/outputs/kais_figure_redraw_20261007/run_01/figures/figS6.py,b13ba4b37af34613f08c2057367677f3fdd9b6992a247b8941be56b8656fa2bb,e52e4fafb75f3fc38a0c02b3cfcaaec4177b86c6009386a058da77d5e63db51e,none; publication path/guard or typing adaptation; science preserved; publication path/guard or typing adaptation; science preserved
figures/supplement/figS6.sourcevectors.json,experiment/outputs/kais_figure_redraw_20261007/run_01/figures/figS6.sourcevectors.json,762ec4e777f0e5b3033142e945eb2f82863ed879efdc49943c346f9372e3b09d,d51107ccda30df97126ead5fde0d6aea4e7248a0488ff79afc5dcf24abe01325,author-local paths replaced with explicit placeholders
figures/supplement/figS7.data.json,experiment/outputs/kais_figure_redraw_20261007/run_01/figures/figS7.data.json,8e61ff7494f1051abd971c120cfb31c1d015c572828315d42e379a25cd92c1be,38b255fd70e19919bdb3f7a38f7fdba591cc3663ffef49740caaa18c14d1d63a,author-local paths replaced with explicit placeholders
figures/supplement/figS7.pdf,experiment/outputs/kais_figure_redraw_20261007/run_01/figures/figS7.pdf,e1dc9257524a4134c73c4266ab7462e6a78b2e55f8bf845537c5e52bc154a405,e1dc9257524a4134c73c4266ab7462e6a78b2e55f8bf845537c5e52bc154a405,none
figures/supplement/figS7.png,experiment/outputs/kais_figure_redraw_20261007/run_01/figures/figS7.png,e417aabc075e952506c3a5b0a1656862748ce2eeceeca07afd986a59d8c8e761,e417aabc075e952506c3a5b0a1656862748ce2eeceeca07afd986a59d8c8e761,none
figures/supplement/figS7.py,experiment/outputs/kais_figure_redraw_20261007/run_01/figures/figS7.py,fd4c6b2a5028149eb3b681ff603bee05d3a24caf8f35345b8208dafd10bcc034,fd4c6b2a5028149eb3b681ff603bee05d3a24caf8f35345b8208dafd10bcc034,none
figures/supplement/figS8.pdf,experiment/outputs/kais_figure_redraw_20261007/run_01/figures/figS8.pdf,0e8ecdc3b684b10d75e61eb0e27a8b83a974741b9859ce84c3ecd0120e7e89fb,0e8ecdc3b684b10d75e61eb0e27a8b83a974741b9859ce84c3ecd0120e7e89fb,none
figures/supplement/figS8.png,experiment/outputs/kais_figure_redraw_20261007/run_01/figures/figS8.png,5a807dc341230c004b57035605197f0c8eb7e6a41dbff05ac5239590faf72ec9,5a807dc341230c004b57035605197f0c8eb7e6a41dbff05ac5239590faf72ec9,none
figures/supplement/figS8.py,experiment/outputs/kais_figure_redraw_20261007/run_01/figures/figS8.py,933d84f2239a4a995468df0a5300ac3ca30e7a420e7c284a526bb89eb16296d4,7fda6c6b130d4a65b5cc3e5f3c24e92ee47fa353b307b89400a8563f9a1cd8e4,"none; publication path/guard or typing adaptation; science preserved; publication path/guard or typing adaptation; science preserved; publication formatting/typing cleanup, no scientific arithmetic change"
figures/supplement/figS8_data.json,experiment/outputs/kais_figure_redraw_20261007/run_01/figures/figS8_data.json,049a02e2391135d3835d904f3eb79d14d810210a81ccee3498f4023b79c415d6,edafd7b60edfbcd5d10036a3380c291a10ed3fd33205966365fb3fb03b472c26,author-local paths replaced with explicit placeholders
src/fraudx/cross_model/__init__.py,experiment/outputs/cross_model_v1/run_20260924_01/paper/online_resource_2/c1/source/fraudx/cross_model/__init__.py,2ee0bf43bcb1ee6edd6cfbcf63901d5468b85067441d5e27185106a60ff05bab,2ee0bf43bcb1ee6edd6cfbcf63901d5468b85067441d5e27185106a60ff05bab,none
src/fraudx/cross_model/analysis.py,experiment/outputs/cross_model_v1/run_20260924_01/paper/online_resource_2/c1/source/fraudx/cross_model/analysis.py,2e3619972e96e8611471c6c9819f638c20967973a09895a96fc05f73005a3b93,2e3619972e96e8611471c6c9819f638c20967973a09895a96fc05f73005a3b93,none
src/fraudx/cross_model/portable.py,experiment/outputs/cross_model_v1/run_20260924_01/paper/online_resource_2/c1/source/fraudx/cross_model/portable.py,42e70767161d8ccfd265b3b5cfabf04ae4e643ff3ba2f6f52a91aca24692d2d4,42e70767161d8ccfd265b3b5cfabf04ae4e643ff3ba2f6f52a91aca24692d2d4,none
src/fraudx/cross_model/replay.py,experiment/outputs/cross_model_v1/run_20260924_01/paper/online_resource_2/c1/source/fraudx/cross_model/replay.py,b8bb64da19f0e54b26703645656676206cae3fd9f3b3a3c4750f892412de5906,b8bb64da19f0e54b26703645656676206cae3fd9f3b3a3c4750f892412de5906,none
src/fraudx/cross_model/statistics.py,experiment/outputs/cross_model_v1/run_20260924_01/paper/online_resource_2/c1/source/fraudx/cross_model/statistics.py,8463be8c980d901cbe3307b275320f93752e86bc6795d9d37a4b0274af0e8bd9,8463be8c980d901cbe3307b275320f93752e86bc6795d9d37a4b0274af0e8bd9,none
src/fraudx/cross_model/training.py,experiment/outputs/cross_model_v1/run_20260924_01/paper/online_resource_2/c1/source/fraudx/cross_model/training.py,4210d0e99f249935067d894daba1cb132391c4bd650afe04e6a41c7b5a22f4c0,4210d0e99f249935067d894daba1cb132391c4bd650afe04e6a41c7b5a22f4c0,none
src/fraudx/metrics.py,experiment/src/fraudx/metrics.py,f3f327aa9cf8e3c632c93d13a94f7b22a0d1ea285b2dba1b5880860fdb46e820,f3f327aa9cf8e3c632c93d13a94f7b22a0d1ea285b2dba1b5880860fdb46e820,none
src/fraudx/paysim_deterministic/__init__.py,experiment/outputs/cross_model_v1/run_20260924_01/paper/online_resource_2/c1/source/fraudx/paysim_deterministic/__init__.py,be134bf803dd0540f98761b9c08370f307163b582a85dcf9e0da1bf5b5588554,be134bf803dd0540f98761b9c08370f307163b582a85dcf9e0da1bf5b5588554,none
src/fraudx/paysim_deterministic/__main__.py,experiment/outputs/cross_model_v1/run_20260924_01/paper/online_resource_2/c1/source/fraudx/paysim_deterministic/__main__.py,0b29d51193d290c8be0024770205fe92edc915084af16a0cae0f885b8aada17e,0b29d51193d290c8be0024770205fe92edc915084af16a0cae0f885b8aada17e,none
src/fraudx/paysim_deterministic/acquisition.py,experiment/outputs/cross_model_v1/run_20260924_01/paper/online_resource_2/c1/source/fraudx/paysim_deterministic/acquisition.py,6206f004f9fae7e09f1426176a6f77083c47ba106b05990e98f4484f68fce78c,6206f004f9fae7e09f1426176a6f77083c47ba106b05990e98f4484f68fce78c,none
src/fraudx/paysim_deterministic/analysis.py,experiment/outputs/cross_model_v1/run_20260924_01/paper/online_resource_2/c1/source/fraudx/paysim_deterministic/analysis.py,eb0bfd5c4eca281a08977c6d143d6b6a679db367aaddea840ec943e88148c7a3,eb0bfd5c4eca281a08977c6d143d6b6a679db367aaddea840ec943e88148c7a3,none
src/fraudx/paysim_deterministic/calibration.py,experiment/outputs/cross_model_v1/run_20260924_01/paper/online_resource_2/c1/source/fraudx/paysim_deterministic/calibration.py,abd10ba6db4724a5fc9e356a74eabca909c55b40affc7656d3ef7cef706620ee,abd10ba6db4724a5fc9e356a74eabca909c55b40affc7656d3ef7cef706620ee,none
src/fraudx/paysim_deterministic/comparison.py,experiment/outputs/cross_model_v1/run_20260924_01/paper/online_resource_2/c1/source/fraudx/paysim_deterministic/comparison.py,e92a6304e5c1abd26efacfcfd0aabde7268b6296ff1e890cd2f4447e55e0a792,e92a6304e5c1abd26efacfcfd0aabde7268b6296ff1e890cd2f4447e55e0a792,none
src/fraudx/paysim_deterministic/preprocess.py,experiment/outputs/cross_model_v1/run_20260924_01/paper/online_resource_2/c1/source/fraudx/paysim_deterministic/preprocess.py,46226bc1420513a98b79d0c985cf178971cb4010d3e46f911155447fb1e00975,46226bc1420513a98b79d0c985cf178971cb4010d3e46f911155447fb1e00975,none
src/fraudx/paysim_deterministic/primary.py,experiment/outputs/cross_model_v1/run_20260924_01/paper/online_resource_2/c1/source/fraudx/paysim_deterministic/primary.py,2eef141cda714d5b68042d7e356c271f6253649736c89d38f0bfd058121e6e67,2eef141cda714d5b68042d7e356c271f6253649736c89d38f0bfd058121e6e67,none
src/fraudx/paysim_deterministic/replay.py,experiment/outputs/cross_model_v1/run_20260924_01/paper/online_resource_2/c1/source/fraudx/paysim_deterministic/replay.py,fdcbefec5b97058783730e3bb5fcedbb3104eb72bd8ffc4ca25e5c2b3da3d35f,fdcbefec5b97058783730e3bb5fcedbb3104eb72bd8ffc4ca25e5c2b3da3d35f,none
src/fraudx/paysim_deterministic/score_audit.py,experiment/outputs/cross_model_v1/run_20260924_01/paper/online_resource_2/c1/source/fraudx/paysim_deterministic/score_audit.py,09273a26da70fbe76d7442771b933b03e51944a2323eefc8235433dc8d2f3d9d,09273a26da70fbe76d7442771b933b03e51944a2323eefc8235433dc8d2f3d9d,none
src/fraudx/paysim_deterministic/training.py,experiment/outputs/cross_model_v1/run_20260924_01/paper/online_resource_2/c1/source/fraudx/paysim_deterministic/training.py,ce6dbb882d62bcdaffea3b02197e4bddedce625291aa62cf30ca5f6382952d46,ce6dbb882d62bcdaffea3b02197e4bddedce625291aa62cf30ca5f6382952d46,none
src/fraudx/paysim_deterministic/verification.py,experiment/outputs/cross_model_v1/run_20260924_01/paper/online_resource_2/c1/source/fraudx/paysim_deterministic/verification.py,2ae057e7de48561e8bb426123e62004502b97b7100dbef09c37cb3bf8ba3a14e,2ae057e7de48561e8bb426123e62004502b97b7100dbef09c37cb3bf8ba3a14e,none
src/fraudx/q2_extension/__init__.py,experiment/outputs/cross_model_v1/run_20260924_01/paper/online_resource_2/c1/source/fraudx/q2_extension/__init__.py,f5d7c7af554fdd6b76e58712834af1305ed137e688b4b87c0c3f8cd0fc64edd9,f5d7c7af554fdd6b76e58712834af1305ed137e688b4b87c0c3f8cd0fc64edd9,none
src/fraudx/q2_extension/bootstrap.py,experiment/outputs/cross_model_v1/run_20260924_01/paper/online_resource_2/c1/source/fraudx/q2_extension/bootstrap.py,f7f2c9c562efb10dbf0a8be73f7e6d1dc8e300a7181058104a4d067f0e528286,f7f2c9c562efb10dbf0a8be73f7e6d1dc8e300a7181058104a4d067f0e528286,none
src/fraudx/q2_extension/bundle_replay.py,experiment/outputs/cross_model_v1/run_20260924_01/paper/online_resource_2/c1/source/fraudx/q2_extension/bundle_replay.py,8ba8786d5ae094c90c365658ee517e5641de6066794426b84e95e7a7295ae4df,8ba8786d5ae094c90c365658ee517e5641de6066794426b84e95e7a7295ae4df,none
src/fraudx/q2_extension/cli.py,experiment/outputs/cross_model_v1/run_20260924_01/paper/online_resource_2/c1/source/fraudx/q2_extension/cli.py,36ede04e0539b2f80c56b628281e33745421e913543629d18ff9ce362e3fc348,36ede04e0539b2f80c56b628281e33745421e913543629d18ff9ce362e3fc348,none
src/fraudx/q2_extension/common.py,experiment/outputs/cross_model_v1/run_20260924_01/paper/online_resource_2/c1/source/fraudx/q2_extension/common.py,16840b320e77ca48ea838799287ff8042df39ba3588b39169b7dceba9e9b3569,16840b320e77ca48ea838799287ff8042df39ba3588b39169b7dceba9e9b3569,none
src/fraudx/q2_extension/kernels.py,experiment/outputs/cross_model_v1/run_20260924_01/paper/online_resource_2/c1/source/fraudx/q2_extension/kernels.py,017fab0c1b875a786b2af474c05ebbae39a512b633e97dd0c5e184805742cced,017fab0c1b875a786b2af474c05ebbae39a512b633e97dd0c5e184805742cced,none
src/fraudx/q2_extension/point_analysis.py,experiment/outputs/cross_model_v1/run_20260924_01/paper/online_resource_2/c1/source/fraudx/q2_extension/point_analysis.py,8d7bfae79b8d2be5a1b98016c625de740fee3302842dd06e4b0fd066be624da4,8d7bfae79b8d2be5a1b98016c625de740fee3302842dd06e4b0fd066be624da4,none
src/fraudx/q2_extension/resampling.py,experiment/outputs/cross_model_v1/run_20260924_01/paper/online_resource_2/c1/source/fraudx/q2_extension/resampling.py,cd347c8183d656251a4129f54bc0b701a100f1a9d7f365235a17512a1b90191b,cd347c8183d656251a4129f54bc0b701a100f1a9d7f365235a17512a1b90191b,none
tests/test_cross_model.py,experiment/outputs/cross_model_v1/run_20260924_01/paper/online_resource_2/c1/tests/test_cross_model.py,f023276b652447181aedd08b0031df5a25328511d655f5285deb886d09f5f771,f023276b652447181aedd08b0031df5a25328511d655f5285deb886d09f5f771,none
tests/test_paysim_deterministic.py,experiment/outputs/cross_model_v1/run_20260924_01/paper/online_resource_2/v2/tests/test_paysim_deterministic.py,426bfad006c6802588cb66552ed852bea6bb0bceb7632583c4e033aceb4517cc,426bfad006c6802588cb66552ed852bea6bb0bceb7632583c4e033aceb4517cc,none
tests/test_paysim_deterministic_comparison.py,experiment/outputs/cross_model_v1/run_20260924_01/paper/online_resource_2/v2/tests/test_paysim_deterministic_comparison.py,bd978fe65017b5f3240ac251da14f4f35c9faebdca91133f3efc30dd1c897758,bd978fe65017b5f3240ac251da14f4f35c9faebdca91133f3efc30dd1c897758,none
tests/test_paysim_deterministic_training.py,experiment/outputs/cross_model_v1/run_20260924_01/paper/online_resource_2/v2/tests/test_paysim_deterministic_training.py,a28fbf61e86ca83ed81185c16ca8d59e34bdb04b409cc28d71d0f21350175b0a,a28fbf61e86ca83ed81185c16ca8d59e34bdb04b409cc28d71d0f21350175b0a,none
tests/test_q2_extension_kernels.py,experiment/outputs/cross_model_v1/run_20260924_01/paper/online_resource_2/baseline/q2_extension/tests/test_q2_extension_kernels.py,bbb78fab97294f4d0297a25653cf108ab540435c0a0a66fc245d1292b19f7b74,bbb78fab97294f4d0297a25653cf108ab540435c0a0a66fc245d1292b19f7b74,none
tests/test_q2_extension_resampling.py,experiment/outputs/cross_model_v1/run_20260924_01/paper/online_resource_2/baseline/q2_extension/tests/test_q2_extension_resampling.py,a8fc821e6890b66ca2bd4f9e1c9d125f2e69890f1f479d324b5a082de4b40699,a8fc821e6890b66ca2bd4f9e1c9d125f2e69890f1f479d324b5a082de4b40699,none
