fold,model,seed,capacity,fn_cost,ap,threshold,validation_alert_rate,n,frauds,tp,fp,fn,alerts,recall,precision,alert_rate,cost,cost_per_10000
1,P0,42,0.01,10,0.1548730397037055,0.9801609899147488,7.857287483038837e-05,642661,498,67,0,431,67,0.13453815261044177,1.0,0.00010425403128554557,4310,67.064906692642
1,P0,42,0.01,50,0.1548730397037055,0.030820479039042867,0.00015110168236613146,642661,498,71,1,427,72,0.142570281124498,0.9861111111111112,0.00011203418287401911,21351,332.2280331309975
1,P0,42,0.01,100,0.1548730397037055,0.030820479039042867,0.00015110168236613146,642661,498,71,1,427,72,0.142570281124498,0.9861111111111112,0.00011203418287401911,42701,664.4405059588181
1,P0,42,0.01,500,0.1548730397037055,0.004383872046382495,0.008099050174824646,642661,498,97,4199,401,4296,0.19477911646586346,0.022579143389199256,0.006684706244816474,204699,3185.1785000178943
1,P0,42,0.01,1000,0.1548730397037055,0.004383872046382495,0.008099050174824646,642661,498,97,4199,401,4296,0.19477911646586346,0.022579143389199256,0.006684706244816474,405199,6305.019286995788
1,P0,42,0.03,10,0.1548730397037055,0.9801609899147488,7.857287483038837e-05,642661,498,67,0,431,67,0.13453815261044177,1.0,0.00010425403128554557,4310,67.064906692642
1,P0,42,0.03,50,0.1548730397037055,0.030820479039042867,0.00015110168236613146,642661,498,71,1,427,72,0.142570281124498,0.9861111111111112,0.00011203418287401911,21351,332.2280331309975
1,P0,42,0.03,100,0.1548730397037055,0.030820479039042867,0.00015110168236613146,642661,498,71,1,427,72,0.142570281124498,0.9861111111111112,0.00011203418287401911,42701,664.4405059588181
1,P0,42,0.03,500,0.1548730397037055,0.002864800903468963,0.027548858728993087,642661,498,150,17065,348,17215,0.30120481927710846,0.008713331397037467,0.02678706191911443,191065,2973.0293265033974
1,P0,42,0.03,1000,0.1548730397037055,0.002864800903468963,0.027548858728993087,642661,498,150,17065,348,17215,0.30120481927710846,0.008713331397037467,0.02678706191911443,365065,5680.522079292193
1,P0,42,0.05,10,0.1548730397037055,0.9801609899147488,7.857287483038837e-05,642661,498,67,0,431,67,0.13453815261044177,1.0,0.00010425403128554557,4310,67.064906692642
1,P0,42,0.05,50,0.1548730397037055,0.030820479039042867,0.00015110168236613146,642661,498,71,1,427,72,0.142570281124498,0.9861111111111112,0.00011203418287401911,21351,332.2280331309975
1,P0,42,0.05,100,0.1548730397037055,0.030820479039042867,0.00015110168236613146,642661,498,71,1,427,72,0.142570281124498,0.9861111111111112,0.00011203418287401911,42701,664.4405059588181
1,P0,42,0.05,500,0.1548730397037055,0.0024811029384650112,0.04884815187532298,642661,498,206,31730,292,31936,0.41365461847389556,0.006450400801603207,0.04969338422589826,177730,2765.532683638808
1,P0,42,0.05,1000,0.1548730397037055,0.0024811029384650112,0.04884815187532298,642661,498,206,31730,292,31936,0.41365461847389556,0.006450400801603207,0.04969338422589826,323730,5037.336947473084
1,P0,42,0.1,10,0.1548730397037055,0.9801609899147488,7.857287483038837e-05,642661,498,67,0,431,67,0.13453815261044177,1.0,0.00010425403128554557,4310,67.064906692642
1,P0,42,0.1,50,0.1548730397037055,0.030820479039042867,0.00015110168236613146,642661,498,71,1,427,72,0.142570281124498,0.9861111111111112,0.00011203418287401911,21351,332.2280331309975
1,P0,42,0.1,100,0.1548730397037055,0.030820479039042867,0.00015110168236613146,642661,498,71,1,427,72,0.142570281124498,0.9861111111111112,0.00011203418287401911,42701,664.4405059588181
1,P0,42,0.1,500,0.1548730397037055,0.0024811029384650112,0.04884815187532298,642661,498,206,31730,292,31936,0.41365461847389556,0.006450400801603207,0.04969338422589826,177730,2765.532683638808
1,P0,42,0.1,1000,0.1548730397037055,0.002020981634211116,0.09788366983677996,642661,498,290,58318,208,58608,0.5823293172690763,0.004948129948129948,0.09119582485945156,266318,4143.988821478198
1,P0,52,0.01,10,0.006175773206330214,0.10074125008054233,0.0,642661,498,0,0,498,0,0.0,0.0,0.0,4980,77.49030982119656
1,P0,52,0.01,50,0.006175773206330214,0.018571291976139423,0.00045632708074571705,642661,498,8,157,490,165,0.01606425702811245,0.048484848484848485,0.00025674500241962717,24657,383.67039543398465
1,P0,52,0.01,100,0.006175773206330214,0.018571291976139423,0.00045632708074571705,642661,498,8,157,490,165,0.01606425702811245,0.048484848484848485,0.00025674500241962717,49157,764.8978232691886
1,P0,52,0.01,500,0.006175773206330214,0.018571291976139423,0.00045632708074571705,642661,498,8,157,490,165,0.01606425702811245,0.048484848484848485,0.00025674500241962717,245157,3814.71724595082
1,P0,52,0.01,1000,0.006175773206330214,0.011107621848133747,0.0021577320241883574,642661,498,15,720,483,735,0.030120481927710843,0.02040816326530612,0.0011436822835056118,483720,7526.829852752851
1,P0,52,0.03,10,0.006175773206330214,0.10074125008054233,0.0,642661,498,0,0,498,0,0.0,0.0,0.0,4980,77.49030982119656
1,P0,52,0.03,50,0.006175773206330214,0.018571291976139423,0.00045632708074571705,642661,498,8,157,490,165,0.01606425702811245,0.048484848484848485,0.00025674500241962717,24657,383.67039543398465
1,P0,52,0.03,100,0.006175773206330214,0.018571291976139423,0.00045632708074571705,642661,498,8,157,490,165,0.01606425702811245,0.048484848484848485,0.00025674500241962717,49157,764.8978232691886
1,P0,52,0.03,500,0.006175773206330214,0.0033141273999222785,0.029912089041199384,642661,498,130,17071,368,17201,0.26104417670682734,0.0075577001337131565,0.026765277494666707,201071,3128.7257200919303
1,P0,52,0.03,1000,0.006175773206330214,0.0033141273999222785,0.029912089041199384,642661,498,130,17071,368,17201,0.26104417670682734,0.0075577001337131565,0.026765277494666707,385071,5991.821504650196
1,P0,52,0.05,10,0.006175773206330214,0.10074125008054233,0.0,642661,498,0,0,498,0,0.0,0.0,0.0,4980,77.49030982119656
1,P0,52,0.05,50,0.006175773206330214,0.018571291976139423,0.00045632708074571705,642661,498,8,157,490,165,0.01606425702811245,0.048484848484848485,0.00025674500241962717,24657,383.67039543398465
1,P0,52,0.05,100,0.006175773206330214,0.018571291976139423,0.00045632708074571705,642661,498,8,157,490,165,0.01606425702811245,0.048484848484848485,0.00025674500241962717,49157,764.8978232691886
1,P0,52,0.05,500,0.006175773206330214,0.0030381201471976972,0.04068866102755188,642661,498,171,25771,327,25942,0.3433734939759036,0.006591627476678745,0.040366538501636164,189271,2945.1141426039544
1,P0,52,0.05,1000,0.006175773206330214,0.002827500501490344,0.0450313233787545,642661,498,183,29084,315,29267,0.3674698795180723,0.006252776164280589,0.04554033930797108,344084,5354.0513583366655
1,P0,52,0.1,10,0.006175773206330214,0.10074125008054233,0.0,642661,498,0,0,498,0,0.0,0.0,0.0,4980,77.49030982119656
1,P0,52,0.1,50,0.006175773206330214,0.018571291976139423,0.00045632708074571705,642661,498,8,157,490,165,0.01606425702811245,0.048484848484848485,0.00025674500241962717,24657,383.67039543398465
1,P0,52,0.1,100,0.006175773206330214,0.018571291976139423,0.00045632708074571705,642661,498,8,157,490,165,0.01606425702811245,0.048484848484848485,0.00025674500241962717,49157,764.8978232691886
1,P0,52,0.1,500,0.006175773206330214,0.0025840124053662385,0.06342342015636002,642661,498,228,39554,270,39782,0.4578313253012048,0.005731235232014479,0.061901998098530954,174554,2716.113160748824
1,P0,52,0.1,1000,0.006175773206330214,0.002311736208166526,0.09718255803060111,642661,498,282,57673,216,57955,0.5662650602409639,0.004865844189457337,0.09017973706199692,273673,4258.434851344644
1,P0,62,0.01,10,0.14850681436142182,0.1723833186682106,7.555084118306573e-05,642661,498,67,0,431,67,0.13453815261044177,1.0,0.00010425403128554557,4310,67.064906692642
1,P0,62,0.01,50,0.14850681436142182,0.1723833186682106,7.555084118306573e-05,642661,498,67,0,431,67,0.13453815261044177,1.0,0.00010425403128554557,21550,335.32453346321
1,P0,62,0.01,100,0.14850681436142182,0.1723833186682106,7.555084118306573e-05,642661,498,67,0,431,67,0.13453815261044177,1.0,0.00010425403128554557,43100,670.64906692642
1,P0,62,0.01,500,0.14850681436142182,0.012235060103937698,0.001997564240880258,642661,498,85,854,413,939,0.1706827309236948,0.09052183173588925,0.0014611124683153326,207354,3226.491104952689
1,P0,62,0.01,1000,0.14850681436142182,0.012235060103937698,0.001997564240880258,642661,498,85,854,413,939,0.1706827309236948,0.09052183173588925,0.0014611124683153326,413854,6439.693710992265
1,P0,62,0.03,10,0.14850681436142182,0.1723833186682106,7.555084118306573e-05,642661,498,67,0,431,67,0.13453815261044177,1.0,0.00010425403128554557,4310,67.064906692642
1,P0,62,0.03,50,0.14850681436142182,0.1723833186682106,7.555084118306573e-05,642661,498,67,0,431,67,0.13453815261044177,1.0,0.00010425403128554557,21550,335.32453346321
1,P0,62,0.03,100,0.14850681436142182,0.1723833186682106,7.555084118306573e-05,642661,498,67,0,431,67,0.13453815261044177,1.0,0.00010425403128554557,43100,670.64906692642
1,P0,62,0.03,500,0.14850681436142182,0.007997334564064925,0.013856024272974256,642661,498,160,7093,338,7253,0.321285140562249,0.02205983730869985,0.01128588789423973,176093,2740.060467338146
1,P0,62,0.03,1000,0.14850681436142182,0.007997334564064925,0.013856024272974256,642661,498,160,7093,338,7253,0.321285140562249,0.02205983730869985,0.01128588789423973,345093,5369.751704242205
1,P0,62,0.05,10,0.14850681436142182,0.1723833186682106,7.555084118306573e-05,642661,498,67,0,431,67,0.13453815261044177,1.0,0.00010425403128554557,4310,67.064906692642
1,P0,62,0.05,50,0.14850681436142182,0.1723833186682106,7.555084118306573e-05,642661,498,67,0,431,67,0.13453815261044177,1.0,0.00010425403128554557,21550,335.32453346321
1,P0,62,0.05,100,0.14850681436142182,0.1723833186682106,7.555084118306573e-05,642661,498,67,0,431,67,0.13453815261044177,1.0,0.00010425403128554557,43100,670.64906692642
1,P0,62,0.05,500,0.14850681436142182,0.0031814932114420254,0.049633880623626864,642661,498,222,29135,276,29357,0.4457831325301205,0.007562080594066151,0.0456803820365636,167135,2600.6712714790533
1,P0,62,0.05,1000,0.14850681436142182,0.0031814932114420254,0.049633880623626864,642661,498,222,29135,276,29357,0.4457831325301205,0.007562080594066151,0.0456803820365636,305135,4747.993109897753
1,P0,62,0.1,10,0.14850681436142182,0.1723833186682106,7.555084118306573e-05,642661,498,67,0,431,67,0.13453815261044177,1.0,0.00010425403128554557,4310,67.064906692642
1,P0,62,0.1,50,0.14850681436142182,0.1723833186682106,7.555084118306573e-05,642661,498,67,0,431,67,0.13453815261044177,1.0,0.00010425403128554557,21550,335.32453346321
1,P0,62,0.1,100,0.14850681436142182,0.1723833186682106,7.555084118306573e-05,642661,498,67,0,431,67,0.13453815261044177,1.0,0.00010425403128554557,43100,670.64906692642
1,P0,62,0.1,500,0.14850681436142182,0.0031814932114420254,0.049633880623626864,642661,498,222,29135,276,29357,0.4457831325301205,0.007562080594066151,0.0456803820365636,167135,2600.6712714790533
1,P0,62,0.1,1000,0.14850681436142182,0.002437714741494152,0.09912874769947688,642661,498,323,58670,175,58993,0.6485943775100401,0.0054752258742562674,0.09179489653176402,233670,3635.9760433572287
1,P0,72,0.01,10,0.14915033691806778,0.7132315283747293,0.00012994744683487305,642661,498,72,0,426,72,0.14457831325301204,1.0,0.00011203418287401911,4260,66.28689153379464
1,P0,72,0.01,50,0.14915033691806778,0.7132315283747293,0.00012994744683487305,642661,498,72,0,426,72,0.14457831325301204,1.0,0.00011203418287401911,21300,331.4344576689732
1,P0,72,0.01,100,0.14915033691806778,0.7132315283747293,0.00012994744683487305,642661,498,72,0,426,72,0.14457831325301204,1.0,0.00011203418287401911,42600,662.8689153379464
1,P0,72,0.01,500,0.14915033691806778,0.7132315283747293,0.00012994744683487305,642661,498,72,0,426,72,0.14457831325301204,1.0,0.00011203418287401911,213000,3314.344576689732
1,P0,72,0.01,1000,0.14915033691806778,0.0042594081539666295,0.004714372489823301,642661,498,80,2280,418,2360,0.1606425702811245,0.03389830508474576,0.0036722315497595154,420280,6539.684219207327
1,P0,72,0.03,10,0.14915033691806778,0.7132315283747293,0.00012994744683487305,642661,498,72,0,426,72,0.14457831325301204,1.0,0.00011203418287401911,4260,66.28689153379464
1,P0,72,0.03,50,0.14915033691806778,0.7132315283747293,0.00012994744683487305,642661,498,72,0,426,72,0.14457831325301204,1.0,0.00011203418287401911,21300,331.4344576689732
1,P0,72,0.03,100,0.14915033691806778,0.7132315283747293,0.00012994744683487305,642661,498,72,0,426,72,0.14457831325301204,1.0,0.00011203418287401911,42600,662.8689153379464
1,P0,72,0.03,500,0.14915033691806778,0.7132315283747293,0.00012994744683487305,642661,498,72,0,426,72,0.14457831325301204,1.0,0.00011203418287401911,213000,3314.344576689732
1,P0,72,0.03,1000,0.14915033691806778,0.002323629900432787,0.02585954192013974,642661,498,117,15595,381,15712,0.23493975903614459,0.00744653767820774,0.024448348351619284,396595,6171.138438461335
1,P0,72,0.05,10,0.14915033691806778,0.7132315283747293,0.00012994744683487305,642661,498,72,0,426,72,0.14457831325301204,1.0,0.00011203418287401911,4260,66.28689153379464
1,P0,72,0.05,50,0.14915033691806778,0.7132315283747293,0.00012994744683487305,642661,498,72,0,426,72,0.14457831325301204,1.0,0.00011203418287401911,21300,331.4344576689732
1,P0,72,0.05,100,0.14915033691806778,0.7132315283747293,0.00012994744683487305,642661,498,72,0,426,72,0.14457831325301204,1.0,0.00011203418287401911,42600,662.8689153379464
1,P0,72,0.05,500,0.14915033691806778,0.7132315283747293,0.00012994744683487305,642661,498,72,0,426,72,0.14457831325301204,1.0,0.00011203418287401911,213000,3314.344576689732
1,P0,72,0.05,1000,0.14915033691806778,0.0020311679703950377,0.04905969423063557,642661,498,166,32758,332,32924,0.3333333333333333,0.005041914712671607,0.05123074217978063,364758,5675.74506621687
1,P0,72,0.1,10,0.14915033691806778,0.7132315283747293,0.00012994744683487305,642661,498,72,0,426,72,0.14457831325301204,1.0,0.00011203418287401911,4260,66.28689153379464
1,P0,72,0.1,50,0.14915033691806778,0.7132315283747293,0.00012994744683487305,642661,498,72,0,426,72,0.14457831325301204,1.0,0.00011203418287401911,21300,331.4344576689732
1,P0,72,0.1,100,0.14915033691806778,0.7132315283747293,0.00012994744683487305,642661,498,72,0,426,72,0.14457831325301204,1.0,0.00011203418287401911,42600,662.8689153379464
1,P0,72,0.1,500,0.14915033691806778,0.001934134170885015,0.06824658585748694,642661,498,221,44401,277,44622,0.44377510040160645,0.004952713907937788,0.06943318483617335,182901,2845.9950113668015
1,P0,72,0.1,1000,0.14915033691806778,0.0015546080576578835,0.09468333620426529,642661,498,270,59231,228,59501,0.5421686746987951,0.004537738861531739,0.09258535993315294,287231,4469.401441817692
1,P0,82,0.01,10,0.022236050222499054,0.03496814427894541,0.0,642661,498,0,0,498,0,0.0,0.0,0.0,4980,77.49030982119656
1,P0,82,0.01,50,0.022236050222499054,0.029110474844909768,0.0014475541170675395,642661,498,70,502,428,572,0.14056224899598393,0.12237762237762238,0.0008900493417213741,21902,340.80176018149535
1,P0,82,0.01,100,0.022236050222499054,0.029110474844909768,0.0014475541170675395,642661,498,70,502,428,572,0.14056224899598393,0.12237762237762238,0.0008900493417213741,43302,673.7922481681633
1,P0,82,0.01,500,0.022236050222499054,0.013642886010928196,0.004170406433305228,642661,498,76,2355,422,2431,0.15261044176706828,0.03126285479226656,0.00378270970231584,213355,3319.8684843175483
1,P0,82,0.01,1000,0.022236050222499054,0.013642886010928196,0.004170406433305228,642661,498,76,2355,422,2431,0.15261044176706828,0.03126285479226656,0.00378270970231584,424355,6603.092454653386
1,P0,82,0.03,10,0.022236050222499054,0.03496814427894541,0.0,642661,498,0,0,498,0,0.0,0.0,0.0,4980,77.49030982119656
1,P0,82,0.03,50,0.022236050222499054,0.029110474844909768,0.0014475541170675395,642661,498,70,502,428,572,0.14056224899598393,0.12237762237762238,0.0008900493417213741,21902,340.80176018149535
1,P0,82,0.03,100,0.022236050222499054,0.029110474844909768,0.0014475541170675395,642661,498,70,502,428,572,0.14056224899598393,0.12237762237762238,0.0008900493417213741,43302,673.7922481681633
1,P0,82,0.03,500,0.022236050222499054,0.013642886010928196,0.004170406433305228,642661,498,76,2355,422,2431,0.15261044176706828,0.03126285479226656,0.00378270970231584,213355,3319.8684843175483
1,P0,82,0.03,1000,0.022236050222499054,0.003923258227984301,0.02512518774384034,642661,498,118,15838,380,15956,0.23694779116465864,0.007395337177237403,0.02482801974913679,395838,6159.359288956386
1,P0,82,0.05,10,0.022236050222499054,0.03496814427894541,0.0,642661,498,0,0,498,0,0.0,0.0,0.0,4980,77.49030982119656
1,P0,82,0.05,50,0.022236050222499054,0.029110474844909768,0.0014475541170675395,642661,498,70,502,428,572,0.14056224899598393,0.12237762237762238,0.0008900493417213741,21902,340.80176018149535
1,P0,82,0.05,100,0.022236050222499054,0.029110474844909768,0.0014475541170675395,642661,498,70,502,428,572,0.14056224899598393,0.12237762237762238,0.0008900493417213741,43302,673.7922481681633
1,P0,82,0.05,500,0.022236050222499054,0.0033344952475211926,0.04781763840158596,642661,498,247,31668,251,31915,0.4959839357429719,0.007739307535641548,0.049660707589226666,157168,2445.5817297144217
1,P0,82,0.05,1000,0.022236050222499054,0.00329178974571926,0.049467668773024116,642661,498,252,33044,246,33296,0.5060240963855421,0.007568476693897165,0.05180958545796306,279044,4342.009239708026
1,P0,82,0.1,10,0.022236050222499054,0.03496814427894541,0.0,642661,498,0,0,498,0,0.0,0.0,0.0,4980,77.49030982119656
1,P0,82,0.1,50,0.022236050222499054,0.029110474844909768,0.0014475541170675395,642661,498,70,502,428,572,0.14056224899598393,0.12237762237762238,0.0008900493417213741,21902,340.80176018149535
1,P0,82,0.1,100,0.022236050222499054,0.029110474844909768,0.0014475541170675395,642661,498,70,502,428,572,0.14056224899598393,0.12237762237762238,0.0008900493417213741,43302,673.7922481681633
1,P0,82,0.1,500,0.022236050222499054,0.0024808835082026693,0.06500696578755707,642661,498,286,42461,212,42747,0.5742971887550201,0.006690527990268323,0.06651562799049576,148461,2310.0981699527433
1,P0,82,0.1,1000,0.022236050222499054,0.0022357843952656472,0.07112356188973808,642661,498,295,46992,203,47287,0.5923694779116466,0.006238501067946793,0.07358000563282975,249992,3889.951311811359
1,PT,42,0.03,100,0.18239394291105804,0.007127709559333273,0.0014022236123576999,642661,498,135,1667,363,1802,0.2710843373493976,0.07491675915649279,0.0028039666324858672,37967,590.7780307191505
1,PT,52,0.03,100,0.30607232464432754,0.03145104673501438,0.00020247625437061617,642661,498,164,146,334,310,0.3293172690763052,0.5290322580645161,0.00048236939848536007,33546,521.9859303738674
1,PT,62,0.03,100,0.27750119243412885,0.010139495837866918,0.001613765967670284,642661,498,152,942,346,1094,0.30522088353413657,0.13893967093235832,0.0017022971675580128,35542,553.0442955150538
1,PT,72,0.03,100,0.32547714552562557,0.12478571000853482,7.857287483038837e-05,642661,498,146,22,352,168,0.2931726907630522,0.8690476190476191,0.00026141309337271125,35222,548.0649984984308
1,PT,82,0.03,100,0.359565999944084,0.957903741324526,7.25288075357431e-05,642661,498,158,10,340,168,0.3172690763052209,0.9404761904761905,0.00026141309337271125,34010,529.2059110479709
1,PH,42,0.03,100,0.09745832693676806,0.002829279830393506,0.011997473579870839,642661,498,325,7211,173,7536,0.6526104417670683,0.04312632696390658,0.011726244474147334,24511,381.3985911701504
1,PH,52,0.03,100,0.16775771866149605,0.0027941395525723028,0.010568051664687234,642661,498,318,6467,180,6785,0.6385542168674698,0.046868091378039795,0.010557665705558607,24467,380.71393783036467
1,PH,62,0.03,100,0.11278350697235157,0.0031036165767632912,0.006932545186958111,642661,498,212,4458,286,4670,0.42570281124497994,0.045396145610278375,0.007266661583634295,33058,514.3925024235173
1,PH,72,0.03,100,0.09605428121011972,0.003652113056959326,0.01119663466333034,642661,498,252,7055,246,7307,0.5060240963855421,0.034487477761051044,0.011369913531395246,31655,492.56139706626044
1,PH,82,0.03,100,0.06394865969732222,0.0021689716118036694,0.014795876737291594,642661,498,326,8686,172,9012,0.6546184738955824,0.0361739902352419,0.014022945223064727,25886,402.7940080384526
1,PTH,42,0.03,100,0.1726153665329735,0.0023047587204247893,0.009900182228628934,642661,498,337,7181,161,7518,0.6767068273092369,0.044825751529662144,0.01169823592842883,23281,362.25941826250545
1,PTH,52,0.03,100,0.2930113723466047,0.00261844334471922,0.009404568710468022,642661,498,322,6112,176,6434,0.6465863453815262,0.05004662729250855,0.010011499064047764,23712,368.9659089317696
1,PTH,62,0.03,100,0.14087974395816552,0.0016103598473920285,0.010891409264950755,642661,498,339,6704,159,7043,0.6807228915662651,0.04813289791282124,0.010959121527523843,22604,351.72509301171226
1,PTH,72,0.03,100,0.25007012310402377,0.0015563962492704689,0.010438104217852361,642661,498,326,7839,172,8165,0.6546184738955824,0.03992651561543172,0.012704987543977307,25039,389.6144312475784
1,PTH,82,0.03,100,0.2973521650368171,0.0014199620865271226,0.011801041392794868,642661,498,381,7681,117,8062,0.7650602409638554,0.04725874472835525,0.012544716421254752,19381,301.57423587241175
1,PTHW,42,0.01,10,0.1415228518252181,0.28170372384342374,0.0,642661,498,0,0,498,0,0.0,0.0,0.0,4980,77.49030982119656
1,PTHW,42,0.01,50,0.1415228518252181,0.0028208862911082732,0.007413048536882409,642661,498,312,4995,186,5307,0.6265060240963856,0.058790276992651214,0.008257852896005826,14295,222.4345339144588
1,PTHW,42,0.01,100,0.1415228518252181,0.0024764045481881366,0.008733677240762398,642661,498,337,5780,161,6117,0.6767068273092369,0.055092365538662744,0.009518237453338541,21880,340.4594335116025
1,PTHW,42,0.01,500,0.1415228518252181,0.0024193639108321193,0.009676551738727059,642661,498,340,6269,158,6609,0.6827309236947792,0.05144499924345589,0.010283804369644338,85269,1326.8114915951023
1,PTHW,42,0.01,1000,0.1415228518252181,0.0024193639108321193,0.009676551738727059,642661,498,340,6269,158,6609,0.6827309236947792,0.05144499924345589,0.010283804369644338,164269,2556.0754425739233
1,PTHW,42,0.03,10,0.1415228518252181,0.28170372384342374,0.0,642661,498,0,0,498,0,0.0,0.0,0.0,4980,77.49030982119656
1,PTHW,42,0.03,50,0.1415228518252181,0.0028208862911082732,0.007413048536882409,642661,498,312,4995,186,5307,0.6265060240963856,0.058790276992651214,0.008257852896005826,14295,222.4345339144588
1,PTHW,42,0.03,100,0.1415228518252181,0.002392020127677453,0.010123812718530809,642661,498,342,6551,156,6893,0.6867469879518072,0.04961555200928478,0.010725716979869637,22151,344.6762756725552
1,PTHW,42,0.03,500,0.1415228518252181,0.0013392067161115005,0.017279988395390793,642661,498,370,10045,128,10415,0.7429718875502008,0.035525684109457514,0.016206055758790406,74045,1152.162648737048
1,PTHW,42,0.03,1000,0.1415228518252181,0.0013392067161115005,0.017279988395390793,642661,498,370,10045,128,10415,0.7429718875502008,0.035525684109457514,0.016206055758790406,138045,2148.022052061662
1,PTHW,42,0.05,10,0.1415228518252181,0.28170372384342374,0.0,642661,498,0,0,498,0,0.0,0.0,0.0,4980,77.49030982119656
1,PTHW,42,0.05,50,0.1415228518252181,0.0028208862911082732,0.007413048536882409,642661,498,312,4995,186,5307,0.6265060240963856,0.058790276992651214,0.008257852896005826,14295,222.4345339144588
1,PTHW,42,0.05,100,0.1415228518252181,0.002392020127677453,0.010123812718530809,642661,498,342,6551,156,6893,0.6867469879518072,0.04961555200928478,0.010725716979869637,22151,344.6762756725552
1,PTHW,42,0.05,500,0.1415228518252181,0.0013392067161115005,0.017279988395390793,642661,498,370,10045,128,10415,0.7429718875502008,0.035525684109457514,0.016206055758790406,74045,1152.162648737048
1,PTHW,42,0.05,1000,0.1415228518252181,0.0013392067161115005,0.017279988395390793,642661,498,370,10045,128,10415,0.7429718875502008,0.035525684109457514,0.016206055758790406,138045,2148.022052061662
1,PTHW,42,0.1,10,0.1415228518252181,0.28170372384342374,0.0,642661,498,0,0,498,0,0.0,0.0,0.0,4980,77.49030982119656
1,PTHW,42,0.1,50,0.1415228518252181,0.0028208862911082732,0.007413048536882409,642661,498,312,4995,186,5307,0.6265060240963856,0.058790276992651214,0.008257852896005826,14295,222.4345339144588
1,PTHW,42,0.1,100,0.1415228518252181,0.002392020127677453,0.010123812718530809,642661,498,342,6551,156,6893,0.6867469879518072,0.04961555200928478,0.010725716979869637,22151,344.6762756725552
1,PTHW,42,0.1,500,0.1415228518252181,0.0013392067161115005,0.017279988395390793,642661,498,370,10045,128,10415,0.7429718875502008,0.035525684109457514,0.016206055758790406,74045,1152.162648737048
1,PTHW,42,0.1,1000,0.1415228518252181,0.0013392067161115005,0.017279988395390793,642661,498,370,10045,128,10415,0.7429718875502008,0.035525684109457514,0.016206055758790406,138045,2148.022052061662
1,PTHW,52,0.01,10,0.2032157814475801,0.30460849449466565,0.0007131999407681406,642661,498,174,241,324,415,0.3493975903614458,0.41927710843373495,0.0006457525818433046,3481,54.165415358952856
1,PTHW,52,0.01,50,0.2032157814475801,0.0020507281318654894,0.006007802890877387,642661,498,308,3925,190,4233,0.6184738955823293,0.07276163477439168,0.006586676334801708,13425,208.89707015051482
1,PTHW,52,0.01,100,0.2032157814475801,0.0018230982927647187,0.009637265301311865,642661,498,343,6680,155,7023,0.6887550200803213,0.04883952726754948,0.010928000921169948,22180,345.12752446468664
1,PTHW,52,0.01,500,0.2032157814475801,0.0018230982927647187,0.009637265301311865,642661,498,343,6680,155,7023,0.6887550200803213,0.04883952726754948,0.010928000921169948,84180,1309.866321435407
1,PTHW,52,0.01,1000,0.2032157814475801,0.0018230982927647187,0.009637265301311865,642661,498,343,6680,155,7023,0.6887550200803213,0.04883952726754948,0.010928000921169948,161680,2515.789817648807
1,PTHW,52,0.03,10,0.2032157814475801,0.30460849449466565,0.0007131999407681406,642661,498,174,241,324,415,0.3493975903614458,0.41927710843373495,0.0006457525818433046,3481,54.165415358952856
1,PTHW,52,0.03,50,0.2032157814475801,0.0020507281318654894,0.006007802890877387,642661,498,308,3925,190,4233,0.6184738955823293,0.07276163477439168,0.006586676334801708,13425,208.89707015051482
1,PTHW,52,0.03,100,0.2032157814475801,0.0016123096695094352,0.012477976929795137,642661,498,363,7916,135,8279,0.7289156626506024,0.043845875105689096,0.012882375000194504,21416,333.2394528374991
1,PTHW,52,0.03,500,0.2032157814475801,0.0008695025617132304,0.016294805426363617,642661,498,382,13479,116,13861,0.7670682730923695,0.027559339153019263,0.021568136233566376,71479,1112.2349107850018
1,PTHW,52,0.03,1000,0.2032157814475801,0.0008695025617132304,0.016294805426363617,642661,498,382,13479,116,13861,0.7670682730923695,0.027559339153019263,0.021568136233566376,129479,2014.7324950479335
1,PTHW,52,0.05,10,0.2032157814475801,0.30460849449466565,0.0007131999407681406,642661,498,174,241,324,415,0.3493975903614458,0.41927710843373495,0.0006457525818433046,3481,54.165415358952856
1,PTHW,52,0.05,50,0.2032157814475801,0.0020507281318654894,0.006007802890877387,642661,498,308,3925,190,4233,0.6184738955823293,0.07276163477439168,0.006586676334801708,13425,208.89707015051482
1,PTHW,52,0.05,100,0.2032157814475801,0.0016123096695094352,0.012477976929795137,642661,498,363,7916,135,8279,0.7289156626506024,0.043845875105689096,0.012882375000194504,21416,333.2394528374991
1,PTHW,52,0.05,500,0.2032157814475801,0.0008695025617132304,0.016294805426363617,642661,498,382,13479,116,13861,0.7670682730923695,0.027559339153019263,0.021568136233566376,71479,1112.2349107850018
1,PTHW,52,0.05,1000,0.2032157814475801,0.0008014261243394621,0.041199384713949405,642661,498,400,31400,98,31800,0.8032128514056225,0.012578616352201259,0.049481764102691776,129400,2013.5032310969548
1,PTHW,52,0.1,10,0.2032157814475801,0.30460849449466565,0.0007131999407681406,642661,498,174,241,324,415,0.3493975903614458,0.41927710843373495,0.0006457525818433046,3481,54.165415358952856
1,PTHW,52,0.1,50,0.2032157814475801,0.0020507281318654894,0.006007802890877387,642661,498,308,3925,190,4233,0.6184738955823293,0.07276163477439168,0.006586676334801708,13425,208.89707015051482
1,PTHW,52,0.1,100,0.2032157814475801,0.0016123096695094352,0.012477976929795137,642661,498,363,7916,135,8279,0.7289156626506024,0.043845875105689096,0.012882375000194504,21416,333.2394528374991
1,PTHW,52,0.1,500,0.2032157814475801,0.0008695025617132304,0.016294805426363617,642661,498,382,13479,116,13861,0.7670682730923695,0.027559339153019263,0.021568136233566376,71479,1112.2349107850018
1,PTHW,52,0.1,1000,0.2032157814475801,0.0008014261243394621,0.041199384713949405,642661,498,400,31400,98,31800,0.8032128514056225,0.012578616352201259,0.049481764102691776,129400,2013.5032310969548
1,PTHW,62,0.01,10,0.33378473430438016,0.6196809316820822,0.0002478067590804556,642661,498,176,65,322,241,0.3534136546184739,0.7302904564315352,0.0003750033065644251,3285,51.11559593627122
1,PTHW,62,0.01,50,0.33378473430438016,0.00273933815137414,0.00396490814528729,642661,498,301,3033,197,3334,0.6044176706827309,0.09028194361127774,0.005187805079194163,12883,200.4633858286095
1,PTHW,62,0.01,100,0.33378473430438016,0.002693060769015427,0.007887507819512063,642661,498,324,4800,174,5124,0.6506024096385542,0.06323185011709602,0.007973099347867694,22200,345.4387305282256
1,PTHW,62,0.01,500,0.33378473430438016,0.002693060769015427,0.007887507819512063,642661,498,324,4800,174,5124,0.6506024096385542,0.06323185011709602,0.007973099347867694,91800,1428.4358316437438
1,PTHW,62,0.01,1000,0.33378473430438016,0.002693060769015427,0.007887507819512063,642661,498,324,4800,174,5124,0.6506024096385542,0.06323185011709602,0.007973099347867694,178800,2782.182208038141
1,PTHW,62,0.03,10,0.33378473430438016,0.6196809316820822,0.0002478067590804556,642661,498,176,65,322,241,0.3534136546184739,0.7302904564315352,0.0003750033065644251,3285,51.11559593627122
1,PTHW,62,0.03,50,0.33378473430438016,0.00273933815137414,0.00396490814528729,642661,498,301,3033,197,3334,0.6044176706827309,0.09028194361127774,0.005187805079194163,12883,200.4633858286095
1,PTHW,62,0.03,100,0.33378473430438016,0.0021416590166197596,0.01008150424746829,642661,498,346,6754,152,7100,0.6947791164658634,0.04873239436619718,0.011047815255632441,21954,341.61089594669664
1,PTHW,62,0.03,500,0.33378473430438016,0.0010169480942195117,0.016639317262158396,642661,498,374,10792,124,11166,0.751004016064257,0.03349453698728282,0.01737463452737913,72792,1132.6655888563332
1,PTHW,62,0.03,1000,0.33378473430438016,0.000961713342943841,0.026702689307742753,642661,498,379,16076,119,16455,0.7610441767068273,0.0230325129140079,0.025604478877666453,135076,2101.8235119293063
1,PTHW,62,0.05,10,0.33378473430438016,0.6196809316820822,0.0002478067590804556,642661,498,176,65,322,241,0.3534136546184739,0.7302904564315352,0.0003750033065644251,3285,51.11559593627122
1,PTHW,62,0.05,50,0.33378473430438016,0.00273933815137414,0.00396490814528729,642661,498,301,3033,197,3334,0.6044176706827309,0.09028194361127774,0.005187805079194163,12883,200.4633858286095
1,PTHW,62,0.05,100,0.33378473430438016,0.0021416590166197596,0.01008150424746829,642661,498,346,6754,152,7100,0.6947791164658634,0.04873239436619718,0.011047815255632441,21954,341.61089594669664
1,PTHW,62,0.05,500,0.33378473430438016,0.0010169480942195117,0.016639317262158396,642661,498,374,10792,124,11166,0.751004016064257,0.03349453698728282,0.01737463452737913,72792,1132.6655888563332
1,PTHW,62,0.05,1000,0.33378473430438016,0.000961713342943841,0.026702689307742753,642661,498,379,16076,119,16455,0.7610441767068273,0.0230325129140079,0.025604478877666453,135076,2101.8235119293063
1,PTHW,62,0.1,10,0.33378473430438016,0.6196809316820822,0.0002478067590804556,642661,498,176,65,322,241,0.3534136546184739,0.7302904564315352,0.0003750033065644251,3285,51.11559593627122
1,PTHW,62,0.1,50,0.33378473430438016,0.00273933815137414,0.00396490814528729,642661,498,301,3033,197,3334,0.6044176706827309,0.09028194361127774,0.005187805079194163,12883,200.4633858286095
1,PTHW,62,0.1,100,0.33378473430438016,0.0021416590166197596,0.01008150424746829,642661,498,346,6754,152,7100,0.6947791164658634,0.04873239436619718,0.011047815255632441,21954,341.61089594669664
1,PTHW,62,0.1,500,0.33378473430438016,0.0010169480942195117,0.016639317262158396,642661,498,374,10792,124,11166,0.751004016064257,0.03349453698728282,0.01737463452737913,72792,1132.6655888563332
1,PTHW,62,0.1,1000,0.33378473430438016,0.000961713342943841,0.026702689307742753,642661,498,379,16076,119,16455,0.7610441767068273,0.0230325129140079,0.025604478877666453,135076,2101.8235119293063
1,PTHW,72,0.01,10,0.33644145277451165,0.7999033891570206,0.00020247625437061617,642661,498,111,26,387,137,0.22289156626506024,0.8102189781021898,0.00021317615352417526,3896,60.6229411773859
1,PTHW,72,0.01,50,0.33644145277451165,0.0048319471428949325,0.0026926319797644627,642661,498,262,2170,236,2432,0.5261044176706827,0.10773026315789473,0.0037842657326335348,13970,217.377435381951
1,PTHW,72,0.01,100,0.33644145277451165,0.002988658554457097,0.009776278849088705,642661,498,329,6714,169,7043,0.6606425702811245,0.04671304841686781,0.010959121527523843,23614,367.4409992204288
1,PTHW,72,0.01,500,0.33644145277451165,0.002988658554457097,0.009776278849088705,642661,498,329,6714,169,7043,0.6606425702811245,0.04671304841686781,0.010959121527523843,91214,1419.3174939820528
1,PTHW,72,0.01,1000,0.33644145277451165,0.002988658554457097,0.009776278849088705,642661,498,329,6714,169,7043,0.6606425702811245,0.04671304841686781,0.010959121527523843,175714,2734.1631124340824
1,PTHW,72,0.03,10,0.33644145277451165,0.7999033891570206,0.00020247625437061617,642661,498,111,26,387,137,0.22289156626506024,0.8102189781021898,0.00021317615352417526,3896,60.6229411773859
1,PTHW,72,0.03,50,0.33644145277451165,0.0048319471428949325,0.0026926319797644627,642661,498,262,2170,236,2432,0.5261044176706827,0.10773026315789473,0.0037842657326335348,13970,217.377435381951
1,PTHW,72,0.03,100,0.33644145277451165,0.002988658554457097,0.009776278849088705,642661,498,329,6714,169,7043,0.6606425702811245,0.04671304841686781,0.010959121527523843,23614,367.4409992204288
1,PTHW,72,0.03,500,0.33644145277451165,0.001843288974363394,0.011589499037482283,642661,498,333,7806,165,8139,0.6686746987951807,0.04091411721341688,0.012664530755717244,90306,1405.1887386973847
1,PTHW,72,0.03,1000,0.33644145277451165,0.0014580804226912902,0.019277552636271053,642661,498,342,10860,156,11202,0.6867469879518072,0.03053026245313337,0.017430651618816143,166860,2596.392188105393
1,PTHW,72,0.05,10,0.33644145277451165,0.7999033891570206,0.00020247625437061617,642661,498,111,26,387,137,0.22289156626506024,0.8102189781021898,0.00021317615352417526,3896,60.6229411773859
1,PTHW,72,0.05,50,0.33644145277451165,0.0048319471428949325,0.0026926319797644627,642661,498,262,2170,236,2432,0.5261044176706827,0.10773026315789473,0.0037842657326335348,13970,217.377435381951
1,PTHW,72,0.05,100,0.33644145277451165,0.002988658554457097,0.009776278849088705,642661,498,329,6714,169,7043,0.6606425702811245,0.04671304841686781,0.010959121527523843,23614,367.4409992204288
1,PTHW,72,0.05,500,0.33644145277451165,0.001843288974363394,0.011589499037482283,642661,498,333,7806,165,8139,0.6686746987951807,0.04091411721341688,0.012664530755717244,90306,1405.1887386973847
1,PTHW,72,0.05,1000,0.33644145277451165,0.0014580804226912902,0.019277552636271053,642661,498,342,10860,156,11202,0.6867469879518072,0.03053026245313337,0.017430651618816143,166860,2596.392188105393
1,PTHW,72,0.1,10,0.33644145277451165,0.7999033891570206,0.00020247625437061617,642661,498,111,26,387,137,0.22289156626506024,0.8102189781021898,0.00021317615352417526,3896,60.6229411773859
1,PTHW,72,0.1,50,0.33644145277451165,0.0048319471428949325,0.0026926319797644627,642661,498,262,2170,236,2432,0.5261044176706827,0.10773026315789473,0.0037842657326335348,13970,217.377435381951
1,PTHW,72,0.1,100,0.33644145277451165,0.002988658554457097,0.009776278849088705,642661,498,329,6714,169,7043,0.6606425702811245,0.04671304841686781,0.010959121527523843,23614,367.4409992204288
1,PTHW,72,0.1,500,0.33644145277451165,0.001843288974363394,0.011589499037482283,642661,498,333,7806,165,8139,0.6686746987951807,0.04091411721341688,0.012664530755717244,90306,1405.1887386973847
1,PTHW,72,0.1,1000,0.33644145277451165,0.0014580804226912902,0.019277552636271053,642661,498,342,10860,156,11202,0.6867469879518072,0.03053026245313337,0.017430651618816143,166860,2596.392188105393
1,PTHW,82,0.01,10,0.23389163934286925,0.042148741222585,0.0003989084414465871,642661,498,147,173,351,320,0.29518072289156627,0.459375,0.0004979297016623072,3683,57.30859660069617
1,PTHW,82,0.01,50,0.23389163934286925,0.0033982258528280195,0.0051586114359797285,642661,498,289,3618,209,3907,0.5803212851405622,0.07396979779882262,0.006079410451233232,14068,218.90234509329179
1,PTHW,82,0.01,100,0.23389163934286925,0.002799700144483178,0.0099092483295709,642661,498,315,5854,183,6169,0.6325301204819277,0.05106176041497812,0.009599151029858666,24154,375.84356293598023
1,PTHW,82,0.01,500,0.23389163934286925,0.002799700144483178,0.0099092483295709,642661,498,315,5854,183,6169,0.6325301204819277,0.05106176041497812,0.009599151029858666,97354,1514.857755488508
1,PTHW,82,0.01,1000,0.23389163934286925,0.002799700144483178,0.0099092483295709,642661,498,315,5854,183,6169,0.6325301204819277,0.05106176041497812,0.009599151029858666,188854,2938.6254961791674
1,PTHW,82,0.03,10,0.23389163934286925,0.042148741222585,0.0003989084414465871,642661,498,147,173,351,320,0.29518072289156627,0.459375,0.0004979297016623072,3683,57.30859660069617
1,PTHW,82,0.03,50,0.23389163934286925,0.0033982258528280195,0.0051586114359797285,642661,498,289,3618,209,3907,0.5803212851405622,0.07396979779882262,0.006079410451233232,14068,218.90234509329179
1,PTHW,82,0.03,100,0.23389163934286925,0.0021839490124303945,0.01214857526223697,642661,498,360,7465,138,7825,0.7228915662650602,0.04600638977635783,0.012175937235961106,21265,330.88984705778006
1,PTHW,82,0.03,500,0.23389163934286925,0.0012536926126227805,0.01636733423389936,642661,498,383,9698,115,10081,0.7690763052208835,0.037992262672353935,0.015686341632680373,67198,1045.6212528844912
1,PTHW,82,0.03,1000,0.23389163934286925,0.0012536926126227805,0.01636733423389936,642661,498,383,9698,115,10081,0.7690763052208835,0.037992262672353935,0.015686341632680373,124698,1940.3386855589495
1,PTHW,82,0.05,10,0.23389163934286925,0.042148741222585,0.0003989084414465871,642661,498,147,173,351,320,0.29518072289156627,0.459375,0.0004979297016623072,3683,57.30859660069617
1,PTHW,82,0.05,50,0.23389163934286925,0.0033982258528280195,0.0051586114359797285,642661,498,289,3618,209,3907,0.5803212851405622,0.07396979779882262,0.006079410451233232,14068,218.90234509329179
1,PTHW,82,0.05,100,0.23389163934286925,0.0021839490124303945,0.01214857526223697,642661,498,360,7465,138,7825,0.7228915662650602,0.04600638977635783,0.012175937235961106,21265,330.88984705778006
1,PTHW,82,0.05,500,0.23389163934286925,0.0012536926126227805,0.01636733423389936,642661,498,383,9698,115,10081,0.7690763052208835,0.037992262672353935,0.015686341632680373,67198,1045.6212528844912
1,PTHW,82,0.05,1000,0.23389163934286925,0.0012536926126227805,0.01636733423389936,642661,498,383,9698,115,10081,0.7690763052208835,0.037992262672353935,0.015686341632680373,124698,1940.3386855589495
1,PTHW,82,0.1,10,0.23389163934286925,0.042148741222585,0.0003989084414465871,642661,498,147,173,351,320,0.29518072289156627,0.459375,0.0004979297016623072,3683,57.30859660069617
1,PTHW,82,0.1,50,0.23389163934286925,0.0033982258528280195,0.0051586114359797285,642661,498,289,3618,209,3907,0.5803212851405622,0.07396979779882262,0.006079410451233232,14068,218.90234509329179
1,PTHW,82,0.1,100,0.23389163934286925,0.0021839490124303945,0.01214857526223697,642661,498,360,7465,138,7825,0.7228915662650602,0.04600638977635783,0.012175937235961106,21265,330.88984705778006
1,PTHW,82,0.1,500,0.23389163934286925,0.0012536926126227805,0.01636733423389936,642661,498,383,9698,115,10081,0.7690763052208835,0.037992262672353935,0.015686341632680373,67198,1045.6212528844912
1,PTHW,82,0.1,1000,0.23389163934286925,0.0012536926126227805,0.01636733423389936,642661,498,383,9698,115,10081,0.7690763052208835,0.037992262672353935,0.015686341632680373,124698,1940.3386855589495
1,PTHW5,42,0.03,100,0.0963674633200428,0.0016138364212609018,0.012979634515250693,642661,498,348,8026,150,8374,0.6987951807228916,0.041557200859804154,0.013030197880375502,23026,358.2915409523839
1,PTHW5,52,0.03,100,0.17758191646507043,0.0022837796319378923,0.010359531343021974,642661,498,338,6927,160,7265,0.678714859437751,0.0465244322092223,0.011304560258052068,22927,356.75107093786613
1,PTHW5,62,0.03,100,0.008080241995022233,0.001140030041875764,0.020900384704883306,642661,498,305,22918,193,23223,0.6124497991967871,0.013133531412823495,0.03613569206782425,42218,656.9248795243526
1,PTHW5,72,0.03,100,0.11129238092992609,0.0020319877770946355,0.01244775659332191,642661,498,345,10500,153,10845,0.6927710843373494,0.0318118948824343,0.016875148795399128,25800,401.45582196523515
1,PTHW5,82,0.03,100,0.19011130402112256,0.001622906350450903,0.011145260091325857,642661,498,310,7598,188,7908,0.6224899598393574,0.039200809307030855,0.012305087752329767,26398,410.76088326504953
2,P0,42,0.01,10,0.14330303043632758,0.9694386406839157,0.0001394239366651613,605510,312,37,2,275,39,0.11858974358974358,0.9487179487179487,6.440851513600106e-05,2752,45.44929068058331
2,P0,42,0.01,50,0.14330303043632758,0.026606131582318848,0.0003667455725322721,605510,312,49,131,263,180,0.15705128205128205,0.2722222222222222,0.00029727006985846643,13281,219.33576654390515
2,P0,42,0.01,100,0.14330303043632758,0.026606131582318848,0.0003667455725322721,605510,312,49,131,263,180,0.15705128205128205,0.2722222222222222,0.00029727006985846643,26431,436.50806757939586
2,P0,42,0.01,500,0.14330303043632758,0.007946807679251546,0.0032734315564863954,605510,312,54,1820,258,1874,0.17307692307692307,0.0288153681963714,0.003094911727304256,130820,2160.4928077158097
2,P0,42,0.01,1000,0.14330303043632758,0.007946807679251546,0.0032734315564863954,605510,312,54,1820,258,1874,0.17307692307692307,0.0288153681963714,0.003094911727304256,259820,4290.928308368152
2,P0,42,0.03,10,0.14330303043632758,0.9694386406839157,0.0001394239366651613,605510,312,37,2,275,39,0.11858974358974358,0.9487179487179487,6.440851513600106e-05,2752,45.44929068058331
2,P0,42,0.03,50,0.14330303043632758,0.026606131582318848,0.0003667455725322721,605510,312,49,131,263,180,0.15705128205128205,0.2722222222222222,0.00029727006985846643,13281,219.33576654390515
2,P0,42,0.03,100,0.14330303043632758,0.026606131582318848,0.0003667455725322721,605510,312,49,131,263,180,0.15705128205128205,0.2722222222222222,0.00029727006985846643,26431,436.50806757939586
2,P0,42,0.03,500,0.14330303043632758,0.006531616223608762,0.029809443850040463,605510,312,88,12963,224,13051,0.28205128205128205,0.006742778331162363,0.021553731565126917,124963,2063.764429984641
2,P0,42,0.03,1000,0.14330303043632758,0.006531616223608762,0.029809443850040463,605510,312,88,12963,224,13051,0.28205128205128205,0.006742778331162363,0.021553731565126917,236963,3913.4448646595433
2,P0,42,0.05,10,0.14330303043632758,0.9694386406839157,0.0001394239366651613,605510,312,37,2,275,39,0.11858974358974358,0.9487179487179487,6.440851513600106e-05,2752,45.44929068058331
2,P0,42,0.05,50,0.14330303043632758,0.026606131582318848,0.0003667455725322721,605510,312,49,131,263,180,0.15705128205128205,0.2722222222222222,0.00029727006985846643,13281,219.33576654390515
2,P0,42,0.05,100,0.14330303043632758,0.026606131582318848,0.0003667455725322721,605510,312,49,131,263,180,0.15705128205128205,0.2722222222222222,0.00029727006985846643,26431,436.50806757939586
2,P0,42,0.05,500,0.14330303043632758,0.0031287552131037634,0.049904676460693055,605510,312,119,25840,193,25959,0.3814102564102564,0.0045841519318926,0.04287129857475516,122340,2020.44557480471
2,P0,42,0.05,1000,0.14330303043632758,0.0031287552131037634,0.049904676460693055,605510,312,119,25840,193,25959,0.3814102564102564,0.0045841519318926,0.04287129857475516,218840,3614.1434493237107
2,P0,42,0.1,10,0.14330303043632758,0.9694386406839157,0.0001394239366651613,605510,312,37,2,275,39,0.11858974358974358,0.9487179487179487,6.440851513600106e-05,2752,45.44929068058331
2,P0,42,0.1,50,0.14330303043632758,0.026606131582318848,0.0003667455725322721,605510,312,49,131,263,180,0.15705128205128205,0.2722222222222222,0.00029727006985846643,13281,219.33576654390515
2,P0,42,0.1,100,0.14330303043632758,0.026606131582318848,0.0003667455725322721,605510,312,49,131,263,180,0.15705128205128205,0.2722222222222222,0.00029727006985846643,26431,436.50806757939586
2,P0,42,0.1,500,0.14330303043632758,0.001926279404140275,0.0978907583146677,605510,312,215,57658,97,57873,0.6891025641025641,0.0037150311889827727,0.09557728196066126,106158,1753.1997820019487
2,P0,42,0.1,1000,0.14330303043632758,0.001926279404140275,0.0978907583146677,605510,312,215,57658,97,57873,0.6891025641025641,0.0037150311889827727,0.09557728196066126,154658,2554.1774702317057
2,P0,52,0.01,10,0.07698055449575661,0.812199544580547,0.00014851680209984573,605510,312,35,19,277,54,0.11217948717948718,0.6481481481481481,8.918102095753993e-05,2789,46.06034582418127
2,P0,52,0.01,50,0.07698055449575661,0.812199544580547,0.00014851680209984573,605510,312,35,19,277,54,0.11217948717948718,0.6481481481481481,8.918102095753993e-05,13869,229.04658882594836
2,P0,52,0.01,100,0.07698055449575661,0.812199544580547,0.00014851680209984573,605510,312,35,19,277,54,0.11217948717948718,0.6481481481481481,8.918102095753993e-05,27719,457.7793925781572
2,P0,52,0.01,500,0.07698055449575661,0.003633692564176202,0.009896068548081557,605510,312,56,6312,256,6368,0.1794871794871795,0.008793969849246231,0.0105167544714373,134312,2218.163201268352
2,P0,52,0.01,1000,0.07698055449575661,0.003633692564176202,0.009896068548081557,605510,312,56,6312,256,6368,0.1794871794871795,0.008793969849246231,0.0105167544714373,262312,4332.083698039669
2,P0,52,0.03,10,0.07698055449575661,0.812199544580547,0.00014851680209984573,605510,312,35,19,277,54,0.11217948717948718,0.6481481481481481,8.918102095753993e-05,2789,46.06034582418127
2,P0,52,0.03,50,0.07698055449575661,0.812199544580547,0.00014851680209984573,605510,312,35,19,277,54,0.11217948717948718,0.6481481481481481,8.918102095753993e-05,13869,229.04658882594836
2,P0,52,0.03,100,0.07698055449575661,0.812199544580547,0.00014851680209984573,605510,312,35,19,277,54,0.11217948717948718,0.6481481481481481,8.918102095753993e-05,27719,457.7793925781572
2,P0,52,0.03,500,0.07698055449575661,0.003633692564176202,0.009896068548081557,605510,312,56,6312,256,6368,0.1794871794871795,0.008793969849246231,0.0105167544714373,134312,2218.163201268352
2,P0,52,0.03,1000,0.07698055449575661,0.003633692564176202,0.009896068548081557,605510,312,56,6312,256,6368,0.1794871794871795,0.008793969849246231,0.0105167544714373,262312,4332.083698039669
2,P0,52,0.05,10,0.07698055449575661,0.812199544580547,0.00014851680209984573,605510,312,35,19,277,54,0.11217948717948718,0.6481481481481481,8.918102095753993e-05,2789,46.06034582418127
2,P0,52,0.05,50,0.07698055449575661,0.812199544580547,0.00014851680209984573,605510,312,35,19,277,54,0.11217948717948718,0.6481481481481481,8.918102095753993e-05,13869,229.04658882594836
2,P0,52,0.05,100,0.07698055449575661,0.812199544580547,0.00014851680209984573,605510,312,35,19,277,54,0.11217948717948718,0.6481481481481481,8.918102095753993e-05,27719,457.7793925781572
2,P0,52,0.05,500,0.07698055449575661,0.0020389260906083576,0.04986830499895432,605510,312,139,26111,173,26250,0.44551282051282054,0.005295238095238095,0.04335188518769302,112611,1859.771102046209
2,P0,52,0.05,1000,0.07698055449575661,0.0020389260906083576,0.04986830499895432,605510,312,139,26111,173,26250,0.44551282051282054,0.005295238095238095,0.04335188518769302,199111,3288.31893775495
2,P0,52,0.1,10,0.07698055449575661,0.812199544580547,0.00014851680209984573,605510,312,35,19,277,54,0.11217948717948718,0.6481481481481481,8.918102095753993e-05,2789,46.06034582418127
2,P0,52,0.1,50,0.07698055449575661,0.812199544580547,0.00014851680209984573,605510,312,35,19,277,54,0.11217948717948718,0.6481481481481481,8.918102095753993e-05,13869,229.04658882594836
2,P0,52,0.1,100,0.07698055449575661,0.812199544580547,0.00014851680209984573,605510,312,35,19,277,54,0.11217948717948718,0.6481481481481481,8.918102095753993e-05,27719,457.7793925781572
2,P0,52,0.1,500,0.07698055449575661,0.0016383911250246895,0.09651773563403035,605510,312,207,57145,105,57352,0.6634615384615384,0.003609289998605105,0.09471685025845981,109645,1810.787600535086
2,P0,52,0.1,1000,0.07698055449575661,0.0016383911250246895,0.09651773563403035,605510,312,207,57145,105,57352,0.6634615384615384,0.003609289998605105,0.09471685025845981,162145,2677.8253042889464
2,P0,62,0.01,10,0.12845946631571364,0.4640558879123363,0.0001394239366651613,605510,312,37,2,275,39,0.11858974358974358,0.9487179487179487,6.440851513600106e-05,2752,45.44929068058331
2,P0,62,0.01,50,0.12845946631571364,0.4640558879123363,0.0001394239366651613,605510,312,37,2,275,39,0.11858974358974358,0.9487179487179487,6.440851513600106e-05,13752,227.11433337186836
2,P0,62,0.01,100,0.12845946631571364,0.021603049508244123,0.0007789554722379663,605510,312,49,309,263,358,0.15705128205128205,0.13687150837988826,0.0005912371389407276,26609,439.4477382702185
2,P0,62,0.01,500,0.12845946631571364,0.008469750127816702,0.005261738131537391,605510,312,58,2973,254,3031,0.1858974358974359,0.019135598812273176,0.0050056976763389535,129973,2146.504599428581
2,P0,62,0.01,1000,0.12845946631571364,0.008469750127816702,0.005261738131537391,605510,312,58,2973,254,3031,0.1858974358974359,0.019135598812273176,0.0050056976763389535,256973,4243.910092318872
2,P0,62,0.03,10,0.12845946631571364,0.4640558879123363,0.0001394239366651613,605510,312,37,2,275,39,0.11858974358974358,0.9487179487179487,6.440851513600106e-05,2752,45.44929068058331
2,P0,62,0.03,50,0.12845946631571364,0.4640558879123363,0.0001394239366651613,605510,312,37,2,275,39,0.11858974358974358,0.9487179487179487,6.440851513600106e-05,13752,227.11433337186836
2,P0,62,0.03,100,0.12845946631571364,0.021603049508244123,0.0007789554722379663,605510,312,49,309,263,358,0.15705128205128205,0.13687150837988826,0.0005912371389407276,26609,439.4477382702185
2,P0,62,0.03,500,0.12845946631571364,0.008469750127816702,0.005261738131537391,605510,312,58,2973,254,3031,0.1858974358974359,0.019135598812273176,0.0050056976763389535,129973,2146.504599428581
2,P0,62,0.03,1000,0.12845946631571364,0.008469750127816702,0.005261738131537391,605510,312,58,2973,254,3031,0.1858974358974359,0.019135598812273176,0.0050056976763389535,256973,4243.910092318872
2,P0,62,0.05,10,0.12845946631571364,0.4640558879123363,0.0001394239366651613,605510,312,37,2,275,39,0.11858974358974358,0.9487179487179487,6.440851513600106e-05,2752,45.44929068058331
2,P0,62,0.05,50,0.12845946631571364,0.4640558879123363,0.0001394239366651613,605510,312,37,2,275,39,0.11858974358974358,0.9487179487179487,6.440851513600106e-05,13752,227.11433337186836
2,P0,62,0.05,100,0.12845946631571364,0.021603049508244123,0.0007789554722379663,605510,312,49,309,263,358,0.15705128205128205,0.13687150837988826,0.0005912371389407276,26609,439.4477382702185
2,P0,62,0.05,500,0.12845946631571364,0.0062615732848321165,0.03467109590245174,605510,312,91,15846,221,15937,0.2916666666666667,0.005709983058292025,0.026319961685190997,126346,2086.6046803521
2,P0,62,0.05,1000,0.12845946631571364,0.002821245684760674,0.04547948194914663,605510,312,99,22704,213,22803,0.3173076923076923,0.004341534008683068,0.037659163349903386,235704,3892.6524747733315
2,P0,62,0.1,10,0.12845946631571364,0.4640558879123363,0.0001394239366651613,605510,312,37,2,275,39,0.11858974358974358,0.9487179487179487,6.440851513600106e-05,2752,45.44929068058331
2,P0,62,0.1,50,0.12845946631571364,0.4640558879123363,0.0001394239366651613,605510,312,37,2,275,39,0.11858974358974358,0.9487179487179487,6.440851513600106e-05,13752,227.11433337186836
2,P0,62,0.1,100,0.12845946631571364,0.021603049508244123,0.0007789554722379663,605510,312,49,309,263,358,0.15705128205128205,0.13687150837988826,0.0005912371389407276,26609,439.4477382702185
2,P0,62,0.1,500,0.12845946631571364,0.0019704139331331093,0.09723910295851532,605510,312,185,57438,127,57623,0.592948717948718,0.0032105235756555543,0.09516440686363561,120938,1997.2915393635117
2,P0,62,0.1,1000,0.12845946631571364,0.001958335231103701,0.09893946879480131,605510,312,189,58651,123,58840,0.6057692307692307,0.003212100611828688,0.09717428283595647,181651,2999.966969992238
2,P0,72,0.01,10,0.1317639845529782,0.08265726960342591,0.0001939811292732679,605510,312,45,30,267,75,0.14423076923076922,0.6,0.00012386252910769435,2700,44.590510478769964
2,P0,72,0.01,50,0.1317639845529782,0.03202967063271956,0.0003667455725322721,605510,312,49,129,263,178,0.15705128205128205,0.2752808988764045,0.00029396706908226125,13279,219.30273653614307
2,P0,72,0.01,100,0.1317639845529782,0.03202967063271956,0.0003667455725322721,605510,312,49,129,263,178,0.15705128205128205,0.2752808988764045,0.00029396706908226125,26429,436.47503757163383
2,P0,72,0.01,500,0.1317639845529782,0.012102907737519581,0.0013699917254924544,605510,312,50,677,262,727,0.16025641025641027,0.0687757909215956,0.0012006407821505839,131677,2174.646166041849
2,P0,72,0.01,1000,0.1317639845529782,0.012102907737519581,0.0013699917254924544,605510,312,50,677,262,727,0.16025641025641027,0.0687757909215956,0.0012006407821505839,262677,4338.111674456243
2,P0,72,0.03,10,0.1317639845529782,0.08265726960342591,0.0001939811292732679,605510,312,45,30,267,75,0.14423076923076922,0.6,0.00012386252910769435,2700,44.590510478769964
2,P0,72,0.03,50,0.1317639845529782,0.03202967063271956,0.0003667455725322721,605510,312,49,129,263,178,0.15705128205128205,0.2752808988764045,0.00029396706908226125,13279,219.30273653614307
2,P0,72,0.03,100,0.1317639845529782,0.03202967063271956,0.0003667455725322721,605510,312,49,129,263,178,0.15705128205128205,0.2752808988764045,0.00029396706908226125,26429,436.47503757163383
2,P0,72,0.03,500,0.1317639845529782,0.00949517380972725,0.02784235396100373,605510,312,79,11756,233,11835,0.2532051282051282,0.006675116180819603,0.019545507093194168,128256,2118.148337764859
2,P0,72,0.03,1000,0.1317639845529782,0.00949517380972725,0.02784235396100373,605510,312,79,11756,233,11835,0.2532051282051282,0.006675116180819603,0.019545507093194168,244756,4042.146289904378
2,P0,72,0.05,10,0.1317639845529782,0.08265726960342591,0.0001939811292732679,605510,312,45,30,267,75,0.14423076923076922,0.6,0.00012386252910769435,2700,44.590510478769964
2,P0,72,0.05,50,0.1317639845529782,0.03202967063271956,0.0003667455725322721,605510,312,49,129,263,178,0.15705128205128205,0.2752808988764045,0.00029396706908226125,13279,219.30273653614307
2,P0,72,0.05,100,0.1317639845529782,0.03202967063271956,0.0003667455725322721,605510,312,49,129,263,178,0.15705128205128205,0.2752808988764045,0.00029396706908226125,26429,436.47503757163383
2,P0,72,0.05,500,0.1317639845529782,0.0025302633073049693,0.049246959194250886,605510,312,131,25583,181,25714,0.4198717948717949,0.005094501050011667,0.04246668097967003,116083,1917.1111955211309
2,P0,72,0.05,1000,0.1317639845529782,0.0025302633073049693,0.049246959194250886,605510,312,131,25583,181,25714,0.4198717948717949,0.005094501050011667,0.04246668097967003,206583,3411.719046753976
2,P0,72,0.1,10,0.1317639845529782,0.08265726960342591,0.0001939811292732679,605510,312,45,30,267,75,0.14423076923076922,0.6,0.00012386252910769435,2700,44.590510478769964
2,P0,72,0.1,50,0.1317639845529782,0.03202967063271956,0.0003667455725322721,605510,312,49,129,263,178,0.15705128205128205,0.2752808988764045,0.00029396706908226125,13279,219.30273653614307
2,P0,72,0.1,100,0.1317639845529782,0.03202967063271956,0.0003667455725322721,605510,312,49,129,263,178,0.15705128205128205,0.2752808988764045,0.00029396706908226125,26429,436.47503757163383
2,P0,72,0.1,500,0.1317639845529782,0.0016894964924103683,0.09420208590333072,605510,312,218,55620,94,55838,0.6987179487179487,0.0039041512948171497,0.09221647867087249,102620,1694.7696982708792
2,P0,72,0.1,1000,0.1317639845529782,0.0014796641229286257,0.09966083611928626,605510,312,220,59270,92,59490,0.7051282051282052,0.0036981005210959825,0.09824775808822316,151270,2498.2246370827897
2,P0,82,0.01,10,0.11343290859865836,0.6007592056961866,0.00012426916094068725,605510,312,31,2,281,33,0.09935897435897435,0.9393939393939394,5.449951280738551e-05,2812,46.440190913444866
2,P0,82,0.01,50,0.11343290859865836,0.1153509070207511,0.0001667025329692146,605510,312,31,34,281,65,0.09935897435897435,0.47692307692307695,0.00010734752522666843,14084,232.59731466036894
2,P0,82,0.01,100,0.11343290859865836,0.1153509070207511,0.0001667025329692146,605510,312,31,34,281,65,0.09935897435897435,0.47692307692307695,0.00010734752522666843,28134,464.633119188783
2,P0,82,0.01,500,0.11343290859865836,0.005886477361114081,0.003109759978662076,605510,312,46,1801,266,1847,0.14743589743589744,0.02490525175961018,0.003050321216825486,134801,2226.239038166174
2,P0,82,0.01,1000,0.11343290859865836,0.005886477361114081,0.003109759978662076,605510,312,46,1801,266,1847,0.14743589743589744,0.02490525175961018,0.003050321216825486,267801,4422.73455434262
2,P0,82,0.03,10,0.11343290859865836,0.6007592056961866,0.00012426916094068725,605510,312,31,2,281,33,0.09935897435897435,0.9393939393939394,5.449951280738551e-05,2812,46.440190913444866
2,P0,82,0.03,50,0.11343290859865836,0.1153509070207511,0.0001667025329692146,605510,312,31,34,281,65,0.09935897435897435,0.47692307692307695,0.00010734752522666843,14084,232.59731466036894
2,P0,82,0.03,100,0.11343290859865836,0.1153509070207511,0.0001667025329692146,605510,312,31,34,281,65,0.09935897435897435,0.47692307692307695,0.00010734752522666843,28134,464.633119188783
2,P0,82,0.03,500,0.11343290859865836,0.004350450023724233,0.0296700199133753,605510,312,78,12945,234,13023,0.25,0.00598940336328035,0.021507489554260045,129945,2146.042179319912
2,P0,82,0.03,1000,0.11343290859865836,0.004350450023724233,0.0296700199133753,605510,312,78,12945,234,13023,0.25,0.00598940336328035,0.021507489554260045,246945,4078.297633399944
2,P0,82,0.05,10,0.11343290859865836,0.6007592056961866,0.00012426916094068725,605510,312,31,2,281,33,0.09935897435897435,0.9393939393939394,5.449951280738551e-05,2812,46.440190913444866
2,P0,82,0.05,50,0.11343290859865836,0.1153509070207511,0.0001667025329692146,605510,312,31,34,281,65,0.09935897435897435,0.47692307692307695,0.00010734752522666843,14084,232.59731466036894
2,P0,82,0.05,100,0.11343290859865836,0.1153509070207511,0.0001667025329692146,605510,312,31,34,281,65,0.09935897435897435,0.47692307692307695,0.00010734752522666843,28134,464.633119188783
2,P0,82,0.05,500,0.11343290859865836,0.002890978253677387,0.046367551806600814,605510,312,116,23873,196,23989,0.3717948717948718,0.004835549626912335,0.03961784281019306,121873,2012.733067992271
2,P0,82,0.05,1000,0.11343290859865836,0.002890978253677387,0.046367551806600814,605510,312,116,23873,196,23989,0.3717948717948718,0.004835549626912335,0.03961784281019306,219873,3631.2034483328102
2,P0,82,0.1,10,0.11343290859865836,0.6007592056961866,0.00012426916094068725,605510,312,31,2,281,33,0.09935897435897435,0.9393939393939394,5.449951280738551e-05,2812,46.440190913444866
2,P0,82,0.1,50,0.11343290859865836,0.1153509070207511,0.0001667025329692146,605510,312,31,34,281,65,0.09935897435897435,0.47692307692307695,0.00010734752522666843,14084,232.59731466036894
2,P0,82,0.1,100,0.11343290859865836,0.1153509070207511,0.0001667025329692146,605510,312,31,34,281,65,0.09935897435897435,0.47692307692307695,0.00010734752522666843,28134,464.633119188783
2,P0,82,0.1,500,0.11343290859865836,0.0022254220318284157,0.08427873875894511,605510,312,183,49028,129,49211,0.5865384615384616,0.0037186807827518237,0.08127198559891662,113528,1874.9153606051098
2,P0,82,0.1,1000,0.11343290859865836,0.002044469066564013,0.09776952010887191,605510,312,205,58134,107,58339,0.657051282051282,0.003513944359690773,0.09634688114151707,165134,2727.188650889333
2,PT,42,0.03,100,0.028699883293518767,0.0017513712137217543,0.005937641128848935,605510,312,84,919,228,1003,0.2692307692307692,0.08374875373878365,0.001656454889266899,23719,391.7193770540536
2,PT,52,0.03,100,0.27918919145481447,0.005325146107992802,0.004106944221332468,605510,312,112,1109,200,1221,0.358974358974359,0.09172809172809172,0.002016481973873264,21109,348.615216924576
2,PT,62,0.03,100,0.05974374967620022,0.006538014256378101,0.002627838110623801,605510,312,89,550,223,639,0.28525641025641024,0.13928012519561817,0.0010553087479975558,22850,377.3678386814421
2,PT,72,0.03,100,0.051550039884289287,0.0019014278361552527,0.005273861952116971,605510,312,101,1770,211,1871,0.32371794871794873,0.053981827899518976,0.0030899572261399483,22870,377.6981387590626
2,PT,82,0.03,100,0.10845730533487172,0.003572770354178196,0.0032704006013415006,605510,312,99,859,213,958,0.3173076923076923,0.10334029227557412,0.0015821373718022823,22159,365.9559709996532
2,PH,42,0.03,100,0.05344006217127265,0.004956585823568611,0.01513355903845979,605510,312,184,8181,128,8365,0.5897435897435898,0.02199641362821279,0.013814800746478175,20981,346.5012964278047
2,PH,52,0.03,100,0.06539480564786496,0.0035642604540619275,0.01303007616790279,605510,312,187,6704,125,6891,0.5993589743589743,0.027136845160354084,0.011380489174414955,19204,317.1541345312216
2,PH,62,0.03,100,0.06505029466682433,0.003481933076456515,0.015745811977728542,605510,312,201,8769,111,8970,0.6442307692307693,0.022408026755852843,0.014813958481280243,19869,328.1366121121038
2,PH,72,0.03,100,0.019958408684492175,0.002221445922395408,0.014430377444844194,605510,312,182,7649,130,7831,0.5833333333333334,0.023240965393947134,0.012932899539231392,20649,341.01831513930404
2,PH,82,0.03,100,0.056800868993213086,0.003089311182560481,0.015482118880122693,605510,312,202,8493,110,8695,0.6474358974358975,0.02323174238067855,0.014359795874552031,19493,321.9269706528381
2,PTH,42,0.03,100,0.08012594403006039,0.0023241721082974285,0.017191577581843365,605510,312,224,8865,88,9089,0.717948717948718,0.024645175486852237,0.015010487027464452,17665,291.7375435583227
2,PTH,52,0.03,100,0.08611402629446102,0.0017675595640865654,0.017064277465757786,605510,312,217,8765,95,8982,0.6955128205128205,0.024159429971053217,0.014833776485937474,18265,301.64654588693827
2,PTH,62,0.03,100,0.17029844899329047,0.0017263767358654406,0.013508967080796172,605510,312,201,6308,111,6509,0.6442307692307693,0.03088031955753572,0.010749616026159765,17408,287.49318756089906
2,PTH,72,0.03,100,0.16062173322918552,0.0011418717534615722,0.0182796904788606,605510,312,194,7530,118,7724,0.6217948717948718,0.025116519937856033,0.012756188997704414,19330,319.23502502023086
2,PTH,82,0.03,100,0.0764508670628878,0.0019254413876240474,0.01481227779310094,605510,312,209,8702,103,8911,0.6698717948717948,0.023454157782515993,0.01471651995838219,19002,313.8181037472544
2,PTHW,42,0.01,10,0.198691898109454,0.20027540474600217,0.0003758384379669565,605510,312,78,31,234,109,0.25,0.7155963302752294,0.00018001354230318245,2371,39.15707420191244
2,PTHW,42,0.01,50,0.198691898109454,0.006486937132319819,0.003027924189749916,605510,312,110,1458,202,1568,0.3525641025641026,0.07015306122448979,0.002589552608544863,11558,190.8804148568975
2,PTHW,42,0.01,100,0.198691898109454,0.004398598481594337,0.008344219513895414,605510,312,148,3240,164,3388,0.47435897435897434,0.043683589138134596,0.005595283314891579,19640,324.3546762233489
2,PTHW,42,0.01,500,0.198691898109454,0.003979928893552726,0.009138329761857853,605510,312,150,3341,162,3491,0.4807692307692308,0.042967631051274706,0.005765387854866146,84341,1392.8919423296065
2,PTHW,42,0.01,1000,0.198691898109454,0.003979928893552726,0.009138329761857853,605510,312,150,3341,162,3491,0.4807692307692308,0.042967631051274706,0.005765387854866146,165341,2730.6072566927055
2,PTHW,42,0.03,10,0.198691898109454,0.20027540474600217,0.0003758384379669565,605510,312,78,31,234,109,0.25,0.7155963302752294,0.00018001354230318245,2371,39.15707420191244
2,PTHW,42,0.03,50,0.198691898109454,0.006486937132319819,0.003027924189749916,605510,312,110,1458,202,1568,0.3525641025641026,0.07015306122448979,0.002589552608544863,11558,190.8804148568975
2,PTHW,42,0.03,100,0.198691898109454,0.0025398955697899556,0.013681731524055175,605510,312,210,6252,102,6462,0.6730769230769231,0.032497678737233054,0.010671995507918945,16452,271.7048438506383
2,PTHW,42,0.03,500,0.198691898109454,0.001271781484428129,0.017000627407714995,605510,312,224,8215,88,8439,0.717948717948718,0.0265434293162697,0.013937011775197768,52215,862.330927647768
2,PTHW,42,0.03,1000,0.198691898109454,0.0009353051926576662,0.028669804715560014,605510,312,225,12779,87,13004,0.7211538461538461,0.017302368501999385,0.021476111046886095,99779,1647.8505722448845
2,PTHW,42,0.05,10,0.198691898109454,0.20027540474600217,0.0003758384379669565,605510,312,78,31,234,109,0.25,0.7155963302752294,0.00018001354230318245,2371,39.15707420191244
2,PTHW,42,0.05,50,0.198691898109454,0.006486937132319819,0.003027924189749916,605510,312,110,1458,202,1568,0.3525641025641026,0.07015306122448979,0.002589552608544863,11558,190.8804148568975
2,PTHW,42,0.05,100,0.198691898109454,0.0025398955697899556,0.013681731524055175,605510,312,210,6252,102,6462,0.6730769230769231,0.032497678737233054,0.010671995507918945,16452,271.7048438506383
2,PTHW,42,0.05,500,0.198691898109454,0.001271781484428129,0.017000627407714995,605510,312,224,8215,88,8439,0.717948717948718,0.0265434293162697,0.013937011775197768,52215,862.330927647768
2,PTHW,42,0.05,1000,0.198691898109454,0.0009215183160811005,0.031033949728577967,605510,312,226,13665,86,13891,0.7243589743589743,0.016269527031891152,0.022940991891133095,99665,1645.9678618024475
2,PTHW,42,0.1,10,0.198691898109454,0.20027540474600217,0.0003758384379669565,605510,312,78,31,234,109,0.25,0.7155963302752294,0.00018001354230318245,2371,39.15707420191244
2,PTHW,42,0.1,50,0.198691898109454,0.006486937132319819,0.003027924189749916,605510,312,110,1458,202,1568,0.3525641025641026,0.07015306122448979,0.002589552608544863,11558,190.8804148568975
2,PTHW,42,0.1,100,0.198691898109454,0.0025398955697899556,0.013681731524055175,605510,312,210,6252,102,6462,0.6730769230769231,0.032497678737233054,0.010671995507918945,16452,271.7048438506383
2,PTHW,42,0.1,500,0.198691898109454,0.001271781484428129,0.017000627407714995,605510,312,224,8215,88,8439,0.717948717948718,0.0265434293162697,0.013937011775197768,52215,862.330927647768
2,PTHW,42,0.1,1000,0.198691898109454,0.0009215183160811005,0.031033949728577967,605510,312,226,13665,86,13891,0.7243589743589743,0.016269527031891152,0.022940991891133095,99665,1645.9678618024475
2,PTHW,52,0.01,10,0.0488839860214634,0.07528768488249035,0.002097420960267209,605510,312,98,787,214,885,0.3141025641025641,0.11073446327683616,0.0014615778434707931,2927,48.33941635976284
2,PTHW,52,0.01,50,0.0488839860214634,0.07528768488249035,0.002097420960267209,605510,312,98,787,214,885,0.3141025641025641,0.11073446327683616,0.0014615778434707931,11487,189.70784958134465
2,PTHW,52,0.01,100,0.0488839860214634,0.07528768488249035,0.002097420960267209,605510,312,98,787,214,885,0.3141025641025641,0.11073446327683616,0.0014615778434707931,22187,366.4183911083219
2,PTHW,52,0.01,500,0.0488839860214634,0.004303015426110101,0.00688633008920101,605510,312,100,1599,212,1699,0.32051282051282054,0.05885815185403178,0.0028058991593863025,107599,1776.9979025945072
2,PTHW,52,0.01,1000,0.0488839860214634,0.004303015426110101,0.00688633008920101,605510,312,100,1599,212,1699,0.32051282051282054,0.05885815185403178,0.0028058991593863025,213599,3527.588313983254
2,PTHW,52,0.03,10,0.0488839860214634,0.07528768488249035,0.002097420960267209,605510,312,98,787,214,885,0.3141025641025641,0.11073446327683616,0.0014615778434707931,2927,48.33941635976284
2,PTHW,52,0.03,50,0.0488839860214634,0.07528768488249035,0.002097420960267209,605510,312,98,787,214,885,0.3141025641025641,0.11073446327683616,0.0014615778434707931,11487,189.70784958134465
2,PTHW,52,0.03,100,0.0488839860214634,0.0007973924352851556,0.02028618278478097,605510,312,214,8940,98,9154,0.6858974358974359,0.023377758357002402,0.01511783455269112,18740,309.4911727304256
2,PTHW,52,0.03,500,0.0488839860214634,0.0005851255246733049,0.025423651755377672,605510,312,219,11013,93,11232,0.7019230769230769,0.019497863247863248,0.018549652359168306,57513,949.8274182094433
2,PTHW,52,0.03,1000,0.0488839860214634,0.0005851255246733049,0.025423651755377672,605510,312,219,11013,93,11232,0.7019230769230769,0.019497863247863248,0.018549652359168306,104013,1717.7750986771482
2,PTHW,52,0.05,10,0.0488839860214634,0.07528768488249035,0.002097420960267209,605510,312,98,787,214,885,0.3141025641025641,0.11073446327683616,0.0014615778434707931,2927,48.33941635976284
2,PTHW,52,0.05,50,0.0488839860214634,0.07528768488249035,0.002097420960267209,605510,312,98,787,214,885,0.3141025641025641,0.11073446327683616,0.0014615778434707931,11487,189.70784958134465
2,PTHW,52,0.05,100,0.0488839860214634,0.0007973924352851556,0.02028618278478097,605510,312,214,8940,98,9154,0.6858974358974359,0.023377758357002402,0.01511783455269112,18740,309.4911727304256
2,PTHW,52,0.05,500,0.0488839860214634,0.0005851255246733049,0.025423651755377672,605510,312,219,11013,93,11232,0.7019230769230769,0.019497863247863248,0.018549652359168306,57513,949.8274182094433
2,PTHW,52,0.05,1000,0.0488839860214634,0.0005642898383611138,0.031233992768141025,605510,312,220,12953,92,13173,0.7051282051282052,0.0167008274500873,0.021755214612475433,104953,1733.2992023253125
2,PTHW,52,0.1,10,0.0488839860214634,0.07528768488249035,0.002097420960267209,605510,312,98,787,214,885,0.3141025641025641,0.11073446327683616,0.0014615778434707931,2927,48.33941635976284
2,PTHW,52,0.1,50,0.0488839860214634,0.07528768488249035,0.002097420960267209,605510,312,98,787,214,885,0.3141025641025641,0.11073446327683616,0.0014615778434707931,11487,189.70784958134465
2,PTHW,52,0.1,100,0.0488839860214634,0.0007973924352851556,0.02028618278478097,605510,312,214,8940,98,9154,0.6858974358974359,0.023377758357002402,0.01511783455269112,18740,309.4911727304256
2,PTHW,52,0.1,500,0.0488839860214634,0.0005851255246733049,0.025423651755377672,605510,312,219,11013,93,11232,0.7019230769230769,0.019497863247863248,0.018549652359168306,57513,949.8274182094433
2,PTHW,52,0.1,1000,0.0488839860214634,0.0005642898383611138,0.031233992768141025,605510,312,220,12953,92,13173,0.7051282051282052,0.0167008274500873,0.021755214612475433,104953,1733.2992023253125
2,PTHW,62,0.01,10,0.037035047844967015,0.14584468452052426,0.0,605510,312,0,0,312,0,0.0,0.0,0.0,3120,51.52681210880085
2,PTHW,62,0.01,50,0.037035047844967015,0.0013086814413741678,0.009414146680043282,605510,312,187,4430,125,4617,0.5993589743589743,0.040502490794888456,0.007624977291869664,10680,176.38024144935673
2,PTHW,62,0.01,100,0.037035047844967015,0.0013086814413741678,0.009414146680043282,605510,312,187,4430,125,4617,0.5993589743589743,0.040502490794888456,0.007624977291869664,16930,279.5990157057687
2,PTHW,62,0.01,500,0.037035047844967015,0.0013086814413741678,0.009414146680043282,605510,312,187,4430,125,4617,0.5993589743589743,0.040502490794888456,0.007624977291869664,66930,1105.3492097570643
2,PTHW,62,0.01,1000,0.037035047844967015,0.0013086814413741678,0.009414146680043282,605510,312,187,4430,125,4617,0.5993589743589743,0.040502490794888456,0.007624977291869664,129430,2137.536952321184
2,PTHW,62,0.03,10,0.037035047844967015,0.14584468452052426,0.0,605510,312,0,0,312,0,0.0,0.0,0.0,3120,51.52681210880085
2,PTHW,62,0.03,50,0.037035047844967015,0.0013086814413741678,0.009414146680043282,605510,312,187,4430,125,4617,0.5993589743589743,0.040502490794888456,0.007624977291869664,10680,176.38024144935673
2,PTHW,62,0.03,100,0.037035047844967015,0.0012562849274065293,0.010781107450390843,605510,312,196,5003,116,5199,0.6282051282051282,0.03769955760723216,0.008586150517745372,16603,274.1986094366732
2,PTHW,62,0.03,500,0.037035047844967015,0.0008745796124798666,0.014066662827456817,605510,312,215,7178,97,7393,0.6891025641025641,0.029081563641282292,0.012209542369242456,55678,919.5223860877608
2,PTHW,62,0.03,1000,0.037035047844967015,0.0008745796124798666,0.014066662827456817,605510,312,215,7178,97,7393,0.6891025641025641,0.029081563641282292,0.012209542369242456,104178,1720.5000743175174
2,PTHW,62,0.05,10,0.037035047844967015,0.14584468452052426,0.0,605510,312,0,0,312,0,0.0,0.0,0.0,3120,51.52681210880085
2,PTHW,62,0.05,50,0.037035047844967015,0.0013086814413741678,0.009414146680043282,605510,312,187,4430,125,4617,0.5993589743589743,0.040502490794888456,0.007624977291869664,10680,176.38024144935673
2,PTHW,62,0.05,100,0.037035047844967015,0.0012562849274065293,0.010781107450390843,605510,312,196,5003,116,5199,0.6282051282051282,0.03769955760723216,0.008586150517745372,16603,274.1986094366732
2,PTHW,62,0.05,500,0.037035047844967015,0.0008745796124798666,0.014066662827456817,605510,312,215,7178,97,7393,0.6891025641025641,0.029081563641282292,0.012209542369242456,55678,919.5223860877608
2,PTHW,62,0.05,1000,0.037035047844967015,0.0008745796124798666,0.014066662827456817,605510,312,215,7178,97,7393,0.6891025641025641,0.029081563641282292,0.012209542369242456,104178,1720.5000743175174
2,PTHW,62,0.1,10,0.037035047844967015,0.14584468452052426,0.0,605510,312,0,0,312,0,0.0,0.0,0.0,3120,51.52681210880085
2,PTHW,62,0.1,50,0.037035047844967015,0.0013086814413741678,0.009414146680043282,605510,312,187,4430,125,4617,0.5993589743589743,0.040502490794888456,0.007624977291869664,10680,176.38024144935673
2,PTHW,62,0.1,100,0.037035047844967015,0.0012562849274065293,0.010781107450390843,605510,312,196,5003,116,5199,0.6282051282051282,0.03769955760723216,0.008586150517745372,16603,274.1986094366732
2,PTHW,62,0.1,500,0.037035047844967015,0.0008745796124798666,0.014066662827456817,605510,312,215,7178,97,7393,0.6891025641025641,0.029081563641282292,0.012209542369242456,55678,919.5223860877608
2,PTHW,62,0.1,1000,0.037035047844967015,0.0008745796124798666,0.014066662827456817,605510,312,215,7178,97,7393,0.6891025641025641,0.029081563641282292,0.012209542369242456,104178,1720.5000743175174
2,PTHW,72,0.01,10,0.016596359904221994,0.054075543546869366,0.0,605510,312,0,0,312,0,0.0,0.0,0.0,3120,51.52681210880085
2,PTHW,72,0.01,50,0.016596359904221994,0.0027712495707640015,0.009420208590333072,605510,312,129,4592,183,4721,0.41346153846153844,0.027324719339123067,0.007796733332232333,13742,226.94918333305807
2,PTHW,72,0.01,100,0.016596359904221994,0.0024397282575743034,0.00962631354018592,605510,312,132,4669,180,4801,0.4230769230769231,0.02749427202666111,0.00792885336328054,22669,374.3786229789764
2,PTHW,72,0.01,500,0.016596359904221994,0.002278099818537085,0.009974873381848822,605510,312,132,4834,180,4966,0.4230769230769231,0.026580749093838098,0.008201350927317467,94834,1566.1838780532114
2,PTHW,72,0.01,1000,0.016596359904221994,0.002278099818537085,0.009974873381848822,605510,312,132,4834,180,4966,0.4230769230769231,0.026580749093838098,0.008201350927317467,184834,3052.5342273455435
2,PTHW,72,0.03,10,0.016596359904221994,0.054075543546869366,0.0,605510,312,0,0,312,0,0.0,0.0,0.0,3120,51.52681210880085
2,PTHW,72,0.03,50,0.016596359904221994,0.0027712495707640015,0.009420208590333072,605510,312,129,4592,183,4721,0.41346153846153844,0.027324719339123067,0.007796733332232333,13742,226.94918333305807
2,PTHW,72,0.03,100,0.016596359904221994,0.0011790213024881167,0.020334678067099286,605510,312,219,11227,93,11446,0.7019230769230769,0.019133321684431243,0.018903073442222258,20527,339.0034846658189
2,PTHW,72,0.03,500,0.016596359904221994,0.0007681638398610647,0.026526919428119383,605510,312,231,14704,81,14935,0.7403846153846154,0.015467023769668563,0.0246651582963122,55204,911.6942742481544
2,PTHW,72,0.03,1000,0.016596359904221994,0.0007393923182142078,0.02987006295293836,605510,312,234,16199,78,16433,0.75,0.014239639749284976,0.027139105877689883,94199,1555.6968505887598
2,PTHW,72,0.05,10,0.016596359904221994,0.054075543546869366,0.0,605510,312,0,0,312,0,0.0,0.0,0.0,3120,51.52681210880085
2,PTHW,72,0.05,50,0.016596359904221994,0.0027712495707640015,0.009420208590333072,605510,312,129,4592,183,4721,0.41346153846153844,0.027324719339123067,0.007796733332232333,13742,226.94918333305807
2,PTHW,72,0.05,100,0.016596359904221994,0.0011790213024881167,0.020334678067099286,605510,312,219,11227,93,11446,0.7019230769230769,0.019133321684431243,0.018903073442222258,20527,339.0034846658189
2,PTHW,72,0.05,500,0.016596359904221994,0.0007681638398610647,0.026526919428119383,605510,312,231,14704,81,14935,0.7403846153846154,0.015467023769668563,0.0246651582963122,55204,911.6942742481544
2,PTHW,72,0.05,1000,0.016596359904221994,0.0006754576929946022,0.04544614144255279,605510,312,238,25258,74,25496,0.7628205128205128,0.009334797615312206,0.04210665389506366,99258,1639.2462552228699
2,PTHW,72,0.1,10,0.016596359904221994,0.054075543546869366,0.0,605510,312,0,0,312,0,0.0,0.0,0.0,3120,51.52681210880085
2,PTHW,72,0.1,50,0.016596359904221994,0.0027712495707640015,0.009420208590333072,605510,312,129,4592,183,4721,0.41346153846153844,0.027324719339123067,0.007796733332232333,13742,226.94918333305807
2,PTHW,72,0.1,100,0.016596359904221994,0.0011790213024881167,0.020334678067099286,605510,312,219,11227,93,11446,0.7019230769230769,0.019133321684431243,0.018903073442222258,20527,339.0034846658189
2,PTHW,72,0.1,500,0.016596359904221994,0.0007681638398610647,0.026526919428119383,605510,312,231,14704,81,14935,0.7403846153846154,0.015467023769668563,0.0246651582963122,55204,911.6942742481544
2,PTHW,72,0.1,1000,0.016596359904221994,0.0006754576929946022,0.04544614144255279,605510,312,238,25258,74,25496,0.7628205128205128,0.009334797615312206,0.04210665389506366,99258,1639.2462552228699
2,PTHW,82,0.01,10,0.05524871723039192,0.040432807129866064,0.0016367157782431977,605510,312,89,647,223,736,0.28525641025641024,0.12092391304347826,0.0012155042856435072,2877,47.51366616571155
2,PTHW,82,0.01,50,0.05524871723039192,0.003597794556329146,0.0024005164747566902,605510,312,104,908,208,1012,0.3333333333333333,0.10276679841897234,0.0016713183927598223,11308,186.751663886641
2,PTHW,82,0.01,100,0.05524871723039192,0.001737726464356045,0.009865758996632609,605510,312,154,4538,158,4692,0.4935897435897436,0.032821824381926684,0.007748839820977358,20338,335.882148932305
2,PTHW,82,0.01,500,0.05524871723039192,0.001737726464356045,0.009865758996632609,605510,312,154,4538,158,4692,0.4935897435897436,0.032821824381926684,0.007748839820977358,83538,1379.6303942131426
2,PTHW,82,0.01,1000,0.05524871723039192,0.001737726464356045,0.009865758996632609,605510,312,154,4538,158,4692,0.4935897435897436,0.032821824381926684,0.007748839820977358,162538,2684.3157008141898
2,PTHW,82,0.03,10,0.05524871723039192,0.040432807129866064,0.0016367157782431977,605510,312,89,647,223,736,0.28525641025641024,0.12092391304347826,0.0012155042856435072,2877,47.51366616571155
2,PTHW,82,0.03,50,0.05524871723039192,0.003597794556329146,0.0024005164747566902,605510,312,104,908,208,1012,0.3333333333333333,0.10276679841897234,0.0016713183927598223,11308,186.751663886641
2,PTHW,82,0.03,100,0.05524871723039192,0.0011337381977961315,0.016315631544968765,605510,312,233,8001,79,8234,0.7467948717948718,0.028297303862035463,0.013598454195636735,15901,262.605076712193
2,PTHW,82,0.03,500,0.05524871723039192,0.0010031363039542463,0.018161483228209707,605510,312,237,9403,75,9640,0.7596153846153846,0.0245850622406639,0.01592046374130898,46903,774.6032270317584
2,PTHW,82,0.03,1000,0.05524871723039192,0.0010031363039542463,0.018161483228209707,605510,312,237,9403,75,9640,0.7596153846153846,0.0245850622406639,0.01592046374130898,84403,1393.91587257023
2,PTHW,82,0.05,10,0.05524871723039192,0.040432807129866064,0.0016367157782431977,605510,312,89,647,223,736,0.28525641025641024,0.12092391304347826,0.0012155042856435072,2877,47.51366616571155
2,PTHW,82,0.05,50,0.05524871723039192,0.003597794556329146,0.0024005164747566902,605510,312,104,908,208,1012,0.3333333333333333,0.10276679841897234,0.0016713183927598223,11308,186.751663886641
2,PTHW,82,0.05,100,0.05524871723039192,0.0011337381977961315,0.016315631544968765,605510,312,233,8001,79,8234,0.7467948717948718,0.028297303862035463,0.013598454195636735,15901,262.605076712193
2,PTHW,82,0.05,500,0.05524871723039192,0.0010031363039542463,0.018161483228209707,605510,312,237,9403,75,9640,0.7596153846153846,0.0245850622406639,0.01592046374130898,46903,774.6032270317584
2,PTHW,82,0.05,1000,0.05524871723039192,0.0010031363039542463,0.018161483228209707,605510,312,237,9403,75,9640,0.7596153846153846,0.0245850622406639,0.01592046374130898,84403,1393.91587257023
2,PTHW,82,0.1,10,0.05524871723039192,0.040432807129866064,0.0016367157782431977,605510,312,89,647,223,736,0.28525641025641024,0.12092391304347826,0.0012155042856435072,2877,47.51366616571155
2,PTHW,82,0.1,50,0.05524871723039192,0.003597794556329146,0.0024005164747566902,605510,312,104,908,208,1012,0.3333333333333333,0.10276679841897234,0.0016713183927598223,11308,186.751663886641
2,PTHW,82,0.1,100,0.05524871723039192,0.0011337381977961315,0.016315631544968765,605510,312,233,8001,79,8234,0.7467948717948718,0.028297303862035463,0.013598454195636735,15901,262.605076712193
2,PTHW,82,0.1,500,0.05524871723039192,0.0010031363039542463,0.018161483228209707,605510,312,237,9403,75,9640,0.7596153846153846,0.0245850622406639,0.01592046374130898,46903,774.6032270317584
2,PTHW,82,0.1,1000,0.05524871723039192,0.0010031363039542463,0.018161483228209707,605510,312,237,9403,75,9640,0.7596153846153846,0.0245850622406639,0.01592046374130898,84403,1393.91587257023
2,PTHW5,42,0.03,100,0.07177934178643676,0.0028333895612335518,0.017321908653073842,605510,312,221,10829,91,11050,0.7083333333333334,0.02,0.018249079288533632,19929,329.1275123449654
2,PTHW5,52,0.03,100,0.0704617890595296,0.0038502829590321514,0.00664688463275432,605510,312,129,4023,183,4152,0.41346153846153844,0.03106936416184971,0.006857029611401958,22323,368.66443163614144
2,PTHW5,62,0.03,100,0.03690158289575925,0.0028085137983206434,0.009662685001924657,605510,312,156,4179,156,4335,0.5,0.035986159169550176,0.007159254182424733,19779,326.6502617628115
2,PTHW5,72,0.03,100,0.023120662386378044,0.001297230001273936,0.014003012769414026,605510,312,193,5986,119,6179,0.6185897435897436,0.031234827642013272,0.01020462089808591,17886,295.3873594160295
2,PTHW5,82,0.03,100,0.06086285871809086,0.0024656973187752863,0.009277753698523015,605510,312,190,3979,122,4169,0.6089743589743589,0.04557447829215639,0.006885105117999703,16179,267.19624779111825
3,P0,42,0.01,10,0.25276722226617265,0.7912499034079412,0.00018683052395582496,636723,3764,625,3,3139,628,0.16604675876726888,0.9952229299363057,0.000986300165063929,31393,493.04014461547644
3,P0,42,0.01,50,0.25276722226617265,0.004694362031548987,0.00465593527953405,636723,3764,1009,2446,2755,3455,0.2680658873538789,0.29204052098408106,0.005426221449515723,140196,2201.8365914220153
3,P0,42,0.01,100,0.25276722226617265,0.0033825973373420247,0.0068504525450469155,636723,3764,1128,4081,2636,5209,0.29968119022316686,0.21654828181992705,0.00818095152837262,267681,4204.041631918432
3,P0,42,0.01,500,0.25276722226617265,0.0031902211265938114,0.008573445154861746,636723,3764,1183,5440,2581,6623,0.3142933049946865,0.17861996074286576,0.010401697441430576,1295940,20353.277641925924
3,P0,42,0.01,1000,0.25276722226617265,0.0031902211265938114,0.008573445154861746,636723,3764,1183,5440,2581,6623,0.3142933049946865,0.17861996074286576,0.010401697441430576,2586440,40621.11781732402
3,P0,42,0.03,10,0.25276722226617265,0.7912499034079412,0.00018683052395582496,636723,3764,625,3,3139,628,0.16604675876726888,0.9952229299363057,0.000986300165063929,31393,493.04014461547644
3,P0,42,0.03,50,0.25276722226617265,0.004694362031548987,0.00465593527953405,636723,3764,1009,2446,2755,3455,0.2680658873538789,0.29204052098408106,0.005426221449515723,140196,2201.8365914220153
3,P0,42,0.03,100,0.25276722226617265,0.0033825973373420247,0.0068504525450469155,636723,3764,1128,4081,2636,5209,0.29968119022316686,0.21654828181992705,0.00818095152837262,267681,4204.041631918432
3,P0,42,0.03,500,0.25276722226617265,0.0025568609121273842,0.0294094969217447,636723,3764,1707,19501,2057,21208,0.4535069075451647,0.08048849490758204,0.03330804761254109,1048001,16459.292345336984
3,P0,42,0.03,1000,0.25276722226617265,0.0025568609121273842,0.0294094969217447,636723,3764,1707,19501,2057,21208,0.4535069075451647,0.08048849490758204,0.03330804761254109,2076501,32612.31336075499
3,P0,42,0.05,10,0.25276722226617265,0.7912499034079412,0.00018683052395582496,636723,3764,625,3,3139,628,0.16604675876726888,0.9952229299363057,0.000986300165063929,31393,493.04014461547644
3,P0,42,0.05,50,0.25276722226617265,0.004694362031548987,0.00465593527953405,636723,3764,1009,2446,2755,3455,0.2680658873538789,0.29204052098408106,0.005426221449515723,140196,2201.8365914220153
3,P0,42,0.05,100,0.25276722226617265,0.0033825973373420247,0.0068504525450469155,636723,3764,1128,4081,2636,5209,0.29968119022316686,0.21654828181992705,0.00818095152837262,267681,4204.041631918432
3,P0,42,0.05,500,0.25276722226617265,0.002309645368401912,0.04464656409769754,636723,3764,2013,29193,1751,31206,0.5348034006376196,0.06450682561045953,0.04901032317035822,904693,14208.580497327723
3,P0,42,0.05,1000,0.25276722226617265,0.0022735080227211384,0.047060533089761686,636723,3764,2022,30743,1742,32765,0.5371944739638682,0.061712192888753244,0.05145879762471279,1772743,27841.667412673956
3,P0,42,0.1,10,0.25276722226617265,0.7912499034079412,0.00018683052395582496,636723,3764,625,3,3139,628,0.16604675876726888,0.9952229299363057,0.000986300165063929,31393,493.04014461547644
3,P0,42,0.1,50,0.25276722226617265,0.004694362031548987,0.00465593527953405,636723,3764,1009,2446,2755,3455,0.2680658873538789,0.29204052098408106,0.005426221449515723,140196,2201.8365914220153
3,P0,42,0.1,100,0.25276722226617265,0.0033825973373420247,0.0068504525450469155,636723,3764,1128,4081,2636,5209,0.29968119022316686,0.21654828181992705,0.00818095152837262,267681,4204.041631918432
3,P0,42,0.1,500,0.25276722226617265,0.0016835464145900322,0.09714297576541203,636723,3764,2758,62253,1006,65011,0.732731137088204,0.0424235898540247,0.10210248412575013,565253,8877.53387265734
3,P0,42,0.1,1000,0.25276722226617265,0.0016835464145900322,0.09714297576541203,636723,3764,2758,62253,1006,65011,0.732731137088204,0.0424235898540247,0.10210248412575013,1068253,16777.35844315346
3,P0,52,0.01,10,0.27494066545889356,0.05877812159166238,0.00021945172655128646,636723,3764,700,17,3064,717,0.18597236981934112,0.9762900976290098,0.0011260783731701226,30657,481.48095796759344
3,P0,52,0.01,50,0.27494066545889356,0.0066835696577121715,0.004537312724641463,636723,3764,1067,2243,2697,3310,0.2834750265674814,0.32235649546827794,0.005198492908219116,137093,2153.1026835845414
3,P0,52,0.01,100,0.27494066545889356,0.003964484645705811,0.00647975706100758,636723,3764,1180,3631,2584,4811,0.3134962805526036,0.24527125337767616,0.007555875946055035,262031,4115.306027895961
3,P0,52,0.01,500,0.27494066545889356,0.0035881934186283823,0.009267387100983382,636723,3764,1284,5686,2480,6970,0.34112646121147716,0.18421807747489238,0.010946675398878319,1245686,19564.017634041804
3,P0,52,0.01,1000,0.27494066545889356,0.0035881934186283823,0.009267387100983382,636723,3764,1284,5686,2480,6970,0.34112646121147716,0.18421807747489238,0.010946675398878319,2485686,39038.73426906206
3,P0,52,0.03,10,0.27494066545889356,0.05877812159166238,0.00021945172655128646,636723,3764,700,17,3064,717,0.18597236981934112,0.9762900976290098,0.0011260783731701226,30657,481.48095796759344
3,P0,52,0.03,50,0.27494066545889356,0.0066835696577121715,0.004537312724641463,636723,3764,1067,2243,2697,3310,0.2834750265674814,0.32235649546827794,0.005198492908219116,137093,2153.1026835845414
3,P0,52,0.03,100,0.27494066545889356,0.003964484645705811,0.00647975706100758,636723,3764,1180,3631,2584,4811,0.3134962805526036,0.24527125337767616,0.007555875946055035,262031,4115.306027895961
3,P0,52,0.03,500,0.27494066545889356,0.0027015207283309457,0.025714404336840607,636723,3764,1733,17606,2031,19339,0.4604144527098831,0.0896116655463054,0.030372705242311022,1033106,16225.360164467123
3,P0,52,0.03,1000,0.27494066545889356,0.0027015207283309457,0.025714404336840607,636723,3764,1733,17606,2031,19339,0.4604144527098831,0.0896116655463054,0.030372705242311022,2048606,32174.21076355024
3,P0,52,0.05,10,0.27494066545889356,0.05877812159166238,0.00021945172655128646,636723,3764,700,17,3064,717,0.18597236981934112,0.9762900976290098,0.0011260783731701226,30657,481.48095796759344
3,P0,52,0.05,50,0.27494066545889356,0.0066835696577121715,0.004537312724641463,636723,3764,1067,2243,2697,3310,0.2834750265674814,0.32235649546827794,0.005198492908219116,137093,2153.1026835845414
3,P0,52,0.05,100,0.27494066545889356,0.003964484645705811,0.00647975706100758,636723,3764,1180,3631,2584,4811,0.3134962805526036,0.24527125337767616,0.007555875946055035,262031,4115.306027895961
3,P0,52,0.05,500,0.27494066545889356,0.0023616737074622788,0.04742529744605639,636723,3764,2139,31818,1625,33957,0.5682784272051009,0.06299143033836911,0.053330883288337315,844318,13260.365967618573
3,P0,52,0.05,1000,0.27494066545889356,0.0023616737074622788,0.04742529744605639,636723,3764,2139,31818,1625,33957,0.5682784272051009,0.06299143033836911,0.053330883288337315,1656818,26021.01698854918
3,P0,52,0.1,10,0.27494066545889356,0.05877812159166238,0.00021945172655128646,636723,3764,700,17,3064,717,0.18597236981934112,0.9762900976290098,0.0011260783731701226,30657,481.48095796759344
3,P0,52,0.1,50,0.27494066545889356,0.0066835696577121715,0.004537312724641463,636723,3764,1067,2243,2697,3310,0.2834750265674814,0.32235649546827794,0.005198492908219116,137093,2153.1026835845414
3,P0,52,0.1,100,0.27494066545889356,0.003964484645705811,0.00647975706100758,636723,3764,1180,3631,2584,4811,0.3134962805526036,0.24527125337767616,0.007555875946055035,262031,4115.306027895961
3,P0,52,0.1,500,0.27494066545889356,0.0016969523251347816,0.09126522817048434,636723,3764,2777,58694,987,61471,0.737778958554729,0.04517577394218412,0.09654276663478467,552194,8672.436836740624
3,P0,52,0.1,1000,0.27494066545889356,0.0012415211385694116,0.09825506221753004,636723,3764,2854,62252,910,65106,0.7582359192348566,0.04383620557245108,0.10225168558384101,972252,15269.622740186864
3,P0,62,0.01,10,0.2707534474720642,0.01724971833262674,0.0002135205988066571,636723,3764,693,15,3071,708,0.18411264612114772,0.9788135593220338,0.0011119434981930918,30725,482.54892629919135
3,P0,62,0.01,50,0.2707534474720642,0.009723012629222757,0.00038552330340090865,636723,3764,744,104,3020,848,0.19766206163655686,0.8773584905660378,0.001331819331169127,151104,2373.1512761436293
3,P0,62,0.01,100,0.2707534474720642,0.003212454308437047,0.008884829361454787,636723,3764,1263,5449,2501,6712,0.33554729011689693,0.1881704410011919,0.010541475649536768,255549,4013.503517228057
3,P0,62,0.01,500,0.2707534474720642,0.003212454308437047,0.008884829361454787,636723,3764,1263,5449,2501,6712,0.33554729011689693,0.1881704410011919,0.010541475649536768,1255949,19725.20232502988
3,P0,62,0.01,1000,0.2707534474720642,0.003212454308437047,0.008884829361454787,636723,3764,1263,5449,2501,6712,0.33554729011689693,0.1881704410011919,0.010541475649536768,2506449,39364.82583478216
3,P0,62,0.03,10,0.2707534474720642,0.01724971833262674,0.0002135205988066571,636723,3764,693,15,3071,708,0.18411264612114772,0.9788135593220338,0.0011119434981930918,30725,482.54892629919135
3,P0,62,0.03,50,0.2707534474720642,0.009723012629222757,0.00038552330340090865,636723,3764,744,104,3020,848,0.19766206163655686,0.8773584905660378,0.001331819331169127,151104,2373.1512761436293
3,P0,62,0.03,100,0.2707534474720642,0.003212454308437047,0.008884829361454787,636723,3764,1263,5449,2501,6712,0.33554729011689693,0.1881704410011919,0.010541475649536768,255549,4013.503517228057
3,P0,62,0.03,500,0.2707534474720642,0.0025852781927692818,0.028252927011541976,636723,3764,1792,18757,1972,20549,0.4760892667375133,0.08720619008224244,0.03227306065588961,1004757,15780.127308107292
3,P0,62,0.03,1000,0.2707534474720642,0.0025852781927692818,0.028252927011541976,636723,3764,1792,18757,1972,20549,0.4760892667375133,0.08720619008224244,0.03227306065588961,1990757,31265.66811627662
3,P0,62,0.05,10,0.2707534474720642,0.01724971833262674,0.0002135205988066571,636723,3764,693,15,3071,708,0.18411264612114772,0.9788135593220338,0.0011119434981930918,30725,482.54892629919135
3,P0,62,0.05,50,0.2707534474720642,0.009723012629222757,0.00038552330340090865,636723,3764,744,104,3020,848,0.19766206163655686,0.8773584905660378,0.001331819331169127,151104,2373.1512761436293
3,P0,62,0.05,100,0.2707534474720642,0.003212454308437047,0.008884829361454787,636723,3764,1263,5449,2501,6712,0.33554729011689693,0.1881704410011919,0.010541475649536768,255549,4013.503517228057
3,P0,62,0.05,500,0.2707534474720642,0.0023073065923409053,0.04806289367860405,636723,3764,2175,31259,1589,33434,0.5778427205100957,0.06505353831429084,0.052509489998005414,825759,12968.889140175555
3,P0,62,0.05,1000,0.2707534474720642,0.0023073065923409053,0.04806289367860405,636723,3764,2175,31259,1589,33434,0.5778427205100957,0.06505353831429084,0.052509489998005414,1620259,25446.842661565548
3,P0,62,0.1,10,0.2707534474720642,0.01724971833262674,0.0002135205988066571,636723,3764,693,15,3071,708,0.18411264612114772,0.9788135593220338,0.0011119434981930918,30725,482.54892629919135
3,P0,62,0.1,50,0.2707534474720642,0.009723012629222757,0.00038552330340090865,636723,3764,744,104,3020,848,0.19766206163655686,0.8773584905660378,0.001331819331169127,151104,2373.1512761436293
3,P0,62,0.1,100,0.2707534474720642,0.003212454308437047,0.008884829361454787,636723,3764,1263,5449,2501,6712,0.33554729011689693,0.1881704410011919,0.010541475649536768,255549,4013.503517228057
3,P0,62,0.1,500,0.2707534474720642,0.001608830361776926,0.09078777238704167,636723,3764,2795,58413,969,61208,0.7425611052072264,0.045663965494706575,0.09612971417712254,542913,8526.674864894154
3,P0,62,0.1,1000,0.2707534474720642,0.0015747735969742934,0.09795554026642626,636723,3764,2849,62026,915,64875,0.7569075451647184,0.043915221579961465,0.10188889045943056,977026,15344.600399231691
3,P0,72,0.01,10,0.26668081272633637,0.05589968201343283,0.0002135205988066571,636723,3764,691,14,3073,705,0.18358129649309246,0.9801418439716312,0.0011072318732007482,30744,482.84732921537307
3,P0,72,0.01,50,0.26668081272633637,0.0043534420817718765,0.005646433612887154,636723,3764,1083,3141,2681,4224,0.2877258235919235,0.25639204545454547,0.006633967989219802,137191,2154.6418144153736
3,P0,72,0.01,100,0.26668081272633637,0.0033191229232958316,0.00909538439638913,636723,3764,1261,5171,2503,6432,0.33501594048884165,0.19605099502487564,0.010101723983584698,255471,4012.2784947300474
3,P0,72,0.01,500,0.26668081272633637,0.0033191229232958316,0.00909538439638913,636723,3764,1261,5171,2503,6432,0.33501594048884165,0.19605099502487564,0.010101723983584698,1256671,19736.541635844787
3,P0,72,0.01,1000,0.26668081272633637,0.0033191229232958316,0.00909538439638913,636723,3764,1261,5171,2503,6432,0.33501594048884165,0.19605099502487564,0.010101723983584698,2508171,39391.87056223821
3,P0,72,0.03,10,0.26668081272633637,0.05589968201343283,0.0002135205988066571,636723,3764,691,14,3073,705,0.18358129649309246,0.9801418439716312,0.0011072318732007482,30744,482.84732921537307
3,P0,72,0.03,50,0.26668081272633637,0.0043534420817718765,0.005646433612887154,636723,3764,1083,3141,2681,4224,0.2877258235919235,0.25639204545454547,0.006633967989219802,137191,2154.6418144153736
3,P0,72,0.03,100,0.26668081272633637,0.0033191229232958316,0.00909538439638913,636723,3764,1261,5171,2503,6432,0.33501594048884165,0.19605099502487564,0.010101723983584698,255471,4012.2784947300474
3,P0,72,0.03,500,0.26668081272633637,0.002717629240786271,0.026612970190151956,636723,3764,1697,17688,2067,19385,0.45085015940488843,0.08754191385091566,0.030444950158860288,1051188,16509.345508172315
3,P0,72,0.03,1000,0.26668081272633637,0.0027126988201479044,0.028736313922729267,636723,3764,1703,18908,2061,20611,0.4524442082890542,0.082625782349231,0.03237043423906471,2079908,32665.82171525137
3,P0,72,0.05,10,0.26668081272633637,0.05589968201343283,0.0002135205988066571,636723,3764,691,14,3073,705,0.18358129649309246,0.9801418439716312,0.0011072318732007482,30744,482.84732921537307
3,P0,72,0.05,50,0.26668081272633637,0.0043534420817718765,0.005646433612887154,636723,3764,1083,3141,2681,4224,0.2877258235919235,0.25639204545454547,0.006633967989219802,137191,2154.6418144153736
3,P0,72,0.05,100,0.26668081272633637,0.0033191229232958316,0.00909538439638913,636723,3764,1261,5171,2503,6432,0.33501594048884165,0.19605099502487564,0.010101723983584698,255471,4012.2784947300474
3,P0,72,0.05,500,0.26668081272633637,0.0023168454108798728,0.04789978766562674,636723,3764,2048,30222,1716,32270,0.5441020191285866,0.06346451812829253,0.05068137950097609,888222,13949.896579831418
3,P0,72,0.05,1000,0.26668081272633637,0.0023168454108798728,0.04789978766562674,636723,3764,2048,30222,1716,32270,0.5441020191285866,0.06346451812829253,0.05068137950097609,1746222,27425.14405793414
3,P0,72,0.1,10,0.26668081272633637,0.05589968201343283,0.0002135205988066571,636723,3764,691,14,3073,705,0.18358129649309246,0.9801418439716312,0.0011072318732007482,30744,482.84732921537307
3,P0,72,0.1,50,0.26668081272633637,0.0043534420817718765,0.005646433612887154,636723,3764,1083,3141,2681,4224,0.2877258235919235,0.25639204545454547,0.006633967989219802,137191,2154.6418144153736
3,P0,72,0.1,100,0.26668081272633637,0.0033191229232958316,0.00909538439638913,636723,3764,1261,5171,2503,6432,0.33501594048884165,0.19605099502487564,0.010101723983584698,255471,4012.2784947300474
3,P0,72,0.1,500,0.26668081272633637,0.0019793243739513224,0.09619992645401597,636723,3764,2791,62028,973,64819,0.7414984059511158,0.043058362517163176,0.10180094012624014,548528,8614.860779334185
3,P0,72,0.1,1000,0.26668081272633637,0.0019793243739513224,0.09619992645401597,636723,3764,2791,62028,973,64819,0.7414984059511158,0.043058362517163176,0.10180094012624014,1035028,16255.545975251405
3,P0,82,0.01,10,0.27797246301680073,0.0781118099102003,0.00021648616267897178,636723,3764,698,16,3066,714,0.18544102019128586,0.9775910364145658,0.001121366748177779,30676,481.7793608837752
3,P0,82,0.01,50,0.27797246301680073,0.008127602036332459,0.00038255773952859396,636723,3764,746,108,3018,854,0.19819341126461212,0.8735362997658079,0.0013412425811538142,151008,2371.6435561460794
3,P0,82,0.01,100,0.27797246301680073,0.003990894452022016,0.0060764403743727834,636723,3764,1152,3326,2612,4478,0.30605738575983,0.2572577043322912,0.007032885571904894,264526,4154.491042415619
3,P0,82,0.01,500,0.27797246301680073,0.0035140020829699773,0.008632756432308038,636723,3764,1263,5070,2501,6333,0.33554729011689693,0.19943154902889626,0.00994624035883736,1255570,19719.249972122885
3,P0,82,0.01,1000,0.27797246301680073,0.0035140020829699773,0.008632756432308038,636723,3764,1263,5070,2501,6333,0.33554729011689693,0.19943154902889626,0.00994624035883736,2506070,39358.87348187516
3,P0,82,0.03,10,0.27797246301680073,0.0781118099102003,0.00021648616267897178,636723,3764,698,16,3066,714,0.18544102019128586,0.9775910364145658,0.001121366748177779,30676,481.7793608837752
3,P0,82,0.03,50,0.27797246301680073,0.008127602036332459,0.00038255773952859396,636723,3764,746,108,3018,854,0.19819341126461212,0.8735362997658079,0.0013412425811538142,151008,2371.6435561460794
3,P0,82,0.03,100,0.27797246301680073,0.003990894452022016,0.0060764403743727834,636723,3764,1152,3326,2612,4478,0.30605738575983,0.2572577043322912,0.007032885571904894,264526,4154.491042415619
3,P0,82,0.03,500,0.27797246301680073,0.002678875932173826,0.02636979395262215,636723,3764,1775,16838,1989,18613,0.4715727948990436,0.09536345564927738,0.02923249199416387,1011338,15883.48465502267
3,P0,82,0.03,1000,0.27797246301680073,0.0026556317749289945,0.029216735270044245,636723,3764,1826,18899,1938,20725,0.4851222104144527,0.08810615199034982,0.032549475988773766,1956899,30733.91411964072
3,P0,82,0.05,10,0.27797246301680073,0.0781118099102003,0.00021648616267897178,636723,3764,698,16,3066,714,0.18544102019128586,0.9775910364145658,0.001121366748177779,30676,481.7793608837752
3,P0,82,0.05,50,0.27797246301680073,0.008127602036332459,0.00038255773952859396,636723,3764,746,108,3018,854,0.19819341126461212,0.8735362997658079,0.0013412425811538142,151008,2371.6435561460794
3,P0,82,0.05,100,0.27797246301680073,0.003990894452022016,0.0060764403743727834,636723,3764,1152,3326,2612,4478,0.30605738575983,0.2572577043322912,0.007032885571904894,264526,4154.491042415619
3,P0,82,0.05,500,0.27797246301680073,0.002517637350957226,0.038401086582602814,636723,3764,1996,24736,1768,26732,0.5302869287991498,0.0746670656890618,0.04198371976510979,908736,14272.077496807875
3,P0,82,0.05,1000,0.27797246301680073,0.0022385443946109224,0.049136427800381965,636723,3764,2187,32323,1577,34510,0.5810308182784272,0.06337293538104898,0.05419939282859265,1609323,25275.08822517798
3,P0,82,0.1,10,0.27797246301680073,0.0781118099102003,0.00021648616267897178,636723,3764,698,16,3066,714,0.18544102019128586,0.9775910364145658,0.001121366748177779,30676,481.7793608837752
3,P0,82,0.1,50,0.27797246301680073,0.008127602036332459,0.00038255773952859396,636723,3764,746,108,3018,854,0.19819341126461212,0.8735362997658079,0.0013412425811538142,151008,2371.6435561460794
3,P0,82,0.1,100,0.27797246301680073,0.003990894452022016,0.0060764403743727834,636723,3764,1152,3326,2612,4478,0.30605738575983,0.2572577043322912,0.007032885571904894,264526,4154.491042415619
3,P0,82,0.1,500,0.27797246301680073,0.001677317389815788,0.09330257055076452,636723,3764,2810,59775,954,62585,0.7465462274176408,0.0448989374450747,0.09829235004860827,536775,8430.275017550803
3,P0,82,0.1,1000,0.27797246301680073,0.001677317389815788,0.09330257055076452,636723,3764,2810,59775,954,62585,0.7465462274176408,0.0448989374450747,0.09829235004860827,1013775,15921.758755377143
3,PT,42,0.03,100,0.06935007036508618,0.0017643660802532505,0.00666955314883572,636723,3764,1755,15124,2009,16879,0.46625929861849097,0.10397535399016529,0.02650917274858926,216024,3392.746924486786
3,PT,52,0.03,100,0.08079855704648384,0.0014676473596561808,0.009391940783620597,636723,3764,1843,14666,1921,16509,0.4896386822529224,0.11163607729117452,0.025928072332866883,206766,3247.3461772230626
3,PT,62,0.03,100,0.08481414645191197,0.0014055278955975071,0.00880475913690229,636723,3764,1845,13139,1919,14984,0.4901700318809777,0.1231313400961025,0.023532996295092215,205039,3220.2229226838044
3,PT,72,0.03,100,0.09516745438147768,0.0022803346240514873,0.006364100069987308,636723,3764,1679,11061,2085,12740,0.44606801275239105,0.13178963893249607,0.020008700800819193,219561,3448.2969831465175
3,PT,82,0.03,100,0.08946670644109075,0.001470836497511827,0.0070254208135134815,636723,3764,1798,12992,1966,14790,0.47768331562167904,0.12156862745098039,0.023228311212253994,209592,3291.7296846509394
3,PH,42,0.03,100,0.2576154581675889,0.0025811918094734957,0.011106036701818483,636723,3764,2689,12991,1075,15680,0.7143995749202976,0.17149234693877552,0.024626093293315932,120491,1892.3613565082462
3,PH,52,0.03,100,0.3794987852523022,0.0023284325421753026,0.011791081956323175,636723,3764,2646,7100,1118,9746,0.7029755579171094,0.27149599835830085,0.015306499058460273,118900,1867.3740386321838
3,PH,62,0.03,100,0.40176044407379896,0.0029919214301125678,0.0112305903844557,636723,3764,2662,7086,1102,9748,0.7072263549415515,0.27308165777595406,0.015309640141788502,117286,1842.0254961733751
3,PH,72,0.03,100,0.3491508121867916,0.0019650173958693155,0.011808875339557063,636723,3764,2594,7576,1170,10170,0.6891604675876727,0.2550639134709931,0.015972408724044835,124576,1956.517983487325
3,PH,82,0.03,100,0.36059813419901815,0.0020207489120446787,0.012410884805636943,636723,3764,2620,7519,1144,10139,0.696068012752391,0.2584081270342243,0.015923721932457287,121919,1914.7886914718017
3,PTH,42,0.03,100,0.2774874572738156,0.0015770387773085817,0.011061553243733764,636723,3764,2902,12917,862,15819,0.7709883103081828,0.18345028130728872,0.024844398584627853,99117,1556.673781220405
3,PTH,52,0.03,100,0.11294916928096964,0.0012554780589413396,0.012823098183888685,636723,3764,2604,16123,1160,18727,0.691817215727949,0.1390505686976024,0.029411533743872925,132123,2075.046762878049
3,PTH,62,0.03,100,0.10689067295992037,0.0006731400600225194,0.019326579755874783,636723,3764,2935,22042,829,24977,0.7797555791710946,0.11750810745886216,0.03922741914458878,104942,1648.1578331550768
3,PTH,72,0.03,100,0.10135083276799205,0.0025451545939429686,0.007565153438274754,636723,3764,2290,13029,1474,15319,0.6083953241232731,0.14948756446243228,0.024059127752570585,160429,2519.6042863223097
3,PTH,82,0.03,100,0.1487291810395653,0.002390951109206558,0.013692008398476887,636723,3764,2873,18037,891,20910,0.7632837407013815,0.13739837398373983,0.03284002619663496,107137,1682.631222682391
3,PTHW,42,0.01,10,0.22699252163896075,0.015618001137420819,0.0008896691616944046,636723,3764,1760,6163,2004,7923,0.4675876726886291,0.22213807901047583,0.012443401604779473,26203,411.529032247932
3,PTHW,42,0.01,50,0.22699252163896075,0.006692855064886153,0.006791141267600622,636723,3764,2632,10922,1132,13554,0.6992561105207227,0.19418621809060055,0.021287121715408426,67522,1060.4611424434172
3,PTHW,42,0.01,100,0.22699252163896075,0.003664412009294246,0.008846277031114696,636723,3764,2891,12621,873,15512,0.7680658873538788,0.18637184115523467,0.02436224229374469,99921,1569.3009361998859
3,PTHW,42,0.01,500,0.22699252163896075,0.0033356122546763073,0.009795257470255394,636723,3764,2933,12985,831,15918,0.7792242295430393,0.18425681618293754,0.024999882209375192,428485,6729.535449481172
3,PTHW,42,0.01,1000,0.22699252163896075,0.0033356122546763073,0.009795257470255394,636723,3764,2933,12985,831,15918,0.7792242295430393,0.18425681618293754,0.024999882209375192,843985,13255.136063877071
3,PTHW,42,0.03,10,0.22699252163896075,0.015618001137420819,0.0008896691616944046,636723,3764,1760,6163,2004,7923,0.4675876726886291,0.22213807901047583,0.012443401604779473,26203,411.529032247932
3,PTHW,42,0.03,50,0.22699252163896075,0.006692855064886153,0.006791141267600622,636723,3764,2632,10922,1132,13554,0.6992561105207227,0.19418621809060055,0.021287121715408426,67522,1060.4611424434172
3,PTHW,42,0.03,100,0.22699252163896075,0.003664412009294246,0.008846277031114696,636723,3764,2891,12621,873,15512,0.7680658873538788,0.18637184115523467,0.02436224229374469,99921,1569.3009361998859
3,PTHW,42,0.03,500,0.22699252163896075,0.0014271030692950626,0.014228775459365843,636723,3764,3074,16137,690,19211,0.8166843783209352,0.16001249284264224,0.03017167590930436,361137,5671.807049533313
3,PTHW,42,0.03,1000,0.22699252163896075,0.0013347840961315833,0.01732482414206237,636723,3764,3096,17840,668,20936,0.822529224229543,0.14787925105082156,0.03288086027990193,685840,10771.402949163137
3,PTHW,42,0.05,10,0.22699252163896075,0.015618001137420819,0.0008896691616944046,636723,3764,1760,6163,2004,7923,0.4675876726886291,0.22213807901047583,0.012443401604779473,26203,411.529032247932
3,PTHW,42,0.05,50,0.22699252163896075,0.006692855064886153,0.006791141267600622,636723,3764,2632,10922,1132,13554,0.6992561105207227,0.19418621809060055,0.021287121715408426,67522,1060.4611424434172
3,PTHW,42,0.05,100,0.22699252163896075,0.003664412009294246,0.008846277031114696,636723,3764,2891,12621,873,15512,0.7680658873538788,0.18637184115523467,0.02436224229374469,99921,1569.3009361998859
3,PTHW,42,0.05,500,0.22699252163896075,0.0014271030692950626,0.014228775459365843,636723,3764,3074,16137,690,19211,0.8166843783209352,0.16001249284264224,0.03017167590930436,361137,5671.807049533313
3,PTHW,42,0.05,1000,0.22699252163896075,0.0013347840961315833,0.01732482414206237,636723,3764,3096,17840,668,20936,0.822529224229543,0.14787925105082156,0.03288086027990193,685840,10771.402949163137
3,PTHW,42,0.1,10,0.22699252163896075,0.015618001137420819,0.0008896691616944046,636723,3764,1760,6163,2004,7923,0.4675876726886291,0.22213807901047583,0.012443401604779473,26203,411.529032247932
3,PTHW,42,0.1,50,0.22699252163896075,0.006692855064886153,0.006791141267600622,636723,3764,2632,10922,1132,13554,0.6992561105207227,0.19418621809060055,0.021287121715408426,67522,1060.4611424434172
3,PTHW,42,0.1,100,0.22699252163896075,0.003664412009294246,0.008846277031114696,636723,3764,2891,12621,873,15512,0.7680658873538788,0.18637184115523467,0.02436224229374469,99921,1569.3009361998859
3,PTHW,42,0.1,500,0.22699252163896075,0.0014271030692950626,0.014228775459365843,636723,3764,3074,16137,690,19211,0.8166843783209352,0.16001249284264224,0.03017167590930436,361137,5671.807049533313
3,PTHW,42,0.1,1000,0.22699252163896075,0.0013347840961315833,0.01732482414206237,636723,3764,3096,17840,668,20936,0.822529224229543,0.14787925105082156,0.03288086027990193,685840,10771.402949163137
3,PTHW,52,0.01,10,0.1166362607381906,0.009072584967021366,0.0005367670608889575,636723,3764,1566,7889,2198,9455,0.4160467587672689,0.16562665256478054,0.014849471434202942,29869,469.1050896543709
3,PTHW,52,0.01,50,0.1166362607381906,0.003958231497597574,0.0033540527395879054,636723,3764,2113,13682,1651,15795,0.5613708820403825,0.13377651155428932,0.024806705584689104,96232,1511.3636542107008
3,PTHW,52,0.01,100,0.1166362607381906,0.003958231497597574,0.0033540527395879054,636723,3764,2113,13682,1651,15795,0.5613708820403825,0.13377651155428932,0.024806705584689104,178782,2807.8457979372506
3,PTHW,52,0.01,500,0.1166362607381906,0.0025238130184456744,0.009294077175834213,636723,3764,2608,44879,1156,47487,0.6928799149840595,0.05492029397519321,0.07458031200380699,622879,9782.574212019983
3,PTHW,52,0.01,1000,0.1166362607381906,0.0025238130184456744,0.009294077175834213,636723,3764,2608,44879,1156,47487,0.6928799149840595,0.05492029397519321,0.07458031200380699,1200879,18860.305030602005
3,PTHW,52,0.03,10,0.1166362607381906,0.009072584967021366,0.0005367670608889575,636723,3764,1566,7889,2198,9455,0.4160467587672689,0.16562665256478054,0.014849471434202942,29869,469.1050896543709
3,PTHW,52,0.03,50,0.1166362607381906,0.003958231497597574,0.0033540527395879054,636723,3764,2113,13682,1651,15795,0.5613708820403825,0.13377651155428932,0.024806705584689104,96232,1511.3636542107008
3,PTHW,52,0.03,100,0.1166362607381906,0.001360342405300515,0.012087638343554644,636723,3764,2897,46350,867,49247,0.7696599362380446,0.05882591833005056,0.07734446533264858,133050,2089.6056841043905
3,PTHW,52,0.03,500,0.1166362607381906,0.000969703291059814,0.0147655425202548,636723,3764,2937,47528,827,50465,0.7802869287991498,0.05819875161002675,0.07925738507954008,461028,7240.6368232339655
3,PTHW,52,0.03,1000,0.1166362607381906,0.000969703291059814,0.0147655425202548,636723,3764,2937,47528,827,50465,0.7802869287991498,0.05819875161002675,0.07925738507954008,874528,13734.826604347574
3,PTHW,52,0.05,10,0.1166362607381906,0.009072584967021366,0.0005367670608889575,636723,3764,1566,7889,2198,9455,0.4160467587672689,0.16562665256478054,0.014849471434202942,29869,469.1050896543709
3,PTHW,52,0.05,50,0.1166362607381906,0.003958231497597574,0.0033540527395879054,636723,3764,2113,13682,1651,15795,0.5613708820403825,0.13377651155428932,0.024806705584689104,96232,1511.3636542107008
3,PTHW,52,0.05,100,0.1166362607381906,0.001360342405300515,0.012087638343554644,636723,3764,2897,46350,867,49247,0.7696599362380446,0.05882591833005056,0.07734446533264858,133050,2089.6056841043905
3,PTHW,52,0.05,500,0.1166362607381906,0.000969703291059814,0.0147655425202548,636723,3764,2937,47528,827,50465,0.7802869287991498,0.05819875161002675,0.07925738507954008,461028,7240.6368232339655
3,PTHW,52,0.05,1000,0.1166362607381906,0.000969703291059814,0.0147655425202548,636723,3764,2937,47528,827,50465,0.7802869287991498,0.05819875161002675,0.07925738507954008,874528,13734.826604347574
3,PTHW,52,0.1,10,0.1166362607381906,0.009072584967021366,0.0005367670608889575,636723,3764,1566,7889,2198,9455,0.4160467587672689,0.16562665256478054,0.014849471434202942,29869,469.1050896543709
3,PTHW,52,0.1,50,0.1166362607381906,0.003958231497597574,0.0033540527395879054,636723,3764,2113,13682,1651,15795,0.5613708820403825,0.13377651155428932,0.024806705584689104,96232,1511.3636542107008
3,PTHW,52,0.1,100,0.1166362607381906,0.001360342405300515,0.012087638343554644,636723,3764,2897,46350,867,49247,0.7696599362380446,0.05882591833005056,0.07734446533264858,133050,2089.6056841043905
3,PTHW,52,0.1,500,0.1166362607381906,0.000969703291059814,0.0147655425202548,636723,3764,2937,47528,827,50465,0.7802869287991498,0.05819875161002675,0.07925738507954008,461028,7240.6368232339655
3,PTHW,52,0.1,1000,0.1166362607381906,0.000969703291059814,0.0147655425202548,636723,3764,2937,47528,827,50465,0.7802869287991498,0.05819875161002675,0.07925738507954008,874528,13734.826604347574
3,PTHW,62,0.01,10,0.21678389840101217,0.00703851510654103,0.0014323673503279914,636723,3764,1222,1781,2542,3003,0.3246546227417641,0.4069264069264069,0.004716336617335953,27201,427.20303805579505
3,PTHW,62,0.01,50,0.21678389840101217,0.0019901072018594884,0.005658295868376413,636723,3764,1916,8021,1848,9937,0.5090329436769394,0.1928147328167455,0.015606472516306149,100421,1577.1536445204586
3,PTHW,62,0.01,100,0.21678389840101217,0.0019136579222234092,0.00847558154707536,636723,3764,2100,10117,1664,12217,0.5579171094580234,0.17189162642219857,0.019187307510487292,176517,2772.2730292450565
3,PTHW,62,0.01,500,0.21678389840101217,0.0017508706936240086,0.009916845589020297,636723,3764,2181,10630,1583,12811,0.5794367693942615,0.1702443212863945,0.020120209258971327,802130,12597.785850361932
3,PTHW,62,0.01,1000,0.21678389840101217,0.0017508706936240086,0.009916845589020297,636723,3764,2181,10630,1583,12811,0.5794367693942615,0.1702443212863945,0.020120209258971327,1593630,25028.62312182849
3,PTHW,62,0.03,10,0.21678389840101217,0.00703851510654103,0.0014323673503279914,636723,3764,1222,1781,2542,3003,0.3246546227417641,0.4069264069264069,0.004716336617335953,27201,427.20303805579505
3,PTHW,62,0.03,50,0.21678389840101217,0.0019901072018594884,0.005658295868376413,636723,3764,1916,8021,1848,9937,0.5090329436769394,0.1928147328167455,0.015606472516306149,100421,1577.1536445204586
3,PTHW,62,0.03,100,0.21678389840101217,0.0010587084068616715,0.011340316247731344,636723,3764,2315,13000,1449,15315,0.6150371944739639,0.15115899444988573,0.024052845585914126,157900,2479.8852876368533
3,PTHW,62,0.03,500,0.21678389840101217,0.0009212460717543634,0.014202085384515012,636723,3764,2385,15209,1379,17594,0.6336344314558979,0.13555757644651587,0.027632110038431155,704709,11067.74845576491
3,PTHW,62,0.03,1000,0.21678389840101217,0.0008157447551221818,0.02602578854343365,636723,3764,2462,24601,1302,27063,0.6540913921360255,0.09097291505006835,0.0425035690559317,1326601,20834.821421560082
3,PTHW,62,0.05,10,0.21678389840101217,0.00703851510654103,0.0014323673503279914,636723,3764,1222,1781,2542,3003,0.3246546227417641,0.4069264069264069,0.004716336617335953,27201,427.20303805579505
3,PTHW,62,0.05,50,0.21678389840101217,0.0019901072018594884,0.005658295868376413,636723,3764,1916,8021,1848,9937,0.5090329436769394,0.1928147328167455,0.015606472516306149,100421,1577.1536445204586
3,PTHW,62,0.05,100,0.21678389840101217,0.0010587084068616715,0.011340316247731344,636723,3764,2315,13000,1449,15315,0.6150371944739639,0.15115899444988573,0.024052845585914126,157900,2479.8852876368533
3,PTHW,62,0.05,500,0.21678389840101217,0.0009212460717543634,0.014202085384515012,636723,3764,2385,15209,1379,17594,0.6336344314558979,0.13555757644651587,0.027632110038431155,704709,11067.74845576491
3,PTHW,62,0.05,1000,0.21678389840101217,0.0008157447551221818,0.02602578854343365,636723,3764,2462,24601,1302,27063,0.6540913921360255,0.09097291505006835,0.0425035690559317,1326601,20834.821421560082
3,PTHW,62,0.1,10,0.21678389840101217,0.00703851510654103,0.0014323673503279914,636723,3764,1222,1781,2542,3003,0.3246546227417641,0.4069264069264069,0.004716336617335953,27201,427.20303805579505
3,PTHW,62,0.1,50,0.21678389840101217,0.0019901072018594884,0.005658295868376413,636723,3764,1916,8021,1848,9937,0.5090329436769394,0.1928147328167455,0.015606472516306149,100421,1577.1536445204586
3,PTHW,62,0.1,100,0.21678389840101217,0.0010587084068616715,0.011340316247731344,636723,3764,2315,13000,1449,15315,0.6150371944739639,0.15115899444988573,0.024052845585914126,157900,2479.8852876368533
3,PTHW,62,0.1,500,0.21678389840101217,0.0009212460717543634,0.014202085384515012,636723,3764,2385,15209,1379,17594,0.6336344314558979,0.13555757644651587,0.027632110038431155,704709,11067.74845576491
3,PTHW,62,0.1,1000,0.21678389840101217,0.0008157447551221818,0.02602578854343365,636723,3764,2462,24601,1302,27063,0.6540913921360255,0.09097291505006835,0.0425035690559317,1326601,20834.821421560082
3,PTHW,72,0.01,10,0.24629101328876737,0.08656515497782423,0.0004952491666765519,636723,3764,1496,2323,2268,3819,0.39744952178533477,0.3917255826132495,0.005997898615253415,25003,392.6825322785576
3,PTHW,72,0.01,50,0.24629101328876737,0.0148835981685401,0.0033599838673325348,636723,3764,2257,6817,1507,9074,0.5996280552603613,0.24873264271545073,0.014251095060175304,82167,1290.4669691529912
3,PTHW,72,0.01,100,0.24629101328876737,0.005871307538408405,0.009655875968256605,636723,3764,2836,11341,928,14177,0.7534537725823592,0.20004232207096,0.022265569172151785,104141,1635.5777944255194
3,PTHW,72,0.01,500,0.24629101328876737,0.005871307538408405,0.009655875968256605,636723,3764,2836,11341,928,14177,0.7534537725823592,0.20004232207096,0.022265569172151785,475341,7465.428451618679
3,PTHW,72,0.01,1000,0.24629101328876737,0.005871307538408405,0.009655875968256605,636723,3764,2836,11341,928,14177,0.7534537725823592,0.20004232207096,0.022265569172151785,939341,14752.741773110129
3,PTHW,72,0.03,10,0.24629101328876737,0.08656515497782423,0.0004952491666765519,636723,3764,1496,2323,2268,3819,0.39744952178533477,0.3917255826132495,0.005997898615253415,25003,392.6825322785576
3,PTHW,72,0.03,50,0.24629101328876737,0.0148835981685401,0.0033599838673325348,636723,3764,2257,6817,1507,9074,0.5996280552603613,0.24873264271545073,0.014251095060175304,82167,1290.4669691529912
3,PTHW,72,0.03,100,0.24629101328876737,0.005558364879558623,0.010091813857486863,636723,3764,2876,11664,888,14540,0.7640807651434643,0.19779917469050895,0.02283567579622536,100464,1577.8289774360278
3,PTHW,72,0.03,500,0.24629101328876737,0.002548734904870927,0.01615046084862576,636723,3764,3060,16216,704,19276,0.8129649309245484,0.15874662793110603,0.030273761117471806,368216,5782.9856939359815
3,PTHW,72,0.03,1000,0.24629101328876737,0.002548734904870927,0.01615046084862576,636723,3764,3060,16216,704,19276,0.8129649309245484,0.15874662793110603,0.030273761117471806,720216,11311.29235161915
3,PTHW,72,0.05,10,0.24629101328876737,0.08656515497782423,0.0004952491666765519,636723,3764,1496,2323,2268,3819,0.39744952178533477,0.3917255826132495,0.005997898615253415,25003,392.6825322785576
3,PTHW,72,0.05,50,0.24629101328876737,0.0148835981685401,0.0033599838673325348,636723,3764,2257,6817,1507,9074,0.5996280552603613,0.24873264271545073,0.014251095060175304,82167,1290.4669691529912
3,PTHW,72,0.05,100,0.24629101328876737,0.005558364879558623,0.010091813857486863,636723,3764,2876,11664,888,14540,0.7640807651434643,0.19779917469050895,0.02283567579622536,100464,1577.8289774360278
3,PTHW,72,0.05,500,0.24629101328876737,0.002548734904870927,0.01615046084862576,636723,3764,3060,16216,704,19276,0.8129649309245484,0.15874662793110603,0.030273761117471806,368216,5782.9856939359815
3,PTHW,72,0.05,1000,0.24629101328876737,0.002548734904870927,0.01615046084862576,636723,3764,3060,16216,704,19276,0.8129649309245484,0.15874662793110603,0.030273761117471806,720216,11311.29235161915
3,PTHW,72,0.1,10,0.24629101328876737,0.08656515497782423,0.0004952491666765519,636723,3764,1496,2323,2268,3819,0.39744952178533477,0.3917255826132495,0.005997898615253415,25003,392.6825322785576
3,PTHW,72,0.1,50,0.24629101328876737,0.0148835981685401,0.0033599838673325348,636723,3764,2257,6817,1507,9074,0.5996280552603613,0.24873264271545073,0.014251095060175304,82167,1290.4669691529912
3,PTHW,72,0.1,100,0.24629101328876737,0.005558364879558623,0.010091813857486863,636723,3764,2876,11664,888,14540,0.7640807651434643,0.19779917469050895,0.02283567579622536,100464,1577.8289774360278
3,PTHW,72,0.1,500,0.24629101328876737,0.002548734904870927,0.01615046084862576,636723,3764,3060,16216,704,19276,0.8129649309245484,0.15874662793110603,0.030273761117471806,368216,5782.9856939359815
3,PTHW,72,0.1,1000,0.24629101328876737,0.002548734904870927,0.01615046084862576,636723,3764,3060,16216,704,19276,0.8129649309245484,0.15874662793110603,0.030273761117471806,720216,11311.29235161915
3,PTHW,82,0.01,10,0.1417704220323988,0.036232624937759986,0.000521939241527384,636723,3764,1465,5900,2299,7365,0.3892136025504782,0.19891378139850646,0.011567039356203561,28890,453.7294867626896
3,PTHW,82,0.01,50,0.1417704220323988,0.004310137588743427,0.005225323543018469,636723,3764,2200,11507,1564,13707,0.5844845908607864,0.16050193331874224,0.021527414590017953,89707,1408.8858106272273
3,PTHW,82,0.01,100,0.1417704220323988,0.003848065616595173,0.009700359426341324,636723,3764,2651,15217,1113,17868,0.7043039319872476,0.14836579359749272,0.028062438454398538,126517,1987.0021971877882
3,PTHW,82,0.01,500,0.1417704220323988,0.003848065616595173,0.009700359426341324,636723,3764,2651,15217,1113,17868,0.7043039319872476,0.14836579359749272,0.028062438454398538,571717,8979.053685825704
3,PTHW,82,0.01,1000,0.1417704220323988,0.003848065616595173,0.009700359426341324,636723,3764,2651,15217,1113,17868,0.7043039319872476,0.14836579359749272,0.028062438454398538,1128217,17719.118046623098
3,PTHW,82,0.03,10,0.1417704220323988,0.036232624937759986,0.000521939241527384,636723,3764,1465,5900,2299,7365,0.3892136025504782,0.19891378139850646,0.011567039356203561,28890,453.7294867626896
3,PTHW,82,0.03,50,0.1417704220323988,0.004310137588743427,0.005225323543018469,636723,3764,2200,11507,1564,13707,0.5844845908607864,0.16050193331874224,0.021527414590017953,89707,1408.8858106272273
3,PTHW,82,0.03,100,0.1417704220323988,0.0038275672622750767,0.01043878483054768,636723,3764,2727,15406,1037,18133,0.7244952178533475,0.15038879391165277,0.02847863199538889,119106,1870.6093544602597
3,PTHW,82,0.03,500,0.1417704220323988,0.0013502768695725872,0.01689185181670443,636723,3764,2976,19711,788,22687,0.7906482465462275,0.1311764446599374,0.03563087873376649,413711,6497.50362402489
3,PTHW,82,0.03,1000,0.1417704220323988,0.0011217524850194822,0.021310541986453303,636723,3764,3014,21946,750,24960,0.8007438894792773,0.12075320512820513,0.03920071993629883,771946,12123.7335544656
3,PTHW,82,0.05,10,0.1417704220323988,0.036232624937759986,0.000521939241527384,636723,3764,1465,5900,2299,7365,0.3892136025504782,0.19891378139850646,0.011567039356203561,28890,453.7294867626896
3,PTHW,82,0.05,50,0.1417704220323988,0.004310137588743427,0.005225323543018469,636723,3764,2200,11507,1564,13707,0.5844845908607864,0.16050193331874224,0.021527414590017953,89707,1408.8858106272273
3,PTHW,82,0.05,100,0.1417704220323988,0.0038275672622750767,0.01043878483054768,636723,3764,2727,15406,1037,18133,0.7244952178533475,0.15038879391165277,0.02847863199538889,119106,1870.6093544602597
3,PTHW,82,0.05,500,0.1417704220323988,0.0013502768695725872,0.01689185181670443,636723,3764,2976,19711,788,22687,0.7906482465462275,0.1311764446599374,0.03563087873376649,413711,6497.50362402489
3,PTHW,82,0.05,1000,0.1417704220323988,0.0011217524850194822,0.021310541986453303,636723,3764,3014,21946,750,24960,0.8007438894792773,0.12075320512820513,0.03920071993629883,771946,12123.7335544656
3,PTHW,82,0.1,10,0.1417704220323988,0.036232624937759986,0.000521939241527384,636723,3764,1465,5900,2299,7365,0.3892136025504782,0.19891378139850646,0.011567039356203561,28890,453.7294867626896
3,PTHW,82,0.1,50,0.1417704220323988,0.004310137588743427,0.005225323543018469,636723,3764,2200,11507,1564,13707,0.5844845908607864,0.16050193331874224,0.021527414590017953,89707,1408.8858106272273
3,PTHW,82,0.1,100,0.1417704220323988,0.0038275672622750767,0.01043878483054768,636723,3764,2727,15406,1037,18133,0.7244952178533475,0.15038879391165277,0.02847863199538889,119106,1870.6093544602597
3,PTHW,82,0.1,500,0.1417704220323988,0.0013502768695725872,0.01689185181670443,636723,3764,2976,19711,788,22687,0.7906482465462275,0.1311764446599374,0.03563087873376649,413711,6497.50362402489
3,PTHW,82,0.1,1000,0.1417704220323988,0.0011217524850194822,0.021310541986453303,636723,3764,3014,21946,750,24960,0.8007438894792773,0.12075320512820513,0.03920071993629883,771946,12123.7335544656
3,PTHW5,42,0.03,100,0.19728395549926836,0.002708772576132294,0.0075918435131255855,636723,3764,2790,12028,974,14818,0.7412327311370882,0.18828451882845187,0.0232722863788492,109428,1718.612332207255
3,PTHW5,52,0.03,100,0.20276135462417694,0.0026570126133541277,0.008368821247672032,636723,3764,2518,10845,1246,13363,0.6689691817215728,0.18843074159994014,0.020987148257562552,135445,2127.220156959934
3,PTHW5,62,0.03,100,0.14110186736796165,0.0013806898746819962,0.014380019216853893,636723,3764,2797,18063,967,20860,0.7430924548352816,0.13408437200383508,0.03276149911342923,114763,1802.4007299877655
3,PTHW5,72,0.03,100,0.09037351764354659,0.0016018540830275198,0.012657026607039063,636723,3764,2383,16071,1381,18454,0.6331030818278427,0.12913189552400564,0.028982775869569655,154171,2421.319788982022
3,PTHW5,82,0.03,100,0.1481422910067078,0.0023250035142695635,0.007022455249641167,636723,3764,2553,13694,1211,16247,0.6782678002125399,0.15713670216039885,0.025516590416868875,134794,2116.995930726548
